Warnings for generators.yml:
	Using "api.path" is deprecated. Please use "api.specs[].openapi" or "api.specs[].asyncapi" instead.
[api]: Writing preview to <tmp>/preview
[api]: python-sdk Started.
[api]: python-sdk fernapi/fern-python-sdk Started.
[api]: python-sdk ✓ All checks passed
[api]: python-sdk fernapi/fern-python-sdk Executing generator fernapi/fern-python-sdk using container image: fernapi/fern-python-sdk:5.20.0
[api]: python-sdk fernapi/fern-python-sdk Generator logs here: <tmp>
[api]: python-sdk fernapi/fern-python-sdk Container execution failed: Container exited with code 1.
                                          Failed to format Cannot parse: 4:14
                                              client.novels.(id='test-123', )
                                                           ^
                                          ParseError: bad input
                                          Failed to format Cannot parse: 4:14
                                              client.novels.(id='test-123', )
                                                           ^
                                          ParseError: bad input
                                          Failed to format Cannot parse: 4:14
                                              client.novels.(id='test-123', )
                                                           ^
                                          ParseError: bad input
                                          Failed to format Cannot parse: 7:24
                                                  await client.novels.(id='test-123', )
                                                                     ^
                                          ParseError: bad input
                                          Failed to format Cannot parse: 7:24
                                                  await client.novels.(id='test-123', )
                                                                     ^
                                          ParseError: bad input
                                          Failed to format Cannot parse: 7:24
                                                  await client.novels.(id='test-123', )
                                                                     ^
                                          ParseError: bad input
                                          Failed to format Cannot parse: 4:14
                                              client.novels.(id='test-123', )
                                                           ^
                                          ParseError: bad input
                                          Failed to format Cannot parse: 4:14
                                              client.novels.(id='test-123', )
                                                           ^
                                          ParseError: bad input
                                          Failed to format Cannot parse: 4:14
                                              client.novels.(id='test-123', )
                                                           ^
                                          ParseError: bad input
                                          Failed to format Cannot parse: 7:24
                                                  await client.novels.(id='test-123', )
                                                                     ^
                                          ParseError: bad input
                                          Failed to format Cannot parse: 7:24
                                                  await client.novels.(id='test-123', )
                                                                     ^
                                          ParseError: bad input
                                          Failed to format Cannot parse: 7:24
                                                  await client.novels.(id='test-123', )
                                                                     ^
                                          ParseError: bad input
                                          Failed to format Cannot parse: 4:13
                                              client.bible.(id='id', )
                                                          ^
                                          ParseError: bad input
                                          Failed to format Cannot parse: 4:13
                                              client.bible.(id='id', )
                                                          ^
                                          ParseError: bad input
                                          Failed to format Cannot parse: 4:13
                                              client.bible.(id='id', character_name='characterName', )
                                                          ^
                                          ParseError: bad input
                                          Failed to format Cannot parse: 4:13
                                              client.bible.(id='id', scene_id='sceneId', )
                                                          ^
                                          ParseError: bad input
                                          Failed to format Cannot parse: 6:13
                                              client.bible.(id='id', filename='filename', content_type='contentType', scope=BibleUploadRequestScope.CHARACTER, target='target', )
                                                          ^
                                          ParseError: bad input
                                          Failed to format Cannot parse: 7:23
                                                  await client.bible.(id='id', )
                                                                    ^
                                          ParseError: bad input
                                          Failed to format Cannot parse: 7:23
                                                  await client.bible.(id='id', )
                                                                    ^
                                          ParseError: bad input
                                          Failed to format Cannot parse: 7:23
                                                  await client.bible.(id='id', character_name='characterName', )
                                                                    ^
                                          ParseError: bad input
                                          Failed to format Cannot parse: 7:23
                                                  await client.bible.(id='id', scene_id='sceneId', )
                                                                    ^
                                          ParseError: bad input
                                          Failed to format Cannot parse: 9:23
                                                  await client.bible.(id='id', filename='filename', content_type='contentType', scope=BibleUploadRequestScope.CHARACTER, target='target', )
                                                                    ^
                                          ParseError: bad input
                                          Failed to format Cannot parse: 4:13
                                              client.bible.(id='id', )
                                                          ^
                                          ParseError: bad input
                                          Failed to format Cannot parse: 4:13
                                              client.bible.(id='id', )
                                                          ^
                                          ParseError: bad input
                                          Failed to format Cannot parse: 4:13
                                              client.bible.(id='id', character_name='characterName', )
                                                          ^
                                          ParseError: bad input
                                          Failed to format Cannot parse: 4:13
                                              client.bible.(id='id', scene_id='sceneId', )
                                                          ^
                                          ParseError: bad input
                                          Failed to format Cannot parse: 6:13
                                              client.bible.(id='id', filename='filename', content_type='contentType', scope=BibleUploadRequestScope.CHARACTER, target='target', )
                                                          ^
                                          ParseError: bad input
                                          Failed to format Cannot parse: 7:23
                                                  await client.bible.(id='id', )
                                                                    ^
                                          ParseError: bad input
                                          Failed to format Cannot parse: 7:23
                                                  await client.bible.(id='id', )
                                                                    ^
                                          ParseError: bad input
                                          Failed to format Cannot parse: 7:23
                                                  await client.bible.(id='id', character_name='characterName', )
                                                                    ^
                                          ParseError: bad input
                                          Failed to format Cannot parse: 7:23
                                                  await client.bible.(id='id', scene_id='sceneId', )
                                                                    ^
                                          ParseError: bad input
                                          Failed to format Cannot parse: 9:23
                                                  await client.bible.(id='id', filename='filename', content_type='contentType', scope=BibleUploadRequestScope.CHARACTER, target='target', )
                                                                    ^
                                          ParseError: bad input
                                          Failed to format Cannot parse: 4:18
                                              client.characters.(char_id='test-char-123', )
                                                               ^
                                          ParseError: bad input
                                          Failed to format Cannot parse: 4:18
                                              client.characters.(char_id='test-char-123', )
                                                               ^
                                          ParseError: bad input
                                          Failed to format Cannot parse: 4:18
                                              client.characters.(char_id='test-char-123', )
                                                               ^
                                          ParseError: bad input
                                          Failed to format Cannot parse: 4:18
                                              client.characters.(char_id='test-char-123', name='战斗模式', description='艾莉娅穿着银白色铠甲，手持魔法剑', )
                                                               ^
                                          ParseError: bad input
                                          Failed to format Cannot parse: 4:18
                                              client.characters.(char_id='test-char-123', config_id='test-config-123', )
                                                               ^
                                          ParseError: bad input
                                          Failed to format Cannot parse: 4:18
                                              client.characters.(char_id='test-char-123', config_id='test-config-123', )
                                                               ^
                                          ParseError: bad input
                                          Failed to format Cannot parse: 4:18
                                              client.characters.(char_id='test-char-123', config_id='test-config-123', )
                                                               ^
                                          ParseError: bad input
                                          Failed to format Cannot parse: 4:18
                                              client.characters.(char_id='test-char-123', config_id='test-config-123', )
                                                               ^
                                          ParseError: bad input
                                          Failed to format Cannot parse: 4:18
                                              client.characters.(char_id='test-char-123', config_id='test-config-123', )
                                                               ^
                                          ParseError: bad input
                                          Failed to format Cannot parse: 7:28
                                                  await client.characters.(char_id='test-char-123', )
                                                                         ^
                                          ParseError: bad input
                                          Failed to format Cannot parse: 7:28
                                                  await client.characters.(char_id='test-char-123', )
                                                                         ^
                                          ParseError: bad input
                                          Failed to format Cannot parse: 7:28
                                                  await client.characters.(char_id='test-char-123', )
                                                                         ^
                                          ParseError: bad input
                                          Failed to format Cannot parse: 7:28
                                                  await client.characters.(char_id='test-char-123', name='战斗模式', description='艾莉娅穿着银白色铠甲，手持魔法剑', )
                                                                         ^
                                          ParseError: bad input
                                          Failed to format Cannot parse: 7:28
                                                  await client.characters.(char_id='test-char-123', config_id='test-config-123', )
                                                                         ^
                                          ParseError: bad input
                                          Failed to format Cannot parse: 7:28
                                                  await client.characters.(char_id='test-char-123', config_id='test-config-123', )
                                                                         ^
                                          ParseError: bad input
                                          Failed to format Cannot parse: 7:28
                                                  await client.characters.(char_id='test-char-123', config_id='test-config-123', )
                                                                         ^
                                          ParseError: bad input
                                          Failed to format Cannot parse: 7:28
                                                  await client.characters.(char_id='test-char-123', config_id='test-config-123', )
                                                                         ^
                                          ParseError: bad input
                                          Failed to format Cannot parse: 7:28
                                                  await client.characters.(char_id='test-char-123', config_id='test-config-123', )
                                                                         ^
                                          ParseError: bad input
                                          Failed to format Cannot parse: 4:18
                                              client.characters.(char_id='test-char-123', )
                                                               ^
                                          ParseError: bad input
                                          Failed to format Cannot parse: 4:18
                                              client.characters.(char_id='test-char-123', )
                                                               ^
                                          ParseError: bad input
                                          Failed to format Cannot parse: 4:18
                                              client.characters.(char_id='test-char-123', )
                                                               ^
                                          ParseError: bad input
                                          Failed to format Cannot parse: 4:18
                                              client.characters.(char_id='test-char-123', name='战斗模式', description='艾莉娅穿着银白色铠甲，手持魔法剑', )
                                                               ^
                                          ParseError: bad input
                                          Failed to format Cannot parse: 4:18
                                              client.characters.(char_id='test-char-123', config_id='test-config-123', )
                                                               ^
                                          ParseError: bad input
                                          Failed to format Cannot parse: 4:18
                                              client.characters.(char_id='test-char-123', config_id='test-config-123', )
                                                               ^
                                          ParseError: bad input
                                          Failed to format Cannot parse: 4:18
                                              client.characters.(char_id='test-char-123', config_id='test-config-123', )
                                                               ^
                                          ParseError: bad input
                                          Failed to format Cannot parse: 4:18
                                              client.characters.(char_id='test-char-123', config_id='test-config-123', )
                                                               ^
                                          ParseError: bad input
                                          Failed to format Cannot parse: 4:18
                                              client.characters.(char_id='test-char-123', config_id='test-config-123', )
                                                               ^
                                          ParseError: bad input
                                          Failed to format Cannot parse: 7:28
                                                  await client.characters.(char_id='test-char-123', )
                                                                         ^
                                          ParseError: bad input
                                          Failed to format Cannot parse: 7:28
                                                  await client.characters.(char_id='test-char-123', )
                                                                         ^
                                          ParseError: bad input
                                          Failed to format Cannot parse: 7:28
                                                  await client.characters.(char_id='test-char-123', )
                                                                         ^
                                          ParseError: bad input
                                          Failed to format Cannot parse: 7:28
                                                  await client.characters.(char_id='test-char-123', name='战斗模式', description='艾莉娅穿着银白色铠甲，手持魔法剑', )
                                                                         ^
                                          ParseError: bad input
                                          Failed to format Cannot parse: 7:28
                                                  await client.characters.(char_id='test-char-123', config_id='test-config-123', )
                                                                         ^
                                          ParseError: bad input
                                          Failed to format Cannot parse: 7:28
                                                  await client.characters.(char_id='test-char-123', config_id='test-config-123', )
                                                                         ^
                                          ParseError: bad input
                                          Failed to format Cannot parse: 7:28
                                                  await client.characters.(char_id='test-char-123', config_id='test-config-123', )
                                                                         ^
                                          ParseError: bad input
                                          Failed to format Cannot parse: 7:28
                                                  await client.characters.(char_id='test-char-123', config_id='test-config-123', )
                                                                         ^
                                          ParseError: bad input
                                          Failed to format Cannot parse: 7:28
                                                  await client.characters.(char_id='test-char-123', config_id='test-config-123', )
                                                                         ^
                                          ParseError: bad input
                                          Failed to format Cannot parse: 4:19
                                              client.storyboards.(id='novel-123', )
                                                                ^
                                          ParseError: bad input
                                          Failed to format Cannot parse: 4:19
                                              client.storyboards.(id='test-123', )
                                                                ^
                                          ParseError: bad input
                                          Failed to format Cannot parse: 4:19
                                              client.storyboards.(id='test-123', )
                                                                ^
                                          ParseError: bad input
                                          Failed to format Cannot parse: 7:29
                                                  await client.storyboards.(id='novel-123', )
                                                                          ^
                                          ParseError: bad input
                                          Failed to format Cannot parse: 7:29
                                                  await client.storyboards.(id='test-123', )
                                                                          ^
                                          ParseError: bad input
                                          Failed to format Cannot parse: 7:29
                                                  await client.storyboards.(id='test-123', )
                                                                          ^
                                          ParseError: bad input
                                          Failed to format Cannot parse: 4:19
                                              client.storyboards.(id='novel-123', )
                                                                ^
                                          ParseError: bad input
                                          Failed to format Cannot parse: 4:19
                                              client.storyboards.(id='test-123', )
                                                                ^
                                          ParseError: bad input
                                          Failed to format Cannot parse: 4:19
                                              client.storyboards.(id='test-123', )
                                                                ^
                                          ParseError: bad input
                                          Failed to format Cannot parse: 7:29
                                                  await client.storyboards.(id='novel-123', )
                                                                          ^
                                          ParseError: bad input
                                          Failed to format Cannot parse: 7:29
                                                  await client.storyboards.(id='test-123', )
                                                                          ^
                                          ParseError: bad input
                                          Failed to format Cannot parse: 7:29
                                                  await client.storyboards.(id='test-123', )
                                                                          ^
                                          ParseError: bad input
                                          Failed to format Cannot parse: 4:14
                                              client.panels.(panel_id='test-panel-123', )
                                                           ^
                                          ParseError: bad input
                                          Failed to format Cannot parse: 4:14
                                              client.panels.(panel_id='test-panel-123', )
                                                           ^
                                          ParseError: bad input
                                          Failed to format Cannot parse: 6:14
                                              client.panels.(panel_id='test-panel-123', edit_mode=PostPanelsPanelIdEditRequestEditMode.INPAINT, instruction='把角色的表情改为微笑', )
                                                           ^
                                          ParseError: bad input
                                          Failed to format Cannot parse: 7:24
                                                  await client.panels.(panel_id='test-panel-123', )
                                                                     ^
                                          ParseError: bad input
                                          Failed to format Cannot parse: 7:24
                                                  await client.panels.(panel_id='test-panel-123', )
                                                                     ^
                                          ParseError: bad input
                                          Failed to format Cannot parse: 9:24
                                                  await client.panels.(panel_id='test-panel-123', edit_mode=PostPanelsPanelIdEditRequestEditMode.INPAINT, instruction='把角色的表情改为微笑', )
                                                                     ^
                                          ParseError: bad input
                                          Failed to format Cannot parse: 4:14
                                              client.panels.(panel_id='test-panel-123', )
                                                           ^
                                          ParseError: bad input
                                          Failed to format Cannot parse: 4:14
                                              client.panels.(panel_id='test-panel-123', )
                                                           ^
                                          ParseError: bad input
                                          Failed to format Cannot parse: 6:14
                                              client.panels.(panel_id='test-panel-123', edit_mode=PostPanelsPanelIdEditRequestEditMode.INPAINT, instruction='把角色的表情改为微笑', )
                                                           ^
                                          ParseError: bad input
                                          Failed to format Cannot parse: 7:24
                                                  await client.panels.(panel_id='test-panel-123', )
                                                                     ^
                                          ParseError: bad input
                                          Failed to format Cannot parse: 7:24
                                                  await client.panels.(panel_id='test-panel-123', )
                                                                     ^
                                          ParseError: bad input
                                          Failed to format Cannot parse: 9:24
                                                  await client.panels.(panel_id='test-panel-123', edit_mode=PostPanelsPanelIdEditRequestEditMode.INPAINT, instruction='把角色的表情改为微笑', )
                                                                     ^
                                          ParseError: bad input
                                          Failed to format Cannot parse: 4:23
                                              client.change_requests.(novel_id='novelId', natural_language='把第 3 页第 2 个面板中艾莉娅的表情改为微笑', )
                                                                    ^
                                          ParseError: bad input
                                          Failed to format Cannot parse: 7:33
                                                  await client.change_requests.(novel_id='novelId', natural_language='把第 3 页第 2 个面板中艾莉娅的表情改为微笑', )
                                                                              ^
                                          ParseError: bad input
                                          Failed to format Cannot parse: 4:23
                                              client.change_requests.(novel_id='novelId', natural_language='把第 3 页第 2 个面板中艾莉娅的表情改为微笑', )
                                                                    ^
                                          ParseError: bad input
                                          Failed to format Cannot parse: 7:33
                                                  await client.change_requests.(novel_id='novelId', natural_language='把第 3 页第 2 个面板中艾莉娅的表情改为微笑', )
                                                                              ^
                                          ParseError: bad input
                                          Failed to format Cannot parse: 6:15
                                              client.exports.(novel_id='novelId', format=PostExportsRequestFormat.PDF, )
                                                            ^
                                          ParseError: bad input
                                          Failed to format Cannot parse: 4:15
                                              client.exports.(id='test-123', )
                                                            ^
                                          ParseError: bad input
                                          Failed to format Cannot parse: 9:25
                                                  await client.exports.(novel_id='novelId', format=PostExportsRequestFormat.PDF, )
                                                                      ^
                                          ParseError: bad input
                                          Failed to format Cannot parse: 7:25
                                                  await client.exports.(id='test-123', )
                                                                      ^
                                          ParseError: bad input
                                          Failed to format Cannot parse: 6:15
                                              client.exports.(novel_id='novelId', format=PostExportsRequestFormat.PDF, )
                                                            ^
                                          ParseError: bad input
                                          Failed to format Cannot parse: 4:15
                                              client.exports.(id='test-123', )
                                                            ^
                                          ParseError: bad input
                                          Failed to format Cannot parse: 9:25
                                                  await client.exports.(novel_id='novelId', format=PostExportsRequestFormat.PDF, )
                                                                      ^
                                          ParseError: bad input
                                          Failed to format Cannot parse: 7:25
                                                  await client.exports.(id='test-123', )
                                                                      ^
                                          ParseError: bad input
                                          Output mode: downloadFiles
                                          Failed to format Cannot parse: 4:14
                                              client.novels.(id='test-123', )
                                                           ^
                                          ParseError: bad input
                                          Failed to format Cannot parse: 7:24
                                                  await client.novels.(id='test-123', )
                                                                     ^
                                          ParseError: bad input
                                          Failed to format Cannot parse: 4:14
                                              client.novels.(id='test-123', )
                                                           ^
                                          ParseError: bad input
                                          Failed to format Cannot parse: 7:24
                                                  await client.novels.(id='test-123', )
                                                                     ^
                                          ParseError: bad input
                                          Failed to format Cannot parse: 4:14
                                              client.novels.(id='test-123', )
                                                           ^
                                          ParseError: bad input
                                          Failed to format Cannot parse: 7:24
                                                  await client.novels.(id='test-123', )
                                                                     ^
                                          ParseError: bad input
                                          Failed to format Cannot parse: 4:13
                                              client.bible.(id='id', )
                                                          ^
                                          ParseError: bad input
                                          Failed to format Cannot parse: 7:23
                                                  await client.bible.(id='id', )
                                                                    ^
                                          ParseError: bad input
                                          Failed to format Cannot parse: 4:13
                                              client.bible.(id='id', )
                                                          ^
                                          ParseError: bad input
                                          Failed to format Cannot parse: 7:23
                                                  await client.bible.(id='id', )
                                                                    ^
                                          ParseError: bad input
                                          Failed to format Cannot parse: 4:13
                                              client.bible.(id='id', character_name='characterName', )
                                                          ^
                                          ParseError: bad input
                                          Failed to format Cannot parse: 7:23
                                                  await client.bible.(id='id', character_name='characterName', )
                                                                    ^
                                          ParseError: bad input
                                          Failed to format Cannot parse: 4:13
                                              client.bible.(id='id', scene_id='sceneId', )
                                                          ^
                                          ParseError: bad input
                                          Failed to format Cannot parse: 7:23
                                                  await client.bible.(id='id', scene_id='sceneId', )
                                                                    ^
                                          ParseError: bad input
                                          Failed to format Cannot parse: 6:13
                                              client.bible.(id='id', filename='filename', content_type='contentType', scope=BibleUploadRequestScope.CHARACTER, target='target', )
                                                          ^
                                          ParseError: bad input
                                          Failed to format Cannot parse: 9:23
                                                  await client.bible.(id='id', filename='filename', content_type='contentType', scope=BibleUploadRequestScope.CHARACTER, target='target', )
                                                                    ^
                                          ParseError: bad input
                                          Failed to format Cannot parse: 4:18
                                              client.characters.(char_id='test-char-123', )
                                                               ^
                                          ParseError: bad input
                                          Failed to format Cannot parse: 7:28
                                                  await client.characters.(char_id='test-char-123', )
                                                                         ^
                                          ParseError: bad input
                                          Failed to format Cannot parse: 4:18
                                              client.characters.(char_id='test-char-123', )
                                                               ^
                                          ParseError: bad input
                                          Failed to format Cannot parse: 7:28
                                                  await client.characters.(char_id='test-char-123', )
                                                                         ^
                                          ParseError: bad input
                                          Failed to format Cannot parse: 4:18
                                              client.characters.(char_id='test-char-123', )
                                                               ^
                                          ParseError: bad input
                                          Failed to format Cannot parse: 7:28
                                                  await client.characters.(char_id='test-char-123', )
                                                                         ^
                                          ParseError: bad input
                                          Failed to format Cannot parse: 4:18
                                              client.characters.(char_id='test-char-123', name='战斗模式', description='艾莉娅穿着银白色铠甲，手持魔法剑', )
                                                               ^
                                          ParseError: bad input
                                          Failed to format Cannot parse: 7:28
                                                  await client.characters.(char_id='test-char-123', name='战斗模式', description='艾莉娅穿着银白色铠甲，手持魔法剑', )
                                                                         ^
                                          ParseError: bad input
                                          Failed to format Cannot parse: 4:18
                                              client.characters.(char_id='test-char-123', config_id='test-config-123', )
                                                               ^
                                          ParseError: bad input
                                          Failed to format Cannot parse: 7:28
                                                  await client.characters.(char_id='test-char-123', config_id='test-config-123', )
                                                                         ^
                                          ParseError: bad input
                                          Failed to format Cannot parse: 4:18
                                              client.characters.(char_id='test-char-123', config_id='test-config-123', )
                                                               ^
                                          ParseError: bad input
                                          Failed to format Cannot parse: 7:28
                                                  await client.characters.(char_id='test-char-123', config_id='test-config-123', )
                                                                         ^
                                          ParseError: bad input
                                          Failed to format Cannot parse: 4:18
                                              client.characters.(char_id='test-char-123', config_id='test-config-123', )
                                                               ^
                                          ParseError: bad input
                                          Failed to format Cannot parse: 7:28
                                                  await client.characters.(char_id='test-char-123', config_id='test-config-123', )
                                                                         ^
                                          ParseError: bad input
                                          Failed to format Cannot parse: 4:18
                                              client.characters.(char_id='test-char-123', config_id='test-config-123', )
                                                               ^
                                          ParseError: bad input
                                          Failed to format Cannot parse: 7:28
                                                  await client.characters.(char_id='test-char-123', config_id='test-config-123', )
                                                                         ^
                                          ParseError: bad input
                                          Failed to format Cannot parse: 4:18
                                              client.characters.(char_id='test-char-123', config_id='test-config-123', )
                                                               ^
                                          ParseError: bad input
                                          Failed to format Cannot parse: 7:28
                                                  await client.characters.(char_id='test-char-123', config_id='test-config-123', )
                                                                         ^
                                          ParseError: bad input
                                          Failed to format Cannot parse: 4:19
                                              client.storyboards.(id='novel-123', )
                                                                ^
                                          ParseError: bad input
                                          Failed to format Cannot parse: 7:29
                                                  await client.storyboards.(id='novel-123', )
                                                                          ^
                                          ParseError: bad input
                                          Failed to format Cannot parse: 4:19
                                              client.storyboards.(id='test-123', )
                                                                ^
                                          ParseError: bad input
                                          Failed to format Cannot parse: 7:29
                                                  await client.storyboards.(id='test-123', )
                                                                          ^
                                          ParseError: bad input
                                          Failed to format Cannot parse: 4:19
                                              client.storyboards.(id='test-123', )
                                                                ^
                                          ParseError: bad input
                                          Failed to format Cannot parse: 7:29
                                                  await client.storyboards.(id='test-123', )
                                                                          ^
                                          ParseError: bad input
                                          Failed to format Cannot parse: 4:14
                                              client.panels.(panel_id='test-panel-123', )
                                                           ^
                                          ParseError: bad input
                                          Failed to format Cannot parse: 7:24
                                                  await client.panels.(panel_id='test-panel-123', )
                                                                     ^
                                          ParseError: bad input
                                          Failed to format Cannot parse: 4:14
                                              client.panels.(panel_id='test-panel-123', )
                                                           ^
                                          ParseError: bad input
                                          Failed to format Cannot parse: 7:24
                                                  await client.panels.(panel_id='test-panel-123', )
                                                                     ^
                                          ParseError: bad input
                                          Failed to format Cannot parse: 6:14
                                              client.panels.(panel_id='test-panel-123', edit_mode=PostPanelsPanelIdEditRequestEditMode.INPAINT, instruction='把角色的表情改为微笑', )
                                                           ^
                                          ParseError: bad input
                                          Failed to format Cannot parse: 9:24
                                                  await client.panels.(panel_id='test-panel-123', edit_mode=PostPanelsPanelIdEditRequestEditMode.INPAINT, instruction='把角色的表情改为微笑', )
                                                                     ^
                                          ParseError: bad input
                                          Failed to format Cannot parse: 4:23
                                              client.change_requests.(novel_id='novelId', natural_language='把第 3 页第 2 个面板中艾莉娅的表情改为微笑', )
                                                                    ^
                                          ParseError: bad input
                                          Failed to format Cannot parse: 7:33
                                                  await client.change_requests.(novel_id='novelId', natural_language='把第 3 页第 2 个面板中艾莉娅的表情改为微笑', )
                                                                              ^
                                          ParseError: bad input
                                          Failed to format Cannot parse: 6:15
                                              client.exports.(novel_id='novelId', format=PostExportsRequestFormat.PDF, )
                                                            ^
                                          ParseError: bad input
                                          Failed to format Cannot parse: 9:25
                                                  await client.exports.(novel_id='novelId', format=PostExportsRequestFormat.PDF, )
                                                                      ^
                                          ParseError: bad input
                                          Failed to format Cannot parse: 4:15
                                              client.exports.(id='test-123', )
                                                            ^
                                          ParseError: bad input
                                          Failed to format Cannot parse: 7:25
                                                  await client.exports.(id='test-123', )
                                                                      ^
                                          ParseError: bad input
                                          Failed to run command: ruff check --fix --no-cache --ignore E741 /fern/output
                                          b'fern/output/src/fern/bible/client.py:35:9: SyntaxError: Expected an identifier\n   |\n33 |         return self._raw_client\n34 |     \n35 |     def (self, id: str, *, version: typing.Optional[int] = None, request_options: typing.Optional[RequestOptions] = None) -> Bible:\n   |         ^\n36 |         """\n37 |         \xe8\xbf\x94\xe5\x9b\x9e\xe6\x8c\x87\xe5\xae\x9a\xe4\xbd\x9c\xe5\x93\x81\xe6\x9c\x80\xe6\x96\xb0\xe7\x89\x88\xe6\x9c\xac\xe7\x9a\x84\xe8\xa7\x92\xe8\x89\xb2\xe5\x9c\xa3\xe7\xbb\x8f\xe5\x92\x8c\xe5\x9c\xba\xe6\x99\xaf\xe5\x9c\xa3\xe7\xbb\x8f\n   |\n\nfern/output/src/fern/bible/client.py:61:38: SyntaxError: Expected an identifier\n   |\n59 |         client.bible.(id=\'id\', )\n60 |         """\n61 |         _response = self._raw_client.(id, version=version, request_options=request_options)\n   |                                      ^\n62 |         return _response.data\n   |\n\nfern/output/src/fern/bible/client.py:64:9: SyntaxError: Expected an identifier\n   |\n62 |         return _response.data\n63 |     \n64 |     def (self, id: str, *, request_options: typing.Optional[RequestOptions] = None) -> typing.List[BibleHistoryEntry]:\n   |         ^\n65 |         """\n66 |         \xe8\xbf\x94\xe5\x9b\x9e\xe6\x8c\x87\xe5\xae\x9a\xe4\xbd\x9c\xe5\x93\x81\xe7\x9a\x84\xe5\x9c\xa3\xe7\xbb\x8f\xe7\x89\x88\xe6\x9c\xac\xe5\x88\x97\xe8\xa1\xa8\n   |\n\nfern/output/src/fern/bible/client.py:87:38: SyntaxError: Expected an identifier\n   |\n85 |         client.bible.(id=\'id\', )\n86 |         """\n87 |         _response = self._raw_client.(id, request_options=request_options)\n   |                                      ^\n88 |         return _response.data\n   |\n\nfern/output/src/fern/bible/client.py:90:9: SyntaxError: Expected an identifier\n   |\n88 |         return _response.data\n89 |     \n90 |     def (self, id: str, character_name: str, *, role: typing.Optional[UpdateBibleCharacterRequestRole] = OMIT, appearance: typing.Opti\xe2\x80\xa6\n   |         ^\n91 |         """\n92 |         Parameters\n   |\n\nfern/output/src/fern/bible/client.py:122:38: SyntaxError: Expected an identifier\n    |\n120 | \xe2\x80\xa6     client.bible.(id=\'id\', character_name=\'characterName\', )\n121 | \xe2\x80\xa6     """\n122 | \xe2\x80\xa6     _response = self._raw_client.(id, character_name, role=role, appearance=appearance, personality=personality, reference_images=r\xe2\x80\xa6\n    |                                    ^\n123 | \xe2\x80\xa6     return _response.data\n    |\n\nfern/output/src/fern/bible/client.py:125:9: SyntaxError: Expected an identifier\n    |\n123 |         return _response.data\n124 |     \n125 |     def (self, id: str, scene_id: str, *, name: typing.Optional[str] = OMIT, description: typing.Optional[str] = OMIT, visual_charact\xe2\x80\xa6\n    |         ^\n126 |         """\n127 |         Parameters\n    |\n\nfern/output/src/fern/bible/client.py:163:38: SyntaxError: Expected an identifier\n    |\n161 | \xe2\x80\xa6     client.bible.(id=\'id\', scene_id=\'sceneId\', )\n162 | \xe2\x80\xa6     """\n163 | \xe2\x80\xa6     _response = self._raw_client.(id, scene_id, name=name, description=description, visual_characteristics=visual_characteristics, \xe2\x80\xa6\n    |                                    ^\n164 | \xe2\x80\xa6     return _response.data\n    |\n\nfern/output/src/fern/bible/client.py:166:9: SyntaxError: Expected an identifier\n    |\n164 |         return _response.data\n165 |     \n166 |     def (self, id: str, *, filename: str, content_type: str, scope: BibleUploadRequestScope, target: str, request_options: typing.Opt\xe2\x80\xa6\n    |         ^\n167 |         """\n168 |         Parameters\n    |\n\nfern/output/src/fern/bible/client.py:198:38: SyntaxError: Expected an identifier\n    |\n196 |         client.bible.(id=\'id\', filename=\'filename\', content_type=\'contentType\', scope=BibleUploadRequestScope.CHARACTER, target=\'targ\xe2\x80\xa6\n197 |         """\n198 |         _response = self._raw_client.(id, filename=filename, content_type=content_type, scope=scope, target=target, request_options=r\xe2\x80\xa6\n    |                                      ^\n199 |         return _response.data\n200 | class AsyncBibleClient:\n    |\n\nfern/output/src/fern/bible/client.py:215:15: SyntaxError: Expected an identifier\n    |\n213 |         return self._raw_client\n214 |     \n215 |     async def (self, id: str, *, version: typing.Optional[int] = None, request_options: typing.Optional[RequestOptions] = None) -> Bi\xe2\x80\xa6\n    |               ^\n216 |         """\n217 |         \xe8\xbf\x94\xe5\x9b\x9e\xe6\x8c\x87\xe5\xae\x9a\xe4\xbd\x9c\xe5\x93\x81\xe6\x9c\x80\xe6\x96\xb0\xe7\x89\x88\xe6\x9c\xac\xe7\x9a\x84\xe8\xa7\x92\xe8\x89\xb2\xe5\x9c\xa3\xe7\xbb\x8f\xe5\x92\x8c\xe5\x9c\xba\xe6\x99\xaf\xe5\x9c\xa3\xe7\xbb\x8f\n    |\n\nfern/output/src/fern/bible/client.py:245:44: SyntaxError: Expected an identifier\n    |\n243 |         asyncio.run(main())\n244 |         """\n245 |         _response = await self._raw_client.(id, version=version, request_options=request_options)\n    |                                            ^\n246 |         return _response.data\n    |\n\nfern/output/src/fern/bible/client.py:248:15: SyntaxError: Expected an identifier\n    |\n246 |         return _response.data\n247 |     \n248 |     async def (self, id: str, *, request_options: typing.Optional[RequestOptions] = None) -> typing.List[BibleHistoryEntry]:\n    |               ^\n249 |         """\n250 |         \xe8\xbf\x94\xe5\x9b\x9e\xe6\x8c\x87\xe5\xae\x9a\xe4\xbd\x9c\xe5\x93\x81\xe7\x9a\x84\xe5\x9c\xa3\xe7\xbb\x8f\xe7\x89\x88\xe6\x9c\xac\xe5\x88\x97\xe8\xa1\xa8\n    |\n\nfern/output/src/fern/bible/client.py:275:44: SyntaxError: Expected an identifier\n    |\n273 |         asyncio.run(main())\n274 |         """\n275 |         _response = await self._raw_client.(id, request_options=request_options)\n    |                                            ^\n276 |         return _response.data\n    |\n\nfern/output/src/fern/bible/client.py:278:15: SyntaxError: Expected an identifier\n    |\n276 |         return _response.data\n277 |     \n278 |     async def (self, id: str, character_name: str, *, role: typing.Optional[UpdateBibleCharacterRequestRole] = OMIT, appearance: typi\xe2\x80\xa6\n    |               ^\n279 |         """\n280 |         Parameters\n    |\n\nfern/output/src/fern/bible/client.py:314:44: SyntaxError: Expected an identifier\n    |\n312 | \xe2\x80\xa6     asyncio.run(main())\n313 | \xe2\x80\xa6     """\n314 | \xe2\x80\xa6     _response = await self._raw_client.(id, character_name, role=role, appearance=appearance, personality=personality, reference_im\xe2\x80\xa6\n    |                                          ^\n315 | \xe2\x80\xa6     return _response.data\n    |\n\nfern/output/src/fern/bible/client.py:317:15: SyntaxError: Expected an identifier\n    |\n315 |         return _response.data\n316 |     \n317 |     async def (self, id: str, scene_id: str, *, name: typing.Optional[str] = OMIT, description: typing.Optional[str] = OMIT, visual_c\xe2\x80\xa6\n    |               ^\n318 |         """\n319 |         Parameters\n    |\n\nfern/output/src/fern/bible/client.py:359:44: SyntaxError: Expected an identifier\n    |\n357 | \xe2\x80\xa6     asyncio.run(main())\n358 | \xe2\x80\xa6     """\n359 | \xe2\x80\xa6     _response = await self._raw_client.(id, scene_id, name=name, description=description, visual_characteristics=visual_characteris\xe2\x80\xa6\n    |                                          ^\n360 | \xe2\x80\xa6     return _response.data\n    |\n\nfern/output/src/fern/bible/client.py:362:15: SyntaxError: Expected an identifier\n    |\n360 |         return _response.data\n361 |     \n362 |     async def (self, id: str, *, filename: str, content_type: str, scope: BibleUploadRequestScope, target: str, request_options: typi\xe2\x80\xa6\n    |               ^\n363 |         """\n364 |         Parameters\n    |\n\nfern/output/src/fern/bible/client.py:398:44: SyntaxError: Expected an identifier\n    |\n396 | \xe2\x80\xa6     asyncio.run(main())\n397 | \xe2\x80\xa6     """\n398 | \xe2\x80\xa6     _response = await self._raw_client.(id, filename=filename, content_type=content_type, scope=scope, target=target, request_optio\xe2\x80\xa6\n    |                                          ^\n399 | \xe2\x80\xa6     return _response.data\n    |\n\nfern/output/src/fern/bible/raw_client.py:34:9: SyntaxError: Expected an identifier\n   |\n32 |         self._client_wrapper = client_wrapper\n33 |     \n34 |     def (self, id: str, *, version: typing.Optional[int] = None, request_options: typing.Optional[RequestOptions] = None) -> HttpRespo\xe2\x80\xa6\n   |         ^\n35 |         """\n36 |         \xe8\xbf\x94\xe5\x9b\x9e\xe6\x8c\x87\xe5\xae\x9a\xe4\xbd\x9c\xe5\x93\x81\xe6\x9c\x80\xe6\x96\xb0\xe7\x89\x88\xe6\x9c\xac\xe7\x9a\x84\xe8\xa7\x92\xe8\x89\xb2\xe5\x9c\xa3\xe7\xbb\x8f\xe5\x92\x8c\xe5\x9c\xba\xe6\x99\xaf\xe5\x9c\xa3\xe7\xbb\x8f\n   |\n\nfern/output/src/fern/bible/raw_client.py:91:9: SyntaxError: Expected an identifier\n   |\n89 |         raise ApiError(status_code=_response.status_code, headers=dict(_response.headers), body=_response_json)\n90 |     \n91 |     def (self, id: str, *, request_options: typing.Optional[RequestOptions] = None) -> HttpResponse[typing.List[BibleHistoryEntry]]:\n   |         ^\n92 |         """\n93 |         \xe8\xbf\x94\xe5\x9b\x9e\xe6\x8c\x87\xe5\xae\x9a\xe4\xbd\x9c\xe5\x93\x81\xe7\x9a\x84\xe5\x9c\xa3\xe7\xbb\x8f\xe7\x89\x88\xe6\x9c\xac\xe5\x88\x97\xe8\xa1\xa8\n   |\n\nfern/output/src/fern/bible/raw_client.py:127:9: SyntaxError: Expected an identifier\n    |\n125 |         raise ApiError(status_code=_response.status_code, headers=dict(_response.headers), body=_response_json)\n126 |     \n127 |     def (self, id: str, character_name: str, *, role: typing.Optional[UpdateBibleCharacterRequestRole] = OMIT, appearance: typing.Opt\xe2\x80\xa6\n    |         ^\n128 |         """\n129 |         Parameters\n    |\n\nfern/output/src/fern/bible/raw_client.py:198:9: SyntaxError: Expected an identifier\n    |\n196 |         raise ApiError(status_code=_response.status_code, headers=dict(_response.headers), body=_response_json)\n197 |     \n198 |     def (self, id: str, scene_id: str, *, name: typing.Optional[str] = OMIT, description: typing.Optional[str] = OMIT, visual_charact\xe2\x80\xa6\n    |         ^\n199 |         """\n200 |         Parameters\n    |\n\nfern/output/src/fern/bible/raw_client.py:278:9: SyntaxError: Expected an identifier\n    |\n276 |         raise ApiError(status_code=_response.status_code, headers=dict(_response.headers), body=_response_json)\n277 |     \n278 |     def (self, id: str, *, filename: str, content_type: str, scope: BibleUploadRequestScope, target: str, request_options: typing.Opt\xe2\x80\xa6\n    |         ^\n279 |         """\n280 |         Parameters\n    |\n\nfern/output/src/fern/bible/raw_client.py:342:15: SyntaxError: Expected an identifier\n    |\n340 |         self._client_wrapper = client_wrapper\n341 |     \n342 |     async def (self, id: str, *, version: typing.Optional[int] = None, request_options: typing.Optional[RequestOptions] = None) -> As\xe2\x80\xa6\n    |               ^\n343 |         """\n344 |         \xe8\xbf\x94\xe5\x9b\x9e\xe6\x8c\x87\xe5\xae\x9a\xe4\xbd\x9c\xe5\x93\x81\xe6\x9c\x80\xe6\x96\xb0\xe7\x89\x88\xe6\x9c\xac\xe7\x9a\x84\xe8\xa7\x92\xe8\x89\xb2\xe5\x9c\xa3\xe7\xbb\x8f\xe5\x92\x8c\xe5\x9c\xba\xe6\x99\xaf\xe5\x9c\xa3\xe7\xbb\x8f\n    |\n\nfern/output/src/fern/bible/raw_client.py:399:15: SyntaxError: Expected an identifier\n    |\n397 |         raise ApiError(status_code=_response.status_code, headers=dict(_response.headers), body=_response_json)\n398 |     \n399 |     async def (self, id: str, *, request_options: typing.Optional[RequestOptions] = None) -> AsyncHttpResponse[typing.List[BibleHisto\xe2\x80\xa6\n    |               ^\n400 |         """\n401 |         \xe8\xbf\x94\xe5\x9b\x9e\xe6\x8c\x87\xe5\xae\x9a\xe4\xbd\x9c\xe5\x93\x81\xe7\x9a\x84\xe5\x9c\xa3\xe7\xbb\x8f\xe7\x89\x88\xe6\x9c\xac\xe5\x88\x97\xe8\xa1\xa8\n    |\n\nfern/output/src/fern/bible/raw_client.py:435:15: SyntaxError: Expected an identifier\n    |\n433 |         raise ApiError(status_code=_response.status_code, headers=dict(_response.headers), body=_response_json)\n434 |     \n435 |     async def (self, id: str, character_name: str, *, role: typing.Optional[UpdateBibleCharacterRequestRole] = OMIT, appearance: typi\xe2\x80\xa6\n    |               ^\n436 |         """\n437 |         Parameters\n    |\n\nfern/output/src/fern/bible/raw_client.py:506:15: SyntaxError: Expected an identifier\n    |\n504 |         raise ApiError(status_code=_response.status_code, headers=dict(_response.headers), body=_response_json)\n505 |     \n506 |     async def (self, id: str, scene_id: str, *, name: typing.Optional[str] = OMIT, description: typing.Optional[str] = OMIT, visual_c\xe2\x80\xa6\n    |               ^\n507 |         """\n508 |         Parameters\n    |\n\nfern/output/src/fern/bible/raw_client.py:586:15: SyntaxError: Expected an identifier\n    |\n584 |         raise ApiError(status_code=_response.status_code, headers=dict(_response.headers), body=_response_json)\n585 |     \n586 |     async def (self, id: str, *, filename: str, content_type: str, scope: BibleUploadRequestScope, target: str, request_options: typi\xe2\x80\xa6\n    |               ^\n587 |         """\n588 |         Parameters\n    |\n\nfern/output/src/fern/change_requests/client.py:27:9: SyntaxError: Expected an identifier\n   |\n25 |         return self._raw_client\n26 |     \n27 |     def (self, *, novel_id: str, natural_language: str, request_options: typing.Optional[RequestOptions] = None) -> PostChangeRequests\xe2\x80\xa6\n   |         ^\n28 |         """\n29 |         \xe7\x94\xa8\xe6\x88\xb7\xe7\x94\xa8\xe8\x87\xaa\xe7\x84\xb6\xe8\xaf\xad\xe8\xa8\x80\xe6\x8f\x8f\xe8\xbf\xb0\xe4\xbf\xae\xe6\x94\xb9\xe8\xaf\x89\xe6\xb1\x82\xef\xbc\x8c\xe7\xb3\xbb\xe7\xbb\x9f\xe8\xa7\xa3\xe6\x9e\x90\xe4\xb8\xba CR-DSL \xe5\xb9\xb6\xe6\x89\xa7\xe8\xa1\x8c\n   |\n\nfern/output/src/fern/change_requests/client.py:52:38: SyntaxError: Expected an identifier\n   |\n50 |         client.change_requests.(novel_id=\'novelId\', natural_language=\'\xe6\x8a\x8a\xe7\xac\xac 3 \xe9\xa1\xb5\xe7\xac\xac 2 \xe4\xb8\xaa\xe9\x9d\xa2\xe6\x9d\xbf\xe4\xb8\xad\xe8\x89\xbe\xe8\x8e\x89\xe5\xa8\x85\xe7\x9a\x84\xe8\xa1\xa8\xe6\x83\x85\xe6\x94\xb9\xe4\xb8\xba\xe5\xbe\xae\xe7\xac\x91\', )\n51 |         """\n52 |         _response = self._raw_client.(novel_id=novel_id, natural_language=natural_language, request_options=request_options)\n   |                                      ^\n53 |         return _response.data\n54 | class AsyncChangeRequestsClient:\n   |\n\nfern/output/src/fern/change_requests/client.py:69:15: SyntaxError: Expected an identifier\n   |\n67 |         return self._raw_client\n68 |     \n69 |     async def (self, *, novel_id: str, natural_language: str, request_options: typing.Optional[RequestOptions] = None) -> PostChangeRe\xe2\x80\xa6\n   |               ^\n70 |         """\n71 |         \xe7\x94\xa8\xe6\x88\xb7\xe7\x94\xa8\xe8\x87\xaa\xe7\x84\xb6\xe8\xaf\xad\xe8\xa8\x80\xe6\x8f\x8f\xe8\xbf\xb0\xe4\xbf\xae\xe6\x94\xb9\xe8\xaf\x89\xe6\xb1\x82\xef\xbc\x8c\xe7\xb3\xbb\xe7\xbb\x9f\xe8\xa7\xa3\xe6\x9e\x90\xe4\xb8\xba CR-DSL \xe5\xb9\xb6\xe6\x89\xa7\xe8\xa1\x8c\n   |\n\nfern/output/src/fern/change_requests/client.py:98:44: SyntaxError: Expected an identifier\n   |\n96 |         asyncio.run(main())\n97 |         """\n98 |         _response = await self._raw_client.(novel_id=novel_id, natural_language=natural_language, request_options=request_options)\n   |                                            ^\n99 |         return _response.data\n   |\n\nfern/output/src/fern/change_requests/raw_client.py:21:9: SyntaxError: Expected an identifier\n   |\n19 |         self._client_wrapper = client_wrapper\n20 |     \n21 |     def (self, *, novel_id: str, natural_language: str, request_options: typing.Optional[RequestOptions] = None) -> HttpResponse[PostC\xe2\x80\xa6\n   |         ^\n22 |         """\n23 |         \xe7\x94\xa8\xe6\x88\xb7\xe7\x94\xa8\xe8\x87\xaa\xe7\x84\xb6\xe8\xaf\xad\xe8\xa8\x80\xe6\x8f\x8f\xe8\xbf\xb0\xe4\xbf\xae\xe6\x94\xb9\xe8\xaf\x89\xe6\xb1\x82\xef\xbc\x8c\xe7\xb3\xbb\xe7\xbb\x9f\xe8\xa7\xa3\xe6\x9e\x90\xe4\xb8\xba CR-DSL \xe5\xb9\xb6\xe6\x89\xa7\xe8\xa1\x8c\n   |\n\nfern/output/src/fern/change_requests/raw_client.py:70:15: SyntaxError: Expected an identifier\n   |\n68 |         self._client_wrapper = client_wrapper\n69 |     \n70 |     async def (self, *, novel_id: str, natural_language: str, request_options: typing.Optional[RequestOptions] = None) -> AsyncHttpRes\xe2\x80\xa6\n   |               ^\n71 |         """\n72 |         \xe7\x94\xa8\xe6\x88\xb7\xe7\x94\xa8\xe8\x87\xaa\xe7\x84\xb6\xe8\xaf\xad\xe8\xa8\x80\xe6\x8f\x8f\xe8\xbf\xb0\xe4\xbf\xae\xe6\x94\xb9\xe8\xaf\x89\xe6\xb1\x82\xef\xbc\x8c\xe7\xb3\xbb\xe7\xbb\x9f\xe8\xa7\xa3\xe6\x9e\x90\xe4\xb8\xba CR-DSL \xe5\xb9\xb6\xe6\x89\xa7\xe8\xa1\x8c\n   |\n\nfern/output/src/fern/characters/client.py:33:9: SyntaxError: Expected an identifier\n   |\n31 |         return self._raw_client\n32 |     \n33 |     def (self, char_id: str, *, request_options: typing.Optional[RequestOptions] = None) -> Character:\n   |         ^\n34 |         """\n35 |         Parameters\n   |\n\nfern/output/src/fern/characters/client.py:54:38: SyntaxError: Expected an identifier\n   |\n52 |         client.characters.(char_id=\'test-char-123\', )\n53 |         """\n54 |         _response = self._raw_client.(char_id, request_options=request_options)\n   |                                      ^\n55 |         return _response.data\n   |\n\nfern/output/src/fern/characters/client.py:57:9: SyntaxError: Expected an identifier\n   |\n55 |         return _response.data\n56 |     \n57 |     def (self, char_id: str, *, name: typing.Optional[str] = OMIT, role: typing.Optional[PutCharactersCharIdRequestRole] = OMIT, base_\xe2\x80\xa6\n   |         ^\n58 |         """\n59 |         Parameters\n   |\n\nfern/output/src/fern/characters/client.py:84:38: SyntaxError: Expected an identifier\n   |\n82 |         client.characters.(char_id=\'test-char-123\', )\n83 |         """\n84 |         _response = self._raw_client.(char_id, name=name, role=role, base_info=base_info, request_options=request_options)\n   |                                      ^\n85 |         return _response.data\n   |\n\nfern/output/src/fern/characters/client.py:87:9: SyntaxError: Expected an identifier\n   |\n85 |         return _response.data\n86 |     \n87 |     def (self, char_id: str, *, request_options: typing.Optional[RequestOptions] = None) -> typing.List[CharacterConfiguration]:\n   |         ^\n88 |         """\n89 |         Parameters\n   |\n\nfern/output/src/fern/characters/client.py:108:38: SyntaxError: Expected an identifier\n    |\n106 |         client.characters.(char_id=\'test-char-123\', )\n107 |         """\n108 |         _response = self._raw_client.(char_id, request_options=request_options)\n    |                                      ^\n109 |         return _response.data\n    |\n\nfern/output/src/fern/characters/client.py:111:9: SyntaxError: Expected an identifier\n    |\n109 |         return _response.data\n110 |     \n111 |     def (self, char_id: str, *, name: str, description: str, tags: typing.Optional[typing.Sequence[str]] = OMIT, appearance: typing.O\xe2\x80\xa6\n    |         ^\n112 |         """\n113 |         \xe4\xb8\xba\xe8\xa7\x92\xe8\x89\xb2\xe5\x88\x9b\xe5\xbb\xba\xe6\x96\xb0\xe7\x9a\x84\xe9\x85\x8d\xe7\xbd\xae (\xe5\xa6\x82"\xe6\x88\x98\xe6\x96\x97\xe6\xa8\xa1\xe5\xbc\x8f"\xe3\x80\x81"\xe6\x97\xa5\xe5\xb8\xb8\xe8\xa3\x85\xe6\x89\xae")\n    |\n\nfern/output/src/fern/characters/client.py:145:38: SyntaxError: Expected an identifier\n    |\n143 | \xe2\x80\xa6     client.characters.(char_id=\'test-char-123\', name=\'\xe6\x88\x98\xe6\x96\x97\xe6\xa8\xa1\xe5\xbc\x8f\', description=\'\xe8\x89\xbe\xe8\x8e\x89\xe5\xa8\x85\xe7\xa9\xbf\xe7\x9d\x80\xe9\x93\xb6\xe7\x99\xbd\xe8\x89\xb2\xe9\x93\xa0\xe7\x94\xb2\xef\xbc\x8c\xe6\x89\x8b\xe6\x8c\x81\xe9\xad\x94\xe6\xb3\x95\xe5\x89\x91\', )\n144 | \xe2\x80\xa6     """\n145 | \xe2\x80\xa6     _response = self._raw_client.(char_id, name=name, description=description, tags=tags, appearance=appearance, is_default=is_defa\xe2\x80\xa6\n    |                                    ^\n146 | \xe2\x80\xa6     return _response.data\n    |\n\nfern/output/src/fern/characters/client.py:148:9: SyntaxError: Expected an identifier\n    |\n146 |         return _response.data\n147 |     \n148 |     def (self, char_id: str, config_id: str, *, request_options: typing.Optional[RequestOptions] = None) -> CharacterConfiguration:\n    |         ^\n149 |         """\n150 |         Parameters\n    |\n\nfern/output/src/fern/characters/client.py:171:38: SyntaxError: Expected an identifier\n    |\n169 |         client.characters.(char_id=\'test-char-123\', config_id=\'test-config-123\', )\n170 |         """\n171 |         _response = self._raw_client.(char_id, config_id, request_options=request_options)\n    |                                      ^\n172 |         return _response.data\n    |\n\nfern/output/src/fern/characters/client.py:174:9: SyntaxError: Expected an identifier\n    |\n172 |         return _response.data\n173 |     \n174 |     def (self, char_id: str, config_id: str, *, name: typing.Optional[str] = OMIT, description: typing.Optional[str] = OMIT, tags: ty\xe2\x80\xa6\n    |         ^\n175 |         """\n176 |         Parameters\n    |\n\nfern/output/src/fern/characters/client.py:205:38: SyntaxError: Expected an identifier\n    |\n203 | \xe2\x80\xa6     client.characters.(char_id=\'test-char-123\', config_id=\'test-config-123\', )\n204 | \xe2\x80\xa6     """\n205 | \xe2\x80\xa6     _response = self._raw_client.(char_id, config_id, name=name, description=description, tags=tags, appearance=appearance, request\xe2\x80\xa6\n    |                                    ^\n206 | \xe2\x80\xa6     return _response.data\n    |\n\nfern/output/src/fern/characters/client.py:208:9: SyntaxError: Expected an identifier\n    |\n206 |         return _response.data\n207 |     \n208 |     def (self, char_id: str, config_id: str, *, request_options: typing.Optional[RequestOptions] = None) -> None:\n    |         ^\n209 |         """\n210 |         Parameters\n    |\n\nfern/output/src/fern/characters/client.py:230:38: SyntaxError: Expected an identifier\n    |\n228 |         client.characters.(char_id=\'test-char-123\', config_id=\'test-config-123\', )\n229 |         """\n230 |         _response = self._raw_client.(char_id, config_id, request_options=request_options)\n    |                                      ^\n231 |         return _response.data\n    |\n\nfern/output/src/fern/characters/client.py:233:9: SyntaxError: Expected an identifier\n    |\n231 |         return _response.data\n232 |     \n233 |     def (self, char_id: str, config_id: str, *, images: typing.Optional[typing.List[core.File]] = OMIT, request_options: typing.Optio\xe2\x80\xa6\n    |         ^\n234 |         """\n235 |         \xe4\xb8\xba\xe6\x8c\x87\xe5\xae\x9a\xe9\x85\x8d\xe7\xbd\xae\xe4\xb8\x8a\xe4\xbc\xa0\xe5\xa4\x9a\xe5\xbc\xa0\xe5\x8f\x82\xe8\x80\x83\xe5\x9b\xbe\n    |\n\nfern/output/src/fern/characters/client.py:261:38: SyntaxError: Expected an identifier\n    |\n259 |         client.characters.(char_id=\'test-char-123\', config_id=\'test-config-123\', )\n260 |         """\n261 |         _response = self._raw_client.(char_id, config_id, images=images, request_options=request_options)\n    |                                      ^\n262 |         return _response.data\n    |\n\nfern/output/src/fern/characters/client.py:264:9: SyntaxError: Expected an identifier\n    |\n262 |         return _response.data\n263 |     \n264 |     def (self, char_id: str, config_id: str, *, request_options: typing.Optional[RequestOptions] = None) -> PostCharactersCharIdConfi\xe2\x80\xa6\n    |         ^\n265 |         """\n266 |         \xe4\xb8\xba\xe6\x8c\x87\xe5\xae\x9a\xe9\x85\x8d\xe7\xbd\xae\xe7\x94\x9f\xe6\x88\x90\xe5\xa4\x9a\xe8\xa7\x86\xe8\xa7\x92\xe6\xa0\x87\xe5\x87\x86\xe5\x83\x8f (\xe4\xbd\xbf\xe7\x94\xa8 Imagen 3)\n    |\n\nfern/output/src/fern/characters/client.py:289:38: SyntaxError: Expected an identifier\n    |\n287 |         client.characters.(char_id=\'test-char-123\', config_id=\'test-config-123\', )\n288 |         """\n289 |         _response = self._raw_client.(char_id, config_id, request_options=request_options)\n    |                                      ^\n290 |         return _response.data\n291 | class AsyncCharactersClient:\n    |\n\nfern/output/src/fern/characters/client.py:306:15: SyntaxError: Expected an identifier\n    |\n304 |         return self._raw_client\n305 |     \n306 |     async def (self, char_id: str, *, request_options: typing.Optional[RequestOptions] = None) -> Character:\n    |               ^\n307 |         """\n308 |         Parameters\n    |\n\nfern/output/src/fern/characters/client.py:331:44: SyntaxError: Expected an identifier\n    |\n329 |         asyncio.run(main())\n330 |         """\n331 |         _response = await self._raw_client.(char_id, request_options=request_options)\n    |                                            ^\n332 |         return _response.data\n    |\n\nfern/output/src/fern/characters/client.py:334:15: SyntaxError: Expected an identifier\n    |\n332 |         return _response.data\n333 |     \n334 |     async def (self, char_id: str, *, name: typing.Optional[str] = OMIT, role: typing.Optional[PutCharactersCharIdRequestRole] = OMIT\xe2\x80\xa6\n    |               ^\n335 |         """\n336 |         Parameters\n    |\n\nfern/output/src/fern/characters/client.py:365:44: SyntaxError: Expected an identifier\n    |\n363 |         asyncio.run(main())\n364 |         """\n365 |         _response = await self._raw_client.(char_id, name=name, role=role, base_info=base_info, request_options=request_options)\n    |                                            ^\n366 |         return _response.data\n    |\n\nfern/output/src/fern/characters/client.py:368:15: SyntaxError: Expected an identifier\n    |\n366 |         return _response.data\n367 |     \n368 |     async def (self, char_id: str, *, request_options: typing.Optional[RequestOptions] = None) -> typing.List[CharacterConfiguration]:\n    |               ^\n369 |         """\n370 |         Parameters\n    |\n\nfern/output/src/fern/characters/client.py:393:44: SyntaxError: Expected an identifier\n    |\n391 |         asyncio.run(main())\n392 |         """\n393 |         _response = await self._raw_client.(char_id, request_options=request_options)\n    |                                            ^\n394 |         return _response.data\n    |\n\nfern/output/src/fern/characters/client.py:396:15: SyntaxError: Expected an identifier\n    |\n394 |         return _response.data\n395 |     \n396 |     async def (self, char_id: str, *, name: str, description: str, tags: typing.Optional[typing.Sequence[str]] = OMIT, appearance: ty\xe2\x80\xa6\n    |               ^\n397 |         """\n398 |         \xe4\xb8\xba\xe8\xa7\x92\xe8\x89\xb2\xe5\x88\x9b\xe5\xbb\xba\xe6\x96\xb0\xe7\x9a\x84\xe9\x85\x8d\xe7\xbd\xae (\xe5\xa6\x82"\xe6\x88\x98\xe6\x96\x97\xe6\xa8\xa1\xe5\xbc\x8f"\xe3\x80\x81"\xe6\x97\xa5\xe5\xb8\xb8\xe8\xa3\x85\xe6\x89\xae")\n    |\n\nfern/output/src/fern/characters/client.py:434:44: SyntaxError: Expected an identifier\n    |\n432 | \xe2\x80\xa6     asyncio.run(main())\n433 | \xe2\x80\xa6     """\n434 | \xe2\x80\xa6     _response = await self._raw_client.(char_id, name=name, description=description, tags=tags, appearance=appearance, is_default=i\xe2\x80\xa6\n    |                                          ^\n435 | \xe2\x80\xa6     return _response.data\n    |\n\nfern/output/src/fern/characters/client.py:437:15: SyntaxError: Expected an identifier\n    |\n435 |         return _response.data\n436 |     \n437 |     async def (self, char_id: str, config_id: str, *, request_options: typing.Optional[RequestOptions] = None) -> CharacterConfigurat\xe2\x80\xa6\n    |               ^\n438 |         """\n439 |         Parameters\n    |\n\nfern/output/src/fern/characters/client.py:464:44: SyntaxError: Expected an identifier\n    |\n462 |         asyncio.run(main())\n463 |         """\n464 |         _response = await self._raw_client.(char_id, config_id, request_options=request_options)\n    |                                            ^\n465 |         return _response.data\n    |\n\nfern/output/src/fern/characters/client.py:467:15: SyntaxError: Expected an identifier\n    |\n465 |         return _response.data\n466 |     \n467 |     async def (self, char_id: str, config_id: str, *, name: typing.Optional[str] = OMIT, description: typing.Optional[str] = OMIT, ta\xe2\x80\xa6\n    |               ^\n468 |         """\n469 |         Parameters\n    |\n\nfern/output/src/fern/characters/client.py:502:44: SyntaxError: Expected an identifier\n    |\n500 | \xe2\x80\xa6     asyncio.run(main())\n501 | \xe2\x80\xa6     """\n502 | \xe2\x80\xa6     _response = await self._raw_client.(char_id, config_id, name=name, description=description, tags=tags, appearance=appearance, r\xe2\x80\xa6\n    |                                          ^\n503 | \xe2\x80\xa6     return _response.data\n    |\n\nfern/output/src/fern/characters/client.py:505:15: SyntaxError: Expected an identifier\n    |\n503 |         return _response.data\n504 |     \n505 |     async def (self, char_id: str, config_id: str, *, request_options: typing.Optional[RequestOptions] = None) -> None:\n    |               ^\n506 |         """\n507 |         Parameters\n    |\n\nfern/output/src/fern/characters/client.py:531:44: SyntaxError: Expected an identifier\n    |\n529 |         asyncio.run(main())\n530 |         """\n531 |         _response = await self._raw_client.(char_id, config_id, request_options=request_options)\n    |                                            ^\n532 |         return _response.data\n    |\n\nfern/output/src/fern/characters/client.py:534:15: SyntaxError: Expected an identifier\n    |\n532 |         return _response.data\n533 |     \n534 |     async def (self, char_id: str, config_id: str, *, images: typing.Optional[typing.List[core.File]] = OMIT, request_options: typing\xe2\x80\xa6\n    |               ^\n535 |         """\n536 |         \xe4\xb8\xba\xe6\x8c\x87\xe5\xae\x9a\xe9\x85\x8d\xe7\xbd\xae\xe4\xb8\x8a\xe4\xbc\xa0\xe5\xa4\x9a\xe5\xbc\xa0\xe5\x8f\x82\xe8\x80\x83\xe5\x9b\xbe\n    |\n\nfern/output/src/fern/characters/client.py:566:44: SyntaxError: Expected an identifier\n    |\n564 |         asyncio.run(main())\n565 |         """\n566 |         _response = await self._raw_client.(char_id, config_id, images=images, request_options=request_options)\n    |                                            ^\n567 |         return _response.data\n    |\n\nfern/output/src/fern/characters/client.py:569:15: SyntaxError: Expected an identifier\n    |\n567 |         return _response.data\n568 |     \n569 |     async def (self, char_id: str, config_id: str, *, request_options: typing.Optional[RequestOptions] = None) -> PostCharactersCharI\xe2\x80\xa6\n    |               ^\n570 |         """\n571 |         \xe4\xb8\xba\xe6\x8c\x87\xe5\xae\x9a\xe9\x85\x8d\xe7\xbd\xae\xe7\x94\x9f\xe6\x88\x90\xe5\xa4\x9a\xe8\xa7\x86\xe8\xa7\x92\xe6\xa0\x87\xe5\x87\x86\xe5\x83\x8f (\xe4\xbd\xbf\xe7\x94\xa8 Imagen 3)\n    |\n\nfern/output/src/fern/characters/client.py:598:44: SyntaxError: Expected an identifier\n    |\n596 |         asyncio.run(main())\n597 |         """\n598 |         _response = await self._raw_client.(char_id, config_id, request_options=request_options)\n    |                                            ^\n599 |         return _response.data\n    |\n\nfern/output/src/fern/characters/raw_client.py:30:9: SyntaxError: Expected an identifier\n   |\n28 |         self._client_wrapper = client_wrapper\n29 |     \n30 |     def (self, char_id: str, *, request_options: typing.Optional[RequestOptions] = None) -> HttpResponse[Character]:\n   |         ^\n31 |         """\n32 |         Parameters\n   |\n\nfern/output/src/fern/characters/raw_client.py:72:9: SyntaxError: Expected an identifier\n   |\n70 |         raise ApiError(status_code=_response.status_code, headers=dict(_response.headers), body=_response_json)\n71 |     \n72 |     def (self, char_id: str, *, name: typing.Optional[str] = OMIT, role: typing.Optional[PutCharactersCharIdRequestRole] = OMIT, base_\xe2\x80\xa6\n   |         ^\n73 |         """\n74 |         Parameters\n   |\n\nfern/output/src/fern/characters/raw_client.py:121:9: SyntaxError: Expected an identifier\n    |\n119 |         raise ApiError(status_code=_response.status_code, headers=dict(_response.headers), body=_response_json)\n120 |     \n121 |     def (self, char_id: str, *, request_options: typing.Optional[RequestOptions] = None) -> HttpResponse[typing.List[CharacterConfigu\xe2\x80\xa6\n    |         ^\n122 |         """\n123 |         Parameters\n    |\n\nfern/output/src/fern/characters/raw_client.py:155:9: SyntaxError: Expected an identifier\n    |\n153 |         raise ApiError(status_code=_response.status_code, headers=dict(_response.headers), body=_response_json)\n154 |     \n155 |     def (self, char_id: str, *, name: str, description: str, tags: typing.Optional[typing.Sequence[str]] = OMIT, appearance: typing.O\xe2\x80\xa6\n    |         ^\n156 |         """\n157 |         \xe4\xb8\xba\xe8\xa7\x92\xe8\x89\xb2\xe5\x88\x9b\xe5\xbb\xba\xe6\x96\xb0\xe7\x9a\x84\xe9\x85\x8d\xe7\xbd\xae (\xe5\xa6\x82"\xe6\x88\x98\xe6\x96\x97\xe6\xa8\xa1\xe5\xbc\x8f"\xe3\x80\x81"\xe6\x97\xa5\xe5\xb8\xb8\xe8\xa3\x85\xe6\x89\xae")\n    |\n\nfern/output/src/fern/characters/raw_client.py:213:9: SyntaxError: Expected an identifier\n    |\n211 |         raise ApiError(status_code=_response.status_code, headers=dict(_response.headers), body=_response_json)\n212 |     \n213 |     def (self, char_id: str, config_id: str, *, request_options: typing.Optional[RequestOptions] = None) -> HttpResponse[CharacterCon\xe2\x80\xa6\n    |         ^\n214 |         """\n215 |         Parameters\n    |\n\nfern/output/src/fern/characters/raw_client.py:249:9: SyntaxError: Expected an identifier\n    |\n247 |         raise ApiError(status_code=_response.status_code, headers=dict(_response.headers), body=_response_json)\n248 |     \n249 |     def (self, char_id: str, config_id: str, *, name: typing.Optional[str] = OMIT, description: typing.Optional[str] = OMIT, tags: ty\xe2\x80\xa6\n    |         ^\n250 |         """\n251 |         Parameters\n    |\n\nfern/output/src/fern/characters/raw_client.py:303:9: SyntaxError: Expected an identifier\n    |\n301 |         raise ApiError(status_code=_response.status_code, headers=dict(_response.headers), body=_response_json)\n302 |     \n303 |     def (self, char_id: str, config_id: str, *, request_options: typing.Optional[RequestOptions] = None) -> HttpResponse[None]:\n    |         ^\n304 |         """\n305 |         Parameters\n    |\n\nfern/output/src/fern/characters/raw_client.py:331:9: SyntaxError: Expected an identifier\n    |\n329 |         raise ApiError(status_code=_response.status_code, headers=dict(_response.headers), body=_response_json)\n330 |     \n331 |     def (self, char_id: str, config_id: str, *, images: typing.Optional[typing.List[core.File]] = OMIT, request_options: typing.Optio\xe2\x80\xa6\n    |         ^\n332 |         """\n333 |         \xe4\xb8\xba\xe6\x8c\x87\xe5\xae\x9a\xe9\x85\x8d\xe7\xbd\xae\xe4\xb8\x8a\xe4\xbc\xa0\xe5\xa4\x9a\xe5\xbc\xa0\xe5\x8f\x82\xe8\x80\x83\xe5\x9b\xbe\n    |\n\nfern/output/src/fern/characters/raw_client.py:384:9: SyntaxError: Expected an identifier\n    |\n382 |         raise ApiError(status_code=_response.status_code, headers=dict(_response.headers), body=_response_json)\n383 |     \n384 |     def (self, char_id: str, config_id: str, *, request_options: typing.Optional[RequestOptions] = None) -> HttpResponse[PostCharacte\xe2\x80\xa6\n    |         ^\n385 |         """\n386 |         \xe4\xb8\xba\xe6\x8c\x87\xe5\xae\x9a\xe9\x85\x8d\xe7\xbd\xae\xe7\x94\x9f\xe6\x88\x90\xe5\xa4\x9a\xe8\xa7\x86\xe8\xa7\x92\xe6\xa0\x87\xe5\x87\x86\xe5\x83\x8f (\xe4\xbd\xbf\xe7\x94\xa8 Imagen 3)\n    |\n\nfern/output/src/fern/characters/raw_client.py:425:15: SyntaxError: Expected an identifier\n    |\n423 |         self._client_wrapper = client_wrapper\n424 |     \n425 |     async def (self, char_id: str, *, request_options: typing.Optional[RequestOptions] = None) -> AsyncHttpResponse[Character]:\n    |               ^\n426 |         """\n427 |         Parameters\n    |\n\nfern/output/src/fern/characters/raw_client.py:467:15: SyntaxError: Expected an identifier\n    |\n465 |         raise ApiError(status_code=_response.status_code, headers=dict(_response.headers), body=_response_json)\n466 |     \n467 |     async def (self, char_id: str, *, name: typing.Optional[str] = OMIT, role: typing.Optional[PutCharactersCharIdRequestRole] = OMIT\xe2\x80\xa6\n    |               ^\n468 |         """\n469 |         Parameters\n    |\n\nfern/output/src/fern/characters/raw_client.py:516:15: SyntaxError: Expected an identifier\n    |\n514 |         raise ApiError(status_code=_response.status_code, headers=dict(_response.headers), body=_response_json)\n515 |     \n516 |     async def (self, char_id: str, *, request_options: typing.Optional[RequestOptions] = None) -> AsyncHttpResponse[typing.List[Chara\xe2\x80\xa6\n    |               ^\n517 |         """\n518 |         Parameters\n    |\n\nfern/output/src/fern/characters/raw_client.py:550:15: SyntaxError: Expected an identifier\n    |\n548 |         raise ApiError(status_code=_response.status_code, headers=dict(_response.headers), body=_response_json)\n549 |     \n550 |     async def (self, char_id: str, *, name: str, description: str, tags: typing.Optional[typing.Sequence[str]] = OMIT, appearance: ty\xe2\x80\xa6\n    |               ^\n551 |         """\n552 |         \xe4\xb8\xba\xe8\xa7\x92\xe8\x89\xb2\xe5\x88\x9b\xe5\xbb\xba\xe6\x96\xb0\xe7\x9a\x84\xe9\x85\x8d\xe7\xbd\xae (\xe5\xa6\x82"\xe6\x88\x98\xe6\x96\x97\xe6\xa8\xa1\xe5\xbc\x8f"\xe3\x80\x81"\xe6\x97\xa5\xe5\xb8\xb8\xe8\xa3\x85\xe6\x89\xae")\n    |\n\nfern/output/src/fern/characters/raw_client.py:608:15: SyntaxError: Expected an identifier\n    |\n606 |         raise ApiError(status_code=_response.status_code, headers=dict(_response.headers), body=_response_json)\n607 |     \n608 |     async def (self, char_id: str, config_id: str, *, request_options: typing.Optional[RequestOptions] = None) -> AsyncHttpResponse[C\xe2\x80\xa6\n    |               ^\n609 |         """\n610 |         Parameters\n    |\n\nfern/output/src/fern/characters/raw_client.py:644:15: SyntaxError: Expected an identifier\n    |\n642 |         raise ApiError(status_code=_response.status_code, headers=dict(_response.headers), body=_response_json)\n643 |     \n644 |     async def (self, char_id: str, config_id: str, *, name: typing.Optional[str] = OMIT, description: typing.Optional[str] = OMIT, ta\xe2\x80\xa6\n    |               ^\n645 |         """\n646 |         Parameters\n    |\n\nfern/output/src/fern/characters/raw_client.py:698:15: SyntaxError: Expected an identifier\n    |\n696 |         raise ApiError(status_code=_response.status_code, headers=dict(_response.headers), body=_response_json)\n697 |     \n698 |     async def (self, char_id: str, config_id: str, *, request_options: typing.Optional[RequestOptions] = None) -> AsyncHttpResponse[N\xe2\x80\xa6\n    |               ^\n699 |         """\n700 |         Parameters\n    |\n\nfern/output/src/fern/characters/raw_client.py:726:15: SyntaxError: Expected an identifier\n    |\n724 |         raise ApiError(status_code=_response.status_code, headers=dict(_response.headers), body=_response_json)\n725 |     \n726 |     async def (self, char_id: str, config_id: str, *, images: typing.Optional[typing.List[core.File]] = OMIT, request_options: typing\xe2\x80\xa6\n    |               ^\n727 |         """\n728 |         \xe4\xb8\xba\xe6\x8c\x87\xe5\xae\x9a\xe9\x85\x8d\xe7\xbd\xae\xe4\xb8\x8a\xe4\xbc\xa0\xe5\xa4\x9a\xe5\xbc\xa0\xe5\x8f\x82\xe8\x80\x83\xe5\x9b\xbe\n    |\n\nfern/output/src/fern/characters/raw_client.py:779:15: SyntaxError: Expected an identifier\n    |\n777 |         raise ApiError(status_code=_response.status_code, headers=dict(_response.headers), body=_response_json)\n778 |     \n779 |     async def (self, char_id: str, config_id: str, *, request_options: typing.Optional[RequestOptions] = None) -> AsyncHttpResponse[P\xe2\x80\xa6\n    |               ^\n780 |         """\n781 |         \xe4\xb8\xba\xe6\x8c\x87\xe5\xae\x9a\xe9\x85\x8d\xe7\xbd\xae\xe7\x94\x9f\xe6\x88\x90\xe5\xa4\x9a\xe8\xa7\x86\xe8\xa7\x92\xe6\xa0\x87\xe5\x87\x86\xe5\x83\x8f (\xe4\xbd\xbf\xe7\x94\xa8 Imagen 3)\n    |\n\nfern/output/src/fern/exports/client.py:29:9: SyntaxError: Expected an identifier\n   |\n27 |         return self._raw_client\n28 |     \n29 |     def (self, *, novel_id: str, format: PostExportsRequestFormat, request_options: typing.Optional[RequestOptions] = None) -> PostExp\xe2\x80\xa6\n   |         ^\n30 |         """\n31 |         \xe5\xaf\xbc\xe5\x87\xba\xe6\xbc\xab\xe7\x94\xbb\xe4\xb8\xba PDF/Webtoon/\xe8\xb5\x84\xe6\xba\x90\xe5\x8c\x85\n   |\n\nfern/output/src/fern/exports/client.py:57:38: SyntaxError: Expected an identifier\n   |\n55 |         client.exports.(novel_id=\'novelId\', format=PostExportsRequestFormat.PDF, )\n56 |         """\n57 |         _response = self._raw_client.(novel_id=novel_id, format=format, request_options=request_options)\n   |                                      ^\n58 |         return _response.data\n   |\n\nfern/output/src/fern/exports/client.py:60:9: SyntaxError: Expected an identifier\n   |\n58 |         return _response.data\n59 |     \n60 |     def (self, id: str, *, request_options: typing.Optional[RequestOptions] = None) -> Export:\n   |         ^\n61 |         """\n62 |         \xe8\xbf\x94\xe5\x9b\x9e\xe5\xaf\xbc\xe5\x87\xba\xe6\x96\x87\xe4\xbb\xb6\xe7\x9a\x84\xe9\xa2\x84\xe7\xad\xbe\xe5\x90\x8d URL\n   |\n\nfern/output/src/fern/exports/client.py:83:38: SyntaxError: Expected an identifier\n   |\n81 |         client.exports.(id=\'test-123\', )\n82 |         """\n83 |         _response = self._raw_client.(id, request_options=request_options)\n   |                                      ^\n84 |         return _response.data\n85 | class AsyncExportsClient:\n   |\n\nfern/output/src/fern/exports/client.py:100:15: SyntaxError: Expected an identifier\n    |\n 98 |         return self._raw_client\n 99 |     \n100 |     async def (self, *, novel_id: str, format: PostExportsRequestFormat, request_options: typing.Optional[RequestOptions] = None) -> \xe2\x80\xa6\n    |               ^\n101 |         """\n102 |         \xe5\xaf\xbc\xe5\x87\xba\xe6\xbc\xab\xe7\x94\xbb\xe4\xb8\xba PDF/Webtoon/\xe8\xb5\x84\xe6\xba\x90\xe5\x8c\x85\n    |\n\nfern/output/src/fern/exports/client.py:132:44: SyntaxError: Expected an identifier\n    |\n130 |         asyncio.run(main())\n131 |         """\n132 |         _response = await self._raw_client.(novel_id=novel_id, format=format, request_options=request_options)\n    |                                            ^\n133 |         return _response.data\n    |\n\nfern/output/src/fern/exports/client.py:135:15: SyntaxError: Expected an identifier\n    |\n133 |         return _response.data\n134 |     \n135 |     async def (self, id: str, *, request_options: typing.Optional[RequestOptions] = None) -> Export:\n    |               ^\n136 |         """\n137 |         \xe8\xbf\x94\xe5\x9b\x9e\xe5\xaf\xbc\xe5\x87\xba\xe6\x96\x87\xe4\xbb\xb6\xe7\x9a\x84\xe9\xa2\x84\xe7\xad\xbe\xe5\x90\x8d URL\n    |\n\nfern/output/src/fern/exports/client.py:162:44: SyntaxError: Expected an identifier\n    |\n160 |         asyncio.run(main())\n161 |         """\n162 |         _response = await self._raw_client.(id, request_options=request_options)\n    |                                            ^\n163 |         return _response.data\n    |\n\nfern/output/src/fern/exports/raw_client.py:24:9: SyntaxError: Expected an identifier\n   |\n22 |         self._client_wrapper = client_wrapper\n23 |     \n24 |     def (self, *, novel_id: str, format: PostExportsRequestFormat, request_options: typing.Optional[RequestOptions] = None) -> HttpRes\xe2\x80\xa6\n   |         ^\n25 |         """\n26 |         \xe5\xaf\xbc\xe5\x87\xba\xe6\xbc\xab\xe7\x94\xbb\xe4\xb8\xba PDF/Webtoon/\xe8\xb5\x84\xe6\xba\x90\xe5\x8c\x85\n   |\n\nfern/output/src/fern/exports/raw_client.py:71:9: SyntaxError: Expected an identifier\n   |\n69 |         raise ApiError(status_code=_response.status_code, headers=dict(_response.headers), body=_response_json)\n70 |     \n71 |     def (self, id: str, *, request_options: typing.Optional[RequestOptions] = None) -> HttpResponse[Export]:\n   |         ^\n72 |         """\n73 |         \xe8\xbf\x94\xe5\x9b\x9e\xe5\xaf\xbc\xe5\x87\xba\xe6\x96\x87\xe4\xbb\xb6\xe7\x9a\x84\xe9\xa2\x84\xe7\xad\xbe\xe5\x90\x8d URL\n   |\n\nfern/output/src/fern/exports/raw_client.py:110:15: SyntaxError: Expected an identifier\n    |\n108 |         self._client_wrapper = client_wrapper\n109 |     \n110 |     async def (self, *, novel_id: str, format: PostExportsRequestFormat, request_options: typing.Optional[RequestOptions] = None) -> \xe2\x80\xa6\n    |               ^\n111 |         """\n112 |         \xe5\xaf\xbc\xe5\x87\xba\xe6\xbc\xab\xe7\x94\xbb\xe4\xb8\xba PDF/Webtoon/\xe8\xb5\x84\xe6\xba\x90\xe5\x8c\x85\n    |\n\nfern/output/src/fern/exports/raw_client.py:157:15: SyntaxError: Expected an identifier\n    |\n155 |         raise ApiError(status_code=_response.status_code, headers=dict(_response.headers), body=_response_json)\n156 |     \n157 |     async def (self, id: str, *, request_options: typing.Optional[RequestOptions] = None) -> AsyncHttpResponse[Export]:\n    |               ^\n158 |         """\n159 |         \xe8\xbf\x94\xe5\x9b\x9e\xe5\xaf\xbc\xe5\x87\xba\xe6\x96\x87\xe4\xbb\xb6\xe7\x9a\x84\xe9\xa2\x84\xe7\xad\xbe\xe5\x90\x8d URL\n    |\n\nfern/output/src/fern/novels/client.py:98:9: SyntaxError: Expected an identifier\n    |\n 96 |         return _response.data\n 97 |     \n 98 |     def (self, id: str, *, request_options: typing.Optional[RequestOptions] = None) -> Novel:\n    |         ^\n 99 |         """\n100 |         Parameters\n    |\n\nfern/output/src/fern/novels/client.py:119:38: SyntaxError: Expected an identifier\n    |\n117 |         client.novels.(id=\'test-123\', )\n118 |         """\n119 |         _response = self._raw_client.(id, request_options=request_options)\n    |                                      ^\n120 |         return _response.data\n    |\n\nfern/output/src/fern/novels/client.py:122:9: SyntaxError: Expected an identifier\n    |\n120 |         return _response.data\n121 |     \n122 |     def (self, id: str, *, request_options: typing.Optional[RequestOptions] = None) -> None:\n    |         ^\n123 |         """\n124 |         Parameters\n    |\n\nfern/output/src/fern/novels/client.py:142:38: SyntaxError: Expected an identifier\n    |\n140 |         client.novels.(id=\'test-123\', )\n141 |         """\n142 |         _response = self._raw_client.(id, request_options=request_options)\n    |                                      ^\n143 |         return _response.data\n    |\n\nfern/output/src/fern/novels/client.py:145:9: SyntaxError: Expected an identifier\n    |\n143 |         return _response.data\n144 |     \n145 |     def (self, id: str, *, chapter: typing.Optional[PostNovelsIdAnalyzeRequestChapter] = OMIT, options: typing.Optional[PostNovelsIdA\xe2\x80\xa6\n    |         ^\n146 |         """\n147 |         \xe4\xbd\xbf\xe7\x94\xa8 Qwen AI \xe5\x88\x86\xe6\x9e\x90\xe6\x96\x87\xe6\x9c\xac\xef\xbc\x8c\xe6\x8f\x90\xe5\x8f\x96\xe8\xa7\x92\xe8\x89\xb2\xe5\x9c\xa3\xe7\xbb\x8f\xe5\x92\x8c\xe5\x88\x86\xe9\x95\x9c\xe5\xa4\xa7\xe7\xba\xb2\n    |\n\nfern/output/src/fern/novels/client.py:173:38: SyntaxError: Expected an identifier\n    |\n171 |         client.novels.(id=\'test-123\', )\n172 |         """\n173 |         _response = self._raw_client.(id, chapter=chapter, options=options, request_options=request_options)\n    |                                      ^\n174 |         return _response.data\n175 | class AsyncNovelsClient:\n    |\n\nfern/output/src/fern/novels/client.py:272:15: SyntaxError: Expected an identifier\n    |\n270 |         return _response.data\n271 |     \n272 |     async def (self, id: str, *, request_options: typing.Optional[RequestOptions] = None) -> Novel:\n    |               ^\n273 |         """\n274 |         Parameters\n    |\n\nfern/output/src/fern/novels/client.py:297:44: SyntaxError: Expected an identifier\n    |\n295 |         asyncio.run(main())\n296 |         """\n297 |         _response = await self._raw_client.(id, request_options=request_options)\n    |                                            ^\n298 |         return _response.data\n    |\n\nfern/output/src/fern/novels/client.py:300:15: SyntaxError: Expected an identifier\n    |\n298 |         return _response.data\n299 |     \n300 |     async def (self, id: str, *, request_options: typing.Optional[RequestOptions] = None) -> None:\n    |               ^\n301 |         """\n302 |         Parameters\n    |\n\nfern/output/src/fern/novels/client.py:324:44: SyntaxError: Expected an identifier\n    |\n322 |         asyncio.run(main())\n323 |         """\n324 |         _response = await self._raw_client.(id, request_options=request_options)\n    |                                            ^\n325 |         return _response.data\n    |\n\nfern/output/src/fern/novels/client.py:327:15: SyntaxError: Expected an identifier\n    |\n325 |         return _response.data\n326 |     \n327 |     async def (self, id: str, *, chapter: typing.Optional[PostNovelsIdAnalyzeRequestChapter] = OMIT, options: typing.Optional[PostNov\xe2\x80\xa6\n    |               ^\n328 |         """\n329 |         \xe4\xbd\xbf\xe7\x94\xa8 Qwen AI \xe5\x88\x86\xe6\x9e\x90\xe6\x96\x87\xe6\x9c\xac\xef\xbc\x8c\xe6\x8f\x90\xe5\x8f\x96\xe8\xa7\x92\xe8\x89\xb2\xe5\x9c\xa3\xe7\xbb\x8f\xe5\x92\x8c\xe5\x88\x86\xe9\x95\x9c\xe5\xa4\xa7\xe7\xba\xb2\n    |\n\nfern/output/src/fern/novels/client.py:359:44: SyntaxError: Expected an identifier\n    |\n357 |         asyncio.run(main())\n358 |         """\n359 |         _response = await self._raw_client.(id, chapter=chapter, options=options, request_options=request_options)\n    |                                            ^\n360 |         return _response.data\n    |\n\nfern/output/src/fern/novels/raw_client.py:128:9: SyntaxError: Expected an identifier\n    |\n126 |         raise ApiError(status_code=_response.status_code, headers=dict(_response.headers), body=_response_json)\n127 |     \n128 |     def (self, id: str, *, request_options: typing.Optional[RequestOptions] = None) -> HttpResponse[Novel]:\n    |         ^\n129 |         """\n130 |         Parameters\n    |\n\nfern/output/src/fern/novels/raw_client.py:170:9: SyntaxError: Expected an identifier\n    |\n168 |         raise ApiError(status_code=_response.status_code, headers=dict(_response.headers), body=_response_json)\n169 |     \n170 |     def (self, id: str, *, request_options: typing.Optional[RequestOptions] = None) -> HttpResponse[None]:\n    |         ^\n171 |         """\n172 |         Parameters\n    |\n\nfern/output/src/fern/novels/raw_client.py:204:9: SyntaxError: Expected an identifier\n    |\n202 |         raise ApiError(status_code=_response.status_code, headers=dict(_response.headers), body=_response_json)\n203 |     \n204 |     def (self, id: str, *, chapter: typing.Optional[PostNovelsIdAnalyzeRequestChapter] = OMIT, options: typing.Optional[PostNovelsIdA\xe2\x80\xa6\n    |         ^\n205 |         """\n206 |         \xe4\xbd\xbf\xe7\x94\xa8 Qwen AI \xe5\x88\x86\xe6\x9e\x90\xe6\x96\x87\xe6\x9c\xac\xef\xbc\x8c\xe6\x8f\x90\xe5\x8f\x96\xe8\xa7\x92\xe8\x89\xb2\xe5\x9c\xa3\xe7\xbb\x8f\xe5\x92\x8c\xe5\x88\x86\xe9\x95\x9c\xe5\xa4\xa7\xe7\xba\xb2\n    |\n\nfern/output/src/fern/novels/raw_client.py:361:15: SyntaxError: Expected an identifier\n    |\n359 |         raise ApiError(status_code=_response.status_code, headers=dict(_response.headers), body=_response_json)\n360 |     \n361 |     async def (self, id: str, *, request_options: typing.Optional[RequestOptions] = None) -> AsyncHttpResponse[Novel]:\n    |               ^\n362 |         """\n363 |         Parameters\n    |\n\nfern/output/src/fern/novels/raw_client.py:403:15: SyntaxError: Expected an identifier\n    |\n401 |         raise ApiError(status_code=_response.status_code, headers=dict(_response.headers), body=_response_json)\n402 |     \n403 |     async def (self, id: str, *, request_options: typing.Optional[RequestOptions] = None) -> AsyncHttpResponse[None]:\n    |               ^\n404 |         """\n405 |         Parameters\n    |\n\nfern/output/src/fern/novels/raw_client.py:437:15: SyntaxError: Expected an identifier\n    |\n435 |         raise ApiError(status_code=_response.status_code, headers=dict(_response.headers), body=_response_json)\n436 |     \n437 |     async def (self, id: str, *, chapter: typing.Optional[PostNovelsIdAnalyzeRequestChapter] = OMIT, options: typing.Optional[PostNov\xe2\x80\xa6\n    |               ^\n438 |         """\n439 |         \xe4\xbd\xbf\xe7\x94\xa8 Qwen AI \xe5\x88\x86\xe6\x9e\x90\xe6\x96\x87\xe6\x9c\xac\xef\xbc\x8c\xe6\x8f\x90\xe5\x8f\x96\xe8\xa7\x92\xe8\x89\xb2\xe5\x9c\xa3\xe7\xbb\x8f\xe5\x92\x8c\xe5\x88\x86\xe9\x95\x9c\xe5\xa4\xa7\xe7\xba\xb2\n    |\n\nfern/output/src/fern/panels/client.py:31:9: SyntaxError: Expected an identifier\n   |\n29 |         return self._raw_client\n30 |     \n31 |     def (self, panel_id: str, *, request_options: typing.Optional[RequestOptions] = None) -> Panel:\n   |         ^\n32 |         """\n33 |         Parameters\n   |\n\nfern/output/src/fern/panels/client.py:52:38: SyntaxError: Expected an identifier\n   |\n50 |         client.panels.(panel_id=\'test-panel-123\', )\n51 |         """\n52 |         _response = self._raw_client.(panel_id, request_options=request_options)\n   |                                      ^\n53 |         return _response.data\n   |\n\nfern/output/src/fern/panels/client.py:55:9: SyntaxError: Expected an identifier\n   |\n53 |         return _response.data\n54 |     \n55 |     def (self, panel_id: str, *, scene: typing.Optional[str] = OMIT, shot_type: typing.Optional[str] = OMIT, camera_angle: typing.Opti\xe2\x80\xa6\n   |         ^\n56 |         """\n57 |         \xe7\xbc\x96\xe8\xbe\x91\xe5\x88\x86\xe9\x95\x9c\xe7\x9a\x84\xe5\x9c\xba\xe6\x99\xaf\xe6\x8f\x8f\xe8\xbf\xb0\xe3\x80\x81\xe6\x9c\xba\xe4\xbd\x8d\xe3\x80\x81\xe8\xa7\x92\xe8\x89\xb2\xe4\xb8\x8e\xe5\xaf\xb9\xe7\x99\xbd\xe7\xad\x89\xe6\x96\x87\xe6\x9c\xac\xe4\xbf\xa1\xe6\x81\xaf\n   |\n\nfern/output/src/fern/panels/client.py:105:38: SyntaxError: Expected an identifier\n    |\n103 | \xe2\x80\xa6     client.panels.(panel_id=\'test-panel-123\', )\n104 | \xe2\x80\xa6     """\n105 | \xe2\x80\xa6     _response = self._raw_client.(panel_id, scene=scene, shot_type=shot_type, camera_angle=camera_angle, composition=composition, v\xe2\x80\xa6\n    |                                    ^\n106 | \xe2\x80\xa6     return _response.data\n    |\n\nfern/output/src/fern/panels/client.py:108:9: SyntaxError: Expected an identifier\n    |\n106 |         return _response.data\n107 |     \n108 |     def (self, panel_id: str, *, edit_mode: PostPanelsPanelIdEditRequestEditMode, instruction: str, mask: typing.Optional[str] = OMIT\xe2\x80\xa6\n    |         ^\n109 |         """\n110 |         \xe4\xbd\xbf\xe7\x94\xa8 Imagen 3 \xe7\xbc\x96\xe8\xbe\x91 API (inpaint/outpaint/bg_swap)\n    |\n\nfern/output/src/fern/panels/client.py:141:38: SyntaxError: Expected an identifier\n    |\n139 |         client.panels.(panel_id=\'test-panel-123\', edit_mode=PostPanelsPanelIdEditRequestEditMode.INPAINT, instruction=\'\xe6\x8a\x8a\xe8\xa7\x92\xe8\x89\xb2\xe7\x9a\x84\xe8\xa1\xa8\xe6\x83\x85\xe6\x94\xb9      \xe2\x80\xa6\n140 |         """\n141 |         _response = self._raw_client.(panel_id, edit_mode=edit_mode, instruction=instruction, mask=mask, request_options=request_opti\xe2\x80\xa6\n    |                                      ^\n142 |         return _response.data\n143 | class AsyncPanelsClient:\n    |\n\nfern/output/src/fern/panels/client.py:158:15: SyntaxError: Expected an identifier\n    |\n156 |         return self._raw_client\n157 |     \n158 |     async def (self, panel_id: str, *, request_options: typing.Optional[RequestOptions] = None) -> Panel:\n    |               ^\n159 |         """\n160 |         Parameters\n    |\n\nfern/output/src/fern/panels/client.py:183:44: SyntaxError: Expected an identifier\n    |\n181 |         asyncio.run(main())\n182 |         """\n183 |         _response = await self._raw_client.(panel_id, request_options=request_options)\n    |                                            ^\n184 |         return _response.data\n    |\n\nfern/output/src/fern/panels/client.py:186:15: SyntaxError: Expected an identifier\n    |\n184 |         return _response.data\n185 |     \n186 |     async def (self, panel_id: str, *, scene: typing.Optional[str] = OMIT, shot_type: typing.Optional[str] = OMIT, camera_angle: typi\xe2\x80\xa6\n    |               ^\n187 |         """\n188 |         \xe7\xbc\x96\xe8\xbe\x91\xe5\x88\x86\xe9\x95\x9c\xe7\x9a\x84\xe5\x9c\xba\xe6\x99\xaf\xe6\x8f\x8f\xe8\xbf\xb0\xe3\x80\x81\xe6\x9c\xba\xe4\xbd\x8d\xe3\x80\x81\xe8\xa7\x92\xe8\x89\xb2\xe4\xb8\x8e\xe5\xaf\xb9\xe7\x99\xbd\xe7\xad\x89\xe6\x96\x87\xe6\x9c\xac\xe4\xbf\xa1\xe6\x81\xaf\n    |\n\nfern/output/src/fern/panels/client.py:240:44: SyntaxError: Expected an identifier\n    |\n238 | \xe2\x80\xa6     asyncio.run(main())\n239 | \xe2\x80\xa6     """\n240 | \xe2\x80\xa6     _response = await self._raw_client.(panel_id, scene=scene, shot_type=shot_type, camera_angle=camera_angle, composition=composit\xe2\x80\xa6\n    |                                          ^\n241 | \xe2\x80\xa6     return _response.data\n    |\n\nfern/output/src/fern/panels/client.py:243:15: SyntaxError: Expected an identifier\n    |\n241 |         return _response.data\n242 |     \n243 |     async def (self, panel_id: str, *, edit_mode: PostPanelsPanelIdEditRequestEditMode, instruction: str, mask: typing.Optional[str] \xe2\x80\xa6\n    |               ^\n244 |         """\n245 |         \xe4\xbd\xbf\xe7\x94\xa8 Imagen 3 \xe7\xbc\x96\xe8\xbe\x91 API (inpaint/outpaint/bg_swap)\n    |\n\nfern/output/src/fern/panels/client.py:280:44: SyntaxError: Expected an identifier\n    |\n278 | \xe2\x80\xa6     asyncio.run(main())\n279 | \xe2\x80\xa6     """\n280 | \xe2\x80\xa6     _response = await self._raw_client.(panel_id, edit_mode=edit_mode, instruction=instruction, mask=mask, request_options=request_\xe2\x80\xa6\n    |                                          ^\n281 | \xe2\x80\xa6     return _response.data\n    |\n\nfern/output/src/fern/panels/raw_client.py:30:9: SyntaxError: Expected an identifier\n   |\n28 |         self._client_wrapper = client_wrapper\n29 |     \n30 |     def (self, panel_id: str, *, request_options: typing.Optional[RequestOptions] = None) -> HttpResponse[Panel]:\n   |         ^\n31 |         """\n32 |         Parameters\n   |\n\nfern/output/src/fern/panels/raw_client.py:64:9: SyntaxError: Expected an identifier\n   |\n62 |         raise ApiError(status_code=_response.status_code, headers=dict(_response.headers), body=_response_json)\n63 |     \n64 |     def (self, panel_id: str, *, scene: typing.Optional[str] = OMIT, shot_type: typing.Optional[str] = OMIT, camera_angle: typing.Opti\xe2\x80\xa6\n   |         ^\n65 |         """\n66 |         \xe7\xbc\x96\xe8\xbe\x91\xe5\x88\x86\xe9\x95\x9c\xe7\x9a\x84\xe5\x9c\xba\xe6\x99\xaf\xe6\x8f\x8f\xe8\xbf\xb0\xe3\x80\x81\xe6\x9c\xba\xe4\xbd\x8d\xe3\x80\x81\xe8\xa7\x92\xe8\x89\xb2\xe4\xb8\x8e\xe5\xaf\xb9\xe7\x99\xbd\xe7\xad\x89\xe6\x96\x87\xe6\x9c\xac\xe4\xbf\xa1\xe6\x81\xaf\n   |\n\nfern/output/src/fern/panels/raw_client.py:158:9: SyntaxError: Expected an identifier\n    |\n156 |         raise ApiError(status_code=_response.status_code, headers=dict(_response.headers), body=_response_json)\n157 |     \n158 |     def (self, panel_id: str, *, edit_mode: PostPanelsPanelIdEditRequestEditMode, instruction: str, mask: typing.Optional[str] = OMIT\xe2\x80\xa6\n    |         ^\n159 |         """\n160 |         \xe4\xbd\xbf\xe7\x94\xa8 Imagen 3 \xe7\xbc\x96\xe8\xbe\x91 API (inpaint/outpaint/bg_swap)\n    |\n\nfern/output/src/fern/panels/raw_client.py:214:15: SyntaxError: Expected an identifier\n    |\n212 |         self._client_wrapper = client_wrapper\n213 |     \n214 |     async def (self, panel_id: str, *, request_options: typing.Optional[RequestOptions] = None) -> AsyncHttpResponse[Panel]:\n    |               ^\n215 |         """\n216 |         Parameters\n    |\n\nfern/output/src/fern/panels/raw_client.py:248:15: SyntaxError: Expected an identifier\n    |\n246 |         raise ApiError(status_code=_response.status_code, headers=dict(_response.headers), body=_response_json)\n247 |     \n248 |     async def (self, panel_id: str, *, scene: typing.Optional[str] = OMIT, shot_type: typing.Optional[str] = OMIT, camera_angle: typi\xe2\x80\xa6\n    |               ^\n249 |         """\n250 |         \xe7\xbc\x96\xe8\xbe\x91\xe5\x88\x86\xe9\x95\x9c\xe7\x9a\x84\xe5\x9c\xba\xe6\x99\xaf\xe6\x8f\x8f\xe8\xbf\xb0\xe3\x80\x81\xe6\x9c\xba\xe4\xbd\x8d\xe3\x80\x81\xe8\xa7\x92\xe8\x89\xb2\xe4\xb8\x8e\xe5\xaf\xb9\xe7\x99\xbd\xe7\xad\x89\xe6\x96\x87\xe6\x9c\xac\xe4\xbf\xa1\xe6\x81\xaf\n    |\n\nfern/output/src/fern/panels/raw_client.py:342:15: SyntaxError: Expected an identifier\n    |\n340 |         raise ApiError(status_code=_response.status_code, headers=dict(_response.headers), body=_response_json)\n341 |     \n342 |     async def (self, panel_id: str, *, edit_mode: PostPanelsPanelIdEditRequestEditMode, instruction: str, mask: typing.Optional[str] \xe2\x80\xa6\n    |               ^\n343 |         """\n344 |         \xe4\xbd\xbf\xe7\x94\xa8 Imagen 3 \xe7\xbc\x96\xe8\xbe\x91 API (inpaint/outpaint/bg_swap)\n    |\n\nfern/output/src/fern/storyboards/client.py:28:9: SyntaxError: Expected an identifier\n   |\n26 |         return self._raw_client\n27 |     \n28 |     def (self, id: str, *, request_options: typing.Optional[RequestOptions] = None) -> GetNovelsIdStoryboardsResponse:\n   |         ^\n29 |         """\n30 |         \xe8\xbf\x94\xe5\x9b\x9e\xe6\x8c\x87\xe5\xae\x9a\xe4\xbd\x9c\xe5\x93\x81\xe4\xb8\x8b\xe6\x89\x80\xe6\x9c\x89\xe5\xb7\xb2\xe7\x94\x9f\xe6\x88\x90\xe7\x9a\x84\xe5\x88\x86\xe9\x95\x9c\xe7\xab\xa0\xe8\x8a\x82\xef\xbc\x8c\xe6\x8c\x89\xe7\x85\xa7\xe7\xab\xa0\xe8\x8a\x82\xe7\xbc\x96\xe5\x8f\xb7\xe6\x8e\x92\xe5\xba\x8f\n   |\n\nfern/output/src/fern/storyboards/client.py:51:38: SyntaxError: Expected an identifier\n   |\n49 |         client.storyboards.(id=\'novel-123\', )\n50 |         """\n51 |         _response = self._raw_client.(id, request_options=request_options)\n   |                                      ^\n52 |         return _response.data\n   |\n\nfern/output/src/fern/storyboards/client.py:54:9: SyntaxError: Expected an identifier\n   |\n52 |         return _response.data\n53 |     \n54 |     def (self, id: str, *, request_options: typing.Optional[RequestOptions] = None) -> Storyboard:\n   |         ^\n55 |         """\n56 |         Parameters\n   |\n\nfern/output/src/fern/storyboards/client.py:75:38: SyntaxError: Expected an identifier\n   |\n73 |         client.storyboards.(id=\'test-123\', )\n74 |         """\n75 |         _response = self._raw_client.(id, request_options=request_options)\n   |                                      ^\n76 |         return _response.data\n   |\n\nfern/output/src/fern/storyboards/client.py:78:9: SyntaxError: Expected an identifier\n   |\n76 |         return _response.data\n77 |     \n78 |     def (self, id: str, *, mode: typing.Optional[PostStoryboardsIdGenerateRequestMode] = None, request_options: typing.Optional[Reques\xe2\x80\xa6\n   |         ^\n79 |         """\n80 |         \xe4\xbd\xbf\xe7\x94\xa8 Imagen 3 \xe6\x89\xb9\xe9\x87\x8f\xe7\x94\x9f\xe6\x88\x90\xe6\x89\x80\xe6\x9c\x89\xe9\x9d\xa2\xe6\x9d\xbf\xe7\x9a\x84\xe5\x9b\xbe\xe5\x83\x8f\n   |\n\nfern/output/src/fern/storyboards/client.py:104:38: SyntaxError: Expected an identifier\n    |\n102 |         client.storyboards.(id=\'test-123\', )\n103 |         """\n104 |         _response = self._raw_client.(id, mode=mode, request_options=request_options)\n    |                                      ^\n105 |         return _response.data\n106 | class AsyncStoryboardsClient:\n    |\n\nfern/output/src/fern/storyboards/client.py:121:15: SyntaxError: Expected an identifier\n    |\n119 |         return self._raw_client\n120 |     \n121 |     async def (self, id: str, *, request_options: typing.Optional[RequestOptions] = None) -> GetNovelsIdStoryboardsResponse:\n    |               ^\n122 |         """\n123 |         \xe8\xbf\x94\xe5\x9b\x9e\xe6\x8c\x87\xe5\xae\x9a\xe4\xbd\x9c\xe5\x93\x81\xe4\xb8\x8b\xe6\x89\x80\xe6\x9c\x89\xe5\xb7\xb2\xe7\x94\x9f\xe6\x88\x90\xe7\x9a\x84\xe5\x88\x86\xe9\x95\x9c\xe7\xab\xa0\xe8\x8a\x82\xef\xbc\x8c\xe6\x8c\x89\xe7\x85\xa7\xe7\xab\xa0\xe8\x8a\x82\xe7\xbc\x96\xe5\x8f\xb7\xe6\x8e\x92\xe5\xba\x8f\n    |\n\nfern/output/src/fern/storyboards/client.py:148:44: SyntaxError: Expected an identifier\n    |\n146 |         asyncio.run(main())\n147 |         """\n148 |         _response = await self._raw_client.(id, request_options=request_options)\n    |                                            ^\n149 |         return _response.data\n    |\n\nfern/output/src/fern/storyboards/client.py:151:15: SyntaxError: Expected an identifier\n    |\n149 |         return _response.data\n150 |     \n151 |     async def (self, id: str, *, request_options: typing.Optional[RequestOptions] = None) -> Storyboard:\n    |               ^\n152 |         """\n153 |         Parameters\n    |\n\nfern/output/src/fern/storyboards/client.py:176:44: SyntaxError: Expected an identifier\n    |\n174 |         asyncio.run(main())\n175 |         """\n176 |         _response = await self._raw_client.(id, request_options=request_options)\n    |                                            ^\n177 |         return _response.data\n    |\n\nfern/output/src/fern/storyboards/client.py:179:15: SyntaxError: Expected an identifier\n    |\n177 |         return _response.data\n178 |     \n179 |     async def (self, id: str, *, mode: typing.Optional[PostStoryboardsIdGenerateRequestMode] = None, request_options: typing.Optional\xe2\x80\xa6\n    |               ^\n180 |         """\n181 |         \xe4\xbd\xbf\xe7\x94\xa8 Imagen 3 \xe6\x89\xb9\xe9\x87\x8f\xe7\x94\x9f\xe6\x88\x90\xe6\x89\x80\xe6\x9c\x89\xe9\x9d\xa2\xe6\x9d\xbf\xe7\x9a\x84\xe5\x9b\xbe\xe5\x83\x8f\n    |\n\nfern/output/src/fern/storyboards/client.py:209:44: SyntaxError: Expected an identifier\n    |\n207 |         asyncio.run(main())\n208 |         """\n209 |         _response = await self._raw_client.(id, mode=mode, request_options=request_options)\n    |                                            ^\n210 |         return _response.data\n    |\n\nfern/output/src/fern/storyboards/raw_client.py:26:9: SyntaxError: Expected an identifier\n   |\n24 |         self._client_wrapper = client_wrapper\n25 |     \n26 |     def (self, id: str, *, request_options: typing.Optional[RequestOptions] = None) -> HttpResponse[GetNovelsIdStoryboardsResponse]:\n   |         ^\n27 |         """\n28 |         \xe8\xbf\x94\xe5\x9b\x9e\xe6\x8c\x87\xe5\xae\x9a\xe4\xbd\x9c\xe5\x93\x81\xe4\xb8\x8b\xe6\x89\x80\xe6\x9c\x89\xe5\xb7\xb2\xe7\x94\x9f\xe6\x88\x90\xe7\x9a\x84\xe5\x88\x86\xe9\x95\x9c\xe7\xab\xa0\xe8\x8a\x82\xef\xbc\x8c\xe6\x8c\x89\xe7\x85\xa7\xe7\xab\xa0\xe8\x8a\x82\xe7\xbc\x96\xe5\x8f\xb7\xe6\x8e\x92\xe5\xba\x8f\n   |\n\nfern/output/src/fern/storyboards/raw_client.py:86:9: SyntaxError: Expected an identifier\n   |\n84 |         raise ApiError(status_code=_response.status_code, headers=dict(_response.headers), body=_response_json)\n85 |     \n86 |     def (self, id: str, *, request_options: typing.Optional[RequestOptions] = None) -> HttpResponse[Storyboard]:\n   |         ^\n87 |         """\n88 |         Parameters\n   |\n\nfern/output/src/fern/storyboards/raw_client.py:120:9: SyntaxError: Expected an identifier\n    |\n118 |         raise ApiError(status_code=_response.status_code, headers=dict(_response.headers), body=_response_json)\n119 |     \n120 |     def (self, id: str, *, mode: typing.Optional[PostStoryboardsIdGenerateRequestMode] = None, request_options: typing.Optional[Reque\xe2\x80\xa6\n    |         ^\n121 |         """\n122 |         \xe4\xbd\xbf\xe7\x94\xa8 Imagen 3 \xe6\x89\xb9\xe9\x87\x8f\xe7\x94\x9f\xe6\x88\x90\xe6\x89\x80\xe6\x9c\x89\xe9\x9d\xa2\xe6\x9d\xbf\xe7\x9a\x84\xe5\x9b\xbe\xe5\x83\x8f\n    |\n\nfern/output/src/fern/storyboards/raw_client.py:164:15: SyntaxError: Expected an identifier\n    |\n162 |         self._client_wrapper = client_wrapper\n163 |     \n164 |     async def (self, id: str, *, request_options: typing.Optional[RequestOptions] = None) -> AsyncHttpResponse[GetNovelsIdStoryboards\xe2\x80\xa6\n    |               ^\n165 |         """\n166 |         \xe8\xbf\x94\xe5\x9b\x9e\xe6\x8c\x87\xe5\xae\x9a\xe4\xbd\x9c\xe5\x93\x81\xe4\xb8\x8b\xe6\x89\x80\xe6\x9c\x89\xe5\xb7\xb2\xe7\x94\x9f\xe6\x88\x90\xe7\x9a\x84\xe5\x88\x86\xe9\x95\x9c\xe7\xab\xa0\xe8\x8a\x82\xef\xbc\x8c\xe6\x8c\x89\xe7\x85\xa7\xe7\xab\xa0\xe8\x8a\x82\xe7\xbc\x96\xe5\x8f\xb7\xe6\x8e\x92\xe5\xba\x8f\n    |\n\nfern/output/src/fern/storyboards/raw_client.py:224:15: SyntaxError: Expected an identifier\n    |\n222 |         raise ApiError(status_code=_response.status_code, headers=dict(_response.headers), body=_response_json)\n223 |     \n224 |     async def (self, id: str, *, request_options: typing.Optional[RequestOptions] = None) -> AsyncHttpResponse[Storyboard]:\n    |               ^\n225 |         """\n226 |         Parameters\n    |\n\nfern/output/src/fern/storyboards/raw_client.py:258:15: SyntaxError: Expected an identifier\n    |\n256 |         raise ApiError(status_code=_response.status_code, headers=dict(_response.headers), body=_response_json)\n257 |     \n258 |     async def (self, id: str, *, mode: typing.Optional[PostStoryboardsIdGenerateRequestMode] = None, request_options: typing.Optional\xe2\x80\xa6\n    |               ^\n259 |         """\n260 |         \xe4\xbd\xbf\xe7\x94\xa8 Imagen 3 \xe6\x89\xb9\xe9\x87\x8f\xe7\x94\x9f\xe6\x88\x90\xe6\x89\x80\xe6\x9c\x89\xe9\x9d\xa2\xe6\x9d\xbf\xe7\x9a\x84\xe5\x9b\xbe\xe5\x83\x8f\n    |\n\nFound 275 errors (119 fixed, 156 remaining).\n'
                                          b''
                                          /usr/local/lib/python3.13/site-packages/pydantic/_internal/_config.py:386: UserWarning: Valid config keys have changed in V2:
                                          * 'allow_population_by_field_name' has been renamed to 'validate_by_name'
                                          * 'smart_union' has been removed
                                            warnings.warn(message, UserWarning)
                                          /usr/local/lib/python3.13/site-packages/pydantic/_internal/_config.py:386: UserWarning: Valid config keys have changed in V2:
                                          * 'allow_population_by_field_name' has been renamed to 'validate_by_name'
                                            warnings.warn(message, UserWarning)
                                          Traceback (most recent call last):
                                            File "/src/fern_python/cli/publisher.py", line 108, in _run_command
                                              completed_command = subprocess.run(
                                                  command,
                                              ...<4 lines>...
                                                  env=env,
                                              )
                                            File "/usr/local/lib/python3.13/subprocess.py", line 577, in run
                                              raise CalledProcessError(retcode, process.args,
                                                                       output=stdout, stderr=stderr)
                                          subprocess.CalledProcessError: Command '['ruff', 'check', '--fix', '--no-cache', '--ignore', 'E741', '/fern/output']' returned non-zero exit status 1.
                                          
                                          During handling of the above exception, another exception occurred:
                                          
                                          Traceback (most recent call last):
                                            File "<frozen runpy>", line 203, in _run_module_as_main
                                            File "<frozen runpy>", line 88, in _run_code
                                            File "/src/fern_python/generators/sdk/cli.py", line 13, in <module>
                                              typer.run(main)
                                              ~~~~~~~~~^^^^^^
                                            File "/usr/local/lib/python3.13/site-packages/typer/main.py", line 1050, in run
                                              app()
                                              ~~~^^
                                            File "/usr/local/lib/python3.13/site-packages/typer/main.py", line 328, in __call__
                                              raise e
                                            File "/usr/local/lib/python3.13/site-packages/typer/main.py", line 311, in __call__
                                              return get_command(self)(*args, **kwargs)
                                                     ~~~~~~~~~~~~~~~~~^^^^^^^^^^^^^^^^^
                                            File "/usr/local/lib/python3.13/site-packages/click/core.py", line 1524, in __call__
                                              return self.main(*args, **kwargs)
                                                     ~~~~~~~~~^^^^^^^^^^^^^^^^^
                                            File "/usr/local/lib/python3.13/site-packages/typer/core.py", line 716, in main
                                              return _main(
                                                  self,
                                              ...<5 lines>...
                                                  **extra,
                                              )
                                            File "/usr/local/lib/python3.13/site-packages/typer/core.py", line 216, in _main
                                              rv = self.invoke(ctx)
                                            File "/usr/local/lib/python3.13/site-packages/click/core.py", line 1308, in invoke
                                              return ctx.invoke(self.callback, **ctx.params)
                                                     ~~~~~~~~~~^^^^^^^^^^^^^^^^^^^^^^^^^^^^^
                                            File "/usr/local/lib/python3.13/site-packages/click/core.py", line 877, in invoke
                                              return callback(*args, **kwargs)
                                            File "/usr/local/lib/python3.13/site-packages/typer/main.py", line 683, in wrapper
                                              return callback(**use_params)  # type: ignore
                                            File "/src/fern_python/generators/sdk/cli.py", line 9, in main
                                              cli.run()
                                              ~~~~~~~^^
                                            File "/src/fern_python/cli/generator_cli.py", line 60, in run
                                              raise e
                                            File "/src/fern_python/cli/generator_cli.py", line 44, in run
                                              self.abstract_generator.generate_project(
                                              ~~~~~~~~~~~~~~~~~~~~~~~~~~~~~~~~~~~~~~~~^
                                                  generator_exec_wrapper=generator_exec_wrapper,
                                                  ^^^^^^^^^^^^^^^^^^^^^^^^^^^^^^^^^^^^^^^^^^^^^^
                                                  ir=ir,
                                                  ^^^^^^
                                                  generator_config=config,
                                                  ^^^^^^^^^^^^^^^^^^^^^^^^
                                              )
                                              ^
                                            File "/src/fern_python/cli/abstract_generator.py", line 225, in generate_project
                                              publisher.run_ruff_check_fix("/fern/output", cwd="/")
                                              ~~~~~~~~~~~~~~~~~~~~~~~~~~~~^^^^^^^^^^^^^^^^^^^^^^^^^
                                            File "/src/fern_python/cli/publisher.py", line 31, in run_ruff_check_fix
                                              self._run_command(
                                              ~~~~~~~~~~~~~~~~~^
                                                  command=command,
                                                  ^^^^^^^^^^^^^^^^
                                                  safe_command=" ".join(command),
                                                  ^^^^^^^^^^^^^^^^^^^^^^^^^^^^^^^
                                                  cwd=cwd,
                                                  ^^^^^^^^
                                              )
                                              ^
                                            File "/src/fern_python/cli/publisher.py", line 131, in _run_command
                                              raise Exception("Failed to run command", safe_command)
                                          Exception: ('Failed to run command', 'ruff check --fix --no-cache --ignore E741 /fern/output')
