source	key	candidate	revision	digest	census	licence_screen	revision_screen	fern_screen	disposition	record
apis.guru	annotated-ref-target-closed-object	https://api.apis.guru/v2/specs/pandascore.co/2.23.1/openapi.yaml	no-immutable-ref: served catalogue version URL is mutable; pinned YAML fallback recorded separately	c897eef05f5948bf9329516408143580ab063b288c646b86fc5338a29b050d50	7	failed: no document grant and no publisher grant evidenced (document licence: none)	not-run: licence screen failed	not-run: licence screen failed	rejected	witness-search-apis.guru/records.tsv:2
vendor-portals	annotated-ref-target-closed-object	https://api.pandascore.co/openapi.json	no-immutable-ref: https://api.pandascore.co/openapi.json is a mutable live endpoint	1d03b8704499388a9acac597a517cef324a89bf209b93f3ed16c893947e557cc	40	failed: no evidenced publisher redistribution grant; info.license absent in measured response (document licence: none)	not-run: licence screen failed	not-run: licence screen failed	rejected	witness-search-vendor-portals/records.tsv:2
apis.guru	annotated-ref-target-closed-object	https://raw.githubusercontent.com/APIs-guru/openapi-directory/f04b8d0bcd39c52e1cf3ad7a5fe744709832ae49/APIs/pandascore.co/2.23.1/openapi.yaml	f04b8d0bcd39c52e1cf3ad7a5fe744709832ae49	c897eef05f5948bf9329516408143580ab063b288c646b86fc5338a29b050d50	7	failed: no document grant and no publisher grant evidenced (document licence: none)	not-run: licence screen failed	not-run: licence screen failed	rejected	witness-search-apis.guru/records.tsv:3
jentic	annotated-ref-target-closed-object	https://raw.githubusercontent.com/jentic/jentic-public-apis/eb9d12a2684b0fbcb5aecf51e8ae54dba0929743/apis/openapi/pandascore.co/main/2.23.1/meta/import/input-bundle.json	eb9d12a2684b0fbcb5aecf51e8ae54dba0929743	163af164b8d5ce50a80d913ea47167fc5cba5c16da9b892fcfb484fb68ebf25c	7	failed: see exact grant finding (document licence: none); jentic redistribution: CC0-1.0	not-run: licence screen failed	not-run: licence screen failed	rejected	witness-search-jentic/records.tsv:2
jentic	annotated-ref-target-closed-object	https://raw.githubusercontent.com/jentic/jentic-public-apis/eb9d12a2684b0fbcb5aecf51e8ae54dba0929743/apis/openapi/pandascore.co/main/2.23.1/meta/import/input-entry.json	eb9d12a2684b0fbcb5aecf51e8ae54dba0929743	163af164b8d5ce50a80d913ea47167fc5cba5c16da9b892fcfb484fb68ebf25c	7	failed: see exact grant finding (document licence: none); jentic redistribution: CC0-1.0	not-run: licence screen failed	not-run: licence screen failed	rejected	witness-search-jentic/records.tsv:3
jentic	annotated-ref-target-closed-object	https://raw.githubusercontent.com/jentic/jentic-public-apis/eb9d12a2684b0fbcb5aecf51e8ae54dba0929743/apis/openapi/pandascore.co/main/2.23.1/meta/import/output-bundle.json	eb9d12a2684b0fbcb5aecf51e8ae54dba0929743	163af164b8d5ce50a80d913ea47167fc5cba5c16da9b892fcfb484fb68ebf25c	7	failed: see exact grant finding (document licence: none); jentic redistribution: CC0-1.0	not-run: licence screen failed	not-run: licence screen failed	rejected	witness-search-jentic/records.tsv:4
jentic	annotated-ref-target-closed-object	https://raw.githubusercontent.com/jentic/jentic-public-apis/eb9d12a2684b0fbcb5aecf51e8ae54dba0929743/apis/openapi/pandascore.co/main/2.23.1/meta/import/output-entry.json	eb9d12a2684b0fbcb5aecf51e8ae54dba0929743	163af164b8d5ce50a80d913ea47167fc5cba5c16da9b892fcfb484fb68ebf25c	7	failed: see exact grant finding (document licence: none); jentic redistribution: CC0-1.0	not-run: licence screen failed	not-run: licence screen failed	rejected	witness-search-jentic/records.tsv:5
jentic	annotated-ref-target-closed-object	https://raw.githubusercontent.com/jentic/jentic-public-apis/eb9d12a2684b0fbcb5aecf51e8ae54dba0929743/apis/openapi/pandascore.co/main/2.23.1/openapi.json	eb9d12a2684b0fbcb5aecf51e8ae54dba0929743	163af164b8d5ce50a80d913ea47167fc5cba5c16da9b892fcfb484fb68ebf25c	7	failed: see exact grant finding (document licence: none); jentic redistribution: CC0-1.0	not-run: licence screen failed	not-run: licence screen failed	rejected	witness-search-jentic/records.tsv:6
jentic	annotated-ref-target-closed-object	https://raw.githubusercontent.com/jentic/jentic-public-apis/eb9d12a2684b0fbcb5aecf51e8ae54dba0929743/apis/openapi/pandascore.co/pandascore-rest-api-for-all-videogames/2.23.1/meta/import/input-bundle.json	eb9d12a2684b0fbcb5aecf51e8ae54dba0929743	3d238afcf5ede4dc3d22870e238ff3c1891a22d150e7edf8f8566918e86eb7bb	7	failed: see exact grant finding (document licence: none); jentic redistribution: CC0-1.0	not-run: licence screen failed	not-run: licence screen failed	rejected	witness-search-jentic/records.tsv:7
jentic	annotated-ref-target-closed-object	https://raw.githubusercontent.com/jentic/jentic-public-apis/eb9d12a2684b0fbcb5aecf51e8ae54dba0929743/apis/openapi/pandascore.co/pandascore-rest-api-for-all-videogames/2.23.1/meta/import/input-entry.json	eb9d12a2684b0fbcb5aecf51e8ae54dba0929743	3d238afcf5ede4dc3d22870e238ff3c1891a22d150e7edf8f8566918e86eb7bb	7	failed: see exact grant finding (document licence: none); jentic redistribution: CC0-1.0	not-run: licence screen failed	not-run: licence screen failed	rejected	witness-search-jentic/records.tsv:8
jentic	annotated-ref-target-closed-object	https://raw.githubusercontent.com/jentic/jentic-public-apis/eb9d12a2684b0fbcb5aecf51e8ae54dba0929743/apis/openapi/pandascore.co/pandascore-rest-api-for-all-videogames/2.23.1/meta/import/output-bundle.json	eb9d12a2684b0fbcb5aecf51e8ae54dba0929743	3d238afcf5ede4dc3d22870e238ff3c1891a22d150e7edf8f8566918e86eb7bb	7	failed: see exact grant finding (document licence: none); jentic redistribution: CC0-1.0	not-run: licence screen failed	not-run: licence screen failed	rejected	witness-search-jentic/records.tsv:9
jentic	annotated-ref-target-closed-object	https://raw.githubusercontent.com/jentic/jentic-public-apis/eb9d12a2684b0fbcb5aecf51e8ae54dba0929743/apis/openapi/pandascore.co/pandascore-rest-api-for-all-videogames/2.23.1/meta/import/output-entry.json	eb9d12a2684b0fbcb5aecf51e8ae54dba0929743	3d238afcf5ede4dc3d22870e238ff3c1891a22d150e7edf8f8566918e86eb7bb	7	failed: see exact grant finding (document licence: none); jentic redistribution: CC0-1.0	not-run: licence screen failed	not-run: licence screen failed	rejected	witness-search-jentic/records.tsv:10
jentic	annotated-ref-target-closed-object	https://raw.githubusercontent.com/jentic/jentic-public-apis/eb9d12a2684b0fbcb5aecf51e8ae54dba0929743/apis/openapi/pandascore.co/pandascore-rest-api-for-all-videogames/2.23.1/openapi.json	eb9d12a2684b0fbcb5aecf51e8ae54dba0929743	3d238afcf5ede4dc3d22870e238ff3c1891a22d150e7edf8f8566918e86eb7bb	7	failed: see exact grant finding (document licence: none); jentic redistribution: CC0-1.0	not-run: licence screen failed	not-run: licence screen failed	rejected	witness-search-jentic/records.tsv:11
jentic	annotated-ref-target-closed-object	https://raw.githubusercontent.com/jentic/jentic-public-apis/eb9d12a2684b0fbcb5aecf51e8ae54dba0929743/apis/openapi/zulip.com/zulip/1.0.0/meta/import/input-bundle.json	eb9d12a2684b0fbcb5aecf51e8ae54dba0929743	cffb1099324cf988418c58876f9bc69a0fb84e887923d771e61cb5a5c9895a6d	4	pass	pass	pass	rejected	witness-search-jentic/records.tsv:12
jentic	annotated-ref-target-closed-object	https://raw.githubusercontent.com/jentic/jentic-public-apis/eb9d12a2684b0fbcb5aecf51e8ae54dba0929743/apis/openapi/zulip.com/zulip/1.0.0/meta/import/input-entry.json	eb9d12a2684b0fbcb5aecf51e8ae54dba0929743	e7f6eb40cfb673e64fd5119e37697e67e62e8970b92832eb13a4ecb3185195cf	4	pass	pass	pass	rejected	witness-search-jentic/records.tsv:13
jentic	annotated-ref-target-closed-object	https://raw.githubusercontent.com/jentic/jentic-public-apis/eb9d12a2684b0fbcb5aecf51e8ae54dba0929743/apis/openapi/zulip.com/zulip/1.0.0/meta/import/output-bundle.json	eb9d12a2684b0fbcb5aecf51e8ae54dba0929743	cffb1099324cf988418c58876f9bc69a0fb84e887923d771e61cb5a5c9895a6d	4	pass	pass	pass	rejected	witness-search-jentic/records.tsv:14
jentic	annotated-ref-target-closed-object	https://raw.githubusercontent.com/jentic/jentic-public-apis/eb9d12a2684b0fbcb5aecf51e8ae54dba0929743/apis/openapi/zulip.com/zulip/1.0.0/meta/import/output-entry.json	eb9d12a2684b0fbcb5aecf51e8ae54dba0929743	e7f6eb40cfb673e64fd5119e37697e67e62e8970b92832eb13a4ecb3185195cf	4	pass	pass	pass	rejected	witness-search-jentic/records.tsv:15
jentic	annotated-ref-target-closed-object	https://raw.githubusercontent.com/jentic/jentic-public-apis/eb9d12a2684b0fbcb5aecf51e8ae54dba0929743/apis/openapi/zulip.com/zulip/1.0.0/openapi.json	eb9d12a2684b0fbcb5aecf51e8ae54dba0929743	cffb1099324cf988418c58876f9bc69a0fb84e887923d771e61cb5a5c9895a6d	4	pass	pass	pass	rejected	witness-search-jentic/records.tsv:16
vendor-portals	annotated-ref-target-closed-object	https://raw.githubusercontent.com/zulip/zulip/6a82f40579f8adb9149aa0b04ff795c397baae73/zerver/openapi/zulip.yaml	6a82f40579f8adb9149aa0b04ff795c397baae73	486c52ec40e74e3f1bfc78534b726db9bcb3f1cf8f6fc3df4981733708fddd10	6	pass	pass	pass	pending-registration	witness-search-vendor-portals/records.tsv:3
apis.guru	annotated-ref-target-composed	https://api.apis.guru/v2/specs/asana.com/1.0/openapi.yaml	no-immutable-ref: served catalogue version URL is mutable; pinned YAML fallback recorded separately	4ce2c6eafa40cc6e3d40c1b2534cb95fd0d8511902a7cdb00a8c4847b239510d	2	pass	failed: aggregation pin does not establish publisher-byte provenance	not-run: revision screen failed	rejected	witness-search-apis.guru/records.tsv:4
apis.guru	annotated-ref-target-composed	https://api.apis.guru/v2/specs/box.com/2.0.0/openapi.yaml	no-immutable-ref: served catalogue version URL is mutable; pinned YAML fallback recorded separately	8fdc22ddf19d734dd3372a5545324ac43eae55e169651e22bb31b85f0623bc9e	34	pass	failed: aggregation pin does not establish publisher-byte provenance	not-run: revision screen failed	rejected	witness-search-apis.guru/records.tsv:5
apis.guru	annotated-ref-target-composed	https://raw.githubusercontent.com/APIs-guru/openapi-directory/f04b8d0bcd39c52e1cf3ad7a5fe744709832ae49/APIs/asana.com/1.0/openapi.yaml	f04b8d0bcd39c52e1cf3ad7a5fe744709832ae49	4ce2c6eafa40cc6e3d40c1b2534cb95fd0d8511902a7cdb00a8c4847b239510d	2	pass	failed: aggregation pin does not establish publisher-byte provenance	not-run: revision screen failed	rejected	witness-search-apis.guru/records.tsv:6
apis.guru	annotated-ref-target-composed	https://raw.githubusercontent.com/APIs-guru/openapi-directory/f04b8d0bcd39c52e1cf3ad7a5fe744709832ae49/APIs/box.com/2.0.0/openapi.yaml	f04b8d0bcd39c52e1cf3ad7a5fe744709832ae49	8fdc22ddf19d734dd3372a5545324ac43eae55e169651e22bb31b85f0623bc9e	34	pass	failed: aggregation pin does not establish publisher-byte provenance	not-run: revision screen failed	rejected	witness-search-apis.guru/records.tsv:7
vendor-portals	annotated-ref-target-composed	https://raw.githubusercontent.com/box/box-openapi/933ec4c5d9f4dbdaaa823efa3a083cf177aecbde/openapi.json	933ec4c5d9f4dbdaaa823efa3a083cf177aecbde	0f8794edec1caf44761777f791b36388ec997f4220233a1a0166712e0d3b0a06	35	pass	pass	not-run: key closed by found witness jentic/apis/openapi/groupe-psa.io/main/3.19.2/meta/import/input-entry.json	not-owed	witness-search-vendor-portals/records.tsv:4
vendor-portals	annotated-ref-target-composed	https://raw.githubusercontent.com/box/box-openapi/933ec4c5d9f4dbdaaa823efa3a083cf177aecbde/openapi/openapi-v2025.0.json	933ec4c5d9f4dbdaaa823efa3a083cf177aecbde	9f37dde8f412d11a880414238129f9642ad18d4f0247aa46fe96ec1f8995c6eb	4	pass	pass	not-run: key closed by found witness jentic/apis/openapi/groupe-psa.io/main/3.19.2/meta/import/input-entry.json	not-owed	witness-search-vendor-portals/records.tsv:5
vendor-portals	annotated-ref-target-composed	https://raw.githubusercontent.com/box/box-openapi/933ec4c5d9f4dbdaaa823efa3a083cf177aecbde/openapi/openapi-v2026.0.json	933ec4c5d9f4dbdaaa823efa3a083cf177aecbde	78bc4bfbfc21f2420d70d682a2f8e41e76ee4c4f29d986e9ce672b9087bbdc4a	1	pass	pass	not-run: key closed by found witness jentic/apis/openapi/groupe-psa.io/main/3.19.2/meta/import/input-entry.json	not-owed	witness-search-vendor-portals/records.tsv:6
vendor-portals	annotated-ref-target-composed	https://raw.githubusercontent.com/box/box-openapi/933ec4c5d9f4dbdaaa823efa3a083cf177aecbde/openapi/openapi.json	933ec4c5d9f4dbdaaa823efa3a083cf177aecbde	0f8794edec1caf44761777f791b36388ec997f4220233a1a0166712e0d3b0a06	35	pass	pass	not-run: key closed by found witness jentic/apis/openapi/groupe-psa.io/main/3.19.2/meta/import/input-entry.json	not-owed	witness-search-vendor-portals/records.tsv:7
vendor-portals	annotated-ref-target-composed	https://raw.githubusercontent.com/codatio/oas/2dbdc1f7bcdefaf769ab17fcc99fbb098ef2610b/json/Codat-Accounting.json	2dbdc1f7bcdefaf769ab17fcc99fbb098ef2610b	129358af62b047bbb3d2f970976b616d8c54a17adca5b794e79bdc13663bca43	26	failed: no admitted publisher licence; info.license=none (document licence: none)	not-run: licence screen failed	not-run: licence screen failed	rejected	witness-search-vendor-portals/records.tsv:8
vendor-portals	annotated-ref-target-composed	https://raw.githubusercontent.com/codatio/oas/2dbdc1f7bcdefaf769ab17fcc99fbb098ef2610b/json/Codat-Lending.json	2dbdc1f7bcdefaf769ab17fcc99fbb098ef2610b	7c222046bb62600149a4ce0c4bf369bd751ae8298588223e531cea3795df4a42	7	failed: no admitted publisher licence; info.license=none (document licence: none)	not-run: licence screen failed	not-run: licence screen failed	rejected	witness-search-vendor-portals/records.tsv:9
vendor-portals	annotated-ref-target-composed	https://raw.githubusercontent.com/codatio/oas/2dbdc1f7bcdefaf769ab17fcc99fbb098ef2610b/json/Codat-Sync-Commerce-v1.json	2dbdc1f7bcdefaf769ab17fcc99fbb098ef2610b	54066e33d9dd58e2ef592000126257e5458bc772a18aabdac840bcf66d96130b	8	failed: no admitted publisher licence; info.license=none (document licence: none)	not-run: licence screen failed	not-run: licence screen failed	rejected	witness-search-vendor-portals/records.tsv:10
vendor-portals	annotated-ref-target-composed	https://raw.githubusercontent.com/codatio/oas/2dbdc1f7bcdefaf769ab17fcc99fbb098ef2610b/json/Codat-Sync-Expenses.json	2dbdc1f7bcdefaf769ab17fcc99fbb098ef2610b	4c54c56dc4ad7587aa52aa9d97353bfe59a9656ad88aef170771abf0f84c7b41	7	failed: no admitted publisher licence; info.license=none (document licence: none)	not-run: licence screen failed	not-run: licence screen failed	rejected	witness-search-vendor-portals/records.tsv:11
vendor-portals	annotated-ref-target-composed	https://raw.githubusercontent.com/codatio/oas/2dbdc1f7bcdefaf769ab17fcc99fbb098ef2610b/json/Codat-Sync-Payables-v1.json	2dbdc1f7bcdefaf769ab17fcc99fbb098ef2610b	d6ffa5382500d581582736220f6677ce7404e5890553d6a7ec3a4d574787cfac	11	failed: no admitted publisher licence; info.license=none (document licence: none)	not-run: licence screen failed	not-run: licence screen failed	rejected	witness-search-vendor-portals/records.tsv:12
vendor-portals	annotated-ref-target-composed	https://raw.githubusercontent.com/codatio/oas/2dbdc1f7bcdefaf769ab17fcc99fbb098ef2610b/json/Codat-Sync-Payroll.json	2dbdc1f7bcdefaf769ab17fcc99fbb098ef2610b	a7ac3cd8999d62d866c7d834b7e310517f5a8111bb0f0d117614cef83a662151	3	failed: no admitted publisher licence; info.license=none (document licence: none)	not-run: licence screen failed	not-run: licence screen failed	rejected	witness-search-vendor-portals/records.tsv:13
vendor-portals	annotated-ref-target-composed	https://raw.githubusercontent.com/codatio/oas/2dbdc1f7bcdefaf769ab17fcc99fbb098ef2610b/yaml/Codat-Accounting.yaml	2dbdc1f7bcdefaf769ab17fcc99fbb098ef2610b	21d41189c4618259114f2fbb5c5890a59efa2a16970108379c11dd1fe7397290	26	failed: no admitted publisher licence; info.license=none (document licence: none)	not-run: licence screen failed	not-run: licence screen failed	rejected	witness-search-vendor-portals/records.tsv:14
vendor-portals	annotated-ref-target-composed	https://raw.githubusercontent.com/codatio/oas/2dbdc1f7bcdefaf769ab17fcc99fbb098ef2610b/yaml/Codat-Lending.yaml	2dbdc1f7bcdefaf769ab17fcc99fbb098ef2610b	791e242d1fafa6fb4f7c8c053f6a77244ce74dd23eaade694a41b8070d5ae5e4	7	failed: no admitted publisher licence; info.license=none (document licence: none)	not-run: licence screen failed	not-run: licence screen failed	rejected	witness-search-vendor-portals/records.tsv:15
vendor-portals	annotated-ref-target-composed	https://raw.githubusercontent.com/codatio/oas/2dbdc1f7bcdefaf769ab17fcc99fbb098ef2610b/yaml/Codat-Sync-Commerce-v1.yaml	2dbdc1f7bcdefaf769ab17fcc99fbb098ef2610b	22dbd11586e66143988a70d2e9d9afd78f03fbcad83282384e81aecedab83ae7	8	failed: no admitted publisher licence; info.license=none (document licence: none)	not-run: licence screen failed	not-run: licence screen failed	rejected	witness-search-vendor-portals/records.tsv:16
vendor-portals	annotated-ref-target-composed	https://raw.githubusercontent.com/codatio/oas/2dbdc1f7bcdefaf769ab17fcc99fbb098ef2610b/yaml/Codat-Sync-Expenses.yaml	2dbdc1f7bcdefaf769ab17fcc99fbb098ef2610b	3a810b6f9c6655587a8492aa9c6216f43bf22b7d666eee2707b1fc2ff8c86f65	7	failed: no admitted publisher licence; info.license=none (document licence: none)	not-run: licence screen failed	not-run: licence screen failed	rejected	witness-search-vendor-portals/records.tsv:17
vendor-portals	annotated-ref-target-composed	https://raw.githubusercontent.com/codatio/oas/2dbdc1f7bcdefaf769ab17fcc99fbb098ef2610b/yaml/Codat-Sync-Payables-v1.yaml	2dbdc1f7bcdefaf769ab17fcc99fbb098ef2610b	06163dffa75f6bc1933c68f1aaeac70f3feb7cf69f509bd4c921052c92391e73	11	failed: no admitted publisher licence; info.license=none (document licence: none)	not-run: licence screen failed	not-run: licence screen failed	rejected	witness-search-vendor-portals/records.tsv:18
vendor-portals	annotated-ref-target-composed	https://raw.githubusercontent.com/codatio/oas/2dbdc1f7bcdefaf769ab17fcc99fbb098ef2610b/yaml/Codat-Sync-Payroll.yaml	2dbdc1f7bcdefaf769ab17fcc99fbb098ef2610b	aa198f328aac7052a36448919b5eae9307a26861b8e9c5af149b0d9c399d403f	3	failed: no admitted publisher licence; info.license=none (document licence: none)	not-run: licence screen failed	not-run: licence screen failed	rejected	witness-search-vendor-portals/records.tsv:19
jentic	annotated-ref-target-composed	https://raw.githubusercontent.com/jentic/jentic-public-apis/eb9d12a2684b0fbcb5aecf51e8ae54dba0929743/apis/openapi/asana.com/main/1.0/meta/import/input-bundled.json	eb9d12a2684b0fbcb5aecf51e8ae54dba0929743	e5dabbfdc140fbc4cacf98c13c5c3053c2ecdfe2aaad17f328f2541811ff0204	2	failed: aggregation grant admitted; publisher grant unproven (document licence: none); jentic redistribution: CC0-1.0	not-run: licence screen failed	not-run: licence screen failed	rejected	witness-search-jentic/records.tsv:17
jentic	annotated-ref-target-composed	https://raw.githubusercontent.com/jentic/jentic-public-apis/eb9d12a2684b0fbcb5aecf51e8ae54dba0929743/apis/openapi/asana.com/main/1.0/meta/import/input-entry.json	eb9d12a2684b0fbcb5aecf51e8ae54dba0929743	2a4b51979d70a405e659ee6f47c8cf8e1e0da1ef965d6cd7b06ba67c45622ef7	2	failed: aggregation grant admitted; publisher grant unproven (document licence: none); jentic redistribution: CC0-1.0	not-run: licence screen failed	not-run: licence screen failed	rejected	witness-search-jentic/records.tsv:18
jentic	annotated-ref-target-composed	https://raw.githubusercontent.com/jentic/jentic-public-apis/eb9d12a2684b0fbcb5aecf51e8ae54dba0929743/apis/openapi/asana.com/main/1.0/meta/import/output-bundled.json	eb9d12a2684b0fbcb5aecf51e8ae54dba0929743	e5dabbfdc140fbc4cacf98c13c5c3053c2ecdfe2aaad17f328f2541811ff0204	2	failed: aggregation grant admitted; publisher grant unproven (document licence: none); jentic redistribution: CC0-1.0	not-run: licence screen failed	not-run: licence screen failed	rejected	witness-search-jentic/records.tsv:19
jentic	annotated-ref-target-composed	https://raw.githubusercontent.com/jentic/jentic-public-apis/eb9d12a2684b0fbcb5aecf51e8ae54dba0929743/apis/openapi/asana.com/main/1.0/meta/import/output-entry.json	eb9d12a2684b0fbcb5aecf51e8ae54dba0929743	2a4b51979d70a405e659ee6f47c8cf8e1e0da1ef965d6cd7b06ba67c45622ef7	2	failed: aggregation grant admitted; publisher grant unproven (document licence: none); jentic redistribution: CC0-1.0	not-run: licence screen failed	not-run: licence screen failed	rejected	witness-search-jentic/records.tsv:20
jentic	annotated-ref-target-composed	https://raw.githubusercontent.com/jentic/jentic-public-apis/eb9d12a2684b0fbcb5aecf51e8ae54dba0929743/apis/openapi/asana.com/main/1.0/openapi.json	eb9d12a2684b0fbcb5aecf51e8ae54dba0929743	e5dabbfdc140fbc4cacf98c13c5c3053c2ecdfe2aaad17f328f2541811ff0204	2	failed: aggregation grant admitted; publisher grant unproven (document licence: none); jentic redistribution: CC0-1.0	not-run: licence screen failed	not-run: licence screen failed	rejected	witness-search-jentic/records.tsv:21
jentic	annotated-ref-target-composed	https://raw.githubusercontent.com/jentic/jentic-public-apis/eb9d12a2684b0fbcb5aecf51e8ae54dba0929743/apis/openapi/box.com/main/2024.0/meta/import/input-bundle.json	eb9d12a2684b0fbcb5aecf51e8ae54dba0929743	45a13f61a9904a6eeca7f56ade1263e9fd85050c788887d2a59631884ee5bdb5	35	pass	pass	failed: concrete diagnostic below	rejected	witness-search-jentic/records.tsv:22
jentic	annotated-ref-target-composed	https://raw.githubusercontent.com/jentic/jentic-public-apis/eb9d12a2684b0fbcb5aecf51e8ae54dba0929743/apis/openapi/box.com/main/2024.0/meta/import/input-entry.json	eb9d12a2684b0fbcb5aecf51e8ae54dba0929743	45a13f61a9904a6eeca7f56ade1263e9fd85050c788887d2a59631884ee5bdb5	35	pass	pass	failed: concrete diagnostic below	rejected	witness-search-jentic/records.tsv:23
jentic	annotated-ref-target-composed	https://raw.githubusercontent.com/jentic/jentic-public-apis/eb9d12a2684b0fbcb5aecf51e8ae54dba0929743/apis/openapi/box.com/main/2024.0/meta/import/output-bundle.json	eb9d12a2684b0fbcb5aecf51e8ae54dba0929743	45a13f61a9904a6eeca7f56ade1263e9fd85050c788887d2a59631884ee5bdb5	35	pass	pass	failed: concrete diagnostic below	rejected	witness-search-jentic/records.tsv:24
jentic	annotated-ref-target-composed	https://raw.githubusercontent.com/jentic/jentic-public-apis/eb9d12a2684b0fbcb5aecf51e8ae54dba0929743/apis/openapi/box.com/main/2024.0/meta/import/output-entry.json	eb9d12a2684b0fbcb5aecf51e8ae54dba0929743	45a13f61a9904a6eeca7f56ade1263e9fd85050c788887d2a59631884ee5bdb5	35	pass	pass	failed: concrete diagnostic below	rejected	witness-search-jentic/records.tsv:25
jentic	annotated-ref-target-composed	https://raw.githubusercontent.com/jentic/jentic-public-apis/eb9d12a2684b0fbcb5aecf51e8ae54dba0929743/apis/openapi/box.com/main/2024.0/openapi.json	eb9d12a2684b0fbcb5aecf51e8ae54dba0929743	45a13f61a9904a6eeca7f56ade1263e9fd85050c788887d2a59631884ee5bdb5	35	pass	pass	failed: concrete diagnostic below	rejected	witness-search-jentic/records.tsv:26
jentic	annotated-ref-target-composed	https://raw.githubusercontent.com/jentic/jentic-public-apis/eb9d12a2684b0fbcb5aecf51e8ae54dba0929743/apis/openapi/codat.io/accounting/3.0.0/meta/import/input-bundled.json	eb9d12a2684b0fbcb5aecf51e8ae54dba0929743	cbc03a05256430df93c896474d904e57ca61c90f6e45d28e648b0d368b6e39e0	26	failed: aggregation grant admitted; publisher grant unproven (document licence: none); jentic redistribution: CC0-1.0	not-run: licence screen failed	not-run: licence screen failed	rejected	witness-search-jentic/records.tsv:27
jentic	annotated-ref-target-composed	https://raw.githubusercontent.com/jentic/jentic-public-apis/eb9d12a2684b0fbcb5aecf51e8ae54dba0929743/apis/openapi/codat.io/accounting/3.0.0/meta/import/input-entry.json	eb9d12a2684b0fbcb5aecf51e8ae54dba0929743	1d2b559f3b1cfae709c645f2924cd1b9881328a32722f80af6e09f1512e56238	26	failed: aggregation grant admitted; publisher grant unproven (document licence: none); jentic redistribution: CC0-1.0	not-run: licence screen failed	not-run: licence screen failed	rejected	witness-search-jentic/records.tsv:28
jentic	annotated-ref-target-composed	https://raw.githubusercontent.com/jentic/jentic-public-apis/eb9d12a2684b0fbcb5aecf51e8ae54dba0929743/apis/openapi/codat.io/accounting/3.0.0/meta/import/output-bundled.json	eb9d12a2684b0fbcb5aecf51e8ae54dba0929743	cbc03a05256430df93c896474d904e57ca61c90f6e45d28e648b0d368b6e39e0	26	failed: aggregation grant admitted; publisher grant unproven (document licence: none); jentic redistribution: CC0-1.0	not-run: licence screen failed	not-run: licence screen failed	rejected	witness-search-jentic/records.tsv:29
jentic	annotated-ref-target-composed	https://raw.githubusercontent.com/jentic/jentic-public-apis/eb9d12a2684b0fbcb5aecf51e8ae54dba0929743/apis/openapi/codat.io/accounting/3.0.0/meta/import/output-entry.json	eb9d12a2684b0fbcb5aecf51e8ae54dba0929743	1d2b559f3b1cfae709c645f2924cd1b9881328a32722f80af6e09f1512e56238	26	failed: aggregation grant admitted; publisher grant unproven (document licence: none); jentic redistribution: CC0-1.0	not-run: licence screen failed	not-run: licence screen failed	rejected	witness-search-jentic/records.tsv:30
jentic	annotated-ref-target-composed	https://raw.githubusercontent.com/jentic/jentic-public-apis/eb9d12a2684b0fbcb5aecf51e8ae54dba0929743/apis/openapi/codat.io/accounting/3.0.0/openapi.json	eb9d12a2684b0fbcb5aecf51e8ae54dba0929743	cbc03a05256430df93c896474d904e57ca61c90f6e45d28e648b0d368b6e39e0	26	failed: aggregation grant admitted; publisher grant unproven (document licence: none); jentic redistribution: CC0-1.0	not-run: licence screen failed	not-run: licence screen failed	rejected	witness-search-jentic/records.tsv:31
jentic	annotated-ref-target-composed	https://raw.githubusercontent.com/jentic/jentic-public-apis/eb9d12a2684b0fbcb5aecf51e8ae54dba0929743/apis/openapi/cvent.com/main/ea/meta/import/input-bundle.json	eb9d12a2684b0fbcb5aecf51e8ae54dba0929743	98656898881da1d0fe3296de3e1d39d7d4cb48698b0a6f5893e9e857eef875a3	6	failed: aggregation grant admitted; publisher grant unproven (document licence: none); jentic redistribution: CC0-1.0	not-run: licence screen failed	not-run: licence screen failed	rejected	witness-search-jentic/records.tsv:32
jentic	annotated-ref-target-composed	https://raw.githubusercontent.com/jentic/jentic-public-apis/eb9d12a2684b0fbcb5aecf51e8ae54dba0929743/apis/openapi/cvent.com/main/ea/meta/import/output-bundle.json	eb9d12a2684b0fbcb5aecf51e8ae54dba0929743	98656898881da1d0fe3296de3e1d39d7d4cb48698b0a6f5893e9e857eef875a3	6	failed: aggregation grant admitted; publisher grant unproven (document licence: none); jentic redistribution: CC0-1.0	not-run: licence screen failed	not-run: licence screen failed	rejected	witness-search-jentic/records.tsv:33
jentic	annotated-ref-target-composed	https://raw.githubusercontent.com/jentic/jentic-public-apis/eb9d12a2684b0fbcb5aecf51e8ae54dba0929743/apis/openapi/cvent.com/main/ea/openapi.json	eb9d12a2684b0fbcb5aecf51e8ae54dba0929743	98656898881da1d0fe3296de3e1d39d7d4cb48698b0a6f5893e9e857eef875a3	6	failed: aggregation grant admitted; publisher grant unproven (document licence: none); jentic redistribution: CC0-1.0	not-run: licence screen failed	not-run: licence screen failed	rejected	witness-search-jentic/records.tsv:34
jentic	annotated-ref-target-composed	https://raw.githubusercontent.com/jentic/jentic-public-apis/eb9d12a2684b0fbcb5aecf51e8ae54dba0929743/apis/openapi/groupe-psa.io/main/3.19.2/meta/import/input-bundle.json	eb9d12a2684b0fbcb5aecf51e8ae54dba0929743	ad578a04ec306c3d73d477edad1e1e24d51d1240df1488e7d649dcb3c69b1766	3	failed: aggregation grant admitted; publisher grant unproven (document licence: Groupe PSA Licence); jentic redistribution: CC0-1.0	not-run: licence screen failed	not-run: licence screen failed	rejected	witness-search-jentic/records.tsv:35
jentic	annotated-ref-target-composed	https://raw.githubusercontent.com/jentic/jentic-public-apis/eb9d12a2684b0fbcb5aecf51e8ae54dba0929743/apis/openapi/groupe-psa.io/main/3.19.2/meta/import/input-entry.json	eb9d12a2684b0fbcb5aecf51e8ae54dba0929743	8f20a2626397fa52150bd668cba77cbbc842a57bccd09359edff3394f028d3cb	3	pass	pass	pass	witness-found	witness-search-jentic/records.tsv:36
jentic	annotated-ref-target-composed	https://raw.githubusercontent.com/jentic/jentic-public-apis/eb9d12a2684b0fbcb5aecf51e8ae54dba0929743/apis/openapi/groupe-psa.io/main/3.19.2/meta/import/output-bundle.json	eb9d12a2684b0fbcb5aecf51e8ae54dba0929743	ad578a04ec306c3d73d477edad1e1e24d51d1240df1488e7d649dcb3c69b1766	3	failed: aggregation grant admitted; publisher grant unproven (document licence: Groupe PSA Licence); jentic redistribution: CC0-1.0	not-run: licence screen failed	not-run: licence screen failed	rejected	witness-search-jentic/records.tsv:37
jentic	annotated-ref-target-composed	https://raw.githubusercontent.com/jentic/jentic-public-apis/eb9d12a2684b0fbcb5aecf51e8ae54dba0929743/apis/openapi/groupe-psa.io/main/3.19.2/meta/import/output-entry.json	eb9d12a2684b0fbcb5aecf51e8ae54dba0929743	8f20a2626397fa52150bd668cba77cbbc842a57bccd09359edff3394f028d3cb	3	pass	pass	pass	byte-identical to CORPUS row 150, sha256 8f20a2626397fa52150bd668cba77cbbc842a57bccd09359edff3394f028d3cb	witness-search-jentic/records.tsv:38
jentic	annotated-ref-target-composed	https://raw.githubusercontent.com/jentic/jentic-public-apis/eb9d12a2684b0fbcb5aecf51e8ae54dba0929743/apis/openapi/groupe-psa.io/main/3.19.2/openapi.json	eb9d12a2684b0fbcb5aecf51e8ae54dba0929743	ad578a04ec306c3d73d477edad1e1e24d51d1240df1488e7d649dcb3c69b1766	3	failed: aggregation grant admitted; publisher grant unproven (document licence: Groupe PSA Licence); jentic redistribution: CC0-1.0	not-run: licence screen failed	not-run: licence screen failed	rejected	witness-search-jentic/records.tsv:39
jentic	annotated-ref-target-composed	https://raw.githubusercontent.com/jentic/jentic-public-apis/eb9d12a2684b0fbcb5aecf51e8ae54dba0929743/apis/openapi/pagerduty.com/pagerduty-api/2.0.0/meta/import/input-bundle.json	eb9d12a2684b0fbcb5aecf51e8ae54dba0929743	84fcb3ada8922a0a9c2ffe8efa6a93e7c35998ccda9db5d0f42fd340a8b1a936	3	failed: aggregation grant admitted; publisher grant unproven (document licence: none); jentic redistribution: CC0-1.0	not-run: licence screen failed	not-run: licence screen failed	rejected	witness-search-jentic/records.tsv:40
jentic	annotated-ref-target-composed	https://raw.githubusercontent.com/jentic/jentic-public-apis/eb9d12a2684b0fbcb5aecf51e8ae54dba0929743/apis/openapi/pagerduty.com/pagerduty-api/2.0.0/meta/import/input-entry.json	eb9d12a2684b0fbcb5aecf51e8ae54dba0929743	a0f7d0ded3d88daa940ed8b6e8fd1534c9f2c12752457e7d5b71f4c5f0d3f2b0	3	pass	pass	failed: exit 0 but empty SDK (12-byte reference, no types)	rejected	witness-search-jentic/records.tsv:41
jentic	annotated-ref-target-composed	https://raw.githubusercontent.com/jentic/jentic-public-apis/eb9d12a2684b0fbcb5aecf51e8ae54dba0929743/apis/openapi/pagerduty.com/pagerduty-api/2.0.0/meta/import/output-bundle.json	eb9d12a2684b0fbcb5aecf51e8ae54dba0929743	84fcb3ada8922a0a9c2ffe8efa6a93e7c35998ccda9db5d0f42fd340a8b1a936	3	failed: aggregation grant admitted; publisher grant unproven (document licence: none); jentic redistribution: CC0-1.0	not-run: licence screen failed	not-run: licence screen failed	rejected	witness-search-jentic/records.tsv:42
jentic	annotated-ref-target-composed	https://raw.githubusercontent.com/jentic/jentic-public-apis/eb9d12a2684b0fbcb5aecf51e8ae54dba0929743/apis/openapi/pagerduty.com/pagerduty-api/2.0.0/meta/import/output-entry.json	eb9d12a2684b0fbcb5aecf51e8ae54dba0929743	a0f7d0ded3d88daa940ed8b6e8fd1534c9f2c12752457e7d5b71f4c5f0d3f2b0	3	pass	pass	failed: exit 0 but empty SDK (12-byte reference, no types)	rejected	witness-search-jentic/records.tsv:43
jentic	annotated-ref-target-composed	https://raw.githubusercontent.com/jentic/jentic-public-apis/eb9d12a2684b0fbcb5aecf51e8ae54dba0929743/apis/openapi/pagerduty.com/pagerduty-api/2.0.0/openapi.json	eb9d12a2684b0fbcb5aecf51e8ae54dba0929743	84fcb3ada8922a0a9c2ffe8efa6a93e7c35998ccda9db5d0f42fd340a8b1a936	3	failed: aggregation grant admitted; publisher grant unproven (document licence: none); jentic redistribution: CC0-1.0	not-run: licence screen failed	not-run: licence screen failed	rejected	witness-search-jentic/records.tsv:44
jentic	annotated-ref-target-composed	https://raw.githubusercontent.com/jentic/jentic-public-apis/eb9d12a2684b0fbcb5aecf51e8ae54dba0929743/apis/openapi/pandadoc.com/main/7.18.1/meta/import/input-bundle.json	eb9d12a2684b0fbcb5aecf51e8ae54dba0929743	c5c97a55b98276485462bef027969f3eb00cdd67f7994ed4572b8a5ecf8cd44e	1	failed: aggregation grant admitted; publisher grant unproven (document licence: MIT); jentic redistribution: CC0-1.0	not-run: licence screen failed	not-run: licence screen failed	rejected	witness-search-jentic/records.tsv:45
jentic	annotated-ref-target-composed	https://raw.githubusercontent.com/jentic/jentic-public-apis/eb9d12a2684b0fbcb5aecf51e8ae54dba0929743/apis/openapi/pandadoc.com/main/7.18.1/meta/import/input-entry.json	eb9d12a2684b0fbcb5aecf51e8ae54dba0929743	c5c97a55b98276485462bef027969f3eb00cdd67f7994ed4572b8a5ecf8cd44e	1	failed: aggregation grant admitted; publisher grant unproven (document licence: MIT); jentic redistribution: CC0-1.0	not-run: licence screen failed	not-run: licence screen failed	rejected	witness-search-jentic/records.tsv:46
jentic	annotated-ref-target-composed	https://raw.githubusercontent.com/jentic/jentic-public-apis/eb9d12a2684b0fbcb5aecf51e8ae54dba0929743/apis/openapi/pandadoc.com/main/7.18.1/meta/import/output-bundle.json	eb9d12a2684b0fbcb5aecf51e8ae54dba0929743	c5c97a55b98276485462bef027969f3eb00cdd67f7994ed4572b8a5ecf8cd44e	1	failed: aggregation grant admitted; publisher grant unproven (document licence: MIT); jentic redistribution: CC0-1.0	not-run: licence screen failed	not-run: licence screen failed	rejected	witness-search-jentic/records.tsv:47
jentic	annotated-ref-target-composed	https://raw.githubusercontent.com/jentic/jentic-public-apis/eb9d12a2684b0fbcb5aecf51e8ae54dba0929743/apis/openapi/pandadoc.com/main/7.18.1/meta/import/output-entry.json	eb9d12a2684b0fbcb5aecf51e8ae54dba0929743	c5c97a55b98276485462bef027969f3eb00cdd67f7994ed4572b8a5ecf8cd44e	1	failed: aggregation grant admitted; publisher grant unproven (document licence: MIT); jentic redistribution: CC0-1.0	not-run: licence screen failed	not-run: licence screen failed	rejected	witness-search-jentic/records.tsv:48
jentic	annotated-ref-target-composed	https://raw.githubusercontent.com/jentic/jentic-public-apis/eb9d12a2684b0fbcb5aecf51e8ae54dba0929743/apis/openapi/pandadoc.com/main/7.18.1/openapi.json	eb9d12a2684b0fbcb5aecf51e8ae54dba0929743	c5c97a55b98276485462bef027969f3eb00cdd67f7994ed4572b8a5ecf8cd44e	1	failed: aggregation grant admitted; publisher grant unproven (document licence: MIT); jentic redistribution: CC0-1.0	not-run: licence screen failed	not-run: licence screen failed	rejected	witness-search-jentic/records.tsv:49
jentic	annotated-ref-target-composed	https://raw.githubusercontent.com/jentic/jentic-public-apis/eb9d12a2684b0fbcb5aecf51e8ae54dba0929743/apis/openapi/wildapricot.com/main/9.6.1/meta/import/input-bundle.json	eb9d12a2684b0fbcb5aecf51e8ae54dba0929743	e31c66192f2f17b8470f8bbbfd90a753a1b9d98d866b3094f950af2b9d6cfa16	4	failed: aggregation grant admitted; publisher grant unproven (document licence: none); jentic redistribution: CC0-1.0	not-run: licence screen failed	not-run: licence screen failed	rejected	witness-search-jentic/records.tsv:50
jentic	annotated-ref-target-composed	https://raw.githubusercontent.com/jentic/jentic-public-apis/eb9d12a2684b0fbcb5aecf51e8ae54dba0929743/apis/openapi/wildapricot.com/main/9.6.1/meta/import/input-entry.json	eb9d12a2684b0fbcb5aecf51e8ae54dba0929743	f67afed7a59d85af341dcee68e7cfc96703d33d8eed88241a483a0fe7e266245	4	failed: aggregation grant admitted; publisher grant unproven (document licence: none); jentic redistribution: CC0-1.0	not-run: licence screen failed	not-run: licence screen failed	rejected	witness-search-jentic/records.tsv:51
jentic	annotated-ref-target-composed	https://raw.githubusercontent.com/jentic/jentic-public-apis/eb9d12a2684b0fbcb5aecf51e8ae54dba0929743/apis/openapi/wildapricot.com/main/9.6.1/meta/import/output-bundle.json	eb9d12a2684b0fbcb5aecf51e8ae54dba0929743	e31c66192f2f17b8470f8bbbfd90a753a1b9d98d866b3094f950af2b9d6cfa16	4	failed: aggregation grant admitted; publisher grant unproven (document licence: none); jentic redistribution: CC0-1.0	not-run: licence screen failed	not-run: licence screen failed	rejected	witness-search-jentic/records.tsv:52
jentic	annotated-ref-target-composed	https://raw.githubusercontent.com/jentic/jentic-public-apis/eb9d12a2684b0fbcb5aecf51e8ae54dba0929743/apis/openapi/wildapricot.com/main/9.6.1/meta/import/output-entry.json	eb9d12a2684b0fbcb5aecf51e8ae54dba0929743	f67afed7a59d85af341dcee68e7cfc96703d33d8eed88241a483a0fe7e266245	4	failed: aggregation grant admitted; publisher grant unproven (document licence: none); jentic redistribution: CC0-1.0	not-run: licence screen failed	not-run: licence screen failed	rejected	witness-search-jentic/records.tsv:53
jentic	annotated-ref-target-composed	https://raw.githubusercontent.com/jentic/jentic-public-apis/eb9d12a2684b0fbcb5aecf51e8ae54dba0929743/apis/openapi/wildapricot.com/main/9.6.1/openapi.json	eb9d12a2684b0fbcb5aecf51e8ae54dba0929743	e31c66192f2f17b8470f8bbbfd90a753a1b9d98d866b3094f950af2b9d6cfa16	4	failed: aggregation grant admitted; publisher grant unproven (document licence: none); jentic redistribution: CC0-1.0	not-run: licence screen failed	not-run: licence screen failed	rejected	witness-search-jentic/records.tsv:54
jentic	annotated-ref-target-composed	https://raw.githubusercontent.com/jentic/jentic-public-apis/eb9d12a2684b0fbcb5aecf51e8ae54dba0929743/apis/openapi/zulip.com/zulip/1.0.0/meta/import/input-bundle.json	eb9d12a2684b0fbcb5aecf51e8ae54dba0929743	cffb1099324cf988418c58876f9bc69a0fb84e887923d771e61cb5a5c9895a6d	1	pass	pass	pass	rejected	witness-search-jentic/records.tsv:55
jentic	annotated-ref-target-composed	https://raw.githubusercontent.com/jentic/jentic-public-apis/eb9d12a2684b0fbcb5aecf51e8ae54dba0929743/apis/openapi/zulip.com/zulip/1.0.0/meta/import/input-entry.json	eb9d12a2684b0fbcb5aecf51e8ae54dba0929743	e7f6eb40cfb673e64fd5119e37697e67e62e8970b92832eb13a4ecb3185195cf	1	pass	pass	pass	rejected	witness-search-jentic/records.tsv:56
jentic	annotated-ref-target-composed	https://raw.githubusercontent.com/jentic/jentic-public-apis/eb9d12a2684b0fbcb5aecf51e8ae54dba0929743/apis/openapi/zulip.com/zulip/1.0.0/meta/import/output-bundle.json	eb9d12a2684b0fbcb5aecf51e8ae54dba0929743	cffb1099324cf988418c58876f9bc69a0fb84e887923d771e61cb5a5c9895a6d	1	pass	pass	pass	rejected	witness-search-jentic/records.tsv:57
jentic	annotated-ref-target-composed	https://raw.githubusercontent.com/jentic/jentic-public-apis/eb9d12a2684b0fbcb5aecf51e8ae54dba0929743/apis/openapi/zulip.com/zulip/1.0.0/meta/import/output-entry.json	eb9d12a2684b0fbcb5aecf51e8ae54dba0929743	e7f6eb40cfb673e64fd5119e37697e67e62e8970b92832eb13a4ecb3185195cf	1	pass	pass	pass	rejected	witness-search-jentic/records.tsv:58
jentic	annotated-ref-target-composed	https://raw.githubusercontent.com/jentic/jentic-public-apis/eb9d12a2684b0fbcb5aecf51e8ae54dba0929743/apis/openapi/zulip.com/zulip/1.0.0/openapi.json	eb9d12a2684b0fbcb5aecf51e8ae54dba0929743	cffb1099324cf988418c58876f9bc69a0fb84e887923d771e61cb5a5c9895a6d	1	pass	pass	pass	rejected	witness-search-jentic/records.tsv:59
vendor-portals	annotated-ref-target-composed	https://raw.githubusercontent.com/zulip/zulip/6a82f40579f8adb9149aa0b04ff795c397baae73/zerver/openapi/zulip.yaml	6a82f40579f8adb9149aa0b04ff795c397baae73	486c52ec40e74e3f1bfc78534b726db9bcb3f1cf8f6fc3df4981733708fddd10	1	pass	pass	pass	pending-registration	witness-search-vendor-portals/records.tsv:20
apis.guru	annotated-ref-target-oneof	https://api.apis.guru/v2/specs/pandascore.co/2.23.1/openapi.yaml	no-immutable-ref: served catalogue version URL is mutable; pinned YAML fallback recorded separately	c897eef05f5948bf9329516408143580ab063b288c646b86fc5338a29b050d50	4	failed: no document grant and no publisher grant evidenced (document licence: none)	not-run: licence screen failed	not-run: licence screen failed	rejected	witness-search-apis.guru/records.tsv:8
vendor-portals	annotated-ref-target-oneof	https://api.pandascore.co/openapi.json	no-immutable-ref: https://api.pandascore.co/openapi.json is a mutable live endpoint	1d03b8704499388a9acac597a517cef324a89bf209b93f3ed16c893947e557cc	11	failed: no evidenced publisher redistribution grant; info.license absent in measured response (document licence: none)	not-run: licence screen failed	not-run: licence screen failed	rejected	witness-search-vendor-portals/records.tsv:21
apis.guru	annotated-ref-target-oneof	https://raw.githubusercontent.com/APIs-guru/openapi-directory/f04b8d0bcd39c52e1cf3ad7a5fe744709832ae49/APIs/pandascore.co/2.23.1/openapi.yaml	f04b8d0bcd39c52e1cf3ad7a5fe744709832ae49	c897eef05f5948bf9329516408143580ab063b288c646b86fc5338a29b050d50	4	failed: no document grant and no publisher grant evidenced (document licence: none)	not-run: licence screen failed	not-run: licence screen failed	rejected	witness-search-apis.guru/records.tsv:9
vendor-portals	annotated-ref-target-oneof	https://raw.githubusercontent.com/box/box-openapi/933ec4c5d9f4dbdaaa823efa3a083cf177aecbde/openapi.json	933ec4c5d9f4dbdaaa823efa3a083cf177aecbde	0f8794edec1caf44761777f791b36388ec997f4220233a1a0166712e0d3b0a06	9	pass	pass	not-run: key closed by found witness zulip/zulip:zerver/openapi/zulip.yaml	not-owed	witness-search-vendor-portals/records.tsv:22
vendor-portals	annotated-ref-target-oneof	https://raw.githubusercontent.com/box/box-openapi/933ec4c5d9f4dbdaaa823efa3a083cf177aecbde/openapi/openapi-v2025.0.json	933ec4c5d9f4dbdaaa823efa3a083cf177aecbde	9f37dde8f412d11a880414238129f9642ad18d4f0247aa46fe96ec1f8995c6eb	3	pass	pass	not-run: key closed by found witness zulip/zulip:zerver/openapi/zulip.yaml	not-owed	witness-search-vendor-portals/records.tsv:23
vendor-portals	annotated-ref-target-oneof	https://raw.githubusercontent.com/box/box-openapi/933ec4c5d9f4dbdaaa823efa3a083cf177aecbde/openapi/openapi.json	933ec4c5d9f4dbdaaa823efa3a083cf177aecbde	0f8794edec1caf44761777f791b36388ec997f4220233a1a0166712e0d3b0a06	9	pass	pass	not-run: key closed by found witness zulip/zulip:zerver/openapi/zulip.yaml	not-owed	witness-search-vendor-portals/records.tsv:24
jentic	annotated-ref-target-oneof	https://raw.githubusercontent.com/jentic/jentic-public-apis/eb9d12a2684b0fbcb5aecf51e8ae54dba0929743/apis/openapi/box.com/main/2024.0/meta/import/input-bundle.json	eb9d12a2684b0fbcb5aecf51e8ae54dba0929743	45a13f61a9904a6eeca7f56ade1263e9fd85050c788887d2a59631884ee5bdb5	9	pass	pass	failed: concrete diagnostic below	rejected	witness-search-jentic/records.tsv:60
jentic	annotated-ref-target-oneof	https://raw.githubusercontent.com/jentic/jentic-public-apis/eb9d12a2684b0fbcb5aecf51e8ae54dba0929743/apis/openapi/box.com/main/2024.0/meta/import/input-entry.json	eb9d12a2684b0fbcb5aecf51e8ae54dba0929743	45a13f61a9904a6eeca7f56ade1263e9fd85050c788887d2a59631884ee5bdb5	9	pass	pass	failed: concrete diagnostic below	rejected	witness-search-jentic/records.tsv:61
jentic	annotated-ref-target-oneof	https://raw.githubusercontent.com/jentic/jentic-public-apis/eb9d12a2684b0fbcb5aecf51e8ae54dba0929743/apis/openapi/box.com/main/2024.0/meta/import/output-bundle.json	eb9d12a2684b0fbcb5aecf51e8ae54dba0929743	45a13f61a9904a6eeca7f56ade1263e9fd85050c788887d2a59631884ee5bdb5	9	pass	pass	failed: concrete diagnostic below	rejected	witness-search-jentic/records.tsv:62
jentic	annotated-ref-target-oneof	https://raw.githubusercontent.com/jentic/jentic-public-apis/eb9d12a2684b0fbcb5aecf51e8ae54dba0929743/apis/openapi/box.com/main/2024.0/meta/import/output-entry.json	eb9d12a2684b0fbcb5aecf51e8ae54dba0929743	45a13f61a9904a6eeca7f56ade1263e9fd85050c788887d2a59631884ee5bdb5	9	pass	pass	failed: concrete diagnostic below	rejected	witness-search-jentic/records.tsv:63
jentic	annotated-ref-target-oneof	https://raw.githubusercontent.com/jentic/jentic-public-apis/eb9d12a2684b0fbcb5aecf51e8ae54dba0929743/apis/openapi/box.com/main/2024.0/openapi.json	eb9d12a2684b0fbcb5aecf51e8ae54dba0929743	45a13f61a9904a6eeca7f56ade1263e9fd85050c788887d2a59631884ee5bdb5	9	pass	pass	failed: concrete diagnostic below	rejected	witness-search-jentic/records.tsv:64
jentic	annotated-ref-target-oneof	https://raw.githubusercontent.com/jentic/jentic-public-apis/eb9d12a2684b0fbcb5aecf51e8ae54dba0929743/apis/openapi/openai.com/main/2.3.0/meta/import/input-bundled.json	eb9d12a2684b0fbcb5aecf51e8ae54dba0929743	f444857685119ca6ca7daedf1cd691cc7f07a54d996fd2dc0b8de063b05c1fa6	3	failed: aggregation grant admitted; publisher grant unproven (document licence: none); jentic redistribution: CC0-1.0	not-run: licence screen failed	not-run: licence screen failed	rejected	witness-search-jentic/records.tsv:65
jentic	annotated-ref-target-oneof	https://raw.githubusercontent.com/jentic/jentic-public-apis/eb9d12a2684b0fbcb5aecf51e8ae54dba0929743/apis/openapi/openai.com/main/2.3.0/meta/import/input-entry.json	eb9d12a2684b0fbcb5aecf51e8ae54dba0929743	f444857685119ca6ca7daedf1cd691cc7f07a54d996fd2dc0b8de063b05c1fa6	3	failed: aggregation grant admitted; publisher grant unproven (document licence: none); jentic redistribution: CC0-1.0	not-run: licence screen failed	not-run: licence screen failed	rejected	witness-search-jentic/records.tsv:66
jentic	annotated-ref-target-oneof	https://raw.githubusercontent.com/jentic/jentic-public-apis/eb9d12a2684b0fbcb5aecf51e8ae54dba0929743/apis/openapi/openai.com/main/2.3.0/meta/import/output-bundled.json	eb9d12a2684b0fbcb5aecf51e8ae54dba0929743	f444857685119ca6ca7daedf1cd691cc7f07a54d996fd2dc0b8de063b05c1fa6	3	failed: aggregation grant admitted; publisher grant unproven (document licence: none); jentic redistribution: CC0-1.0	not-run: licence screen failed	not-run: licence screen failed	rejected	witness-search-jentic/records.tsv:67
jentic	annotated-ref-target-oneof	https://raw.githubusercontent.com/jentic/jentic-public-apis/eb9d12a2684b0fbcb5aecf51e8ae54dba0929743/apis/openapi/openai.com/main/2.3.0/meta/import/output-entry.json	eb9d12a2684b0fbcb5aecf51e8ae54dba0929743	f444857685119ca6ca7daedf1cd691cc7f07a54d996fd2dc0b8de063b05c1fa6	3	failed: aggregation grant admitted; publisher grant unproven (document licence: none); jentic redistribution: CC0-1.0	not-run: licence screen failed	not-run: licence screen failed	rejected	witness-search-jentic/records.tsv:68
jentic	annotated-ref-target-oneof	https://raw.githubusercontent.com/jentic/jentic-public-apis/eb9d12a2684b0fbcb5aecf51e8ae54dba0929743/apis/openapi/openai.com/main/2.3.0/openapi.json	eb9d12a2684b0fbcb5aecf51e8ae54dba0929743	f444857685119ca6ca7daedf1cd691cc7f07a54d996fd2dc0b8de063b05c1fa6	3	failed: aggregation grant admitted; publisher grant unproven (document licence: none); jentic redistribution: CC0-1.0	not-run: licence screen failed	not-run: licence screen failed	rejected	witness-search-jentic/records.tsv:69
jentic	annotated-ref-target-oneof	https://raw.githubusercontent.com/jentic/jentic-public-apis/eb9d12a2684b0fbcb5aecf51e8ae54dba0929743/apis/openapi/pandascore.co/main/2.23.1/meta/import/input-bundle.json	eb9d12a2684b0fbcb5aecf51e8ae54dba0929743	163af164b8d5ce50a80d913ea47167fc5cba5c16da9b892fcfb484fb68ebf25c	4	failed: see exact grant finding (document licence: none); jentic redistribution: CC0-1.0	not-run: licence screen failed	not-run: licence screen failed	rejected	witness-search-jentic/records.tsv:70
jentic	annotated-ref-target-oneof	https://raw.githubusercontent.com/jentic/jentic-public-apis/eb9d12a2684b0fbcb5aecf51e8ae54dba0929743/apis/openapi/pandascore.co/main/2.23.1/meta/import/input-entry.json	eb9d12a2684b0fbcb5aecf51e8ae54dba0929743	163af164b8d5ce50a80d913ea47167fc5cba5c16da9b892fcfb484fb68ebf25c	4	failed: see exact grant finding (document licence: none); jentic redistribution: CC0-1.0	not-run: licence screen failed	not-run: licence screen failed	rejected	witness-search-jentic/records.tsv:71
jentic	annotated-ref-target-oneof	https://raw.githubusercontent.com/jentic/jentic-public-apis/eb9d12a2684b0fbcb5aecf51e8ae54dba0929743/apis/openapi/pandascore.co/main/2.23.1/meta/import/output-bundle.json	eb9d12a2684b0fbcb5aecf51e8ae54dba0929743	163af164b8d5ce50a80d913ea47167fc5cba5c16da9b892fcfb484fb68ebf25c	4	failed: see exact grant finding (document licence: none); jentic redistribution: CC0-1.0	not-run: licence screen failed	not-run: licence screen failed	rejected	witness-search-jentic/records.tsv:72
jentic	annotated-ref-target-oneof	https://raw.githubusercontent.com/jentic/jentic-public-apis/eb9d12a2684b0fbcb5aecf51e8ae54dba0929743/apis/openapi/pandascore.co/main/2.23.1/meta/import/output-entry.json	eb9d12a2684b0fbcb5aecf51e8ae54dba0929743	163af164b8d5ce50a80d913ea47167fc5cba5c16da9b892fcfb484fb68ebf25c	4	failed: see exact grant finding (document licence: none); jentic redistribution: CC0-1.0	not-run: licence screen failed	not-run: licence screen failed	rejected	witness-search-jentic/records.tsv:73
jentic	annotated-ref-target-oneof	https://raw.githubusercontent.com/jentic/jentic-public-apis/eb9d12a2684b0fbcb5aecf51e8ae54dba0929743/apis/openapi/pandascore.co/main/2.23.1/openapi.json	eb9d12a2684b0fbcb5aecf51e8ae54dba0929743	163af164b8d5ce50a80d913ea47167fc5cba5c16da9b892fcfb484fb68ebf25c	4	failed: see exact grant finding (document licence: none); jentic redistribution: CC0-1.0	not-run: licence screen failed	not-run: licence screen failed	rejected	witness-search-jentic/records.tsv:74
jentic	annotated-ref-target-oneof	https://raw.githubusercontent.com/jentic/jentic-public-apis/eb9d12a2684b0fbcb5aecf51e8ae54dba0929743/apis/openapi/pandascore.co/pandascore-rest-api-for-all-videogames/2.23.1/meta/import/input-bundle.json	eb9d12a2684b0fbcb5aecf51e8ae54dba0929743	3d238afcf5ede4dc3d22870e238ff3c1891a22d150e7edf8f8566918e86eb7bb	4	failed: see exact grant finding (document licence: none); jentic redistribution: CC0-1.0	not-run: licence screen failed	not-run: licence screen failed	rejected	witness-search-jentic/records.tsv:75
jentic	annotated-ref-target-oneof	https://raw.githubusercontent.com/jentic/jentic-public-apis/eb9d12a2684b0fbcb5aecf51e8ae54dba0929743/apis/openapi/pandascore.co/pandascore-rest-api-for-all-videogames/2.23.1/meta/import/input-entry.json	eb9d12a2684b0fbcb5aecf51e8ae54dba0929743	3d238afcf5ede4dc3d22870e238ff3c1891a22d150e7edf8f8566918e86eb7bb	4	failed: see exact grant finding (document licence: none); jentic redistribution: CC0-1.0	not-run: licence screen failed	not-run: licence screen failed	rejected	witness-search-jentic/records.tsv:76
jentic	annotated-ref-target-oneof	https://raw.githubusercontent.com/jentic/jentic-public-apis/eb9d12a2684b0fbcb5aecf51e8ae54dba0929743/apis/openapi/pandascore.co/pandascore-rest-api-for-all-videogames/2.23.1/meta/import/output-bundle.json	eb9d12a2684b0fbcb5aecf51e8ae54dba0929743	3d238afcf5ede4dc3d22870e238ff3c1891a22d150e7edf8f8566918e86eb7bb	4	failed: see exact grant finding (document licence: none); jentic redistribution: CC0-1.0	not-run: licence screen failed	not-run: licence screen failed	rejected	witness-search-jentic/records.tsv:77
jentic	annotated-ref-target-oneof	https://raw.githubusercontent.com/jentic/jentic-public-apis/eb9d12a2684b0fbcb5aecf51e8ae54dba0929743/apis/openapi/pandascore.co/pandascore-rest-api-for-all-videogames/2.23.1/meta/import/output-entry.json	eb9d12a2684b0fbcb5aecf51e8ae54dba0929743	3d238afcf5ede4dc3d22870e238ff3c1891a22d150e7edf8f8566918e86eb7bb	4	failed: see exact grant finding (document licence: none); jentic redistribution: CC0-1.0	not-run: licence screen failed	not-run: licence screen failed	rejected	witness-search-jentic/records.tsv:78
jentic	annotated-ref-target-oneof	https://raw.githubusercontent.com/jentic/jentic-public-apis/eb9d12a2684b0fbcb5aecf51e8ae54dba0929743/apis/openapi/pandascore.co/pandascore-rest-api-for-all-videogames/2.23.1/openapi.json	eb9d12a2684b0fbcb5aecf51e8ae54dba0929743	3d238afcf5ede4dc3d22870e238ff3c1891a22d150e7edf8f8566918e86eb7bb	4	failed: see exact grant finding (document licence: none); jentic redistribution: CC0-1.0	not-run: licence screen failed	not-run: licence screen failed	rejected	witness-search-jentic/records.tsv:79
jentic	annotated-ref-target-oneof	https://raw.githubusercontent.com/jentic/jentic-public-apis/eb9d12a2684b0fbcb5aecf51e8ae54dba0929743/apis/openapi/zulip.com/zulip/1.0.0/meta/import/input-bundle.json	eb9d12a2684b0fbcb5aecf51e8ae54dba0929743	cffb1099324cf988418c58876f9bc69a0fb84e887923d771e61cb5a5c9895a6d	7	pass	pass	pass	rejected	witness-search-jentic/records.tsv:80
jentic	annotated-ref-target-oneof	https://raw.githubusercontent.com/jentic/jentic-public-apis/eb9d12a2684b0fbcb5aecf51e8ae54dba0929743/apis/openapi/zulip.com/zulip/1.0.0/meta/import/input-entry.json	eb9d12a2684b0fbcb5aecf51e8ae54dba0929743	e7f6eb40cfb673e64fd5119e37697e67e62e8970b92832eb13a4ecb3185195cf	7	pass	pass	pass	rejected	witness-search-jentic/records.tsv:81
jentic	annotated-ref-target-oneof	https://raw.githubusercontent.com/jentic/jentic-public-apis/eb9d12a2684b0fbcb5aecf51e8ae54dba0929743/apis/openapi/zulip.com/zulip/1.0.0/meta/import/output-bundle.json	eb9d12a2684b0fbcb5aecf51e8ae54dba0929743	cffb1099324cf988418c58876f9bc69a0fb84e887923d771e61cb5a5c9895a6d	7	pass	pass	pass	rejected	witness-search-jentic/records.tsv:82
jentic	annotated-ref-target-oneof	https://raw.githubusercontent.com/jentic/jentic-public-apis/eb9d12a2684b0fbcb5aecf51e8ae54dba0929743/apis/openapi/zulip.com/zulip/1.0.0/meta/import/output-entry.json	eb9d12a2684b0fbcb5aecf51e8ae54dba0929743	e7f6eb40cfb673e64fd5119e37697e67e62e8970b92832eb13a4ecb3185195cf	7	pass	pass	pass	rejected	witness-search-jentic/records.tsv:83
jentic	annotated-ref-target-oneof	https://raw.githubusercontent.com/jentic/jentic-public-apis/eb9d12a2684b0fbcb5aecf51e8ae54dba0929743/apis/openapi/zulip.com/zulip/1.0.0/openapi.json	eb9d12a2684b0fbcb5aecf51e8ae54dba0929743	cffb1099324cf988418c58876f9bc69a0fb84e887923d771e61cb5a5c9895a6d	7	pass	pass	pass	rejected	witness-search-jentic/records.tsv:84
vendor-portals	annotated-ref-target-oneof	https://raw.githubusercontent.com/openai/openai-openapi/b53b169f44dc0fbf878db3f9a1d3b66f43831f8d/openapi.json	b53b169f44dc0fbf878db3f9a1d3b66f43831f8d	eeff5890d95fdc3656b881460fd07827652cb77333baa66ed34d6ce7adaa3c91	3	pass	pass	not-run: key closed by found witness zulip/zulip:zerver/openapi/zulip.yaml	not-owed	witness-search-vendor-portals/records.tsv:25
vendor-portals	annotated-ref-target-oneof	https://raw.githubusercontent.com/openai/openai-openapi/b53b169f44dc0fbf878db3f9a1d3b66f43831f8d/openapi.yaml	b53b169f44dc0fbf878db3f9a1d3b66f43831f8d	5f2358ee412d4220e5673068c02fc34c36653cdc60e18f72bddc707caec587ae	3	pass	pass	not-run: key closed by found witness zulip/zulip:zerver/openapi/zulip.yaml	not-owed	witness-search-vendor-portals/records.tsv:26
vendor-portals	annotated-ref-target-oneof	https://raw.githubusercontent.com/zulip/zulip/6a82f40579f8adb9149aa0b04ff795c397baae73/zerver/openapi/zulip.yaml	6a82f40579f8adb9149aa0b04ff795c397baae73	486c52ec40e74e3f1bfc78534b726db9bcb3f1cf8f6fc3df4981733708fddd10	7	pass	pass	pass	pending-registration	witness-search-vendor-portals/records.tsv:27
vendor-portals	anyof-array-variant-anyof-nullable-item	https://api.elevenlabs.io/openapi.json	no-immutable-ref: https://api.elevenlabs.io/openapi.json is a mutable live endpoint	14b71caad897ed2ebe9504739de2108fa33bb888e5174b53b036895ee47309c3	1	failed: no evidenced publisher redistribution grant; info.license absent in measured response (document licence: none)	not-run: licence screen failed	not-run: licence screen failed	rejected	witness-search-vendor-portals/records.tsv:28
jentic	anyof-array-variant-anyof-nullable-item	https://raw.githubusercontent.com/jentic/jentic-public-apis/eb9d12a2684b0fbcb5aecf51e8ae54dba0929743/apis/openapi/smith.langchain.com/langsmith-api/0.1.0/meta/import/input-bundle.json	eb9d12a2684b0fbcb5aecf51e8ae54dba0929743	c97ad2387e46d409d18714609c64fa0a8513f5420d7ddf2e7dde682a451bab4b	1	pass	pass	failed: concrete diagnostic below	rejected	witness-search-jentic/records.tsv:85
jentic	anyof-array-variant-anyof-nullable-item	https://raw.githubusercontent.com/jentic/jentic-public-apis/eb9d12a2684b0fbcb5aecf51e8ae54dba0929743/apis/openapi/smith.langchain.com/langsmith-api/0.1.0/meta/import/input-entry.json	eb9d12a2684b0fbcb5aecf51e8ae54dba0929743	77cc518ac6c209f90a7b188d286cdd51e53e3d441a576c244b7ac4b173a85061	1	pass	pass	failed: concrete diagnostic below	rejected	witness-search-jentic/records.tsv:86
jentic	anyof-array-variant-anyof-nullable-item	https://raw.githubusercontent.com/jentic/jentic-public-apis/eb9d12a2684b0fbcb5aecf51e8ae54dba0929743/apis/openapi/smith.langchain.com/langsmith-api/0.1.0/meta/import/output-bundle.json	eb9d12a2684b0fbcb5aecf51e8ae54dba0929743	c97ad2387e46d409d18714609c64fa0a8513f5420d7ddf2e7dde682a451bab4b	1	pass	pass	failed: concrete diagnostic below	rejected	witness-search-jentic/records.tsv:87
jentic	anyof-array-variant-anyof-nullable-item	https://raw.githubusercontent.com/jentic/jentic-public-apis/eb9d12a2684b0fbcb5aecf51e8ae54dba0929743/apis/openapi/smith.langchain.com/langsmith-api/0.1.0/meta/import/output-entry.json	eb9d12a2684b0fbcb5aecf51e8ae54dba0929743	77cc518ac6c209f90a7b188d286cdd51e53e3d441a576c244b7ac4b173a85061	1	pass	pass	failed: concrete diagnostic below	rejected	witness-search-jentic/records.tsv:88
jentic	anyof-array-variant-anyof-nullable-item	https://raw.githubusercontent.com/jentic/jentic-public-apis/eb9d12a2684b0fbcb5aecf51e8ae54dba0929743/apis/openapi/smith.langchain.com/langsmith-api/0.1.0/openapi.json	eb9d12a2684b0fbcb5aecf51e8ae54dba0929743	c97ad2387e46d409d18714609c64fa0a8513f5420d7ddf2e7dde682a451bab4b	1	pass	pass	failed: concrete diagnostic below	rejected	witness-search-jentic/records.tsv:89
apis.guru	anyof-array-variant-closed-object-item	https://api.apis.guru/v2/specs/webflow.com/2023-03-01T164537Z/openapi.json	no-immutable-ref: served catalogue version URL is mutable; pinned YAML fallback recorded separately	550233e93e78ded22dcce92c91b37be05f459bcea03031efaeaa33b1e861d6aa	1	failed: no publisher redistribution grant evidenced (document licence: none)	not-run: licence screen failed	not-run: licence screen failed	rejected	witness-search-apis.guru/records.tsv:10
apis.guru	anyof-array-variant-closed-object-item	https://raw.githubusercontent.com/APIs-guru/openapi-directory/f04b8d0bcd39c52e1cf3ad7a5fe744709832ae49/APIs/webflow.com/2023-03-23T154040Z/openapi.yaml	f04b8d0bcd39c52e1cf3ad7a5fe744709832ae49	390d03664d0779d86f87683253b91842c67777869cf4da35e5ddd4dd0ad3959c	1	failed: no document grant and no publisher grant evidenced (document licence: none)	not-run: licence screen failed	not-run: licence screen failed	rejected	witness-search-apis.guru/records.tsv:11
jentic	anyof-array-variant-closed-object-item	https://raw.githubusercontent.com/jentic/jentic-public-apis/eb9d12a2684b0fbcb5aecf51e8ae54dba0929743/apis/openapi/cradl.ai/main/2026-01-28T09%3A00%3A46Z/meta/import/input-bundle.json	eb9d12a2684b0fbcb5aecf51e8ae54dba0929743	57c5f7cf776da457b2170e3e02e22458c1e35a6d16c35a3058ed158dca8c405c	1	pass	pass	pass	byte-identical to CORPUS row 163, sha256 57c5f7cf776da457b2170e3e02e22458c1e35a6d16c35a3058ed158dca8c405c	witness-search-jentic/records.tsv:90
jentic	anyof-array-variant-closed-object-item	https://raw.githubusercontent.com/jentic/jentic-public-apis/eb9d12a2684b0fbcb5aecf51e8ae54dba0929743/apis/openapi/cradl.ai/main/2026-01-28T09%3A00%3A46Z/meta/import/input-entry.json	eb9d12a2684b0fbcb5aecf51e8ae54dba0929743	57c5f7cf776da457b2170e3e02e22458c1e35a6d16c35a3058ed158dca8c405c	1	pass	pass	pass	byte-identical to CORPUS row 163, sha256 57c5f7cf776da457b2170e3e02e22458c1e35a6d16c35a3058ed158dca8c405c	witness-search-jentic/records.tsv:91
jentic	anyof-array-variant-closed-object-item	https://raw.githubusercontent.com/jentic/jentic-public-apis/eb9d12a2684b0fbcb5aecf51e8ae54dba0929743/apis/openapi/cradl.ai/main/2026-01-28T09%3A00%3A46Z/meta/import/output-bundle.json	eb9d12a2684b0fbcb5aecf51e8ae54dba0929743	57c5f7cf776da457b2170e3e02e22458c1e35a6d16c35a3058ed158dca8c405c	1	pass	pass	pass	byte-identical to CORPUS row 163, sha256 57c5f7cf776da457b2170e3e02e22458c1e35a6d16c35a3058ed158dca8c405c	witness-search-jentic/records.tsv:92
jentic	anyof-array-variant-closed-object-item	https://raw.githubusercontent.com/jentic/jentic-public-apis/eb9d12a2684b0fbcb5aecf51e8ae54dba0929743/apis/openapi/cradl.ai/main/2026-01-28T09%3A00%3A46Z/meta/import/output-entry.json	eb9d12a2684b0fbcb5aecf51e8ae54dba0929743	57c5f7cf776da457b2170e3e02e22458c1e35a6d16c35a3058ed158dca8c405c	1	pass	pass	pass	byte-identical to CORPUS row 163, sha256 57c5f7cf776da457b2170e3e02e22458c1e35a6d16c35a3058ed158dca8c405c	witness-search-jentic/records.tsv:93
jentic	anyof-array-variant-closed-object-item	https://raw.githubusercontent.com/jentic/jentic-public-apis/eb9d12a2684b0fbcb5aecf51e8ae54dba0929743/apis/openapi/cradl.ai/main/2026-01-28T09%3A00%3A46Z/openapi.json	eb9d12a2684b0fbcb5aecf51e8ae54dba0929743	57c5f7cf776da457b2170e3e02e22458c1e35a6d16c35a3058ed158dca8c405c	1	pass	pass	pass	not-owed	witness-search-jentic/records.tsv:94
jentic	anyof-array-variant-closed-object-item	https://raw.githubusercontent.com/jentic/jentic-public-apis/eb9d12a2684b0fbcb5aecf51e8ae54dba0929743/apis/openapi/elastic.co/kibana/1.0/meta/import/input-bundle.json	eb9d12a2684b0fbcb5aecf51e8ae54dba0929743	074048fe12ed07ed40e24d6ff027c480745d1ffe51bd07e86e5d24491b5031e2	20	pass	pass	failed: concrete diagnostic below	rejected	witness-search-jentic/records.tsv:95
jentic	anyof-array-variant-closed-object-item	https://raw.githubusercontent.com/jentic/jentic-public-apis/eb9d12a2684b0fbcb5aecf51e8ae54dba0929743/apis/openapi/elastic.co/kibana/1.0/meta/import/input-entry.json	eb9d12a2684b0fbcb5aecf51e8ae54dba0929743	074048fe12ed07ed40e24d6ff027c480745d1ffe51bd07e86e5d24491b5031e2	20	pass	pass	failed: concrete diagnostic below	rejected	witness-search-jentic/records.tsv:96
jentic	anyof-array-variant-closed-object-item	https://raw.githubusercontent.com/jentic/jentic-public-apis/eb9d12a2684b0fbcb5aecf51e8ae54dba0929743/apis/openapi/elastic.co/kibana/1.0/meta/import/output-bundle.json	eb9d12a2684b0fbcb5aecf51e8ae54dba0929743	074048fe12ed07ed40e24d6ff027c480745d1ffe51bd07e86e5d24491b5031e2	20	pass	pass	failed: concrete diagnostic below	rejected	witness-search-jentic/records.tsv:97
jentic	anyof-array-variant-closed-object-item	https://raw.githubusercontent.com/jentic/jentic-public-apis/eb9d12a2684b0fbcb5aecf51e8ae54dba0929743/apis/openapi/elastic.co/kibana/1.0/meta/import/output-entry.json	eb9d12a2684b0fbcb5aecf51e8ae54dba0929743	074048fe12ed07ed40e24d6ff027c480745d1ffe51bd07e86e5d24491b5031e2	20	pass	pass	failed: concrete diagnostic below	rejected	witness-search-jentic/records.tsv:98
jentic	anyof-array-variant-closed-object-item	https://raw.githubusercontent.com/jentic/jentic-public-apis/eb9d12a2684b0fbcb5aecf51e8ae54dba0929743/apis/openapi/elastic.co/kibana/1.0/openapi.json	eb9d12a2684b0fbcb5aecf51e8ae54dba0929743	074048fe12ed07ed40e24d6ff027c480745d1ffe51bd07e86e5d24491b5031e2	20	pass	pass	failed: concrete diagnostic below	rejected	witness-search-jentic/records.tsv:99
jentic	anyof-array-variant-closed-object-item	https://raw.githubusercontent.com/jentic/jentic-public-apis/eb9d12a2684b0fbcb5aecf51e8ae54dba0929743/apis/openapi/exa.ai/main/2.0.0/meta/import/input-bundle.json	eb9d12a2684b0fbcb5aecf51e8ae54dba0929743	02516c6e9eddb9432ad4dfda2c62dc2130c928df1e81be1909c3d94ef400220d	1	failed: aggregation grant admitted; publisher grant unproven (document licence: none); jentic redistribution: CC0-1.0	not-run: licence screen failed	not-run: licence screen failed	rejected	witness-search-jentic/records.tsv:100
jentic	anyof-array-variant-closed-object-item	https://raw.githubusercontent.com/jentic/jentic-public-apis/eb9d12a2684b0fbcb5aecf51e8ae54dba0929743/apis/openapi/exa.ai/main/2.0.0/meta/import/input-entry.json	eb9d12a2684b0fbcb5aecf51e8ae54dba0929743	02516c6e9eddb9432ad4dfda2c62dc2130c928df1e81be1909c3d94ef400220d	1	failed: aggregation grant admitted; publisher grant unproven (document licence: none); jentic redistribution: CC0-1.0	not-run: licence screen failed	not-run: licence screen failed	rejected	witness-search-jentic/records.tsv:101
jentic	anyof-array-variant-closed-object-item	https://raw.githubusercontent.com/jentic/jentic-public-apis/eb9d12a2684b0fbcb5aecf51e8ae54dba0929743/apis/openapi/exa.ai/main/2.0.0/meta/import/output-bundle.json	eb9d12a2684b0fbcb5aecf51e8ae54dba0929743	02516c6e9eddb9432ad4dfda2c62dc2130c928df1e81be1909c3d94ef400220d	1	failed: aggregation grant admitted; publisher grant unproven (document licence: none); jentic redistribution: CC0-1.0	not-run: licence screen failed	not-run: licence screen failed	rejected	witness-search-jentic/records.tsv:102
jentic	anyof-array-variant-closed-object-item	https://raw.githubusercontent.com/jentic/jentic-public-apis/eb9d12a2684b0fbcb5aecf51e8ae54dba0929743/apis/openapi/exa.ai/main/2.0.0/meta/import/output-entry.json	eb9d12a2684b0fbcb5aecf51e8ae54dba0929743	02516c6e9eddb9432ad4dfda2c62dc2130c928df1e81be1909c3d94ef400220d	1	failed: aggregation grant admitted; publisher grant unproven (document licence: none); jentic redistribution: CC0-1.0	not-run: licence screen failed	not-run: licence screen failed	rejected	witness-search-jentic/records.tsv:103
jentic	anyof-array-variant-closed-object-item	https://raw.githubusercontent.com/jentic/jentic-public-apis/eb9d12a2684b0fbcb5aecf51e8ae54dba0929743/apis/openapi/exa.ai/main/2.0.0/openapi.json	eb9d12a2684b0fbcb5aecf51e8ae54dba0929743	02516c6e9eddb9432ad4dfda2c62dc2130c928df1e81be1909c3d94ef400220d	1	failed: aggregation grant admitted; publisher grant unproven (document licence: none); jentic redistribution: CC0-1.0	not-run: licence screen failed	not-run: licence screen failed	rejected	witness-search-jentic/records.tsv:104
jentic	anyof-array-variant-closed-object-item	https://raw.githubusercontent.com/jentic/jentic-public-apis/eb9d12a2684b0fbcb5aecf51e8ae54dba0929743/apis/openapi/huggingface.co/main/0.0.1/meta/import/input-bundle.json	eb9d12a2684b0fbcb5aecf51e8ae54dba0929743	6b26beb70fb91ee1fd2e7ae1fb99b8b7b974be9a39d832e678e8da60a5f65123	1	failed: aggregation grant admitted; publisher grant unproven (document licence: none); jentic redistribution: CC0-1.0	not-run: licence screen failed	not-run: licence screen failed	rejected	witness-search-jentic/records.tsv:105
jentic	anyof-array-variant-closed-object-item	https://raw.githubusercontent.com/jentic/jentic-public-apis/eb9d12a2684b0fbcb5aecf51e8ae54dba0929743/apis/openapi/huggingface.co/main/0.0.1/meta/import/input-entry.json	eb9d12a2684b0fbcb5aecf51e8ae54dba0929743	6b26beb70fb91ee1fd2e7ae1fb99b8b7b974be9a39d832e678e8da60a5f65123	1	failed: aggregation grant admitted; publisher grant unproven (document licence: none); jentic redistribution: CC0-1.0	not-run: licence screen failed	not-run: licence screen failed	rejected	witness-search-jentic/records.tsv:106
jentic	anyof-array-variant-closed-object-item	https://raw.githubusercontent.com/jentic/jentic-public-apis/eb9d12a2684b0fbcb5aecf51e8ae54dba0929743/apis/openapi/huggingface.co/main/0.0.1/meta/import/output-bundle.json	eb9d12a2684b0fbcb5aecf51e8ae54dba0929743	6b26beb70fb91ee1fd2e7ae1fb99b8b7b974be9a39d832e678e8da60a5f65123	1	failed: aggregation grant admitted; publisher grant unproven (document licence: none); jentic redistribution: CC0-1.0	not-run: licence screen failed	not-run: licence screen failed	rejected	witness-search-jentic/records.tsv:107
jentic	anyof-array-variant-closed-object-item	https://raw.githubusercontent.com/jentic/jentic-public-apis/eb9d12a2684b0fbcb5aecf51e8ae54dba0929743/apis/openapi/huggingface.co/main/0.0.1/meta/import/output-entry.json	eb9d12a2684b0fbcb5aecf51e8ae54dba0929743	6b26beb70fb91ee1fd2e7ae1fb99b8b7b974be9a39d832e678e8da60a5f65123	1	failed: aggregation grant admitted; publisher grant unproven (document licence: none); jentic redistribution: CC0-1.0	not-run: licence screen failed	not-run: licence screen failed	rejected	witness-search-jentic/records.tsv:108
jentic	anyof-array-variant-closed-object-item	https://raw.githubusercontent.com/jentic/jentic-public-apis/eb9d12a2684b0fbcb5aecf51e8ae54dba0929743/apis/openapi/huggingface.co/main/0.0.1/openapi.json	eb9d12a2684b0fbcb5aecf51e8ae54dba0929743	6b26beb70fb91ee1fd2e7ae1fb99b8b7b974be9a39d832e678e8da60a5f65123	1	failed: aggregation grant admitted; publisher grant unproven (document licence: none); jentic redistribution: CC0-1.0	not-run: licence screen failed	not-run: licence screen failed	rejected	witness-search-jentic/records.tsv:109
jentic	anyof-array-variant-closed-object-item	https://raw.githubusercontent.com/jentic/jentic-public-apis/eb9d12a2684b0fbcb5aecf51e8ae54dba0929743/apis/openapi/webflow.com/lucidtech-api/2023-03-01%2016%3A45%3A37%2B00%3A00/meta/import/input-bundle.json	eb9d12a2684b0fbcb5aecf51e8ae54dba0929743	14f5df572fe0e4b6dce1549895ca73f75abcd306aebc2fab677cd48b83737c27	1	failed: aggregation grant admitted; publisher grant unproven (document licence: none); jentic redistribution: CC0-1.0	not-run: licence screen failed	not-run: licence screen failed	rejected	witness-search-jentic/records.tsv:110
jentic	anyof-array-variant-closed-object-item	https://raw.githubusercontent.com/jentic/jentic-public-apis/eb9d12a2684b0fbcb5aecf51e8ae54dba0929743/apis/openapi/webflow.com/lucidtech-api/2023-03-01%2016%3A45%3A37%2B00%3A00/meta/import/input-entry.json	eb9d12a2684b0fbcb5aecf51e8ae54dba0929743	14f5df572fe0e4b6dce1549895ca73f75abcd306aebc2fab677cd48b83737c27	1	failed: aggregation grant admitted; publisher grant unproven (document licence: none); jentic redistribution: CC0-1.0	not-run: licence screen failed	not-run: licence screen failed	rejected	witness-search-jentic/records.tsv:111
jentic	anyof-array-variant-closed-object-item	https://raw.githubusercontent.com/jentic/jentic-public-apis/eb9d12a2684b0fbcb5aecf51e8ae54dba0929743/apis/openapi/webflow.com/lucidtech-api/2023-03-01%2016%3A45%3A37%2B00%3A00/meta/import/output-bundle.json	eb9d12a2684b0fbcb5aecf51e8ae54dba0929743	14f5df572fe0e4b6dce1549895ca73f75abcd306aebc2fab677cd48b83737c27	1	failed: aggregation grant admitted; publisher grant unproven (document licence: none); jentic redistribution: CC0-1.0	not-run: licence screen failed	not-run: licence screen failed	rejected	witness-search-jentic/records.tsv:112
jentic	anyof-array-variant-closed-object-item	https://raw.githubusercontent.com/jentic/jentic-public-apis/eb9d12a2684b0fbcb5aecf51e8ae54dba0929743/apis/openapi/webflow.com/lucidtech-api/2023-03-01%2016%3A45%3A37%2B00%3A00/meta/import/output-entry.json	eb9d12a2684b0fbcb5aecf51e8ae54dba0929743	14f5df572fe0e4b6dce1549895ca73f75abcd306aebc2fab677cd48b83737c27	1	failed: aggregation grant admitted; publisher grant unproven (document licence: none); jentic redistribution: CC0-1.0	not-run: licence screen failed	not-run: licence screen failed	rejected	witness-search-jentic/records.tsv:113
jentic	anyof-array-variant-closed-object-item	https://raw.githubusercontent.com/jentic/jentic-public-apis/eb9d12a2684b0fbcb5aecf51e8ae54dba0929743/apis/openapi/webflow.com/lucidtech-api/2023-03-01%2016%3A45%3A37%2B00%3A00/openapi.json	eb9d12a2684b0fbcb5aecf51e8ae54dba0929743	14f5df572fe0e4b6dce1549895ca73f75abcd306aebc2fab677cd48b83737c27	1	failed: aggregation grant admitted; publisher grant unproven (document licence: none); jentic redistribution: CC0-1.0	not-run: licence screen failed	not-run: licence screen failed	rejected	witness-search-jentic/records.tsv:114
jentic	anyof-array-variant-closed-object-item	https://raw.githubusercontent.com/jentic/jentic-public-apis/eb9d12a2684b0fbcb5aecf51e8ae54dba0929743/apis/openapi/webflow.com/main/2023-03-01T16%3A45%3A37Z/meta/import/input-bundle.json	eb9d12a2684b0fbcb5aecf51e8ae54dba0929743	c96cc6c0b232ec39c5bfec67d79d5fbfd9466d25083723865135301046339f49	1	failed: aggregation grant admitted; publisher grant unproven (document licence: none); jentic redistribution: CC0-1.0	not-run: licence screen failed	not-run: licence screen failed	rejected	witness-search-jentic/records.tsv:115
jentic	anyof-array-variant-closed-object-item	https://raw.githubusercontent.com/jentic/jentic-public-apis/eb9d12a2684b0fbcb5aecf51e8ae54dba0929743/apis/openapi/webflow.com/main/2023-03-01T16%3A45%3A37Z/meta/import/input-entry.json	eb9d12a2684b0fbcb5aecf51e8ae54dba0929743	c96cc6c0b232ec39c5bfec67d79d5fbfd9466d25083723865135301046339f49	1	failed: aggregation grant admitted; publisher grant unproven (document licence: none); jentic redistribution: CC0-1.0	not-run: licence screen failed	not-run: licence screen failed	rejected	witness-search-jentic/records.tsv:116
jentic	anyof-array-variant-closed-object-item	https://raw.githubusercontent.com/jentic/jentic-public-apis/eb9d12a2684b0fbcb5aecf51e8ae54dba0929743/apis/openapi/webflow.com/main/2023-03-01T16%3A45%3A37Z/meta/import/output-bundle.json	eb9d12a2684b0fbcb5aecf51e8ae54dba0929743	c96cc6c0b232ec39c5bfec67d79d5fbfd9466d25083723865135301046339f49	1	failed: aggregation grant admitted; publisher grant unproven (document licence: none); jentic redistribution: CC0-1.0	not-run: licence screen failed	not-run: licence screen failed	rejected	witness-search-jentic/records.tsv:117
jentic	anyof-array-variant-closed-object-item	https://raw.githubusercontent.com/jentic/jentic-public-apis/eb9d12a2684b0fbcb5aecf51e8ae54dba0929743/apis/openapi/webflow.com/main/2023-03-01T16%3A45%3A37Z/meta/import/output-entry.json	eb9d12a2684b0fbcb5aecf51e8ae54dba0929743	c96cc6c0b232ec39c5bfec67d79d5fbfd9466d25083723865135301046339f49	1	failed: aggregation grant admitted; publisher grant unproven (document licence: none); jentic redistribution: CC0-1.0	not-run: licence screen failed	not-run: licence screen failed	rejected	witness-search-jentic/records.tsv:118
jentic	anyof-array-variant-closed-object-item	https://raw.githubusercontent.com/jentic/jentic-public-apis/eb9d12a2684b0fbcb5aecf51e8ae54dba0929743/apis/openapi/webflow.com/main/2023-03-01T16%3A45%3A37Z/openapi.json	eb9d12a2684b0fbcb5aecf51e8ae54dba0929743	c96cc6c0b232ec39c5bfec67d79d5fbfd9466d25083723865135301046339f49	1	failed: aggregation grant admitted; publisher grant unproven (document licence: none); jentic redistribution: CC0-1.0	not-run: licence screen failed	not-run: licence screen failed	rejected	witness-search-jentic/records.tsv:119
jentic	anyof-array-variant-closed-object-item	https://raw.githubusercontent.com/jentic/jentic-public-apis/eb9d12a2684b0fbcb5aecf51e8ae54dba0929743/apis/openapi/webflow.com/webflow-api/2023-03-01T16%3A45%3A37Z/meta/import/input-bundle.json	eb9d12a2684b0fbcb5aecf51e8ae54dba0929743	5a3268140b76f436e5c908c83a2e6b2952d9cc6446d027af3abbaac66f3f9437	1	failed: aggregation grant admitted; publisher grant unproven (document licence: none); jentic redistribution: CC0-1.0	not-run: licence screen failed	not-run: licence screen failed	rejected	witness-search-jentic/records.tsv:120
jentic	anyof-array-variant-closed-object-item	https://raw.githubusercontent.com/jentic/jentic-public-apis/eb9d12a2684b0fbcb5aecf51e8ae54dba0929743/apis/openapi/webflow.com/webflow-api/2023-03-01T16%3A45%3A37Z/meta/import/input-entry.json	eb9d12a2684b0fbcb5aecf51e8ae54dba0929743	5a3268140b76f436e5c908c83a2e6b2952d9cc6446d027af3abbaac66f3f9437	1	failed: aggregation grant admitted; publisher grant unproven (document licence: none); jentic redistribution: CC0-1.0	not-run: licence screen failed	not-run: licence screen failed	rejected	witness-search-jentic/records.tsv:121
jentic	anyof-array-variant-closed-object-item	https://raw.githubusercontent.com/jentic/jentic-public-apis/eb9d12a2684b0fbcb5aecf51e8ae54dba0929743/apis/openapi/webflow.com/webflow-api/2023-03-01T16%3A45%3A37Z/meta/import/output-bundle.json	eb9d12a2684b0fbcb5aecf51e8ae54dba0929743	5a3268140b76f436e5c908c83a2e6b2952d9cc6446d027af3abbaac66f3f9437	1	failed: aggregation grant admitted; publisher grant unproven (document licence: none); jentic redistribution: CC0-1.0	not-run: licence screen failed	not-run: licence screen failed	rejected	witness-search-jentic/records.tsv:122
jentic	anyof-array-variant-closed-object-item	https://raw.githubusercontent.com/jentic/jentic-public-apis/eb9d12a2684b0fbcb5aecf51e8ae54dba0929743/apis/openapi/webflow.com/webflow-api/2023-03-01T16%3A45%3A37Z/meta/import/output-entry.json	eb9d12a2684b0fbcb5aecf51e8ae54dba0929743	5a3268140b76f436e5c908c83a2e6b2952d9cc6446d027af3abbaac66f3f9437	1	failed: aggregation grant admitted; publisher grant unproven (document licence: none); jentic redistribution: CC0-1.0	not-run: licence screen failed	not-run: licence screen failed	rejected	witness-search-jentic/records.tsv:123
jentic	anyof-array-variant-closed-object-item	https://raw.githubusercontent.com/jentic/jentic-public-apis/eb9d12a2684b0fbcb5aecf51e8ae54dba0929743/apis/openapi/webflow.com/webflow-api/2023-03-01T16%3A45%3A37Z/openapi.json	eb9d12a2684b0fbcb5aecf51e8ae54dba0929743	5a3268140b76f436e5c908c83a2e6b2952d9cc6446d027af3abbaac66f3f9437	1	failed: aggregation grant admitted; publisher grant unproven (document licence: none); jentic redistribution: CC0-1.0	not-run: licence screen failed	not-run: licence screen failed	rejected	witness-search-jentic/records.tsv:124
jentic	anyof-array-variant-empty-object-item	https://raw.githubusercontent.com/jentic/jentic-public-apis/eb9d12a2684b0fbcb5aecf51e8ae54dba0929743/apis/openapi/apideck.com/proxy/10.14.0/meta/import/input-bundled.json	eb9d12a2684b0fbcb5aecf51e8ae54dba0929743	ff1c3b22966c0c11e25f5124279934d4368b9f1ca009cf54882368904fb626c2	3	failed: aggregation grant admitted; publisher grant unproven (document licence: none); jentic redistribution: CC0-1.0	not-run: licence screen failed	not-run: licence screen failed	rejected	witness-search-jentic/records.tsv:125
jentic	anyof-array-variant-empty-object-item	https://raw.githubusercontent.com/jentic/jentic-public-apis/eb9d12a2684b0fbcb5aecf51e8ae54dba0929743/apis/openapi/apideck.com/proxy/10.14.0/meta/import/input-entry.json	eb9d12a2684b0fbcb5aecf51e8ae54dba0929743	0c91f31688aa3da731451a04c85701b4eb4985407608eded2098293c13a8d6da	3	failed: aggregation grant admitted; publisher grant unproven (document licence: none); jentic redistribution: CC0-1.0	not-run: licence screen failed	not-run: licence screen failed	rejected	witness-search-jentic/records.tsv:126
jentic	anyof-array-variant-empty-object-item	https://raw.githubusercontent.com/jentic/jentic-public-apis/eb9d12a2684b0fbcb5aecf51e8ae54dba0929743/apis/openapi/apideck.com/proxy/10.14.0/meta/import/output-bundled.json	eb9d12a2684b0fbcb5aecf51e8ae54dba0929743	ff1c3b22966c0c11e25f5124279934d4368b9f1ca009cf54882368904fb626c2	3	failed: aggregation grant admitted; publisher grant unproven (document licence: none); jentic redistribution: CC0-1.0	not-run: licence screen failed	not-run: licence screen failed	rejected	witness-search-jentic/records.tsv:127
jentic	anyof-array-variant-empty-object-item	https://raw.githubusercontent.com/jentic/jentic-public-apis/eb9d12a2684b0fbcb5aecf51e8ae54dba0929743/apis/openapi/apideck.com/proxy/10.14.0/meta/import/output-entry.json	eb9d12a2684b0fbcb5aecf51e8ae54dba0929743	0c91f31688aa3da731451a04c85701b4eb4985407608eded2098293c13a8d6da	3	failed: aggregation grant admitted; publisher grant unproven (document licence: none); jentic redistribution: CC0-1.0	not-run: licence screen failed	not-run: licence screen failed	rejected	witness-search-jentic/records.tsv:128
jentic	anyof-array-variant-empty-object-item	https://raw.githubusercontent.com/jentic/jentic-public-apis/eb9d12a2684b0fbcb5aecf51e8ae54dba0929743/apis/openapi/apideck.com/proxy/10.14.0/openapi.json	eb9d12a2684b0fbcb5aecf51e8ae54dba0929743	ff1c3b22966c0c11e25f5124279934d4368b9f1ca009cf54882368904fb626c2	3	failed: aggregation grant admitted; publisher grant unproven (document licence: none); jentic redistribution: CC0-1.0	not-run: licence screen failed	not-run: licence screen failed	rejected	witness-search-jentic/records.tsv:129
jentic	anyof-array-variant-empty-object-item	https://raw.githubusercontent.com/jentic/jentic-public-apis/eb9d12a2684b0fbcb5aecf51e8ae54dba0929743/apis/openapi/metabase.com/main/v0.57.1-SNAPSHOT/meta/import/input-bundle.json	eb9d12a2684b0fbcb5aecf51e8ae54dba0929743	cb6b1c7b70b67d563b7d519692daacf454745a44d839029c4505cf5a20b0ba7b	2	failed: aggregation grant admitted; publisher grant unproven (document licence: AGPL-3.0); jentic redistribution: CC0-1.0	not-run: licence screen failed	not-run: licence screen failed	rejected	witness-search-jentic/records.tsv:130
jentic	anyof-array-variant-empty-object-item	https://raw.githubusercontent.com/jentic/jentic-public-apis/eb9d12a2684b0fbcb5aecf51e8ae54dba0929743/apis/openapi/metabase.com/main/v0.57.1-SNAPSHOT/meta/import/input-entry.json	eb9d12a2684b0fbcb5aecf51e8ae54dba0929743	7e52947c7f14b1a4beba5459dd35f91fc524a7dc8f99bf6a5b2e775ce3f2c70d	2	pass	pass	failed: Fern check exit 1	rejected	witness-search-jentic/records.tsv:131
jentic	anyof-array-variant-empty-object-item	https://raw.githubusercontent.com/jentic/jentic-public-apis/eb9d12a2684b0fbcb5aecf51e8ae54dba0929743/apis/openapi/metabase.com/main/v0.57.1-SNAPSHOT/meta/import/output-bundle.json	eb9d12a2684b0fbcb5aecf51e8ae54dba0929743	cb6b1c7b70b67d563b7d519692daacf454745a44d839029c4505cf5a20b0ba7b	2	failed: aggregation grant admitted; publisher grant unproven (document licence: AGPL-3.0); jentic redistribution: CC0-1.0	not-run: licence screen failed	not-run: licence screen failed	rejected	witness-search-jentic/records.tsv:132
jentic	anyof-array-variant-empty-object-item	https://raw.githubusercontent.com/jentic/jentic-public-apis/eb9d12a2684b0fbcb5aecf51e8ae54dba0929743/apis/openapi/metabase.com/main/v0.57.1-SNAPSHOT/meta/import/output-entry.json	eb9d12a2684b0fbcb5aecf51e8ae54dba0929743	7e52947c7f14b1a4beba5459dd35f91fc524a7dc8f99bf6a5b2e775ce3f2c70d	2	pass	pass	failed: Fern check exit 1	rejected	witness-search-jentic/records.tsv:133
jentic	anyof-array-variant-empty-object-item	https://raw.githubusercontent.com/jentic/jentic-public-apis/eb9d12a2684b0fbcb5aecf51e8ae54dba0929743/apis/openapi/metabase.com/main/v0.57.1-SNAPSHOT/openapi.json	eb9d12a2684b0fbcb5aecf51e8ae54dba0929743	cb6b1c7b70b67d563b7d519692daacf454745a44d839029c4505cf5a20b0ba7b	2	failed: aggregation grant admitted; publisher grant unproven (document licence: AGPL-3.0); jentic redistribution: CC0-1.0	not-run: licence screen failed	not-run: licence screen failed	rejected	witness-search-jentic/records.tsv:134
apis.guru	anyof-array-variant-struct-item	https://api.apis.guru/v2/specs/stripe.com/2022-11-15/openapi.yaml	no-immutable-ref: served catalogue version URL is mutable; pinned YAML fallback recorded separately	fba83fd7ff9ce87eafa0fbbc15c382b176dac204ca21b72df1a8c361441d9ecf	20	failed: no document grant and no publisher grant evidenced (document licence: none)	not-run: licence screen failed	not-run: licence screen failed	rejected	witness-search-apis.guru/records.tsv:12
apis.guru	anyof-array-variant-struct-item	https://api.apis.guru/v2/specs/webflow.com/2023-03-01T164537Z/openapi.json	no-immutable-ref: served catalogue version URL is mutable; pinned YAML fallback recorded separately	550233e93e78ded22dcce92c91b37be05f459bcea03031efaeaa33b1e861d6aa	1	failed: no publisher redistribution grant evidenced (document licence: none)	not-run: licence screen failed	not-run: licence screen failed	rejected	witness-search-apis.guru/records.tsv:13
apis.guru	anyof-array-variant-struct-item	https://raw.githubusercontent.com/APIs-guru/openapi-directory/f04b8d0bcd39c52e1cf3ad7a5fe744709832ae49/APIs/stripe.com/2022-11-15/openapi.yaml	f04b8d0bcd39c52e1cf3ad7a5fe744709832ae49	fba83fd7ff9ce87eafa0fbbc15c382b176dac204ca21b72df1a8c361441d9ecf	20	failed: no document grant and no publisher grant evidenced (document licence: none)	not-run: licence screen failed	not-run: licence screen failed	rejected	witness-search-apis.guru/records.tsv:14
apis.guru	anyof-array-variant-struct-item	https://raw.githubusercontent.com/APIs-guru/openapi-directory/f04b8d0bcd39c52e1cf3ad7a5fe744709832ae49/APIs/webflow.com/2023-03-23T154040Z/openapi.yaml	f04b8d0bcd39c52e1cf3ad7a5fe744709832ae49	390d03664d0779d86f87683253b91842c67777869cf4da35e5ddd4dd0ad3959c	1	failed: no document grant and no publisher grant evidenced (document licence: none)	not-run: licence screen failed	not-run: licence screen failed	rejected	witness-search-apis.guru/records.tsv:15
vendor-portals	anyof-array-variant-struct-item	https://raw.githubusercontent.com/cloudflare/api-schemas/f2df0ca75c0fec9047e91a34c20dd666c2dcd1ba/openapi.json	f2df0ca75c0fec9047e91a34c20dd666c2dcd1ba	c575728584bc32600e9e2bf231e0147d894abe9ad92dd604af50d349afa88e9d	3	pass	pass	not-run: key closed by found witness jentic/apis/openapi/cradl.ai/main/2026-01-28T09:00:46Z/meta/import/input-bundle.json	not-owed	witness-search-vendor-portals/records.tsv:29
vendor-portals	anyof-array-variant-struct-item	https://raw.githubusercontent.com/cloudflare/api-schemas/f2df0ca75c0fec9047e91a34c20dd666c2dcd1ba/openapi.yaml	f2df0ca75c0fec9047e91a34c20dd666c2dcd1ba	d0208b3d35ab47ace5d0b7ea458abc826154adf640a9be9934991f1ec7932f27	3	pass	pass	failed: Fern check exit 1	rejected	witness-search-vendor-portals/records.tsv:30
vendor-portals	anyof-array-variant-struct-item	https://raw.githubusercontent.com/github/rest-api-description/3cef12e8a02d612ad032473d4fb87266f2befeae/descriptions-next/api.github.com/dereferenced/api.github.com.2022-11-28.deref.json	3cef12e8a02d612ad032473d4fb87266f2befeae	24e77c5f77ce06316e147fc300a05c69014838a167529fd054a801daad568c16	2	pass	pass	not-run: key closed by found witness jentic/apis/openapi/cradl.ai/main/2026-01-28T09:00:46Z/meta/import/input-bundle.json	not-owed	witness-search-vendor-portals/records.tsv:31
vendor-portals	anyof-array-variant-struct-item	https://raw.githubusercontent.com/github/rest-api-description/3cef12e8a02d612ad032473d4fb87266f2befeae/descriptions-next/api.github.com/dereferenced/api.github.com.2022-11-28.deref.yaml	3cef12e8a02d612ad032473d4fb87266f2befeae	84d24d36f1fdfa572100982cec1dbe50a1411b1c04d16d196c25e564215cee48	2	pass	pass	not-run: key closed by found witness jentic/apis/openapi/cradl.ai/main/2026-01-28T09:00:46Z/meta/import/input-bundle.json	not-owed	witness-search-vendor-portals/records.tsv:32
vendor-portals	anyof-array-variant-struct-item	https://raw.githubusercontent.com/github/rest-api-description/3cef12e8a02d612ad032473d4fb87266f2befeae/descriptions-next/api.github.com/dereferenced/api.github.com.2026-03-10.deref.json	3cef12e8a02d612ad032473d4fb87266f2befeae	4eb2b4d1e3d86e791da0fec2b1ac8682b5e154fc1a0f2a6806d3118ed43241e1	2	pass	pass	not-run: key closed by found witness jentic/apis/openapi/cradl.ai/main/2026-01-28T09:00:46Z/meta/import/input-bundle.json	not-owed	witness-search-vendor-portals/records.tsv:33
vendor-portals	anyof-array-variant-struct-item	https://raw.githubusercontent.com/github/rest-api-description/3cef12e8a02d612ad032473d4fb87266f2befeae/descriptions-next/api.github.com/dereferenced/api.github.com.2026-03-10.deref.yaml	3cef12e8a02d612ad032473d4fb87266f2befeae	ea2538797f7ab72eb22ca02ce0a6b7df53a74dc15c57bbe783d106d6fe19db4e	2	pass	pass	not-run: key closed by found witness jentic/apis/openapi/cradl.ai/main/2026-01-28T09:00:46Z/meta/import/input-bundle.json	not-owed	witness-search-vendor-portals/records.tsv:34
vendor-portals	anyof-array-variant-struct-item	https://raw.githubusercontent.com/github/rest-api-description/3cef12e8a02d612ad032473d4fb87266f2befeae/descriptions-next/api.github.com/dereferenced/api.github.com.deref.json	3cef12e8a02d612ad032473d4fb87266f2befeae	c685a32dea9916c3977ccc4d5f89ee8fd9bc9e211bf19dfc43c0a2598cf1a745	2	pass	pass	not-run: key closed by found witness jentic/apis/openapi/cradl.ai/main/2026-01-28T09:00:46Z/meta/import/input-bundle.json	not-owed	witness-search-vendor-portals/records.tsv:35
vendor-portals	anyof-array-variant-struct-item	https://raw.githubusercontent.com/github/rest-api-description/3cef12e8a02d612ad032473d4fb87266f2befeae/descriptions-next/api.github.com/dereferenced/api.github.com.deref.yaml	3cef12e8a02d612ad032473d4fb87266f2befeae	340d38b93e3fabc6cc0b22411c683040ebcd8382a139e41d7e898b8f9243e8b9	2	pass	pass	not-run: key closed by found witness jentic/apis/openapi/cradl.ai/main/2026-01-28T09:00:46Z/meta/import/input-bundle.json	not-owed	witness-search-vendor-portals/records.tsv:36
vendor-portals	anyof-array-variant-struct-item	https://raw.githubusercontent.com/github/rest-api-description/3cef12e8a02d612ad032473d4fb87266f2befeae/descriptions-next/ghec/dereferenced/ghec.2022-11-28.deref.json	3cef12e8a02d612ad032473d4fb87266f2befeae	493617d97ae47353f97c1f4e72bde26f3f2d966f6386a1be2cd72040e3ce138b	2	pass	pass	not-run: key closed by found witness jentic/apis/openapi/cradl.ai/main/2026-01-28T09:00:46Z/meta/import/input-bundle.json	not-owed	witness-search-vendor-portals/records.tsv:37
vendor-portals	anyof-array-variant-struct-item	https://raw.githubusercontent.com/github/rest-api-description/3cef12e8a02d612ad032473d4fb87266f2befeae/descriptions-next/ghec/dereferenced/ghec.2022-11-28.deref.yaml	3cef12e8a02d612ad032473d4fb87266f2befeae	cb0823bf99fa59ea6363d0d9544a4aec32544efcf8878b10d4e2b371902c24e4	2	pass	pass	not-run: key closed by found witness jentic/apis/openapi/cradl.ai/main/2026-01-28T09:00:46Z/meta/import/input-bundle.json	not-owed	witness-search-vendor-portals/records.tsv:38
vendor-portals	anyof-array-variant-struct-item	https://raw.githubusercontent.com/github/rest-api-description/3cef12e8a02d612ad032473d4fb87266f2befeae/descriptions-next/ghec/dereferenced/ghec.2026-03-10.deref.json	3cef12e8a02d612ad032473d4fb87266f2befeae	a640003b4d06cfabc3efb1c913267f865b103b1a829720bfc70e58966d104388	2	pass	pass	not-run: key closed by found witness jentic/apis/openapi/cradl.ai/main/2026-01-28T09:00:46Z/meta/import/input-bundle.json	not-owed	witness-search-vendor-portals/records.tsv:39
vendor-portals	anyof-array-variant-struct-item	https://raw.githubusercontent.com/github/rest-api-description/3cef12e8a02d612ad032473d4fb87266f2befeae/descriptions-next/ghec/dereferenced/ghec.2026-03-10.deref.yaml	3cef12e8a02d612ad032473d4fb87266f2befeae	8163909235a247272c982d0234318eddf50076243b4fd203b2de140bdaca31c6	2	pass	pass	not-run: key closed by found witness jentic/apis/openapi/cradl.ai/main/2026-01-28T09:00:46Z/meta/import/input-bundle.json	not-owed	witness-search-vendor-portals/records.tsv:40
vendor-portals	anyof-array-variant-struct-item	https://raw.githubusercontent.com/github/rest-api-description/3cef12e8a02d612ad032473d4fb87266f2befeae/descriptions-next/ghec/dereferenced/ghec.deref.json	3cef12e8a02d612ad032473d4fb87266f2befeae	5d71e5dd40f182995ff7a0596ddfd88417bc85851daf6c42279329d6e53f8744	2	pass	pass	not-run: key closed by found witness jentic/apis/openapi/cradl.ai/main/2026-01-28T09:00:46Z/meta/import/input-bundle.json	not-owed	witness-search-vendor-portals/records.tsv:41
vendor-portals	anyof-array-variant-struct-item	https://raw.githubusercontent.com/github/rest-api-description/3cef12e8a02d612ad032473d4fb87266f2befeae/descriptions-next/ghec/dereferenced/ghec.deref.yaml	3cef12e8a02d612ad032473d4fb87266f2befeae	cbbf247b775486692ea1b308625b548ca115e34a19a074bccd43a341c10a61ff	2	pass	pass	not-run: key closed by found witness jentic/apis/openapi/cradl.ai/main/2026-01-28T09:00:46Z/meta/import/input-bundle.json	not-owed	witness-search-vendor-portals/records.tsv:42
vendor-portals	anyof-array-variant-struct-item	https://raw.githubusercontent.com/github/rest-api-description/3cef12e8a02d612ad032473d4fb87266f2befeae/descriptions-next/ghes-3.0/dereferenced/ghes-3.0.deref.json	3cef12e8a02d612ad032473d4fb87266f2befeae	41e205b60876d7b3278434ffa6ead5c1aeda5ab9f143fca68bc878a1858d01c2	2	pass	pass	not-run: key closed by found witness jentic/apis/openapi/cradl.ai/main/2026-01-28T09:00:46Z/meta/import/input-bundle.json	not-owed	witness-search-vendor-portals/records.tsv:43
vendor-portals	anyof-array-variant-struct-item	https://raw.githubusercontent.com/github/rest-api-description/3cef12e8a02d612ad032473d4fb87266f2befeae/descriptions-next/ghes-3.0/dereferenced/ghes-3.0.deref.yaml	3cef12e8a02d612ad032473d4fb87266f2befeae	c49c5fd97ad05f80e5520f746b049ae7d8318e142b60ca0e252d102e88a3f11d	2	pass	pass	not-run: key closed by found witness jentic/apis/openapi/cradl.ai/main/2026-01-28T09:00:46Z/meta/import/input-bundle.json	not-owed	witness-search-vendor-portals/records.tsv:44
vendor-portals	anyof-array-variant-struct-item	https://raw.githubusercontent.com/github/rest-api-description/3cef12e8a02d612ad032473d4fb87266f2befeae/descriptions-next/ghes-3.1/dereferenced/ghes-3.1.deref.json	3cef12e8a02d612ad032473d4fb87266f2befeae	a8c1020bec587b9f3919f41fd3117594a09992e75128ffca0d9e0ea3b3c13cf9	2	pass	pass	not-run: key closed by found witness jentic/apis/openapi/cradl.ai/main/2026-01-28T09:00:46Z/meta/import/input-bundle.json	not-owed	witness-search-vendor-portals/records.tsv:45
vendor-portals	anyof-array-variant-struct-item	https://raw.githubusercontent.com/github/rest-api-description/3cef12e8a02d612ad032473d4fb87266f2befeae/descriptions-next/ghes-3.1/dereferenced/ghes-3.1.deref.yaml	3cef12e8a02d612ad032473d4fb87266f2befeae	a0f488aff92d4e8c7a371181cea56cd51a9ea24c93452a66b3eebeb021a7955f	2	pass	pass	not-run: key closed by found witness jentic/apis/openapi/cradl.ai/main/2026-01-28T09:00:46Z/meta/import/input-bundle.json	not-owed	witness-search-vendor-portals/records.tsv:46
vendor-portals	anyof-array-variant-struct-item	https://raw.githubusercontent.com/github/rest-api-description/3cef12e8a02d612ad032473d4fb87266f2befeae/descriptions-next/ghes-3.10/dereferenced/ghes-3.10.2022-11-28.deref.json	3cef12e8a02d612ad032473d4fb87266f2befeae	c8982e33757a618f75ad861d928b2914f9609a1a5f974fc0c473ee44971b6ac3	2	pass	pass	not-run: key closed by found witness jentic/apis/openapi/cradl.ai/main/2026-01-28T09:00:46Z/meta/import/input-bundle.json	not-owed	witness-search-vendor-portals/records.tsv:47
vendor-portals	anyof-array-variant-struct-item	https://raw.githubusercontent.com/github/rest-api-description/3cef12e8a02d612ad032473d4fb87266f2befeae/descriptions-next/ghes-3.10/dereferenced/ghes-3.10.2022-11-28.deref.yaml	3cef12e8a02d612ad032473d4fb87266f2befeae	8874f481aa0c08c40dc4c753a994cbc0401c2c6b808b2f6d20e8003ffa96b9bc	2	pass	pass	not-run: key closed by found witness jentic/apis/openapi/cradl.ai/main/2026-01-28T09:00:46Z/meta/import/input-bundle.json	not-owed	witness-search-vendor-portals/records.tsv:48
vendor-portals	anyof-array-variant-struct-item	https://raw.githubusercontent.com/github/rest-api-description/3cef12e8a02d612ad032473d4fb87266f2befeae/descriptions-next/ghes-3.10/dereferenced/ghes-3.10.deref.json	3cef12e8a02d612ad032473d4fb87266f2befeae	c8982e33757a618f75ad861d928b2914f9609a1a5f974fc0c473ee44971b6ac3	2	pass	pass	not-run: key closed by found witness jentic/apis/openapi/cradl.ai/main/2026-01-28T09:00:46Z/meta/import/input-bundle.json	not-owed	witness-search-vendor-portals/records.tsv:49
vendor-portals	anyof-array-variant-struct-item	https://raw.githubusercontent.com/github/rest-api-description/3cef12e8a02d612ad032473d4fb87266f2befeae/descriptions-next/ghes-3.10/dereferenced/ghes-3.10.deref.yaml	3cef12e8a02d612ad032473d4fb87266f2befeae	8874f481aa0c08c40dc4c753a994cbc0401c2c6b808b2f6d20e8003ffa96b9bc	2	pass	pass	not-run: key closed by found witness jentic/apis/openapi/cradl.ai/main/2026-01-28T09:00:46Z/meta/import/input-bundle.json	not-owed	witness-search-vendor-portals/records.tsv:50
vendor-portals	anyof-array-variant-struct-item	https://raw.githubusercontent.com/github/rest-api-description/3cef12e8a02d612ad032473d4fb87266f2befeae/descriptions-next/ghes-3.11/dereferenced/ghes-3.11.2022-11-28.deref.json	3cef12e8a02d612ad032473d4fb87266f2befeae	504bce7e71ae4a2b18c879874eb01b115176b45d37aa2e2d9e51a9562a00e322	2	pass	pass	not-run: key closed by found witness jentic/apis/openapi/cradl.ai/main/2026-01-28T09:00:46Z/meta/import/input-bundle.json	not-owed	witness-search-vendor-portals/records.tsv:51
vendor-portals	anyof-array-variant-struct-item	https://raw.githubusercontent.com/github/rest-api-description/3cef12e8a02d612ad032473d4fb87266f2befeae/descriptions-next/ghes-3.11/dereferenced/ghes-3.11.2022-11-28.deref.yaml	3cef12e8a02d612ad032473d4fb87266f2befeae	0dc6d01c376003bf94ab20d9be89cf9d15364e2454dd9b3c16add6ec92739683	2	pass	pass	not-run: key closed by found witness jentic/apis/openapi/cradl.ai/main/2026-01-28T09:00:46Z/meta/import/input-bundle.json	not-owed	witness-search-vendor-portals/records.tsv:52
vendor-portals	anyof-array-variant-struct-item	https://raw.githubusercontent.com/github/rest-api-description/3cef12e8a02d612ad032473d4fb87266f2befeae/descriptions-next/ghes-3.11/dereferenced/ghes-3.11.deref.json	3cef12e8a02d612ad032473d4fb87266f2befeae	504bce7e71ae4a2b18c879874eb01b115176b45d37aa2e2d9e51a9562a00e322	2	pass	pass	not-run: key closed by found witness jentic/apis/openapi/cradl.ai/main/2026-01-28T09:00:46Z/meta/import/input-bundle.json	not-owed	witness-search-vendor-portals/records.tsv:53
vendor-portals	anyof-array-variant-struct-item	https://raw.githubusercontent.com/github/rest-api-description/3cef12e8a02d612ad032473d4fb87266f2befeae/descriptions-next/ghes-3.11/dereferenced/ghes-3.11.deref.yaml	3cef12e8a02d612ad032473d4fb87266f2befeae	0dc6d01c376003bf94ab20d9be89cf9d15364e2454dd9b3c16add6ec92739683	2	pass	pass	not-run: key closed by found witness jentic/apis/openapi/cradl.ai/main/2026-01-28T09:00:46Z/meta/import/input-bundle.json	not-owed	witness-search-vendor-portals/records.tsv:54
vendor-portals	anyof-array-variant-struct-item	https://raw.githubusercontent.com/github/rest-api-description/3cef12e8a02d612ad032473d4fb87266f2befeae/descriptions-next/ghes-3.12/dereferenced/ghes-3.12.2022-11-28.deref.json	3cef12e8a02d612ad032473d4fb87266f2befeae	b1d7c479610e1b7538001ecb5ff831e2a44b64a8c2c6413547772c70115f2c27	2	pass	pass	not-run: key closed by found witness jentic/apis/openapi/cradl.ai/main/2026-01-28T09:00:46Z/meta/import/input-bundle.json	not-owed	witness-search-vendor-portals/records.tsv:55
vendor-portals	anyof-array-variant-struct-item	https://raw.githubusercontent.com/github/rest-api-description/3cef12e8a02d612ad032473d4fb87266f2befeae/descriptions-next/ghes-3.12/dereferenced/ghes-3.12.2022-11-28.deref.yaml	3cef12e8a02d612ad032473d4fb87266f2befeae	1c2ecfa01231e4c865647ad1e4072d2246d137e615ada83ed348e7cbd7c1637c	2	pass	pass	not-run: key closed by found witness jentic/apis/openapi/cradl.ai/main/2026-01-28T09:00:46Z/meta/import/input-bundle.json	not-owed	witness-search-vendor-portals/records.tsv:56
vendor-portals	anyof-array-variant-struct-item	https://raw.githubusercontent.com/github/rest-api-description/3cef12e8a02d612ad032473d4fb87266f2befeae/descriptions-next/ghes-3.12/dereferenced/ghes-3.12.deref.json	3cef12e8a02d612ad032473d4fb87266f2befeae	b1d7c479610e1b7538001ecb5ff831e2a44b64a8c2c6413547772c70115f2c27	2	pass	pass	not-run: key closed by found witness jentic/apis/openapi/cradl.ai/main/2026-01-28T09:00:46Z/meta/import/input-bundle.json	not-owed	witness-search-vendor-portals/records.tsv:57
vendor-portals	anyof-array-variant-struct-item	https://raw.githubusercontent.com/github/rest-api-description/3cef12e8a02d612ad032473d4fb87266f2befeae/descriptions-next/ghes-3.12/dereferenced/ghes-3.12.deref.yaml	3cef12e8a02d612ad032473d4fb87266f2befeae	1c2ecfa01231e4c865647ad1e4072d2246d137e615ada83ed348e7cbd7c1637c	2	pass	pass	not-run: key closed by found witness jentic/apis/openapi/cradl.ai/main/2026-01-28T09:00:46Z/meta/import/input-bundle.json	not-owed	witness-search-vendor-portals/records.tsv:58
vendor-portals	anyof-array-variant-struct-item	https://raw.githubusercontent.com/github/rest-api-description/3cef12e8a02d612ad032473d4fb87266f2befeae/descriptions-next/ghes-3.13/dereferenced/ghes-3.13.2022-11-28.deref.json	3cef12e8a02d612ad032473d4fb87266f2befeae	6a699f8ef9d59a611879ee10a1103b7213976dd6962d01d021e00b745fd0eaa6	2	pass	pass	not-run: key closed by found witness jentic/apis/openapi/cradl.ai/main/2026-01-28T09:00:46Z/meta/import/input-bundle.json	not-owed	witness-search-vendor-portals/records.tsv:59
vendor-portals	anyof-array-variant-struct-item	https://raw.githubusercontent.com/github/rest-api-description/3cef12e8a02d612ad032473d4fb87266f2befeae/descriptions-next/ghes-3.13/dereferenced/ghes-3.13.2022-11-28.deref.yaml	3cef12e8a02d612ad032473d4fb87266f2befeae	2808fa13423d0ff364b82c9eeaa8d534b98495c32893dc0e2d3e2987ceaf4daf	2	pass	pass	not-run: key closed by found witness jentic/apis/openapi/cradl.ai/main/2026-01-28T09:00:46Z/meta/import/input-bundle.json	not-owed	witness-search-vendor-portals/records.tsv:60
vendor-portals	anyof-array-variant-struct-item	https://raw.githubusercontent.com/github/rest-api-description/3cef12e8a02d612ad032473d4fb87266f2befeae/descriptions-next/ghes-3.13/dereferenced/ghes-3.13.deref.json	3cef12e8a02d612ad032473d4fb87266f2befeae	6a699f8ef9d59a611879ee10a1103b7213976dd6962d01d021e00b745fd0eaa6	2	pass	pass	not-run: key closed by found witness jentic/apis/openapi/cradl.ai/main/2026-01-28T09:00:46Z/meta/import/input-bundle.json	not-owed	witness-search-vendor-portals/records.tsv:61
vendor-portals	anyof-array-variant-struct-item	https://raw.githubusercontent.com/github/rest-api-description/3cef12e8a02d612ad032473d4fb87266f2befeae/descriptions-next/ghes-3.13/dereferenced/ghes-3.13.deref.yaml	3cef12e8a02d612ad032473d4fb87266f2befeae	2808fa13423d0ff364b82c9eeaa8d534b98495c32893dc0e2d3e2987ceaf4daf	2	pass	pass	not-run: key closed by found witness jentic/apis/openapi/cradl.ai/main/2026-01-28T09:00:46Z/meta/import/input-bundle.json	not-owed	witness-search-vendor-portals/records.tsv:62
vendor-portals	anyof-array-variant-struct-item	https://raw.githubusercontent.com/github/rest-api-description/3cef12e8a02d612ad032473d4fb87266f2befeae/descriptions-next/ghes-3.14/dereferenced/ghes-3.14.2022-11-28.deref.json	3cef12e8a02d612ad032473d4fb87266f2befeae	6b5709226caa28d3f5414636d29f821e71a7ac546862dae6455d533d4d4a0770	2	pass	pass	not-run: key closed by found witness jentic/apis/openapi/cradl.ai/main/2026-01-28T09:00:46Z/meta/import/input-bundle.json	not-owed	witness-search-vendor-portals/records.tsv:63
vendor-portals	anyof-array-variant-struct-item	https://raw.githubusercontent.com/github/rest-api-description/3cef12e8a02d612ad032473d4fb87266f2befeae/descriptions-next/ghes-3.14/dereferenced/ghes-3.14.2022-11-28.deref.yaml	3cef12e8a02d612ad032473d4fb87266f2befeae	ef508b073490db9a6380bfda1247318e9b200fc2c412b971a4110c8d4ce650ee	2	pass	pass	not-run: key closed by found witness jentic/apis/openapi/cradl.ai/main/2026-01-28T09:00:46Z/meta/import/input-bundle.json	not-owed	witness-search-vendor-portals/records.tsv:64
vendor-portals	anyof-array-variant-struct-item	https://raw.githubusercontent.com/github/rest-api-description/3cef12e8a02d612ad032473d4fb87266f2befeae/descriptions-next/ghes-3.14/dereferenced/ghes-3.14.deref.json	3cef12e8a02d612ad032473d4fb87266f2befeae	6b5709226caa28d3f5414636d29f821e71a7ac546862dae6455d533d4d4a0770	2	pass	pass	not-run: key closed by found witness jentic/apis/openapi/cradl.ai/main/2026-01-28T09:00:46Z/meta/import/input-bundle.json	not-owed	witness-search-vendor-portals/records.tsv:65
vendor-portals	anyof-array-variant-struct-item	https://raw.githubusercontent.com/github/rest-api-description/3cef12e8a02d612ad032473d4fb87266f2befeae/descriptions-next/ghes-3.14/dereferenced/ghes-3.14.deref.yaml	3cef12e8a02d612ad032473d4fb87266f2befeae	ef508b073490db9a6380bfda1247318e9b200fc2c412b971a4110c8d4ce650ee	2	pass	pass	not-run: key closed by found witness jentic/apis/openapi/cradl.ai/main/2026-01-28T09:00:46Z/meta/import/input-bundle.json	not-owed	witness-search-vendor-portals/records.tsv:66
vendor-portals	anyof-array-variant-struct-item	https://raw.githubusercontent.com/github/rest-api-description/3cef12e8a02d612ad032473d4fb87266f2befeae/descriptions-next/ghes-3.15/dereferenced/ghes-3.15.2022-11-28.deref.json	3cef12e8a02d612ad032473d4fb87266f2befeae	a854cec766d89510906800e91212a9d8d3e207d6a8ed7a475c37ef6aab9c63eb	2	pass	pass	not-run: key closed by found witness jentic/apis/openapi/cradl.ai/main/2026-01-28T09:00:46Z/meta/import/input-bundle.json	not-owed	witness-search-vendor-portals/records.tsv:67
vendor-portals	anyof-array-variant-struct-item	https://raw.githubusercontent.com/github/rest-api-description/3cef12e8a02d612ad032473d4fb87266f2befeae/descriptions-next/ghes-3.15/dereferenced/ghes-3.15.2022-11-28.deref.yaml	3cef12e8a02d612ad032473d4fb87266f2befeae	e2b66f951663e9bc3f2cafbae148872507e56f395cff8f6b314be9812dec07de	2	pass	pass	not-run: key closed by found witness jentic/apis/openapi/cradl.ai/main/2026-01-28T09:00:46Z/meta/import/input-bundle.json	not-owed	witness-search-vendor-portals/records.tsv:68
vendor-portals	anyof-array-variant-struct-item	https://raw.githubusercontent.com/github/rest-api-description/3cef12e8a02d612ad032473d4fb87266f2befeae/descriptions-next/ghes-3.15/dereferenced/ghes-3.15.deref.json	3cef12e8a02d612ad032473d4fb87266f2befeae	a854cec766d89510906800e91212a9d8d3e207d6a8ed7a475c37ef6aab9c63eb	2	pass	pass	not-run: key closed by found witness jentic/apis/openapi/cradl.ai/main/2026-01-28T09:00:46Z/meta/import/input-bundle.json	not-owed	witness-search-vendor-portals/records.tsv:69
vendor-portals	anyof-array-variant-struct-item	https://raw.githubusercontent.com/github/rest-api-description/3cef12e8a02d612ad032473d4fb87266f2befeae/descriptions-next/ghes-3.15/dereferenced/ghes-3.15.deref.yaml	3cef12e8a02d612ad032473d4fb87266f2befeae	e2b66f951663e9bc3f2cafbae148872507e56f395cff8f6b314be9812dec07de	2	pass	pass	not-run: key closed by found witness jentic/apis/openapi/cradl.ai/main/2026-01-28T09:00:46Z/meta/import/input-bundle.json	not-owed	witness-search-vendor-portals/records.tsv:70
vendor-portals	anyof-array-variant-struct-item	https://raw.githubusercontent.com/github/rest-api-description/3cef12e8a02d612ad032473d4fb87266f2befeae/descriptions-next/ghes-3.16/dereferenced/ghes-3.16.2022-11-28.deref.json	3cef12e8a02d612ad032473d4fb87266f2befeae	c9e94f7a8b9d1d5ed712712c04692a579d4a096b479919dcab8a8debf9d80984	2	pass	pass	not-run: key closed by found witness jentic/apis/openapi/cradl.ai/main/2026-01-28T09:00:46Z/meta/import/input-bundle.json	not-owed	witness-search-vendor-portals/records.tsv:71
vendor-portals	anyof-array-variant-struct-item	https://raw.githubusercontent.com/github/rest-api-description/3cef12e8a02d612ad032473d4fb87266f2befeae/descriptions-next/ghes-3.16/dereferenced/ghes-3.16.2022-11-28.deref.yaml	3cef12e8a02d612ad032473d4fb87266f2befeae	068ff58bd948e908282523ec828397548d222253566efd35760f6079566e5062	2	pass	pass	not-run: key closed by found witness jentic/apis/openapi/cradl.ai/main/2026-01-28T09:00:46Z/meta/import/input-bundle.json	not-owed	witness-search-vendor-portals/records.tsv:72
vendor-portals	anyof-array-variant-struct-item	https://raw.githubusercontent.com/github/rest-api-description/3cef12e8a02d612ad032473d4fb87266f2befeae/descriptions-next/ghes-3.16/dereferenced/ghes-3.16.deref.json	3cef12e8a02d612ad032473d4fb87266f2befeae	c9e94f7a8b9d1d5ed712712c04692a579d4a096b479919dcab8a8debf9d80984	2	pass	pass	not-run: key closed by found witness jentic/apis/openapi/cradl.ai/main/2026-01-28T09:00:46Z/meta/import/input-bundle.json	not-owed	witness-search-vendor-portals/records.tsv:73
vendor-portals	anyof-array-variant-struct-item	https://raw.githubusercontent.com/github/rest-api-description/3cef12e8a02d612ad032473d4fb87266f2befeae/descriptions-next/ghes-3.16/dereferenced/ghes-3.16.deref.yaml	3cef12e8a02d612ad032473d4fb87266f2befeae	068ff58bd948e908282523ec828397548d222253566efd35760f6079566e5062	2	pass	pass	not-run: key closed by found witness jentic/apis/openapi/cradl.ai/main/2026-01-28T09:00:46Z/meta/import/input-bundle.json	not-owed	witness-search-vendor-portals/records.tsv:74
vendor-portals	anyof-array-variant-struct-item	https://raw.githubusercontent.com/github/rest-api-description/3cef12e8a02d612ad032473d4fb87266f2befeae/descriptions-next/ghes-3.17/dereferenced/ghes-3.17.2022-11-28.deref.json	3cef12e8a02d612ad032473d4fb87266f2befeae	791b5ca5db82bbdc751dfe9015f67db37d1f330e45eb678dedf28b73714b4f50	2	pass	pass	not-run: key closed by found witness jentic/apis/openapi/cradl.ai/main/2026-01-28T09:00:46Z/meta/import/input-bundle.json	not-owed	witness-search-vendor-portals/records.tsv:75
vendor-portals	anyof-array-variant-struct-item	https://raw.githubusercontent.com/github/rest-api-description/3cef12e8a02d612ad032473d4fb87266f2befeae/descriptions-next/ghes-3.17/dereferenced/ghes-3.17.2022-11-28.deref.yaml	3cef12e8a02d612ad032473d4fb87266f2befeae	ca61a05ca8ab54d41f177bf6a9a10dc30eb6ee8a54a96b00df4f9b77c5d070dc	2	pass	pass	not-run: key closed by found witness jentic/apis/openapi/cradl.ai/main/2026-01-28T09:00:46Z/meta/import/input-bundle.json	not-owed	witness-search-vendor-portals/records.tsv:76
vendor-portals	anyof-array-variant-struct-item	https://raw.githubusercontent.com/github/rest-api-description/3cef12e8a02d612ad032473d4fb87266f2befeae/descriptions-next/ghes-3.17/dereferenced/ghes-3.17.deref.json	3cef12e8a02d612ad032473d4fb87266f2befeae	791b5ca5db82bbdc751dfe9015f67db37d1f330e45eb678dedf28b73714b4f50	2	pass	pass	not-run: key closed by found witness jentic/apis/openapi/cradl.ai/main/2026-01-28T09:00:46Z/meta/import/input-bundle.json	not-owed	witness-search-vendor-portals/records.tsv:77
vendor-portals	anyof-array-variant-struct-item	https://raw.githubusercontent.com/github/rest-api-description/3cef12e8a02d612ad032473d4fb87266f2befeae/descriptions-next/ghes-3.17/dereferenced/ghes-3.17.deref.yaml	3cef12e8a02d612ad032473d4fb87266f2befeae	ca61a05ca8ab54d41f177bf6a9a10dc30eb6ee8a54a96b00df4f9b77c5d070dc	2	pass	pass	not-run: key closed by found witness jentic/apis/openapi/cradl.ai/main/2026-01-28T09:00:46Z/meta/import/input-bundle.json	not-owed	witness-search-vendor-portals/records.tsv:78
vendor-portals	anyof-array-variant-struct-item	https://raw.githubusercontent.com/github/rest-api-description/3cef12e8a02d612ad032473d4fb87266f2befeae/descriptions-next/ghes-3.18/dereferenced/ghes-3.18.2022-11-28.deref.json	3cef12e8a02d612ad032473d4fb87266f2befeae	99a6a285db5a8aaa0e776d439cc0210ec44e5a12f3eac1b0d60cad7fc845b52c	2	pass	pass	not-run: key closed by found witness jentic/apis/openapi/cradl.ai/main/2026-01-28T09:00:46Z/meta/import/input-bundle.json	not-owed	witness-search-vendor-portals/records.tsv:79
vendor-portals	anyof-array-variant-struct-item	https://raw.githubusercontent.com/github/rest-api-description/3cef12e8a02d612ad032473d4fb87266f2befeae/descriptions-next/ghes-3.18/dereferenced/ghes-3.18.2022-11-28.deref.yaml	3cef12e8a02d612ad032473d4fb87266f2befeae	90f7cda558d2d16ea7cf756220f513e01f1ad6761a9d2f1d35aaefeef8e9f626	2	pass	pass	not-run: key closed by found witness jentic/apis/openapi/cradl.ai/main/2026-01-28T09:00:46Z/meta/import/input-bundle.json	not-owed	witness-search-vendor-portals/records.tsv:80
vendor-portals	anyof-array-variant-struct-item	https://raw.githubusercontent.com/github/rest-api-description/3cef12e8a02d612ad032473d4fb87266f2befeae/descriptions-next/ghes-3.18/dereferenced/ghes-3.18.deref.json	3cef12e8a02d612ad032473d4fb87266f2befeae	99a6a285db5a8aaa0e776d439cc0210ec44e5a12f3eac1b0d60cad7fc845b52c	2	pass	pass	not-run: key closed by found witness jentic/apis/openapi/cradl.ai/main/2026-01-28T09:00:46Z/meta/import/input-bundle.json	not-owed	witness-search-vendor-portals/records.tsv:81
vendor-portals	anyof-array-variant-struct-item	https://raw.githubusercontent.com/github/rest-api-description/3cef12e8a02d612ad032473d4fb87266f2befeae/descriptions-next/ghes-3.18/dereferenced/ghes-3.18.deref.yaml	3cef12e8a02d612ad032473d4fb87266f2befeae	90f7cda558d2d16ea7cf756220f513e01f1ad6761a9d2f1d35aaefeef8e9f626	2	pass	pass	not-run: key closed by found witness jentic/apis/openapi/cradl.ai/main/2026-01-28T09:00:46Z/meta/import/input-bundle.json	not-owed	witness-search-vendor-portals/records.tsv:82
vendor-portals	anyof-array-variant-struct-item	https://raw.githubusercontent.com/github/rest-api-description/3cef12e8a02d612ad032473d4fb87266f2befeae/descriptions-next/ghes-3.19/dereferenced/ghes-3.19.2022-11-28.deref.json	3cef12e8a02d612ad032473d4fb87266f2befeae	3def06be33a53e25106218d9a184ffa6a4cda95e351f53771cc710d1530f51bc	2	pass	pass	not-run: key closed by found witness jentic/apis/openapi/cradl.ai/main/2026-01-28T09:00:46Z/meta/import/input-bundle.json	not-owed	witness-search-vendor-portals/records.tsv:83
vendor-portals	anyof-array-variant-struct-item	https://raw.githubusercontent.com/github/rest-api-description/3cef12e8a02d612ad032473d4fb87266f2befeae/descriptions-next/ghes-3.19/dereferenced/ghes-3.19.2022-11-28.deref.yaml	3cef12e8a02d612ad032473d4fb87266f2befeae	bfe3de86aece058c7ee9b16beecd0dbd09e24bc7bdef4cf8d0c0cb715aa538a1	2	pass	pass	not-run: key closed by found witness jentic/apis/openapi/cradl.ai/main/2026-01-28T09:00:46Z/meta/import/input-bundle.json	not-owed	witness-search-vendor-portals/records.tsv:84
vendor-portals	anyof-array-variant-struct-item	https://raw.githubusercontent.com/github/rest-api-description/3cef12e8a02d612ad032473d4fb87266f2befeae/descriptions-next/ghes-3.19/dereferenced/ghes-3.19.deref.json	3cef12e8a02d612ad032473d4fb87266f2befeae	3def06be33a53e25106218d9a184ffa6a4cda95e351f53771cc710d1530f51bc	2	pass	pass	not-run: key closed by found witness jentic/apis/openapi/cradl.ai/main/2026-01-28T09:00:46Z/meta/import/input-bundle.json	not-owed	witness-search-vendor-portals/records.tsv:85
vendor-portals	anyof-array-variant-struct-item	https://raw.githubusercontent.com/github/rest-api-description/3cef12e8a02d612ad032473d4fb87266f2befeae/descriptions-next/ghes-3.19/dereferenced/ghes-3.19.deref.yaml	3cef12e8a02d612ad032473d4fb87266f2befeae	bfe3de86aece058c7ee9b16beecd0dbd09e24bc7bdef4cf8d0c0cb715aa538a1	2	pass	pass	not-run: key closed by found witness jentic/apis/openapi/cradl.ai/main/2026-01-28T09:00:46Z/meta/import/input-bundle.json	not-owed	witness-search-vendor-portals/records.tsv:86
vendor-portals	anyof-array-variant-struct-item	https://raw.githubusercontent.com/github/rest-api-description/3cef12e8a02d612ad032473d4fb87266f2befeae/descriptions-next/ghes-3.2/dereferenced/ghes-3.2.deref.json	3cef12e8a02d612ad032473d4fb87266f2befeae	33d4b4fbae900706da607d727bb961297e4289ca520f15faae20c40ce73baeaf	2	pass	pass	not-run: key closed by found witness jentic/apis/openapi/cradl.ai/main/2026-01-28T09:00:46Z/meta/import/input-bundle.json	not-owed	witness-search-vendor-portals/records.tsv:87
vendor-portals	anyof-array-variant-struct-item	https://raw.githubusercontent.com/github/rest-api-description/3cef12e8a02d612ad032473d4fb87266f2befeae/descriptions-next/ghes-3.2/dereferenced/ghes-3.2.deref.yaml	3cef12e8a02d612ad032473d4fb87266f2befeae	6b2a3fc91dbe3a615b738c8c67e6ec11980de3549d9ffabcc22d811b40c8edc1	2	pass	pass	not-run: key closed by found witness jentic/apis/openapi/cradl.ai/main/2026-01-28T09:00:46Z/meta/import/input-bundle.json	not-owed	witness-search-vendor-portals/records.tsv:88
vendor-portals	anyof-array-variant-struct-item	https://raw.githubusercontent.com/github/rest-api-description/3cef12e8a02d612ad032473d4fb87266f2befeae/descriptions-next/ghes-3.20/dereferenced/ghes-3.20.2022-11-28.deref.json	3cef12e8a02d612ad032473d4fb87266f2befeae	c70c27ba23b2528d4c54c103d613ef1be5ed86113dff27206ed63d11e3f3220b	2	pass	pass	not-run: key closed by found witness jentic/apis/openapi/cradl.ai/main/2026-01-28T09:00:46Z/meta/import/input-bundle.json	not-owed	witness-search-vendor-portals/records.tsv:89
vendor-portals	anyof-array-variant-struct-item	https://raw.githubusercontent.com/github/rest-api-description/3cef12e8a02d612ad032473d4fb87266f2befeae/descriptions-next/ghes-3.20/dereferenced/ghes-3.20.2022-11-28.deref.yaml	3cef12e8a02d612ad032473d4fb87266f2befeae	3d9ee1173fc844a8195aa3a90feb5d24a5717546bcbb0fcac8baa21dc9635387	2	pass	pass	not-run: key closed by found witness jentic/apis/openapi/cradl.ai/main/2026-01-28T09:00:46Z/meta/import/input-bundle.json	not-owed	witness-search-vendor-portals/records.tsv:90
vendor-portals	anyof-array-variant-struct-item	https://raw.githubusercontent.com/github/rest-api-description/3cef12e8a02d612ad032473d4fb87266f2befeae/descriptions-next/ghes-3.20/dereferenced/ghes-3.20.deref.json	3cef12e8a02d612ad032473d4fb87266f2befeae	c70c27ba23b2528d4c54c103d613ef1be5ed86113dff27206ed63d11e3f3220b	2	pass	pass	not-run: key closed by found witness jentic/apis/openapi/cradl.ai/main/2026-01-28T09:00:46Z/meta/import/input-bundle.json	not-owed	witness-search-vendor-portals/records.tsv:91
vendor-portals	anyof-array-variant-struct-item	https://raw.githubusercontent.com/github/rest-api-description/3cef12e8a02d612ad032473d4fb87266f2befeae/descriptions-next/ghes-3.20/dereferenced/ghes-3.20.deref.yaml	3cef12e8a02d612ad032473d4fb87266f2befeae	3d9ee1173fc844a8195aa3a90feb5d24a5717546bcbb0fcac8baa21dc9635387	2	pass	pass	not-run: key closed by found witness jentic/apis/openapi/cradl.ai/main/2026-01-28T09:00:46Z/meta/import/input-bundle.json	not-owed	witness-search-vendor-portals/records.tsv:92
vendor-portals	anyof-array-variant-struct-item	https://raw.githubusercontent.com/github/rest-api-description/3cef12e8a02d612ad032473d4fb87266f2befeae/descriptions-next/ghes-3.21/dereferenced/ghes-3.21.2022-11-28.deref.json	3cef12e8a02d612ad032473d4fb87266f2befeae	c7451e395c7ebe19ba811a5a335e1fb1248dd13bac05b1f8dce296535bfa68e0	2	pass	pass	not-run: key closed by found witness jentic/apis/openapi/cradl.ai/main/2026-01-28T09:00:46Z/meta/import/input-bundle.json	not-owed	witness-search-vendor-portals/records.tsv:93
vendor-portals	anyof-array-variant-struct-item	https://raw.githubusercontent.com/github/rest-api-description/3cef12e8a02d612ad032473d4fb87266f2befeae/descriptions-next/ghes-3.21/dereferenced/ghes-3.21.2022-11-28.deref.yaml	3cef12e8a02d612ad032473d4fb87266f2befeae	9fdfee3b75c6ae738ae20db842b2d8021fe2c601397c094e2478e00806a215f8	2	pass	pass	not-run: key closed by found witness jentic/apis/openapi/cradl.ai/main/2026-01-28T09:00:46Z/meta/import/input-bundle.json	not-owed	witness-search-vendor-portals/records.tsv:94
vendor-portals	anyof-array-variant-struct-item	https://raw.githubusercontent.com/github/rest-api-description/3cef12e8a02d612ad032473d4fb87266f2befeae/descriptions-next/ghes-3.21/dereferenced/ghes-3.21.2026-03-10.deref.json	3cef12e8a02d612ad032473d4fb87266f2befeae	1708b076bc0e0791212c6018f996be0d2ec8784df65bafa8176f8094d9a05587	2	pass	pass	not-run: key closed by found witness jentic/apis/openapi/cradl.ai/main/2026-01-28T09:00:46Z/meta/import/input-bundle.json	not-owed	witness-search-vendor-portals/records.tsv:95
vendor-portals	anyof-array-variant-struct-item	https://raw.githubusercontent.com/github/rest-api-description/3cef12e8a02d612ad032473d4fb87266f2befeae/descriptions-next/ghes-3.21/dereferenced/ghes-3.21.2026-03-10.deref.yaml	3cef12e8a02d612ad032473d4fb87266f2befeae	909129d75107d444136433204897a73c60b5a4e44a091cefefeca1ce8fa83d73	2	pass	pass	not-run: key closed by found witness jentic/apis/openapi/cradl.ai/main/2026-01-28T09:00:46Z/meta/import/input-bundle.json	not-owed	witness-search-vendor-portals/records.tsv:96
vendor-portals	anyof-array-variant-struct-item	https://raw.githubusercontent.com/github/rest-api-description/3cef12e8a02d612ad032473d4fb87266f2befeae/descriptions-next/ghes-3.21/dereferenced/ghes-3.21.deref.json	3cef12e8a02d612ad032473d4fb87266f2befeae	99493868bd2e085d927e01864a6be4884f189aac20da8676fbc79a62b3f4e6f4	2	pass	pass	not-run: key closed by found witness jentic/apis/openapi/cradl.ai/main/2026-01-28T09:00:46Z/meta/import/input-bundle.json	not-owed	witness-search-vendor-portals/records.tsv:97
vendor-portals	anyof-array-variant-struct-item	https://raw.githubusercontent.com/github/rest-api-description/3cef12e8a02d612ad032473d4fb87266f2befeae/descriptions-next/ghes-3.21/dereferenced/ghes-3.21.deref.yaml	3cef12e8a02d612ad032473d4fb87266f2befeae	66f369f9a1c9841fe25f70facb8152e133a25828dce68c57b069517dfe068534	2	pass	pass	not-run: key closed by found witness jentic/apis/openapi/cradl.ai/main/2026-01-28T09:00:46Z/meta/import/input-bundle.json	not-owed	witness-search-vendor-portals/records.tsv:98
vendor-portals	anyof-array-variant-struct-item	https://raw.githubusercontent.com/github/rest-api-description/3cef12e8a02d612ad032473d4fb87266f2befeae/descriptions-next/ghes-3.22/dereferenced/ghes-3.22.2022-11-28.deref.json	3cef12e8a02d612ad032473d4fb87266f2befeae	99e02522401c41b3c09db5d28c3c87b2092889d98d511809a46b22f854b31356	2	pass	pass	not-run: key closed by found witness jentic/apis/openapi/cradl.ai/main/2026-01-28T09:00:46Z/meta/import/input-bundle.json	not-owed	witness-search-vendor-portals/records.tsv:99
vendor-portals	anyof-array-variant-struct-item	https://raw.githubusercontent.com/github/rest-api-description/3cef12e8a02d612ad032473d4fb87266f2befeae/descriptions-next/ghes-3.22/dereferenced/ghes-3.22.2022-11-28.deref.yaml	3cef12e8a02d612ad032473d4fb87266f2befeae	432e0f7e233b3f8e3cc824320e1df559620de1562966059dd339a2675e0c41b6	2	pass	pass	not-run: key closed by found witness jentic/apis/openapi/cradl.ai/main/2026-01-28T09:00:46Z/meta/import/input-bundle.json	not-owed	witness-search-vendor-portals/records.tsv:100
vendor-portals	anyof-array-variant-struct-item	https://raw.githubusercontent.com/github/rest-api-description/3cef12e8a02d612ad032473d4fb87266f2befeae/descriptions-next/ghes-3.22/dereferenced/ghes-3.22.2026-03-10.deref.json	3cef12e8a02d612ad032473d4fb87266f2befeae	a9a7b9f9acc7e4bf92b7050e3a10daf39d552af896a7e09ddd3f154eb99f7c46	2	pass	pass	not-run: key closed by found witness jentic/apis/openapi/cradl.ai/main/2026-01-28T09:00:46Z/meta/import/input-bundle.json	not-owed	witness-search-vendor-portals/records.tsv:101
vendor-portals	anyof-array-variant-struct-item	https://raw.githubusercontent.com/github/rest-api-description/3cef12e8a02d612ad032473d4fb87266f2befeae/descriptions-next/ghes-3.22/dereferenced/ghes-3.22.2026-03-10.deref.yaml	3cef12e8a02d612ad032473d4fb87266f2befeae	153aed0f0534081a8816aa8de7576db264a7dd3daf0b4e4a0e33dc15112d9cc0	2	pass	pass	not-run: key closed by found witness jentic/apis/openapi/cradl.ai/main/2026-01-28T09:00:46Z/meta/import/input-bundle.json	not-owed	witness-search-vendor-portals/records.tsv:102
vendor-portals	anyof-array-variant-struct-item	https://raw.githubusercontent.com/github/rest-api-description/3cef12e8a02d612ad032473d4fb87266f2befeae/descriptions-next/ghes-3.22/dereferenced/ghes-3.22.deref.json	3cef12e8a02d612ad032473d4fb87266f2befeae	2c4f049845d2f2a1cf1e390489f2dca94110d03a09d9890f97c966e08d3b166f	2	pass	pass	not-run: key closed by found witness jentic/apis/openapi/cradl.ai/main/2026-01-28T09:00:46Z/meta/import/input-bundle.json	not-owed	witness-search-vendor-portals/records.tsv:103
vendor-portals	anyof-array-variant-struct-item	https://raw.githubusercontent.com/github/rest-api-description/3cef12e8a02d612ad032473d4fb87266f2befeae/descriptions-next/ghes-3.22/dereferenced/ghes-3.22.deref.yaml	3cef12e8a02d612ad032473d4fb87266f2befeae	36e472e77894bd5ac0845269df8cd8b30d3182950ff7145f8370d1e7ac398e2b	2	pass	pass	not-run: key closed by found witness jentic/apis/openapi/cradl.ai/main/2026-01-28T09:00:46Z/meta/import/input-bundle.json	not-owed	witness-search-vendor-portals/records.tsv:104
vendor-portals	anyof-array-variant-struct-item	https://raw.githubusercontent.com/github/rest-api-description/3cef12e8a02d612ad032473d4fb87266f2befeae/descriptions-next/ghes-3.3/dereferenced/ghes-3.3.deref.json	3cef12e8a02d612ad032473d4fb87266f2befeae	916519f79c4b1d4ce04956dead56bf76d2b335e17e497953f0792fe7684b7953	2	pass	pass	not-run: key closed by found witness jentic/apis/openapi/cradl.ai/main/2026-01-28T09:00:46Z/meta/import/input-bundle.json	not-owed	witness-search-vendor-portals/records.tsv:105
vendor-portals	anyof-array-variant-struct-item	https://raw.githubusercontent.com/github/rest-api-description/3cef12e8a02d612ad032473d4fb87266f2befeae/descriptions-next/ghes-3.3/dereferenced/ghes-3.3.deref.yaml	3cef12e8a02d612ad032473d4fb87266f2befeae	c327244f4e69126b5d51236e4a2f0d7ea8ee9cff66fea4952f5540d95de6ce1a	2	pass	pass	not-run: key closed by found witness jentic/apis/openapi/cradl.ai/main/2026-01-28T09:00:46Z/meta/import/input-bundle.json	not-owed	witness-search-vendor-portals/records.tsv:106
vendor-portals	anyof-array-variant-struct-item	https://raw.githubusercontent.com/github/rest-api-description/3cef12e8a02d612ad032473d4fb87266f2befeae/descriptions-next/ghes-3.4/dereferenced/ghes-3.4.deref.json	3cef12e8a02d612ad032473d4fb87266f2befeae	a633811e60a672c8d531e53f7adca32cb99823b36e6eba87ad1f6a0ca13c6772	2	pass	pass	not-run: key closed by found witness jentic/apis/openapi/cradl.ai/main/2026-01-28T09:00:46Z/meta/import/input-bundle.json	not-owed	witness-search-vendor-portals/records.tsv:107
vendor-portals	anyof-array-variant-struct-item	https://raw.githubusercontent.com/github/rest-api-description/3cef12e8a02d612ad032473d4fb87266f2befeae/descriptions-next/ghes-3.4/dereferenced/ghes-3.4.deref.yaml	3cef12e8a02d612ad032473d4fb87266f2befeae	f10619e35bb6c190cd093a9173935e3b563badb84c1700f13d9c1621fbce543a	2	pass	pass	not-run: key closed by found witness jentic/apis/openapi/cradl.ai/main/2026-01-28T09:00:46Z/meta/import/input-bundle.json	not-owed	witness-search-vendor-portals/records.tsv:108
vendor-portals	anyof-array-variant-struct-item	https://raw.githubusercontent.com/github/rest-api-description/3cef12e8a02d612ad032473d4fb87266f2befeae/descriptions-next/ghes-3.5/dereferenced/ghes-3.5.deref.json	3cef12e8a02d612ad032473d4fb87266f2befeae	9706d276760a94eb9a72e29b9a5eee798a801e33cd05a541a0079ff3df07c0bf	2	pass	pass	not-run: key closed by found witness jentic/apis/openapi/cradl.ai/main/2026-01-28T09:00:46Z/meta/import/input-bundle.json	not-owed	witness-search-vendor-portals/records.tsv:109
vendor-portals	anyof-array-variant-struct-item	https://raw.githubusercontent.com/github/rest-api-description/3cef12e8a02d612ad032473d4fb87266f2befeae/descriptions-next/ghes-3.5/dereferenced/ghes-3.5.deref.yaml	3cef12e8a02d612ad032473d4fb87266f2befeae	e0b055f78c570987382a3fc08bd1b67eb239afb684d4f2e366a082179afbb22e	2	pass	pass	not-run: key closed by found witness jentic/apis/openapi/cradl.ai/main/2026-01-28T09:00:46Z/meta/import/input-bundle.json	not-owed	witness-search-vendor-portals/records.tsv:110
vendor-portals	anyof-array-variant-struct-item	https://raw.githubusercontent.com/github/rest-api-description/3cef12e8a02d612ad032473d4fb87266f2befeae/descriptions-next/ghes-3.6/dereferenced/ghes-3.6.deref.json	3cef12e8a02d612ad032473d4fb87266f2befeae	9da91687f6fbcbff693a7eb119f1c199e80590070edab8052f7f281639ee6d1e	2	pass	pass	not-run: key closed by found witness jentic/apis/openapi/cradl.ai/main/2026-01-28T09:00:46Z/meta/import/input-bundle.json	not-owed	witness-search-vendor-portals/records.tsv:111
vendor-portals	anyof-array-variant-struct-item	https://raw.githubusercontent.com/github/rest-api-description/3cef12e8a02d612ad032473d4fb87266f2befeae/descriptions-next/ghes-3.6/dereferenced/ghes-3.6.deref.yaml	3cef12e8a02d612ad032473d4fb87266f2befeae	ef317b14d8ddd92634c020fd1b07dce1586f499f8f7334eba384bb8ee577523d	2	pass	pass	not-run: key closed by found witness jentic/apis/openapi/cradl.ai/main/2026-01-28T09:00:46Z/meta/import/input-bundle.json	not-owed	witness-search-vendor-portals/records.tsv:112
vendor-portals	anyof-array-variant-struct-item	https://raw.githubusercontent.com/github/rest-api-description/3cef12e8a02d612ad032473d4fb87266f2befeae/descriptions-next/ghes-3.7/dereferenced/ghes-3.7.deref.json	3cef12e8a02d612ad032473d4fb87266f2befeae	461b26aeed580c0875814193f30e3eb486e48d6dcc5b2980f4c972dba8f5ff54	2	pass	pass	not-run: key closed by found witness jentic/apis/openapi/cradl.ai/main/2026-01-28T09:00:46Z/meta/import/input-bundle.json	not-owed	witness-search-vendor-portals/records.tsv:113
vendor-portals	anyof-array-variant-struct-item	https://raw.githubusercontent.com/github/rest-api-description/3cef12e8a02d612ad032473d4fb87266f2befeae/descriptions-next/ghes-3.7/dereferenced/ghes-3.7.deref.yaml	3cef12e8a02d612ad032473d4fb87266f2befeae	b19778e021b5bbdb5f255b9ead6b0f831a59320653e17e3c8567d92b77dbf486	2	pass	pass	not-run: key closed by found witness jentic/apis/openapi/cradl.ai/main/2026-01-28T09:00:46Z/meta/import/input-bundle.json	not-owed	witness-search-vendor-portals/records.tsv:114
vendor-portals	anyof-array-variant-struct-item	https://raw.githubusercontent.com/github/rest-api-description/3cef12e8a02d612ad032473d4fb87266f2befeae/descriptions-next/ghes-3.8/dereferenced/ghes-3.8.deref.json	3cef12e8a02d612ad032473d4fb87266f2befeae	6a3b8bf46abdb26900ccd89cc85edf3b5ff4558e6e5af13dcaad67b5815a451e	2	pass	pass	not-run: key closed by found witness jentic/apis/openapi/cradl.ai/main/2026-01-28T09:00:46Z/meta/import/input-bundle.json	not-owed	witness-search-vendor-portals/records.tsv:115
vendor-portals	anyof-array-variant-struct-item	https://raw.githubusercontent.com/github/rest-api-description/3cef12e8a02d612ad032473d4fb87266f2befeae/descriptions-next/ghes-3.8/dereferenced/ghes-3.8.deref.yaml	3cef12e8a02d612ad032473d4fb87266f2befeae	7a766ddc273bf0b71bdfb8e9823f85a37ce206d183999a141ce7cd5799832eae	2	pass	pass	not-run: key closed by found witness jentic/apis/openapi/cradl.ai/main/2026-01-28T09:00:46Z/meta/import/input-bundle.json	not-owed	witness-search-vendor-portals/records.tsv:116
vendor-portals	anyof-array-variant-struct-item	https://raw.githubusercontent.com/github/rest-api-description/3cef12e8a02d612ad032473d4fb87266f2befeae/descriptions-next/ghes-3.9/dereferenced/ghes-3.9.2022-11-28.deref.json	3cef12e8a02d612ad032473d4fb87266f2befeae	772145b9097f38782b6c9f37981a71701a34bf86876ebb145a76a71c93ba5c2c	2	pass	pass	not-run: key closed by found witness jentic/apis/openapi/cradl.ai/main/2026-01-28T09:00:46Z/meta/import/input-bundle.json	not-owed	witness-search-vendor-portals/records.tsv:117
vendor-portals	anyof-array-variant-struct-item	https://raw.githubusercontent.com/github/rest-api-description/3cef12e8a02d612ad032473d4fb87266f2befeae/descriptions-next/ghes-3.9/dereferenced/ghes-3.9.2022-11-28.deref.yaml	3cef12e8a02d612ad032473d4fb87266f2befeae	4e3df5ca36f993990149bf1cf94a9f50b6fe46aa88e90d504ad51c8726a3cf79	2	pass	pass	not-run: key closed by found witness jentic/apis/openapi/cradl.ai/main/2026-01-28T09:00:46Z/meta/import/input-bundle.json	not-owed	witness-search-vendor-portals/records.tsv:118
vendor-portals	anyof-array-variant-struct-item	https://raw.githubusercontent.com/github/rest-api-description/3cef12e8a02d612ad032473d4fb87266f2befeae/descriptions-next/ghes-3.9/dereferenced/ghes-3.9.deref.json	3cef12e8a02d612ad032473d4fb87266f2befeae	772145b9097f38782b6c9f37981a71701a34bf86876ebb145a76a71c93ba5c2c	2	pass	pass	not-run: key closed by found witness jentic/apis/openapi/cradl.ai/main/2026-01-28T09:00:46Z/meta/import/input-bundle.json	not-owed	witness-search-vendor-portals/records.tsv:119
vendor-portals	anyof-array-variant-struct-item	https://raw.githubusercontent.com/github/rest-api-description/3cef12e8a02d612ad032473d4fb87266f2befeae/descriptions-next/ghes-3.9/dereferenced/ghes-3.9.deref.yaml	3cef12e8a02d612ad032473d4fb87266f2befeae	4e3df5ca36f993990149bf1cf94a9f50b6fe46aa88e90d504ad51c8726a3cf79	2	pass	pass	not-run: key closed by found witness jentic/apis/openapi/cradl.ai/main/2026-01-28T09:00:46Z/meta/import/input-bundle.json	not-owed	witness-search-vendor-portals/records.tsv:120
vendor-portals	anyof-array-variant-struct-item	https://raw.githubusercontent.com/github/rest-api-description/3cef12e8a02d612ad032473d4fb87266f2befeae/descriptions-next/github.ae/dereferenced/github.ae.deref.json	3cef12e8a02d612ad032473d4fb87266f2befeae	d90fc7ec005e82aa729ad52a371a14b8d3ac894f7c766303ae244f30480295e5	2	pass	pass	not-run: key closed by found witness jentic/apis/openapi/cradl.ai/main/2026-01-28T09:00:46Z/meta/import/input-bundle.json	not-owed	witness-search-vendor-portals/records.tsv:121
vendor-portals	anyof-array-variant-struct-item	https://raw.githubusercontent.com/github/rest-api-description/3cef12e8a02d612ad032473d4fb87266f2befeae/descriptions-next/github.ae/dereferenced/github.ae.deref.yaml	3cef12e8a02d612ad032473d4fb87266f2befeae	15fc8a4cae47ef42d1053a49806a266878c1451c827ec926348df92790f70b6d	2	pass	pass	not-run: key closed by found witness jentic/apis/openapi/cradl.ai/main/2026-01-28T09:00:46Z/meta/import/input-bundle.json	not-owed	witness-search-vendor-portals/records.tsv:122
vendor-portals	anyof-array-variant-struct-item	https://raw.githubusercontent.com/github/rest-api-description/3cef12e8a02d612ad032473d4fb87266f2befeae/descriptions/api.github.com/dereferenced/api.github.com.2022-11-28.deref.json	3cef12e8a02d612ad032473d4fb87266f2befeae	0de86eb372dcc714804d445b3326b76e787adf8777150dd8129f1d3499068057	2	pass	pass	failed: Fern check exit 1	rejected	witness-search-vendor-portals/records.tsv:123
vendor-portals	anyof-array-variant-struct-item	https://raw.githubusercontent.com/github/rest-api-description/3cef12e8a02d612ad032473d4fb87266f2befeae/descriptions/api.github.com/dereferenced/api.github.com.2022-11-28.deref.yaml	3cef12e8a02d612ad032473d4fb87266f2befeae	797be75d18a49646f2e6659a0b7dba444ef3b2e0558023cc933b2fc2dfb73d6e	2	pass	pass	failed: Fern check exit 1	rejected	witness-search-vendor-portals/records.tsv:124
vendor-portals	anyof-array-variant-struct-item	https://raw.githubusercontent.com/github/rest-api-description/3cef12e8a02d612ad032473d4fb87266f2befeae/descriptions/api.github.com/dereferenced/api.github.com.2026-03-10.deref.json	3cef12e8a02d612ad032473d4fb87266f2befeae	9c10d0d41a03e0cde49478b45c4df9591cfc6ebde0e81b8690bdac96fad1affb	2	pass	pass	failed: Fern check exit 1	rejected	witness-search-vendor-portals/records.tsv:125
vendor-portals	anyof-array-variant-struct-item	https://raw.githubusercontent.com/github/rest-api-description/3cef12e8a02d612ad032473d4fb87266f2befeae/descriptions/api.github.com/dereferenced/api.github.com.2026-03-10.deref.yaml	3cef12e8a02d612ad032473d4fb87266f2befeae	23ddb4389ed7d03878092d8ec69265af28fa96a7e5a2f1326e6af4b8cb751c4d	2	pass	pass	failed: Fern check exit 1	rejected	witness-search-vendor-portals/records.tsv:126
vendor-portals	anyof-array-variant-struct-item	https://raw.githubusercontent.com/github/rest-api-description/3cef12e8a02d612ad032473d4fb87266f2befeae/descriptions/api.github.com/dereferenced/api.github.com.deref.json	3cef12e8a02d612ad032473d4fb87266f2befeae	7845dc97904328acbe29cc93c85ccb8b30474c175d12d40e0e37fd10ef15d4a8	2	pass	pass	failed: Fern check exit 1	rejected	witness-search-vendor-portals/records.tsv:127
vendor-portals	anyof-array-variant-struct-item	https://raw.githubusercontent.com/github/rest-api-description/3cef12e8a02d612ad032473d4fb87266f2befeae/descriptions/api.github.com/dereferenced/api.github.com.deref.yaml	3cef12e8a02d612ad032473d4fb87266f2befeae	fedb415fb6a0479c12ed7cacd0bc6273a41f77fe3c8c86fda3acf898f7afe532	2	pass	pass	failed: Fern check exit 1	rejected	witness-search-vendor-portals/records.tsv:128
vendor-portals	anyof-array-variant-struct-item	https://raw.githubusercontent.com/github/rest-api-description/3cef12e8a02d612ad032473d4fb87266f2befeae/descriptions/ghec/dereferenced/ghec.2022-11-28.deref.json	3cef12e8a02d612ad032473d4fb87266f2befeae	b3387de350028b8dfef3f962da93286c1ade4398bca9cce0e26eb9e1be8553d0	2	pass	pass	failed: Fern check exit 1	rejected	witness-search-vendor-portals/records.tsv:129
vendor-portals	anyof-array-variant-struct-item	https://raw.githubusercontent.com/github/rest-api-description/3cef12e8a02d612ad032473d4fb87266f2befeae/descriptions/ghec/dereferenced/ghec.2022-11-28.deref.yaml	3cef12e8a02d612ad032473d4fb87266f2befeae	e221b26d46fb95cc23b3c36ded676e24621b2a97036f6d66bd675f82d5ab6ded	2	pass	pass	failed: Fern check exit 1	rejected	witness-search-vendor-portals/records.tsv:130
vendor-portals	anyof-array-variant-struct-item	https://raw.githubusercontent.com/github/rest-api-description/3cef12e8a02d612ad032473d4fb87266f2befeae/descriptions/ghec/dereferenced/ghec.2026-03-10.deref.json	3cef12e8a02d612ad032473d4fb87266f2befeae	d1c4b2f2555fcacdac0bd5ce1ba7dc87a192dc05a95a3834261f7de32e222367	2	pass	pass	failed: Fern check exit 1	rejected	witness-search-vendor-portals/records.tsv:131
vendor-portals	anyof-array-variant-struct-item	https://raw.githubusercontent.com/github/rest-api-description/3cef12e8a02d612ad032473d4fb87266f2befeae/descriptions/ghec/dereferenced/ghec.2026-03-10.deref.yaml	3cef12e8a02d612ad032473d4fb87266f2befeae	ea94d61f6eb9a9ae2cf3262303d0b8e745fb5922db4f51a26140a1d9acba9314	2	pass	pass	failed: Fern check exit 1	rejected	witness-search-vendor-portals/records.tsv:132
vendor-portals	anyof-array-variant-struct-item	https://raw.githubusercontent.com/github/rest-api-description/3cef12e8a02d612ad032473d4fb87266f2befeae/descriptions/ghec/dereferenced/ghec.deref.json	3cef12e8a02d612ad032473d4fb87266f2befeae	5a75c30a894afb073f735549ee11f4c01925e83c4fd3ee872d9e3fe5014a668e	2	pass	pass	not-run: key closed by found witness jentic/apis/openapi/cradl.ai/main/2026-01-28T09:00:46Z/meta/import/input-bundle.json	not-owed	witness-search-vendor-portals/records.tsv:133
vendor-portals	anyof-array-variant-struct-item	https://raw.githubusercontent.com/github/rest-api-description/3cef12e8a02d612ad032473d4fb87266f2befeae/descriptions/ghec/dereferenced/ghec.deref.yaml	3cef12e8a02d612ad032473d4fb87266f2befeae	a3e8c4fe2266dd3d6a18097698c5b890d4a041816e76c10eca855b2a11ba5fd1	2	pass	pass	not-run: key closed by found witness jentic/apis/openapi/cradl.ai/main/2026-01-28T09:00:46Z/meta/import/input-bundle.json	not-owed	witness-search-vendor-portals/records.tsv:134
vendor-portals	anyof-array-variant-struct-item	https://raw.githubusercontent.com/github/rest-api-description/3cef12e8a02d612ad032473d4fb87266f2befeae/descriptions/ghes-2.18/dereferenced/ghes-2.18.deref.json	3cef12e8a02d612ad032473d4fb87266f2befeae	32f21d155b0f871785e8aaae395cdaeb3e7470e48eefef66f17c7b4650cc3e68	2	pass	pass	not-run: key closed by found witness jentic/apis/openapi/cradl.ai/main/2026-01-28T09:00:46Z/meta/import/input-bundle.json	not-owed	witness-search-vendor-portals/records.tsv:135
vendor-portals	anyof-array-variant-struct-item	https://raw.githubusercontent.com/github/rest-api-description/3cef12e8a02d612ad032473d4fb87266f2befeae/descriptions/ghes-2.18/dereferenced/ghes-2.18.deref.yaml	3cef12e8a02d612ad032473d4fb87266f2befeae	030ea7147732112a61c334641a730f40b83c90548cb30e9a70bef4476afb6fb7	2	pass	pass	not-run: key closed by found witness jentic/apis/openapi/cradl.ai/main/2026-01-28T09:00:46Z/meta/import/input-bundle.json	not-owed	witness-search-vendor-portals/records.tsv:136
vendor-portals	anyof-array-variant-struct-item	https://raw.githubusercontent.com/github/rest-api-description/3cef12e8a02d612ad032473d4fb87266f2befeae/descriptions/ghes-2.19/dereferenced/ghes-2.19.deref.json	3cef12e8a02d612ad032473d4fb87266f2befeae	6cd8e2e83766ee31c6fe5828fe21c29e324037dca09d7501a1091bdaeb1d18fb	2	pass	pass	not-run: key closed by found witness jentic/apis/openapi/cradl.ai/main/2026-01-28T09:00:46Z/meta/import/input-bundle.json	not-owed	witness-search-vendor-portals/records.tsv:137
vendor-portals	anyof-array-variant-struct-item	https://raw.githubusercontent.com/github/rest-api-description/3cef12e8a02d612ad032473d4fb87266f2befeae/descriptions/ghes-2.19/dereferenced/ghes-2.19.deref.yaml	3cef12e8a02d612ad032473d4fb87266f2befeae	0e26ce407bf4c8d08444a1ab587b6722327f1ed707665f53ac4f90d50a4e57ec	2	pass	pass	not-run: key closed by found witness jentic/apis/openapi/cradl.ai/main/2026-01-28T09:00:46Z/meta/import/input-bundle.json	not-owed	witness-search-vendor-portals/records.tsv:138
vendor-portals	anyof-array-variant-struct-item	https://raw.githubusercontent.com/github/rest-api-description/3cef12e8a02d612ad032473d4fb87266f2befeae/descriptions/ghes-2.20/dereferenced/ghes-2.20.deref.json	3cef12e8a02d612ad032473d4fb87266f2befeae	498dcdbb85e319b85d0ece232f903faad298e2e3bc0ffaa68fa78fcd3513dca3	2	pass	pass	not-run: key closed by found witness jentic/apis/openapi/cradl.ai/main/2026-01-28T09:00:46Z/meta/import/input-bundle.json	not-owed	witness-search-vendor-portals/records.tsv:139
vendor-portals	anyof-array-variant-struct-item	https://raw.githubusercontent.com/github/rest-api-description/3cef12e8a02d612ad032473d4fb87266f2befeae/descriptions/ghes-2.20/dereferenced/ghes-2.20.deref.yaml	3cef12e8a02d612ad032473d4fb87266f2befeae	b26170242323ab8d03aa95c9cc743ff487aecda4c72cfdc14e799dc2dfe15d46	2	pass	pass	not-run: key closed by found witness jentic/apis/openapi/cradl.ai/main/2026-01-28T09:00:46Z/meta/import/input-bundle.json	not-owed	witness-search-vendor-portals/records.tsv:140
vendor-portals	anyof-array-variant-struct-item	https://raw.githubusercontent.com/github/rest-api-description/3cef12e8a02d612ad032473d4fb87266f2befeae/descriptions/ghes-2.21/dereferenced/ghes-2.21.deref.json	3cef12e8a02d612ad032473d4fb87266f2befeae	92e9b4a43cf5c11aaad684b6ffa57e26e57339ee8c76bc3862d553de12cfdc16	2	pass	pass	not-run: key closed by found witness jentic/apis/openapi/cradl.ai/main/2026-01-28T09:00:46Z/meta/import/input-bundle.json	not-owed	witness-search-vendor-portals/records.tsv:141
vendor-portals	anyof-array-variant-struct-item	https://raw.githubusercontent.com/github/rest-api-description/3cef12e8a02d612ad032473d4fb87266f2befeae/descriptions/ghes-2.21/dereferenced/ghes-2.21.deref.yaml	3cef12e8a02d612ad032473d4fb87266f2befeae	19b69c695ecea7f5a0939515736e179a8528079a552349338f84746ff14abaec	2	pass	pass	not-run: key closed by found witness jentic/apis/openapi/cradl.ai/main/2026-01-28T09:00:46Z/meta/import/input-bundle.json	not-owed	witness-search-vendor-portals/records.tsv:142
vendor-portals	anyof-array-variant-struct-item	https://raw.githubusercontent.com/github/rest-api-description/3cef12e8a02d612ad032473d4fb87266f2befeae/descriptions/ghes-2.22/dereferenced/ghes-2.22.deref.json	3cef12e8a02d612ad032473d4fb87266f2befeae	0397707b5a6a0150469980e0db0d0c19b31a858a82d364ea9e004f7b86f61b8d	2	pass	pass	not-run: key closed by found witness jentic/apis/openapi/cradl.ai/main/2026-01-28T09:00:46Z/meta/import/input-bundle.json	not-owed	witness-search-vendor-portals/records.tsv:143
vendor-portals	anyof-array-variant-struct-item	https://raw.githubusercontent.com/github/rest-api-description/3cef12e8a02d612ad032473d4fb87266f2befeae/descriptions/ghes-2.22/dereferenced/ghes-2.22.deref.yaml	3cef12e8a02d612ad032473d4fb87266f2befeae	8d95bb27bf0312ced750b3a59f736b96b91bafb296fa9a64bc97b7a8fc2ffecb	2	pass	pass	not-run: key closed by found witness jentic/apis/openapi/cradl.ai/main/2026-01-28T09:00:46Z/meta/import/input-bundle.json	not-owed	witness-search-vendor-portals/records.tsv:144
vendor-portals	anyof-array-variant-struct-item	https://raw.githubusercontent.com/github/rest-api-description/3cef12e8a02d612ad032473d4fb87266f2befeae/descriptions/ghes-3.0/dereferenced/ghes-3.0.deref.json	3cef12e8a02d612ad032473d4fb87266f2befeae	8a0da989786dc7668027b05df2abb8a9dfc917a93127582251ce228e8f4180a8	2	pass	pass	not-run: key closed by found witness jentic/apis/openapi/cradl.ai/main/2026-01-28T09:00:46Z/meta/import/input-bundle.json	not-owed	witness-search-vendor-portals/records.tsv:145
vendor-portals	anyof-array-variant-struct-item	https://raw.githubusercontent.com/github/rest-api-description/3cef12e8a02d612ad032473d4fb87266f2befeae/descriptions/ghes-3.0/dereferenced/ghes-3.0.deref.yaml	3cef12e8a02d612ad032473d4fb87266f2befeae	78e22ce87bd540dcfe0d24554c7bc72b79878db2cbd2c7d3229c3720a6d05522	2	pass	pass	not-run: key closed by found witness jentic/apis/openapi/cradl.ai/main/2026-01-28T09:00:46Z/meta/import/input-bundle.json	not-owed	witness-search-vendor-portals/records.tsv:146
vendor-portals	anyof-array-variant-struct-item	https://raw.githubusercontent.com/github/rest-api-description/3cef12e8a02d612ad032473d4fb87266f2befeae/descriptions/ghes-3.1/dereferenced/ghes-3.1.deref.json	3cef12e8a02d612ad032473d4fb87266f2befeae	e4a46359c981b25980b8f168af8d63b10ea58502194be4f9f1be98dc8685f7ce	2	pass	pass	not-run: key closed by found witness jentic/apis/openapi/cradl.ai/main/2026-01-28T09:00:46Z/meta/import/input-bundle.json	not-owed	witness-search-vendor-portals/records.tsv:147
vendor-portals	anyof-array-variant-struct-item	https://raw.githubusercontent.com/github/rest-api-description/3cef12e8a02d612ad032473d4fb87266f2befeae/descriptions/ghes-3.1/dereferenced/ghes-3.1.deref.yaml	3cef12e8a02d612ad032473d4fb87266f2befeae	95e959e339d92a752411af30e895209e724b8312d8244ee95b5ef949295ba48b	2	pass	pass	not-run: key closed by found witness jentic/apis/openapi/cradl.ai/main/2026-01-28T09:00:46Z/meta/import/input-bundle.json	not-owed	witness-search-vendor-portals/records.tsv:148
vendor-portals	anyof-array-variant-struct-item	https://raw.githubusercontent.com/github/rest-api-description/3cef12e8a02d612ad032473d4fb87266f2befeae/descriptions/ghes-3.10/dereferenced/ghes-3.10.2022-11-28.deref.json	3cef12e8a02d612ad032473d4fb87266f2befeae	b9d9cfda563bc3f6f34eaaf34845613bdf9c8c2d80927b5148e5c3198688014d	2	pass	pass	not-run: key closed by found witness jentic/apis/openapi/cradl.ai/main/2026-01-28T09:00:46Z/meta/import/input-bundle.json	not-owed	witness-search-vendor-portals/records.tsv:149
vendor-portals	anyof-array-variant-struct-item	https://raw.githubusercontent.com/github/rest-api-description/3cef12e8a02d612ad032473d4fb87266f2befeae/descriptions/ghes-3.10/dereferenced/ghes-3.10.2022-11-28.deref.yaml	3cef12e8a02d612ad032473d4fb87266f2befeae	48e97fd60e25cd0e87db348065581d3f0558c43370635bb33f927f629f86a5c1	2	pass	pass	not-run: key closed by found witness jentic/apis/openapi/cradl.ai/main/2026-01-28T09:00:46Z/meta/import/input-bundle.json	not-owed	witness-search-vendor-portals/records.tsv:150
vendor-portals	anyof-array-variant-struct-item	https://raw.githubusercontent.com/github/rest-api-description/3cef12e8a02d612ad032473d4fb87266f2befeae/descriptions/ghes-3.10/dereferenced/ghes-3.10.deref.json	3cef12e8a02d612ad032473d4fb87266f2befeae	b9d9cfda563bc3f6f34eaaf34845613bdf9c8c2d80927b5148e5c3198688014d	2	pass	pass	not-run: key closed by found witness jentic/apis/openapi/cradl.ai/main/2026-01-28T09:00:46Z/meta/import/input-bundle.json	not-owed	witness-search-vendor-portals/records.tsv:151
vendor-portals	anyof-array-variant-struct-item	https://raw.githubusercontent.com/github/rest-api-description/3cef12e8a02d612ad032473d4fb87266f2befeae/descriptions/ghes-3.10/dereferenced/ghes-3.10.deref.yaml	3cef12e8a02d612ad032473d4fb87266f2befeae	48e97fd60e25cd0e87db348065581d3f0558c43370635bb33f927f629f86a5c1	2	pass	pass	not-run: key closed by found witness jentic/apis/openapi/cradl.ai/main/2026-01-28T09:00:46Z/meta/import/input-bundle.json	not-owed	witness-search-vendor-portals/records.tsv:152
vendor-portals	anyof-array-variant-struct-item	https://raw.githubusercontent.com/github/rest-api-description/3cef12e8a02d612ad032473d4fb87266f2befeae/descriptions/ghes-3.11/dereferenced/ghes-3.11.2022-11-28.deref.json	3cef12e8a02d612ad032473d4fb87266f2befeae	9aa2a2cb7170d40f4fafda6538262b9c1c337c41635cd6634ebe0e6544bb1e4e	2	pass	pass	not-run: key closed by found witness jentic/apis/openapi/cradl.ai/main/2026-01-28T09:00:46Z/meta/import/input-bundle.json	not-owed	witness-search-vendor-portals/records.tsv:153
vendor-portals	anyof-array-variant-struct-item	https://raw.githubusercontent.com/github/rest-api-description/3cef12e8a02d612ad032473d4fb87266f2befeae/descriptions/ghes-3.11/dereferenced/ghes-3.11.2022-11-28.deref.yaml	3cef12e8a02d612ad032473d4fb87266f2befeae	952237819f32db836f6930d2d099231a3c46fc6f67c4d50863b2db7ed6df6fe6	2	pass	pass	not-run: key closed by found witness jentic/apis/openapi/cradl.ai/main/2026-01-28T09:00:46Z/meta/import/input-bundle.json	not-owed	witness-search-vendor-portals/records.tsv:154
vendor-portals	anyof-array-variant-struct-item	https://raw.githubusercontent.com/github/rest-api-description/3cef12e8a02d612ad032473d4fb87266f2befeae/descriptions/ghes-3.11/dereferenced/ghes-3.11.deref.json	3cef12e8a02d612ad032473d4fb87266f2befeae	9aa2a2cb7170d40f4fafda6538262b9c1c337c41635cd6634ebe0e6544bb1e4e	2	pass	pass	not-run: key closed by found witness jentic/apis/openapi/cradl.ai/main/2026-01-28T09:00:46Z/meta/import/input-bundle.json	not-owed	witness-search-vendor-portals/records.tsv:155
vendor-portals	anyof-array-variant-struct-item	https://raw.githubusercontent.com/github/rest-api-description/3cef12e8a02d612ad032473d4fb87266f2befeae/descriptions/ghes-3.11/dereferenced/ghes-3.11.deref.yaml	3cef12e8a02d612ad032473d4fb87266f2befeae	952237819f32db836f6930d2d099231a3c46fc6f67c4d50863b2db7ed6df6fe6	2	pass	pass	not-run: key closed by found witness jentic/apis/openapi/cradl.ai/main/2026-01-28T09:00:46Z/meta/import/input-bundle.json	not-owed	witness-search-vendor-portals/records.tsv:156
vendor-portals	anyof-array-variant-struct-item	https://raw.githubusercontent.com/github/rest-api-description/3cef12e8a02d612ad032473d4fb87266f2befeae/descriptions/ghes-3.12/dereferenced/ghes-3.12.2022-11-28.deref.json	3cef12e8a02d612ad032473d4fb87266f2befeae	d6745d172ccd018dbd2271bbcb7289002ffd90d04bf618291875f9045a591035	2	pass	pass	not-run: key closed by found witness jentic/apis/openapi/cradl.ai/main/2026-01-28T09:00:46Z/meta/import/input-bundle.json	not-owed	witness-search-vendor-portals/records.tsv:157
vendor-portals	anyof-array-variant-struct-item	https://raw.githubusercontent.com/github/rest-api-description/3cef12e8a02d612ad032473d4fb87266f2befeae/descriptions/ghes-3.12/dereferenced/ghes-3.12.2022-11-28.deref.yaml	3cef12e8a02d612ad032473d4fb87266f2befeae	d4f0f0b953dc6d31131b691a332cc78793969da0afa10a827f04c42620f921e0	2	pass	pass	not-run: key closed by found witness jentic/apis/openapi/cradl.ai/main/2026-01-28T09:00:46Z/meta/import/input-bundle.json	not-owed	witness-search-vendor-portals/records.tsv:158
vendor-portals	anyof-array-variant-struct-item	https://raw.githubusercontent.com/github/rest-api-description/3cef12e8a02d612ad032473d4fb87266f2befeae/descriptions/ghes-3.12/dereferenced/ghes-3.12.deref.json	3cef12e8a02d612ad032473d4fb87266f2befeae	d6745d172ccd018dbd2271bbcb7289002ffd90d04bf618291875f9045a591035	2	pass	pass	not-run: key closed by found witness jentic/apis/openapi/cradl.ai/main/2026-01-28T09:00:46Z/meta/import/input-bundle.json	not-owed	witness-search-vendor-portals/records.tsv:159
vendor-portals	anyof-array-variant-struct-item	https://raw.githubusercontent.com/github/rest-api-description/3cef12e8a02d612ad032473d4fb87266f2befeae/descriptions/ghes-3.12/dereferenced/ghes-3.12.deref.yaml	3cef12e8a02d612ad032473d4fb87266f2befeae	d4f0f0b953dc6d31131b691a332cc78793969da0afa10a827f04c42620f921e0	2	pass	pass	not-run: key closed by found witness jentic/apis/openapi/cradl.ai/main/2026-01-28T09:00:46Z/meta/import/input-bundle.json	not-owed	witness-search-vendor-portals/records.tsv:160
vendor-portals	anyof-array-variant-struct-item	https://raw.githubusercontent.com/github/rest-api-description/3cef12e8a02d612ad032473d4fb87266f2befeae/descriptions/ghes-3.13/dereferenced/ghes-3.13.2022-11-28.deref.json	3cef12e8a02d612ad032473d4fb87266f2befeae	3fccd84dc5913832799ab2f887bc0b987409773ffe5d0b02e01d7ce276d2b5cc	2	pass	pass	not-run: key closed by found witness jentic/apis/openapi/cradl.ai/main/2026-01-28T09:00:46Z/meta/import/input-bundle.json	not-owed	witness-search-vendor-portals/records.tsv:161
vendor-portals	anyof-array-variant-struct-item	https://raw.githubusercontent.com/github/rest-api-description/3cef12e8a02d612ad032473d4fb87266f2befeae/descriptions/ghes-3.13/dereferenced/ghes-3.13.2022-11-28.deref.yaml	3cef12e8a02d612ad032473d4fb87266f2befeae	2a6a97fda98d9763fb2e2615cbdf0f1e1ef428d68194d600c44218935250c50a	2	pass	pass	not-run: key closed by found witness jentic/apis/openapi/cradl.ai/main/2026-01-28T09:00:46Z/meta/import/input-bundle.json	not-owed	witness-search-vendor-portals/records.tsv:162
vendor-portals	anyof-array-variant-struct-item	https://raw.githubusercontent.com/github/rest-api-description/3cef12e8a02d612ad032473d4fb87266f2befeae/descriptions/ghes-3.13/dereferenced/ghes-3.13.deref.json	3cef12e8a02d612ad032473d4fb87266f2befeae	3fccd84dc5913832799ab2f887bc0b987409773ffe5d0b02e01d7ce276d2b5cc	2	pass	pass	not-run: key closed by found witness jentic/apis/openapi/cradl.ai/main/2026-01-28T09:00:46Z/meta/import/input-bundle.json	not-owed	witness-search-vendor-portals/records.tsv:163
vendor-portals	anyof-array-variant-struct-item	https://raw.githubusercontent.com/github/rest-api-description/3cef12e8a02d612ad032473d4fb87266f2befeae/descriptions/ghes-3.13/dereferenced/ghes-3.13.deref.yaml	3cef12e8a02d612ad032473d4fb87266f2befeae	2a6a97fda98d9763fb2e2615cbdf0f1e1ef428d68194d600c44218935250c50a	2	pass	pass	not-run: key closed by found witness jentic/apis/openapi/cradl.ai/main/2026-01-28T09:00:46Z/meta/import/input-bundle.json	not-owed	witness-search-vendor-portals/records.tsv:164
vendor-portals	anyof-array-variant-struct-item	https://raw.githubusercontent.com/github/rest-api-description/3cef12e8a02d612ad032473d4fb87266f2befeae/descriptions/ghes-3.14/dereferenced/ghes-3.14.2022-11-28.deref.json	3cef12e8a02d612ad032473d4fb87266f2befeae	a97443bb411ba901c49965fa5dea692c2711ea5a105aac3d75cc289a235fc6d1	2	pass	pass	not-run: key closed by found witness jentic/apis/openapi/cradl.ai/main/2026-01-28T09:00:46Z/meta/import/input-bundle.json	not-owed	witness-search-vendor-portals/records.tsv:165
vendor-portals	anyof-array-variant-struct-item	https://raw.githubusercontent.com/github/rest-api-description/3cef12e8a02d612ad032473d4fb87266f2befeae/descriptions/ghes-3.14/dereferenced/ghes-3.14.2022-11-28.deref.yaml	3cef12e8a02d612ad032473d4fb87266f2befeae	8057d0be2316a932154da24226792a603ac4231cfe11b98e344d4979c92426d3	2	pass	pass	not-run: key closed by found witness jentic/apis/openapi/cradl.ai/main/2026-01-28T09:00:46Z/meta/import/input-bundle.json	not-owed	witness-search-vendor-portals/records.tsv:166
vendor-portals	anyof-array-variant-struct-item	https://raw.githubusercontent.com/github/rest-api-description/3cef12e8a02d612ad032473d4fb87266f2befeae/descriptions/ghes-3.14/dereferenced/ghes-3.14.deref.json	3cef12e8a02d612ad032473d4fb87266f2befeae	a97443bb411ba901c49965fa5dea692c2711ea5a105aac3d75cc289a235fc6d1	2	pass	pass	not-run: key closed by found witness jentic/apis/openapi/cradl.ai/main/2026-01-28T09:00:46Z/meta/import/input-bundle.json	not-owed	witness-search-vendor-portals/records.tsv:167
vendor-portals	anyof-array-variant-struct-item	https://raw.githubusercontent.com/github/rest-api-description/3cef12e8a02d612ad032473d4fb87266f2befeae/descriptions/ghes-3.14/dereferenced/ghes-3.14.deref.yaml	3cef12e8a02d612ad032473d4fb87266f2befeae	8057d0be2316a932154da24226792a603ac4231cfe11b98e344d4979c92426d3	2	pass	pass	not-run: key closed by found witness jentic/apis/openapi/cradl.ai/main/2026-01-28T09:00:46Z/meta/import/input-bundle.json	not-owed	witness-search-vendor-portals/records.tsv:168
vendor-portals	anyof-array-variant-struct-item	https://raw.githubusercontent.com/github/rest-api-description/3cef12e8a02d612ad032473d4fb87266f2befeae/descriptions/ghes-3.15/dereferenced/ghes-3.15.2022-11-28.deref.json	3cef12e8a02d612ad032473d4fb87266f2befeae	2a08d2a6f3e06f4758a26b552da1f6e6cb307f0f80a6a72d07d1c460ee26fec1	2	pass	pass	not-run: key closed by found witness jentic/apis/openapi/cradl.ai/main/2026-01-28T09:00:46Z/meta/import/input-bundle.json	not-owed	witness-search-vendor-portals/records.tsv:169
vendor-portals	anyof-array-variant-struct-item	https://raw.githubusercontent.com/github/rest-api-description/3cef12e8a02d612ad032473d4fb87266f2befeae/descriptions/ghes-3.15/dereferenced/ghes-3.15.2022-11-28.deref.yaml	3cef12e8a02d612ad032473d4fb87266f2befeae	25f2bbfc56da39f1995275dc4eb4ac3628d9883a262eb1f87d0d8dec59787c5d	2	pass	pass	not-run: key closed by found witness jentic/apis/openapi/cradl.ai/main/2026-01-28T09:00:46Z/meta/import/input-bundle.json	not-owed	witness-search-vendor-portals/records.tsv:170
vendor-portals	anyof-array-variant-struct-item	https://raw.githubusercontent.com/github/rest-api-description/3cef12e8a02d612ad032473d4fb87266f2befeae/descriptions/ghes-3.15/dereferenced/ghes-3.15.deref.json	3cef12e8a02d612ad032473d4fb87266f2befeae	2a08d2a6f3e06f4758a26b552da1f6e6cb307f0f80a6a72d07d1c460ee26fec1	2	pass	pass	not-run: key closed by found witness jentic/apis/openapi/cradl.ai/main/2026-01-28T09:00:46Z/meta/import/input-bundle.json	not-owed	witness-search-vendor-portals/records.tsv:171
vendor-portals	anyof-array-variant-struct-item	https://raw.githubusercontent.com/github/rest-api-description/3cef12e8a02d612ad032473d4fb87266f2befeae/descriptions/ghes-3.15/dereferenced/ghes-3.15.deref.yaml	3cef12e8a02d612ad032473d4fb87266f2befeae	25f2bbfc56da39f1995275dc4eb4ac3628d9883a262eb1f87d0d8dec59787c5d	2	pass	pass	not-run: key closed by found witness jentic/apis/openapi/cradl.ai/main/2026-01-28T09:00:46Z/meta/import/input-bundle.json	not-owed	witness-search-vendor-portals/records.tsv:172
vendor-portals	anyof-array-variant-struct-item	https://raw.githubusercontent.com/github/rest-api-description/3cef12e8a02d612ad032473d4fb87266f2befeae/descriptions/ghes-3.16/dereferenced/ghes-3.16.2022-11-28.deref.json	3cef12e8a02d612ad032473d4fb87266f2befeae	c813f53d5720fc80cecd83b6213ee8e4ed25e4cf50ea62fe081d54d757664599	2	pass	pass	not-run: key closed by found witness jentic/apis/openapi/cradl.ai/main/2026-01-28T09:00:46Z/meta/import/input-bundle.json	not-owed	witness-search-vendor-portals/records.tsv:173
vendor-portals	anyof-array-variant-struct-item	https://raw.githubusercontent.com/github/rest-api-description/3cef12e8a02d612ad032473d4fb87266f2befeae/descriptions/ghes-3.16/dereferenced/ghes-3.16.2022-11-28.deref.yaml	3cef12e8a02d612ad032473d4fb87266f2befeae	1b68b2c1dca8dccc69ff0755f890ca44bbc4ea30b75eb676d625d69eb37bbe15	2	pass	pass	not-run: key closed by found witness jentic/apis/openapi/cradl.ai/main/2026-01-28T09:00:46Z/meta/import/input-bundle.json	not-owed	witness-search-vendor-portals/records.tsv:174
vendor-portals	anyof-array-variant-struct-item	https://raw.githubusercontent.com/github/rest-api-description/3cef12e8a02d612ad032473d4fb87266f2befeae/descriptions/ghes-3.16/dereferenced/ghes-3.16.deref.json	3cef12e8a02d612ad032473d4fb87266f2befeae	c813f53d5720fc80cecd83b6213ee8e4ed25e4cf50ea62fe081d54d757664599	2	pass	pass	not-run: key closed by found witness jentic/apis/openapi/cradl.ai/main/2026-01-28T09:00:46Z/meta/import/input-bundle.json	not-owed	witness-search-vendor-portals/records.tsv:175
vendor-portals	anyof-array-variant-struct-item	https://raw.githubusercontent.com/github/rest-api-description/3cef12e8a02d612ad032473d4fb87266f2befeae/descriptions/ghes-3.16/dereferenced/ghes-3.16.deref.yaml	3cef12e8a02d612ad032473d4fb87266f2befeae	1b68b2c1dca8dccc69ff0755f890ca44bbc4ea30b75eb676d625d69eb37bbe15	2	pass	pass	not-run: key closed by found witness jentic/apis/openapi/cradl.ai/main/2026-01-28T09:00:46Z/meta/import/input-bundle.json	not-owed	witness-search-vendor-portals/records.tsv:176
vendor-portals	anyof-array-variant-struct-item	https://raw.githubusercontent.com/github/rest-api-description/3cef12e8a02d612ad032473d4fb87266f2befeae/descriptions/ghes-3.17/dereferenced/ghes-3.17.2022-11-28.deref.json	3cef12e8a02d612ad032473d4fb87266f2befeae	972ce535bc0df857fc9f147b4f4c8cf759165088c6169f0c2c02c512df1202f9	2	pass	pass	not-run: key closed by found witness jentic/apis/openapi/cradl.ai/main/2026-01-28T09:00:46Z/meta/import/input-bundle.json	not-owed	witness-search-vendor-portals/records.tsv:177
vendor-portals	anyof-array-variant-struct-item	https://raw.githubusercontent.com/github/rest-api-description/3cef12e8a02d612ad032473d4fb87266f2befeae/descriptions/ghes-3.17/dereferenced/ghes-3.17.2022-11-28.deref.yaml	3cef12e8a02d612ad032473d4fb87266f2befeae	58efba0d6b31572bb3e404234ac1250f95ccb3e0a085a172d54b046b23aca6e3	2	pass	pass	not-run: key closed by found witness jentic/apis/openapi/cradl.ai/main/2026-01-28T09:00:46Z/meta/import/input-bundle.json	not-owed	witness-search-vendor-portals/records.tsv:178
vendor-portals	anyof-array-variant-struct-item	https://raw.githubusercontent.com/github/rest-api-description/3cef12e8a02d612ad032473d4fb87266f2befeae/descriptions/ghes-3.17/dereferenced/ghes-3.17.deref.json	3cef12e8a02d612ad032473d4fb87266f2befeae	972ce535bc0df857fc9f147b4f4c8cf759165088c6169f0c2c02c512df1202f9	2	pass	pass	not-run: key closed by found witness jentic/apis/openapi/cradl.ai/main/2026-01-28T09:00:46Z/meta/import/input-bundle.json	not-owed	witness-search-vendor-portals/records.tsv:179
vendor-portals	anyof-array-variant-struct-item	https://raw.githubusercontent.com/github/rest-api-description/3cef12e8a02d612ad032473d4fb87266f2befeae/descriptions/ghes-3.17/dereferenced/ghes-3.17.deref.yaml	3cef12e8a02d612ad032473d4fb87266f2befeae	58efba0d6b31572bb3e404234ac1250f95ccb3e0a085a172d54b046b23aca6e3	2	pass	pass	not-run: key closed by found witness jentic/apis/openapi/cradl.ai/main/2026-01-28T09:00:46Z/meta/import/input-bundle.json	not-owed	witness-search-vendor-portals/records.tsv:180
vendor-portals	anyof-array-variant-struct-item	https://raw.githubusercontent.com/github/rest-api-description/3cef12e8a02d612ad032473d4fb87266f2befeae/descriptions/ghes-3.18/dereferenced/ghes-3.18.2022-11-28.deref.json	3cef12e8a02d612ad032473d4fb87266f2befeae	5de99d9444484b2d267864a7fbdf0717c5d79e40c7ed15bb847049385528d3ee	2	pass	pass	not-run: key closed by found witness jentic/apis/openapi/cradl.ai/main/2026-01-28T09:00:46Z/meta/import/input-bundle.json	not-owed	witness-search-vendor-portals/records.tsv:181
vendor-portals	anyof-array-variant-struct-item	https://raw.githubusercontent.com/github/rest-api-description/3cef12e8a02d612ad032473d4fb87266f2befeae/descriptions/ghes-3.18/dereferenced/ghes-3.18.2022-11-28.deref.yaml	3cef12e8a02d612ad032473d4fb87266f2befeae	d6c4f3fd8fe6cc755aff377855ac49705d747e6d374198c5859385804c4ba11d	2	pass	pass	not-run: key closed by found witness jentic/apis/openapi/cradl.ai/main/2026-01-28T09:00:46Z/meta/import/input-bundle.json	not-owed	witness-search-vendor-portals/records.tsv:182
vendor-portals	anyof-array-variant-struct-item	https://raw.githubusercontent.com/github/rest-api-description/3cef12e8a02d612ad032473d4fb87266f2befeae/descriptions/ghes-3.18/dereferenced/ghes-3.18.deref.json	3cef12e8a02d612ad032473d4fb87266f2befeae	5de99d9444484b2d267864a7fbdf0717c5d79e40c7ed15bb847049385528d3ee	2	pass	pass	not-run: key closed by found witness jentic/apis/openapi/cradl.ai/main/2026-01-28T09:00:46Z/meta/import/input-bundle.json	not-owed	witness-search-vendor-portals/records.tsv:183
vendor-portals	anyof-array-variant-struct-item	https://raw.githubusercontent.com/github/rest-api-description/3cef12e8a02d612ad032473d4fb87266f2befeae/descriptions/ghes-3.18/dereferenced/ghes-3.18.deref.yaml	3cef12e8a02d612ad032473d4fb87266f2befeae	d6c4f3fd8fe6cc755aff377855ac49705d747e6d374198c5859385804c4ba11d	2	pass	pass	not-run: key closed by found witness jentic/apis/openapi/cradl.ai/main/2026-01-28T09:00:46Z/meta/import/input-bundle.json	not-owed	witness-search-vendor-portals/records.tsv:184
vendor-portals	anyof-array-variant-struct-item	https://raw.githubusercontent.com/github/rest-api-description/3cef12e8a02d612ad032473d4fb87266f2befeae/descriptions/ghes-3.19/dereferenced/ghes-3.19.2022-11-28.deref.json	3cef12e8a02d612ad032473d4fb87266f2befeae	43a298485c868ee27ecab465ce000489d2146481635055b28aac73381697d23d	2	pass	pass	not-run: key closed by found witness jentic/apis/openapi/cradl.ai/main/2026-01-28T09:00:46Z/meta/import/input-bundle.json	not-owed	witness-search-vendor-portals/records.tsv:185
vendor-portals	anyof-array-variant-struct-item	https://raw.githubusercontent.com/github/rest-api-description/3cef12e8a02d612ad032473d4fb87266f2befeae/descriptions/ghes-3.19/dereferenced/ghes-3.19.2022-11-28.deref.yaml	3cef12e8a02d612ad032473d4fb87266f2befeae	86bbad87c83e4aa6575cd3895bd937ed5e29c85d2c8111d764b9aef8f5720a6b	2	pass	pass	not-run: key closed by found witness jentic/apis/openapi/cradl.ai/main/2026-01-28T09:00:46Z/meta/import/input-bundle.json	not-owed	witness-search-vendor-portals/records.tsv:186
vendor-portals	anyof-array-variant-struct-item	https://raw.githubusercontent.com/github/rest-api-description/3cef12e8a02d612ad032473d4fb87266f2befeae/descriptions/ghes-3.19/dereferenced/ghes-3.19.deref.json	3cef12e8a02d612ad032473d4fb87266f2befeae	43a298485c868ee27ecab465ce000489d2146481635055b28aac73381697d23d	2	pass	pass	not-run: key closed by found witness jentic/apis/openapi/cradl.ai/main/2026-01-28T09:00:46Z/meta/import/input-bundle.json	not-owed	witness-search-vendor-portals/records.tsv:187
vendor-portals	anyof-array-variant-struct-item	https://raw.githubusercontent.com/github/rest-api-description/3cef12e8a02d612ad032473d4fb87266f2befeae/descriptions/ghes-3.19/dereferenced/ghes-3.19.deref.yaml	3cef12e8a02d612ad032473d4fb87266f2befeae	86bbad87c83e4aa6575cd3895bd937ed5e29c85d2c8111d764b9aef8f5720a6b	2	pass	pass	not-run: key closed by found witness jentic/apis/openapi/cradl.ai/main/2026-01-28T09:00:46Z/meta/import/input-bundle.json	not-owed	witness-search-vendor-portals/records.tsv:188
vendor-portals	anyof-array-variant-struct-item	https://raw.githubusercontent.com/github/rest-api-description/3cef12e8a02d612ad032473d4fb87266f2befeae/descriptions/ghes-3.2/dereferenced/ghes-3.2.deref.json	3cef12e8a02d612ad032473d4fb87266f2befeae	727403578474feefb538ca68628ce1424a45b4afc9305700c4fd648fca8a9896	2	pass	pass	not-run: key closed by found witness jentic/apis/openapi/cradl.ai/main/2026-01-28T09:00:46Z/meta/import/input-bundle.json	not-owed	witness-search-vendor-portals/records.tsv:189
vendor-portals	anyof-array-variant-struct-item	https://raw.githubusercontent.com/github/rest-api-description/3cef12e8a02d612ad032473d4fb87266f2befeae/descriptions/ghes-3.2/dereferenced/ghes-3.2.deref.yaml	3cef12e8a02d612ad032473d4fb87266f2befeae	9a65270fb2692dff551839fac8461fdfb8473b0f474882427909a841918d49b8	2	pass	pass	not-run: key closed by found witness jentic/apis/openapi/cradl.ai/main/2026-01-28T09:00:46Z/meta/import/input-bundle.json	not-owed	witness-search-vendor-portals/records.tsv:190
vendor-portals	anyof-array-variant-struct-item	https://raw.githubusercontent.com/github/rest-api-description/3cef12e8a02d612ad032473d4fb87266f2befeae/descriptions/ghes-3.20/dereferenced/ghes-3.20.2022-11-28.deref.json	3cef12e8a02d612ad032473d4fb87266f2befeae	79c3b9993e11136d007d9b0bee661534752e0c9027c233cb007e9ffc6409e263	2	pass	pass	not-run: key closed by found witness jentic/apis/openapi/cradl.ai/main/2026-01-28T09:00:46Z/meta/import/input-bundle.json	not-owed	witness-search-vendor-portals/records.tsv:191
vendor-portals	anyof-array-variant-struct-item	https://raw.githubusercontent.com/github/rest-api-description/3cef12e8a02d612ad032473d4fb87266f2befeae/descriptions/ghes-3.20/dereferenced/ghes-3.20.2022-11-28.deref.yaml	3cef12e8a02d612ad032473d4fb87266f2befeae	6814206fba50628d85d480d55159b119d177f2513565975006d1441243980eef	2	pass	pass	not-run: key closed by found witness jentic/apis/openapi/cradl.ai/main/2026-01-28T09:00:46Z/meta/import/input-bundle.json	not-owed	witness-search-vendor-portals/records.tsv:192
vendor-portals	anyof-array-variant-struct-item	https://raw.githubusercontent.com/github/rest-api-description/3cef12e8a02d612ad032473d4fb87266f2befeae/descriptions/ghes-3.20/dereferenced/ghes-3.20.deref.json	3cef12e8a02d612ad032473d4fb87266f2befeae	79c3b9993e11136d007d9b0bee661534752e0c9027c233cb007e9ffc6409e263	2	pass	pass	not-run: key closed by found witness jentic/apis/openapi/cradl.ai/main/2026-01-28T09:00:46Z/meta/import/input-bundle.json	not-owed	witness-search-vendor-portals/records.tsv:193
vendor-portals	anyof-array-variant-struct-item	https://raw.githubusercontent.com/github/rest-api-description/3cef12e8a02d612ad032473d4fb87266f2befeae/descriptions/ghes-3.20/dereferenced/ghes-3.20.deref.yaml	3cef12e8a02d612ad032473d4fb87266f2befeae	6814206fba50628d85d480d55159b119d177f2513565975006d1441243980eef	2	pass	pass	not-run: key closed by found witness jentic/apis/openapi/cradl.ai/main/2026-01-28T09:00:46Z/meta/import/input-bundle.json	not-owed	witness-search-vendor-portals/records.tsv:194
vendor-portals	anyof-array-variant-struct-item	https://raw.githubusercontent.com/github/rest-api-description/3cef12e8a02d612ad032473d4fb87266f2befeae/descriptions/ghes-3.21/dereferenced/ghes-3.21.2022-11-28.deref.json	3cef12e8a02d612ad032473d4fb87266f2befeae	442836483eb1ece5227bda948df89d0bfe8a5662680e22ad2eb51a5d652c4fb7	2	pass	pass	not-run: key closed by found witness jentic/apis/openapi/cradl.ai/main/2026-01-28T09:00:46Z/meta/import/input-bundle.json	not-owed	witness-search-vendor-portals/records.tsv:195
vendor-portals	anyof-array-variant-struct-item	https://raw.githubusercontent.com/github/rest-api-description/3cef12e8a02d612ad032473d4fb87266f2befeae/descriptions/ghes-3.21/dereferenced/ghes-3.21.2022-11-28.deref.yaml	3cef12e8a02d612ad032473d4fb87266f2befeae	6e2c43bf898311f09a5c73102d25614a2028a9fc5bf2bd0b63f985f1ede8c481	2	pass	pass	not-run: key closed by found witness jentic/apis/openapi/cradl.ai/main/2026-01-28T09:00:46Z/meta/import/input-bundle.json	not-owed	witness-search-vendor-portals/records.tsv:196
vendor-portals	anyof-array-variant-struct-item	https://raw.githubusercontent.com/github/rest-api-description/3cef12e8a02d612ad032473d4fb87266f2befeae/descriptions/ghes-3.21/dereferenced/ghes-3.21.2026-03-10.deref.json	3cef12e8a02d612ad032473d4fb87266f2befeae	dc65a747279e1acba7395bad6ffc8c9e41a4a74dd3f10c34ac994e9fae053f9b	2	pass	pass	not-run: key closed by found witness jentic/apis/openapi/cradl.ai/main/2026-01-28T09:00:46Z/meta/import/input-bundle.json	not-owed	witness-search-vendor-portals/records.tsv:197
vendor-portals	anyof-array-variant-struct-item	https://raw.githubusercontent.com/github/rest-api-description/3cef12e8a02d612ad032473d4fb87266f2befeae/descriptions/ghes-3.21/dereferenced/ghes-3.21.2026-03-10.deref.yaml	3cef12e8a02d612ad032473d4fb87266f2befeae	4965b7388bebd95c137fe131886aeba91db0dd8561ea4b885df8e53511f146af	2	pass	pass	not-run: key closed by found witness jentic/apis/openapi/cradl.ai/main/2026-01-28T09:00:46Z/meta/import/input-bundle.json	not-owed	witness-search-vendor-portals/records.tsv:198
vendor-portals	anyof-array-variant-struct-item	https://raw.githubusercontent.com/github/rest-api-description/3cef12e8a02d612ad032473d4fb87266f2befeae/descriptions/ghes-3.21/dereferenced/ghes-3.21.deref.json	3cef12e8a02d612ad032473d4fb87266f2befeae	88866cce01094ddbd99ffd5d5b09e67a504135ac127714063f7ce1ed638a6d97	2	pass	pass	not-run: key closed by found witness jentic/apis/openapi/cradl.ai/main/2026-01-28T09:00:46Z/meta/import/input-bundle.json	not-owed	witness-search-vendor-portals/records.tsv:199
vendor-portals	anyof-array-variant-struct-item	https://raw.githubusercontent.com/github/rest-api-description/3cef12e8a02d612ad032473d4fb87266f2befeae/descriptions/ghes-3.21/dereferenced/ghes-3.21.deref.yaml	3cef12e8a02d612ad032473d4fb87266f2befeae	cffb83b4ce0874c105875cc9427ebf7f4588bf3806bfcedc849459d16b517157	2	pass	pass	not-run: key closed by found witness jentic/apis/openapi/cradl.ai/main/2026-01-28T09:00:46Z/meta/import/input-bundle.json	not-owed	witness-search-vendor-portals/records.tsv:200
vendor-portals	anyof-array-variant-struct-item	https://raw.githubusercontent.com/github/rest-api-description/3cef12e8a02d612ad032473d4fb87266f2befeae/descriptions/ghes-3.22/dereferenced/ghes-3.22.2022-11-28.deref.json	3cef12e8a02d612ad032473d4fb87266f2befeae	f99afe7ec7c4ab6074522f82ab2831743fe8225d00590cf9afd216f5f4bd661d	2	pass	pass	not-run: key closed by found witness jentic/apis/openapi/cradl.ai/main/2026-01-28T09:00:46Z/meta/import/input-bundle.json	not-owed	witness-search-vendor-portals/records.tsv:201
vendor-portals	anyof-array-variant-struct-item	https://raw.githubusercontent.com/github/rest-api-description/3cef12e8a02d612ad032473d4fb87266f2befeae/descriptions/ghes-3.22/dereferenced/ghes-3.22.2022-11-28.deref.yaml	3cef12e8a02d612ad032473d4fb87266f2befeae	0e29c9d6557824c5239978595abfb4b03cdcbe1c51031796ceb73bb3917e473b	2	pass	pass	not-run: key closed by found witness jentic/apis/openapi/cradl.ai/main/2026-01-28T09:00:46Z/meta/import/input-bundle.json	not-owed	witness-search-vendor-portals/records.tsv:202
vendor-portals	anyof-array-variant-struct-item	https://raw.githubusercontent.com/github/rest-api-description/3cef12e8a02d612ad032473d4fb87266f2befeae/descriptions/ghes-3.22/dereferenced/ghes-3.22.2026-03-10.deref.json	3cef12e8a02d612ad032473d4fb87266f2befeae	00b384e401c104e1f753821d922610b267ce35023ee715742f5baf50b9749296	2	pass	pass	not-run: key closed by found witness jentic/apis/openapi/cradl.ai/main/2026-01-28T09:00:46Z/meta/import/input-bundle.json	not-owed	witness-search-vendor-portals/records.tsv:203
vendor-portals	anyof-array-variant-struct-item	https://raw.githubusercontent.com/github/rest-api-description/3cef12e8a02d612ad032473d4fb87266f2befeae/descriptions/ghes-3.22/dereferenced/ghes-3.22.2026-03-10.deref.yaml	3cef12e8a02d612ad032473d4fb87266f2befeae	e53cb0a76c626a971b545cda9461ddcb1512f4f92d9626676a2c2e0916d1c3c0	2	pass	pass	not-run: key closed by found witness jentic/apis/openapi/cradl.ai/main/2026-01-28T09:00:46Z/meta/import/input-bundle.json	not-owed	witness-search-vendor-portals/records.tsv:204
vendor-portals	anyof-array-variant-struct-item	https://raw.githubusercontent.com/github/rest-api-description/3cef12e8a02d612ad032473d4fb87266f2befeae/descriptions/ghes-3.22/dereferenced/ghes-3.22.deref.json	3cef12e8a02d612ad032473d4fb87266f2befeae	dbe40d72c796f9ebd58e283d2885458225476bffdb47268b34f74899675fb3fe	2	pass	pass	not-run: key closed by found witness jentic/apis/openapi/cradl.ai/main/2026-01-28T09:00:46Z/meta/import/input-bundle.json	not-owed	witness-search-vendor-portals/records.tsv:205
vendor-portals	anyof-array-variant-struct-item	https://raw.githubusercontent.com/github/rest-api-description/3cef12e8a02d612ad032473d4fb87266f2befeae/descriptions/ghes-3.22/dereferenced/ghes-3.22.deref.yaml	3cef12e8a02d612ad032473d4fb87266f2befeae	0d39a7b2db763cce8a2e75500ecc2327a1aada950516c4d60ec3599ee104e970	2	pass	pass	not-run: key closed by found witness jentic/apis/openapi/cradl.ai/main/2026-01-28T09:00:46Z/meta/import/input-bundle.json	not-owed	witness-search-vendor-portals/records.tsv:206
vendor-portals	anyof-array-variant-struct-item	https://raw.githubusercontent.com/github/rest-api-description/3cef12e8a02d612ad032473d4fb87266f2befeae/descriptions/ghes-3.3/dereferenced/ghes-3.3.deref.json	3cef12e8a02d612ad032473d4fb87266f2befeae	fcdfffd3315af845655d92f2b37632cf4d9cd33afa5ae34112ef2156563baaa3	2	pass	pass	not-run: key closed by found witness jentic/apis/openapi/cradl.ai/main/2026-01-28T09:00:46Z/meta/import/input-bundle.json	not-owed	witness-search-vendor-portals/records.tsv:207
vendor-portals	anyof-array-variant-struct-item	https://raw.githubusercontent.com/github/rest-api-description/3cef12e8a02d612ad032473d4fb87266f2befeae/descriptions/ghes-3.3/dereferenced/ghes-3.3.deref.yaml	3cef12e8a02d612ad032473d4fb87266f2befeae	6cd590f4235f9aa6020009f667b090f08e84b0c560a91051c6b6ea3df5689159	2	pass	pass	not-run: key closed by found witness jentic/apis/openapi/cradl.ai/main/2026-01-28T09:00:46Z/meta/import/input-bundle.json	not-owed	witness-search-vendor-portals/records.tsv:208
vendor-portals	anyof-array-variant-struct-item	https://raw.githubusercontent.com/github/rest-api-description/3cef12e8a02d612ad032473d4fb87266f2befeae/descriptions/ghes-3.4/dereferenced/ghes-3.4.deref.json	3cef12e8a02d612ad032473d4fb87266f2befeae	98450480b3d1e889837281000ed048d68444475cf1b969f2f70e7516d7ca6120	2	pass	pass	not-run: key closed by found witness jentic/apis/openapi/cradl.ai/main/2026-01-28T09:00:46Z/meta/import/input-bundle.json	not-owed	witness-search-vendor-portals/records.tsv:209
vendor-portals	anyof-array-variant-struct-item	https://raw.githubusercontent.com/github/rest-api-description/3cef12e8a02d612ad032473d4fb87266f2befeae/descriptions/ghes-3.4/dereferenced/ghes-3.4.deref.yaml	3cef12e8a02d612ad032473d4fb87266f2befeae	1cb2d8037e558318a71033d6256e490cc27c385d29771d5979eb39c57ded1e15	2	pass	pass	not-run: key closed by found witness jentic/apis/openapi/cradl.ai/main/2026-01-28T09:00:46Z/meta/import/input-bundle.json	not-owed	witness-search-vendor-portals/records.tsv:210
vendor-portals	anyof-array-variant-struct-item	https://raw.githubusercontent.com/github/rest-api-description/3cef12e8a02d612ad032473d4fb87266f2befeae/descriptions/ghes-3.5/dereferenced/ghes-3.5.deref.json	3cef12e8a02d612ad032473d4fb87266f2befeae	7b03be54b9bbb8daf756a3ed434abfdaa441dc10c93c42d3453e06f1a77f990b	2	pass	pass	not-run: key closed by found witness jentic/apis/openapi/cradl.ai/main/2026-01-28T09:00:46Z/meta/import/input-bundle.json	not-owed	witness-search-vendor-portals/records.tsv:211
vendor-portals	anyof-array-variant-struct-item	https://raw.githubusercontent.com/github/rest-api-description/3cef12e8a02d612ad032473d4fb87266f2befeae/descriptions/ghes-3.5/dereferenced/ghes-3.5.deref.yaml	3cef12e8a02d612ad032473d4fb87266f2befeae	209ef4eef1adc0967e63706942a3f475f49b4297237a84efb876547913233634	2	pass	pass	not-run: key closed by found witness jentic/apis/openapi/cradl.ai/main/2026-01-28T09:00:46Z/meta/import/input-bundle.json	not-owed	witness-search-vendor-portals/records.tsv:212
vendor-portals	anyof-array-variant-struct-item	https://raw.githubusercontent.com/github/rest-api-description/3cef12e8a02d612ad032473d4fb87266f2befeae/descriptions/ghes-3.6/dereferenced/ghes-3.6.deref.json	3cef12e8a02d612ad032473d4fb87266f2befeae	29adc94c7032187cbb0d2cfb1972a3d49e5118109038d5ad19f12f6c9649d69c	2	pass	pass	not-run: key closed by found witness jentic/apis/openapi/cradl.ai/main/2026-01-28T09:00:46Z/meta/import/input-bundle.json	not-owed	witness-search-vendor-portals/records.tsv:213
vendor-portals	anyof-array-variant-struct-item	https://raw.githubusercontent.com/github/rest-api-description/3cef12e8a02d612ad032473d4fb87266f2befeae/descriptions/ghes-3.6/dereferenced/ghes-3.6.deref.yaml	3cef12e8a02d612ad032473d4fb87266f2befeae	d04e48aef029f032468df6a23a06e2cdab610050632ec3943e4738a005a30865	2	pass	pass	not-run: key closed by found witness jentic/apis/openapi/cradl.ai/main/2026-01-28T09:00:46Z/meta/import/input-bundle.json	not-owed	witness-search-vendor-portals/records.tsv:214
vendor-portals	anyof-array-variant-struct-item	https://raw.githubusercontent.com/github/rest-api-description/3cef12e8a02d612ad032473d4fb87266f2befeae/descriptions/ghes-3.7/dereferenced/ghes-3.7.deref.json	3cef12e8a02d612ad032473d4fb87266f2befeae	51c62f3349ddca9dee52548746fdaf2137f5c61df90eec0f99ad7853156ed2ba	2	pass	pass	not-run: key closed by found witness jentic/apis/openapi/cradl.ai/main/2026-01-28T09:00:46Z/meta/import/input-bundle.json	not-owed	witness-search-vendor-portals/records.tsv:215
vendor-portals	anyof-array-variant-struct-item	https://raw.githubusercontent.com/github/rest-api-description/3cef12e8a02d612ad032473d4fb87266f2befeae/descriptions/ghes-3.7/dereferenced/ghes-3.7.deref.yaml	3cef12e8a02d612ad032473d4fb87266f2befeae	1b2c8f8c50d6e565b3823e85791c2548fa1347c2dfc65accd5542d2ef6986fe9	2	pass	pass	not-run: key closed by found witness jentic/apis/openapi/cradl.ai/main/2026-01-28T09:00:46Z/meta/import/input-bundle.json	not-owed	witness-search-vendor-portals/records.tsv:216
vendor-portals	anyof-array-variant-struct-item	https://raw.githubusercontent.com/github/rest-api-description/3cef12e8a02d612ad032473d4fb87266f2befeae/descriptions/ghes-3.8/dereferenced/ghes-3.8.deref.json	3cef12e8a02d612ad032473d4fb87266f2befeae	0dec79f9688b959b53de8630f1fb9faf3cf7a61684b94519d32543bd85afcfe3	2	pass	pass	not-run: key closed by found witness jentic/apis/openapi/cradl.ai/main/2026-01-28T09:00:46Z/meta/import/input-bundle.json	not-owed	witness-search-vendor-portals/records.tsv:217
vendor-portals	anyof-array-variant-struct-item	https://raw.githubusercontent.com/github/rest-api-description/3cef12e8a02d612ad032473d4fb87266f2befeae/descriptions/ghes-3.8/dereferenced/ghes-3.8.deref.yaml	3cef12e8a02d612ad032473d4fb87266f2befeae	741a104be4d7f1373dca1a68d0eb1ca4b7ea505d26682fb1043a83359f3b5337	2	pass	pass	not-run: key closed by found witness jentic/apis/openapi/cradl.ai/main/2026-01-28T09:00:46Z/meta/import/input-bundle.json	not-owed	witness-search-vendor-portals/records.tsv:218
vendor-portals	anyof-array-variant-struct-item	https://raw.githubusercontent.com/github/rest-api-description/3cef12e8a02d612ad032473d4fb87266f2befeae/descriptions/ghes-3.9/dereferenced/ghes-3.9.2022-11-28.deref.json	3cef12e8a02d612ad032473d4fb87266f2befeae	b1f09d6132c289107d206268f99469a69df6179fca603aeb4a153e5c3519af50	2	pass	pass	not-run: key closed by found witness jentic/apis/openapi/cradl.ai/main/2026-01-28T09:00:46Z/meta/import/input-bundle.json	not-owed	witness-search-vendor-portals/records.tsv:219
vendor-portals	anyof-array-variant-struct-item	https://raw.githubusercontent.com/github/rest-api-description/3cef12e8a02d612ad032473d4fb87266f2befeae/descriptions/ghes-3.9/dereferenced/ghes-3.9.2022-11-28.deref.yaml	3cef12e8a02d612ad032473d4fb87266f2befeae	5f412f53e90a25532fdb1387ab07004373eed07b32808b2f742252482db3c31a	2	pass	pass	not-run: key closed by found witness jentic/apis/openapi/cradl.ai/main/2026-01-28T09:00:46Z/meta/import/input-bundle.json	not-owed	witness-search-vendor-portals/records.tsv:220
vendor-portals	anyof-array-variant-struct-item	https://raw.githubusercontent.com/github/rest-api-description/3cef12e8a02d612ad032473d4fb87266f2befeae/descriptions/ghes-3.9/dereferenced/ghes-3.9.deref.json	3cef12e8a02d612ad032473d4fb87266f2befeae	b1f09d6132c289107d206268f99469a69df6179fca603aeb4a153e5c3519af50	2	pass	pass	not-run: key closed by found witness jentic/apis/openapi/cradl.ai/main/2026-01-28T09:00:46Z/meta/import/input-bundle.json	not-owed	witness-search-vendor-portals/records.tsv:221
vendor-portals	anyof-array-variant-struct-item	https://raw.githubusercontent.com/github/rest-api-description/3cef12e8a02d612ad032473d4fb87266f2befeae/descriptions/ghes-3.9/dereferenced/ghes-3.9.deref.yaml	3cef12e8a02d612ad032473d4fb87266f2befeae	5f412f53e90a25532fdb1387ab07004373eed07b32808b2f742252482db3c31a	2	pass	pass	not-run: key closed by found witness jentic/apis/openapi/cradl.ai/main/2026-01-28T09:00:46Z/meta/import/input-bundle.json	not-owed	witness-search-vendor-portals/records.tsv:222
jentic	anyof-array-variant-struct-item	https://raw.githubusercontent.com/jentic/jentic-public-apis/eb9d12a2684b0fbcb5aecf51e8ae54dba0929743/apis/openapi/cloudflare.com/main/4.0.0/meta/import/input-bundle.json	eb9d12a2684b0fbcb5aecf51e8ae54dba0929743	38b1209900e52de20213b0f486937f022f51b9ed814ae19bbdf661e89454a1b7	9	failed: aggregation grant admitted; publisher grant unproven (document licence: none); jentic redistribution: CC0-1.0	not-run: licence screen failed	not-run: licence screen failed	rejected	witness-search-jentic/records.tsv:135
jentic	anyof-array-variant-struct-item	https://raw.githubusercontent.com/jentic/jentic-public-apis/eb9d12a2684b0fbcb5aecf51e8ae54dba0929743/apis/openapi/cloudflare.com/main/4.0.0/meta/import/input-entry.json	eb9d12a2684b0fbcb5aecf51e8ae54dba0929743	b8a3425257222511aa6b955b982cf481dad1b77f03614ea3b768b6aa2a770b31	9	failed: aggregation grant admitted; publisher grant unproven (document licence: none); jentic redistribution: CC0-1.0	not-run: licence screen failed	not-run: licence screen failed	rejected	witness-search-jentic/records.tsv:136
jentic	anyof-array-variant-struct-item	https://raw.githubusercontent.com/jentic/jentic-public-apis/eb9d12a2684b0fbcb5aecf51e8ae54dba0929743/apis/openapi/cloudflare.com/main/4.0.0/meta/import/output-bundle.json	eb9d12a2684b0fbcb5aecf51e8ae54dba0929743	38b1209900e52de20213b0f486937f022f51b9ed814ae19bbdf661e89454a1b7	9	failed: aggregation grant admitted; publisher grant unproven (document licence: none); jentic redistribution: CC0-1.0	not-run: licence screen failed	not-run: licence screen failed	rejected	witness-search-jentic/records.tsv:137
jentic	anyof-array-variant-struct-item	https://raw.githubusercontent.com/jentic/jentic-public-apis/eb9d12a2684b0fbcb5aecf51e8ae54dba0929743/apis/openapi/cloudflare.com/main/4.0.0/meta/import/output-entry.json	eb9d12a2684b0fbcb5aecf51e8ae54dba0929743	b8a3425257222511aa6b955b982cf481dad1b77f03614ea3b768b6aa2a770b31	9	failed: aggregation grant admitted; publisher grant unproven (document licence: none); jentic redistribution: CC0-1.0	not-run: licence screen failed	not-run: licence screen failed	rejected	witness-search-jentic/records.tsv:138
jentic	anyof-array-variant-struct-item	https://raw.githubusercontent.com/jentic/jentic-public-apis/eb9d12a2684b0fbcb5aecf51e8ae54dba0929743/apis/openapi/cloudflare.com/main/4.0.0/openapi.json	eb9d12a2684b0fbcb5aecf51e8ae54dba0929743	007fc39ac57873d75305243cee61e5d358c12b975bfbbee6ba0894126e820b0e	9	failed: aggregation grant admitted; publisher grant unproven (document licence: none); jentic redistribution: CC0-1.0	not-run: licence screen failed	not-run: licence screen failed	rejected	witness-search-jentic/records.tsv:139
jentic	anyof-array-variant-struct-item	https://raw.githubusercontent.com/jentic/jentic-public-apis/eb9d12a2684b0fbcb5aecf51e8ae54dba0929743/apis/openapi/cradl.ai/main/2026-01-28T09%3A00%3A46Z/meta/import/input-bundle.json	eb9d12a2684b0fbcb5aecf51e8ae54dba0929743	57c5f7cf776da457b2170e3e02e22458c1e35a6d16c35a3058ed158dca8c405c	1	pass	pass	pass	byte-identical to CORPUS row 163, sha256 57c5f7cf776da457b2170e3e02e22458c1e35a6d16c35a3058ed158dca8c405c	witness-search-jentic/records.tsv:140
jentic	anyof-array-variant-struct-item	https://raw.githubusercontent.com/jentic/jentic-public-apis/eb9d12a2684b0fbcb5aecf51e8ae54dba0929743/apis/openapi/cradl.ai/main/2026-01-28T09%3A00%3A46Z/meta/import/input-entry.json	eb9d12a2684b0fbcb5aecf51e8ae54dba0929743	57c5f7cf776da457b2170e3e02e22458c1e35a6d16c35a3058ed158dca8c405c	1	pass	pass	pass	byte-identical to CORPUS row 163, sha256 57c5f7cf776da457b2170e3e02e22458c1e35a6d16c35a3058ed158dca8c405c	witness-search-jentic/records.tsv:141
jentic	anyof-array-variant-struct-item	https://raw.githubusercontent.com/jentic/jentic-public-apis/eb9d12a2684b0fbcb5aecf51e8ae54dba0929743/apis/openapi/cradl.ai/main/2026-01-28T09%3A00%3A46Z/meta/import/output-bundle.json	eb9d12a2684b0fbcb5aecf51e8ae54dba0929743	57c5f7cf776da457b2170e3e02e22458c1e35a6d16c35a3058ed158dca8c405c	1	pass	pass	pass	byte-identical to CORPUS row 163, sha256 57c5f7cf776da457b2170e3e02e22458c1e35a6d16c35a3058ed158dca8c405c	witness-search-jentic/records.tsv:142
jentic	anyof-array-variant-struct-item	https://raw.githubusercontent.com/jentic/jentic-public-apis/eb9d12a2684b0fbcb5aecf51e8ae54dba0929743/apis/openapi/cradl.ai/main/2026-01-28T09%3A00%3A46Z/meta/import/output-entry.json	eb9d12a2684b0fbcb5aecf51e8ae54dba0929743	57c5f7cf776da457b2170e3e02e22458c1e35a6d16c35a3058ed158dca8c405c	1	pass	pass	pass	byte-identical to CORPUS row 163, sha256 57c5f7cf776da457b2170e3e02e22458c1e35a6d16c35a3058ed158dca8c405c	witness-search-jentic/records.tsv:143
jentic	anyof-array-variant-struct-item	https://raw.githubusercontent.com/jentic/jentic-public-apis/eb9d12a2684b0fbcb5aecf51e8ae54dba0929743/apis/openapi/cradl.ai/main/2026-01-28T09%3A00%3A46Z/openapi.json	eb9d12a2684b0fbcb5aecf51e8ae54dba0929743	57c5f7cf776da457b2170e3e02e22458c1e35a6d16c35a3058ed158dca8c405c	1	pass	pass	pass	not-owed	witness-search-jentic/records.tsv:144
jentic	anyof-array-variant-struct-item	https://raw.githubusercontent.com/jentic/jentic-public-apis/eb9d12a2684b0fbcb5aecf51e8ae54dba0929743/apis/openapi/elastic.co/kibana/1.0/meta/import/input-bundle.json	eb9d12a2684b0fbcb5aecf51e8ae54dba0929743	074048fe12ed07ed40e24d6ff027c480745d1ffe51bd07e86e5d24491b5031e2	20	pass	pass	failed: concrete diagnostic below	rejected	witness-search-jentic/records.tsv:145
jentic	anyof-array-variant-struct-item	https://raw.githubusercontent.com/jentic/jentic-public-apis/eb9d12a2684b0fbcb5aecf51e8ae54dba0929743/apis/openapi/elastic.co/kibana/1.0/meta/import/input-entry.json	eb9d12a2684b0fbcb5aecf51e8ae54dba0929743	074048fe12ed07ed40e24d6ff027c480745d1ffe51bd07e86e5d24491b5031e2	20	pass	pass	failed: concrete diagnostic below	rejected	witness-search-jentic/records.tsv:146
jentic	anyof-array-variant-struct-item	https://raw.githubusercontent.com/jentic/jentic-public-apis/eb9d12a2684b0fbcb5aecf51e8ae54dba0929743/apis/openapi/elastic.co/kibana/1.0/meta/import/output-bundle.json	eb9d12a2684b0fbcb5aecf51e8ae54dba0929743	074048fe12ed07ed40e24d6ff027c480745d1ffe51bd07e86e5d24491b5031e2	20	pass	pass	failed: concrete diagnostic below	rejected	witness-search-jentic/records.tsv:147
jentic	anyof-array-variant-struct-item	https://raw.githubusercontent.com/jentic/jentic-public-apis/eb9d12a2684b0fbcb5aecf51e8ae54dba0929743/apis/openapi/elastic.co/kibana/1.0/meta/import/output-entry.json	eb9d12a2684b0fbcb5aecf51e8ae54dba0929743	074048fe12ed07ed40e24d6ff027c480745d1ffe51bd07e86e5d24491b5031e2	20	pass	pass	failed: concrete diagnostic below	rejected	witness-search-jentic/records.tsv:148
jentic	anyof-array-variant-struct-item	https://raw.githubusercontent.com/jentic/jentic-public-apis/eb9d12a2684b0fbcb5aecf51e8ae54dba0929743/apis/openapi/elastic.co/kibana/1.0/openapi.json	eb9d12a2684b0fbcb5aecf51e8ae54dba0929743	074048fe12ed07ed40e24d6ff027c480745d1ffe51bd07e86e5d24491b5031e2	20	pass	pass	failed: concrete diagnostic below	rejected	witness-search-jentic/records.tsv:149
jentic	anyof-array-variant-struct-item	https://raw.githubusercontent.com/jentic/jentic-public-apis/eb9d12a2684b0fbcb5aecf51e8ae54dba0929743/apis/openapi/exa.ai/main/2.0.0/meta/import/input-bundle.json	eb9d12a2684b0fbcb5aecf51e8ae54dba0929743	02516c6e9eddb9432ad4dfda2c62dc2130c928df1e81be1909c3d94ef400220d	1	failed: aggregation grant admitted; publisher grant unproven (document licence: none); jentic redistribution: CC0-1.0	not-run: licence screen failed	not-run: licence screen failed	rejected	witness-search-jentic/records.tsv:150
jentic	anyof-array-variant-struct-item	https://raw.githubusercontent.com/jentic/jentic-public-apis/eb9d12a2684b0fbcb5aecf51e8ae54dba0929743/apis/openapi/exa.ai/main/2.0.0/meta/import/input-entry.json	eb9d12a2684b0fbcb5aecf51e8ae54dba0929743	02516c6e9eddb9432ad4dfda2c62dc2130c928df1e81be1909c3d94ef400220d	1	failed: aggregation grant admitted; publisher grant unproven (document licence: none); jentic redistribution: CC0-1.0	not-run: licence screen failed	not-run: licence screen failed	rejected	witness-search-jentic/records.tsv:151
jentic	anyof-array-variant-struct-item	https://raw.githubusercontent.com/jentic/jentic-public-apis/eb9d12a2684b0fbcb5aecf51e8ae54dba0929743/apis/openapi/exa.ai/main/2.0.0/meta/import/output-bundle.json	eb9d12a2684b0fbcb5aecf51e8ae54dba0929743	02516c6e9eddb9432ad4dfda2c62dc2130c928df1e81be1909c3d94ef400220d	1	failed: aggregation grant admitted; publisher grant unproven (document licence: none); jentic redistribution: CC0-1.0	not-run: licence screen failed	not-run: licence screen failed	rejected	witness-search-jentic/records.tsv:152
jentic	anyof-array-variant-struct-item	https://raw.githubusercontent.com/jentic/jentic-public-apis/eb9d12a2684b0fbcb5aecf51e8ae54dba0929743/apis/openapi/exa.ai/main/2.0.0/meta/import/output-entry.json	eb9d12a2684b0fbcb5aecf51e8ae54dba0929743	02516c6e9eddb9432ad4dfda2c62dc2130c928df1e81be1909c3d94ef400220d	1	failed: aggregation grant admitted; publisher grant unproven (document licence: none); jentic redistribution: CC0-1.0	not-run: licence screen failed	not-run: licence screen failed	rejected	witness-search-jentic/records.tsv:153
jentic	anyof-array-variant-struct-item	https://raw.githubusercontent.com/jentic/jentic-public-apis/eb9d12a2684b0fbcb5aecf51e8ae54dba0929743/apis/openapi/exa.ai/main/2.0.0/openapi.json	eb9d12a2684b0fbcb5aecf51e8ae54dba0929743	02516c6e9eddb9432ad4dfda2c62dc2130c928df1e81be1909c3d94ef400220d	1	failed: aggregation grant admitted; publisher grant unproven (document licence: none); jentic redistribution: CC0-1.0	not-run: licence screen failed	not-run: licence screen failed	rejected	witness-search-jentic/records.tsv:154
jentic	anyof-array-variant-struct-item	https://raw.githubusercontent.com/jentic/jentic-public-apis/eb9d12a2684b0fbcb5aecf51e8ae54dba0929743/apis/openapi/fergus.com/fergus-api/v1/meta/import/input-bundle.json	eb9d12a2684b0fbcb5aecf51e8ae54dba0929743	b9dbaaa79cc40aa39c782aa9ec96c746ab9392b514e97e5ebe56311d3ad315e5	8	pass	pass	pass	byte-identical to CORPUS row 149, sha256 b9dbaaa79cc40aa39c782aa9ec96c746ab9392b514e97e5ebe56311d3ad315e5	witness-search-jentic/records.tsv:155
jentic	anyof-array-variant-struct-item	https://raw.githubusercontent.com/jentic/jentic-public-apis/eb9d12a2684b0fbcb5aecf51e8ae54dba0929743/apis/openapi/fergus.com/fergus-api/v1/meta/import/input-entry.json	eb9d12a2684b0fbcb5aecf51e8ae54dba0929743	b9dbaaa79cc40aa39c782aa9ec96c746ab9392b514e97e5ebe56311d3ad315e5	8	pass	pass	pass	byte-identical to CORPUS row 149, sha256 b9dbaaa79cc40aa39c782aa9ec96c746ab9392b514e97e5ebe56311d3ad315e5	witness-search-jentic/records.tsv:156
jentic	anyof-array-variant-struct-item	https://raw.githubusercontent.com/jentic/jentic-public-apis/eb9d12a2684b0fbcb5aecf51e8ae54dba0929743/apis/openapi/fergus.com/fergus-api/v1/meta/import/output-bundle.json	eb9d12a2684b0fbcb5aecf51e8ae54dba0929743	b9dbaaa79cc40aa39c782aa9ec96c746ab9392b514e97e5ebe56311d3ad315e5	8	pass	pass	pass	byte-identical to CORPUS row 149, sha256 b9dbaaa79cc40aa39c782aa9ec96c746ab9392b514e97e5ebe56311d3ad315e5	witness-search-jentic/records.tsv:157
jentic	anyof-array-variant-struct-item	https://raw.githubusercontent.com/jentic/jentic-public-apis/eb9d12a2684b0fbcb5aecf51e8ae54dba0929743/apis/openapi/fergus.com/fergus-api/v1/meta/import/output-entry.json	eb9d12a2684b0fbcb5aecf51e8ae54dba0929743	b9dbaaa79cc40aa39c782aa9ec96c746ab9392b514e97e5ebe56311d3ad315e5	8	pass	pass	pass	byte-identical to CORPUS row 149, sha256 b9dbaaa79cc40aa39c782aa9ec96c746ab9392b514e97e5ebe56311d3ad315e5	witness-search-jentic/records.tsv:158
jentic	anyof-array-variant-struct-item	https://raw.githubusercontent.com/jentic/jentic-public-apis/eb9d12a2684b0fbcb5aecf51e8ae54dba0929743/apis/openapi/fergus.com/fergus-api/v1/openapi.json	eb9d12a2684b0fbcb5aecf51e8ae54dba0929743	b9dbaaa79cc40aa39c782aa9ec96c746ab9392b514e97e5ebe56311d3ad315e5	8	pass	pass	pass	not-owed	witness-search-jentic/records.tsv:159
jentic	anyof-array-variant-struct-item	https://raw.githubusercontent.com/jentic/jentic-public-apis/eb9d12a2684b0fbcb5aecf51e8ae54dba0929743/apis/openapi/gcore.com/main/1.0.0/meta/import/input-bundle.json	eb9d12a2684b0fbcb5aecf51e8ae54dba0929743	e9e3e8c2e24db88e950ae00c1faf5cb82e43bd7853ac70d16757ac91dfd7bf45	1	failed: aggregation grant admitted; publisher grant unproven (document licence: none); jentic redistribution: CC0-1.0	not-run: licence screen failed	not-run: licence screen failed	rejected	witness-search-jentic/records.tsv:160
jentic	anyof-array-variant-struct-item	https://raw.githubusercontent.com/jentic/jentic-public-apis/eb9d12a2684b0fbcb5aecf51e8ae54dba0929743/apis/openapi/gcore.com/main/1.0.0/meta/import/input-entry.json	eb9d12a2684b0fbcb5aecf51e8ae54dba0929743	e9e3e8c2e24db88e950ae00c1faf5cb82e43bd7853ac70d16757ac91dfd7bf45	1	failed: aggregation grant admitted; publisher grant unproven (document licence: none); jentic redistribution: CC0-1.0	not-run: licence screen failed	not-run: licence screen failed	rejected	witness-search-jentic/records.tsv:161
jentic	anyof-array-variant-struct-item	https://raw.githubusercontent.com/jentic/jentic-public-apis/eb9d12a2684b0fbcb5aecf51e8ae54dba0929743/apis/openapi/gcore.com/main/1.0.0/meta/import/output-bundle.json	eb9d12a2684b0fbcb5aecf51e8ae54dba0929743	e9e3e8c2e24db88e950ae00c1faf5cb82e43bd7853ac70d16757ac91dfd7bf45	1	failed: aggregation grant admitted; publisher grant unproven (document licence: none); jentic redistribution: CC0-1.0	not-run: licence screen failed	not-run: licence screen failed	rejected	witness-search-jentic/records.tsv:162
jentic	anyof-array-variant-struct-item	https://raw.githubusercontent.com/jentic/jentic-public-apis/eb9d12a2684b0fbcb5aecf51e8ae54dba0929743/apis/openapi/gcore.com/main/1.0.0/meta/import/output-entry.json	eb9d12a2684b0fbcb5aecf51e8ae54dba0929743	e9e3e8c2e24db88e950ae00c1faf5cb82e43bd7853ac70d16757ac91dfd7bf45	1	failed: aggregation grant admitted; publisher grant unproven (document licence: none); jentic redistribution: CC0-1.0	not-run: licence screen failed	not-run: licence screen failed	rejected	witness-search-jentic/records.tsv:163
jentic	anyof-array-variant-struct-item	https://raw.githubusercontent.com/jentic/jentic-public-apis/eb9d12a2684b0fbcb5aecf51e8ae54dba0929743/apis/openapi/gcore.com/main/1.0.0/openapi.json	eb9d12a2684b0fbcb5aecf51e8ae54dba0929743	e9e3e8c2e24db88e950ae00c1faf5cb82e43bd7853ac70d16757ac91dfd7bf45	1	failed: aggregation grant admitted; publisher grant unproven (document licence: none); jentic redistribution: CC0-1.0	not-run: licence screen failed	not-run: licence screen failed	rejected	witness-search-jentic/records.tsv:164
jentic	anyof-array-variant-struct-item	https://raw.githubusercontent.com/jentic/jentic-public-apis/eb9d12a2684b0fbcb5aecf51e8ae54dba0929743/apis/openapi/huggingface.co/main/0.0.1/meta/import/input-bundle.json	eb9d12a2684b0fbcb5aecf51e8ae54dba0929743	6b26beb70fb91ee1fd2e7ae1fb99b8b7b974be9a39d832e678e8da60a5f65123	1	failed: aggregation grant admitted; publisher grant unproven (document licence: none); jentic redistribution: CC0-1.0	not-run: licence screen failed	not-run: licence screen failed	rejected	witness-search-jentic/records.tsv:165
jentic	anyof-array-variant-struct-item	https://raw.githubusercontent.com/jentic/jentic-public-apis/eb9d12a2684b0fbcb5aecf51e8ae54dba0929743/apis/openapi/huggingface.co/main/0.0.1/meta/import/input-entry.json	eb9d12a2684b0fbcb5aecf51e8ae54dba0929743	6b26beb70fb91ee1fd2e7ae1fb99b8b7b974be9a39d832e678e8da60a5f65123	1	failed: aggregation grant admitted; publisher grant unproven (document licence: none); jentic redistribution: CC0-1.0	not-run: licence screen failed	not-run: licence screen failed	rejected	witness-search-jentic/records.tsv:166
jentic	anyof-array-variant-struct-item	https://raw.githubusercontent.com/jentic/jentic-public-apis/eb9d12a2684b0fbcb5aecf51e8ae54dba0929743/apis/openapi/huggingface.co/main/0.0.1/meta/import/output-bundle.json	eb9d12a2684b0fbcb5aecf51e8ae54dba0929743	6b26beb70fb91ee1fd2e7ae1fb99b8b7b974be9a39d832e678e8da60a5f65123	1	failed: aggregation grant admitted; publisher grant unproven (document licence: none); jentic redistribution: CC0-1.0	not-run: licence screen failed	not-run: licence screen failed	rejected	witness-search-jentic/records.tsv:167
jentic	anyof-array-variant-struct-item	https://raw.githubusercontent.com/jentic/jentic-public-apis/eb9d12a2684b0fbcb5aecf51e8ae54dba0929743/apis/openapi/huggingface.co/main/0.0.1/meta/import/output-entry.json	eb9d12a2684b0fbcb5aecf51e8ae54dba0929743	6b26beb70fb91ee1fd2e7ae1fb99b8b7b974be9a39d832e678e8da60a5f65123	1	failed: aggregation grant admitted; publisher grant unproven (document licence: none); jentic redistribution: CC0-1.0	not-run: licence screen failed	not-run: licence screen failed	rejected	witness-search-jentic/records.tsv:168
jentic	anyof-array-variant-struct-item	https://raw.githubusercontent.com/jentic/jentic-public-apis/eb9d12a2684b0fbcb5aecf51e8ae54dba0929743/apis/openapi/huggingface.co/main/0.0.1/openapi.json	eb9d12a2684b0fbcb5aecf51e8ae54dba0929743	6b26beb70fb91ee1fd2e7ae1fb99b8b7b974be9a39d832e678e8da60a5f65123	1	failed: aggregation grant admitted; publisher grant unproven (document licence: none); jentic redistribution: CC0-1.0	not-run: licence screen failed	not-run: licence screen failed	rejected	witness-search-jentic/records.tsv:169
jentic	anyof-array-variant-struct-item	https://raw.githubusercontent.com/jentic/jentic-public-apis/eb9d12a2684b0fbcb5aecf51e8ae54dba0929743/apis/openapi/increase.com/main/0.0.1/meta/import/input-bundled.json	eb9d12a2684b0fbcb5aecf51e8ae54dba0929743	8439db36eba03ddf7aa92def12c6efa89e4b961e84409afde3f797c2e2c44380	3	failed: aggregation grant admitted; publisher grant unproven (document licence: none); jentic redistribution: CC0-1.0	not-run: licence screen failed	not-run: licence screen failed	rejected	witness-search-jentic/records.tsv:170
jentic	anyof-array-variant-struct-item	https://raw.githubusercontent.com/jentic/jentic-public-apis/eb9d12a2684b0fbcb5aecf51e8ae54dba0929743/apis/openapi/increase.com/main/0.0.1/meta/import/input-entry.json	eb9d12a2684b0fbcb5aecf51e8ae54dba0929743	8439db36eba03ddf7aa92def12c6efa89e4b961e84409afde3f797c2e2c44380	3	failed: aggregation grant admitted; publisher grant unproven (document licence: none); jentic redistribution: CC0-1.0	not-run: licence screen failed	not-run: licence screen failed	rejected	witness-search-jentic/records.tsv:171
jentic	anyof-array-variant-struct-item	https://raw.githubusercontent.com/jentic/jentic-public-apis/eb9d12a2684b0fbcb5aecf51e8ae54dba0929743/apis/openapi/increase.com/main/0.0.1/meta/import/output-bundled.json	eb9d12a2684b0fbcb5aecf51e8ae54dba0929743	8439db36eba03ddf7aa92def12c6efa89e4b961e84409afde3f797c2e2c44380	3	failed: aggregation grant admitted; publisher grant unproven (document licence: none); jentic redistribution: CC0-1.0	not-run: licence screen failed	not-run: licence screen failed	rejected	witness-search-jentic/records.tsv:172
jentic	anyof-array-variant-struct-item	https://raw.githubusercontent.com/jentic/jentic-public-apis/eb9d12a2684b0fbcb5aecf51e8ae54dba0929743/apis/openapi/increase.com/main/0.0.1/meta/import/output-entry.json	eb9d12a2684b0fbcb5aecf51e8ae54dba0929743	8439db36eba03ddf7aa92def12c6efa89e4b961e84409afde3f797c2e2c44380	3	failed: aggregation grant admitted; publisher grant unproven (document licence: none); jentic redistribution: CC0-1.0	not-run: licence screen failed	not-run: licence screen failed	rejected	witness-search-jentic/records.tsv:173
jentic	anyof-array-variant-struct-item	https://raw.githubusercontent.com/jentic/jentic-public-apis/eb9d12a2684b0fbcb5aecf51e8ae54dba0929743/apis/openapi/increase.com/main/0.0.1/openapi.json	eb9d12a2684b0fbcb5aecf51e8ae54dba0929743	8439db36eba03ddf7aa92def12c6efa89e4b961e84409afde3f797c2e2c44380	3	failed: aggregation grant admitted; publisher grant unproven (document licence: none); jentic redistribution: CC0-1.0	not-run: licence screen failed	not-run: licence screen failed	rejected	witness-search-jentic/records.tsv:174
jentic	anyof-array-variant-struct-item	https://raw.githubusercontent.com/jentic/jentic-public-apis/eb9d12a2684b0fbcb5aecf51e8ae54dba0929743/apis/openapi/luma.com/main/1.0.0/meta/import/input-bundle.json	eb9d12a2684b0fbcb5aecf51e8ae54dba0929743	556631f07e9994bba5bcc06690a45c43280c171a6de8b00cff99f3294477cb3d	1	failed: aggregation grant admitted; publisher grant unproven (document licence: Proprietary); jentic redistribution: CC0-1.0	not-run: licence screen failed	not-run: licence screen failed	rejected	witness-search-jentic/records.tsv:175
jentic	anyof-array-variant-struct-item	https://raw.githubusercontent.com/jentic/jentic-public-apis/eb9d12a2684b0fbcb5aecf51e8ae54dba0929743/apis/openapi/luma.com/main/1.0.0/meta/import/input-entry.json	eb9d12a2684b0fbcb5aecf51e8ae54dba0929743	556631f07e9994bba5bcc06690a45c43280c171a6de8b00cff99f3294477cb3d	1	failed: aggregation grant admitted; publisher grant unproven (document licence: Proprietary); jentic redistribution: CC0-1.0	not-run: licence screen failed	not-run: licence screen failed	rejected	witness-search-jentic/records.tsv:176
jentic	anyof-array-variant-struct-item	https://raw.githubusercontent.com/jentic/jentic-public-apis/eb9d12a2684b0fbcb5aecf51e8ae54dba0929743/apis/openapi/luma.com/main/1.0.0/meta/import/output-bundle.json	eb9d12a2684b0fbcb5aecf51e8ae54dba0929743	556631f07e9994bba5bcc06690a45c43280c171a6de8b00cff99f3294477cb3d	1	failed: aggregation grant admitted; publisher grant unproven (document licence: Proprietary); jentic redistribution: CC0-1.0	not-run: licence screen failed	not-run: licence screen failed	rejected	witness-search-jentic/records.tsv:177
jentic	anyof-array-variant-struct-item	https://raw.githubusercontent.com/jentic/jentic-public-apis/eb9d12a2684b0fbcb5aecf51e8ae54dba0929743/apis/openapi/luma.com/main/1.0.0/meta/import/output-entry.json	eb9d12a2684b0fbcb5aecf51e8ae54dba0929743	556631f07e9994bba5bcc06690a45c43280c171a6de8b00cff99f3294477cb3d	1	failed: aggregation grant admitted; publisher grant unproven (document licence: Proprietary); jentic redistribution: CC0-1.0	not-run: licence screen failed	not-run: licence screen failed	rejected	witness-search-jentic/records.tsv:178
jentic	anyof-array-variant-struct-item	https://raw.githubusercontent.com/jentic/jentic-public-apis/eb9d12a2684b0fbcb5aecf51e8ae54dba0929743/apis/openapi/luma.com/main/1.0.0/openapi.json	eb9d12a2684b0fbcb5aecf51e8ae54dba0929743	556631f07e9994bba5bcc06690a45c43280c171a6de8b00cff99f3294477cb3d	1	failed: aggregation grant admitted; publisher grant unproven (document licence: Proprietary); jentic redistribution: CC0-1.0	not-run: licence screen failed	not-run: licence screen failed	rejected	witness-search-jentic/records.tsv:179
jentic	anyof-array-variant-struct-item	https://raw.githubusercontent.com/jentic/jentic-public-apis/eb9d12a2684b0fbcb5aecf51e8ae54dba0929743/apis/openapi/openrouter.ai/main/1.0.0/meta/import/input-bundle.json	eb9d12a2684b0fbcb5aecf51e8ae54dba0929743	31ca4d028236d898027be5f24107690381c8a59500e32997a236e1e4f96c0c54	6	pass	pass	failed: concrete diagnostic below	rejected	witness-search-jentic/records.tsv:180
jentic	anyof-array-variant-struct-item	https://raw.githubusercontent.com/jentic/jentic-public-apis/eb9d12a2684b0fbcb5aecf51e8ae54dba0929743/apis/openapi/openrouter.ai/main/1.0.0/meta/import/input-entry.json	eb9d12a2684b0fbcb5aecf51e8ae54dba0929743	31ca4d028236d898027be5f24107690381c8a59500e32997a236e1e4f96c0c54	6	pass	pass	failed: concrete diagnostic below	rejected	witness-search-jentic/records.tsv:181
jentic	anyof-array-variant-struct-item	https://raw.githubusercontent.com/jentic/jentic-public-apis/eb9d12a2684b0fbcb5aecf51e8ae54dba0929743/apis/openapi/openrouter.ai/main/1.0.0/meta/import/output-bundle.json	eb9d12a2684b0fbcb5aecf51e8ae54dba0929743	31ca4d028236d898027be5f24107690381c8a59500e32997a236e1e4f96c0c54	6	pass	pass	failed: concrete diagnostic below	rejected	witness-search-jentic/records.tsv:182
jentic	anyof-array-variant-struct-item	https://raw.githubusercontent.com/jentic/jentic-public-apis/eb9d12a2684b0fbcb5aecf51e8ae54dba0929743/apis/openapi/openrouter.ai/main/1.0.0/meta/import/output-entry.json	eb9d12a2684b0fbcb5aecf51e8ae54dba0929743	31ca4d028236d898027be5f24107690381c8a59500e32997a236e1e4f96c0c54	6	pass	pass	failed: concrete diagnostic below	rejected	witness-search-jentic/records.tsv:183
jentic	anyof-array-variant-struct-item	https://raw.githubusercontent.com/jentic/jentic-public-apis/eb9d12a2684b0fbcb5aecf51e8ae54dba0929743/apis/openapi/openrouter.ai/main/1.0.0/openapi.json	eb9d12a2684b0fbcb5aecf51e8ae54dba0929743	31ca4d028236d898027be5f24107690381c8a59500e32997a236e1e4f96c0c54	6	pass	pass	failed: concrete diagnostic below	rejected	witness-search-jentic/records.tsv:184
jentic	anyof-array-variant-struct-item	https://raw.githubusercontent.com/jentic/jentic-public-apis/eb9d12a2684b0fbcb5aecf51e8ae54dba0929743/apis/openapi/respond.io/respond-io-api/2.0.0/meta/import/input-bundle.json	eb9d12a2684b0fbcb5aecf51e8ae54dba0929743	6ae64bfcc9d3b437c2f678ad14cb45745f8ef5621ce32a7631c8314b522c3418	2	failed: aggregation grant admitted; publisher grant unproven (document licence: none); jentic redistribution: CC0-1.0	not-run: licence screen failed	not-run: licence screen failed	rejected	witness-search-jentic/records.tsv:185
jentic	anyof-array-variant-struct-item	https://raw.githubusercontent.com/jentic/jentic-public-apis/eb9d12a2684b0fbcb5aecf51e8ae54dba0929743/apis/openapi/respond.io/respond-io-api/2.0.0/meta/import/input-entry.json	eb9d12a2684b0fbcb5aecf51e8ae54dba0929743	6ae64bfcc9d3b437c2f678ad14cb45745f8ef5621ce32a7631c8314b522c3418	2	failed: aggregation grant admitted; publisher grant unproven (document licence: none); jentic redistribution: CC0-1.0	not-run: licence screen failed	not-run: licence screen failed	rejected	witness-search-jentic/records.tsv:186
jentic	anyof-array-variant-struct-item	https://raw.githubusercontent.com/jentic/jentic-public-apis/eb9d12a2684b0fbcb5aecf51e8ae54dba0929743/apis/openapi/respond.io/respond-io-api/2.0.0/meta/import/output-bundle.json	eb9d12a2684b0fbcb5aecf51e8ae54dba0929743	6ae64bfcc9d3b437c2f678ad14cb45745f8ef5621ce32a7631c8314b522c3418	2	failed: aggregation grant admitted; publisher grant unproven (document licence: none); jentic redistribution: CC0-1.0	not-run: licence screen failed	not-run: licence screen failed	rejected	witness-search-jentic/records.tsv:187
jentic	anyof-array-variant-struct-item	https://raw.githubusercontent.com/jentic/jentic-public-apis/eb9d12a2684b0fbcb5aecf51e8ae54dba0929743/apis/openapi/respond.io/respond-io-api/2.0.0/meta/import/output-entry.json	eb9d12a2684b0fbcb5aecf51e8ae54dba0929743	6ae64bfcc9d3b437c2f678ad14cb45745f8ef5621ce32a7631c8314b522c3418	2	failed: aggregation grant admitted; publisher grant unproven (document licence: none); jentic redistribution: CC0-1.0	not-run: licence screen failed	not-run: licence screen failed	rejected	witness-search-jentic/records.tsv:188
jentic	anyof-array-variant-struct-item	https://raw.githubusercontent.com/jentic/jentic-public-apis/eb9d12a2684b0fbcb5aecf51e8ae54dba0929743/apis/openapi/respond.io/respond-io-api/2.0.0/openapi.json	eb9d12a2684b0fbcb5aecf51e8ae54dba0929743	6ae64bfcc9d3b437c2f678ad14cb45745f8ef5621ce32a7631c8314b522c3418	2	failed: aggregation grant admitted; publisher grant unproven (document licence: none); jentic redistribution: CC0-1.0	not-run: licence screen failed	not-run: licence screen failed	rejected	witness-search-jentic/records.tsv:189
jentic	anyof-array-variant-struct-item	https://raw.githubusercontent.com/jentic/jentic-public-apis/eb9d12a2684b0fbcb5aecf51e8ae54dba0929743/apis/openapi/sandbox.moffin.mx/main/0.1.0/meta/import/input-bundle.json	eb9d12a2684b0fbcb5aecf51e8ae54dba0929743	0d1c316a1cbd47629f6898cb52ba334832b1b15747db73d150195686aa5b3f06	35	failed: aggregation grant admitted; publisher grant unproven (document licence: none); jentic redistribution: CC0-1.0	not-run: licence screen failed	not-run: licence screen failed	rejected	witness-search-jentic/records.tsv:190
jentic	anyof-array-variant-struct-item	https://raw.githubusercontent.com/jentic/jentic-public-apis/eb9d12a2684b0fbcb5aecf51e8ae54dba0929743/apis/openapi/sandbox.moffin.mx/main/0.1.0/meta/import/input-entry.json	eb9d12a2684b0fbcb5aecf51e8ae54dba0929743	0d1c316a1cbd47629f6898cb52ba334832b1b15747db73d150195686aa5b3f06	35	failed: aggregation grant admitted; publisher grant unproven (document licence: none); jentic redistribution: CC0-1.0	not-run: licence screen failed	not-run: licence screen failed	rejected	witness-search-jentic/records.tsv:191
jentic	anyof-array-variant-struct-item	https://raw.githubusercontent.com/jentic/jentic-public-apis/eb9d12a2684b0fbcb5aecf51e8ae54dba0929743/apis/openapi/sandbox.moffin.mx/main/0.1.0/meta/import/output-bundle.json	eb9d12a2684b0fbcb5aecf51e8ae54dba0929743	0d1c316a1cbd47629f6898cb52ba334832b1b15747db73d150195686aa5b3f06	35	failed: aggregation grant admitted; publisher grant unproven (document licence: none); jentic redistribution: CC0-1.0	not-run: licence screen failed	not-run: licence screen failed	rejected	witness-search-jentic/records.tsv:192
jentic	anyof-array-variant-struct-item	https://raw.githubusercontent.com/jentic/jentic-public-apis/eb9d12a2684b0fbcb5aecf51e8ae54dba0929743/apis/openapi/sandbox.moffin.mx/main/0.1.0/meta/import/output-entry.json	eb9d12a2684b0fbcb5aecf51e8ae54dba0929743	0d1c316a1cbd47629f6898cb52ba334832b1b15747db73d150195686aa5b3f06	35	failed: aggregation grant admitted; publisher grant unproven (document licence: none); jentic redistribution: CC0-1.0	not-run: licence screen failed	not-run: licence screen failed	rejected	witness-search-jentic/records.tsv:193
jentic	anyof-array-variant-struct-item	https://raw.githubusercontent.com/jentic/jentic-public-apis/eb9d12a2684b0fbcb5aecf51e8ae54dba0929743/apis/openapi/sandbox.moffin.mx/main/0.1.0/openapi.json	eb9d12a2684b0fbcb5aecf51e8ae54dba0929743	0d1c316a1cbd47629f6898cb52ba334832b1b15747db73d150195686aa5b3f06	35	failed: aggregation grant admitted; publisher grant unproven (document licence: none); jentic redistribution: CC0-1.0	not-run: licence screen failed	not-run: licence screen failed	rejected	witness-search-jentic/records.tsv:194
jentic	anyof-array-variant-struct-item	https://raw.githubusercontent.com/jentic/jentic-public-apis/eb9d12a2684b0fbcb5aecf51e8ae54dba0929743/apis/openapi/stripe.com/main/2025-03-31.basil/meta/import/input-bundled.json	eb9d12a2684b0fbcb5aecf51e8ae54dba0929743	05f7fa886e550420856339c3db42c77648a2afe3d06041661aebe377abf59c61	49	pass	pass	failed: concrete diagnostic below	rejected	witness-search-jentic/records.tsv:195
jentic	anyof-array-variant-struct-item	https://raw.githubusercontent.com/jentic/jentic-public-apis/eb9d12a2684b0fbcb5aecf51e8ae54dba0929743/apis/openapi/stripe.com/main/2025-03-31.basil/meta/import/input-entry.json	eb9d12a2684b0fbcb5aecf51e8ae54dba0929743	05f7fa886e550420856339c3db42c77648a2afe3d06041661aebe377abf59c61	49	pass	pass	failed: concrete diagnostic below	rejected	witness-search-jentic/records.tsv:196
jentic	anyof-array-variant-struct-item	https://raw.githubusercontent.com/jentic/jentic-public-apis/eb9d12a2684b0fbcb5aecf51e8ae54dba0929743/apis/openapi/stripe.com/main/2025-03-31.basil/meta/import/output-bundled.json	eb9d12a2684b0fbcb5aecf51e8ae54dba0929743	05f7fa886e550420856339c3db42c77648a2afe3d06041661aebe377abf59c61	49	pass	pass	failed: concrete diagnostic below	rejected	witness-search-jentic/records.tsv:197
jentic	anyof-array-variant-struct-item	https://raw.githubusercontent.com/jentic/jentic-public-apis/eb9d12a2684b0fbcb5aecf51e8ae54dba0929743/apis/openapi/stripe.com/main/2025-03-31.basil/meta/import/output-entry.json	eb9d12a2684b0fbcb5aecf51e8ae54dba0929743	05f7fa886e550420856339c3db42c77648a2afe3d06041661aebe377abf59c61	49	pass	pass	failed: concrete diagnostic below	rejected	witness-search-jentic/records.tsv:198
jentic	anyof-array-variant-struct-item	https://raw.githubusercontent.com/jentic/jentic-public-apis/eb9d12a2684b0fbcb5aecf51e8ae54dba0929743/apis/openapi/stripe.com/main/2025-03-31.basil/openapi.json	eb9d12a2684b0fbcb5aecf51e8ae54dba0929743	05f7fa886e550420856339c3db42c77648a2afe3d06041661aebe377abf59c61	49	pass	pass	failed: concrete diagnostic below	rejected	witness-search-jentic/records.tsv:199
jentic	anyof-array-variant-struct-item	https://raw.githubusercontent.com/jentic/jentic-public-apis/eb9d12a2684b0fbcb5aecf51e8ae54dba0929743/apis/openapi/stripe.com/stripe/2026-03-25.dahlia/openapi.json	eb9d12a2684b0fbcb5aecf51e8ae54dba0929743	5dcbb93ce7482db0eeb06491c431ffb3fdb321313493ab618066dda842e2e6cf	62	failed: aggregation grant admitted; publisher grant unproven (document licence: none); jentic redistribution: CC0-1.0	not-run: licence screen failed	not-run: licence screen failed	rejected	witness-search-jentic/records.tsv:200
jentic	anyof-array-variant-struct-item	https://raw.githubusercontent.com/jentic/jentic-public-apis/eb9d12a2684b0fbcb5aecf51e8ae54dba0929743/apis/openapi/timelyapp.com/main/V1/meta/import/input-bundle.json	eb9d12a2684b0fbcb5aecf51e8ae54dba0929743	197457652daa032230e43441038ed6e18a48b536d4140daad8041ad479b4adbb	1	pass	pass	pass	byte-identical to CORPUS row 151, sha256 197457652daa032230e43441038ed6e18a48b536d4140daad8041ad479b4adbb	witness-search-jentic/records.tsv:201
jentic	anyof-array-variant-struct-item	https://raw.githubusercontent.com/jentic/jentic-public-apis/eb9d12a2684b0fbcb5aecf51e8ae54dba0929743/apis/openapi/timelyapp.com/main/V1/meta/import/input-entry.json	eb9d12a2684b0fbcb5aecf51e8ae54dba0929743	adf6ec58d265fd533423635720877bd1c989b8ef01d424c1d2d811831a38bddb	1	pass	pass	pass	not-owed	witness-search-jentic/records.tsv:202
jentic	anyof-array-variant-struct-item	https://raw.githubusercontent.com/jentic/jentic-public-apis/eb9d12a2684b0fbcb5aecf51e8ae54dba0929743/apis/openapi/timelyapp.com/main/V1/meta/import/output-bundle.json	eb9d12a2684b0fbcb5aecf51e8ae54dba0929743	197457652daa032230e43441038ed6e18a48b536d4140daad8041ad479b4adbb	1	pass	pass	pass	byte-identical to CORPUS row 151, sha256 197457652daa032230e43441038ed6e18a48b536d4140daad8041ad479b4adbb	witness-search-jentic/records.tsv:203
jentic	anyof-array-variant-struct-item	https://raw.githubusercontent.com/jentic/jentic-public-apis/eb9d12a2684b0fbcb5aecf51e8ae54dba0929743/apis/openapi/timelyapp.com/main/V1/meta/import/output-entry.json	eb9d12a2684b0fbcb5aecf51e8ae54dba0929743	adf6ec58d265fd533423635720877bd1c989b8ef01d424c1d2d811831a38bddb	1	pass	pass	pass	byte-identical to CORPUS row 162, sha256 adf6ec58d265fd533423635720877bd1c989b8ef01d424c1d2d811831a38bddb	witness-search-jentic/records.tsv:204
jentic	anyof-array-variant-struct-item	https://raw.githubusercontent.com/jentic/jentic-public-apis/eb9d12a2684b0fbcb5aecf51e8ae54dba0929743/apis/openapi/timelyapp.com/main/V1/openapi.json	eb9d12a2684b0fbcb5aecf51e8ae54dba0929743	197457652daa032230e43441038ed6e18a48b536d4140daad8041ad479b4adbb	1	pass	pass	pass	not-owed	witness-search-jentic/records.tsv:205
jentic	anyof-array-variant-struct-item	https://raw.githubusercontent.com/jentic/jentic-public-apis/eb9d12a2684b0fbcb5aecf51e8ae54dba0929743/apis/openapi/webflow.com/lucidtech-api/2023-03-01%2016%3A45%3A37%2B00%3A00/meta/import/input-bundle.json	eb9d12a2684b0fbcb5aecf51e8ae54dba0929743	14f5df572fe0e4b6dce1549895ca73f75abcd306aebc2fab677cd48b83737c27	1	failed: aggregation grant admitted; publisher grant unproven (document licence: none); jentic redistribution: CC0-1.0	not-run: licence screen failed	not-run: licence screen failed	rejected	witness-search-jentic/records.tsv:206
jentic	anyof-array-variant-struct-item	https://raw.githubusercontent.com/jentic/jentic-public-apis/eb9d12a2684b0fbcb5aecf51e8ae54dba0929743/apis/openapi/webflow.com/lucidtech-api/2023-03-01%2016%3A45%3A37%2B00%3A00/meta/import/input-entry.json	eb9d12a2684b0fbcb5aecf51e8ae54dba0929743	14f5df572fe0e4b6dce1549895ca73f75abcd306aebc2fab677cd48b83737c27	1	failed: aggregation grant admitted; publisher grant unproven (document licence: none); jentic redistribution: CC0-1.0	not-run: licence screen failed	not-run: licence screen failed	rejected	witness-search-jentic/records.tsv:207
jentic	anyof-array-variant-struct-item	https://raw.githubusercontent.com/jentic/jentic-public-apis/eb9d12a2684b0fbcb5aecf51e8ae54dba0929743/apis/openapi/webflow.com/lucidtech-api/2023-03-01%2016%3A45%3A37%2B00%3A00/meta/import/output-bundle.json	eb9d12a2684b0fbcb5aecf51e8ae54dba0929743	14f5df572fe0e4b6dce1549895ca73f75abcd306aebc2fab677cd48b83737c27	1	failed: aggregation grant admitted; publisher grant unproven (document licence: none); jentic redistribution: CC0-1.0	not-run: licence screen failed	not-run: licence screen failed	rejected	witness-search-jentic/records.tsv:208
jentic	anyof-array-variant-struct-item	https://raw.githubusercontent.com/jentic/jentic-public-apis/eb9d12a2684b0fbcb5aecf51e8ae54dba0929743/apis/openapi/webflow.com/lucidtech-api/2023-03-01%2016%3A45%3A37%2B00%3A00/meta/import/output-entry.json	eb9d12a2684b0fbcb5aecf51e8ae54dba0929743	14f5df572fe0e4b6dce1549895ca73f75abcd306aebc2fab677cd48b83737c27	1	failed: aggregation grant admitted; publisher grant unproven (document licence: none); jentic redistribution: CC0-1.0	not-run: licence screen failed	not-run: licence screen failed	rejected	witness-search-jentic/records.tsv:209
jentic	anyof-array-variant-struct-item	https://raw.githubusercontent.com/jentic/jentic-public-apis/eb9d12a2684b0fbcb5aecf51e8ae54dba0929743/apis/openapi/webflow.com/lucidtech-api/2023-03-01%2016%3A45%3A37%2B00%3A00/openapi.json	eb9d12a2684b0fbcb5aecf51e8ae54dba0929743	14f5df572fe0e4b6dce1549895ca73f75abcd306aebc2fab677cd48b83737c27	1	failed: aggregation grant admitted; publisher grant unproven (document licence: none); jentic redistribution: CC0-1.0	not-run: licence screen failed	not-run: licence screen failed	rejected	witness-search-jentic/records.tsv:210
jentic	anyof-array-variant-struct-item	https://raw.githubusercontent.com/jentic/jentic-public-apis/eb9d12a2684b0fbcb5aecf51e8ae54dba0929743/apis/openapi/webflow.com/main/2023-03-01T16%3A45%3A37Z/meta/import/input-bundle.json	eb9d12a2684b0fbcb5aecf51e8ae54dba0929743	c96cc6c0b232ec39c5bfec67d79d5fbfd9466d25083723865135301046339f49	1	failed: aggregation grant admitted; publisher grant unproven (document licence: none); jentic redistribution: CC0-1.0	not-run: licence screen failed	not-run: licence screen failed	rejected	witness-search-jentic/records.tsv:211
jentic	anyof-array-variant-struct-item	https://raw.githubusercontent.com/jentic/jentic-public-apis/eb9d12a2684b0fbcb5aecf51e8ae54dba0929743/apis/openapi/webflow.com/main/2023-03-01T16%3A45%3A37Z/meta/import/input-entry.json	eb9d12a2684b0fbcb5aecf51e8ae54dba0929743	c96cc6c0b232ec39c5bfec67d79d5fbfd9466d25083723865135301046339f49	1	failed: aggregation grant admitted; publisher grant unproven (document licence: none); jentic redistribution: CC0-1.0	not-run: licence screen failed	not-run: licence screen failed	rejected	witness-search-jentic/records.tsv:212
jentic	anyof-array-variant-struct-item	https://raw.githubusercontent.com/jentic/jentic-public-apis/eb9d12a2684b0fbcb5aecf51e8ae54dba0929743/apis/openapi/webflow.com/main/2023-03-01T16%3A45%3A37Z/meta/import/output-bundle.json	eb9d12a2684b0fbcb5aecf51e8ae54dba0929743	c96cc6c0b232ec39c5bfec67d79d5fbfd9466d25083723865135301046339f49	1	failed: aggregation grant admitted; publisher grant unproven (document licence: none); jentic redistribution: CC0-1.0	not-run: licence screen failed	not-run: licence screen failed	rejected	witness-search-jentic/records.tsv:213
jentic	anyof-array-variant-struct-item	https://raw.githubusercontent.com/jentic/jentic-public-apis/eb9d12a2684b0fbcb5aecf51e8ae54dba0929743/apis/openapi/webflow.com/main/2023-03-01T16%3A45%3A37Z/meta/import/output-entry.json	eb9d12a2684b0fbcb5aecf51e8ae54dba0929743	c96cc6c0b232ec39c5bfec67d79d5fbfd9466d25083723865135301046339f49	1	failed: aggregation grant admitted; publisher grant unproven (document licence: none); jentic redistribution: CC0-1.0	not-run: licence screen failed	not-run: licence screen failed	rejected	witness-search-jentic/records.tsv:214
jentic	anyof-array-variant-struct-item	https://raw.githubusercontent.com/jentic/jentic-public-apis/eb9d12a2684b0fbcb5aecf51e8ae54dba0929743/apis/openapi/webflow.com/main/2023-03-01T16%3A45%3A37Z/openapi.json	eb9d12a2684b0fbcb5aecf51e8ae54dba0929743	c96cc6c0b232ec39c5bfec67d79d5fbfd9466d25083723865135301046339f49	1	failed: aggregation grant admitted; publisher grant unproven (document licence: none); jentic redistribution: CC0-1.0	not-run: licence screen failed	not-run: licence screen failed	rejected	witness-search-jentic/records.tsv:215
jentic	anyof-array-variant-struct-item	https://raw.githubusercontent.com/jentic/jentic-public-apis/eb9d12a2684b0fbcb5aecf51e8ae54dba0929743/apis/openapi/webflow.com/webflow-api/2023-03-01T16%3A45%3A37Z/meta/import/input-bundle.json	eb9d12a2684b0fbcb5aecf51e8ae54dba0929743	5a3268140b76f436e5c908c83a2e6b2952d9cc6446d027af3abbaac66f3f9437	1	failed: aggregation grant admitted; publisher grant unproven (document licence: none); jentic redistribution: CC0-1.0	not-run: licence screen failed	not-run: licence screen failed	rejected	witness-search-jentic/records.tsv:216
jentic	anyof-array-variant-struct-item	https://raw.githubusercontent.com/jentic/jentic-public-apis/eb9d12a2684b0fbcb5aecf51e8ae54dba0929743/apis/openapi/webflow.com/webflow-api/2023-03-01T16%3A45%3A37Z/meta/import/input-entry.json	eb9d12a2684b0fbcb5aecf51e8ae54dba0929743	5a3268140b76f436e5c908c83a2e6b2952d9cc6446d027af3abbaac66f3f9437	1	failed: aggregation grant admitted; publisher grant unproven (document licence: none); jentic redistribution: CC0-1.0	not-run: licence screen failed	not-run: licence screen failed	rejected	witness-search-jentic/records.tsv:217
jentic	anyof-array-variant-struct-item	https://raw.githubusercontent.com/jentic/jentic-public-apis/eb9d12a2684b0fbcb5aecf51e8ae54dba0929743/apis/openapi/webflow.com/webflow-api/2023-03-01T16%3A45%3A37Z/meta/import/output-bundle.json	eb9d12a2684b0fbcb5aecf51e8ae54dba0929743	5a3268140b76f436e5c908c83a2e6b2952d9cc6446d027af3abbaac66f3f9437	1	failed: aggregation grant admitted; publisher grant unproven (document licence: none); jentic redistribution: CC0-1.0	not-run: licence screen failed	not-run: licence screen failed	rejected	witness-search-jentic/records.tsv:218
jentic	anyof-array-variant-struct-item	https://raw.githubusercontent.com/jentic/jentic-public-apis/eb9d12a2684b0fbcb5aecf51e8ae54dba0929743/apis/openapi/webflow.com/webflow-api/2023-03-01T16%3A45%3A37Z/meta/import/output-entry.json	eb9d12a2684b0fbcb5aecf51e8ae54dba0929743	5a3268140b76f436e5c908c83a2e6b2952d9cc6446d027af3abbaac66f3f9437	1	failed: aggregation grant admitted; publisher grant unproven (document licence: none); jentic redistribution: CC0-1.0	not-run: licence screen failed	not-run: licence screen failed	rejected	witness-search-jentic/records.tsv:219
jentic	anyof-array-variant-struct-item	https://raw.githubusercontent.com/jentic/jentic-public-apis/eb9d12a2684b0fbcb5aecf51e8ae54dba0929743/apis/openapi/webflow.com/webflow-api/2023-03-01T16%3A45%3A37Z/openapi.json	eb9d12a2684b0fbcb5aecf51e8ae54dba0929743	5a3268140b76f436e5c908c83a2e6b2952d9cc6446d027af3abbaac66f3f9437	1	failed: aggregation grant admitted; publisher grant unproven (document licence: none); jentic redistribution: CC0-1.0	not-run: licence screen failed	not-run: licence screen failed	rejected	witness-search-jentic/records.tsv:220
vendor-portals	anyof-array-variant-struct-item	https://raw.githubusercontent.com/openai/openai-openapi/b53b169f44dc0fbf878db3f9a1d3b66f43831f8d/openapi.json	b53b169f44dc0fbf878db3f9a1d3b66f43831f8d	eeff5890d95fdc3656b881460fd07827652cb77333baa66ed34d6ce7adaa3c91	5	pass	pass	not-run: key closed by found witness jentic/apis/openapi/cradl.ai/main/2026-01-28T09:00:46Z/meta/import/input-bundle.json	not-owed	witness-search-vendor-portals/records.tsv:223
vendor-portals	anyof-array-variant-struct-item	https://raw.githubusercontent.com/openai/openai-openapi/b53b169f44dc0fbf878db3f9a1d3b66f43831f8d/openapi.yaml	b53b169f44dc0fbf878db3f9a1d3b66f43831f8d	5f2358ee412d4220e5673068c02fc34c36653cdc60e18f72bddc707caec587ae	5	pass	pass	not-run: key closed by found witness jentic/apis/openapi/cradl.ai/main/2026-01-28T09:00:46Z/meta/import/input-bundle.json	not-owed	witness-search-vendor-portals/records.tsv:224
vendor-portals	anyof-array-variant-struct-item	https://raw.githubusercontent.com/stripe/openapi/58e06a3214ae1574600fba64d40b770e5da6d505/latest/openapi.spec3.json	58e06a3214ae1574600fba64d40b770e5da6d505	2c31317cdff103e4495b5b3501004d9ddc0af61f43b0ab819e2db392eef008f6	76	pass	pass	not-run: key closed by found witness jentic/apis/openapi/cradl.ai/main/2026-01-28T09:00:46Z/meta/import/input-bundle.json	not-owed	witness-search-vendor-portals/records.tsv:225
vendor-portals	anyof-array-variant-struct-item	https://raw.githubusercontent.com/stripe/openapi/58e06a3214ae1574600fba64d40b770e5da6d505/latest/openapi.spec3.sdk.json	58e06a3214ae1574600fba64d40b770e5da6d505	92363b86025d012852f648554372bf5fa6146af1472fb63f3c29d7c5fe6bd19a	70	pass	pass	not-run: key closed by found witness jentic/apis/openapi/cradl.ai/main/2026-01-28T09:00:46Z/meta/import/input-bundle.json	not-owed	witness-search-vendor-portals/records.tsv:226
vendor-portals	anyof-array-variant-struct-item	https://raw.githubusercontent.com/stripe/openapi/58e06a3214ae1574600fba64d40b770e5da6d505/latest/openapi.spec3.sdk.yaml	58e06a3214ae1574600fba64d40b770e5da6d505	3ef9e985df2bed8314903f5d292f82040540815eafe6215964f1a9e8127d249c	70	pass	pass	not-run: key closed by found witness jentic/apis/openapi/cradl.ai/main/2026-01-28T09:00:46Z/meta/import/input-bundle.json	not-owed	witness-search-vendor-portals/records.tsv:227
vendor-portals	anyof-array-variant-struct-item	https://raw.githubusercontent.com/stripe/openapi/58e06a3214ae1574600fba64d40b770e5da6d505/latest/openapi.spec3.yaml	58e06a3214ae1574600fba64d40b770e5da6d505	4b23d81eeb8a0d4d789baa362841c0c14f181b579ff3458c3ab002eb6aa1b553	76	pass	pass	not-run: key closed by found witness jentic/apis/openapi/cradl.ai/main/2026-01-28T09:00:46Z/meta/import/input-bundle.json	not-owed	witness-search-vendor-portals/records.tsv:228
vendor-portals	anyof-array-variant-struct-item	https://raw.githubusercontent.com/stripe/openapi/58e06a3214ae1574600fba64d40b770e5da6d505/openapi/spec3.beta.sdk.json	58e06a3214ae1574600fba64d40b770e5da6d505	ef87352a63f0cb8951f5a546764e42b8c28ee914e9e623caabb66b34e577c451	141	pass	pass	not-run: key closed by found witness jentic/apis/openapi/cradl.ai/main/2026-01-28T09:00:46Z/meta/import/input-bundle.json	not-owed	witness-search-vendor-portals/records.tsv:229
vendor-portals	anyof-array-variant-struct-item	https://raw.githubusercontent.com/stripe/openapi/58e06a3214ae1574600fba64d40b770e5da6d505/openapi/spec3.beta.sdk.yaml	58e06a3214ae1574600fba64d40b770e5da6d505	1d75a915d06d756bb5e11356fd6ed01495f80affa87a31698c7117d658a3607d	141	pass	pass	not-run: key closed by found witness jentic/apis/openapi/cradl.ai/main/2026-01-28T09:00:46Z/meta/import/input-bundle.json	not-owed	witness-search-vendor-portals/records.tsv:230
vendor-portals	anyof-array-variant-struct-item	https://raw.githubusercontent.com/stripe/openapi/58e06a3214ae1574600fba64d40b770e5da6d505/openapi/spec3.json	58e06a3214ae1574600fba64d40b770e5da6d505	f0e0fc8fffbffda45bf5f3df59846443c1d47a3cfcbfae232eedf4743124ebee	76	pass	pass	not-run: key closed by found witness jentic/apis/openapi/cradl.ai/main/2026-01-28T09:00:46Z/meta/import/input-bundle.json	not-owed	witness-search-vendor-portals/records.tsv:231
vendor-portals	anyof-array-variant-struct-item	https://raw.githubusercontent.com/stripe/openapi/58e06a3214ae1574600fba64d40b770e5da6d505/openapi/spec3.private_preview.sdk.json	58e06a3214ae1574600fba64d40b770e5da6d505	294b81d07a72aff0d43946448d0cac471827b435e54cc658052471f905d7d447	151	pass	pass	not-run: key closed by found witness jentic/apis/openapi/cradl.ai/main/2026-01-28T09:00:46Z/meta/import/input-bundle.json	not-owed	witness-search-vendor-portals/records.tsv:232
vendor-portals	anyof-array-variant-struct-item	https://raw.githubusercontent.com/stripe/openapi/58e06a3214ae1574600fba64d40b770e5da6d505/openapi/spec3.private_preview.sdk.yaml	58e06a3214ae1574600fba64d40b770e5da6d505	fea781f7ee4d3bfaa90ceb14900b98bab7d5edf7313ca697c24784685329b5b7	151	pass	pass	not-run: key closed by found witness jentic/apis/openapi/cradl.ai/main/2026-01-28T09:00:46Z/meta/import/input-bundle.json	not-owed	witness-search-vendor-portals/records.tsv:233
vendor-portals	anyof-array-variant-struct-item	https://raw.githubusercontent.com/stripe/openapi/58e06a3214ae1574600fba64d40b770e5da6d505/openapi/spec3.sdk.json	58e06a3214ae1574600fba64d40b770e5da6d505	610a902a16d767bef822a36ae357325ae723f8f4a4dc8f009e9b250409728465	70	pass	pass	not-run: key closed by found witness jentic/apis/openapi/cradl.ai/main/2026-01-28T09:00:46Z/meta/import/input-bundle.json	not-owed	witness-search-vendor-portals/records.tsv:234
vendor-portals	anyof-array-variant-struct-item	https://raw.githubusercontent.com/stripe/openapi/58e06a3214ae1574600fba64d40b770e5da6d505/openapi/spec3.sdk.yaml	58e06a3214ae1574600fba64d40b770e5da6d505	f6c84cc65904996a1a16cc8c2e9f51feb3307b41b24a16d1816fee3a7b803558	70	pass	pass	not-run: key closed by found witness jentic/apis/openapi/cradl.ai/main/2026-01-28T09:00:46Z/meta/import/input-bundle.json	not-owed	witness-search-vendor-portals/records.tsv:235
vendor-portals	anyof-array-variant-struct-item	https://raw.githubusercontent.com/stripe/openapi/58e06a3214ae1574600fba64d40b770e5da6d505/openapi/spec3.yaml	58e06a3214ae1574600fba64d40b770e5da6d505	2e0ce56f026b1862dd772061c839a2c8ca9cc3e180f8bb22d7694b8ba214d203	76	pass	pass	not-run: key closed by found witness jentic/apis/openapi/cradl.ai/main/2026-01-28T09:00:46Z/meta/import/input-bundle.json	not-owed	witness-search-vendor-portals/records.tsv:236
vendor-portals	anyof-array-variant-struct-item	https://raw.githubusercontent.com/stripe/openapi/58e06a3214ae1574600fba64d40b770e5da6d505/preview/openapi.private_preview.spec3.sdk.json	58e06a3214ae1574600fba64d40b770e5da6d505	a98555c116cd4665b68598872e72a9e6a2dcbe9a52d1040630f0af84c84e0b78	151	pass	pass	not-run: key closed by found witness jentic/apis/openapi/cradl.ai/main/2026-01-28T09:00:46Z/meta/import/input-bundle.json	not-owed	witness-search-vendor-portals/records.tsv:237
vendor-portals	anyof-array-variant-struct-item	https://raw.githubusercontent.com/stripe/openapi/58e06a3214ae1574600fba64d40b770e5da6d505/preview/openapi.private_preview.spec3.sdk.yaml	58e06a3214ae1574600fba64d40b770e5da6d505	30dc9b4a8ce901d78efcb9b5c61496fad1249412a9560408d3acfd7bb68ffb10	151	pass	pass	not-run: key closed by found witness jentic/apis/openapi/cradl.ai/main/2026-01-28T09:00:46Z/meta/import/input-bundle.json	not-owed	witness-search-vendor-portals/records.tsv:238
vendor-portals	anyof-array-variant-struct-item	https://raw.githubusercontent.com/stripe/openapi/58e06a3214ae1574600fba64d40b770e5da6d505/preview/openapi.spec3.sdk.json	58e06a3214ae1574600fba64d40b770e5da6d505	60caefaab927e1b1b4a42125a5309a50300bb17552c2f5f8794108e9a7d529d4	142	pass	pass	not-run: key closed by found witness jentic/apis/openapi/cradl.ai/main/2026-01-28T09:00:46Z/meta/import/input-bundle.json	not-owed	witness-search-vendor-portals/records.tsv:239
vendor-portals	anyof-array-variant-struct-item	https://raw.githubusercontent.com/stripe/openapi/58e06a3214ae1574600fba64d40b770e5da6d505/preview/openapi.spec3.sdk.yaml	58e06a3214ae1574600fba64d40b770e5da6d505	49fae67fae74b22ab1c3a7aaf7ee9af6bdbf2864973e2d87e107fe3a56fa3aa8	142	pass	pass	not-run: key closed by found witness jentic/apis/openapi/cradl.ai/main/2026-01-28T09:00:46Z/meta/import/input-bundle.json	not-owed	witness-search-vendor-portals/records.tsv:240
jentic	array-item-pointer-walk-oneof	https://raw.githubusercontent.com/jentic/jentic-public-apis/eb9d12a2684b0fbcb5aecf51e8ae54dba0929743/apis/openapi/cvent.com/main/ea/meta/import/input-bundle.json	eb9d12a2684b0fbcb5aecf51e8ae54dba0929743	98656898881da1d0fe3296de3e1d39d7d4cb48698b0a6f5893e9e857eef875a3	2	failed: aggregation grant admitted; publisher grant unproven (document licence: none); jentic redistribution: CC0-1.0	not-run: licence screen failed	not-run: licence screen failed	rejected	witness-search-jentic/records.tsv:221
jentic	array-item-pointer-walk-oneof	https://raw.githubusercontent.com/jentic/jentic-public-apis/eb9d12a2684b0fbcb5aecf51e8ae54dba0929743/apis/openapi/cvent.com/main/ea/meta/import/input-entry.json	eb9d12a2684b0fbcb5aecf51e8ae54dba0929743	35709d7c45eb13aa0e75fa3bc43dded6f82007d9c6e7f7f1da888dcebcb7af6d	2	pass	pass	failed: exit 0 but empty SDK (12-byte reference, no types)	rejected	witness-search-jentic/records.tsv:222
jentic	array-item-pointer-walk-oneof	https://raw.githubusercontent.com/jentic/jentic-public-apis/eb9d12a2684b0fbcb5aecf51e8ae54dba0929743/apis/openapi/cvent.com/main/ea/meta/import/output-bundle.json	eb9d12a2684b0fbcb5aecf51e8ae54dba0929743	98656898881da1d0fe3296de3e1d39d7d4cb48698b0a6f5893e9e857eef875a3	2	failed: aggregation grant admitted; publisher grant unproven (document licence: none); jentic redistribution: CC0-1.0	not-run: licence screen failed	not-run: licence screen failed	rejected	witness-search-jentic/records.tsv:223
jentic	array-item-pointer-walk-oneof	https://raw.githubusercontent.com/jentic/jentic-public-apis/eb9d12a2684b0fbcb5aecf51e8ae54dba0929743/apis/openapi/cvent.com/main/ea/meta/import/output-entry.json	eb9d12a2684b0fbcb5aecf51e8ae54dba0929743	35709d7c45eb13aa0e75fa3bc43dded6f82007d9c6e7f7f1da888dcebcb7af6d	2	pass	pass	failed: exit 0 but empty SDK (12-byte reference, no types)	rejected	witness-search-jentic/records.tsv:224
jentic	array-item-pointer-walk-oneof	https://raw.githubusercontent.com/jentic/jentic-public-apis/eb9d12a2684b0fbcb5aecf51e8ae54dba0929743/apis/openapi/cvent.com/main/ea/openapi.json	eb9d12a2684b0fbcb5aecf51e8ae54dba0929743	98656898881da1d0fe3296de3e1d39d7d4cb48698b0a6f5893e9e857eef875a3	2	failed: aggregation grant admitted; publisher grant unproven (document licence: none); jentic redistribution: CC0-1.0	not-run: licence screen failed	not-run: licence screen failed	rejected	witness-search-jentic/records.tsv:225
jentic	array-item-pointer-walk-oneof	https://raw.githubusercontent.com/jentic/jentic-public-apis/eb9d12a2684b0fbcb5aecf51e8ae54dba0929743/apis/openapi/sellsy.com/main/2.128.0/meta/import/input-bundle.json	eb9d12a2684b0fbcb5aecf51e8ae54dba0929743	59af0c76eb50ad3245a839c77db51f3d10711c4d2a7561f7d261c964ae9d97e0	1	failed: aggregation grant admitted; publisher grant unproven (document licence: none); jentic redistribution: CC0-1.0	not-run: licence screen failed	not-run: licence screen failed	rejected	witness-search-jentic/records.tsv:226
jentic	array-item-pointer-walk-oneof	https://raw.githubusercontent.com/jentic/jentic-public-apis/eb9d12a2684b0fbcb5aecf51e8ae54dba0929743/apis/openapi/sellsy.com/main/2.128.0/meta/import/input-entry.json	eb9d12a2684b0fbcb5aecf51e8ae54dba0929743	e1443064ba09294701058db89c25a88588e8450c1e14d47188d3ffdf002caf6b	1	failed: aggregation grant admitted; publisher grant unproven (document licence: none); jentic redistribution: CC0-1.0	not-run: licence screen failed	not-run: licence screen failed	rejected	witness-search-jentic/records.tsv:227
jentic	array-item-pointer-walk-oneof	https://raw.githubusercontent.com/jentic/jentic-public-apis/eb9d12a2684b0fbcb5aecf51e8ae54dba0929743/apis/openapi/sellsy.com/main/2.128.0/meta/import/output-bundle.json	eb9d12a2684b0fbcb5aecf51e8ae54dba0929743	59af0c76eb50ad3245a839c77db51f3d10711c4d2a7561f7d261c964ae9d97e0	1	failed: aggregation grant admitted; publisher grant unproven (document licence: none); jentic redistribution: CC0-1.0	not-run: licence screen failed	not-run: licence screen failed	rejected	witness-search-jentic/records.tsv:228
jentic	array-item-pointer-walk-oneof	https://raw.githubusercontent.com/jentic/jentic-public-apis/eb9d12a2684b0fbcb5aecf51e8ae54dba0929743/apis/openapi/sellsy.com/main/2.128.0/meta/import/output-entry.json	eb9d12a2684b0fbcb5aecf51e8ae54dba0929743	e1443064ba09294701058db89c25a88588e8450c1e14d47188d3ffdf002caf6b	1	failed: aggregation grant admitted; publisher grant unproven (document licence: none); jentic redistribution: CC0-1.0	not-run: licence screen failed	not-run: licence screen failed	rejected	witness-search-jentic/records.tsv:229
jentic	array-item-pointer-walk-oneof	https://raw.githubusercontent.com/jentic/jentic-public-apis/eb9d12a2684b0fbcb5aecf51e8ae54dba0929743/apis/openapi/sellsy.com/main/2.128.0/openapi.json	eb9d12a2684b0fbcb5aecf51e8ae54dba0929743	59af0c76eb50ad3245a839c77db51f3d10711c4d2a7561f7d261c964ae9d97e0	1	failed: aggregation grant admitted; publisher grant unproven (document licence: none); jentic redistribution: CC0-1.0	not-run: licence screen failed	not-run: licence screen failed	rejected	witness-search-jentic/records.tsv:230
apis.guru	oauth2-password	https://api.apis.guru/v2/specs/authentiq.io/1.0/openapi.yaml	no-immutable-ref: served catalogue version URL is mutable; pinned YAML fallback recorded separately	27df916f86d5777beb5917b745028f12a5b569aa673a17c8d1752252b510a6f3	2	failed: no document grant and no publisher grant evidenced (document licence: none)	not-run: licence screen failed	not-run: licence screen failed	rejected	witness-search-apis.guru/records.tsv:16
apis.guru	oauth2-password	https://api.apis.guru/v2/specs/britbox.co.uk/3.730.300-ref-1-39-0/openapi.yaml	no-immutable-ref: served catalogue version URL is mutable; pinned YAML fallback recorded separately	3b28a9e14de5c7ddafdc0292955fdafdce1e4711e0a89b9f5e11a751b63c1b62	4	failed: no document grant and no publisher grant evidenced (document licence: none)	not-run: licence screen failed	not-run: licence screen failed	rejected	witness-search-apis.guru/records.tsv:17
apis.guru	oauth2-password	https://api.apis.guru/v2/specs/contribly.com/1.0.0/openapi.yaml	no-immutable-ref: served catalogue version URL is mutable; pinned YAML fallback recorded separately	50b46856542f0618c8e136a299ad12aa29cdc0c9e0e4b6d90e6f9d614513a640	2	failed: no document grant and no publisher grant evidenced (document licence: none)	not-run: licence screen failed	not-run: licence screen failed	rejected	witness-search-apis.guru/records.tsv:18
apis.guru	oauth2-password	https://api.apis.guru/v2/specs/cpy.re/peertube/5.1.0/openapi.yaml	no-immutable-ref: served catalogue version URL is mutable; pinned YAML fallback recorded separately	12690cdfaefb2f27539ddd12b4ff7e4928dd52520d3d30d571191bd562ed20a9	2	pass	failed: aggregation pin does not establish publisher-byte provenance	not-run: revision screen failed	rejected	witness-search-apis.guru/records.tsv:19
apis.guru	oauth2-password	https://api.apis.guru/v2/specs/fulfillment.com/2.0/openapi.yaml	no-immutable-ref: served catalogue version URL is mutable; pinned YAML fallback recorded separately	e93184bc2e0f3b10859d1540b3915db5947e1e59954b0d8ba7df1ef03de51780	2	failed: no document grant and no publisher grant evidenced (document licence: none)	not-run: licence screen failed	not-run: licence screen failed	rejected	witness-search-apis.guru/records.tsv:20
apis.guru	oauth2-password	https://api.apis.guru/v2/specs/gettyimages.com/3/openapi.yaml	no-immutable-ref: served catalogue version URL is mutable; pinned YAML fallback recorded separately	1a4b82c92fcd14ad4c178c209923feeb0c06d0a378ec136272e1e1b246b9e600	2	failed: no document grant and no publisher grant evidenced (document licence: none)	not-run: licence screen failed	not-run: licence screen failed	rejected	witness-search-apis.guru/records.tsv:21
apis.guru	oauth2-password	https://api.apis.guru/v2/specs/motaword.com/1.0/openapi.yaml	no-immutable-ref: served catalogue version URL is mutable; pinned YAML fallback recorded separately	a24150d9ddaed9b9070861deee24e1fb82f5d1c113cdb8bc7f4e387f0b444016	2	failed: no document grant and no publisher grant evidenced (document licence: none)	not-run: licence screen failed	not-run: licence screen failed	rejected	witness-search-apis.guru/records.tsv:22
apis.guru	oauth2-password	https://api.apis.guru/v2/specs/netatmo.net/1.1.5/openapi.yaml	no-immutable-ref: served catalogue version URL is mutable; pinned YAML fallback recorded separately	2d2a6102ff74d98c3e9970df4cf0c8270b30959b9062e0280ec84fd0eda65795	2	failed: unknown info.license and no publisher grant evidenced (document licence: Netatmo : Terms of Service)	not-run: licence screen failed	not-run: licence screen failed	rejected	witness-search-apis.guru/records.tsv:23
apis.guru	oauth2-password	https://raw.githubusercontent.com/APIs-guru/openapi-directory/f04b8d0bcd39c52e1cf3ad7a5fe744709832ae49/APIs/authentiq.io/1.0/openapi.yaml	f04b8d0bcd39c52e1cf3ad7a5fe744709832ae49	27df916f86d5777beb5917b745028f12a5b569aa673a17c8d1752252b510a6f3	2	failed: no document grant and no publisher grant evidenced (document licence: none)	not-run: licence screen failed	not-run: licence screen failed	rejected	witness-search-apis.guru/records.tsv:24
apis.guru	oauth2-password	https://raw.githubusercontent.com/APIs-guru/openapi-directory/f04b8d0bcd39c52e1cf3ad7a5fe744709832ae49/APIs/britbox.co.uk/3.730.300-ref-1-39-0/openapi.yaml	f04b8d0bcd39c52e1cf3ad7a5fe744709832ae49	3b28a9e14de5c7ddafdc0292955fdafdce1e4711e0a89b9f5e11a751b63c1b62	4	failed: no document grant and no publisher grant evidenced (document licence: none)	not-run: licence screen failed	not-run: licence screen failed	rejected	witness-search-apis.guru/records.tsv:25
apis.guru	oauth2-password	https://raw.githubusercontent.com/APIs-guru/openapi-directory/f04b8d0bcd39c52e1cf3ad7a5fe744709832ae49/APIs/contribly.com/1.0.0/openapi.yaml	f04b8d0bcd39c52e1cf3ad7a5fe744709832ae49	50b46856542f0618c8e136a299ad12aa29cdc0c9e0e4b6d90e6f9d614513a640	2	failed: no document grant and no publisher grant evidenced (document licence: none)	not-run: licence screen failed	not-run: licence screen failed	rejected	witness-search-apis.guru/records.tsv:26
apis.guru	oauth2-password	https://raw.githubusercontent.com/APIs-guru/openapi-directory/f04b8d0bcd39c52e1cf3ad7a5fe744709832ae49/APIs/cpy.re/peertube/5.1.0/openapi.yaml	f04b8d0bcd39c52e1cf3ad7a5fe744709832ae49	12690cdfaefb2f27539ddd12b4ff7e4928dd52520d3d30d571191bd562ed20a9	2	pass	failed: aggregation pin does not establish publisher-byte provenance	not-run: revision screen failed	rejected	witness-search-apis.guru/records.tsv:27
apis.guru	oauth2-password	https://raw.githubusercontent.com/APIs-guru/openapi-directory/f04b8d0bcd39c52e1cf3ad7a5fe744709832ae49/APIs/fulfillment.com/2.0/openapi.yaml	f04b8d0bcd39c52e1cf3ad7a5fe744709832ae49	e93184bc2e0f3b10859d1540b3915db5947e1e59954b0d8ba7df1ef03de51780	2	failed: no document grant and no publisher grant evidenced (document licence: none)	not-run: licence screen failed	not-run: licence screen failed	rejected	witness-search-apis.guru/records.tsv:28
apis.guru	oauth2-password	https://raw.githubusercontent.com/APIs-guru/openapi-directory/f04b8d0bcd39c52e1cf3ad7a5fe744709832ae49/APIs/gettyimages.com/3/openapi.yaml	f04b8d0bcd39c52e1cf3ad7a5fe744709832ae49	1a4b82c92fcd14ad4c178c209923feeb0c06d0a378ec136272e1e1b246b9e600	2	failed: no document grant and no publisher grant evidenced (document licence: none)	not-run: licence screen failed	not-run: licence screen failed	rejected	witness-search-apis.guru/records.tsv:29
apis.guru	oauth2-password	https://raw.githubusercontent.com/APIs-guru/openapi-directory/f04b8d0bcd39c52e1cf3ad7a5fe744709832ae49/APIs/motaword.com/1.0/openapi.yaml	f04b8d0bcd39c52e1cf3ad7a5fe744709832ae49	a24150d9ddaed9b9070861deee24e1fb82f5d1c113cdb8bc7f4e387f0b444016	2	failed: no document grant and no publisher grant evidenced (document licence: none)	not-run: licence screen failed	not-run: licence screen failed	rejected	witness-search-apis.guru/records.tsv:30
apis.guru	oauth2-password	https://raw.githubusercontent.com/APIs-guru/openapi-directory/f04b8d0bcd39c52e1cf3ad7a5fe744709832ae49/APIs/netatmo.net/1.1.5/openapi.yaml	f04b8d0bcd39c52e1cf3ad7a5fe744709832ae49	2d2a6102ff74d98c3e9970df4cf0c8270b30959b9062e0280ec84fd0eda65795	2	failed: unknown info.license and no publisher grant evidenced (document licence: Netatmo : Terms of Service)	not-run: licence screen failed	not-run: licence screen failed	rejected	witness-search-apis.guru/records.tsv:31
jentic	oauth2-password	https://raw.githubusercontent.com/jentic/jentic-public-apis/eb9d12a2684b0fbcb5aecf51e8ae54dba0929743/apis/openapi/%7Bvanity-name%7D.api.visier.io/visier-data-handling/22222222.99201.1256/meta/import/input-bundle.json	eb9d12a2684b0fbcb5aecf51e8ae54dba0929743	618274e0ea8f14634eb23d05cc01877dc65972122e097113b921f665ea73f0ee	2	pass	failed: jentic pin exists but immutable publisher-byte equivalence is not evidenced	not-run: revision screen failed	rejected	witness-search-jentic/records.tsv:231
jentic	oauth2-password	https://raw.githubusercontent.com/jentic/jentic-public-apis/eb9d12a2684b0fbcb5aecf51e8ae54dba0929743/apis/openapi/%7Bvanity-name%7D.api.visier.io/visier-data-handling/22222222.99201.1256/meta/import/input-entry.json	eb9d12a2684b0fbcb5aecf51e8ae54dba0929743	618274e0ea8f14634eb23d05cc01877dc65972122e097113b921f665ea73f0ee	2	pass	failed: jentic pin exists but immutable publisher-byte equivalence is not evidenced	not-run: revision screen failed	rejected	witness-search-jentic/records.tsv:232
jentic	oauth2-password	https://raw.githubusercontent.com/jentic/jentic-public-apis/eb9d12a2684b0fbcb5aecf51e8ae54dba0929743/apis/openapi/%7Bvanity-name%7D.api.visier.io/visier-data-handling/22222222.99201.1256/meta/import/output-bundle.json	eb9d12a2684b0fbcb5aecf51e8ae54dba0929743	618274e0ea8f14634eb23d05cc01877dc65972122e097113b921f665ea73f0ee	2	pass	failed: jentic pin exists but immutable publisher-byte equivalence is not evidenced	not-run: revision screen failed	rejected	witness-search-jentic/records.tsv:233
jentic	oauth2-password	https://raw.githubusercontent.com/jentic/jentic-public-apis/eb9d12a2684b0fbcb5aecf51e8ae54dba0929743/apis/openapi/%7Bvanity-name%7D.api.visier.io/visier-data-handling/22222222.99201.1256/meta/import/output-entry.json	eb9d12a2684b0fbcb5aecf51e8ae54dba0929743	618274e0ea8f14634eb23d05cc01877dc65972122e097113b921f665ea73f0ee	2	pass	failed: jentic pin exists but immutable publisher-byte equivalence is not evidenced	not-run: revision screen failed	rejected	witness-search-jentic/records.tsv:234
jentic	oauth2-password	https://raw.githubusercontent.com/jentic/jentic-public-apis/eb9d12a2684b0fbcb5aecf51e8ae54dba0929743/apis/openapi/%7Bvanity-name%7D.api.visier.io/visier-data-handling/22222222.99201.1256/openapi.json	eb9d12a2684b0fbcb5aecf51e8ae54dba0929743	618274e0ea8f14634eb23d05cc01877dc65972122e097113b921f665ea73f0ee	2	pass	failed: jentic pin exists but immutable publisher-byte equivalence is not evidenced	not-run: revision screen failed	rejected	witness-search-jentic/records.tsv:235
jentic	oauth2-password	https://raw.githubusercontent.com/jentic/jentic-public-apis/eb9d12a2684b0fbcb5aecf51e8ae54dba0929743/apis/openapi/%7Bvanity-name%7D.api.visier.io/visier-data-intake/22222222.99201.1256/meta/import/input-bundle.json	eb9d12a2684b0fbcb5aecf51e8ae54dba0929743	ff7737ed96a591d3bfc6519d60690b956938c0d7736eba998dc0e4c254d380a8	2	pass	failed: jentic pin exists but immutable publisher-byte equivalence is not evidenced	not-run: revision screen failed	rejected	witness-search-jentic/records.tsv:236
jentic	oauth2-password	https://raw.githubusercontent.com/jentic/jentic-public-apis/eb9d12a2684b0fbcb5aecf51e8ae54dba0929743/apis/openapi/%7Bvanity-name%7D.api.visier.io/visier-data-intake/22222222.99201.1256/meta/import/input-entry.json	eb9d12a2684b0fbcb5aecf51e8ae54dba0929743	ff7737ed96a591d3bfc6519d60690b956938c0d7736eba998dc0e4c254d380a8	2	pass	failed: jentic pin exists but immutable publisher-byte equivalence is not evidenced	not-run: revision screen failed	rejected	witness-search-jentic/records.tsv:237
jentic	oauth2-password	https://raw.githubusercontent.com/jentic/jentic-public-apis/eb9d12a2684b0fbcb5aecf51e8ae54dba0929743/apis/openapi/%7Bvanity-name%7D.api.visier.io/visier-data-intake/22222222.99201.1256/meta/import/output-bundle.json	eb9d12a2684b0fbcb5aecf51e8ae54dba0929743	ff7737ed96a591d3bfc6519d60690b956938c0d7736eba998dc0e4c254d380a8	2	pass	failed: jentic pin exists but immutable publisher-byte equivalence is not evidenced	not-run: revision screen failed	rejected	witness-search-jentic/records.tsv:238
jentic	oauth2-password	https://raw.githubusercontent.com/jentic/jentic-public-apis/eb9d12a2684b0fbcb5aecf51e8ae54dba0929743/apis/openapi/%7Bvanity-name%7D.api.visier.io/visier-data-intake/22222222.99201.1256/meta/import/output-entry.json	eb9d12a2684b0fbcb5aecf51e8ae54dba0929743	ff7737ed96a591d3bfc6519d60690b956938c0d7736eba998dc0e4c254d380a8	2	pass	failed: jentic pin exists but immutable publisher-byte equivalence is not evidenced	not-run: revision screen failed	rejected	witness-search-jentic/records.tsv:239
jentic	oauth2-password	https://raw.githubusercontent.com/jentic/jentic-public-apis/eb9d12a2684b0fbcb5aecf51e8ae54dba0929743/apis/openapi/%7Bvanity-name%7D.api.visier.io/visier-data-intake/22222222.99201.1256/openapi.json	eb9d12a2684b0fbcb5aecf51e8ae54dba0929743	ff7737ed96a591d3bfc6519d60690b956938c0d7736eba998dc0e4c254d380a8	2	pass	failed: jentic pin exists but immutable publisher-byte equivalence is not evidenced	not-run: revision screen failed	rejected	witness-search-jentic/records.tsv:240
jentic	oauth2-password	https://raw.githubusercontent.com/jentic/jentic-public-apis/eb9d12a2684b0fbcb5aecf51e8ae54dba0929743/apis/openapi/%7Bvanity-name%7D.api.visier.io/visier-document-search/22222222.99201.1256/meta/import/input-bundle.json	eb9d12a2684b0fbcb5aecf51e8ae54dba0929743	c93044919ca7208f96fe55c9607491ae65ea2e7f6fd22d46d268430f703dfac4	2	pass	failed: jentic pin exists but immutable publisher-byte equivalence is not evidenced	not-run: revision screen failed	rejected	witness-search-jentic/records.tsv:241
jentic	oauth2-password	https://raw.githubusercontent.com/jentic/jentic-public-apis/eb9d12a2684b0fbcb5aecf51e8ae54dba0929743/apis/openapi/%7Bvanity-name%7D.api.visier.io/visier-document-search/22222222.99201.1256/meta/import/input-entry.json	eb9d12a2684b0fbcb5aecf51e8ae54dba0929743	c93044919ca7208f96fe55c9607491ae65ea2e7f6fd22d46d268430f703dfac4	2	pass	failed: jentic pin exists but immutable publisher-byte equivalence is not evidenced	not-run: revision screen failed	rejected	witness-search-jentic/records.tsv:242
jentic	oauth2-password	https://raw.githubusercontent.com/jentic/jentic-public-apis/eb9d12a2684b0fbcb5aecf51e8ae54dba0929743/apis/openapi/%7Bvanity-name%7D.api.visier.io/visier-document-search/22222222.99201.1256/meta/import/output-bundle.json	eb9d12a2684b0fbcb5aecf51e8ae54dba0929743	c93044919ca7208f96fe55c9607491ae65ea2e7f6fd22d46d268430f703dfac4	2	pass	failed: jentic pin exists but immutable publisher-byte equivalence is not evidenced	not-run: revision screen failed	rejected	witness-search-jentic/records.tsv:243
jentic	oauth2-password	https://raw.githubusercontent.com/jentic/jentic-public-apis/eb9d12a2684b0fbcb5aecf51e8ae54dba0929743/apis/openapi/%7Bvanity-name%7D.api.visier.io/visier-document-search/22222222.99201.1256/meta/import/output-entry.json	eb9d12a2684b0fbcb5aecf51e8ae54dba0929743	c93044919ca7208f96fe55c9607491ae65ea2e7f6fd22d46d268430f703dfac4	2	pass	failed: jentic pin exists but immutable publisher-byte equivalence is not evidenced	not-run: revision screen failed	rejected	witness-search-jentic/records.tsv:244
jentic	oauth2-password	https://raw.githubusercontent.com/jentic/jentic-public-apis/eb9d12a2684b0fbcb5aecf51e8ae54dba0929743/apis/openapi/%7Bvanity-name%7D.api.visier.io/visier-document-search/22222222.99201.1256/openapi.json	eb9d12a2684b0fbcb5aecf51e8ae54dba0929743	c93044919ca7208f96fe55c9607491ae65ea2e7f6fd22d46d268430f703dfac4	2	pass	failed: jentic pin exists but immutable publisher-byte equivalence is not evidenced	not-run: revision screen failed	rejected	witness-search-jentic/records.tsv:245
jentic	oauth2-password	https://raw.githubusercontent.com/jentic/jentic-public-apis/eb9d12a2684b0fbcb5aecf51e8ae54dba0929743/apis/openapi/%7Bvanity-name%7D.api.visier.io/visier-model-query/22222222.99201.1256/meta/import/input-bundle.json	eb9d12a2684b0fbcb5aecf51e8ae54dba0929743	0c8b0e349e31961a920196e46ec54595fd8f1deaa6ebfdfce7dbaf2c3017f6d4	2	pass	failed: jentic pin exists but immutable publisher-byte equivalence is not evidenced	not-run: revision screen failed	rejected	witness-search-jentic/records.tsv:246
jentic	oauth2-password	https://raw.githubusercontent.com/jentic/jentic-public-apis/eb9d12a2684b0fbcb5aecf51e8ae54dba0929743/apis/openapi/%7Bvanity-name%7D.api.visier.io/visier-model-query/22222222.99201.1256/meta/import/input-entry.json	eb9d12a2684b0fbcb5aecf51e8ae54dba0929743	0c8b0e349e31961a920196e46ec54595fd8f1deaa6ebfdfce7dbaf2c3017f6d4	2	pass	failed: jentic pin exists but immutable publisher-byte equivalence is not evidenced	not-run: revision screen failed	rejected	witness-search-jentic/records.tsv:247
jentic	oauth2-password	https://raw.githubusercontent.com/jentic/jentic-public-apis/eb9d12a2684b0fbcb5aecf51e8ae54dba0929743/apis/openapi/%7Bvanity-name%7D.api.visier.io/visier-model-query/22222222.99201.1256/meta/import/output-bundle.json	eb9d12a2684b0fbcb5aecf51e8ae54dba0929743	0c8b0e349e31961a920196e46ec54595fd8f1deaa6ebfdfce7dbaf2c3017f6d4	2	pass	failed: jentic pin exists but immutable publisher-byte equivalence is not evidenced	not-run: revision screen failed	rejected	witness-search-jentic/records.tsv:248
jentic	oauth2-password	https://raw.githubusercontent.com/jentic/jentic-public-apis/eb9d12a2684b0fbcb5aecf51e8ae54dba0929743/apis/openapi/%7Bvanity-name%7D.api.visier.io/visier-model-query/22222222.99201.1256/meta/import/output-entry.json	eb9d12a2684b0fbcb5aecf51e8ae54dba0929743	0c8b0e349e31961a920196e46ec54595fd8f1deaa6ebfdfce7dbaf2c3017f6d4	2	pass	failed: jentic pin exists but immutable publisher-byte equivalence is not evidenced	not-run: revision screen failed	rejected	witness-search-jentic/records.tsv:249
jentic	oauth2-password	https://raw.githubusercontent.com/jentic/jentic-public-apis/eb9d12a2684b0fbcb5aecf51e8ae54dba0929743/apis/openapi/%7Bvanity-name%7D.api.visier.io/visier-model-query/22222222.99201.1256/openapi.json	eb9d12a2684b0fbcb5aecf51e8ae54dba0929743	0c8b0e349e31961a920196e46ec54595fd8f1deaa6ebfdfce7dbaf2c3017f6d4	2	pass	failed: jentic pin exists but immutable publisher-byte equivalence is not evidenced	not-run: revision screen failed	rejected	witness-search-jentic/records.tsv:250
jentic	oauth2-password	https://raw.githubusercontent.com/jentic/jentic-public-apis/eb9d12a2684b0fbcb5aecf51e8ae54dba0929743/apis/openapi/%7Bvanity-name%7D.api.visier.io/visier-object-configuration/22222222.99201.1256/meta/import/input-bundle.json	eb9d12a2684b0fbcb5aecf51e8ae54dba0929743	69cfaac0300ffd71230be835273ead903d58e79be8546a3a325091386bfa2da1	2	pass	failed: jentic pin exists but immutable publisher-byte equivalence is not evidenced	not-run: revision screen failed	rejected	witness-search-jentic/records.tsv:251
jentic	oauth2-password	https://raw.githubusercontent.com/jentic/jentic-public-apis/eb9d12a2684b0fbcb5aecf51e8ae54dba0929743/apis/openapi/%7Bvanity-name%7D.api.visier.io/visier-object-configuration/22222222.99201.1256/meta/import/input-entry.json	eb9d12a2684b0fbcb5aecf51e8ae54dba0929743	69cfaac0300ffd71230be835273ead903d58e79be8546a3a325091386bfa2da1	2	pass	failed: jentic pin exists but immutable publisher-byte equivalence is not evidenced	not-run: revision screen failed	rejected	witness-search-jentic/records.tsv:252
jentic	oauth2-password	https://raw.githubusercontent.com/jentic/jentic-public-apis/eb9d12a2684b0fbcb5aecf51e8ae54dba0929743/apis/openapi/%7Bvanity-name%7D.api.visier.io/visier-object-configuration/22222222.99201.1256/meta/import/output-bundle.json	eb9d12a2684b0fbcb5aecf51e8ae54dba0929743	69cfaac0300ffd71230be835273ead903d58e79be8546a3a325091386bfa2da1	2	pass	failed: jentic pin exists but immutable publisher-byte equivalence is not evidenced	not-run: revision screen failed	rejected	witness-search-jentic/records.tsv:253
jentic	oauth2-password	https://raw.githubusercontent.com/jentic/jentic-public-apis/eb9d12a2684b0fbcb5aecf51e8ae54dba0929743/apis/openapi/%7Bvanity-name%7D.api.visier.io/visier-object-configuration/22222222.99201.1256/meta/import/output-entry.json	eb9d12a2684b0fbcb5aecf51e8ae54dba0929743	69cfaac0300ffd71230be835273ead903d58e79be8546a3a325091386bfa2da1	2	pass	failed: jentic pin exists but immutable publisher-byte equivalence is not evidenced	not-run: revision screen failed	rejected	witness-search-jentic/records.tsv:254
jentic	oauth2-password	https://raw.githubusercontent.com/jentic/jentic-public-apis/eb9d12a2684b0fbcb5aecf51e8ae54dba0929743/apis/openapi/%7Bvanity-name%7D.api.visier.io/visier-object-configuration/22222222.99201.1256/openapi.json	eb9d12a2684b0fbcb5aecf51e8ae54dba0929743	69cfaac0300ffd71230be835273ead903d58e79be8546a3a325091386bfa2da1	2	pass	failed: jentic pin exists but immutable publisher-byte equivalence is not evidenced	not-run: revision screen failed	rejected	witness-search-jentic/records.tsv:255
jentic	oauth2-password	https://raw.githubusercontent.com/jentic/jentic-public-apis/eb9d12a2684b0fbcb5aecf51e8ae54dba0929743/apis/openapi/%7Bvanity-name%7D.api.visier.io/visier-permission-management/22222222.99201.1256/meta/import/input-bundle.json	eb9d12a2684b0fbcb5aecf51e8ae54dba0929743	99275c4fbbb27961113146034a57c5977a54c3daf8116c6d7e227197f102484a	2	pass	failed: jentic pin exists but immutable publisher-byte equivalence is not evidenced	not-run: revision screen failed	rejected	witness-search-jentic/records.tsv:256
jentic	oauth2-password	https://raw.githubusercontent.com/jentic/jentic-public-apis/eb9d12a2684b0fbcb5aecf51e8ae54dba0929743/apis/openapi/%7Bvanity-name%7D.api.visier.io/visier-permission-management/22222222.99201.1256/meta/import/input-entry.json	eb9d12a2684b0fbcb5aecf51e8ae54dba0929743	99275c4fbbb27961113146034a57c5977a54c3daf8116c6d7e227197f102484a	2	pass	failed: jentic pin exists but immutable publisher-byte equivalence is not evidenced	not-run: revision screen failed	rejected	witness-search-jentic/records.tsv:257
jentic	oauth2-password	https://raw.githubusercontent.com/jentic/jentic-public-apis/eb9d12a2684b0fbcb5aecf51e8ae54dba0929743/apis/openapi/%7Bvanity-name%7D.api.visier.io/visier-permission-management/22222222.99201.1256/meta/import/output-bundle.json	eb9d12a2684b0fbcb5aecf51e8ae54dba0929743	99275c4fbbb27961113146034a57c5977a54c3daf8116c6d7e227197f102484a	2	pass	failed: jentic pin exists but immutable publisher-byte equivalence is not evidenced	not-run: revision screen failed	rejected	witness-search-jentic/records.tsv:258
jentic	oauth2-password	https://raw.githubusercontent.com/jentic/jentic-public-apis/eb9d12a2684b0fbcb5aecf51e8ae54dba0929743/apis/openapi/%7Bvanity-name%7D.api.visier.io/visier-permission-management/22222222.99201.1256/meta/import/output-entry.json	eb9d12a2684b0fbcb5aecf51e8ae54dba0929743	99275c4fbbb27961113146034a57c5977a54c3daf8116c6d7e227197f102484a	2	pass	failed: jentic pin exists but immutable publisher-byte equivalence is not evidenced	not-run: revision screen failed	rejected	witness-search-jentic/records.tsv:259
jentic	oauth2-password	https://raw.githubusercontent.com/jentic/jentic-public-apis/eb9d12a2684b0fbcb5aecf51e8ae54dba0929743/apis/openapi/%7Bvanity-name%7D.api.visier.io/visier-permission-management/22222222.99201.1256/openapi.json	eb9d12a2684b0fbcb5aecf51e8ae54dba0929743	99275c4fbbb27961113146034a57c5977a54c3daf8116c6d7e227197f102484a	2	pass	failed: jentic pin exists but immutable publisher-byte equivalence is not evidenced	not-run: revision screen failed	rejected	witness-search-jentic/records.tsv:260
jentic	oauth2-password	https://raw.githubusercontent.com/jentic/jentic-public-apis/eb9d12a2684b0fbcb5aecf51e8ae54dba0929743/apis/openapi/%7Bvanity-name%7D.api.visier.io/visier-profile-management/22222222.99201.1256/meta/import/input-bundle.json	eb9d12a2684b0fbcb5aecf51e8ae54dba0929743	cc7b73351a688fb9142d6a3ac41e4038918d0a58951e894af3e87ddb222391f7	2	pass	failed: jentic pin exists but immutable publisher-byte equivalence is not evidenced	not-run: revision screen failed	rejected	witness-search-jentic/records.tsv:261
jentic	oauth2-password	https://raw.githubusercontent.com/jentic/jentic-public-apis/eb9d12a2684b0fbcb5aecf51e8ae54dba0929743/apis/openapi/%7Bvanity-name%7D.api.visier.io/visier-profile-management/22222222.99201.1256/meta/import/input-entry.json	eb9d12a2684b0fbcb5aecf51e8ae54dba0929743	cc7b73351a688fb9142d6a3ac41e4038918d0a58951e894af3e87ddb222391f7	2	pass	failed: jentic pin exists but immutable publisher-byte equivalence is not evidenced	not-run: revision screen failed	rejected	witness-search-jentic/records.tsv:262
jentic	oauth2-password	https://raw.githubusercontent.com/jentic/jentic-public-apis/eb9d12a2684b0fbcb5aecf51e8ae54dba0929743/apis/openapi/%7Bvanity-name%7D.api.visier.io/visier-profile-management/22222222.99201.1256/meta/import/output-bundle.json	eb9d12a2684b0fbcb5aecf51e8ae54dba0929743	cc7b73351a688fb9142d6a3ac41e4038918d0a58951e894af3e87ddb222391f7	2	pass	failed: jentic pin exists but immutable publisher-byte equivalence is not evidenced	not-run: revision screen failed	rejected	witness-search-jentic/records.tsv:263
jentic	oauth2-password	https://raw.githubusercontent.com/jentic/jentic-public-apis/eb9d12a2684b0fbcb5aecf51e8ae54dba0929743/apis/openapi/%7Bvanity-name%7D.api.visier.io/visier-profile-management/22222222.99201.1256/meta/import/output-entry.json	eb9d12a2684b0fbcb5aecf51e8ae54dba0929743	cc7b73351a688fb9142d6a3ac41e4038918d0a58951e894af3e87ddb222391f7	2	pass	failed: jentic pin exists but immutable publisher-byte equivalence is not evidenced	not-run: revision screen failed	rejected	witness-search-jentic/records.tsv:264
jentic	oauth2-password	https://raw.githubusercontent.com/jentic/jentic-public-apis/eb9d12a2684b0fbcb5aecf51e8ae54dba0929743/apis/openapi/%7Bvanity-name%7D.api.visier.io/visier-profile-management/22222222.99201.1256/openapi.json	eb9d12a2684b0fbcb5aecf51e8ae54dba0929743	cc7b73351a688fb9142d6a3ac41e4038918d0a58951e894af3e87ddb222391f7	2	pass	failed: jentic pin exists but immutable publisher-byte equivalence is not evidenced	not-run: revision screen failed	rejected	witness-search-jentic/records.tsv:265
jentic	oauth2-password	https://raw.githubusercontent.com/jentic/jentic-public-apis/eb9d12a2684b0fbcb5aecf51e8ae54dba0929743/apis/openapi/%7Bvanity-name%7D.api.visier.io/visier-tenant-management/22222222.99201.1256/meta/import/input-bundle.json	eb9d12a2684b0fbcb5aecf51e8ae54dba0929743	3212020030c4add69afc6ad7ac55fe11ff2952bf683744f730d37a20bccf3dd0	2	pass	failed: jentic pin exists but immutable publisher-byte equivalence is not evidenced	not-run: revision screen failed	rejected	witness-search-jentic/records.tsv:266
jentic	oauth2-password	https://raw.githubusercontent.com/jentic/jentic-public-apis/eb9d12a2684b0fbcb5aecf51e8ae54dba0929743/apis/openapi/%7Bvanity-name%7D.api.visier.io/visier-tenant-management/22222222.99201.1256/meta/import/input-entry.json	eb9d12a2684b0fbcb5aecf51e8ae54dba0929743	3212020030c4add69afc6ad7ac55fe11ff2952bf683744f730d37a20bccf3dd0	2	pass	failed: jentic pin exists but immutable publisher-byte equivalence is not evidenced	not-run: revision screen failed	rejected	witness-search-jentic/records.tsv:267
jentic	oauth2-password	https://raw.githubusercontent.com/jentic/jentic-public-apis/eb9d12a2684b0fbcb5aecf51e8ae54dba0929743/apis/openapi/%7Bvanity-name%7D.api.visier.io/visier-tenant-management/22222222.99201.1256/meta/import/output-bundle.json	eb9d12a2684b0fbcb5aecf51e8ae54dba0929743	3212020030c4add69afc6ad7ac55fe11ff2952bf683744f730d37a20bccf3dd0	2	pass	failed: jentic pin exists but immutable publisher-byte equivalence is not evidenced	not-run: revision screen failed	rejected	witness-search-jentic/records.tsv:268
jentic	oauth2-password	https://raw.githubusercontent.com/jentic/jentic-public-apis/eb9d12a2684b0fbcb5aecf51e8ae54dba0929743/apis/openapi/%7Bvanity-name%7D.api.visier.io/visier-tenant-management/22222222.99201.1256/meta/import/output-entry.json	eb9d12a2684b0fbcb5aecf51e8ae54dba0929743	3212020030c4add69afc6ad7ac55fe11ff2952bf683744f730d37a20bccf3dd0	2	pass	failed: jentic pin exists but immutable publisher-byte equivalence is not evidenced	not-run: revision screen failed	rejected	witness-search-jentic/records.tsv:269
jentic	oauth2-password	https://raw.githubusercontent.com/jentic/jentic-public-apis/eb9d12a2684b0fbcb5aecf51e8ae54dba0929743/apis/openapi/%7Bvanity-name%7D.api.visier.io/visier-tenant-management/22222222.99201.1256/openapi.json	eb9d12a2684b0fbcb5aecf51e8ae54dba0929743	3212020030c4add69afc6ad7ac55fe11ff2952bf683744f730d37a20bccf3dd0	2	pass	failed: jentic pin exists but immutable publisher-byte equivalence is not evidenced	not-run: revision screen failed	rejected	witness-search-jentic/records.tsv:270
jentic	oauth2-password	https://raw.githubusercontent.com/jentic/jentic-public-apis/eb9d12a2684b0fbcb5aecf51e8ae54dba0929743/apis/openapi/%7Bvanity-name%7D.api.visier.io/visier-user-management/22222222.99201.1256/meta/import/input-bundle.json	eb9d12a2684b0fbcb5aecf51e8ae54dba0929743	d9895573f4ab34add91a3c638608cef34caa9b98492756a402ec3e1c51bfa511	2	pass	failed: jentic pin exists but immutable publisher-byte equivalence is not evidenced	not-run: revision screen failed	rejected	witness-search-jentic/records.tsv:271
jentic	oauth2-password	https://raw.githubusercontent.com/jentic/jentic-public-apis/eb9d12a2684b0fbcb5aecf51e8ae54dba0929743/apis/openapi/%7Bvanity-name%7D.api.visier.io/visier-user-management/22222222.99201.1256/meta/import/input-entry.json	eb9d12a2684b0fbcb5aecf51e8ae54dba0929743	d9895573f4ab34add91a3c638608cef34caa9b98492756a402ec3e1c51bfa511	2	pass	failed: jentic pin exists but immutable publisher-byte equivalence is not evidenced	not-run: revision screen failed	rejected	witness-search-jentic/records.tsv:272
jentic	oauth2-password	https://raw.githubusercontent.com/jentic/jentic-public-apis/eb9d12a2684b0fbcb5aecf51e8ae54dba0929743/apis/openapi/%7Bvanity-name%7D.api.visier.io/visier-user-management/22222222.99201.1256/meta/import/output-bundle.json	eb9d12a2684b0fbcb5aecf51e8ae54dba0929743	d9895573f4ab34add91a3c638608cef34caa9b98492756a402ec3e1c51bfa511	2	pass	failed: jentic pin exists but immutable publisher-byte equivalence is not evidenced	not-run: revision screen failed	rejected	witness-search-jentic/records.tsv:273
jentic	oauth2-password	https://raw.githubusercontent.com/jentic/jentic-public-apis/eb9d12a2684b0fbcb5aecf51e8ae54dba0929743/apis/openapi/%7Bvanity-name%7D.api.visier.io/visier-user-management/22222222.99201.1256/meta/import/output-entry.json	eb9d12a2684b0fbcb5aecf51e8ae54dba0929743	d9895573f4ab34add91a3c638608cef34caa9b98492756a402ec3e1c51bfa511	2	pass	failed: jentic pin exists but immutable publisher-byte equivalence is not evidenced	not-run: revision screen failed	rejected	witness-search-jentic/records.tsv:274
jentic	oauth2-password	https://raw.githubusercontent.com/jentic/jentic-public-apis/eb9d12a2684b0fbcb5aecf51e8ae54dba0929743/apis/openapi/%7Bvanity-name%7D.api.visier.io/visier-user-management/22222222.99201.1256/openapi.json	eb9d12a2684b0fbcb5aecf51e8ae54dba0929743	d9895573f4ab34add91a3c638608cef34caa9b98492756a402ec3e1c51bfa511	2	pass	failed: jentic pin exists but immutable publisher-byte equivalence is not evidenced	not-run: revision screen failed	rejected	witness-search-jentic/records.tsv:275
jentic	oauth2-password	https://raw.githubusercontent.com/jentic/jentic-public-apis/eb9d12a2684b0fbcb5aecf51e8ae54dba0929743/apis/openapi/7shifts.com/7-shifts/2023-05-01/meta/import/input-bundle.json	eb9d12a2684b0fbcb5aecf51e8ae54dba0929743	0aa25f44905d314ab6e1e9517f33c6deecba25f966c8559eb93d89357bb4ae75	2	failed: aggregation grant admitted; publisher grant unproven (document licence: none); jentic redistribution: CC0-1.0	not-run: licence screen failed	not-run: licence screen failed	rejected	witness-search-jentic/records.tsv:276
jentic	oauth2-password	https://raw.githubusercontent.com/jentic/jentic-public-apis/eb9d12a2684b0fbcb5aecf51e8ae54dba0929743/apis/openapi/7shifts.com/7-shifts/2023-05-01/meta/import/input-entry.json	eb9d12a2684b0fbcb5aecf51e8ae54dba0929743	0aa25f44905d314ab6e1e9517f33c6deecba25f966c8559eb93d89357bb4ae75	2	failed: aggregation grant admitted; publisher grant unproven (document licence: none); jentic redistribution: CC0-1.0	not-run: licence screen failed	not-run: licence screen failed	rejected	witness-search-jentic/records.tsv:277
jentic	oauth2-password	https://raw.githubusercontent.com/jentic/jentic-public-apis/eb9d12a2684b0fbcb5aecf51e8ae54dba0929743/apis/openapi/7shifts.com/7-shifts/2023-05-01/meta/import/output-bundle.json	eb9d12a2684b0fbcb5aecf51e8ae54dba0929743	0aa25f44905d314ab6e1e9517f33c6deecba25f966c8559eb93d89357bb4ae75	2	failed: aggregation grant admitted; publisher grant unproven (document licence: none); jentic redistribution: CC0-1.0	not-run: licence screen failed	not-run: licence screen failed	rejected	witness-search-jentic/records.tsv:278
jentic	oauth2-password	https://raw.githubusercontent.com/jentic/jentic-public-apis/eb9d12a2684b0fbcb5aecf51e8ae54dba0929743/apis/openapi/7shifts.com/7-shifts/2023-05-01/meta/import/output-entry.json	eb9d12a2684b0fbcb5aecf51e8ae54dba0929743	0aa25f44905d314ab6e1e9517f33c6deecba25f966c8559eb93d89357bb4ae75	2	failed: aggregation grant admitted; publisher grant unproven (document licence: none); jentic redistribution: CC0-1.0	not-run: licence screen failed	not-run: licence screen failed	rejected	witness-search-jentic/records.tsv:279
jentic	oauth2-password	https://raw.githubusercontent.com/jentic/jentic-public-apis/eb9d12a2684b0fbcb5aecf51e8ae54dba0929743/apis/openapi/7shifts.com/7-shifts/2023-05-01/openapi.json	eb9d12a2684b0fbcb5aecf51e8ae54dba0929743	0aa25f44905d314ab6e1e9517f33c6deecba25f966c8559eb93d89357bb4ae75	2	failed: aggregation grant admitted; publisher grant unproven (document licence: none); jentic redistribution: CC0-1.0	not-run: licence screen failed	not-run: licence screen failed	rejected	witness-search-jentic/records.tsv:280
jentic	oauth2-password	https://raw.githubusercontent.com/jentic/jentic-public-apis/eb9d12a2684b0fbcb5aecf51e8ae54dba0929743/apis/openapi/authentiq.io/main/1.0/meta/import/input-bundled.json	eb9d12a2684b0fbcb5aecf51e8ae54dba0929743	f1a302e91aba7b479b519ecf372162e3804785f51553cf6564c81c2691de5096	2	failed: no evidenced publisher redistribution grant (document licence: none); jentic redistribution: CC0-1.0	not-run: licence screen failed	not-run: licence screen failed	rejected	witness-search-jentic/records.tsv:281
jentic	oauth2-password	https://raw.githubusercontent.com/jentic/jentic-public-apis/eb9d12a2684b0fbcb5aecf51e8ae54dba0929743/apis/openapi/authentiq.io/main/1.0/meta/import/input-entry.json	eb9d12a2684b0fbcb5aecf51e8ae54dba0929743	f1a302e91aba7b479b519ecf372162e3804785f51553cf6564c81c2691de5096	2	failed: no evidenced publisher redistribution grant (document licence: none); jentic redistribution: CC0-1.0	not-run: licence screen failed	not-run: licence screen failed	rejected	witness-search-jentic/records.tsv:282
jentic	oauth2-password	https://raw.githubusercontent.com/jentic/jentic-public-apis/eb9d12a2684b0fbcb5aecf51e8ae54dba0929743/apis/openapi/authentiq.io/main/1.0/meta/import/output-bundled.json	eb9d12a2684b0fbcb5aecf51e8ae54dba0929743	f1a302e91aba7b479b519ecf372162e3804785f51553cf6564c81c2691de5096	2	failed: no evidenced publisher redistribution grant (document licence: none); jentic redistribution: CC0-1.0	not-run: licence screen failed	not-run: licence screen failed	rejected	witness-search-jentic/records.tsv:283
jentic	oauth2-password	https://raw.githubusercontent.com/jentic/jentic-public-apis/eb9d12a2684b0fbcb5aecf51e8ae54dba0929743/apis/openapi/authentiq.io/main/1.0/meta/import/output-entry.json	eb9d12a2684b0fbcb5aecf51e8ae54dba0929743	f1a302e91aba7b479b519ecf372162e3804785f51553cf6564c81c2691de5096	2	failed: no evidenced publisher redistribution grant (document licence: none); jentic redistribution: CC0-1.0	not-run: licence screen failed	not-run: licence screen failed	rejected	witness-search-jentic/records.tsv:284
jentic	oauth2-password	https://raw.githubusercontent.com/jentic/jentic-public-apis/eb9d12a2684b0fbcb5aecf51e8ae54dba0929743/apis/openapi/authentiq.io/main/1.0/openapi.json	eb9d12a2684b0fbcb5aecf51e8ae54dba0929743	f1a302e91aba7b479b519ecf372162e3804785f51553cf6564c81c2691de5096	2	failed: no evidenced publisher redistribution grant (document licence: none); jentic redistribution: CC0-1.0	not-run: licence screen failed	not-run: licence screen failed	rejected	witness-search-jentic/records.tsv:285
jentic	oauth2-password	https://raw.githubusercontent.com/jentic/jentic-public-apis/eb9d12a2684b0fbcb5aecf51e8ae54dba0929743/apis/openapi/axosoft.com/main/6.0.0/meta/import/input-bundle.json	eb9d12a2684b0fbcb5aecf51e8ae54dba0929743	723c05a45b2944631a401bb9a37fa07e3bf7a01d1645b3b0ba6ed79761541a85	2	failed: no evidenced publisher redistribution grant (document licence: none); jentic redistribution: CC0-1.0	not-run: licence screen failed	not-run: licence screen failed	rejected	witness-search-jentic/records.tsv:286
jentic	oauth2-password	https://raw.githubusercontent.com/jentic/jentic-public-apis/eb9d12a2684b0fbcb5aecf51e8ae54dba0929743/apis/openapi/axosoft.com/main/6.0.0/meta/import/input-entry.json	eb9d12a2684b0fbcb5aecf51e8ae54dba0929743	723c05a45b2944631a401bb9a37fa07e3bf7a01d1645b3b0ba6ed79761541a85	2	failed: no evidenced publisher redistribution grant (document licence: none); jentic redistribution: CC0-1.0	not-run: licence screen failed	not-run: licence screen failed	rejected	witness-search-jentic/records.tsv:287
jentic	oauth2-password	https://raw.githubusercontent.com/jentic/jentic-public-apis/eb9d12a2684b0fbcb5aecf51e8ae54dba0929743/apis/openapi/axosoft.com/main/6.0.0/meta/import/output-bundle.json	eb9d12a2684b0fbcb5aecf51e8ae54dba0929743	723c05a45b2944631a401bb9a37fa07e3bf7a01d1645b3b0ba6ed79761541a85	2	failed: no evidenced publisher redistribution grant (document licence: none); jentic redistribution: CC0-1.0	not-run: licence screen failed	not-run: licence screen failed	rejected	witness-search-jentic/records.tsv:288
jentic	oauth2-password	https://raw.githubusercontent.com/jentic/jentic-public-apis/eb9d12a2684b0fbcb5aecf51e8ae54dba0929743/apis/openapi/axosoft.com/main/6.0.0/meta/import/output-entry.json	eb9d12a2684b0fbcb5aecf51e8ae54dba0929743	723c05a45b2944631a401bb9a37fa07e3bf7a01d1645b3b0ba6ed79761541a85	2	failed: no evidenced publisher redistribution grant (document licence: none); jentic redistribution: CC0-1.0	not-run: licence screen failed	not-run: licence screen failed	rejected	witness-search-jentic/records.tsv:289
jentic	oauth2-password	https://raw.githubusercontent.com/jentic/jentic-public-apis/eb9d12a2684b0fbcb5aecf51e8ae54dba0929743/apis/openapi/axosoft.com/main/6.0.0/openapi.json	eb9d12a2684b0fbcb5aecf51e8ae54dba0929743	723c05a45b2944631a401bb9a37fa07e3bf7a01d1645b3b0ba6ed79761541a85	2	failed: no evidenced publisher redistribution grant (document licence: none); jentic redistribution: CC0-1.0	not-run: licence screen failed	not-run: licence screen failed	rejected	witness-search-jentic/records.tsv:290
jentic	oauth2-password	https://raw.githubusercontent.com/jentic/jentic-public-apis/eb9d12a2684b0fbcb5aecf51e8ae54dba0929743/apis/openapi/cloudfoundry.org/main/3.151.0/meta/import/input-bundle.json	eb9d12a2684b0fbcb5aecf51e8ae54dba0929743	97baf3c811e700f5f1f9524c879dc5ada7aaabe6828e956c352a62aa40fc6085	2	pass	failed: jentic pin exists but immutable publisher-byte equivalence is not evidenced	not-run: revision screen failed	rejected	witness-search-jentic/records.tsv:291
jentic	oauth2-password	https://raw.githubusercontent.com/jentic/jentic-public-apis/eb9d12a2684b0fbcb5aecf51e8ae54dba0929743/apis/openapi/cloudfoundry.org/main/3.151.0/meta/import/input-entry.json	eb9d12a2684b0fbcb5aecf51e8ae54dba0929743	97baf3c811e700f5f1f9524c879dc5ada7aaabe6828e956c352a62aa40fc6085	2	pass	failed: jentic pin exists but immutable publisher-byte equivalence is not evidenced	not-run: revision screen failed	rejected	witness-search-jentic/records.tsv:292
jentic	oauth2-password	https://raw.githubusercontent.com/jentic/jentic-public-apis/eb9d12a2684b0fbcb5aecf51e8ae54dba0929743/apis/openapi/cloudfoundry.org/main/3.151.0/meta/import/output-bundle.json	eb9d12a2684b0fbcb5aecf51e8ae54dba0929743	97baf3c811e700f5f1f9524c879dc5ada7aaabe6828e956c352a62aa40fc6085	2	pass	failed: jentic pin exists but immutable publisher-byte equivalence is not evidenced	not-run: revision screen failed	rejected	witness-search-jentic/records.tsv:293
jentic	oauth2-password	https://raw.githubusercontent.com/jentic/jentic-public-apis/eb9d12a2684b0fbcb5aecf51e8ae54dba0929743/apis/openapi/cloudfoundry.org/main/3.151.0/meta/import/output-entry.json	eb9d12a2684b0fbcb5aecf51e8ae54dba0929743	97baf3c811e700f5f1f9524c879dc5ada7aaabe6828e956c352a62aa40fc6085	2	pass	failed: jentic pin exists but immutable publisher-byte equivalence is not evidenced	not-run: revision screen failed	rejected	witness-search-jentic/records.tsv:294
jentic	oauth2-password	https://raw.githubusercontent.com/jentic/jentic-public-apis/eb9d12a2684b0fbcb5aecf51e8ae54dba0929743/apis/openapi/cloudfoundry.org/main/3.151.0/openapi.json	eb9d12a2684b0fbcb5aecf51e8ae54dba0929743	97baf3c811e700f5f1f9524c879dc5ada7aaabe6828e956c352a62aa40fc6085	2	pass	failed: jentic pin exists but immutable publisher-byte equivalence is not evidenced	not-run: revision screen failed	rejected	witness-search-jentic/records.tsv:295
jentic	oauth2-password	https://raw.githubusercontent.com/jentic/jentic-public-apis/eb9d12a2684b0fbcb5aecf51e8ae54dba0929743/apis/openapi/contribly.com/main/1.0.0/meta/import/input-bundled.json	eb9d12a2684b0fbcb5aecf51e8ae54dba0929743	a62ab5a565df1a6688c7eaffe3f6f47009cfc36a5188e3ad2f6da75f8e62d5bd	2	failed: no evidenced publisher redistribution grant (document licence: none); jentic redistribution: CC0-1.0	not-run: licence screen failed	not-run: licence screen failed	rejected	witness-search-jentic/records.tsv:296
jentic	oauth2-password	https://raw.githubusercontent.com/jentic/jentic-public-apis/eb9d12a2684b0fbcb5aecf51e8ae54dba0929743/apis/openapi/contribly.com/main/1.0.0/meta/import/input-entry.json	eb9d12a2684b0fbcb5aecf51e8ae54dba0929743	a62ab5a565df1a6688c7eaffe3f6f47009cfc36a5188e3ad2f6da75f8e62d5bd	2	failed: no evidenced publisher redistribution grant (document licence: none); jentic redistribution: CC0-1.0	not-run: licence screen failed	not-run: licence screen failed	rejected	witness-search-jentic/records.tsv:297
jentic	oauth2-password	https://raw.githubusercontent.com/jentic/jentic-public-apis/eb9d12a2684b0fbcb5aecf51e8ae54dba0929743/apis/openapi/contribly.com/main/1.0.0/meta/import/output-bundled.json	eb9d12a2684b0fbcb5aecf51e8ae54dba0929743	a62ab5a565df1a6688c7eaffe3f6f47009cfc36a5188e3ad2f6da75f8e62d5bd	2	failed: no evidenced publisher redistribution grant (document licence: none); jentic redistribution: CC0-1.0	not-run: licence screen failed	not-run: licence screen failed	rejected	witness-search-jentic/records.tsv:298
jentic	oauth2-password	https://raw.githubusercontent.com/jentic/jentic-public-apis/eb9d12a2684b0fbcb5aecf51e8ae54dba0929743/apis/openapi/contribly.com/main/1.0.0/meta/import/output-entry.json	eb9d12a2684b0fbcb5aecf51e8ae54dba0929743	a62ab5a565df1a6688c7eaffe3f6f47009cfc36a5188e3ad2f6da75f8e62d5bd	2	failed: no evidenced publisher redistribution grant (document licence: none); jentic redistribution: CC0-1.0	not-run: licence screen failed	not-run: licence screen failed	rejected	witness-search-jentic/records.tsv:299
jentic	oauth2-password	https://raw.githubusercontent.com/jentic/jentic-public-apis/eb9d12a2684b0fbcb5aecf51e8ae54dba0929743/apis/openapi/contribly.com/main/1.0.0/openapi.json	eb9d12a2684b0fbcb5aecf51e8ae54dba0929743	a62ab5a565df1a6688c7eaffe3f6f47009cfc36a5188e3ad2f6da75f8e62d5bd	2	failed: no evidenced publisher redistribution grant (document licence: none); jentic redistribution: CC0-1.0	not-run: licence screen failed	not-run: licence screen failed	rejected	witness-search-jentic/records.tsv:300
jentic	oauth2-password	https://raw.githubusercontent.com/jentic/jentic-public-apis/eb9d12a2684b0fbcb5aecf51e8ae54dba0929743/apis/openapi/cpy.re/peertube/7.1.0/meta/import/input-bundled.json	eb9d12a2684b0fbcb5aecf51e8ae54dba0929743	b8b834b8bf905dbc13921204148ff71dd0548f80c7f313d21f31c86688c1a3b5	2	failed: aggregation grant admitted; publisher grant unproven (document licence: none); jentic redistribution: CC0-1.0	not-run: licence screen failed	not-run: licence screen failed	rejected	witness-search-jentic/records.tsv:301
jentic	oauth2-password	https://raw.githubusercontent.com/jentic/jentic-public-apis/eb9d12a2684b0fbcb5aecf51e8ae54dba0929743/apis/openapi/cpy.re/peertube/7.1.0/meta/import/input-entry.json	eb9d12a2684b0fbcb5aecf51e8ae54dba0929743	b3a6081898d1c8a35b7d17aab77bf2fc3592103e42955a86a139da21ac3bb627	2	failed: aggregation grant admitted; publisher grant unproven (document licence: none); jentic redistribution: CC0-1.0	not-run: licence screen failed	not-run: licence screen failed	rejected	witness-search-jentic/records.tsv:302
jentic	oauth2-password	https://raw.githubusercontent.com/jentic/jentic-public-apis/eb9d12a2684b0fbcb5aecf51e8ae54dba0929743/apis/openapi/cpy.re/peertube/7.1.0/meta/import/output-bundled.json	eb9d12a2684b0fbcb5aecf51e8ae54dba0929743	b8b834b8bf905dbc13921204148ff71dd0548f80c7f313d21f31c86688c1a3b5	2	failed: aggregation grant admitted; publisher grant unproven (document licence: none); jentic redistribution: CC0-1.0	not-run: licence screen failed	not-run: licence screen failed	rejected	witness-search-jentic/records.tsv:303
jentic	oauth2-password	https://raw.githubusercontent.com/jentic/jentic-public-apis/eb9d12a2684b0fbcb5aecf51e8ae54dba0929743/apis/openapi/cpy.re/peertube/7.1.0/meta/import/output-entry.json	eb9d12a2684b0fbcb5aecf51e8ae54dba0929743	b3a6081898d1c8a35b7d17aab77bf2fc3592103e42955a86a139da21ac3bb627	2	failed: aggregation grant admitted; publisher grant unproven (document licence: none); jentic redistribution: CC0-1.0	not-run: licence screen failed	not-run: licence screen failed	rejected	witness-search-jentic/records.tsv:304
jentic	oauth2-password	https://raw.githubusercontent.com/jentic/jentic-public-apis/eb9d12a2684b0fbcb5aecf51e8ae54dba0929743/apis/openapi/cpy.re/peertube/7.1.0/openapi.json	eb9d12a2684b0fbcb5aecf51e8ae54dba0929743	b8b834b8bf905dbc13921204148ff71dd0548f80c7f313d21f31c86688c1a3b5	2	failed: aggregation grant admitted; publisher grant unproven (document licence: none); jentic redistribution: CC0-1.0	not-run: licence screen failed	not-run: licence screen failed	rejected	witness-search-jentic/records.tsv:305
jentic	oauth2-password	https://raw.githubusercontent.com/jentic/jentic-public-apis/eb9d12a2684b0fbcb5aecf51e8ae54dba0929743/apis/openapi/damsuccess.com/main/1.0.0/meta/import/input-bundle.json	eb9d12a2684b0fbcb5aecf51e8ae54dba0929743	3cc1287d13f3a46c7a23b03329542433ead0133d4c8c79ce731108f4d1e76a56	2	failed: no evidenced publisher redistribution grant (document licence: none); jentic redistribution: CC0-1.0	not-run: licence screen failed	not-run: licence screen failed	rejected	witness-search-jentic/records.tsv:306
jentic	oauth2-password	https://raw.githubusercontent.com/jentic/jentic-public-apis/eb9d12a2684b0fbcb5aecf51e8ae54dba0929743/apis/openapi/damsuccess.com/main/1.0.0/meta/import/input-entry.json	eb9d12a2684b0fbcb5aecf51e8ae54dba0929743	3cc1287d13f3a46c7a23b03329542433ead0133d4c8c79ce731108f4d1e76a56	2	failed: no evidenced publisher redistribution grant (document licence: none); jentic redistribution: CC0-1.0	not-run: licence screen failed	not-run: licence screen failed	rejected	witness-search-jentic/records.tsv:307
jentic	oauth2-password	https://raw.githubusercontent.com/jentic/jentic-public-apis/eb9d12a2684b0fbcb5aecf51e8ae54dba0929743/apis/openapi/damsuccess.com/main/1.0.0/meta/import/output-bundle.json	eb9d12a2684b0fbcb5aecf51e8ae54dba0929743	3cc1287d13f3a46c7a23b03329542433ead0133d4c8c79ce731108f4d1e76a56	2	failed: no evidenced publisher redistribution grant (document licence: none); jentic redistribution: CC0-1.0	not-run: licence screen failed	not-run: licence screen failed	rejected	witness-search-jentic/records.tsv:308
jentic	oauth2-password	https://raw.githubusercontent.com/jentic/jentic-public-apis/eb9d12a2684b0fbcb5aecf51e8ae54dba0929743/apis/openapi/damsuccess.com/main/1.0.0/meta/import/output-entry.json	eb9d12a2684b0fbcb5aecf51e8ae54dba0929743	3cc1287d13f3a46c7a23b03329542433ead0133d4c8c79ce731108f4d1e76a56	2	failed: no evidenced publisher redistribution grant (document licence: none); jentic redistribution: CC0-1.0	not-run: licence screen failed	not-run: licence screen failed	rejected	witness-search-jentic/records.tsv:309
jentic	oauth2-password	https://raw.githubusercontent.com/jentic/jentic-public-apis/eb9d12a2684b0fbcb5aecf51e8ae54dba0929743/apis/openapi/damsuccess.com/main/1.0.0/openapi.json	eb9d12a2684b0fbcb5aecf51e8ae54dba0929743	3cc1287d13f3a46c7a23b03329542433ead0133d4c8c79ce731108f4d1e76a56	2	failed: no evidenced publisher redistribution grant (document licence: none); jentic redistribution: CC0-1.0	not-run: licence screen failed	not-run: licence screen failed	rejected	witness-search-jentic/records.tsv:310
jentic	oauth2-password	https://raw.githubusercontent.com/jentic/jentic-public-apis/eb9d12a2684b0fbcb5aecf51e8ae54dba0929743/apis/openapi/endurain.com/main/v0.17.6/meta/import/input-bundle.json	eb9d12a2684b0fbcb5aecf51e8ae54dba0929743	35b494cb5c76750ec8082e3a11a0b54bd6e53f61c2520af38846fa6ffd1d927c	2	failed: no evidenced publisher redistribution grant (document licence: GNU Affero General Public License v3.0 or later); jentic redistribution: CC0-1.0	not-run: licence screen failed	not-run: licence screen failed	rejected	witness-search-jentic/records.tsv:311
jentic	oauth2-password	https://raw.githubusercontent.com/jentic/jentic-public-apis/eb9d12a2684b0fbcb5aecf51e8ae54dba0929743/apis/openapi/endurain.com/main/v0.17.6/meta/import/input-entry.json	eb9d12a2684b0fbcb5aecf51e8ae54dba0929743	ac9940240659042b2d9923be1e36568fed60564da9030493af23884f33a9821e	2	failed: no evidenced publisher redistribution grant (document licence: GNU Affero General Public License v3.0 or later); jentic redistribution: CC0-1.0	not-run: licence screen failed	not-run: licence screen failed	rejected	witness-search-jentic/records.tsv:312
jentic	oauth2-password	https://raw.githubusercontent.com/jentic/jentic-public-apis/eb9d12a2684b0fbcb5aecf51e8ae54dba0929743/apis/openapi/endurain.com/main/v0.17.6/meta/import/output-bundle.json	eb9d12a2684b0fbcb5aecf51e8ae54dba0929743	35b494cb5c76750ec8082e3a11a0b54bd6e53f61c2520af38846fa6ffd1d927c	2	failed: no evidenced publisher redistribution grant (document licence: GNU Affero General Public License v3.0 or later); jentic redistribution: CC0-1.0	not-run: licence screen failed	not-run: licence screen failed	rejected	witness-search-jentic/records.tsv:313
jentic	oauth2-password	https://raw.githubusercontent.com/jentic/jentic-public-apis/eb9d12a2684b0fbcb5aecf51e8ae54dba0929743/apis/openapi/endurain.com/main/v0.17.6/meta/import/output-entry.json	eb9d12a2684b0fbcb5aecf51e8ae54dba0929743	ac9940240659042b2d9923be1e36568fed60564da9030493af23884f33a9821e	2	failed: no evidenced publisher redistribution grant (document licence: GNU Affero General Public License v3.0 or later); jentic redistribution: CC0-1.0	not-run: licence screen failed	not-run: licence screen failed	rejected	witness-search-jentic/records.tsv:314
jentic	oauth2-password	https://raw.githubusercontent.com/jentic/jentic-public-apis/eb9d12a2684b0fbcb5aecf51e8ae54dba0929743/apis/openapi/endurain.com/main/v0.17.6/openapi.json	eb9d12a2684b0fbcb5aecf51e8ae54dba0929743	8d61b177fd79da678425e3c70e070aa626b702489eed6a9ee54253989b36492b	2	failed: no evidenced publisher redistribution grant (document licence: GNU Affero General Public License v3.0 or later); jentic redistribution: CC0-1.0	not-run: licence screen failed	not-run: licence screen failed	rejected	witness-search-jentic/records.tsv:315
jentic	oauth2-password	https://raw.githubusercontent.com/jentic/jentic-public-apis/eb9d12a2684b0fbcb5aecf51e8ae54dba0929743/apis/openapi/fulfillment.com/main/2.0/meta/import/input-bundled.json	eb9d12a2684b0fbcb5aecf51e8ae54dba0929743	d55c6de0bcc0c0b732e2fa2b873b40f5d558b4e52320c814d6f8c1713c59740e	2	failed: no evidenced publisher redistribution grant (document licence: none); jentic redistribution: CC0-1.0	not-run: licence screen failed	not-run: licence screen failed	rejected	witness-search-jentic/records.tsv:316
jentic	oauth2-password	https://raw.githubusercontent.com/jentic/jentic-public-apis/eb9d12a2684b0fbcb5aecf51e8ae54dba0929743/apis/openapi/fulfillment.com/main/2.0/meta/import/input-entry.json	eb9d12a2684b0fbcb5aecf51e8ae54dba0929743	d55c6de0bcc0c0b732e2fa2b873b40f5d558b4e52320c814d6f8c1713c59740e	2	failed: no evidenced publisher redistribution grant (document licence: none); jentic redistribution: CC0-1.0	not-run: licence screen failed	not-run: licence screen failed	rejected	witness-search-jentic/records.tsv:317
jentic	oauth2-password	https://raw.githubusercontent.com/jentic/jentic-public-apis/eb9d12a2684b0fbcb5aecf51e8ae54dba0929743/apis/openapi/fulfillment.com/main/2.0/meta/import/output-bundled.json	eb9d12a2684b0fbcb5aecf51e8ae54dba0929743	d55c6de0bcc0c0b732e2fa2b873b40f5d558b4e52320c814d6f8c1713c59740e	2	failed: no evidenced publisher redistribution grant (document licence: none); jentic redistribution: CC0-1.0	not-run: licence screen failed	not-run: licence screen failed	rejected	witness-search-jentic/records.tsv:318
jentic	oauth2-password	https://raw.githubusercontent.com/jentic/jentic-public-apis/eb9d12a2684b0fbcb5aecf51e8ae54dba0929743/apis/openapi/fulfillment.com/main/2.0/meta/import/output-entry.json	eb9d12a2684b0fbcb5aecf51e8ae54dba0929743	d55c6de0bcc0c0b732e2fa2b873b40f5d558b4e52320c814d6f8c1713c59740e	2	failed: no evidenced publisher redistribution grant (document licence: none); jentic redistribution: CC0-1.0	not-run: licence screen failed	not-run: licence screen failed	rejected	witness-search-jentic/records.tsv:319
jentic	oauth2-password	https://raw.githubusercontent.com/jentic/jentic-public-apis/eb9d12a2684b0fbcb5aecf51e8ae54dba0929743/apis/openapi/fulfillment.com/main/2.0/openapi.json	eb9d12a2684b0fbcb5aecf51e8ae54dba0929743	d55c6de0bcc0c0b732e2fa2b873b40f5d558b4e52320c814d6f8c1713c59740e	2	failed: no evidenced publisher redistribution grant (document licence: none); jentic redistribution: CC0-1.0	not-run: licence screen failed	not-run: licence screen failed	rejected	witness-search-jentic/records.tsv:320
jentic	oauth2-password	https://raw.githubusercontent.com/jentic/jentic-public-apis/eb9d12a2684b0fbcb5aecf51e8ae54dba0929743/apis/openapi/gettyimages.com/main/3/meta/import/input-bundled.json	eb9d12a2684b0fbcb5aecf51e8ae54dba0929743	098c4619a9ddaa6857d6ede165331fb3c1b62c9275044c66a794cdc757dd259b	2	failed: no evidenced publisher redistribution grant (document licence: none); jentic redistribution: CC0-1.0	not-run: licence screen failed	not-run: licence screen failed	rejected	witness-search-jentic/records.tsv:321
jentic	oauth2-password	https://raw.githubusercontent.com/jentic/jentic-public-apis/eb9d12a2684b0fbcb5aecf51e8ae54dba0929743/apis/openapi/gettyimages.com/main/3/meta/import/input-entry.json	eb9d12a2684b0fbcb5aecf51e8ae54dba0929743	ff84171ad47169ec359e60aa2b95f3e0c22061b18b9f017c9d9514ee0c3a73d8	2	failed: no evidenced publisher redistribution grant (document licence: none); jentic redistribution: CC0-1.0	not-run: licence screen failed	not-run: licence screen failed	rejected	witness-search-jentic/records.tsv:322
jentic	oauth2-password	https://raw.githubusercontent.com/jentic/jentic-public-apis/eb9d12a2684b0fbcb5aecf51e8ae54dba0929743/apis/openapi/gettyimages.com/main/3/meta/import/output-bundled.json	eb9d12a2684b0fbcb5aecf51e8ae54dba0929743	098c4619a9ddaa6857d6ede165331fb3c1b62c9275044c66a794cdc757dd259b	2	failed: no evidenced publisher redistribution grant (document licence: none); jentic redistribution: CC0-1.0	not-run: licence screen failed	not-run: licence screen failed	rejected	witness-search-jentic/records.tsv:323
jentic	oauth2-password	https://raw.githubusercontent.com/jentic/jentic-public-apis/eb9d12a2684b0fbcb5aecf51e8ae54dba0929743/apis/openapi/gettyimages.com/main/3/meta/import/output-entry.json	eb9d12a2684b0fbcb5aecf51e8ae54dba0929743	ff84171ad47169ec359e60aa2b95f3e0c22061b18b9f017c9d9514ee0c3a73d8	2	failed: no evidenced publisher redistribution grant (document licence: none); jentic redistribution: CC0-1.0	not-run: licence screen failed	not-run: licence screen failed	rejected	witness-search-jentic/records.tsv:324
jentic	oauth2-password	https://raw.githubusercontent.com/jentic/jentic-public-apis/eb9d12a2684b0fbcb5aecf51e8ae54dba0929743/apis/openapi/gettyimages.com/main/3/openapi.json	eb9d12a2684b0fbcb5aecf51e8ae54dba0929743	098c4619a9ddaa6857d6ede165331fb3c1b62c9275044c66a794cdc757dd259b	2	failed: no evidenced publisher redistribution grant (document licence: none); jentic redistribution: CC0-1.0	not-run: licence screen failed	not-run: licence screen failed	rejected	witness-search-jentic/records.tsv:325
jentic	oauth2-password	https://raw.githubusercontent.com/jentic/jentic-public-apis/eb9d12a2684b0fbcb5aecf51e8ae54dba0929743/apis/openapi/gofundme.com/main/2.0.0/meta/import/input-bundle.json	eb9d12a2684b0fbcb5aecf51e8ae54dba0929743	f079665a6456256116b2e9a0d9ff84782ead67f386bf394c6f5223f58064a4f8	2	failed: no evidenced publisher redistribution grant (document licence: none); jentic redistribution: CC0-1.0	not-run: licence screen failed	not-run: licence screen failed	rejected	witness-search-jentic/records.tsv:326
jentic	oauth2-password	https://raw.githubusercontent.com/jentic/jentic-public-apis/eb9d12a2684b0fbcb5aecf51e8ae54dba0929743/apis/openapi/gofundme.com/main/2.0.0/meta/import/input-entry.json	eb9d12a2684b0fbcb5aecf51e8ae54dba0929743	a419a7ba4c91c953c4ca2e6b3aa790e3682f47c01240737ce9799a9706fed611	2	failed: no evidenced publisher redistribution grant (document licence: none); jentic redistribution: CC0-1.0	not-run: licence screen failed	not-run: licence screen failed	rejected	witness-search-jentic/records.tsv:327
jentic	oauth2-password	https://raw.githubusercontent.com/jentic/jentic-public-apis/eb9d12a2684b0fbcb5aecf51e8ae54dba0929743/apis/openapi/gofundme.com/main/2.0.0/meta/import/output-bundle.json	eb9d12a2684b0fbcb5aecf51e8ae54dba0929743	f079665a6456256116b2e9a0d9ff84782ead67f386bf394c6f5223f58064a4f8	2	failed: no evidenced publisher redistribution grant (document licence: none); jentic redistribution: CC0-1.0	not-run: licence screen failed	not-run: licence screen failed	rejected	witness-search-jentic/records.tsv:328
jentic	oauth2-password	https://raw.githubusercontent.com/jentic/jentic-public-apis/eb9d12a2684b0fbcb5aecf51e8ae54dba0929743/apis/openapi/gofundme.com/main/2.0.0/meta/import/output-entry.json	eb9d12a2684b0fbcb5aecf51e8ae54dba0929743	a419a7ba4c91c953c4ca2e6b3aa790e3682f47c01240737ce9799a9706fed611	2	failed: no evidenced publisher redistribution grant (document licence: none); jentic redistribution: CC0-1.0	not-run: licence screen failed	not-run: licence screen failed	rejected	witness-search-jentic/records.tsv:329
jentic	oauth2-password	https://raw.githubusercontent.com/jentic/jentic-public-apis/eb9d12a2684b0fbcb5aecf51e8ae54dba0929743/apis/openapi/gofundme.com/main/2.0.0/openapi.json	eb9d12a2684b0fbcb5aecf51e8ae54dba0929743	f079665a6456256116b2e9a0d9ff84782ead67f386bf394c6f5223f58064a4f8	2	failed: no evidenced publisher redistribution grant (document licence: none); jentic redistribution: CC0-1.0	not-run: licence screen failed	not-run: licence screen failed	rejected	witness-search-jentic/records.tsv:330
jentic	oauth2-password	https://raw.githubusercontent.com/jentic/jentic-public-apis/eb9d12a2684b0fbcb5aecf51e8ae54dba0929743/apis/openapi/goto.com/main/2.0.0/meta/import/input-bundle.json	eb9d12a2684b0fbcb5aecf51e8ae54dba0929743	4662347e3e38c61ca9882635b7b3c790467888149159850469047aca00d9d122	2	failed: no evidenced publisher redistribution grant (document licence: none); jentic redistribution: CC0-1.0	not-run: licence screen failed	not-run: licence screen failed	rejected	witness-search-jentic/records.tsv:331
jentic	oauth2-password	https://raw.githubusercontent.com/jentic/jentic-public-apis/eb9d12a2684b0fbcb5aecf51e8ae54dba0929743/apis/openapi/goto.com/main/2.0.0/meta/import/input-entry.json	eb9d12a2684b0fbcb5aecf51e8ae54dba0929743	4662347e3e38c61ca9882635b7b3c790467888149159850469047aca00d9d122	2	failed: no evidenced publisher redistribution grant (document licence: none); jentic redistribution: CC0-1.0	not-run: licence screen failed	not-run: licence screen failed	rejected	witness-search-jentic/records.tsv:332
jentic	oauth2-password	https://raw.githubusercontent.com/jentic/jentic-public-apis/eb9d12a2684b0fbcb5aecf51e8ae54dba0929743/apis/openapi/goto.com/main/2.0.0/meta/import/output-bundle.json	eb9d12a2684b0fbcb5aecf51e8ae54dba0929743	4662347e3e38c61ca9882635b7b3c790467888149159850469047aca00d9d122	2	failed: no evidenced publisher redistribution grant (document licence: none); jentic redistribution: CC0-1.0	not-run: licence screen failed	not-run: licence screen failed	rejected	witness-search-jentic/records.tsv:333
jentic	oauth2-password	https://raw.githubusercontent.com/jentic/jentic-public-apis/eb9d12a2684b0fbcb5aecf51e8ae54dba0929743/apis/openapi/goto.com/main/2.0.0/meta/import/output-entry.json	eb9d12a2684b0fbcb5aecf51e8ae54dba0929743	4662347e3e38c61ca9882635b7b3c790467888149159850469047aca00d9d122	2	failed: no evidenced publisher redistribution grant (document licence: none); jentic redistribution: CC0-1.0	not-run: licence screen failed	not-run: licence screen failed	rejected	witness-search-jentic/records.tsv:334
jentic	oauth2-password	https://raw.githubusercontent.com/jentic/jentic-public-apis/eb9d12a2684b0fbcb5aecf51e8ae54dba0929743/apis/openapi/goto.com/main/2.0.0/openapi.json	eb9d12a2684b0fbcb5aecf51e8ae54dba0929743	4662347e3e38c61ca9882635b7b3c790467888149159850469047aca00d9d122	2	failed: no evidenced publisher redistribution grant (document licence: none); jentic redistribution: CC0-1.0	not-run: licence screen failed	not-run: licence screen failed	rejected	witness-search-jentic/records.tsv:335
jentic	oauth2-password	https://raw.githubusercontent.com/jentic/jentic-public-apis/eb9d12a2684b0fbcb5aecf51e8ae54dba0929743/apis/openapi/groove.cm/main/1.0.0/meta/import/input-bundle.json	eb9d12a2684b0fbcb5aecf51e8ae54dba0929743	fd4388f4b73a0fea16664afb006506a3f5423b1ad390d462522fcce19d5cfb38	2	failed: aggregation grant admitted; publisher grant unproven (document licence: none); jentic redistribution: CC0-1.0	not-run: licence screen failed	not-run: licence screen failed	rejected	witness-search-jentic/records.tsv:336
jentic	oauth2-password	https://raw.githubusercontent.com/jentic/jentic-public-apis/eb9d12a2684b0fbcb5aecf51e8ae54dba0929743/apis/openapi/groove.cm/main/1.0.0/meta/import/input-entry.json	eb9d12a2684b0fbcb5aecf51e8ae54dba0929743	fd4388f4b73a0fea16664afb006506a3f5423b1ad390d462522fcce19d5cfb38	2	failed: aggregation grant admitted; publisher grant unproven (document licence: none); jentic redistribution: CC0-1.0	not-run: licence screen failed	not-run: licence screen failed	rejected	witness-search-jentic/records.tsv:337
jentic	oauth2-password	https://raw.githubusercontent.com/jentic/jentic-public-apis/eb9d12a2684b0fbcb5aecf51e8ae54dba0929743/apis/openapi/groove.cm/main/1.0.0/meta/import/output-bundle.json	eb9d12a2684b0fbcb5aecf51e8ae54dba0929743	fd4388f4b73a0fea16664afb006506a3f5423b1ad390d462522fcce19d5cfb38	2	failed: aggregation grant admitted; publisher grant unproven (document licence: none); jentic redistribution: CC0-1.0	not-run: licence screen failed	not-run: licence screen failed	rejected	witness-search-jentic/records.tsv:338
jentic	oauth2-password	https://raw.githubusercontent.com/jentic/jentic-public-apis/eb9d12a2684b0fbcb5aecf51e8ae54dba0929743/apis/openapi/groove.cm/main/1.0.0/meta/import/output-entry.json	eb9d12a2684b0fbcb5aecf51e8ae54dba0929743	fd4388f4b73a0fea16664afb006506a3f5423b1ad390d462522fcce19d5cfb38	2	failed: aggregation grant admitted; publisher grant unproven (document licence: none); jentic redistribution: CC0-1.0	not-run: licence screen failed	not-run: licence screen failed	rejected	witness-search-jentic/records.tsv:339
jentic	oauth2-password	https://raw.githubusercontent.com/jentic/jentic-public-apis/eb9d12a2684b0fbcb5aecf51e8ae54dba0929743/apis/openapi/groove.cm/main/1.0.0/openapi.json	eb9d12a2684b0fbcb5aecf51e8ae54dba0929743	fd4388f4b73a0fea16664afb006506a3f5423b1ad390d462522fcce19d5cfb38	2	failed: aggregation grant admitted; publisher grant unproven (document licence: none); jentic redistribution: CC0-1.0	not-run: licence screen failed	not-run: licence screen failed	rejected	witness-search-jentic/records.tsv:340
jentic	oauth2-password	https://raw.githubusercontent.com/jentic/jentic-public-apis/eb9d12a2684b0fbcb5aecf51e8ae54dba0929743/apis/openapi/groovecm.com/main/1.0.0/meta/import/input-bundle.json	eb9d12a2684b0fbcb5aecf51e8ae54dba0929743	0c14b501aab4cf7428ae0c8591e758c4fa51df954186bd7d2b14edd5e1fc2b9b	2	failed: no evidenced publisher redistribution grant (document licence: none); jentic redistribution: CC0-1.0	not-run: licence screen failed	not-run: licence screen failed	rejected	witness-search-jentic/records.tsv:341
jentic	oauth2-password	https://raw.githubusercontent.com/jentic/jentic-public-apis/eb9d12a2684b0fbcb5aecf51e8ae54dba0929743/apis/openapi/groovecm.com/main/1.0.0/meta/import/input-entry.json	eb9d12a2684b0fbcb5aecf51e8ae54dba0929743	0c14b501aab4cf7428ae0c8591e758c4fa51df954186bd7d2b14edd5e1fc2b9b	2	failed: no evidenced publisher redistribution grant (document licence: none); jentic redistribution: CC0-1.0	not-run: licence screen failed	not-run: licence screen failed	rejected	witness-search-jentic/records.tsv:342
jentic	oauth2-password	https://raw.githubusercontent.com/jentic/jentic-public-apis/eb9d12a2684b0fbcb5aecf51e8ae54dba0929743/apis/openapi/groovecm.com/main/1.0.0/meta/import/output-bundle.json	eb9d12a2684b0fbcb5aecf51e8ae54dba0929743	0c14b501aab4cf7428ae0c8591e758c4fa51df954186bd7d2b14edd5e1fc2b9b	2	failed: no evidenced publisher redistribution grant (document licence: none); jentic redistribution: CC0-1.0	not-run: licence screen failed	not-run: licence screen failed	rejected	witness-search-jentic/records.tsv:343
jentic	oauth2-password	https://raw.githubusercontent.com/jentic/jentic-public-apis/eb9d12a2684b0fbcb5aecf51e8ae54dba0929743/apis/openapi/groovecm.com/main/1.0.0/meta/import/output-entry.json	eb9d12a2684b0fbcb5aecf51e8ae54dba0929743	0c14b501aab4cf7428ae0c8591e758c4fa51df954186bd7d2b14edd5e1fc2b9b	2	failed: no evidenced publisher redistribution grant (document licence: none); jentic redistribution: CC0-1.0	not-run: licence screen failed	not-run: licence screen failed	rejected	witness-search-jentic/records.tsv:344
jentic	oauth2-password	https://raw.githubusercontent.com/jentic/jentic-public-apis/eb9d12a2684b0fbcb5aecf51e8ae54dba0929743/apis/openapi/groovecm.com/main/1.0.0/openapi.json	eb9d12a2684b0fbcb5aecf51e8ae54dba0929743	0c14b501aab4cf7428ae0c8591e758c4fa51df954186bd7d2b14edd5e1fc2b9b	2	failed: no evidenced publisher redistribution grant (document licence: none); jentic redistribution: CC0-1.0	not-run: licence screen failed	not-run: licence screen failed	rejected	witness-search-jentic/records.tsv:345
jentic	oauth2-password	https://raw.githubusercontent.com/jentic/jentic-public-apis/eb9d12a2684b0fbcb5aecf51e8ae54dba0929743/apis/openapi/kand.io/main/1.0.0/meta/import/input-bundle.json	eb9d12a2684b0fbcb5aecf51e8ae54dba0929743	6e7729ae710d28accd41ba173bd8282837c0a52cb20d6517bf149b3a7135448c	2	pass	failed: jentic pin exists but immutable publisher-byte equivalence is not evidenced	not-run: revision screen failed	rejected	witness-search-jentic/records.tsv:346
jentic	oauth2-password	https://raw.githubusercontent.com/jentic/jentic-public-apis/eb9d12a2684b0fbcb5aecf51e8ae54dba0929743/apis/openapi/kand.io/main/1.0.0/meta/import/input-entry.json	eb9d12a2684b0fbcb5aecf51e8ae54dba0929743	174469cc8fb6774159404ec2fb08e144fa622e217d673ccb349b007176a3474a	2	pass	failed: jentic pin exists but immutable publisher-byte equivalence is not evidenced	not-run: revision screen failed	rejected	witness-search-jentic/records.tsv:347
jentic	oauth2-password	https://raw.githubusercontent.com/jentic/jentic-public-apis/eb9d12a2684b0fbcb5aecf51e8ae54dba0929743/apis/openapi/kand.io/main/1.0.0/meta/import/output-bundle.json	eb9d12a2684b0fbcb5aecf51e8ae54dba0929743	6e7729ae710d28accd41ba173bd8282837c0a52cb20d6517bf149b3a7135448c	2	pass	failed: jentic pin exists but immutable publisher-byte equivalence is not evidenced	not-run: revision screen failed	rejected	witness-search-jentic/records.tsv:348
jentic	oauth2-password	https://raw.githubusercontent.com/jentic/jentic-public-apis/eb9d12a2684b0fbcb5aecf51e8ae54dba0929743/apis/openapi/kand.io/main/1.0.0/meta/import/output-entry.json	eb9d12a2684b0fbcb5aecf51e8ae54dba0929743	174469cc8fb6774159404ec2fb08e144fa622e217d673ccb349b007176a3474a	2	pass	failed: jentic pin exists but immutable publisher-byte equivalence is not evidenced	not-run: revision screen failed	rejected	witness-search-jentic/records.tsv:349
jentic	oauth2-password	https://raw.githubusercontent.com/jentic/jentic-public-apis/eb9d12a2684b0fbcb5aecf51e8ae54dba0929743/apis/openapi/kand.io/main/1.0.0/openapi.json	eb9d12a2684b0fbcb5aecf51e8ae54dba0929743	6e7729ae710d28accd41ba173bd8282837c0a52cb20d6517bf149b3a7135448c	2	pass	failed: jentic pin exists but immutable publisher-byte equivalence is not evidenced	not-run: revision screen failed	rejected	witness-search-jentic/records.tsv:350
jentic	oauth2-password	https://raw.githubusercontent.com/jentic/jentic-public-apis/eb9d12a2684b0fbcb5aecf51e8ae54dba0929743/apis/openapi/kitsu.io/main/1.0.0/meta/import/input-bundle.json	eb9d12a2684b0fbcb5aecf51e8ae54dba0929743	982c7a5ae799d0839e290efaaa277e36e9f715b0742383425e4a372cba8a2f0a	2	failed: no evidenced publisher redistribution grant (document licence: none); jentic redistribution: CC0-1.0	not-run: licence screen failed	not-run: licence screen failed	rejected	witness-search-jentic/records.tsv:351
jentic	oauth2-password	https://raw.githubusercontent.com/jentic/jentic-public-apis/eb9d12a2684b0fbcb5aecf51e8ae54dba0929743/apis/openapi/kitsu.io/main/1.0.0/meta/import/input-entry.json	eb9d12a2684b0fbcb5aecf51e8ae54dba0929743	982c7a5ae799d0839e290efaaa277e36e9f715b0742383425e4a372cba8a2f0a	2	failed: no evidenced publisher redistribution grant (document licence: none); jentic redistribution: CC0-1.0	not-run: licence screen failed	not-run: licence screen failed	rejected	witness-search-jentic/records.tsv:352
jentic	oauth2-password	https://raw.githubusercontent.com/jentic/jentic-public-apis/eb9d12a2684b0fbcb5aecf51e8ae54dba0929743/apis/openapi/kitsu.io/main/1.0.0/meta/import/output-bundle.json	eb9d12a2684b0fbcb5aecf51e8ae54dba0929743	982c7a5ae799d0839e290efaaa277e36e9f715b0742383425e4a372cba8a2f0a	2	failed: no evidenced publisher redistribution grant (document licence: none); jentic redistribution: CC0-1.0	not-run: licence screen failed	not-run: licence screen failed	rejected	witness-search-jentic/records.tsv:353
jentic	oauth2-password	https://raw.githubusercontent.com/jentic/jentic-public-apis/eb9d12a2684b0fbcb5aecf51e8ae54dba0929743/apis/openapi/kitsu.io/main/1.0.0/meta/import/output-entry.json	eb9d12a2684b0fbcb5aecf51e8ae54dba0929743	982c7a5ae799d0839e290efaaa277e36e9f715b0742383425e4a372cba8a2f0a	2	failed: no evidenced publisher redistribution grant (document licence: none); jentic redistribution: CC0-1.0	not-run: licence screen failed	not-run: licence screen failed	rejected	witness-search-jentic/records.tsv:354
jentic	oauth2-password	https://raw.githubusercontent.com/jentic/jentic-public-apis/eb9d12a2684b0fbcb5aecf51e8ae54dba0929743/apis/openapi/kitsu.io/main/1.0.0/openapi.json	eb9d12a2684b0fbcb5aecf51e8ae54dba0929743	982c7a5ae799d0839e290efaaa277e36e9f715b0742383425e4a372cba8a2f0a	2	failed: no evidenced publisher redistribution grant (document licence: none); jentic redistribution: CC0-1.0	not-run: licence screen failed	not-run: licence screen failed	rejected	witness-search-jentic/records.tsv:355
jentic	oauth2-password	https://raw.githubusercontent.com/jentic/jentic-public-apis/eb9d12a2684b0fbcb5aecf51e8ae54dba0929743/apis/openapi/motaword.com/main/1.0/meta/import/input-bundled.json	eb9d12a2684b0fbcb5aecf51e8ae54dba0929743	551560c7ecc8ed933859f42cf5fb5c3a58d236a17e1b5cfd36872db613d544ed	2	failed: no evidenced publisher redistribution grant (document licence: none); jentic redistribution: CC0-1.0	not-run: licence screen failed	not-run: licence screen failed	rejected	witness-search-jentic/records.tsv:356
jentic	oauth2-password	https://raw.githubusercontent.com/jentic/jentic-public-apis/eb9d12a2684b0fbcb5aecf51e8ae54dba0929743/apis/openapi/motaword.com/main/1.0/meta/import/input-entry.json	eb9d12a2684b0fbcb5aecf51e8ae54dba0929743	551560c7ecc8ed933859f42cf5fb5c3a58d236a17e1b5cfd36872db613d544ed	2	failed: no evidenced publisher redistribution grant (document licence: none); jentic redistribution: CC0-1.0	not-run: licence screen failed	not-run: licence screen failed	rejected	witness-search-jentic/records.tsv:357
jentic	oauth2-password	https://raw.githubusercontent.com/jentic/jentic-public-apis/eb9d12a2684b0fbcb5aecf51e8ae54dba0929743/apis/openapi/motaword.com/main/1.0/meta/import/output-bundled.json	eb9d12a2684b0fbcb5aecf51e8ae54dba0929743	551560c7ecc8ed933859f42cf5fb5c3a58d236a17e1b5cfd36872db613d544ed	2	failed: no evidenced publisher redistribution grant (document licence: none); jentic redistribution: CC0-1.0	not-run: licence screen failed	not-run: licence screen failed	rejected	witness-search-jentic/records.tsv:358
jentic	oauth2-password	https://raw.githubusercontent.com/jentic/jentic-public-apis/eb9d12a2684b0fbcb5aecf51e8ae54dba0929743/apis/openapi/motaword.com/main/1.0/meta/import/output-entry.json	eb9d12a2684b0fbcb5aecf51e8ae54dba0929743	551560c7ecc8ed933859f42cf5fb5c3a58d236a17e1b5cfd36872db613d544ed	2	failed: no evidenced publisher redistribution grant (document licence: none); jentic redistribution: CC0-1.0	not-run: licence screen failed	not-run: licence screen failed	rejected	witness-search-jentic/records.tsv:359
jentic	oauth2-password	https://raw.githubusercontent.com/jentic/jentic-public-apis/eb9d12a2684b0fbcb5aecf51e8ae54dba0929743/apis/openapi/motaword.com/main/1.0/openapi.json	eb9d12a2684b0fbcb5aecf51e8ae54dba0929743	551560c7ecc8ed933859f42cf5fb5c3a58d236a17e1b5cfd36872db613d544ed	2	failed: no evidenced publisher redistribution grant (document licence: none); jentic redistribution: CC0-1.0	not-run: licence screen failed	not-run: licence screen failed	rejected	witness-search-jentic/records.tsv:360
jentic	oauth2-password	https://raw.githubusercontent.com/jentic/jentic-public-apis/eb9d12a2684b0fbcb5aecf51e8ae54dba0929743/apis/openapi/my.tado.com/main/2.0.0/meta/import/input-bundle.json	eb9d12a2684b0fbcb5aecf51e8ae54dba0929743	212056f1a6134cbd39c8c6ecd030218f4f04075e35b11bf647646a0ebc2565fa	2	failed: no evidenced publisher redistribution grant (document licence: none); jentic redistribution: CC0-1.0	not-run: licence screen failed	not-run: licence screen failed	rejected	witness-search-jentic/records.tsv:361
jentic	oauth2-password	https://raw.githubusercontent.com/jentic/jentic-public-apis/eb9d12a2684b0fbcb5aecf51e8ae54dba0929743/apis/openapi/my.tado.com/main/2.0.0/meta/import/input-entry.json	eb9d12a2684b0fbcb5aecf51e8ae54dba0929743	212056f1a6134cbd39c8c6ecd030218f4f04075e35b11bf647646a0ebc2565fa	2	failed: no evidenced publisher redistribution grant (document licence: none); jentic redistribution: CC0-1.0	not-run: licence screen failed	not-run: licence screen failed	rejected	witness-search-jentic/records.tsv:362
jentic	oauth2-password	https://raw.githubusercontent.com/jentic/jentic-public-apis/eb9d12a2684b0fbcb5aecf51e8ae54dba0929743/apis/openapi/my.tado.com/main/2.0.0/meta/import/output-bundle.json	eb9d12a2684b0fbcb5aecf51e8ae54dba0929743	212056f1a6134cbd39c8c6ecd030218f4f04075e35b11bf647646a0ebc2565fa	2	failed: no evidenced publisher redistribution grant (document licence: none); jentic redistribution: CC0-1.0	not-run: licence screen failed	not-run: licence screen failed	rejected	witness-search-jentic/records.tsv:363
jentic	oauth2-password	https://raw.githubusercontent.com/jentic/jentic-public-apis/eb9d12a2684b0fbcb5aecf51e8ae54dba0929743/apis/openapi/my.tado.com/main/2.0.0/meta/import/output-entry.json	eb9d12a2684b0fbcb5aecf51e8ae54dba0929743	212056f1a6134cbd39c8c6ecd030218f4f04075e35b11bf647646a0ebc2565fa	2	failed: no evidenced publisher redistribution grant (document licence: none); jentic redistribution: CC0-1.0	not-run: licence screen failed	not-run: licence screen failed	rejected	witness-search-jentic/records.tsv:364
jentic	oauth2-password	https://raw.githubusercontent.com/jentic/jentic-public-apis/eb9d12a2684b0fbcb5aecf51e8ae54dba0929743/apis/openapi/my.tado.com/main/2.0.0/openapi.json	eb9d12a2684b0fbcb5aecf51e8ae54dba0929743	212056f1a6134cbd39c8c6ecd030218f4f04075e35b11bf647646a0ebc2565fa	2	failed: no evidenced publisher redistribution grant (document licence: none); jentic redistribution: CC0-1.0	not-run: licence screen failed	not-run: licence screen failed	rejected	witness-search-jentic/records.tsv:365
jentic	oauth2-password	https://raw.githubusercontent.com/jentic/jentic-public-apis/eb9d12a2684b0fbcb5aecf51e8ae54dba0929743/apis/openapi/netatmo.net/main/1.1.5/meta/import/input-bundled.json	eb9d12a2684b0fbcb5aecf51e8ae54dba0929743	f5634803559c52d6abc00da1145de9f37bf3e989c4e2d096b2aebf81675728c1	2	failed: no evidenced publisher redistribution grant (document licence: Netatmo : Terms of Service); jentic redistribution: CC0-1.0	not-run: licence screen failed	not-run: licence screen failed	rejected	witness-search-jentic/records.tsv:366
jentic	oauth2-password	https://raw.githubusercontent.com/jentic/jentic-public-apis/eb9d12a2684b0fbcb5aecf51e8ae54dba0929743/apis/openapi/netatmo.net/main/1.1.5/meta/import/input-entry.json	eb9d12a2684b0fbcb5aecf51e8ae54dba0929743	f5634803559c52d6abc00da1145de9f37bf3e989c4e2d096b2aebf81675728c1	2	failed: no evidenced publisher redistribution grant (document licence: Netatmo : Terms of Service); jentic redistribution: CC0-1.0	not-run: licence screen failed	not-run: licence screen failed	rejected	witness-search-jentic/records.tsv:367
jentic	oauth2-password	https://raw.githubusercontent.com/jentic/jentic-public-apis/eb9d12a2684b0fbcb5aecf51e8ae54dba0929743/apis/openapi/netatmo.net/main/1.1.5/meta/import/output-bundled.json	eb9d12a2684b0fbcb5aecf51e8ae54dba0929743	f5634803559c52d6abc00da1145de9f37bf3e989c4e2d096b2aebf81675728c1	2	failed: no evidenced publisher redistribution grant (document licence: Netatmo : Terms of Service); jentic redistribution: CC0-1.0	not-run: licence screen failed	not-run: licence screen failed	rejected	witness-search-jentic/records.tsv:368
jentic	oauth2-password	https://raw.githubusercontent.com/jentic/jentic-public-apis/eb9d12a2684b0fbcb5aecf51e8ae54dba0929743/apis/openapi/netatmo.net/main/1.1.5/meta/import/output-entry.json	eb9d12a2684b0fbcb5aecf51e8ae54dba0929743	f5634803559c52d6abc00da1145de9f37bf3e989c4e2d096b2aebf81675728c1	2	failed: no evidenced publisher redistribution grant (document licence: Netatmo : Terms of Service); jentic redistribution: CC0-1.0	not-run: licence screen failed	not-run: licence screen failed	rejected	witness-search-jentic/records.tsv:369
jentic	oauth2-password	https://raw.githubusercontent.com/jentic/jentic-public-apis/eb9d12a2684b0fbcb5aecf51e8ae54dba0929743/apis/openapi/netatmo.net/main/1.1.5/openapi.json	eb9d12a2684b0fbcb5aecf51e8ae54dba0929743	f5634803559c52d6abc00da1145de9f37bf3e989c4e2d096b2aebf81675728c1	2	failed: no evidenced publisher redistribution grant (document licence: Netatmo : Terms of Service); jentic redistribution: CC0-1.0	not-run: licence screen failed	not-run: licence screen failed	rejected	witness-search-jentic/records.tsv:370
jentic	oauth2-password	https://raw.githubusercontent.com/jentic/jentic-public-apis/eb9d12a2684b0fbcb5aecf51e8ae54dba0929743/apis/openapi/newsletter2go.com/main/1.0.0/meta/import/input-bundle.json	eb9d12a2684b0fbcb5aecf51e8ae54dba0929743	783587cdf3b1d6c1a3ad57f12f8006a5d4a9270d15ba699273d0db87e5fa0dbb	2	failed: no evidenced publisher redistribution grant (document licence: none); jentic redistribution: CC0-1.0	not-run: licence screen failed	not-run: licence screen failed	rejected	witness-search-jentic/records.tsv:371
jentic	oauth2-password	https://raw.githubusercontent.com/jentic/jentic-public-apis/eb9d12a2684b0fbcb5aecf51e8ae54dba0929743/apis/openapi/newsletter2go.com/main/1.0.0/meta/import/input-entry.json	eb9d12a2684b0fbcb5aecf51e8ae54dba0929743	a5925b5349b3ec40540387a8b147f88194734395e77b765673b80042d1134792	2	failed: no evidenced publisher redistribution grant (document licence: none); jentic redistribution: CC0-1.0	not-run: licence screen failed	not-run: licence screen failed	rejected	witness-search-jentic/records.tsv:372
jentic	oauth2-password	https://raw.githubusercontent.com/jentic/jentic-public-apis/eb9d12a2684b0fbcb5aecf51e8ae54dba0929743/apis/openapi/newsletter2go.com/main/1.0.0/meta/import/output-bundle.json	eb9d12a2684b0fbcb5aecf51e8ae54dba0929743	783587cdf3b1d6c1a3ad57f12f8006a5d4a9270d15ba699273d0db87e5fa0dbb	2	failed: no evidenced publisher redistribution grant (document licence: none); jentic redistribution: CC0-1.0	not-run: licence screen failed	not-run: licence screen failed	rejected	witness-search-jentic/records.tsv:373
jentic	oauth2-password	https://raw.githubusercontent.com/jentic/jentic-public-apis/eb9d12a2684b0fbcb5aecf51e8ae54dba0929743/apis/openapi/newsletter2go.com/main/1.0.0/meta/import/output-entry.json	eb9d12a2684b0fbcb5aecf51e8ae54dba0929743	a5925b5349b3ec40540387a8b147f88194734395e77b765673b80042d1134792	2	failed: no evidenced publisher redistribution grant (document licence: none); jentic redistribution: CC0-1.0	not-run: licence screen failed	not-run: licence screen failed	rejected	witness-search-jentic/records.tsv:374
jentic	oauth2-password	https://raw.githubusercontent.com/jentic/jentic-public-apis/eb9d12a2684b0fbcb5aecf51e8ae54dba0929743/apis/openapi/newsletter2go.com/main/1.0.0/openapi.json	eb9d12a2684b0fbcb5aecf51e8ae54dba0929743	783587cdf3b1d6c1a3ad57f12f8006a5d4a9270d15ba699273d0db87e5fa0dbb	2	failed: no evidenced publisher redistribution grant (document licence: none); jentic redistribution: CC0-1.0	not-run: licence screen failed	not-run: licence screen failed	rejected	witness-search-jentic/records.tsv:375
jentic	oauth2-password	https://raw.githubusercontent.com/jentic/jentic-public-apis/eb9d12a2684b0fbcb5aecf51e8ae54dba0929743/apis/openapi/nuapay.com/nuapay/1.16.1/meta/import/input-bundle.json	eb9d12a2684b0fbcb5aecf51e8ae54dba0929743	28d8caca68f3c0650c04ec16e920bc85066254d0f1fd6e0e38ae3c2ab2811dd8	4	failed: no evidenced publisher redistribution grant (document licence: Nuapay); jentic redistribution: CC0-1.0	not-run: licence screen failed	not-run: licence screen failed	rejected	witness-search-jentic/records.tsv:376
jentic	oauth2-password	https://raw.githubusercontent.com/jentic/jentic-public-apis/eb9d12a2684b0fbcb5aecf51e8ae54dba0929743/apis/openapi/nuapay.com/nuapay/1.16.1/meta/import/input-entry.json	eb9d12a2684b0fbcb5aecf51e8ae54dba0929743	28d8caca68f3c0650c04ec16e920bc85066254d0f1fd6e0e38ae3c2ab2811dd8	4	failed: no evidenced publisher redistribution grant (document licence: Nuapay); jentic redistribution: CC0-1.0	not-run: licence screen failed	not-run: licence screen failed	rejected	witness-search-jentic/records.tsv:377
jentic	oauth2-password	https://raw.githubusercontent.com/jentic/jentic-public-apis/eb9d12a2684b0fbcb5aecf51e8ae54dba0929743/apis/openapi/nuapay.com/nuapay/1.16.1/meta/import/output-bundle.json	eb9d12a2684b0fbcb5aecf51e8ae54dba0929743	28d8caca68f3c0650c04ec16e920bc85066254d0f1fd6e0e38ae3c2ab2811dd8	4	failed: no evidenced publisher redistribution grant (document licence: Nuapay); jentic redistribution: CC0-1.0	not-run: licence screen failed	not-run: licence screen failed	rejected	witness-search-jentic/records.tsv:378
jentic	oauth2-password	https://raw.githubusercontent.com/jentic/jentic-public-apis/eb9d12a2684b0fbcb5aecf51e8ae54dba0929743/apis/openapi/nuapay.com/nuapay/1.16.1/meta/import/output-entry.json	eb9d12a2684b0fbcb5aecf51e8ae54dba0929743	28d8caca68f3c0650c04ec16e920bc85066254d0f1fd6e0e38ae3c2ab2811dd8	4	failed: no evidenced publisher redistribution grant (document licence: Nuapay); jentic redistribution: CC0-1.0	not-run: licence screen failed	not-run: licence screen failed	rejected	witness-search-jentic/records.tsv:379
jentic	oauth2-password	https://raw.githubusercontent.com/jentic/jentic-public-apis/eb9d12a2684b0fbcb5aecf51e8ae54dba0929743/apis/openapi/nuapay.com/nuapay/1.16.1/openapi.json	eb9d12a2684b0fbcb5aecf51e8ae54dba0929743	28d8caca68f3c0650c04ec16e920bc85066254d0f1fd6e0e38ae3c2ab2811dd8	4	failed: no evidenced publisher redistribution grant (document licence: Nuapay); jentic redistribution: CC0-1.0	not-run: licence screen failed	not-run: licence screen failed	rejected	witness-search-jentic/records.tsv:380
jentic	oauth2-password	https://raw.githubusercontent.com/jentic/jentic-public-apis/eb9d12a2684b0fbcb5aecf51e8ae54dba0929743/apis/openapi/parkwhiz.com/main/4.0.0/meta/import/input-bundle.json	eb9d12a2684b0fbcb5aecf51e8ae54dba0929743	fcbf823bef8a7839d83dc589525b5d943552932411a5409a0c00f87f13eaa5fa	2	failed: no evidenced publisher redistribution grant (document licence: none); jentic redistribution: CC0-1.0	not-run: licence screen failed	not-run: licence screen failed	rejected	witness-search-jentic/records.tsv:381
jentic	oauth2-password	https://raw.githubusercontent.com/jentic/jentic-public-apis/eb9d12a2684b0fbcb5aecf51e8ae54dba0929743/apis/openapi/parkwhiz.com/main/4.0.0/meta/import/input-entry.json	eb9d12a2684b0fbcb5aecf51e8ae54dba0929743	fcbf823bef8a7839d83dc589525b5d943552932411a5409a0c00f87f13eaa5fa	2	failed: no evidenced publisher redistribution grant (document licence: none); jentic redistribution: CC0-1.0	not-run: licence screen failed	not-run: licence screen failed	rejected	witness-search-jentic/records.tsv:382
jentic	oauth2-password	https://raw.githubusercontent.com/jentic/jentic-public-apis/eb9d12a2684b0fbcb5aecf51e8ae54dba0929743/apis/openapi/parkwhiz.com/main/4.0.0/meta/import/output-bundle.json	eb9d12a2684b0fbcb5aecf51e8ae54dba0929743	fcbf823bef8a7839d83dc589525b5d943552932411a5409a0c00f87f13eaa5fa	2	failed: no evidenced publisher redistribution grant (document licence: none); jentic redistribution: CC0-1.0	not-run: licence screen failed	not-run: licence screen failed	rejected	witness-search-jentic/records.tsv:383
jentic	oauth2-password	https://raw.githubusercontent.com/jentic/jentic-public-apis/eb9d12a2684b0fbcb5aecf51e8ae54dba0929743/apis/openapi/parkwhiz.com/main/4.0.0/meta/import/output-entry.json	eb9d12a2684b0fbcb5aecf51e8ae54dba0929743	fcbf823bef8a7839d83dc589525b5d943552932411a5409a0c00f87f13eaa5fa	2	failed: no evidenced publisher redistribution grant (document licence: none); jentic redistribution: CC0-1.0	not-run: licence screen failed	not-run: licence screen failed	rejected	witness-search-jentic/records.tsv:384
jentic	oauth2-password	https://raw.githubusercontent.com/jentic/jentic-public-apis/eb9d12a2684b0fbcb5aecf51e8ae54dba0929743/apis/openapi/parkwhiz.com/main/4.0.0/openapi.json	eb9d12a2684b0fbcb5aecf51e8ae54dba0929743	fcbf823bef8a7839d83dc589525b5d943552932411a5409a0c00f87f13eaa5fa	2	failed: no evidenced publisher redistribution grant (document licence: none); jentic redistribution: CC0-1.0	not-run: licence screen failed	not-run: licence screen failed	rejected	witness-search-jentic/records.tsv:385
jentic	oauth2-password	https://raw.githubusercontent.com/jentic/jentic-public-apis/eb9d12a2684b0fbcb5aecf51e8ae54dba0929743/apis/openapi/podio.com/main/2.0.0/meta/import/input-bundle.json	eb9d12a2684b0fbcb5aecf51e8ae54dba0929743	bc24c700113798e26df59b45613697ad4311bc1f1c04f4807865ed5c063da0ee	2	failed: no evidenced publisher redistribution grant (document licence: none); jentic redistribution: CC0-1.0	not-run: licence screen failed	not-run: licence screen failed	rejected	witness-search-jentic/records.tsv:386
jentic	oauth2-password	https://raw.githubusercontent.com/jentic/jentic-public-apis/eb9d12a2684b0fbcb5aecf51e8ae54dba0929743/apis/openapi/podio.com/main/2.0.0/meta/import/input-entry.json	eb9d12a2684b0fbcb5aecf51e8ae54dba0929743	bc24c700113798e26df59b45613697ad4311bc1f1c04f4807865ed5c063da0ee	2	failed: no evidenced publisher redistribution grant (document licence: none); jentic redistribution: CC0-1.0	not-run: licence screen failed	not-run: licence screen failed	rejected	witness-search-jentic/records.tsv:387
jentic	oauth2-password	https://raw.githubusercontent.com/jentic/jentic-public-apis/eb9d12a2684b0fbcb5aecf51e8ae54dba0929743/apis/openapi/podio.com/main/2.0.0/meta/import/output-bundle.json	eb9d12a2684b0fbcb5aecf51e8ae54dba0929743	bc24c700113798e26df59b45613697ad4311bc1f1c04f4807865ed5c063da0ee	2	failed: no evidenced publisher redistribution grant (document licence: none); jentic redistribution: CC0-1.0	not-run: licence screen failed	not-run: licence screen failed	rejected	witness-search-jentic/records.tsv:388
jentic	oauth2-password	https://raw.githubusercontent.com/jentic/jentic-public-apis/eb9d12a2684b0fbcb5aecf51e8ae54dba0929743/apis/openapi/podio.com/main/2.0.0/meta/import/output-entry.json	eb9d12a2684b0fbcb5aecf51e8ae54dba0929743	bc24c700113798e26df59b45613697ad4311bc1f1c04f4807865ed5c063da0ee	2	failed: no evidenced publisher redistribution grant (document licence: none); jentic redistribution: CC0-1.0	not-run: licence screen failed	not-run: licence screen failed	rejected	witness-search-jentic/records.tsv:389
jentic	oauth2-password	https://raw.githubusercontent.com/jentic/jentic-public-apis/eb9d12a2684b0fbcb5aecf51e8ae54dba0929743/apis/openapi/podio.com/main/2.0.0/openapi.json	eb9d12a2684b0fbcb5aecf51e8ae54dba0929743	bc24c700113798e26df59b45613697ad4311bc1f1c04f4807865ed5c063da0ee	2	failed: no evidenced publisher redistribution grant (document licence: none); jentic redistribution: CC0-1.0	not-run: licence screen failed	not-run: licence screen failed	rejected	witness-search-jentic/records.tsv:390
jentic	oauth2-password	https://raw.githubusercontent.com/jentic/jentic-public-apis/eb9d12a2684b0fbcb5aecf51e8ae54dba0929743/apis/openapi/sandbox.volt.io/main/2024.04.11/meta/import/input-bundle.json	eb9d12a2684b0fbcb5aecf51e8ae54dba0929743	4d28c5ea1714cd993e1843822f332596ef25f3ce11f935b92a036ee87df690b5	2	failed: no evidenced publisher redistribution grant (document licence: none); jentic redistribution: CC0-1.0	not-run: licence screen failed	not-run: licence screen failed	rejected	witness-search-jentic/records.tsv:391
jentic	oauth2-password	https://raw.githubusercontent.com/jentic/jentic-public-apis/eb9d12a2684b0fbcb5aecf51e8ae54dba0929743/apis/openapi/sandbox.volt.io/main/2024.04.11/meta/import/input-entry.json	eb9d12a2684b0fbcb5aecf51e8ae54dba0929743	4d28c5ea1714cd993e1843822f332596ef25f3ce11f935b92a036ee87df690b5	2	failed: no evidenced publisher redistribution grant (document licence: none); jentic redistribution: CC0-1.0	not-run: licence screen failed	not-run: licence screen failed	rejected	witness-search-jentic/records.tsv:392
jentic	oauth2-password	https://raw.githubusercontent.com/jentic/jentic-public-apis/eb9d12a2684b0fbcb5aecf51e8ae54dba0929743/apis/openapi/sandbox.volt.io/main/2024.04.11/meta/import/output-bundle.json	eb9d12a2684b0fbcb5aecf51e8ae54dba0929743	4d28c5ea1714cd993e1843822f332596ef25f3ce11f935b92a036ee87df690b5	2	failed: no evidenced publisher redistribution grant (document licence: none); jentic redistribution: CC0-1.0	not-run: licence screen failed	not-run: licence screen failed	rejected	witness-search-jentic/records.tsv:393
jentic	oauth2-password	https://raw.githubusercontent.com/jentic/jentic-public-apis/eb9d12a2684b0fbcb5aecf51e8ae54dba0929743/apis/openapi/sandbox.volt.io/main/2024.04.11/meta/import/output-entry.json	eb9d12a2684b0fbcb5aecf51e8ae54dba0929743	4d28c5ea1714cd993e1843822f332596ef25f3ce11f935b92a036ee87df690b5	2	failed: no evidenced publisher redistribution grant (document licence: none); jentic redistribution: CC0-1.0	not-run: licence screen failed	not-run: licence screen failed	rejected	witness-search-jentic/records.tsv:394
jentic	oauth2-password	https://raw.githubusercontent.com/jentic/jentic-public-apis/eb9d12a2684b0fbcb5aecf51e8ae54dba0929743/apis/openapi/sandbox.volt.io/main/2024.04.11/openapi.json	eb9d12a2684b0fbcb5aecf51e8ae54dba0929743	4d28c5ea1714cd993e1843822f332596ef25f3ce11f935b92a036ee87df690b5	2	failed: no evidenced publisher redistribution grant (document licence: none); jentic redistribution: CC0-1.0	not-run: licence screen failed	not-run: licence screen failed	rejected	witness-search-jentic/records.tsv:395
jentic	oauth2-password	https://raw.githubusercontent.com/jentic/jentic-public-apis/eb9d12a2684b0fbcb5aecf51e8ae54dba0929743/apis/openapi/servicenow.com/main/1.0.0/meta/import/input-bundle.json	eb9d12a2684b0fbcb5aecf51e8ae54dba0929743	ddc984b2ef58b6bdfa83603a4e1430a3c0361feefdbf95c90973a2cb7d77d6dd	2	failed: no evidenced publisher redistribution grant (document licence: none); jentic redistribution: CC0-1.0	not-run: licence screen failed	not-run: licence screen failed	rejected	witness-search-jentic/records.tsv:396
jentic	oauth2-password	https://raw.githubusercontent.com/jentic/jentic-public-apis/eb9d12a2684b0fbcb5aecf51e8ae54dba0929743/apis/openapi/servicenow.com/main/1.0.0/meta/import/input-entry.json	eb9d12a2684b0fbcb5aecf51e8ae54dba0929743	ddc984b2ef58b6bdfa83603a4e1430a3c0361feefdbf95c90973a2cb7d77d6dd	2	failed: no evidenced publisher redistribution grant (document licence: none); jentic redistribution: CC0-1.0	not-run: licence screen failed	not-run: licence screen failed	rejected	witness-search-jentic/records.tsv:397
jentic	oauth2-password	https://raw.githubusercontent.com/jentic/jentic-public-apis/eb9d12a2684b0fbcb5aecf51e8ae54dba0929743/apis/openapi/servicenow.com/main/1.0.0/meta/import/output-bundle.json	eb9d12a2684b0fbcb5aecf51e8ae54dba0929743	ddc984b2ef58b6bdfa83603a4e1430a3c0361feefdbf95c90973a2cb7d77d6dd	2	failed: no evidenced publisher redistribution grant (document licence: none); jentic redistribution: CC0-1.0	not-run: licence screen failed	not-run: licence screen failed	rejected	witness-search-jentic/records.tsv:398
jentic	oauth2-password	https://raw.githubusercontent.com/jentic/jentic-public-apis/eb9d12a2684b0fbcb5aecf51e8ae54dba0929743/apis/openapi/servicenow.com/main/1.0.0/meta/import/output-entry.json	eb9d12a2684b0fbcb5aecf51e8ae54dba0929743	ddc984b2ef58b6bdfa83603a4e1430a3c0361feefdbf95c90973a2cb7d77d6dd	2	failed: no evidenced publisher redistribution grant (document licence: none); jentic redistribution: CC0-1.0	not-run: licence screen failed	not-run: licence screen failed	rejected	witness-search-jentic/records.tsv:399
jentic	oauth2-password	https://raw.githubusercontent.com/jentic/jentic-public-apis/eb9d12a2684b0fbcb5aecf51e8ae54dba0929743/apis/openapi/servicenow.com/main/1.0.0/openapi.json	eb9d12a2684b0fbcb5aecf51e8ae54dba0929743	ddc984b2ef58b6bdfa83603a4e1430a3c0361feefdbf95c90973a2cb7d77d6dd	2	failed: no evidenced publisher redistribution grant (document licence: none); jentic redistribution: CC0-1.0	not-run: licence screen failed	not-run: licence screen failed	rejected	witness-search-jentic/records.tsv:400
jentic	oauth2-password	https://raw.githubusercontent.com/jentic/jentic-public-apis/eb9d12a2684b0fbcb5aecf51e8ae54dba0929743/apis/openapi/staatic.com/main/1.0.2/meta/import/input-bundle.json	eb9d12a2684b0fbcb5aecf51e8ae54dba0929743	ed06e895e9c1d0c133ba6966de5888c5c438ea5ad4c7409739f44b9fb02da819	2	failed: no evidenced publisher redistribution grant (document licence: proprietary); jentic redistribution: CC0-1.0	not-run: licence screen failed	not-run: licence screen failed	rejected	witness-search-jentic/records.tsv:401
jentic	oauth2-password	https://raw.githubusercontent.com/jentic/jentic-public-apis/eb9d12a2684b0fbcb5aecf51e8ae54dba0929743/apis/openapi/staatic.com/main/1.0.2/meta/import/input-entry.json	eb9d12a2684b0fbcb5aecf51e8ae54dba0929743	b0727efe3d5ce23bc216cbcfdc639d89047f71ad66d095ee3535a984272fd5fd	2	failed: no evidenced publisher redistribution grant (document licence: proprietary); jentic redistribution: CC0-1.0	not-run: licence screen failed	not-run: licence screen failed	rejected	witness-search-jentic/records.tsv:402
jentic	oauth2-password	https://raw.githubusercontent.com/jentic/jentic-public-apis/eb9d12a2684b0fbcb5aecf51e8ae54dba0929743/apis/openapi/staatic.com/main/1.0.2/meta/import/output-bundle.json	eb9d12a2684b0fbcb5aecf51e8ae54dba0929743	ed06e895e9c1d0c133ba6966de5888c5c438ea5ad4c7409739f44b9fb02da819	2	failed: no evidenced publisher redistribution grant (document licence: proprietary); jentic redistribution: CC0-1.0	not-run: licence screen failed	not-run: licence screen failed	rejected	witness-search-jentic/records.tsv:403
jentic	oauth2-password	https://raw.githubusercontent.com/jentic/jentic-public-apis/eb9d12a2684b0fbcb5aecf51e8ae54dba0929743/apis/openapi/staatic.com/main/1.0.2/meta/import/output-entry.json	eb9d12a2684b0fbcb5aecf51e8ae54dba0929743	b0727efe3d5ce23bc216cbcfdc639d89047f71ad66d095ee3535a984272fd5fd	2	failed: no evidenced publisher redistribution grant (document licence: proprietary); jentic redistribution: CC0-1.0	not-run: licence screen failed	not-run: licence screen failed	rejected	witness-search-jentic/records.tsv:404
jentic	oauth2-password	https://raw.githubusercontent.com/jentic/jentic-public-apis/eb9d12a2684b0fbcb5aecf51e8ae54dba0929743/apis/openapi/staatic.com/main/1.0.2/openapi.json	eb9d12a2684b0fbcb5aecf51e8ae54dba0929743	ed06e895e9c1d0c133ba6966de5888c5c438ea5ad4c7409739f44b9fb02da819	2	failed: no evidenced publisher redistribution grant (document licence: proprietary); jentic redistribution: CC0-1.0	not-run: licence screen failed	not-run: licence screen failed	rejected	witness-search-jentic/records.tsv:405
jentic	oauth2-password	https://raw.githubusercontent.com/jentic/jentic-public-apis/eb9d12a2684b0fbcb5aecf51e8ae54dba0929743/apis/openapi/sugarcrm.com/main/14.2/meta/import/input-bundle.json	eb9d12a2684b0fbcb5aecf51e8ae54dba0929743	44a951153add57b1fa68725dba16002973ac2503f124ab35359e8273e27e0316	2	failed: no evidenced publisher redistribution grant (document licence: none); jentic redistribution: CC0-1.0	not-run: licence screen failed	not-run: licence screen failed	rejected	witness-search-jentic/records.tsv:406
jentic	oauth2-password	https://raw.githubusercontent.com/jentic/jentic-public-apis/eb9d12a2684b0fbcb5aecf51e8ae54dba0929743/apis/openapi/sugarcrm.com/main/14.2/meta/import/input-entry.json	eb9d12a2684b0fbcb5aecf51e8ae54dba0929743	44a951153add57b1fa68725dba16002973ac2503f124ab35359e8273e27e0316	2	failed: no evidenced publisher redistribution grant (document licence: none); jentic redistribution: CC0-1.0	not-run: licence screen failed	not-run: licence screen failed	rejected	witness-search-jentic/records.tsv:407
jentic	oauth2-password	https://raw.githubusercontent.com/jentic/jentic-public-apis/eb9d12a2684b0fbcb5aecf51e8ae54dba0929743/apis/openapi/sugarcrm.com/main/14.2/meta/import/output-bundle.json	eb9d12a2684b0fbcb5aecf51e8ae54dba0929743	44a951153add57b1fa68725dba16002973ac2503f124ab35359e8273e27e0316	2	failed: no evidenced publisher redistribution grant (document licence: none); jentic redistribution: CC0-1.0	not-run: licence screen failed	not-run: licence screen failed	rejected	witness-search-jentic/records.tsv:408
jentic	oauth2-password	https://raw.githubusercontent.com/jentic/jentic-public-apis/eb9d12a2684b0fbcb5aecf51e8ae54dba0929743/apis/openapi/sugarcrm.com/main/14.2/meta/import/output-entry.json	eb9d12a2684b0fbcb5aecf51e8ae54dba0929743	44a951153add57b1fa68725dba16002973ac2503f124ab35359e8273e27e0316	2	failed: no evidenced publisher redistribution grant (document licence: none); jentic redistribution: CC0-1.0	not-run: licence screen failed	not-run: licence screen failed	rejected	witness-search-jentic/records.tsv:409
jentic	oauth2-password	https://raw.githubusercontent.com/jentic/jentic-public-apis/eb9d12a2684b0fbcb5aecf51e8ae54dba0929743/apis/openapi/sugarcrm.com/main/14.2/openapi.json	eb9d12a2684b0fbcb5aecf51e8ae54dba0929743	44a951153add57b1fa68725dba16002973ac2503f124ab35359e8273e27e0316	2	failed: no evidenced publisher redistribution grant (document licence: none); jentic redistribution: CC0-1.0	not-run: licence screen failed	not-run: licence screen failed	rejected	witness-search-jentic/records.tsv:410
jentic	oauth2-password	https://raw.githubusercontent.com/jentic/jentic-public-apis/eb9d12a2684b0fbcb5aecf51e8ae54dba0929743/apis/openapi/swaggerhub.adas-a2b-services/adas-a2b-datahub/1.2.0/meta/import/input-bundle.json	eb9d12a2684b0fbcb5aecf51e8ae54dba0929743	11579048368dafcc836f85907a2156090bc620c76a07a9dd883af588b46f185b	2	failed: no evidenced publisher redistribution grant (document licence: none); jentic redistribution: CC0-1.0	not-run: licence screen failed	not-run: licence screen failed	rejected	witness-search-jentic/records.tsv:411
jentic	oauth2-password	https://raw.githubusercontent.com/jentic/jentic-public-apis/eb9d12a2684b0fbcb5aecf51e8ae54dba0929743/apis/openapi/swaggerhub.adas-a2b-services/adas-a2b-datahub/1.2.0/meta/import/input-entry.json	eb9d12a2684b0fbcb5aecf51e8ae54dba0929743	1484b8f6d267b8d6a3c17da50f45456cae3a4c3c3d63e9361563bfc6e7f1cbc8	2	failed: no evidenced publisher redistribution grant (document licence: none); jentic redistribution: CC0-1.0	not-run: licence screen failed	not-run: licence screen failed	rejected	witness-search-jentic/records.tsv:412
jentic	oauth2-password	https://raw.githubusercontent.com/jentic/jentic-public-apis/eb9d12a2684b0fbcb5aecf51e8ae54dba0929743/apis/openapi/swaggerhub.adas-a2b-services/adas-a2b-datahub/1.2.0/meta/import/output-bundle.json	eb9d12a2684b0fbcb5aecf51e8ae54dba0929743	11579048368dafcc836f85907a2156090bc620c76a07a9dd883af588b46f185b	2	failed: no evidenced publisher redistribution grant (document licence: none); jentic redistribution: CC0-1.0	not-run: licence screen failed	not-run: licence screen failed	rejected	witness-search-jentic/records.tsv:413
jentic	oauth2-password	https://raw.githubusercontent.com/jentic/jentic-public-apis/eb9d12a2684b0fbcb5aecf51e8ae54dba0929743/apis/openapi/swaggerhub.adas-a2b-services/adas-a2b-datahub/1.2.0/meta/import/output-entry.json	eb9d12a2684b0fbcb5aecf51e8ae54dba0929743	1484b8f6d267b8d6a3c17da50f45456cae3a4c3c3d63e9361563bfc6e7f1cbc8	2	failed: no evidenced publisher redistribution grant (document licence: none); jentic redistribution: CC0-1.0	not-run: licence screen failed	not-run: licence screen failed	rejected	witness-search-jentic/records.tsv:414
jentic	oauth2-password	https://raw.githubusercontent.com/jentic/jentic-public-apis/eb9d12a2684b0fbcb5aecf51e8ae54dba0929743/apis/openapi/swaggerhub.adas-a2b-services/adas-a2b-datahub/1.2.0/openapi.json	eb9d12a2684b0fbcb5aecf51e8ae54dba0929743	11579048368dafcc836f85907a2156090bc620c76a07a9dd883af588b46f185b	2	failed: no evidenced publisher redistribution grant (document licence: none); jentic redistribution: CC0-1.0	not-run: licence screen failed	not-run: licence screen failed	rejected	witness-search-jentic/records.tsv:415
jentic	oauth2-password	https://raw.githubusercontent.com/jentic/jentic-public-apis/eb9d12a2684b0fbcb5aecf51e8ae54dba0929743/apis/openapi/swaggerhub.anexya/ax-public-api/1.42.18/meta/import/input-bundle.json	eb9d12a2684b0fbcb5aecf51e8ae54dba0929743	80cb87c03a0af185c2e9d5de9bc002662e19ef7420301f383dfbff66707cf19e	2	failed: no evidenced publisher redistribution grant (document licence: none); jentic redistribution: CC0-1.0	not-run: licence screen failed	not-run: licence screen failed	rejected	witness-search-jentic/records.tsv:416
jentic	oauth2-password	https://raw.githubusercontent.com/jentic/jentic-public-apis/eb9d12a2684b0fbcb5aecf51e8ae54dba0929743/apis/openapi/swaggerhub.anexya/ax-public-api/1.42.18/meta/import/input-entry.json	eb9d12a2684b0fbcb5aecf51e8ae54dba0929743	010d8442c647ecaf8535e79589163a19d14eebc4c8586aa62abe6b2ce1e2f407	2	failed: no evidenced publisher redistribution grant (document licence: none); jentic redistribution: CC0-1.0	not-run: licence screen failed	not-run: licence screen failed	rejected	witness-search-jentic/records.tsv:417
jentic	oauth2-password	https://raw.githubusercontent.com/jentic/jentic-public-apis/eb9d12a2684b0fbcb5aecf51e8ae54dba0929743/apis/openapi/swaggerhub.anexya/ax-public-api/1.42.18/meta/import/output-bundle.json	eb9d12a2684b0fbcb5aecf51e8ae54dba0929743	80cb87c03a0af185c2e9d5de9bc002662e19ef7420301f383dfbff66707cf19e	2	failed: no evidenced publisher redistribution grant (document licence: none); jentic redistribution: CC0-1.0	not-run: licence screen failed	not-run: licence screen failed	rejected	witness-search-jentic/records.tsv:418
jentic	oauth2-password	https://raw.githubusercontent.com/jentic/jentic-public-apis/eb9d12a2684b0fbcb5aecf51e8ae54dba0929743/apis/openapi/swaggerhub.anexya/ax-public-api/1.42.18/meta/import/output-entry.json	eb9d12a2684b0fbcb5aecf51e8ae54dba0929743	010d8442c647ecaf8535e79589163a19d14eebc4c8586aa62abe6b2ce1e2f407	2	failed: no evidenced publisher redistribution grant (document licence: none); jentic redistribution: CC0-1.0	not-run: licence screen failed	not-run: licence screen failed	rejected	witness-search-jentic/records.tsv:419
jentic	oauth2-password	https://raw.githubusercontent.com/jentic/jentic-public-apis/eb9d12a2684b0fbcb5aecf51e8ae54dba0929743/apis/openapi/swaggerhub.anexya/ax-public-api/1.42.18/openapi.json	eb9d12a2684b0fbcb5aecf51e8ae54dba0929743	80cb87c03a0af185c2e9d5de9bc002662e19ef7420301f383dfbff66707cf19e	2	failed: no evidenced publisher redistribution grant (document licence: none); jentic redistribution: CC0-1.0	not-run: licence screen failed	not-run: licence screen failed	rejected	witness-search-jentic/records.tsv:420
jentic	oauth2-password	https://raw.githubusercontent.com/jentic/jentic-public-apis/eb9d12a2684b0fbcb5aecf51e8ae54dba0929743/apis/openapi/swaggerhub.cloudappi/api-taya-sync/1.0.0/meta/import/input-bundle.json	eb9d12a2684b0fbcb5aecf51e8ae54dba0929743	5ae52392c1241c6dad575a1669964f7eddb2c94e9a99fc23c14caf24a80137e3	2	pass	failed: jentic pin exists but immutable publisher-byte equivalence is not evidenced	not-run: revision screen failed	rejected	witness-search-jentic/records.tsv:421
jentic	oauth2-password	https://raw.githubusercontent.com/jentic/jentic-public-apis/eb9d12a2684b0fbcb5aecf51e8ae54dba0929743/apis/openapi/swaggerhub.cloudappi/api-taya-sync/1.0.0/meta/import/input-entry.json	eb9d12a2684b0fbcb5aecf51e8ae54dba0929743	5ae52392c1241c6dad575a1669964f7eddb2c94e9a99fc23c14caf24a80137e3	2	pass	failed: jentic pin exists but immutable publisher-byte equivalence is not evidenced	not-run: revision screen failed	rejected	witness-search-jentic/records.tsv:422
jentic	oauth2-password	https://raw.githubusercontent.com/jentic/jentic-public-apis/eb9d12a2684b0fbcb5aecf51e8ae54dba0929743/apis/openapi/swaggerhub.cloudappi/api-taya-sync/1.0.0/meta/import/output-bundle.json	eb9d12a2684b0fbcb5aecf51e8ae54dba0929743	5ae52392c1241c6dad575a1669964f7eddb2c94e9a99fc23c14caf24a80137e3	2	pass	failed: jentic pin exists but immutable publisher-byte equivalence is not evidenced	not-run: revision screen failed	rejected	witness-search-jentic/records.tsv:423
jentic	oauth2-password	https://raw.githubusercontent.com/jentic/jentic-public-apis/eb9d12a2684b0fbcb5aecf51e8ae54dba0929743/apis/openapi/swaggerhub.cloudappi/api-taya-sync/1.0.0/meta/import/output-entry.json	eb9d12a2684b0fbcb5aecf51e8ae54dba0929743	5ae52392c1241c6dad575a1669964f7eddb2c94e9a99fc23c14caf24a80137e3	2	pass	failed: jentic pin exists but immutable publisher-byte equivalence is not evidenced	not-run: revision screen failed	rejected	witness-search-jentic/records.tsv:424
jentic	oauth2-password	https://raw.githubusercontent.com/jentic/jentic-public-apis/eb9d12a2684b0fbcb5aecf51e8ae54dba0929743/apis/openapi/swaggerhub.cloudappi/api-taya-sync/1.0.0/openapi.json	eb9d12a2684b0fbcb5aecf51e8ae54dba0929743	5ae52392c1241c6dad575a1669964f7eddb2c94e9a99fc23c14caf24a80137e3	2	pass	failed: jentic pin exists but immutable publisher-byte equivalence is not evidenced	not-run: revision screen failed	rejected	witness-search-jentic/records.tsv:425
jentic	oauth2-password	https://raw.githubusercontent.com/jentic/jentic-public-apis/eb9d12a2684b0fbcb5aecf51e8ae54dba0929743/apis/openapi/swaggerhub.expdemo/accessmanagement/1.0.0/meta/import/input-bundle.json	eb9d12a2684b0fbcb5aecf51e8ae54dba0929743	5c79aebf697dc98de1010346d4498a08feafac855dd4ffb72eb80227181c2775	2	failed: no evidenced publisher redistribution grant (document licence: none); jentic redistribution: CC0-1.0	not-run: licence screen failed	not-run: licence screen failed	rejected	witness-search-jentic/records.tsv:426
jentic	oauth2-password	https://raw.githubusercontent.com/jentic/jentic-public-apis/eb9d12a2684b0fbcb5aecf51e8ae54dba0929743/apis/openapi/swaggerhub.expdemo/accessmanagement/1.0.0/meta/import/input-entry.json	eb9d12a2684b0fbcb5aecf51e8ae54dba0929743	5c79aebf697dc98de1010346d4498a08feafac855dd4ffb72eb80227181c2775	2	failed: no evidenced publisher redistribution grant (document licence: none); jentic redistribution: CC0-1.0	not-run: licence screen failed	not-run: licence screen failed	rejected	witness-search-jentic/records.tsv:427
jentic	oauth2-password	https://raw.githubusercontent.com/jentic/jentic-public-apis/eb9d12a2684b0fbcb5aecf51e8ae54dba0929743/apis/openapi/swaggerhub.expdemo/accessmanagement/1.0.0/meta/import/output-bundle.json	eb9d12a2684b0fbcb5aecf51e8ae54dba0929743	5c79aebf697dc98de1010346d4498a08feafac855dd4ffb72eb80227181c2775	2	failed: no evidenced publisher redistribution grant (document licence: none); jentic redistribution: CC0-1.0	not-run: licence screen failed	not-run: licence screen failed	rejected	witness-search-jentic/records.tsv:428
jentic	oauth2-password	https://raw.githubusercontent.com/jentic/jentic-public-apis/eb9d12a2684b0fbcb5aecf51e8ae54dba0929743/apis/openapi/swaggerhub.expdemo/accessmanagement/1.0.0/meta/import/output-entry.json	eb9d12a2684b0fbcb5aecf51e8ae54dba0929743	5c79aebf697dc98de1010346d4498a08feafac855dd4ffb72eb80227181c2775	2	failed: no evidenced publisher redistribution grant (document licence: none); jentic redistribution: CC0-1.0	not-run: licence screen failed	not-run: licence screen failed	rejected	witness-search-jentic/records.tsv:429
jentic	oauth2-password	https://raw.githubusercontent.com/jentic/jentic-public-apis/eb9d12a2684b0fbcb5aecf51e8ae54dba0929743/apis/openapi/swaggerhub.expdemo/accessmanagement/1.0.0/openapi.json	eb9d12a2684b0fbcb5aecf51e8ae54dba0929743	5c79aebf697dc98de1010346d4498a08feafac855dd4ffb72eb80227181c2775	2	failed: no evidenced publisher redistribution grant (document licence: none); jentic redistribution: CC0-1.0	not-run: licence screen failed	not-run: licence screen failed	rejected	witness-search-jentic/records.tsv:430
jentic	oauth2-password	https://raw.githubusercontent.com/jentic/jentic-public-apis/eb9d12a2684b0fbcb5aecf51e8ae54dba0929743/apis/openapi/swaggerhub.gmf-tech/bidbr-middleware-auction-apis/1.0.4/meta/import/input-bundle.json	eb9d12a2684b0fbcb5aecf51e8ae54dba0929743	4d762f2ad1d6c2622cf7bc05e78e8ac549456c6b81d042836c1e0f6783de165d	2	pass	failed: jentic pin exists but immutable publisher-byte equivalence is not evidenced	not-run: revision screen failed	rejected	witness-search-jentic/records.tsv:431
jentic	oauth2-password	https://raw.githubusercontent.com/jentic/jentic-public-apis/eb9d12a2684b0fbcb5aecf51e8ae54dba0929743/apis/openapi/swaggerhub.gmf-tech/bidbr-middleware-auction-apis/1.0.4/meta/import/input-entry.json	eb9d12a2684b0fbcb5aecf51e8ae54dba0929743	4d762f2ad1d6c2622cf7bc05e78e8ac549456c6b81d042836c1e0f6783de165d	2	pass	failed: jentic pin exists but immutable publisher-byte equivalence is not evidenced	not-run: revision screen failed	rejected	witness-search-jentic/records.tsv:432
jentic	oauth2-password	https://raw.githubusercontent.com/jentic/jentic-public-apis/eb9d12a2684b0fbcb5aecf51e8ae54dba0929743/apis/openapi/swaggerhub.gmf-tech/bidbr-middleware-auction-apis/1.0.4/meta/import/output-bundle.json	eb9d12a2684b0fbcb5aecf51e8ae54dba0929743	4d762f2ad1d6c2622cf7bc05e78e8ac549456c6b81d042836c1e0f6783de165d	2	pass	failed: jentic pin exists but immutable publisher-byte equivalence is not evidenced	not-run: revision screen failed	rejected	witness-search-jentic/records.tsv:433
jentic	oauth2-password	https://raw.githubusercontent.com/jentic/jentic-public-apis/eb9d12a2684b0fbcb5aecf51e8ae54dba0929743/apis/openapi/swaggerhub.gmf-tech/bidbr-middleware-auction-apis/1.0.4/meta/import/output-entry.json	eb9d12a2684b0fbcb5aecf51e8ae54dba0929743	4d762f2ad1d6c2622cf7bc05e78e8ac549456c6b81d042836c1e0f6783de165d	2	pass	failed: jentic pin exists but immutable publisher-byte equivalence is not evidenced	not-run: revision screen failed	rejected	witness-search-jentic/records.tsv:434
jentic	oauth2-password	https://raw.githubusercontent.com/jentic/jentic-public-apis/eb9d12a2684b0fbcb5aecf51e8ae54dba0929743/apis/openapi/swaggerhub.gmf-tech/bidbr-middleware-auction-apis/1.0.4/openapi.json	eb9d12a2684b0fbcb5aecf51e8ae54dba0929743	4d762f2ad1d6c2622cf7bc05e78e8ac549456c6b81d042836c1e0f6783de165d	2	pass	failed: jentic pin exists but immutable publisher-byte equivalence is not evidenced	not-run: revision screen failed	rejected	witness-search-jentic/records.tsv:435
jentic	oauth2-password	https://raw.githubusercontent.com/jentic/jentic-public-apis/eb9d12a2684b0fbcb5aecf51e8ae54dba0929743/apis/openapi/swaggerhub.gmf-tech/bidbr-middleware-bids-apis/1.0.1/meta/import/input-bundle.json	eb9d12a2684b0fbcb5aecf51e8ae54dba0929743	2fb5ca456fa1fd79937b3182810a5edf165f52516fff134afa6c3787e9b1ce5c	2	pass	failed: jentic pin exists but immutable publisher-byte equivalence is not evidenced	not-run: revision screen failed	rejected	witness-search-jentic/records.tsv:436
jentic	oauth2-password	https://raw.githubusercontent.com/jentic/jentic-public-apis/eb9d12a2684b0fbcb5aecf51e8ae54dba0929743/apis/openapi/swaggerhub.gmf-tech/bidbr-middleware-bids-apis/1.0.1/meta/import/input-entry.json	eb9d12a2684b0fbcb5aecf51e8ae54dba0929743	83894d8caf3c39b34505a7cb368e6c7b7c6d7c582cee679d33947674003f865a	2	pass	failed: jentic pin exists but immutable publisher-byte equivalence is not evidenced	not-run: revision screen failed	rejected	witness-search-jentic/records.tsv:437
jentic	oauth2-password	https://raw.githubusercontent.com/jentic/jentic-public-apis/eb9d12a2684b0fbcb5aecf51e8ae54dba0929743/apis/openapi/swaggerhub.gmf-tech/bidbr-middleware-bids-apis/1.0.1/meta/import/output-bundle.json	eb9d12a2684b0fbcb5aecf51e8ae54dba0929743	2fb5ca456fa1fd79937b3182810a5edf165f52516fff134afa6c3787e9b1ce5c	2	pass	failed: jentic pin exists but immutable publisher-byte equivalence is not evidenced	not-run: revision screen failed	rejected	witness-search-jentic/records.tsv:438
jentic	oauth2-password	https://raw.githubusercontent.com/jentic/jentic-public-apis/eb9d12a2684b0fbcb5aecf51e8ae54dba0929743/apis/openapi/swaggerhub.gmf-tech/bidbr-middleware-bids-apis/1.0.1/meta/import/output-entry.json	eb9d12a2684b0fbcb5aecf51e8ae54dba0929743	83894d8caf3c39b34505a7cb368e6c7b7c6d7c582cee679d33947674003f865a	2	pass	failed: jentic pin exists but immutable publisher-byte equivalence is not evidenced	not-run: revision screen failed	rejected	witness-search-jentic/records.tsv:439
jentic	oauth2-password	https://raw.githubusercontent.com/jentic/jentic-public-apis/eb9d12a2684b0fbcb5aecf51e8ae54dba0929743/apis/openapi/swaggerhub.gmf-tech/bidbr-middleware-bids-apis/1.0.1/openapi.json	eb9d12a2684b0fbcb5aecf51e8ae54dba0929743	2fb5ca456fa1fd79937b3182810a5edf165f52516fff134afa6c3787e9b1ce5c	2	pass	failed: jentic pin exists but immutable publisher-byte equivalence is not evidenced	not-run: revision screen failed	rejected	witness-search-jentic/records.tsv:440
jentic	oauth2-password	https://raw.githubusercontent.com/jentic/jentic-public-apis/eb9d12a2684b0fbcb5aecf51e8ae54dba0929743/apis/openapi/swaggerhub.gmf-tech/bidbr-middleware-collector-apis/1.0.8/meta/import/input-bundle.json	eb9d12a2684b0fbcb5aecf51e8ae54dba0929743	03e08bda798cd7ddecadef3fd0836533759456b408b9ac44fd918426e089860e	2	pass	failed: jentic pin exists but immutable publisher-byte equivalence is not evidenced	not-run: revision screen failed	rejected	witness-search-jentic/records.tsv:441
jentic	oauth2-password	https://raw.githubusercontent.com/jentic/jentic-public-apis/eb9d12a2684b0fbcb5aecf51e8ae54dba0929743/apis/openapi/swaggerhub.gmf-tech/bidbr-middleware-collector-apis/1.0.8/meta/import/input-entry.json	eb9d12a2684b0fbcb5aecf51e8ae54dba0929743	22349f79be0ce627bc8ce9588be30057a0bd718bc6122b120a7f5e951ff33765	2	pass	failed: jentic pin exists but immutable publisher-byte equivalence is not evidenced	not-run: revision screen failed	rejected	witness-search-jentic/records.tsv:442
jentic	oauth2-password	https://raw.githubusercontent.com/jentic/jentic-public-apis/eb9d12a2684b0fbcb5aecf51e8ae54dba0929743/apis/openapi/swaggerhub.gmf-tech/bidbr-middleware-collector-apis/1.0.8/meta/import/output-bundle.json	eb9d12a2684b0fbcb5aecf51e8ae54dba0929743	03e08bda798cd7ddecadef3fd0836533759456b408b9ac44fd918426e089860e	2	pass	failed: jentic pin exists but immutable publisher-byte equivalence is not evidenced	not-run: revision screen failed	rejected	witness-search-jentic/records.tsv:443
jentic	oauth2-password	https://raw.githubusercontent.com/jentic/jentic-public-apis/eb9d12a2684b0fbcb5aecf51e8ae54dba0929743/apis/openapi/swaggerhub.gmf-tech/bidbr-middleware-collector-apis/1.0.8/meta/import/output-entry.json	eb9d12a2684b0fbcb5aecf51e8ae54dba0929743	22349f79be0ce627bc8ce9588be30057a0bd718bc6122b120a7f5e951ff33765	2	pass	failed: jentic pin exists but immutable publisher-byte equivalence is not evidenced	not-run: revision screen failed	rejected	witness-search-jentic/records.tsv:444
jentic	oauth2-password	https://raw.githubusercontent.com/jentic/jentic-public-apis/eb9d12a2684b0fbcb5aecf51e8ae54dba0929743/apis/openapi/swaggerhub.gmf-tech/bidbr-middleware-collector-apis/1.0.8/openapi.json	eb9d12a2684b0fbcb5aecf51e8ae54dba0929743	03e08bda798cd7ddecadef3fd0836533759456b408b9ac44fd918426e089860e	2	pass	failed: jentic pin exists but immutable publisher-byte equivalence is not evidenced	not-run: revision screen failed	rejected	witness-search-jentic/records.tsv:445
jentic	oauth2-password	https://raw.githubusercontent.com/jentic/jentic-public-apis/eb9d12a2684b0fbcb5aecf51e8ae54dba0929743/apis/openapi/swaggerhub.gmf-tech/bidbr-middleware-customer-apis/1.0.3/meta/import/input-bundle.json	eb9d12a2684b0fbcb5aecf51e8ae54dba0929743	14f45d1b081277954d748f3255aad2c160afcda97fee3c26247f8c1e2dd0a412	2	pass	failed: jentic pin exists but immutable publisher-byte equivalence is not evidenced	not-run: revision screen failed	rejected	witness-search-jentic/records.tsv:446
jentic	oauth2-password	https://raw.githubusercontent.com/jentic/jentic-public-apis/eb9d12a2684b0fbcb5aecf51e8ae54dba0929743/apis/openapi/swaggerhub.gmf-tech/bidbr-middleware-customer-apis/1.0.3/meta/import/input-entry.json	eb9d12a2684b0fbcb5aecf51e8ae54dba0929743	14f45d1b081277954d748f3255aad2c160afcda97fee3c26247f8c1e2dd0a412	2	pass	failed: jentic pin exists but immutable publisher-byte equivalence is not evidenced	not-run: revision screen failed	rejected	witness-search-jentic/records.tsv:447
jentic	oauth2-password	https://raw.githubusercontent.com/jentic/jentic-public-apis/eb9d12a2684b0fbcb5aecf51e8ae54dba0929743/apis/openapi/swaggerhub.gmf-tech/bidbr-middleware-customer-apis/1.0.3/meta/import/output-bundle.json	eb9d12a2684b0fbcb5aecf51e8ae54dba0929743	14f45d1b081277954d748f3255aad2c160afcda97fee3c26247f8c1e2dd0a412	2	pass	failed: jentic pin exists but immutable publisher-byte equivalence is not evidenced	not-run: revision screen failed	rejected	witness-search-jentic/records.tsv:448
jentic	oauth2-password	https://raw.githubusercontent.com/jentic/jentic-public-apis/eb9d12a2684b0fbcb5aecf51e8ae54dba0929743/apis/openapi/swaggerhub.gmf-tech/bidbr-middleware-customer-apis/1.0.3/meta/import/output-entry.json	eb9d12a2684b0fbcb5aecf51e8ae54dba0929743	14f45d1b081277954d748f3255aad2c160afcda97fee3c26247f8c1e2dd0a412	2	pass	failed: jentic pin exists but immutable publisher-byte equivalence is not evidenced	not-run: revision screen failed	rejected	witness-search-jentic/records.tsv:449
jentic	oauth2-password	https://raw.githubusercontent.com/jentic/jentic-public-apis/eb9d12a2684b0fbcb5aecf51e8ae54dba0929743/apis/openapi/swaggerhub.gmf-tech/bidbr-middleware-customer-apis/1.0.3/openapi.json	eb9d12a2684b0fbcb5aecf51e8ae54dba0929743	14f45d1b081277954d748f3255aad2c160afcda97fee3c26247f8c1e2dd0a412	2	pass	failed: jentic pin exists but immutable publisher-byte equivalence is not evidenced	not-run: revision screen failed	rejected	witness-search-jentic/records.tsv:450
jentic	oauth2-password	https://raw.githubusercontent.com/jentic/jentic-public-apis/eb9d12a2684b0fbcb5aecf51e8ae54dba0929743/apis/openapi/swaggerhub.gmf-tech/bidbr-middleware-filter-apis/1.0.3/meta/import/input-bundle.json	eb9d12a2684b0fbcb5aecf51e8ae54dba0929743	9d9c1cbdd0f941e3f824dcb0b83a98678079ab691ea596762b8185aebc2c4d23	2	pass	failed: jentic pin exists but immutable publisher-byte equivalence is not evidenced	not-run: revision screen failed	rejected	witness-search-jentic/records.tsv:451
jentic	oauth2-password	https://raw.githubusercontent.com/jentic/jentic-public-apis/eb9d12a2684b0fbcb5aecf51e8ae54dba0929743/apis/openapi/swaggerhub.gmf-tech/bidbr-middleware-filter-apis/1.0.3/meta/import/input-entry.json	eb9d12a2684b0fbcb5aecf51e8ae54dba0929743	9d9c1cbdd0f941e3f824dcb0b83a98678079ab691ea596762b8185aebc2c4d23	2	pass	failed: jentic pin exists but immutable publisher-byte equivalence is not evidenced	not-run: revision screen failed	rejected	witness-search-jentic/records.tsv:452
jentic	oauth2-password	https://raw.githubusercontent.com/jentic/jentic-public-apis/eb9d12a2684b0fbcb5aecf51e8ae54dba0929743/apis/openapi/swaggerhub.gmf-tech/bidbr-middleware-filter-apis/1.0.3/meta/import/output-bundle.json	eb9d12a2684b0fbcb5aecf51e8ae54dba0929743	9d9c1cbdd0f941e3f824dcb0b83a98678079ab691ea596762b8185aebc2c4d23	2	pass	failed: jentic pin exists but immutable publisher-byte equivalence is not evidenced	not-run: revision screen failed	rejected	witness-search-jentic/records.tsv:453
jentic	oauth2-password	https://raw.githubusercontent.com/jentic/jentic-public-apis/eb9d12a2684b0fbcb5aecf51e8ae54dba0929743/apis/openapi/swaggerhub.gmf-tech/bidbr-middleware-filter-apis/1.0.3/meta/import/output-entry.json	eb9d12a2684b0fbcb5aecf51e8ae54dba0929743	9d9c1cbdd0f941e3f824dcb0b83a98678079ab691ea596762b8185aebc2c4d23	2	pass	failed: jentic pin exists but immutable publisher-byte equivalence is not evidenced	not-run: revision screen failed	rejected	witness-search-jentic/records.tsv:454
jentic	oauth2-password	https://raw.githubusercontent.com/jentic/jentic-public-apis/eb9d12a2684b0fbcb5aecf51e8ae54dba0929743/apis/openapi/swaggerhub.gmf-tech/bidbr-middleware-filter-apis/1.0.3/openapi.json	eb9d12a2684b0fbcb5aecf51e8ae54dba0929743	9d9c1cbdd0f941e3f824dcb0b83a98678079ab691ea596762b8185aebc2c4d23	2	pass	failed: jentic pin exists but immutable publisher-byte equivalence is not evidenced	not-run: revision screen failed	rejected	witness-search-jentic/records.tsv:455
jentic	oauth2-password	https://raw.githubusercontent.com/jentic/jentic-public-apis/eb9d12a2684b0fbcb5aecf51e8ae54dba0929743/apis/openapi/swaggerhub.gmf-tech/bidbr-middleware-proposal-apis/1.0.3/meta/import/input-bundle.json	eb9d12a2684b0fbcb5aecf51e8ae54dba0929743	84b222eec6e43aae84d71a5b2d8c7235193be411a530be4c3d62eb07bcff680d	2	pass	failed: jentic pin exists but immutable publisher-byte equivalence is not evidenced	not-run: revision screen failed	rejected	witness-search-jentic/records.tsv:456
jentic	oauth2-password	https://raw.githubusercontent.com/jentic/jentic-public-apis/eb9d12a2684b0fbcb5aecf51e8ae54dba0929743/apis/openapi/swaggerhub.gmf-tech/bidbr-middleware-proposal-apis/1.0.3/meta/import/input-entry.json	eb9d12a2684b0fbcb5aecf51e8ae54dba0929743	a07b0ec6c13365da6ab2c1b139e9c3a9d0cc078614cb549cdab5e04be63951bb	2	pass	failed: jentic pin exists but immutable publisher-byte equivalence is not evidenced	not-run: revision screen failed	rejected	witness-search-jentic/records.tsv:457
jentic	oauth2-password	https://raw.githubusercontent.com/jentic/jentic-public-apis/eb9d12a2684b0fbcb5aecf51e8ae54dba0929743/apis/openapi/swaggerhub.gmf-tech/bidbr-middleware-proposal-apis/1.0.3/meta/import/output-bundle.json	eb9d12a2684b0fbcb5aecf51e8ae54dba0929743	84b222eec6e43aae84d71a5b2d8c7235193be411a530be4c3d62eb07bcff680d	2	pass	failed: jentic pin exists but immutable publisher-byte equivalence is not evidenced	not-run: revision screen failed	rejected	witness-search-jentic/records.tsv:458
jentic	oauth2-password	https://raw.githubusercontent.com/jentic/jentic-public-apis/eb9d12a2684b0fbcb5aecf51e8ae54dba0929743/apis/openapi/swaggerhub.gmf-tech/bidbr-middleware-proposal-apis/1.0.3/meta/import/output-entry.json	eb9d12a2684b0fbcb5aecf51e8ae54dba0929743	a07b0ec6c13365da6ab2c1b139e9c3a9d0cc078614cb549cdab5e04be63951bb	2	pass	failed: jentic pin exists but immutable publisher-byte equivalence is not evidenced	not-run: revision screen failed	rejected	witness-search-jentic/records.tsv:459
jentic	oauth2-password	https://raw.githubusercontent.com/jentic/jentic-public-apis/eb9d12a2684b0fbcb5aecf51e8ae54dba0929743/apis/openapi/swaggerhub.gmf-tech/bidbr-middleware-proposal-apis/1.0.3/openapi.json	eb9d12a2684b0fbcb5aecf51e8ae54dba0929743	84b222eec6e43aae84d71a5b2d8c7235193be411a530be4c3d62eb07bcff680d	2	pass	failed: jentic pin exists but immutable publisher-byte equivalence is not evidenced	not-run: revision screen failed	rejected	witness-search-jentic/records.tsv:460
jentic	oauth2-password	https://raw.githubusercontent.com/jentic/jentic-public-apis/eb9d12a2684b0fbcb5aecf51e8ae54dba0929743/apis/openapi/swaggerhub.semantictouch/bentosandboxauth/1.0.1-oas3/meta/import/input-bundle.json	eb9d12a2684b0fbcb5aecf51e8ae54dba0929743	d89a6fa2f523b12c7411d81048f9eb540dc317f89982b93d98a99b229c198b5f	2	failed: no evidenced publisher redistribution grant (document licence: none); jentic redistribution: CC0-1.0	not-run: licence screen failed	not-run: licence screen failed	rejected	witness-search-jentic/records.tsv:461
jentic	oauth2-password	https://raw.githubusercontent.com/jentic/jentic-public-apis/eb9d12a2684b0fbcb5aecf51e8ae54dba0929743/apis/openapi/swaggerhub.semantictouch/bentosandboxauth/1.0.1-oas3/meta/import/input-entry.json	eb9d12a2684b0fbcb5aecf51e8ae54dba0929743	d89a6fa2f523b12c7411d81048f9eb540dc317f89982b93d98a99b229c198b5f	2	failed: no evidenced publisher redistribution grant (document licence: none); jentic redistribution: CC0-1.0	not-run: licence screen failed	not-run: licence screen failed	rejected	witness-search-jentic/records.tsv:462
jentic	oauth2-password	https://raw.githubusercontent.com/jentic/jentic-public-apis/eb9d12a2684b0fbcb5aecf51e8ae54dba0929743/apis/openapi/swaggerhub.semantictouch/bentosandboxauth/1.0.1-oas3/meta/import/output-bundle.json	eb9d12a2684b0fbcb5aecf51e8ae54dba0929743	d89a6fa2f523b12c7411d81048f9eb540dc317f89982b93d98a99b229c198b5f	2	failed: no evidenced publisher redistribution grant (document licence: none); jentic redistribution: CC0-1.0	not-run: licence screen failed	not-run: licence screen failed	rejected	witness-search-jentic/records.tsv:463
jentic	oauth2-password	https://raw.githubusercontent.com/jentic/jentic-public-apis/eb9d12a2684b0fbcb5aecf51e8ae54dba0929743/apis/openapi/swaggerhub.semantictouch/bentosandboxauth/1.0.1-oas3/meta/import/output-entry.json	eb9d12a2684b0fbcb5aecf51e8ae54dba0929743	d89a6fa2f523b12c7411d81048f9eb540dc317f89982b93d98a99b229c198b5f	2	failed: no evidenced publisher redistribution grant (document licence: none); jentic redistribution: CC0-1.0	not-run: licence screen failed	not-run: licence screen failed	rejected	witness-search-jentic/records.tsv:464
jentic	oauth2-password	https://raw.githubusercontent.com/jentic/jentic-public-apis/eb9d12a2684b0fbcb5aecf51e8ae54dba0929743/apis/openapi/swaggerhub.semantictouch/bentosandboxauth/1.0.1-oas3/openapi.json	eb9d12a2684b0fbcb5aecf51e8ae54dba0929743	d89a6fa2f523b12c7411d81048f9eb540dc317f89982b93d98a99b229c198b5f	2	failed: no evidenced publisher redistribution grant (document licence: none); jentic redistribution: CC0-1.0	not-run: licence screen failed	not-run: licence screen failed	rejected	witness-search-jentic/records.tsv:465
jentic	oauth2-password	https://raw.githubusercontent.com/jentic/jentic-public-apis/eb9d12a2684b0fbcb5aecf51e8ae54dba0929743/apis/openapi/swaggerhub.semantictouch/bentosandboxorderapi/1.0.0-oas3/meta/import/input-bundle.json	eb9d12a2684b0fbcb5aecf51e8ae54dba0929743	bbf307aa3b3dfc958b2cc31553ac317c80a1b2cde2be5459108f5957671d65b3	2	failed: no evidenced publisher redistribution grant (document licence: none); jentic redistribution: CC0-1.0	not-run: licence screen failed	not-run: licence screen failed	rejected	witness-search-jentic/records.tsv:466
jentic	oauth2-password	https://raw.githubusercontent.com/jentic/jentic-public-apis/eb9d12a2684b0fbcb5aecf51e8ae54dba0929743/apis/openapi/swaggerhub.semantictouch/bentosandboxorderapi/1.0.0-oas3/meta/import/input-entry.json	eb9d12a2684b0fbcb5aecf51e8ae54dba0929743	bbf307aa3b3dfc958b2cc31553ac317c80a1b2cde2be5459108f5957671d65b3	2	failed: no evidenced publisher redistribution grant (document licence: none); jentic redistribution: CC0-1.0	not-run: licence screen failed	not-run: licence screen failed	rejected	witness-search-jentic/records.tsv:467
jentic	oauth2-password	https://raw.githubusercontent.com/jentic/jentic-public-apis/eb9d12a2684b0fbcb5aecf51e8ae54dba0929743/apis/openapi/swaggerhub.semantictouch/bentosandboxorderapi/1.0.0-oas3/meta/import/output-bundle.json	eb9d12a2684b0fbcb5aecf51e8ae54dba0929743	bbf307aa3b3dfc958b2cc31553ac317c80a1b2cde2be5459108f5957671d65b3	2	failed: no evidenced publisher redistribution grant (document licence: none); jentic redistribution: CC0-1.0	not-run: licence screen failed	not-run: licence screen failed	rejected	witness-search-jentic/records.tsv:468
jentic	oauth2-password	https://raw.githubusercontent.com/jentic/jentic-public-apis/eb9d12a2684b0fbcb5aecf51e8ae54dba0929743/apis/openapi/swaggerhub.semantictouch/bentosandboxorderapi/1.0.0-oas3/meta/import/output-entry.json	eb9d12a2684b0fbcb5aecf51e8ae54dba0929743	bbf307aa3b3dfc958b2cc31553ac317c80a1b2cde2be5459108f5957671d65b3	2	failed: no evidenced publisher redistribution grant (document licence: none); jentic redistribution: CC0-1.0	not-run: licence screen failed	not-run: licence screen failed	rejected	witness-search-jentic/records.tsv:469
jentic	oauth2-password	https://raw.githubusercontent.com/jentic/jentic-public-apis/eb9d12a2684b0fbcb5aecf51e8ae54dba0929743/apis/openapi/swaggerhub.semantictouch/bentosandboxorderapi/1.0.0-oas3/openapi.json	eb9d12a2684b0fbcb5aecf51e8ae54dba0929743	bbf307aa3b3dfc958b2cc31553ac317c80a1b2cde2be5459108f5957671d65b3	2	failed: no evidenced publisher redistribution grant (document licence: none); jentic redistribution: CC0-1.0	not-run: licence screen failed	not-run: licence screen failed	rejected	witness-search-jentic/records.tsv:470
jentic	oauth2-password	https://raw.githubusercontent.com/jentic/jentic-public-apis/eb9d12a2684b0fbcb5aecf51e8ae54dba0929743/apis/openapi/swaggerhub.semantictouch/bentosandboxproduct/1.0.0-oas3/meta/import/input-bundle.json	eb9d12a2684b0fbcb5aecf51e8ae54dba0929743	7c036da999ab82e25c51b3038e59d0aecd5bd990f70317fdb6c7aaea8746438f	2	failed: no evidenced publisher redistribution grant (document licence: none); jentic redistribution: CC0-1.0	not-run: licence screen failed	not-run: licence screen failed	rejected	witness-search-jentic/records.tsv:471
jentic	oauth2-password	https://raw.githubusercontent.com/jentic/jentic-public-apis/eb9d12a2684b0fbcb5aecf51e8ae54dba0929743/apis/openapi/swaggerhub.semantictouch/bentosandboxproduct/1.0.0-oas3/meta/import/input-entry.json	eb9d12a2684b0fbcb5aecf51e8ae54dba0929743	7bd0afe0ea2e0a3eeda324d45f93ff174188562b8b9b469073c2ec827f56bfcd	2	failed: no evidenced publisher redistribution grant (document licence: none); jentic redistribution: CC0-1.0	not-run: licence screen failed	not-run: licence screen failed	rejected	witness-search-jentic/records.tsv:472
jentic	oauth2-password	https://raw.githubusercontent.com/jentic/jentic-public-apis/eb9d12a2684b0fbcb5aecf51e8ae54dba0929743/apis/openapi/swaggerhub.semantictouch/bentosandboxproduct/1.0.0-oas3/meta/import/output-bundle.json	eb9d12a2684b0fbcb5aecf51e8ae54dba0929743	7c036da999ab82e25c51b3038e59d0aecd5bd990f70317fdb6c7aaea8746438f	2	failed: no evidenced publisher redistribution grant (document licence: none); jentic redistribution: CC0-1.0	not-run: licence screen failed	not-run: licence screen failed	rejected	witness-search-jentic/records.tsv:473
jentic	oauth2-password	https://raw.githubusercontent.com/jentic/jentic-public-apis/eb9d12a2684b0fbcb5aecf51e8ae54dba0929743/apis/openapi/swaggerhub.semantictouch/bentosandboxproduct/1.0.0-oas3/meta/import/output-entry.json	eb9d12a2684b0fbcb5aecf51e8ae54dba0929743	7bd0afe0ea2e0a3eeda324d45f93ff174188562b8b9b469073c2ec827f56bfcd	2	failed: no evidenced publisher redistribution grant (document licence: none); jentic redistribution: CC0-1.0	not-run: licence screen failed	not-run: licence screen failed	rejected	witness-search-jentic/records.tsv:474
jentic	oauth2-password	https://raw.githubusercontent.com/jentic/jentic-public-apis/eb9d12a2684b0fbcb5aecf51e8ae54dba0929743/apis/openapi/swaggerhub.semantictouch/bentosandboxproduct/1.0.0-oas3/openapi.json	eb9d12a2684b0fbcb5aecf51e8ae54dba0929743	7c036da999ab82e25c51b3038e59d0aecd5bd990f70317fdb6c7aaea8746438f	2	failed: no evidenced publisher redistribution grant (document licence: none); jentic redistribution: CC0-1.0	not-run: licence screen failed	not-run: licence screen failed	rejected	witness-search-jentic/records.tsv:475
jentic	oauth2-password	https://raw.githubusercontent.com/jentic/jentic-public-apis/eb9d12a2684b0fbcb5aecf51e8ae54dba0929743/apis/openapi/swaggerhub.semantictouch/bentoweborderapi/1.0.0-oas3/meta/import/input-bundle.json	eb9d12a2684b0fbcb5aecf51e8ae54dba0929743	bca68ae6ac2c32b91004b499ee1a310f945bf20350e253c75712a96233e8dc7d	2	failed: no evidenced publisher redistribution grant (document licence: none); jentic redistribution: CC0-1.0	not-run: licence screen failed	not-run: licence screen failed	rejected	witness-search-jentic/records.tsv:476
jentic	oauth2-password	https://raw.githubusercontent.com/jentic/jentic-public-apis/eb9d12a2684b0fbcb5aecf51e8ae54dba0929743/apis/openapi/swaggerhub.semantictouch/bentoweborderapi/1.0.0-oas3/meta/import/input-entry.json	eb9d12a2684b0fbcb5aecf51e8ae54dba0929743	bca68ae6ac2c32b91004b499ee1a310f945bf20350e253c75712a96233e8dc7d	2	failed: no evidenced publisher redistribution grant (document licence: none); jentic redistribution: CC0-1.0	not-run: licence screen failed	not-run: licence screen failed	rejected	witness-search-jentic/records.tsv:477
jentic	oauth2-password	https://raw.githubusercontent.com/jentic/jentic-public-apis/eb9d12a2684b0fbcb5aecf51e8ae54dba0929743/apis/openapi/swaggerhub.semantictouch/bentoweborderapi/1.0.0-oas3/meta/import/output-bundle.json	eb9d12a2684b0fbcb5aecf51e8ae54dba0929743	bca68ae6ac2c32b91004b499ee1a310f945bf20350e253c75712a96233e8dc7d	2	failed: no evidenced publisher redistribution grant (document licence: none); jentic redistribution: CC0-1.0	not-run: licence screen failed	not-run: licence screen failed	rejected	witness-search-jentic/records.tsv:478
jentic	oauth2-password	https://raw.githubusercontent.com/jentic/jentic-public-apis/eb9d12a2684b0fbcb5aecf51e8ae54dba0929743/apis/openapi/swaggerhub.semantictouch/bentoweborderapi/1.0.0-oas3/meta/import/output-entry.json	eb9d12a2684b0fbcb5aecf51e8ae54dba0929743	bca68ae6ac2c32b91004b499ee1a310f945bf20350e253c75712a96233e8dc7d	2	failed: no evidenced publisher redistribution grant (document licence: none); jentic redistribution: CC0-1.0	not-run: licence screen failed	not-run: licence screen failed	rejected	witness-search-jentic/records.tsv:479
jentic	oauth2-password	https://raw.githubusercontent.com/jentic/jentic-public-apis/eb9d12a2684b0fbcb5aecf51e8ae54dba0929743/apis/openapi/swaggerhub.semantictouch/bentoweborderapi/1.0.0-oas3/openapi.json	eb9d12a2684b0fbcb5aecf51e8ae54dba0929743	bca68ae6ac2c32b91004b499ee1a310f945bf20350e253c75712a96233e8dc7d	2	failed: no evidenced publisher redistribution grant (document licence: none); jentic redistribution: CC0-1.0	not-run: licence screen failed	not-run: licence screen failed	rejected	witness-search-jentic/records.tsv:480
jentic	oauth2-password	https://raw.githubusercontent.com/jentic/jentic-public-apis/eb9d12a2684b0fbcb5aecf51e8ae54dba0929743/apis/openapi/swaggerhub.semantictouch/bentowebproduct/1.0.0-oas3/meta/import/input-bundle.json	eb9d12a2684b0fbcb5aecf51e8ae54dba0929743	f8883df4723769b43ac2188cc5b7564d6e8104e406a0e27663e1ad651af11995	2	failed: no evidenced publisher redistribution grant (document licence: none); jentic redistribution: CC0-1.0	not-run: licence screen failed	not-run: licence screen failed	rejected	witness-search-jentic/records.tsv:481
jentic	oauth2-password	https://raw.githubusercontent.com/jentic/jentic-public-apis/eb9d12a2684b0fbcb5aecf51e8ae54dba0929743/apis/openapi/swaggerhub.semantictouch/bentowebproduct/1.0.0-oas3/meta/import/input-entry.json	eb9d12a2684b0fbcb5aecf51e8ae54dba0929743	f524ded6bf36ffc1d05c8a94888445305ed348ad1b3fec869637124d0c042f30	2	failed: no evidenced publisher redistribution grant (document licence: none); jentic redistribution: CC0-1.0	not-run: licence screen failed	not-run: licence screen failed	rejected	witness-search-jentic/records.tsv:482
jentic	oauth2-password	https://raw.githubusercontent.com/jentic/jentic-public-apis/eb9d12a2684b0fbcb5aecf51e8ae54dba0929743/apis/openapi/swaggerhub.semantictouch/bentowebproduct/1.0.0-oas3/meta/import/output-bundle.json	eb9d12a2684b0fbcb5aecf51e8ae54dba0929743	f8883df4723769b43ac2188cc5b7564d6e8104e406a0e27663e1ad651af11995	2	failed: no evidenced publisher redistribution grant (document licence: none); jentic redistribution: CC0-1.0	not-run: licence screen failed	not-run: licence screen failed	rejected	witness-search-jentic/records.tsv:483
jentic	oauth2-password	https://raw.githubusercontent.com/jentic/jentic-public-apis/eb9d12a2684b0fbcb5aecf51e8ae54dba0929743/apis/openapi/swaggerhub.semantictouch/bentowebproduct/1.0.0-oas3/meta/import/output-entry.json	eb9d12a2684b0fbcb5aecf51e8ae54dba0929743	f524ded6bf36ffc1d05c8a94888445305ed348ad1b3fec869637124d0c042f30	2	failed: no evidenced publisher redistribution grant (document licence: none); jentic redistribution: CC0-1.0	not-run: licence screen failed	not-run: licence screen failed	rejected	witness-search-jentic/records.tsv:484
jentic	oauth2-password	https://raw.githubusercontent.com/jentic/jentic-public-apis/eb9d12a2684b0fbcb5aecf51e8ae54dba0929743/apis/openapi/swaggerhub.semantictouch/bentowebproduct/1.0.0-oas3/openapi.json	eb9d12a2684b0fbcb5aecf51e8ae54dba0929743	f8883df4723769b43ac2188cc5b7564d6e8104e406a0e27663e1ad651af11995	2	failed: no evidenced publisher redistribution grant (document licence: none); jentic redistribution: CC0-1.0	not-run: licence screen failed	not-run: licence screen failed	rejected	witness-search-jentic/records.tsv:485
jentic	oauth2-password	https://raw.githubusercontent.com/jentic/jentic-public-apis/eb9d12a2684b0fbcb5aecf51e8ae54dba0929743/apis/openapi/swaggerhub.tralixrd/b2b-rest/Tiimbrado/meta/import/input-bundle.json	eb9d12a2684b0fbcb5aecf51e8ae54dba0929743	605f9c453e99e1a88fc960a147c5b72de8cd016ac492fd8b6a0457450e955b46	2	failed: no evidenced publisher redistribution grant (document licence: none); jentic redistribution: CC0-1.0	not-run: licence screen failed	not-run: licence screen failed	rejected	witness-search-jentic/records.tsv:486
jentic	oauth2-password	https://raw.githubusercontent.com/jentic/jentic-public-apis/eb9d12a2684b0fbcb5aecf51e8ae54dba0929743/apis/openapi/swaggerhub.tralixrd/b2b-rest/Tiimbrado/meta/import/input-entry.json	eb9d12a2684b0fbcb5aecf51e8ae54dba0929743	605f9c453e99e1a88fc960a147c5b72de8cd016ac492fd8b6a0457450e955b46	2	failed: no evidenced publisher redistribution grant (document licence: none); jentic redistribution: CC0-1.0	not-run: licence screen failed	not-run: licence screen failed	rejected	witness-search-jentic/records.tsv:487
jentic	oauth2-password	https://raw.githubusercontent.com/jentic/jentic-public-apis/eb9d12a2684b0fbcb5aecf51e8ae54dba0929743/apis/openapi/swaggerhub.tralixrd/b2b-rest/Tiimbrado/meta/import/output-bundle.json	eb9d12a2684b0fbcb5aecf51e8ae54dba0929743	605f9c453e99e1a88fc960a147c5b72de8cd016ac492fd8b6a0457450e955b46	2	failed: no evidenced publisher redistribution grant (document licence: none); jentic redistribution: CC0-1.0	not-run: licence screen failed	not-run: licence screen failed	rejected	witness-search-jentic/records.tsv:488
jentic	oauth2-password	https://raw.githubusercontent.com/jentic/jentic-public-apis/eb9d12a2684b0fbcb5aecf51e8ae54dba0929743/apis/openapi/swaggerhub.tralixrd/b2b-rest/Tiimbrado/meta/import/output-entry.json	eb9d12a2684b0fbcb5aecf51e8ae54dba0929743	605f9c453e99e1a88fc960a147c5b72de8cd016ac492fd8b6a0457450e955b46	2	failed: no evidenced publisher redistribution grant (document licence: none); jentic redistribution: CC0-1.0	not-run: licence screen failed	not-run: licence screen failed	rejected	witness-search-jentic/records.tsv:489
jentic	oauth2-password	https://raw.githubusercontent.com/jentic/jentic-public-apis/eb9d12a2684b0fbcb5aecf51e8ae54dba0929743/apis/openapi/swaggerhub.tralixrd/b2b-rest/Tiimbrado/openapi.json	eb9d12a2684b0fbcb5aecf51e8ae54dba0929743	605f9c453e99e1a88fc960a147c5b72de8cd016ac492fd8b6a0457450e955b46	2	failed: no evidenced publisher redistribution grant (document licence: none); jentic redistribution: CC0-1.0	not-run: licence screen failed	not-run: licence screen failed	rejected	witness-search-jentic/records.tsv:490
jentic	oauth2-password	https://raw.githubusercontent.com/jentic/jentic-public-apis/eb9d12a2684b0fbcb5aecf51e8ae54dba0929743/apis/openapi/swaggerhub.triquestra/accounts-receivable/1.0.10/meta/import/input-bundle.json	eb9d12a2684b0fbcb5aecf51e8ae54dba0929743	497e369cce186eab8a40f44d29edacbc8f538297248808cbb6cb43b760541263	2	failed: no evidenced publisher redistribution grant (document licence: none); jentic redistribution: CC0-1.0	not-run: licence screen failed	not-run: licence screen failed	rejected	witness-search-jentic/records.tsv:491
jentic	oauth2-password	https://raw.githubusercontent.com/jentic/jentic-public-apis/eb9d12a2684b0fbcb5aecf51e8ae54dba0929743/apis/openapi/swaggerhub.triquestra/accounts-receivable/1.0.10/meta/import/input-entry.json	eb9d12a2684b0fbcb5aecf51e8ae54dba0929743	a5019ef195725291ed4119772d2fab3a74bdacaf7f00d692470a27e96773e069	2	failed: no evidenced publisher redistribution grant (document licence: none); jentic redistribution: CC0-1.0	not-run: licence screen failed	not-run: licence screen failed	rejected	witness-search-jentic/records.tsv:492
jentic	oauth2-password	https://raw.githubusercontent.com/jentic/jentic-public-apis/eb9d12a2684b0fbcb5aecf51e8ae54dba0929743/apis/openapi/swaggerhub.triquestra/accounts-receivable/1.0.10/meta/import/output-bundle.json	eb9d12a2684b0fbcb5aecf51e8ae54dba0929743	497e369cce186eab8a40f44d29edacbc8f538297248808cbb6cb43b760541263	2	failed: no evidenced publisher redistribution grant (document licence: none); jentic redistribution: CC0-1.0	not-run: licence screen failed	not-run: licence screen failed	rejected	witness-search-jentic/records.tsv:493
jentic	oauth2-password	https://raw.githubusercontent.com/jentic/jentic-public-apis/eb9d12a2684b0fbcb5aecf51e8ae54dba0929743/apis/openapi/swaggerhub.triquestra/accounts-receivable/1.0.10/meta/import/output-entry.json	eb9d12a2684b0fbcb5aecf51e8ae54dba0929743	a5019ef195725291ed4119772d2fab3a74bdacaf7f00d692470a27e96773e069	2	failed: no evidenced publisher redistribution grant (document licence: none); jentic redistribution: CC0-1.0	not-run: licence screen failed	not-run: licence screen failed	rejected	witness-search-jentic/records.tsv:494
jentic	oauth2-password	https://raw.githubusercontent.com/jentic/jentic-public-apis/eb9d12a2684b0fbcb5aecf51e8ae54dba0929743/apis/openapi/swaggerhub.triquestra/accounts-receivable/1.0.10/openapi.json	eb9d12a2684b0fbcb5aecf51e8ae54dba0929743	497e369cce186eab8a40f44d29edacbc8f538297248808cbb6cb43b760541263	2	failed: no evidenced publisher redistribution grant (document licence: none); jentic redistribution: CC0-1.0	not-run: licence screen failed	not-run: licence screen failed	rejected	witness-search-jentic/records.tsv:495
jentic	oauth2-password	https://raw.githubusercontent.com/jentic/jentic-public-apis/eb9d12a2684b0fbcb5aecf51e8ae54dba0929743/apis/openapi/swaggerhub.triquestra/address/1.0.1/meta/import/input-bundle.json	eb9d12a2684b0fbcb5aecf51e8ae54dba0929743	0d3263976b3d412c6f7de22c88237ceea59735029cc415bcdf7f946a820d95ce	2	failed: no evidenced publisher redistribution grant (document licence: none); jentic redistribution: CC0-1.0	not-run: licence screen failed	not-run: licence screen failed	rejected	witness-search-jentic/records.tsv:496
jentic	oauth2-password	https://raw.githubusercontent.com/jentic/jentic-public-apis/eb9d12a2684b0fbcb5aecf51e8ae54dba0929743/apis/openapi/swaggerhub.triquestra/address/1.0.1/meta/import/input-entry.json	eb9d12a2684b0fbcb5aecf51e8ae54dba0929743	6916beb22f5b812b7cae8ede4b89a3788f1883b0abb2d770af4d2c676160c716	2	failed: no evidenced publisher redistribution grant (document licence: none); jentic redistribution: CC0-1.0	not-run: licence screen failed	not-run: licence screen failed	rejected	witness-search-jentic/records.tsv:497
jentic	oauth2-password	https://raw.githubusercontent.com/jentic/jentic-public-apis/eb9d12a2684b0fbcb5aecf51e8ae54dba0929743/apis/openapi/swaggerhub.triquestra/address/1.0.1/meta/import/output-bundle.json	eb9d12a2684b0fbcb5aecf51e8ae54dba0929743	0d3263976b3d412c6f7de22c88237ceea59735029cc415bcdf7f946a820d95ce	2	failed: no evidenced publisher redistribution grant (document licence: none); jentic redistribution: CC0-1.0	not-run: licence screen failed	not-run: licence screen failed	rejected	witness-search-jentic/records.tsv:498
jentic	oauth2-password	https://raw.githubusercontent.com/jentic/jentic-public-apis/eb9d12a2684b0fbcb5aecf51e8ae54dba0929743/apis/openapi/swaggerhub.triquestra/address/1.0.1/meta/import/output-entry.json	eb9d12a2684b0fbcb5aecf51e8ae54dba0929743	6916beb22f5b812b7cae8ede4b89a3788f1883b0abb2d770af4d2c676160c716	2	failed: no evidenced publisher redistribution grant (document licence: none); jentic redistribution: CC0-1.0	not-run: licence screen failed	not-run: licence screen failed	rejected	witness-search-jentic/records.tsv:499
jentic	oauth2-password	https://raw.githubusercontent.com/jentic/jentic-public-apis/eb9d12a2684b0fbcb5aecf51e8ae54dba0929743/apis/openapi/swaggerhub.triquestra/address/1.0.1/openapi.json	eb9d12a2684b0fbcb5aecf51e8ae54dba0929743	0d3263976b3d412c6f7de22c88237ceea59735029cc415bcdf7f946a820d95ce	2	failed: no evidenced publisher redistribution grant (document licence: none); jentic redistribution: CC0-1.0	not-run: licence screen failed	not-run: licence screen failed	rejected	witness-search-jentic/records.tsv:500
jentic	oauth2-password	https://raw.githubusercontent.com/jentic/jentic-public-apis/eb9d12a2684b0fbcb5aecf51e8ae54dba0929743/apis/openapi/swaggerhub.triquestra/agency-gateway/3.1/meta/import/input-bundle.json	eb9d12a2684b0fbcb5aecf51e8ae54dba0929743	06e72ecc9bcf804eb0bfb0f64fbb44e4f4c338377465d6cf1308b3f4efdcdc94	2	failed: no evidenced publisher redistribution grant (document licence: none); jentic redistribution: CC0-1.0	not-run: licence screen failed	not-run: licence screen failed	rejected	witness-search-jentic/records.tsv:501
jentic	oauth2-password	https://raw.githubusercontent.com/jentic/jentic-public-apis/eb9d12a2684b0fbcb5aecf51e8ae54dba0929743/apis/openapi/swaggerhub.triquestra/agency-gateway/3.1/meta/import/input-entry.json	eb9d12a2684b0fbcb5aecf51e8ae54dba0929743	073a465b2ad9038adb2000929598902f67cecab1c5440864934b6950cf77b766	2	failed: no evidenced publisher redistribution grant (document licence: none); jentic redistribution: CC0-1.0	not-run: licence screen failed	not-run: licence screen failed	rejected	witness-search-jentic/records.tsv:502
jentic	oauth2-password	https://raw.githubusercontent.com/jentic/jentic-public-apis/eb9d12a2684b0fbcb5aecf51e8ae54dba0929743/apis/openapi/swaggerhub.triquestra/agency-gateway/3.1/meta/import/output-bundle.json	eb9d12a2684b0fbcb5aecf51e8ae54dba0929743	06e72ecc9bcf804eb0bfb0f64fbb44e4f4c338377465d6cf1308b3f4efdcdc94	2	failed: no evidenced publisher redistribution grant (document licence: none); jentic redistribution: CC0-1.0	not-run: licence screen failed	not-run: licence screen failed	rejected	witness-search-jentic/records.tsv:503
jentic	oauth2-password	https://raw.githubusercontent.com/jentic/jentic-public-apis/eb9d12a2684b0fbcb5aecf51e8ae54dba0929743/apis/openapi/swaggerhub.triquestra/agency-gateway/3.1/meta/import/output-entry.json	eb9d12a2684b0fbcb5aecf51e8ae54dba0929743	073a465b2ad9038adb2000929598902f67cecab1c5440864934b6950cf77b766	2	failed: no evidenced publisher redistribution grant (document licence: none); jentic redistribution: CC0-1.0	not-run: licence screen failed	not-run: licence screen failed	rejected	witness-search-jentic/records.tsv:504
jentic	oauth2-password	https://raw.githubusercontent.com/jentic/jentic-public-apis/eb9d12a2684b0fbcb5aecf51e8ae54dba0929743/apis/openapi/swaggerhub.triquestra/agency-gateway/3.1/openapi.json	eb9d12a2684b0fbcb5aecf51e8ae54dba0929743	06e72ecc9bcf804eb0bfb0f64fbb44e4f4c338377465d6cf1308b3f4efdcdc94	2	failed: no evidenced publisher redistribution grant (document licence: none); jentic redistribution: CC0-1.0	not-run: licence screen failed	not-run: licence screen failed	rejected	witness-search-jentic/records.tsv:505
jentic	oauth2-password	https://raw.githubusercontent.com/jentic/jentic-public-apis/eb9d12a2684b0fbcb5aecf51e8ae54dba0929743/apis/openapi/swaggerhub.usac93/authentication/1.0.0/meta/import/input-bundle.json	eb9d12a2684b0fbcb5aecf51e8ae54dba0929743	1a2a22da8dbbee92388b24b31e26e7728422db0099bceb73e7be6074d5b86374	2	failed: no evidenced publisher redistribution grant (document licence: none); jentic redistribution: CC0-1.0	not-run: licence screen failed	not-run: licence screen failed	rejected	witness-search-jentic/records.tsv:506
jentic	oauth2-password	https://raw.githubusercontent.com/jentic/jentic-public-apis/eb9d12a2684b0fbcb5aecf51e8ae54dba0929743/apis/openapi/swaggerhub.usac93/authentication/1.0.0/meta/import/input-entry.json	eb9d12a2684b0fbcb5aecf51e8ae54dba0929743	1a2a22da8dbbee92388b24b31e26e7728422db0099bceb73e7be6074d5b86374	2	failed: no evidenced publisher redistribution grant (document licence: none); jentic redistribution: CC0-1.0	not-run: licence screen failed	not-run: licence screen failed	rejected	witness-search-jentic/records.tsv:507
jentic	oauth2-password	https://raw.githubusercontent.com/jentic/jentic-public-apis/eb9d12a2684b0fbcb5aecf51e8ae54dba0929743/apis/openapi/swaggerhub.usac93/authentication/1.0.0/meta/import/output-bundle.json	eb9d12a2684b0fbcb5aecf51e8ae54dba0929743	1a2a22da8dbbee92388b24b31e26e7728422db0099bceb73e7be6074d5b86374	2	failed: no evidenced publisher redistribution grant (document licence: none); jentic redistribution: CC0-1.0	not-run: licence screen failed	not-run: licence screen failed	rejected	witness-search-jentic/records.tsv:508
jentic	oauth2-password	https://raw.githubusercontent.com/jentic/jentic-public-apis/eb9d12a2684b0fbcb5aecf51e8ae54dba0929743/apis/openapi/swaggerhub.usac93/authentication/1.0.0/meta/import/output-entry.json	eb9d12a2684b0fbcb5aecf51e8ae54dba0929743	1a2a22da8dbbee92388b24b31e26e7728422db0099bceb73e7be6074d5b86374	2	failed: no evidenced publisher redistribution grant (document licence: none); jentic redistribution: CC0-1.0	not-run: licence screen failed	not-run: licence screen failed	rejected	witness-search-jentic/records.tsv:509
jentic	oauth2-password	https://raw.githubusercontent.com/jentic/jentic-public-apis/eb9d12a2684b0fbcb5aecf51e8ae54dba0929743/apis/openapi/swaggerhub.usac93/authentication/1.0.0/openapi.json	eb9d12a2684b0fbcb5aecf51e8ae54dba0929743	1a2a22da8dbbee92388b24b31e26e7728422db0099bceb73e7be6074d5b86374	2	failed: no evidenced publisher redistribution grant (document licence: none); jentic redistribution: CC0-1.0	not-run: licence screen failed	not-run: licence screen failed	rejected	witness-search-jentic/records.tsv:510
jentic	oauth2-password	https://raw.githubusercontent.com/jentic/jentic-public-apis/eb9d12a2684b0fbcb5aecf51e8ae54dba0929743/apis/openapi/theirstack.com/main/1.0.0/meta/import/input-bundle.json	eb9d12a2684b0fbcb5aecf51e8ae54dba0929743	a4a4df4411be99ab89c16140a45f64d04f37b7f31819908a41636887367647cf	2	failed: no evidenced publisher redistribution grant (document licence: none); jentic redistribution: CC0-1.0	not-run: licence screen failed	not-run: licence screen failed	rejected	witness-search-jentic/records.tsv:511
jentic	oauth2-password	https://raw.githubusercontent.com/jentic/jentic-public-apis/eb9d12a2684b0fbcb5aecf51e8ae54dba0929743/apis/openapi/theirstack.com/main/1.0.0/meta/import/input-entry.json	eb9d12a2684b0fbcb5aecf51e8ae54dba0929743	a4a4df4411be99ab89c16140a45f64d04f37b7f31819908a41636887367647cf	2	failed: no evidenced publisher redistribution grant (document licence: none); jentic redistribution: CC0-1.0	not-run: licence screen failed	not-run: licence screen failed	rejected	witness-search-jentic/records.tsv:512
jentic	oauth2-password	https://raw.githubusercontent.com/jentic/jentic-public-apis/eb9d12a2684b0fbcb5aecf51e8ae54dba0929743/apis/openapi/theirstack.com/main/1.0.0/meta/import/output-bundle.json	eb9d12a2684b0fbcb5aecf51e8ae54dba0929743	a4a4df4411be99ab89c16140a45f64d04f37b7f31819908a41636887367647cf	2	failed: no evidenced publisher redistribution grant (document licence: none); jentic redistribution: CC0-1.0	not-run: licence screen failed	not-run: licence screen failed	rejected	witness-search-jentic/records.tsv:513
jentic	oauth2-password	https://raw.githubusercontent.com/jentic/jentic-public-apis/eb9d12a2684b0fbcb5aecf51e8ae54dba0929743/apis/openapi/theirstack.com/main/1.0.0/meta/import/output-entry.json	eb9d12a2684b0fbcb5aecf51e8ae54dba0929743	a4a4df4411be99ab89c16140a45f64d04f37b7f31819908a41636887367647cf	2	failed: no evidenced publisher redistribution grant (document licence: none); jentic redistribution: CC0-1.0	not-run: licence screen failed	not-run: licence screen failed	rejected	witness-search-jentic/records.tsv:514
jentic	oauth2-password	https://raw.githubusercontent.com/jentic/jentic-public-apis/eb9d12a2684b0fbcb5aecf51e8ae54dba0929743/apis/openapi/theirstack.com/main/1.0.0/openapi.json	eb9d12a2684b0fbcb5aecf51e8ae54dba0929743	a4a4df4411be99ab89c16140a45f64d04f37b7f31819908a41636887367647cf	2	failed: no evidenced publisher redistribution grant (document licence: none); jentic redistribution: CC0-1.0	not-run: licence screen failed	not-run: licence screen failed	rejected	witness-search-jentic/records.tsv:515
jentic	oauth2-password	https://raw.githubusercontent.com/jentic/jentic-public-apis/eb9d12a2684b0fbcb5aecf51e8ae54dba0929743/apis/openapi/webshipper.io/main/2.0/meta/import/input-bundle.json	eb9d12a2684b0fbcb5aecf51e8ae54dba0929743	b06687b03cef3ce5df0326de596ff92e1bbef5018dc36e76d2ee3fcab16b3891	2	failed: no evidenced publisher redistribution grant (document licence: none); jentic redistribution: CC0-1.0	not-run: licence screen failed	not-run: licence screen failed	rejected	witness-search-jentic/records.tsv:516
jentic	oauth2-password	https://raw.githubusercontent.com/jentic/jentic-public-apis/eb9d12a2684b0fbcb5aecf51e8ae54dba0929743/apis/openapi/webshipper.io/main/2.0/meta/import/input-entry.json	eb9d12a2684b0fbcb5aecf51e8ae54dba0929743	b06687b03cef3ce5df0326de596ff92e1bbef5018dc36e76d2ee3fcab16b3891	2	failed: no evidenced publisher redistribution grant (document licence: none); jentic redistribution: CC0-1.0	not-run: licence screen failed	not-run: licence screen failed	rejected	witness-search-jentic/records.tsv:517
jentic	oauth2-password	https://raw.githubusercontent.com/jentic/jentic-public-apis/eb9d12a2684b0fbcb5aecf51e8ae54dba0929743/apis/openapi/webshipper.io/main/2.0/meta/import/output-bundle.json	eb9d12a2684b0fbcb5aecf51e8ae54dba0929743	b06687b03cef3ce5df0326de596ff92e1bbef5018dc36e76d2ee3fcab16b3891	2	failed: no evidenced publisher redistribution grant (document licence: none); jentic redistribution: CC0-1.0	not-run: licence screen failed	not-run: licence screen failed	rejected	witness-search-jentic/records.tsv:518
jentic	oauth2-password	https://raw.githubusercontent.com/jentic/jentic-public-apis/eb9d12a2684b0fbcb5aecf51e8ae54dba0929743/apis/openapi/webshipper.io/main/2.0/meta/import/output-entry.json	eb9d12a2684b0fbcb5aecf51e8ae54dba0929743	b06687b03cef3ce5df0326de596ff92e1bbef5018dc36e76d2ee3fcab16b3891	2	failed: no evidenced publisher redistribution grant (document licence: none); jentic redistribution: CC0-1.0	not-run: licence screen failed	not-run: licence screen failed	rejected	witness-search-jentic/records.tsv:519
jentic	oauth2-password	https://raw.githubusercontent.com/jentic/jentic-public-apis/eb9d12a2684b0fbcb5aecf51e8ae54dba0929743/apis/openapi/webshipper.io/main/2.0/openapi.json	eb9d12a2684b0fbcb5aecf51e8ae54dba0929743	b06687b03cef3ce5df0326de596ff92e1bbef5018dc36e76d2ee3fcab16b3891	2	failed: no evidenced publisher redistribution grant (document licence: none); jentic redistribution: CC0-1.0	not-run: licence screen failed	not-run: licence screen failed	rejected	witness-search-jentic/records.tsv:520
jentic	oauth2-password	https://raw.githubusercontent.com/jentic/jentic-public-apis/eb9d12a2684b0fbcb5aecf51e8ae54dba0929743/apis/openapi/wildapricot.com/main/9.6.1/meta/import/input-bundle.json	eb9d12a2684b0fbcb5aecf51e8ae54dba0929743	e31c66192f2f17b8470f8bbbfd90a753a1b9d98d866b3094f950af2b9d6cfa16	2	failed: aggregation grant admitted; publisher grant unproven (document licence: none); jentic redistribution: CC0-1.0	not-run: licence screen failed	not-run: licence screen failed	rejected	witness-search-jentic/records.tsv:521
jentic	oauth2-password	https://raw.githubusercontent.com/jentic/jentic-public-apis/eb9d12a2684b0fbcb5aecf51e8ae54dba0929743/apis/openapi/wildapricot.com/main/9.6.1/meta/import/input-entry.json	eb9d12a2684b0fbcb5aecf51e8ae54dba0929743	f67afed7a59d85af341dcee68e7cfc96703d33d8eed88241a483a0fe7e266245	2	failed: aggregation grant admitted; publisher grant unproven (document licence: none); jentic redistribution: CC0-1.0	not-run: licence screen failed	not-run: licence screen failed	rejected	witness-search-jentic/records.tsv:522
jentic	oauth2-password	https://raw.githubusercontent.com/jentic/jentic-public-apis/eb9d12a2684b0fbcb5aecf51e8ae54dba0929743/apis/openapi/wildapricot.com/main/9.6.1/meta/import/output-bundle.json	eb9d12a2684b0fbcb5aecf51e8ae54dba0929743	e31c66192f2f17b8470f8bbbfd90a753a1b9d98d866b3094f950af2b9d6cfa16	2	failed: aggregation grant admitted; publisher grant unproven (document licence: none); jentic redistribution: CC0-1.0	not-run: licence screen failed	not-run: licence screen failed	rejected	witness-search-jentic/records.tsv:523
jentic	oauth2-password	https://raw.githubusercontent.com/jentic/jentic-public-apis/eb9d12a2684b0fbcb5aecf51e8ae54dba0929743/apis/openapi/wildapricot.com/main/9.6.1/meta/import/output-entry.json	eb9d12a2684b0fbcb5aecf51e8ae54dba0929743	f67afed7a59d85af341dcee68e7cfc96703d33d8eed88241a483a0fe7e266245	2	failed: aggregation grant admitted; publisher grant unproven (document licence: none); jentic redistribution: CC0-1.0	not-run: licence screen failed	not-run: licence screen failed	rejected	witness-search-jentic/records.tsv:524
jentic	oauth2-password	https://raw.githubusercontent.com/jentic/jentic-public-apis/eb9d12a2684b0fbcb5aecf51e8ae54dba0929743/apis/openapi/wildapricot.com/main/9.6.1/openapi.json	eb9d12a2684b0fbcb5aecf51e8ae54dba0929743	e31c66192f2f17b8470f8bbbfd90a753a1b9d98d866b3094f950af2b9d6cfa16	2	failed: aggregation grant admitted; publisher grant unproven (document licence: none); jentic redistribution: CC0-1.0	not-run: licence screen failed	not-run: licence screen failed	rejected	witness-search-jentic/records.tsv:525
jentic	oneof-array-variant-anyof-item	https://raw.githubusercontent.com/jentic/jentic-public-apis/eb9d12a2684b0fbcb5aecf51e8ae54dba0929743/apis/openapi/cov-spectrum.org/main/v0/meta/import/input-bundle.json	eb9d12a2684b0fbcb5aecf51e8ae54dba0929743	cdfb94470d3844e17fd523844caef2b70632a332dccd77d90fe8f5ea741bdcad	9	pass	pass	failed: concrete diagnostic below	rejected	witness-search-jentic/records.tsv:526
jentic	oneof-array-variant-anyof-item	https://raw.githubusercontent.com/jentic/jentic-public-apis/eb9d12a2684b0fbcb5aecf51e8ae54dba0929743/apis/openapi/cov-spectrum.org/main/v0/meta/import/input-entry.json	eb9d12a2684b0fbcb5aecf51e8ae54dba0929743	55bf49040532e7a2e3da77ce61576a82e67f5ee1c00053359abfa4e8a2696222	9	pass	pass	failed: concrete diagnostic below	rejected	witness-search-jentic/records.tsv:527
jentic	oneof-array-variant-anyof-item	https://raw.githubusercontent.com/jentic/jentic-public-apis/eb9d12a2684b0fbcb5aecf51e8ae54dba0929743/apis/openapi/cov-spectrum.org/main/v0/meta/import/output-bundle.json	eb9d12a2684b0fbcb5aecf51e8ae54dba0929743	cdfb94470d3844e17fd523844caef2b70632a332dccd77d90fe8f5ea741bdcad	9	pass	pass	failed: concrete diagnostic below	rejected	witness-search-jentic/records.tsv:528
jentic	oneof-array-variant-anyof-item	https://raw.githubusercontent.com/jentic/jentic-public-apis/eb9d12a2684b0fbcb5aecf51e8ae54dba0929743/apis/openapi/cov-spectrum.org/main/v0/meta/import/output-entry.json	eb9d12a2684b0fbcb5aecf51e8ae54dba0929743	55bf49040532e7a2e3da77ce61576a82e67f5ee1c00053359abfa4e8a2696222	9	pass	pass	failed: concrete diagnostic below	rejected	witness-search-jentic/records.tsv:529
jentic	oneof-array-variant-anyof-item	https://raw.githubusercontent.com/jentic/jentic-public-apis/eb9d12a2684b0fbcb5aecf51e8ae54dba0929743/apis/openapi/cov-spectrum.org/main/v0/openapi.json	eb9d12a2684b0fbcb5aecf51e8ae54dba0929743	cdfb94470d3844e17fd523844caef2b70632a332dccd77d90fe8f5ea741bdcad	9	pass	pass	failed: concrete diagnostic below	rejected	witness-search-jentic/records.tsv:530
jentic	oneof-array-variant-anyof-item	https://raw.githubusercontent.com/jentic/jentic-public-apis/eb9d12a2684b0fbcb5aecf51e8ae54dba0929743/apis/openapi/metabase.com/main/v0.57.1-SNAPSHOT/meta/import/input-bundle.json	eb9d12a2684b0fbcb5aecf51e8ae54dba0929743	cb6b1c7b70b67d563b7d519692daacf454745a44d839029c4505cf5a20b0ba7b	2	failed: aggregation grant admitted; publisher grant unproven (document licence: AGPL-3.0); jentic redistribution: CC0-1.0	not-run: licence screen failed	not-run: licence screen failed	rejected	witness-search-jentic/records.tsv:531
jentic	oneof-array-variant-anyof-item	https://raw.githubusercontent.com/jentic/jentic-public-apis/eb9d12a2684b0fbcb5aecf51e8ae54dba0929743/apis/openapi/metabase.com/main/v0.57.1-SNAPSHOT/meta/import/input-entry.json	eb9d12a2684b0fbcb5aecf51e8ae54dba0929743	7e52947c7f14b1a4beba5459dd35f91fc524a7dc8f99bf6a5b2e775ce3f2c70d	2	pass	pass	failed: Fern check exit 1	rejected	witness-search-jentic/records.tsv:532
jentic	oneof-array-variant-anyof-item	https://raw.githubusercontent.com/jentic/jentic-public-apis/eb9d12a2684b0fbcb5aecf51e8ae54dba0929743/apis/openapi/metabase.com/main/v0.57.1-SNAPSHOT/meta/import/output-bundle.json	eb9d12a2684b0fbcb5aecf51e8ae54dba0929743	cb6b1c7b70b67d563b7d519692daacf454745a44d839029c4505cf5a20b0ba7b	2	failed: aggregation grant admitted; publisher grant unproven (document licence: AGPL-3.0); jentic redistribution: CC0-1.0	not-run: licence screen failed	not-run: licence screen failed	rejected	witness-search-jentic/records.tsv:533
jentic	oneof-array-variant-anyof-item	https://raw.githubusercontent.com/jentic/jentic-public-apis/eb9d12a2684b0fbcb5aecf51e8ae54dba0929743/apis/openapi/metabase.com/main/v0.57.1-SNAPSHOT/meta/import/output-entry.json	eb9d12a2684b0fbcb5aecf51e8ae54dba0929743	7e52947c7f14b1a4beba5459dd35f91fc524a7dc8f99bf6a5b2e775ce3f2c70d	2	pass	pass	failed: Fern check exit 1	rejected	witness-search-jentic/records.tsv:534
jentic	oneof-array-variant-anyof-item	https://raw.githubusercontent.com/jentic/jentic-public-apis/eb9d12a2684b0fbcb5aecf51e8ae54dba0929743/apis/openapi/metabase.com/main/v0.57.1-SNAPSHOT/openapi.json	eb9d12a2684b0fbcb5aecf51e8ae54dba0929743	cb6b1c7b70b67d563b7d519692daacf454745a44d839029c4505cf5a20b0ba7b	2	failed: aggregation grant admitted; publisher grant unproven (document licence: AGPL-3.0); jentic redistribution: CC0-1.0	not-run: licence screen failed	not-run: licence screen failed	rejected	witness-search-jentic/records.tsv:535
jentic	oneof-array-variant-anyof-item	https://raw.githubusercontent.com/jentic/jentic-public-apis/eb9d12a2684b0fbcb5aecf51e8ae54dba0929743/apis/openapi/novu.co/novu-api/3.14.0/meta/import/input-bundle.json	eb9d12a2684b0fbcb5aecf51e8ae54dba0929743	f22e2c1c6ddb1ff3f64f12d3648dc6757e07dc7fdd260c891ad338db4c670987	5	pass	pass	failed: concrete diagnostic below	rejected	witness-search-jentic/records.tsv:536
jentic	oneof-array-variant-anyof-item	https://raw.githubusercontent.com/jentic/jentic-public-apis/eb9d12a2684b0fbcb5aecf51e8ae54dba0929743/apis/openapi/novu.co/novu-api/3.14.0/meta/import/input-entry.json	eb9d12a2684b0fbcb5aecf51e8ae54dba0929743	f22e2c1c6ddb1ff3f64f12d3648dc6757e07dc7fdd260c891ad338db4c670987	5	pass	pass	failed: concrete diagnostic below	rejected	witness-search-jentic/records.tsv:537
jentic	oneof-array-variant-anyof-item	https://raw.githubusercontent.com/jentic/jentic-public-apis/eb9d12a2684b0fbcb5aecf51e8ae54dba0929743/apis/openapi/novu.co/novu-api/3.14.0/meta/import/output-bundle.json	eb9d12a2684b0fbcb5aecf51e8ae54dba0929743	f22e2c1c6ddb1ff3f64f12d3648dc6757e07dc7fdd260c891ad338db4c670987	5	pass	pass	failed: concrete diagnostic below	rejected	witness-search-jentic/records.tsv:538
jentic	oneof-array-variant-anyof-item	https://raw.githubusercontent.com/jentic/jentic-public-apis/eb9d12a2684b0fbcb5aecf51e8ae54dba0929743/apis/openapi/novu.co/novu-api/3.14.0/meta/import/output-entry.json	eb9d12a2684b0fbcb5aecf51e8ae54dba0929743	f22e2c1c6ddb1ff3f64f12d3648dc6757e07dc7fdd260c891ad338db4c670987	5	pass	pass	failed: concrete diagnostic below	rejected	witness-search-jentic/records.tsv:539
jentic	oneof-array-variant-anyof-item	https://raw.githubusercontent.com/jentic/jentic-public-apis/eb9d12a2684b0fbcb5aecf51e8ae54dba0929743/apis/openapi/novu.co/novu-api/3.14.0/openapi.json	eb9d12a2684b0fbcb5aecf51e8ae54dba0929743	f22e2c1c6ddb1ff3f64f12d3648dc6757e07dc7fdd260c891ad338db4c670987	5	pass	pass	failed: concrete diagnostic below	rejected	witness-search-jentic/records.tsv:540
jentic	oneof-array-variant-anyof-item	https://raw.githubusercontent.com/jentic/jentic-public-apis/eb9d12a2684b0fbcb5aecf51e8ae54dba0929743/apis/openapi/prolific.com/main/1.0/meta/import/input-bundle.json	eb9d12a2684b0fbcb5aecf51e8ae54dba0929743	50e7e7d36d609c4df6b147a3774a46cb210482162fada27d3c6d54e873208cd0	1	failed: aggregation grant admitted; publisher grant unproven (document licence: Apache 2.0); jentic redistribution: CC0-1.0	not-run: licence screen failed	not-run: licence screen failed	rejected	witness-search-jentic/records.tsv:541
jentic	oneof-array-variant-anyof-item	https://raw.githubusercontent.com/jentic/jentic-public-apis/eb9d12a2684b0fbcb5aecf51e8ae54dba0929743/apis/openapi/prolific.com/main/1.0/meta/import/input-entry.json	eb9d12a2684b0fbcb5aecf51e8ae54dba0929743	50e7e7d36d609c4df6b147a3774a46cb210482162fada27d3c6d54e873208cd0	1	failed: aggregation grant admitted; publisher grant unproven (document licence: Apache 2.0); jentic redistribution: CC0-1.0	not-run: licence screen failed	not-run: licence screen failed	rejected	witness-search-jentic/records.tsv:542
jentic	oneof-array-variant-anyof-item	https://raw.githubusercontent.com/jentic/jentic-public-apis/eb9d12a2684b0fbcb5aecf51e8ae54dba0929743/apis/openapi/prolific.com/main/1.0/meta/import/output-bundle.json	eb9d12a2684b0fbcb5aecf51e8ae54dba0929743	50e7e7d36d609c4df6b147a3774a46cb210482162fada27d3c6d54e873208cd0	1	failed: aggregation grant admitted; publisher grant unproven (document licence: Apache 2.0); jentic redistribution: CC0-1.0	not-run: licence screen failed	not-run: licence screen failed	rejected	witness-search-jentic/records.tsv:543
jentic	oneof-array-variant-anyof-item	https://raw.githubusercontent.com/jentic/jentic-public-apis/eb9d12a2684b0fbcb5aecf51e8ae54dba0929743/apis/openapi/prolific.com/main/1.0/meta/import/output-entry.json	eb9d12a2684b0fbcb5aecf51e8ae54dba0929743	50e7e7d36d609c4df6b147a3774a46cb210482162fada27d3c6d54e873208cd0	1	failed: aggregation grant admitted; publisher grant unproven (document licence: Apache 2.0); jentic redistribution: CC0-1.0	not-run: licence screen failed	not-run: licence screen failed	rejected	witness-search-jentic/records.tsv:544
jentic	oneof-array-variant-anyof-item	https://raw.githubusercontent.com/jentic/jentic-public-apis/eb9d12a2684b0fbcb5aecf51e8ae54dba0929743/apis/openapi/prolific.com/main/1.0/openapi.json	eb9d12a2684b0fbcb5aecf51e8ae54dba0929743	50e7e7d36d609c4df6b147a3774a46cb210482162fada27d3c6d54e873208cd0	1	failed: aggregation grant admitted; publisher grant unproven (document licence: Apache 2.0); jentic redistribution: CC0-1.0	not-run: licence screen failed	not-run: licence screen failed	rejected	witness-search-jentic/records.tsv:545
jentic	oneof-array-variant-anyof-item	https://raw.githubusercontent.com/jentic/jentic-public-apis/eb9d12a2684b0fbcb5aecf51e8ae54dba0929743/apis/openapi/vercel.com/main/0.0.1/meta/import/input-bundled.json	eb9d12a2684b0fbcb5aecf51e8ae54dba0929743	55a7ba1c556dbb0630caa140cd156f46ab2809a58b05c20d86a1eb0856852b33	1	failed: aggregation grant admitted; publisher grant unproven (document licence: none); jentic redistribution: CC0-1.0	not-run: licence screen failed	not-run: licence screen failed	rejected	witness-search-jentic/records.tsv:546
jentic	oneof-array-variant-anyof-item	https://raw.githubusercontent.com/jentic/jentic-public-apis/eb9d12a2684b0fbcb5aecf51e8ae54dba0929743/apis/openapi/vercel.com/main/0.0.1/meta/import/input-entry.json	eb9d12a2684b0fbcb5aecf51e8ae54dba0929743	55a7ba1c556dbb0630caa140cd156f46ab2809a58b05c20d86a1eb0856852b33	1	failed: aggregation grant admitted; publisher grant unproven (document licence: none); jentic redistribution: CC0-1.0	not-run: licence screen failed	not-run: licence screen failed	rejected	witness-search-jentic/records.tsv:547
jentic	oneof-array-variant-anyof-item	https://raw.githubusercontent.com/jentic/jentic-public-apis/eb9d12a2684b0fbcb5aecf51e8ae54dba0929743/apis/openapi/vercel.com/main/0.0.1/meta/import/output-bundled.json	eb9d12a2684b0fbcb5aecf51e8ae54dba0929743	55a7ba1c556dbb0630caa140cd156f46ab2809a58b05c20d86a1eb0856852b33	1	failed: aggregation grant admitted; publisher grant unproven (document licence: none); jentic redistribution: CC0-1.0	not-run: licence screen failed	not-run: licence screen failed	rejected	witness-search-jentic/records.tsv:548
jentic	oneof-array-variant-anyof-item	https://raw.githubusercontent.com/jentic/jentic-public-apis/eb9d12a2684b0fbcb5aecf51e8ae54dba0929743/apis/openapi/vercel.com/main/0.0.1/meta/import/output-entry.json	eb9d12a2684b0fbcb5aecf51e8ae54dba0929743	55a7ba1c556dbb0630caa140cd156f46ab2809a58b05c20d86a1eb0856852b33	1	failed: aggregation grant admitted; publisher grant unproven (document licence: none); jentic redistribution: CC0-1.0	not-run: licence screen failed	not-run: licence screen failed	rejected	witness-search-jentic/records.tsv:549
jentic	oneof-array-variant-anyof-item	https://raw.githubusercontent.com/jentic/jentic-public-apis/eb9d12a2684b0fbcb5aecf51e8ae54dba0929743/apis/openapi/vercel.com/main/0.0.1/openapi.json	eb9d12a2684b0fbcb5aecf51e8ae54dba0929743	55a7ba1c556dbb0630caa140cd156f46ab2809a58b05c20d86a1eb0856852b33	1	failed: aggregation grant admitted; publisher grant unproven (document licence: none); jentic redistribution: CC0-1.0	not-run: licence screen failed	not-run: licence screen failed	rejected	witness-search-jentic/records.tsv:550
jentic	oneof-array-variant-closed-object-item	https://raw.githubusercontent.com/jentic/jentic-public-apis/eb9d12a2684b0fbcb5aecf51e8ae54dba0929743/apis/openapi/telnyx.com/main/2.0.0/meta/import/input-bundled.json	eb9d12a2684b0fbcb5aecf51e8ae54dba0929743	44dbe945e33d84d1910d244abeeaae3270ab672a08124cd9b7c1ef91cb4bb991	1	failed: aggregation grant admitted; publisher grant unproven (document licence: none); jentic redistribution: CC0-1.0	not-run: licence screen failed	not-run: licence screen failed	rejected	witness-search-jentic/records.tsv:551
jentic	oneof-array-variant-closed-object-item	https://raw.githubusercontent.com/jentic/jentic-public-apis/eb9d12a2684b0fbcb5aecf51e8ae54dba0929743/apis/openapi/telnyx.com/main/2.0.0/meta/import/input-entry.json	eb9d12a2684b0fbcb5aecf51e8ae54dba0929743	53a4d123d1d7f9fe612321d0a61d9cbbec6990b99c2997bf030e677a7507a5c5	1	failed: aggregation grant admitted; publisher grant unproven (document licence: none); jentic redistribution: CC0-1.0	not-run: licence screen failed	not-run: licence screen failed	rejected	witness-search-jentic/records.tsv:552
jentic	oneof-array-variant-closed-object-item	https://raw.githubusercontent.com/jentic/jentic-public-apis/eb9d12a2684b0fbcb5aecf51e8ae54dba0929743/apis/openapi/telnyx.com/main/2.0.0/meta/import/output-bundled.json	eb9d12a2684b0fbcb5aecf51e8ae54dba0929743	44dbe945e33d84d1910d244abeeaae3270ab672a08124cd9b7c1ef91cb4bb991	1	failed: aggregation grant admitted; publisher grant unproven (document licence: none); jentic redistribution: CC0-1.0	not-run: licence screen failed	not-run: licence screen failed	rejected	witness-search-jentic/records.tsv:553
jentic	oneof-array-variant-closed-object-item	https://raw.githubusercontent.com/jentic/jentic-public-apis/eb9d12a2684b0fbcb5aecf51e8ae54dba0929743/apis/openapi/telnyx.com/main/2.0.0/meta/import/output-entry.json	eb9d12a2684b0fbcb5aecf51e8ae54dba0929743	53a4d123d1d7f9fe612321d0a61d9cbbec6990b99c2997bf030e677a7507a5c5	1	failed: aggregation grant admitted; publisher grant unproven (document licence: none); jentic redistribution: CC0-1.0	not-run: licence screen failed	not-run: licence screen failed	rejected	witness-search-jentic/records.tsv:554
jentic	oneof-array-variant-closed-object-item	https://raw.githubusercontent.com/jentic/jentic-public-apis/eb9d12a2684b0fbcb5aecf51e8ae54dba0929743/apis/openapi/telnyx.com/main/2.0.0/openapi.json	eb9d12a2684b0fbcb5aecf51e8ae54dba0929743	44dbe945e33d84d1910d244abeeaae3270ab672a08124cd9b7c1ef91cb4bb991	1	failed: aggregation grant admitted; publisher grant unproven (document licence: none); jentic redistribution: CC0-1.0	not-run: licence screen failed	not-run: licence screen failed	rejected	witness-search-jentic/records.tsv:555
jentic	oneof-array-variant-closed-object-item	https://raw.githubusercontent.com/jentic/jentic-public-apis/eb9d12a2684b0fbcb5aecf51e8ae54dba0929743/apis/openapi/vercel.com/main/0.0.1/meta/import/input-bundled.json	eb9d12a2684b0fbcb5aecf51e8ae54dba0929743	55a7ba1c556dbb0630caa140cd156f46ab2809a58b05c20d86a1eb0856852b33	1	failed: aggregation grant admitted; publisher grant unproven (document licence: none); jentic redistribution: CC0-1.0	not-run: licence screen failed	not-run: licence screen failed	rejected	witness-search-jentic/records.tsv:556
jentic	oneof-array-variant-closed-object-item	https://raw.githubusercontent.com/jentic/jentic-public-apis/eb9d12a2684b0fbcb5aecf51e8ae54dba0929743/apis/openapi/vercel.com/main/0.0.1/meta/import/input-entry.json	eb9d12a2684b0fbcb5aecf51e8ae54dba0929743	55a7ba1c556dbb0630caa140cd156f46ab2809a58b05c20d86a1eb0856852b33	1	failed: aggregation grant admitted; publisher grant unproven (document licence: none); jentic redistribution: CC0-1.0	not-run: licence screen failed	not-run: licence screen failed	rejected	witness-search-jentic/records.tsv:557
jentic	oneof-array-variant-closed-object-item	https://raw.githubusercontent.com/jentic/jentic-public-apis/eb9d12a2684b0fbcb5aecf51e8ae54dba0929743/apis/openapi/vercel.com/main/0.0.1/meta/import/output-bundled.json	eb9d12a2684b0fbcb5aecf51e8ae54dba0929743	55a7ba1c556dbb0630caa140cd156f46ab2809a58b05c20d86a1eb0856852b33	1	failed: aggregation grant admitted; publisher grant unproven (document licence: none); jentic redistribution: CC0-1.0	not-run: licence screen failed	not-run: licence screen failed	rejected	witness-search-jentic/records.tsv:558
jentic	oneof-array-variant-closed-object-item	https://raw.githubusercontent.com/jentic/jentic-public-apis/eb9d12a2684b0fbcb5aecf51e8ae54dba0929743/apis/openapi/vercel.com/main/0.0.1/meta/import/output-entry.json	eb9d12a2684b0fbcb5aecf51e8ae54dba0929743	55a7ba1c556dbb0630caa140cd156f46ab2809a58b05c20d86a1eb0856852b33	1	failed: aggregation grant admitted; publisher grant unproven (document licence: none); jentic redistribution: CC0-1.0	not-run: licence screen failed	not-run: licence screen failed	rejected	witness-search-jentic/records.tsv:559
jentic	oneof-array-variant-closed-object-item	https://raw.githubusercontent.com/jentic/jentic-public-apis/eb9d12a2684b0fbcb5aecf51e8ae54dba0929743/apis/openapi/vercel.com/main/0.0.1/openapi.json	eb9d12a2684b0fbcb5aecf51e8ae54dba0929743	55a7ba1c556dbb0630caa140cd156f46ab2809a58b05c20d86a1eb0856852b33	1	failed: aggregation grant admitted; publisher grant unproven (document licence: none); jentic redistribution: CC0-1.0	not-run: licence screen failed	not-run: licence screen failed	rejected	witness-search-jentic/records.tsv:560
jentic	oneof-array-variant-closed-object-item	https://raw.githubusercontent.com/jentic/jentic-public-apis/eb9d12a2684b0fbcb5aecf51e8ae54dba0929743/apis/openapi/zulip.com/zulip/1.0.0/meta/import/input-bundle.json	eb9d12a2684b0fbcb5aecf51e8ae54dba0929743	cffb1099324cf988418c58876f9bc69a0fb84e887923d771e61cb5a5c9895a6d	1	pass	pass	pass	rejected	witness-search-jentic/records.tsv:561
jentic	oneof-array-variant-closed-object-item	https://raw.githubusercontent.com/jentic/jentic-public-apis/eb9d12a2684b0fbcb5aecf51e8ae54dba0929743/apis/openapi/zulip.com/zulip/1.0.0/meta/import/input-entry.json	eb9d12a2684b0fbcb5aecf51e8ae54dba0929743	e7f6eb40cfb673e64fd5119e37697e67e62e8970b92832eb13a4ecb3185195cf	1	pass	pass	pass	rejected	witness-search-jentic/records.tsv:562
jentic	oneof-array-variant-closed-object-item	https://raw.githubusercontent.com/jentic/jentic-public-apis/eb9d12a2684b0fbcb5aecf51e8ae54dba0929743/apis/openapi/zulip.com/zulip/1.0.0/meta/import/output-bundle.json	eb9d12a2684b0fbcb5aecf51e8ae54dba0929743	cffb1099324cf988418c58876f9bc69a0fb84e887923d771e61cb5a5c9895a6d	1	pass	pass	pass	rejected	witness-search-jentic/records.tsv:563
jentic	oneof-array-variant-closed-object-item	https://raw.githubusercontent.com/jentic/jentic-public-apis/eb9d12a2684b0fbcb5aecf51e8ae54dba0929743/apis/openapi/zulip.com/zulip/1.0.0/meta/import/output-entry.json	eb9d12a2684b0fbcb5aecf51e8ae54dba0929743	e7f6eb40cfb673e64fd5119e37697e67e62e8970b92832eb13a4ecb3185195cf	1	pass	pass	pass	rejected	witness-search-jentic/records.tsv:564
jentic	oneof-array-variant-closed-object-item	https://raw.githubusercontent.com/jentic/jentic-public-apis/eb9d12a2684b0fbcb5aecf51e8ae54dba0929743/apis/openapi/zulip.com/zulip/1.0.0/openapi.json	eb9d12a2684b0fbcb5aecf51e8ae54dba0929743	cffb1099324cf988418c58876f9bc69a0fb84e887923d771e61cb5a5c9895a6d	1	pass	pass	pass	rejected	witness-search-jentic/records.tsv:565
vendor-portals	oneof-array-variant-closed-object-item	https://raw.githubusercontent.com/zulip/zulip/6a82f40579f8adb9149aa0b04ff795c397baae73/zerver/openapi/zulip.yaml	6a82f40579f8adb9149aa0b04ff795c397baae73	486c52ec40e74e3f1bfc78534b726db9bcb3f1cf8f6fc3df4981733708fddd10	1	pass	pass	pass	pending-registration	witness-search-vendor-portals/records.tsv:241
jentic	oneof-array-variant-composed-item	https://raw.githubusercontent.com/jentic/jentic-public-apis/eb9d12a2684b0fbcb5aecf51e8ae54dba0929743/apis/openapi/metabase.com/main/v0.57.1-SNAPSHOT/meta/import/input-bundle.json	eb9d12a2684b0fbcb5aecf51e8ae54dba0929743	cb6b1c7b70b67d563b7d519692daacf454745a44d839029c4505cf5a20b0ba7b	2	failed: aggregation grant admitted; publisher grant unproven (document licence: AGPL-3.0); jentic redistribution: CC0-1.0	not-run: licence screen failed	not-run: licence screen failed	rejected	witness-search-jentic/records.tsv:566
jentic	oneof-array-variant-composed-item	https://raw.githubusercontent.com/jentic/jentic-public-apis/eb9d12a2684b0fbcb5aecf51e8ae54dba0929743/apis/openapi/metabase.com/main/v0.57.1-SNAPSHOT/meta/import/input-entry.json	eb9d12a2684b0fbcb5aecf51e8ae54dba0929743	7e52947c7f14b1a4beba5459dd35f91fc524a7dc8f99bf6a5b2e775ce3f2c70d	2	pass	pass	failed: Fern check exit 1	rejected	witness-search-jentic/records.tsv:567
jentic	oneof-array-variant-composed-item	https://raw.githubusercontent.com/jentic/jentic-public-apis/eb9d12a2684b0fbcb5aecf51e8ae54dba0929743/apis/openapi/metabase.com/main/v0.57.1-SNAPSHOT/meta/import/output-bundle.json	eb9d12a2684b0fbcb5aecf51e8ae54dba0929743	cb6b1c7b70b67d563b7d519692daacf454745a44d839029c4505cf5a20b0ba7b	2	failed: aggregation grant admitted; publisher grant unproven (document licence: AGPL-3.0); jentic redistribution: CC0-1.0	not-run: licence screen failed	not-run: licence screen failed	rejected	witness-search-jentic/records.tsv:568
jentic	oneof-array-variant-composed-item	https://raw.githubusercontent.com/jentic/jentic-public-apis/eb9d12a2684b0fbcb5aecf51e8ae54dba0929743/apis/openapi/metabase.com/main/v0.57.1-SNAPSHOT/meta/import/output-entry.json	eb9d12a2684b0fbcb5aecf51e8ae54dba0929743	7e52947c7f14b1a4beba5459dd35f91fc524a7dc8f99bf6a5b2e775ce3f2c70d	2	pass	pass	failed: Fern check exit 1	rejected	witness-search-jentic/records.tsv:569
jentic	oneof-array-variant-composed-item	https://raw.githubusercontent.com/jentic/jentic-public-apis/eb9d12a2684b0fbcb5aecf51e8ae54dba0929743/apis/openapi/metabase.com/main/v0.57.1-SNAPSHOT/openapi.json	eb9d12a2684b0fbcb5aecf51e8ae54dba0929743	cb6b1c7b70b67d563b7d519692daacf454745a44d839029c4505cf5a20b0ba7b	2	failed: aggregation grant admitted; publisher grant unproven (document licence: AGPL-3.0); jentic redistribution: CC0-1.0	not-run: licence screen failed	not-run: licence screen failed	rejected	witness-search-jentic/records.tsv:570
jentic	oneof-array-variant-composed-item	https://raw.githubusercontent.com/jentic/jentic-public-apis/eb9d12a2684b0fbcb5aecf51e8ae54dba0929743/apis/openapi/swaggerhub.nexus-gg/attribution/1.6.5/meta/import/input-bundle.json	eb9d12a2684b0fbcb5aecf51e8ae54dba0929743	8cd0727000d94b136045479d08e90d7b74d41a91654f45a8110ee555b1b073c5	1	failed: aggregation grant admitted; publisher grant unproven (document licence: none); jentic redistribution: CC0-1.0	not-run: licence screen failed	not-run: licence screen failed	rejected	witness-search-jentic/records.tsv:571
jentic	oneof-array-variant-composed-item	https://raw.githubusercontent.com/jentic/jentic-public-apis/eb9d12a2684b0fbcb5aecf51e8ae54dba0929743/apis/openapi/swaggerhub.nexus-gg/attribution/1.6.5/meta/import/input-entry.json	eb9d12a2684b0fbcb5aecf51e8ae54dba0929743	bb5eaae54ef5616366e378eee088e5e09447f3078536f746e8ac0da5048391cd	1	failed: aggregation grant admitted; publisher grant unproven (document licence: none); jentic redistribution: CC0-1.0	not-run: licence screen failed	not-run: licence screen failed	rejected	witness-search-jentic/records.tsv:572
jentic	oneof-array-variant-composed-item	https://raw.githubusercontent.com/jentic/jentic-public-apis/eb9d12a2684b0fbcb5aecf51e8ae54dba0929743/apis/openapi/swaggerhub.nexus-gg/attribution/1.6.5/meta/import/output-bundle.json	eb9d12a2684b0fbcb5aecf51e8ae54dba0929743	8cd0727000d94b136045479d08e90d7b74d41a91654f45a8110ee555b1b073c5	1	failed: aggregation grant admitted; publisher grant unproven (document licence: none); jentic redistribution: CC0-1.0	not-run: licence screen failed	not-run: licence screen failed	rejected	witness-search-jentic/records.tsv:573
jentic	oneof-array-variant-composed-item	https://raw.githubusercontent.com/jentic/jentic-public-apis/eb9d12a2684b0fbcb5aecf51e8ae54dba0929743/apis/openapi/swaggerhub.nexus-gg/attribution/1.6.5/meta/import/output-entry.json	eb9d12a2684b0fbcb5aecf51e8ae54dba0929743	bb5eaae54ef5616366e378eee088e5e09447f3078536f746e8ac0da5048391cd	1	failed: aggregation grant admitted; publisher grant unproven (document licence: none); jentic redistribution: CC0-1.0	not-run: licence screen failed	not-run: licence screen failed	rejected	witness-search-jentic/records.tsv:574
jentic	oneof-array-variant-composed-item	https://raw.githubusercontent.com/jentic/jentic-public-apis/eb9d12a2684b0fbcb5aecf51e8ae54dba0929743/apis/openapi/swaggerhub.nexus-gg/attribution/1.6.5/openapi.json	eb9d12a2684b0fbcb5aecf51e8ae54dba0929743	8cd0727000d94b136045479d08e90d7b74d41a91654f45a8110ee555b1b073c5	1	failed: aggregation grant admitted; publisher grant unproven (document licence: none); jentic redistribution: CC0-1.0	not-run: licence screen failed	not-run: licence screen failed	rejected	witness-search-jentic/records.tsv:575
jentic	oneof-array-variant-empty-object-item	https://raw.githubusercontent.com/jentic/jentic-public-apis/eb9d12a2684b0fbcb5aecf51e8ae54dba0929743/apis/openapi/metabase.com/main/v0.57.1-SNAPSHOT/meta/import/input-bundle.json	eb9d12a2684b0fbcb5aecf51e8ae54dba0929743	cb6b1c7b70b67d563b7d519692daacf454745a44d839029c4505cf5a20b0ba7b	9	failed: aggregation grant admitted; publisher grant unproven (document licence: AGPL-3.0); jentic redistribution: CC0-1.0	not-run: licence screen failed	not-run: licence screen failed	rejected	witness-search-jentic/records.tsv:576
jentic	oneof-array-variant-empty-object-item	https://raw.githubusercontent.com/jentic/jentic-public-apis/eb9d12a2684b0fbcb5aecf51e8ae54dba0929743/apis/openapi/metabase.com/main/v0.57.1-SNAPSHOT/meta/import/input-entry.json	eb9d12a2684b0fbcb5aecf51e8ae54dba0929743	7e52947c7f14b1a4beba5459dd35f91fc524a7dc8f99bf6a5b2e775ce3f2c70d	9	pass	pass	failed: Fern check exit 1	rejected	witness-search-jentic/records.tsv:577
jentic	oneof-array-variant-empty-object-item	https://raw.githubusercontent.com/jentic/jentic-public-apis/eb9d12a2684b0fbcb5aecf51e8ae54dba0929743/apis/openapi/metabase.com/main/v0.57.1-SNAPSHOT/meta/import/output-bundle.json	eb9d12a2684b0fbcb5aecf51e8ae54dba0929743	cb6b1c7b70b67d563b7d519692daacf454745a44d839029c4505cf5a20b0ba7b	9	failed: aggregation grant admitted; publisher grant unproven (document licence: AGPL-3.0); jentic redistribution: CC0-1.0	not-run: licence screen failed	not-run: licence screen failed	rejected	witness-search-jentic/records.tsv:578
jentic	oneof-array-variant-empty-object-item	https://raw.githubusercontent.com/jentic/jentic-public-apis/eb9d12a2684b0fbcb5aecf51e8ae54dba0929743/apis/openapi/metabase.com/main/v0.57.1-SNAPSHOT/meta/import/output-entry.json	eb9d12a2684b0fbcb5aecf51e8ae54dba0929743	7e52947c7f14b1a4beba5459dd35f91fc524a7dc8f99bf6a5b2e775ce3f2c70d	9	pass	pass	failed: Fern check exit 1	rejected	witness-search-jentic/records.tsv:579
jentic	oneof-array-variant-empty-object-item	https://raw.githubusercontent.com/jentic/jentic-public-apis/eb9d12a2684b0fbcb5aecf51e8ae54dba0929743/apis/openapi/metabase.com/main/v0.57.1-SNAPSHOT/openapi.json	eb9d12a2684b0fbcb5aecf51e8ae54dba0929743	cb6b1c7b70b67d563b7d519692daacf454745a44d839029c4505cf5a20b0ba7b	9	failed: aggregation grant admitted; publisher grant unproven (document licence: AGPL-3.0); jentic redistribution: CC0-1.0	not-run: licence screen failed	not-run: licence screen failed	rejected	witness-search-jentic/records.tsv:580
jentic	oneof-bare-object-example-variant	https://raw.githubusercontent.com/jentic/jentic-public-apis/eb9d12a2684b0fbcb5aecf51e8ae54dba0929743/apis/openapi/ironcladapp.com/ironclad/1/meta/import/input-bundle.json	eb9d12a2684b0fbcb5aecf51e8ae54dba0929743	a96f8580c841a37fa0196dfd24051d4375f9fe28bb413451c35d2cacca3c2caa	1	failed: aggregation grant admitted; publisher grant unproven (document licence: none); jentic redistribution: CC0-1.0	not-run: licence screen failed	not-run: licence screen failed	rejected	witness-search-jentic/records.tsv:581
jentic	oneof-bare-object-example-variant	https://raw.githubusercontent.com/jentic/jentic-public-apis/eb9d12a2684b0fbcb5aecf51e8ae54dba0929743/apis/openapi/ironcladapp.com/ironclad/1/meta/import/input-entry.json	eb9d12a2684b0fbcb5aecf51e8ae54dba0929743	a96f8580c841a37fa0196dfd24051d4375f9fe28bb413451c35d2cacca3c2caa	1	failed: aggregation grant admitted; publisher grant unproven (document licence: none); jentic redistribution: CC0-1.0	not-run: licence screen failed	not-run: licence screen failed	rejected	witness-search-jentic/records.tsv:582
jentic	oneof-bare-object-example-variant	https://raw.githubusercontent.com/jentic/jentic-public-apis/eb9d12a2684b0fbcb5aecf51e8ae54dba0929743/apis/openapi/ironcladapp.com/ironclad/1/meta/import/output-bundle.json	eb9d12a2684b0fbcb5aecf51e8ae54dba0929743	a96f8580c841a37fa0196dfd24051d4375f9fe28bb413451c35d2cacca3c2caa	1	failed: aggregation grant admitted; publisher grant unproven (document licence: none); jentic redistribution: CC0-1.0	not-run: licence screen failed	not-run: licence screen failed	rejected	witness-search-jentic/records.tsv:583
jentic	oneof-bare-object-example-variant	https://raw.githubusercontent.com/jentic/jentic-public-apis/eb9d12a2684b0fbcb5aecf51e8ae54dba0929743/apis/openapi/ironcladapp.com/ironclad/1/meta/import/output-entry.json	eb9d12a2684b0fbcb5aecf51e8ae54dba0929743	a96f8580c841a37fa0196dfd24051d4375f9fe28bb413451c35d2cacca3c2caa	1	failed: aggregation grant admitted; publisher grant unproven (document licence: none); jentic redistribution: CC0-1.0	not-run: licence screen failed	not-run: licence screen failed	rejected	witness-search-jentic/records.tsv:584
jentic	oneof-bare-object-example-variant	https://raw.githubusercontent.com/jentic/jentic-public-apis/eb9d12a2684b0fbcb5aecf51e8ae54dba0929743/apis/openapi/ironcladapp.com/ironclad/1/openapi.json	eb9d12a2684b0fbcb5aecf51e8ae54dba0929743	a96f8580c841a37fa0196dfd24051d4375f9fe28bb413451c35d2cacca3c2caa	1	failed: aggregation grant admitted; publisher grant unproven (document licence: none); jentic redistribution: CC0-1.0	not-run: licence screen failed	not-run: licence screen failed	rejected	witness-search-jentic/records.tsv:585
vendor-portals	property-sole-anyof-struct-member	https://raw.githubusercontent.com/cloudflare/api-schemas/f2df0ca75c0fec9047e91a34c20dd666c2dcd1ba/openapi.json	f2df0ca75c0fec9047e91a34c20dd666c2dcd1ba	c575728584bc32600e9e2bf231e0147d894abe9ad92dd604af50d349afa88e9d	3	pass	pass	not-run: Fern check timed out after 3600 seconds	outstanding	witness-search-vendor-portals/records.tsv:242
vendor-portals	property-sole-anyof-struct-member	https://raw.githubusercontent.com/cloudflare/api-schemas/f2df0ca75c0fec9047e91a34c20dd666c2dcd1ba/openapi.yaml	f2df0ca75c0fec9047e91a34c20dd666c2dcd1ba	d0208b3d35ab47ace5d0b7ea458abc826154adf640a9be9934991f1ec7932f27	3	pass	pass	failed: Fern check exit 1	rejected	witness-search-vendor-portals/records.tsv:243
jentic	property-sole-anyof-struct-member	https://raw.githubusercontent.com/jentic/jentic-public-apis/eb9d12a2684b0fbcb5aecf51e8ae54dba0929743/apis/openapi/7shifts.com/7-shifts/2023-05-01/meta/import/input-bundle.json	eb9d12a2684b0fbcb5aecf51e8ae54dba0929743	0aa25f44905d314ab6e1e9517f33c6deecba25f966c8559eb93d89357bb4ae75	17	failed: aggregation grant admitted; publisher grant unproven (document licence: none); jentic redistribution: CC0-1.0	not-run: licence screen failed	not-run: licence screen failed	rejected	witness-search-jentic/records.tsv:586
jentic	property-sole-anyof-struct-member	https://raw.githubusercontent.com/jentic/jentic-public-apis/eb9d12a2684b0fbcb5aecf51e8ae54dba0929743/apis/openapi/7shifts.com/7-shifts/2023-05-01/meta/import/input-entry.json	eb9d12a2684b0fbcb5aecf51e8ae54dba0929743	0aa25f44905d314ab6e1e9517f33c6deecba25f966c8559eb93d89357bb4ae75	17	failed: aggregation grant admitted; publisher grant unproven (document licence: none); jentic redistribution: CC0-1.0	not-run: licence screen failed	not-run: licence screen failed	rejected	witness-search-jentic/records.tsv:587
jentic	property-sole-anyof-struct-member	https://raw.githubusercontent.com/jentic/jentic-public-apis/eb9d12a2684b0fbcb5aecf51e8ae54dba0929743/apis/openapi/7shifts.com/7-shifts/2023-05-01/meta/import/output-bundle.json	eb9d12a2684b0fbcb5aecf51e8ae54dba0929743	0aa25f44905d314ab6e1e9517f33c6deecba25f966c8559eb93d89357bb4ae75	17	failed: aggregation grant admitted; publisher grant unproven (document licence: none); jentic redistribution: CC0-1.0	not-run: licence screen failed	not-run: licence screen failed	rejected	witness-search-jentic/records.tsv:588
jentic	property-sole-anyof-struct-member	https://raw.githubusercontent.com/jentic/jentic-public-apis/eb9d12a2684b0fbcb5aecf51e8ae54dba0929743/apis/openapi/7shifts.com/7-shifts/2023-05-01/meta/import/output-entry.json	eb9d12a2684b0fbcb5aecf51e8ae54dba0929743	0aa25f44905d314ab6e1e9517f33c6deecba25f966c8559eb93d89357bb4ae75	17	failed: aggregation grant admitted; publisher grant unproven (document licence: none); jentic redistribution: CC0-1.0	not-run: licence screen failed	not-run: licence screen failed	rejected	witness-search-jentic/records.tsv:589
jentic	property-sole-anyof-struct-member	https://raw.githubusercontent.com/jentic/jentic-public-apis/eb9d12a2684b0fbcb5aecf51e8ae54dba0929743/apis/openapi/7shifts.com/7-shifts/2023-05-01/openapi.json	eb9d12a2684b0fbcb5aecf51e8ae54dba0929743	0aa25f44905d314ab6e1e9517f33c6deecba25f966c8559eb93d89357bb4ae75	17	failed: aggregation grant admitted; publisher grant unproven (document licence: none); jentic redistribution: CC0-1.0	not-run: licence screen failed	not-run: licence screen failed	rejected	witness-search-jentic/records.tsv:590
jentic	property-sole-anyof-struct-member	https://raw.githubusercontent.com/jentic/jentic-public-apis/eb9d12a2684b0fbcb5aecf51e8ae54dba0929743/apis/openapi/cloudflare.com/main/4.0.0/meta/import/input-bundle.json	eb9d12a2684b0fbcb5aecf51e8ae54dba0929743	38b1209900e52de20213b0f486937f022f51b9ed814ae19bbdf661e89454a1b7	6	failed: aggregation grant admitted; publisher grant unproven (document licence: none); jentic redistribution: CC0-1.0	not-run: licence screen failed	not-run: licence screen failed	rejected	witness-search-jentic/records.tsv:591
jentic	property-sole-anyof-struct-member	https://raw.githubusercontent.com/jentic/jentic-public-apis/eb9d12a2684b0fbcb5aecf51e8ae54dba0929743/apis/openapi/cloudflare.com/main/4.0.0/meta/import/input-entry.json	eb9d12a2684b0fbcb5aecf51e8ae54dba0929743	b8a3425257222511aa6b955b982cf481dad1b77f03614ea3b768b6aa2a770b31	6	failed: aggregation grant admitted; publisher grant unproven (document licence: none); jentic redistribution: CC0-1.0	not-run: licence screen failed	not-run: licence screen failed	rejected	witness-search-jentic/records.tsv:592
jentic	property-sole-anyof-struct-member	https://raw.githubusercontent.com/jentic/jentic-public-apis/eb9d12a2684b0fbcb5aecf51e8ae54dba0929743/apis/openapi/cloudflare.com/main/4.0.0/meta/import/output-bundle.json	eb9d12a2684b0fbcb5aecf51e8ae54dba0929743	38b1209900e52de20213b0f486937f022f51b9ed814ae19bbdf661e89454a1b7	6	failed: aggregation grant admitted; publisher grant unproven (document licence: none); jentic redistribution: CC0-1.0	not-run: licence screen failed	not-run: licence screen failed	rejected	witness-search-jentic/records.tsv:593
jentic	property-sole-anyof-struct-member	https://raw.githubusercontent.com/jentic/jentic-public-apis/eb9d12a2684b0fbcb5aecf51e8ae54dba0929743/apis/openapi/cloudflare.com/main/4.0.0/meta/import/output-entry.json	eb9d12a2684b0fbcb5aecf51e8ae54dba0929743	b8a3425257222511aa6b955b982cf481dad1b77f03614ea3b768b6aa2a770b31	6	failed: aggregation grant admitted; publisher grant unproven (document licence: none); jentic redistribution: CC0-1.0	not-run: licence screen failed	not-run: licence screen failed	rejected	witness-search-jentic/records.tsv:594
jentic	property-sole-anyof-struct-member	https://raw.githubusercontent.com/jentic/jentic-public-apis/eb9d12a2684b0fbcb5aecf51e8ae54dba0929743/apis/openapi/cloudflare.com/main/4.0.0/openapi.json	eb9d12a2684b0fbcb5aecf51e8ae54dba0929743	007fc39ac57873d75305243cee61e5d358c12b975bfbbee6ba0894126e820b0e	6	failed: aggregation grant admitted; publisher grant unproven (document licence: none); jentic redistribution: CC0-1.0	not-run: licence screen failed	not-run: licence screen failed	rejected	witness-search-jentic/records.tsv:595
jentic	property-sole-anyof-struct-member	https://raw.githubusercontent.com/jentic/jentic-public-apis/eb9d12a2684b0fbcb5aecf51e8ae54dba0929743/apis/openapi/cpy.re/peertube/7.1.0/meta/import/input-bundled.json	eb9d12a2684b0fbcb5aecf51e8ae54dba0929743	b8b834b8bf905dbc13921204148ff71dd0548f80c7f313d21f31c86688c1a3b5	1	failed: aggregation grant admitted; publisher grant unproven (document licence: none); jentic redistribution: CC0-1.0	not-run: licence screen failed	not-run: licence screen failed	rejected	witness-search-jentic/records.tsv:596
jentic	property-sole-anyof-struct-member	https://raw.githubusercontent.com/jentic/jentic-public-apis/eb9d12a2684b0fbcb5aecf51e8ae54dba0929743/apis/openapi/cpy.re/peertube/7.1.0/meta/import/input-entry.json	eb9d12a2684b0fbcb5aecf51e8ae54dba0929743	b3a6081898d1c8a35b7d17aab77bf2fc3592103e42955a86a139da21ac3bb627	1	failed: aggregation grant admitted; publisher grant unproven (document licence: none); jentic redistribution: CC0-1.0	not-run: licence screen failed	not-run: licence screen failed	rejected	witness-search-jentic/records.tsv:597
jentic	property-sole-anyof-struct-member	https://raw.githubusercontent.com/jentic/jentic-public-apis/eb9d12a2684b0fbcb5aecf51e8ae54dba0929743/apis/openapi/cpy.re/peertube/7.1.0/meta/import/output-bundled.json	eb9d12a2684b0fbcb5aecf51e8ae54dba0929743	b8b834b8bf905dbc13921204148ff71dd0548f80c7f313d21f31c86688c1a3b5	1	failed: aggregation grant admitted; publisher grant unproven (document licence: none); jentic redistribution: CC0-1.0	not-run: licence screen failed	not-run: licence screen failed	rejected	witness-search-jentic/records.tsv:598
jentic	property-sole-anyof-struct-member	https://raw.githubusercontent.com/jentic/jentic-public-apis/eb9d12a2684b0fbcb5aecf51e8ae54dba0929743/apis/openapi/cpy.re/peertube/7.1.0/meta/import/output-entry.json	eb9d12a2684b0fbcb5aecf51e8ae54dba0929743	b3a6081898d1c8a35b7d17aab77bf2fc3592103e42955a86a139da21ac3bb627	1	failed: aggregation grant admitted; publisher grant unproven (document licence: none); jentic redistribution: CC0-1.0	not-run: licence screen failed	not-run: licence screen failed	rejected	witness-search-jentic/records.tsv:599
jentic	property-sole-anyof-struct-member	https://raw.githubusercontent.com/jentic/jentic-public-apis/eb9d12a2684b0fbcb5aecf51e8ae54dba0929743/apis/openapi/cpy.re/peertube/7.1.0/openapi.json	eb9d12a2684b0fbcb5aecf51e8ae54dba0929743	b8b834b8bf905dbc13921204148ff71dd0548f80c7f313d21f31c86688c1a3b5	1	failed: aggregation grant admitted; publisher grant unproven (document licence: none); jentic redistribution: CC0-1.0	not-run: licence screen failed	not-run: licence screen failed	rejected	witness-search-jentic/records.tsv:600
jentic	property-sole-anyof-struct-member	https://raw.githubusercontent.com/jentic/jentic-public-apis/eb9d12a2684b0fbcb5aecf51e8ae54dba0929743/apis/openapi/cvent.com/main/ea/meta/import/input-bundle.json	eb9d12a2684b0fbcb5aecf51e8ae54dba0929743	98656898881da1d0fe3296de3e1d39d7d4cb48698b0a6f5893e9e857eef875a3	1	failed: aggregation grant admitted; publisher grant unproven (document licence: none); jentic redistribution: CC0-1.0	not-run: licence screen failed	not-run: licence screen failed	rejected	witness-search-jentic/records.tsv:601
jentic	property-sole-anyof-struct-member	https://raw.githubusercontent.com/jentic/jentic-public-apis/eb9d12a2684b0fbcb5aecf51e8ae54dba0929743/apis/openapi/cvent.com/main/ea/meta/import/input-entry.json	eb9d12a2684b0fbcb5aecf51e8ae54dba0929743	35709d7c45eb13aa0e75fa3bc43dded6f82007d9c6e7f7f1da888dcebcb7af6d	1	pass	pass	failed: exit 0 but empty SDK (12-byte reference, no types)	rejected	witness-search-jentic/records.tsv:602
jentic	property-sole-anyof-struct-member	https://raw.githubusercontent.com/jentic/jentic-public-apis/eb9d12a2684b0fbcb5aecf51e8ae54dba0929743/apis/openapi/cvent.com/main/ea/meta/import/output-bundle.json	eb9d12a2684b0fbcb5aecf51e8ae54dba0929743	98656898881da1d0fe3296de3e1d39d7d4cb48698b0a6f5893e9e857eef875a3	1	failed: aggregation grant admitted; publisher grant unproven (document licence: none); jentic redistribution: CC0-1.0	not-run: licence screen failed	not-run: licence screen failed	rejected	witness-search-jentic/records.tsv:603
jentic	property-sole-anyof-struct-member	https://raw.githubusercontent.com/jentic/jentic-public-apis/eb9d12a2684b0fbcb5aecf51e8ae54dba0929743/apis/openapi/cvent.com/main/ea/meta/import/output-entry.json	eb9d12a2684b0fbcb5aecf51e8ae54dba0929743	35709d7c45eb13aa0e75fa3bc43dded6f82007d9c6e7f7f1da888dcebcb7af6d	1	pass	pass	failed: exit 0 but empty SDK (12-byte reference, no types)	rejected	witness-search-jentic/records.tsv:604
jentic	property-sole-anyof-struct-member	https://raw.githubusercontent.com/jentic/jentic-public-apis/eb9d12a2684b0fbcb5aecf51e8ae54dba0929743/apis/openapi/cvent.com/main/ea/openapi.json	eb9d12a2684b0fbcb5aecf51e8ae54dba0929743	98656898881da1d0fe3296de3e1d39d7d4cb48698b0a6f5893e9e857eef875a3	1	failed: aggregation grant admitted; publisher grant unproven (document licence: none); jentic redistribution: CC0-1.0	not-run: licence screen failed	not-run: licence screen failed	rejected	witness-search-jentic/records.tsv:605
jentic	property-sole-anyof-struct-member	https://raw.githubusercontent.com/jentic/jentic-public-apis/eb9d12a2684b0fbcb5aecf51e8ae54dba0929743/apis/openapi/griffin.com/main/1.0/meta/import/input-bundle.json	eb9d12a2684b0fbcb5aecf51e8ae54dba0929743	780366a7fe9e6c2f7a79871da7b3a9eab99f8569e5ee1bf49ab670a1d9ef4d2e	3	failed: aggregation grant admitted; publisher grant unproven (document licence: none); jentic redistribution: CC0-1.0	not-run: licence screen failed	not-run: licence screen failed	rejected	witness-search-jentic/records.tsv:606
jentic	property-sole-anyof-struct-member	https://raw.githubusercontent.com/jentic/jentic-public-apis/eb9d12a2684b0fbcb5aecf51e8ae54dba0929743/apis/openapi/griffin.com/main/1.0/meta/import/input-entry.json	eb9d12a2684b0fbcb5aecf51e8ae54dba0929743	780366a7fe9e6c2f7a79871da7b3a9eab99f8569e5ee1bf49ab670a1d9ef4d2e	3	failed: aggregation grant admitted; publisher grant unproven (document licence: none); jentic redistribution: CC0-1.0	not-run: licence screen failed	not-run: licence screen failed	rejected	witness-search-jentic/records.tsv:607
jentic	property-sole-anyof-struct-member	https://raw.githubusercontent.com/jentic/jentic-public-apis/eb9d12a2684b0fbcb5aecf51e8ae54dba0929743/apis/openapi/griffin.com/main/1.0/meta/import/output-bundle.json	eb9d12a2684b0fbcb5aecf51e8ae54dba0929743	780366a7fe9e6c2f7a79871da7b3a9eab99f8569e5ee1bf49ab670a1d9ef4d2e	3	failed: aggregation grant admitted; publisher grant unproven (document licence: none); jentic redistribution: CC0-1.0	not-run: licence screen failed	not-run: licence screen failed	rejected	witness-search-jentic/records.tsv:608
jentic	property-sole-anyof-struct-member	https://raw.githubusercontent.com/jentic/jentic-public-apis/eb9d12a2684b0fbcb5aecf51e8ae54dba0929743/apis/openapi/griffin.com/main/1.0/meta/import/output-entry.json	eb9d12a2684b0fbcb5aecf51e8ae54dba0929743	780366a7fe9e6c2f7a79871da7b3a9eab99f8569e5ee1bf49ab670a1d9ef4d2e	3	failed: aggregation grant admitted; publisher grant unproven (document licence: none); jentic redistribution: CC0-1.0	not-run: licence screen failed	not-run: licence screen failed	rejected	witness-search-jentic/records.tsv:609
jentic	property-sole-anyof-struct-member	https://raw.githubusercontent.com/jentic/jentic-public-apis/eb9d12a2684b0fbcb5aecf51e8ae54dba0929743/apis/openapi/griffin.com/main/1.0/openapi.json	eb9d12a2684b0fbcb5aecf51e8ae54dba0929743	780366a7fe9e6c2f7a79871da7b3a9eab99f8569e5ee1bf49ab670a1d9ef4d2e	3	failed: aggregation grant admitted; publisher grant unproven (document licence: none); jentic redistribution: CC0-1.0	not-run: licence screen failed	not-run: licence screen failed	rejected	witness-search-jentic/records.tsv:610
jentic	property-sole-oneof-composed-member	https://raw.githubusercontent.com/jentic/jentic-public-apis/eb9d12a2684b0fbcb5aecf51e8ae54dba0929743/apis/openapi/cvent.com/main/ea/meta/import/input-bundle.json	eb9d12a2684b0fbcb5aecf51e8ae54dba0929743	98656898881da1d0fe3296de3e1d39d7d4cb48698b0a6f5893e9e857eef875a3	1	failed: aggregation grant admitted; publisher grant unproven (document licence: none); jentic redistribution: CC0-1.0	not-run: licence screen failed	not-run: licence screen failed	rejected	witness-search-jentic/records.tsv:611
jentic	property-sole-oneof-composed-member	https://raw.githubusercontent.com/jentic/jentic-public-apis/eb9d12a2684b0fbcb5aecf51e8ae54dba0929743/apis/openapi/cvent.com/main/ea/meta/import/input-entry.json	eb9d12a2684b0fbcb5aecf51e8ae54dba0929743	35709d7c45eb13aa0e75fa3bc43dded6f82007d9c6e7f7f1da888dcebcb7af6d	1	pass	pass	failed: exit 0 but empty SDK (12-byte reference, no types)	rejected	witness-search-jentic/records.tsv:612
jentic	property-sole-oneof-composed-member	https://raw.githubusercontent.com/jentic/jentic-public-apis/eb9d12a2684b0fbcb5aecf51e8ae54dba0929743/apis/openapi/cvent.com/main/ea/meta/import/output-bundle.json	eb9d12a2684b0fbcb5aecf51e8ae54dba0929743	98656898881da1d0fe3296de3e1d39d7d4cb48698b0a6f5893e9e857eef875a3	1	failed: aggregation grant admitted; publisher grant unproven (document licence: none); jentic redistribution: CC0-1.0	not-run: licence screen failed	not-run: licence screen failed	rejected	witness-search-jentic/records.tsv:613
jentic	property-sole-oneof-composed-member	https://raw.githubusercontent.com/jentic/jentic-public-apis/eb9d12a2684b0fbcb5aecf51e8ae54dba0929743/apis/openapi/cvent.com/main/ea/meta/import/output-entry.json	eb9d12a2684b0fbcb5aecf51e8ae54dba0929743	35709d7c45eb13aa0e75fa3bc43dded6f82007d9c6e7f7f1da888dcebcb7af6d	1	pass	pass	failed: exit 0 but empty SDK (12-byte reference, no types)	rejected	witness-search-jentic/records.tsv:614
jentic	property-sole-oneof-composed-member	https://raw.githubusercontent.com/jentic/jentic-public-apis/eb9d12a2684b0fbcb5aecf51e8ae54dba0929743/apis/openapi/cvent.com/main/ea/openapi.json	eb9d12a2684b0fbcb5aecf51e8ae54dba0929743	98656898881da1d0fe3296de3e1d39d7d4cb48698b0a6f5893e9e857eef875a3	1	failed: aggregation grant admitted; publisher grant unproven (document licence: none); jentic redistribution: CC0-1.0	not-run: licence screen failed	not-run: licence screen failed	rejected	witness-search-jentic/records.tsv:615
vendor-portals	ref-pointer-undeclared-component-head	https://raw.githubusercontent.com/intercom/Intercom-OpenAPI/3d5adcb2eeb0df209d83035c2f5bc69c932b2644/descriptions/2.10/api.intercom.io.yaml	3d5adcb2eeb0df209d83035c2f5bc69c932b2644	a7fb6c0d580596b1bd870f67ab3064b8c660d76e3568baef79c3664f5a97e404	2	pass	pass	not-run: key closed by found witness jentic/apis/openapi/alma_france_api/main/1.0.0/meta/import/input-bundle.json	not-owed	witness-search-vendor-portals/records.tsv:244
vendor-portals	ref-pointer-undeclared-component-head	https://raw.githubusercontent.com/intercom/Intercom-OpenAPI/3d5adcb2eeb0df209d83035c2f5bc69c932b2644/descriptions/2.11/api.intercom.io.yaml	3d5adcb2eeb0df209d83035c2f5bc69c932b2644	04da5a3c1c68b149b9feda12c59ec18b7d90af360856ee4a9e7b3b1158c2ac8b	8	pass	pass	not-run: key closed by found witness jentic/apis/openapi/alma_france_api/main/1.0.0/meta/import/input-bundle.json	not-owed	witness-search-vendor-portals/records.tsv:245
vendor-portals	ref-pointer-undeclared-component-head	https://raw.githubusercontent.com/intercom/Intercom-OpenAPI/3d5adcb2eeb0df209d83035c2f5bc69c932b2644/descriptions/2.7/api.intercom.io.yaml	3d5adcb2eeb0df209d83035c2f5bc69c932b2644	d8bbe09546c5cd0f3796870d341029ee2d19624e5dd2ea9909a36c2b612dff6c	4	pass	pass	not-run: key closed by found witness jentic/apis/openapi/alma_france_api/main/1.0.0/meta/import/input-bundle.json	not-owed	witness-search-vendor-portals/records.tsv:246
vendor-portals	ref-pointer-undeclared-component-head	https://raw.githubusercontent.com/intercom/Intercom-OpenAPI/3d5adcb2eeb0df209d83035c2f5bc69c932b2644/descriptions/2.8/api.intercom.io.yaml	3d5adcb2eeb0df209d83035c2f5bc69c932b2644	50d173918724fa19328952ba2e97a59b5f72dd3282c85ec95226b333afaba957	4	pass	pass	not-run: key closed by found witness jentic/apis/openapi/alma_france_api/main/1.0.0/meta/import/input-bundle.json	not-owed	witness-search-vendor-portals/records.tsv:247
vendor-portals	ref-pointer-undeclared-component-head	https://raw.githubusercontent.com/intercom/Intercom-OpenAPI/3d5adcb2eeb0df209d83035c2f5bc69c932b2644/descriptions/2.9/api.intercom.io.yaml	3d5adcb2eeb0df209d83035c2f5bc69c932b2644	484ce65d9eac8317114746033498932dca5df57c7c6a449d9ed0f1009972fa89	4	pass	pass	not-run: key closed by found witness jentic/apis/openapi/alma_france_api/main/1.0.0/meta/import/input-bundle.json	not-owed	witness-search-vendor-portals/records.tsv:248
jentic	ref-pointer-undeclared-component-head	https://raw.githubusercontent.com/jentic/jentic-public-apis/eb9d12a2684b0fbcb5aecf51e8ae54dba0929743/apis/openapi/airbyte.com/main/1.0.0/meta/import/input-bundle.json	eb9d12a2684b0fbcb5aecf51e8ae54dba0929743	708191b07d3e0852dd0e676af6298676e5e2f86ea0992f6526a29c4ac8acb64c	2	failed: aggregation grant admitted; publisher grant unproven (document licence: none); jentic redistribution: CC0-1.0	not-run: licence screen failed	not-run: licence screen failed	rejected	witness-search-jentic/records.tsv:616
jentic	ref-pointer-undeclared-component-head	https://raw.githubusercontent.com/jentic/jentic-public-apis/eb9d12a2684b0fbcb5aecf51e8ae54dba0929743/apis/openapi/airbyte.com/main/1.0.0/meta/import/input-entry.json	eb9d12a2684b0fbcb5aecf51e8ae54dba0929743	d44b619d4adb5970d044d3da5ea0b5616bba86816bb5ddcc37e0bc36d4b22a5e	2	pass	pass	failed: concrete diagnostic below	rejected	witness-search-jentic/records.tsv:617
jentic	ref-pointer-undeclared-component-head	https://raw.githubusercontent.com/jentic/jentic-public-apis/eb9d12a2684b0fbcb5aecf51e8ae54dba0929743/apis/openapi/airbyte.com/main/1.0.0/meta/import/output-bundle.json	eb9d12a2684b0fbcb5aecf51e8ae54dba0929743	708191b07d3e0852dd0e676af6298676e5e2f86ea0992f6526a29c4ac8acb64c	2	failed: aggregation grant admitted; publisher grant unproven (document licence: none); jentic redistribution: CC0-1.0	not-run: licence screen failed	not-run: licence screen failed	rejected	witness-search-jentic/records.tsv:618
jentic	ref-pointer-undeclared-component-head	https://raw.githubusercontent.com/jentic/jentic-public-apis/eb9d12a2684b0fbcb5aecf51e8ae54dba0929743/apis/openapi/airbyte.com/main/1.0.0/meta/import/output-entry.json	eb9d12a2684b0fbcb5aecf51e8ae54dba0929743	d44b619d4adb5970d044d3da5ea0b5616bba86816bb5ddcc37e0bc36d4b22a5e	2	pass	pass	failed: concrete diagnostic below	rejected	witness-search-jentic/records.tsv:619
jentic	ref-pointer-undeclared-component-head	https://raw.githubusercontent.com/jentic/jentic-public-apis/eb9d12a2684b0fbcb5aecf51e8ae54dba0929743/apis/openapi/airbyte.com/main/1.0.0/openapi.json	eb9d12a2684b0fbcb5aecf51e8ae54dba0929743	708191b07d3e0852dd0e676af6298676e5e2f86ea0992f6526a29c4ac8acb64c	2	failed: aggregation grant admitted; publisher grant unproven (document licence: none); jentic redistribution: CC0-1.0	not-run: licence screen failed	not-run: licence screen failed	rejected	witness-search-jentic/records.tsv:620
jentic	ref-pointer-undeclared-component-head	https://raw.githubusercontent.com/jentic/jentic-public-apis/eb9d12a2684b0fbcb5aecf51e8ae54dba0929743/apis/openapi/alma_france_api/main/1.0.0/meta/import/input-bundle.json	eb9d12a2684b0fbcb5aecf51e8ae54dba0929743	dc182568a391cfbc855b6c303bb55bae293791b6fda20585bcddf27c0e2e3987	14	pass	pass	pass	byte-identical to CORPUS row 157, sha256 dc182568a391cfbc855b6c303bb55bae293791b6fda20585bcddf27c0e2e3987	witness-search-jentic/records.tsv:621
jentic	ref-pointer-undeclared-component-head	https://raw.githubusercontent.com/jentic/jentic-public-apis/eb9d12a2684b0fbcb5aecf51e8ae54dba0929743/apis/openapi/alma_france_api/main/1.0.0/meta/import/input-entry.json	eb9d12a2684b0fbcb5aecf51e8ae54dba0929743	dc182568a391cfbc855b6c303bb55bae293791b6fda20585bcddf27c0e2e3987	14	pass	pass	pass	byte-identical to CORPUS row 157, sha256 dc182568a391cfbc855b6c303bb55bae293791b6fda20585bcddf27c0e2e3987	witness-search-jentic/records.tsv:622
jentic	ref-pointer-undeclared-component-head	https://raw.githubusercontent.com/jentic/jentic-public-apis/eb9d12a2684b0fbcb5aecf51e8ae54dba0929743/apis/openapi/alma_france_api/main/1.0.0/meta/import/output-bundle.json	eb9d12a2684b0fbcb5aecf51e8ae54dba0929743	dc182568a391cfbc855b6c303bb55bae293791b6fda20585bcddf27c0e2e3987	14	pass	pass	pass	byte-identical to CORPUS row 157, sha256 dc182568a391cfbc855b6c303bb55bae293791b6fda20585bcddf27c0e2e3987	witness-search-jentic/records.tsv:623
jentic	ref-pointer-undeclared-component-head	https://raw.githubusercontent.com/jentic/jentic-public-apis/eb9d12a2684b0fbcb5aecf51e8ae54dba0929743/apis/openapi/alma_france_api/main/1.0.0/meta/import/output-entry.json	eb9d12a2684b0fbcb5aecf51e8ae54dba0929743	dc182568a391cfbc855b6c303bb55bae293791b6fda20585bcddf27c0e2e3987	14	pass	pass	pass	byte-identical to CORPUS row 157, sha256 dc182568a391cfbc855b6c303bb55bae293791b6fda20585bcddf27c0e2e3987	witness-search-jentic/records.tsv:624
jentic	ref-pointer-undeclared-component-head	https://raw.githubusercontent.com/jentic/jentic-public-apis/eb9d12a2684b0fbcb5aecf51e8ae54dba0929743/apis/openapi/alma_france_api/main/1.0.0/openapi.json	eb9d12a2684b0fbcb5aecf51e8ae54dba0929743	dc182568a391cfbc855b6c303bb55bae293791b6fda20585bcddf27c0e2e3987	14	pass	pass	pass	not-owed	witness-search-jentic/records.tsv:625
jentic	ref-pointer-undeclared-component-head	https://raw.githubusercontent.com/jentic/jentic-public-apis/eb9d12a2684b0fbcb5aecf51e8ae54dba0929743/apis/openapi/anthropic.com/messages/1.0.0/meta/import/input-bundle.json	eb9d12a2684b0fbcb5aecf51e8ae54dba0929743	226f40a82ceca822f6471617b161a8d0d6a82f0d9b05d6181d507a300d872fb2	2	failed: aggregation grant admitted; publisher grant unproven (document licence: none); jentic redistribution: CC0-1.0	not-run: licence screen failed	not-run: licence screen failed	rejected	witness-search-jentic/records.tsv:626
jentic	ref-pointer-undeclared-component-head	https://raw.githubusercontent.com/jentic/jentic-public-apis/eb9d12a2684b0fbcb5aecf51e8ae54dba0929743/apis/openapi/anthropic.com/messages/1.0.0/meta/import/input-entry.json	eb9d12a2684b0fbcb5aecf51e8ae54dba0929743	226f40a82ceca822f6471617b161a8d0d6a82f0d9b05d6181d507a300d872fb2	2	failed: aggregation grant admitted; publisher grant unproven (document licence: none); jentic redistribution: CC0-1.0	not-run: licence screen failed	not-run: licence screen failed	rejected	witness-search-jentic/records.tsv:627
jentic	ref-pointer-undeclared-component-head	https://raw.githubusercontent.com/jentic/jentic-public-apis/eb9d12a2684b0fbcb5aecf51e8ae54dba0929743/apis/openapi/anthropic.com/messages/1.0.0/meta/import/output-bundle.json	eb9d12a2684b0fbcb5aecf51e8ae54dba0929743	226f40a82ceca822f6471617b161a8d0d6a82f0d9b05d6181d507a300d872fb2	2	failed: aggregation grant admitted; publisher grant unproven (document licence: none); jentic redistribution: CC0-1.0	not-run: licence screen failed	not-run: licence screen failed	rejected	witness-search-jentic/records.tsv:628
jentic	ref-pointer-undeclared-component-head	https://raw.githubusercontent.com/jentic/jentic-public-apis/eb9d12a2684b0fbcb5aecf51e8ae54dba0929743/apis/openapi/anthropic.com/messages/1.0.0/meta/import/output-entry.json	eb9d12a2684b0fbcb5aecf51e8ae54dba0929743	226f40a82ceca822f6471617b161a8d0d6a82f0d9b05d6181d507a300d872fb2	2	failed: aggregation grant admitted; publisher grant unproven (document licence: none); jentic redistribution: CC0-1.0	not-run: licence screen failed	not-run: licence screen failed	rejected	witness-search-jentic/records.tsv:629
jentic	ref-pointer-undeclared-component-head	https://raw.githubusercontent.com/jentic/jentic-public-apis/eb9d12a2684b0fbcb5aecf51e8ae54dba0929743/apis/openapi/anthropic.com/messages/1.0.0/openapi.json	eb9d12a2684b0fbcb5aecf51e8ae54dba0929743	226f40a82ceca822f6471617b161a8d0d6a82f0d9b05d6181d507a300d872fb2	2	failed: aggregation grant admitted; publisher grant unproven (document licence: none); jentic redistribution: CC0-1.0	not-run: licence screen failed	not-run: licence screen failed	rejected	witness-search-jentic/records.tsv:630
jentic	ref-pointer-undeclared-component-head	https://raw.githubusercontent.com/jentic/jentic-public-apis/eb9d12a2684b0fbcb5aecf51e8ae54dba0929743/apis/openapi/axiom.co/main/2.0.0/meta/import/input-bundle.json	eb9d12a2684b0fbcb5aecf51e8ae54dba0929743	a2bd626e2cae27315116ab9ae0c028ef4ae4e1f913c7b47a351e40b4099929c2	2	failed: aggregation grant admitted; publisher grant unproven (document licence: Apache 2.0); jentic redistribution: CC0-1.0	not-run: licence screen failed	not-run: licence screen failed	rejected	witness-search-jentic/records.tsv:631
jentic	ref-pointer-undeclared-component-head	https://raw.githubusercontent.com/jentic/jentic-public-apis/eb9d12a2684b0fbcb5aecf51e8ae54dba0929743/apis/openapi/axiom.co/main/2.0.0/meta/import/input-entry.json	eb9d12a2684b0fbcb5aecf51e8ae54dba0929743	1b41e2fdbc5fa2977d6cd17ad8579d04e04b2f2caf1a5e5405f780de275bc7b4	2	pass	pass	failed: Fern check exit 1	rejected	witness-search-jentic/records.tsv:632
jentic	ref-pointer-undeclared-component-head	https://raw.githubusercontent.com/jentic/jentic-public-apis/eb9d12a2684b0fbcb5aecf51e8ae54dba0929743/apis/openapi/axiom.co/main/2.0.0/meta/import/output-bundle.json	eb9d12a2684b0fbcb5aecf51e8ae54dba0929743	a2bd626e2cae27315116ab9ae0c028ef4ae4e1f913c7b47a351e40b4099929c2	2	failed: aggregation grant admitted; publisher grant unproven (document licence: Apache 2.0); jentic redistribution: CC0-1.0	not-run: licence screen failed	not-run: licence screen failed	rejected	witness-search-jentic/records.tsv:633
jentic	ref-pointer-undeclared-component-head	https://raw.githubusercontent.com/jentic/jentic-public-apis/eb9d12a2684b0fbcb5aecf51e8ae54dba0929743/apis/openapi/axiom.co/main/2.0.0/meta/import/output-entry.json	eb9d12a2684b0fbcb5aecf51e8ae54dba0929743	1b41e2fdbc5fa2977d6cd17ad8579d04e04b2f2caf1a5e5405f780de275bc7b4	2	pass	pass	failed: Fern check exit 1	rejected	witness-search-jentic/records.tsv:634
jentic	ref-pointer-undeclared-component-head	https://raw.githubusercontent.com/jentic/jentic-public-apis/eb9d12a2684b0fbcb5aecf51e8ae54dba0929743/apis/openapi/axiom.co/main/2.0.0/openapi.json	eb9d12a2684b0fbcb5aecf51e8ae54dba0929743	a2bd626e2cae27315116ab9ae0c028ef4ae4e1f913c7b47a351e40b4099929c2	2	failed: aggregation grant admitted; publisher grant unproven (document licence: Apache 2.0); jentic redistribution: CC0-1.0	not-run: licence screen failed	not-run: licence screen failed	rejected	witness-search-jentic/records.tsv:635
jentic	ref-pointer-undeclared-component-head	https://raw.githubusercontent.com/jentic/jentic-public-apis/eb9d12a2684b0fbcb5aecf51e8ae54dba0929743/apis/openapi/billie.io/main/2.0.0/meta/import/input-bundle.json	eb9d12a2684b0fbcb5aecf51e8ae54dba0929743	734fbf82986de7d1641af3c5a059454d9170b096cb0740d50c8d8547c366bfc9	10	pass	pass	pass	byte-identical to CORPUS row 156, sha256 734fbf82986de7d1641af3c5a059454d9170b096cb0740d50c8d8547c366bfc9	witness-search-jentic/records.tsv:636
jentic	ref-pointer-undeclared-component-head	https://raw.githubusercontent.com/jentic/jentic-public-apis/eb9d12a2684b0fbcb5aecf51e8ae54dba0929743/apis/openapi/billie.io/main/2.0.0/meta/import/input-entry.json	eb9d12a2684b0fbcb5aecf51e8ae54dba0929743	bcf3e8832ac584a1da5bd70c0a95a5eb2d66d92803ea7bdde5387682a12cd193	10	pass	pass	pass	not-owed	witness-search-jentic/records.tsv:637
jentic	ref-pointer-undeclared-component-head	https://raw.githubusercontent.com/jentic/jentic-public-apis/eb9d12a2684b0fbcb5aecf51e8ae54dba0929743/apis/openapi/billie.io/main/2.0.0/meta/import/output-bundle.json	eb9d12a2684b0fbcb5aecf51e8ae54dba0929743	734fbf82986de7d1641af3c5a059454d9170b096cb0740d50c8d8547c366bfc9	10	pass	pass	pass	byte-identical to CORPUS row 156, sha256 734fbf82986de7d1641af3c5a059454d9170b096cb0740d50c8d8547c366bfc9	witness-search-jentic/records.tsv:638
jentic	ref-pointer-undeclared-component-head	https://raw.githubusercontent.com/jentic/jentic-public-apis/eb9d12a2684b0fbcb5aecf51e8ae54dba0929743/apis/openapi/billie.io/main/2.0.0/meta/import/output-entry.json	eb9d12a2684b0fbcb5aecf51e8ae54dba0929743	bcf3e8832ac584a1da5bd70c0a95a5eb2d66d92803ea7bdde5387682a12cd193	10	pass	pass	pass	byte-identical to CORPUS row 160, sha256 bcf3e8832ac584a1da5bd70c0a95a5eb2d66d92803ea7bdde5387682a12cd193	witness-search-jentic/records.tsv:639
jentic	ref-pointer-undeclared-component-head	https://raw.githubusercontent.com/jentic/jentic-public-apis/eb9d12a2684b0fbcb5aecf51e8ae54dba0929743/apis/openapi/billie.io/main/2.0.0/openapi.json	eb9d12a2684b0fbcb5aecf51e8ae54dba0929743	734fbf82986de7d1641af3c5a059454d9170b096cb0740d50c8d8547c366bfc9	10	pass	pass	pass	not-owed	witness-search-jentic/records.tsv:640
jentic	ref-pointer-undeclared-component-head	https://raw.githubusercontent.com/jentic/jentic-public-apis/eb9d12a2684b0fbcb5aecf51e8ae54dba0929743/apis/openapi/cryptomkt.com/main/3.0/meta/import/input-bundle.json	eb9d12a2684b0fbcb5aecf51e8ae54dba0929743	733d0b94807a7c6c9289202f72c115ed06d67a67ba6921bd1446e6e6c4a0b42a	8	failed: aggregation grant admitted; publisher grant unproven (document licence: none); jentic redistribution: CC0-1.0	not-run: licence screen failed	not-run: licence screen failed	rejected	witness-search-jentic/records.tsv:641
jentic	ref-pointer-undeclared-component-head	https://raw.githubusercontent.com/jentic/jentic-public-apis/eb9d12a2684b0fbcb5aecf51e8ae54dba0929743/apis/openapi/cryptomkt.com/main/3.0/meta/import/input-entry.json	eb9d12a2684b0fbcb5aecf51e8ae54dba0929743	53480553d6b6cb3f61b8d5ef4975a0460c572ad6333decc4aa96812e32a51edd	8	failed: aggregation grant admitted; publisher grant unproven (document licence: none); jentic redistribution: CC0-1.0	not-run: licence screen failed	not-run: licence screen failed	rejected	witness-search-jentic/records.tsv:642
jentic	ref-pointer-undeclared-component-head	https://raw.githubusercontent.com/jentic/jentic-public-apis/eb9d12a2684b0fbcb5aecf51e8ae54dba0929743/apis/openapi/cryptomkt.com/main/3.0/meta/import/output-bundle.json	eb9d12a2684b0fbcb5aecf51e8ae54dba0929743	733d0b94807a7c6c9289202f72c115ed06d67a67ba6921bd1446e6e6c4a0b42a	8	failed: aggregation grant admitted; publisher grant unproven (document licence: none); jentic redistribution: CC0-1.0	not-run: licence screen failed	not-run: licence screen failed	rejected	witness-search-jentic/records.tsv:643
jentic	ref-pointer-undeclared-component-head	https://raw.githubusercontent.com/jentic/jentic-public-apis/eb9d12a2684b0fbcb5aecf51e8ae54dba0929743/apis/openapi/cryptomkt.com/main/3.0/meta/import/output-entry.json	eb9d12a2684b0fbcb5aecf51e8ae54dba0929743	53480553d6b6cb3f61b8d5ef4975a0460c572ad6333decc4aa96812e32a51edd	8	failed: aggregation grant admitted; publisher grant unproven (document licence: none); jentic redistribution: CC0-1.0	not-run: licence screen failed	not-run: licence screen failed	rejected	witness-search-jentic/records.tsv:644
jentic	ref-pointer-undeclared-component-head	https://raw.githubusercontent.com/jentic/jentic-public-apis/eb9d12a2684b0fbcb5aecf51e8ae54dba0929743/apis/openapi/cryptomkt.com/main/3.0/openapi.json	eb9d12a2684b0fbcb5aecf51e8ae54dba0929743	733d0b94807a7c6c9289202f72c115ed06d67a67ba6921bd1446e6e6c4a0b42a	8	failed: aggregation grant admitted; publisher grant unproven (document licence: none); jentic redistribution: CC0-1.0	not-run: licence screen failed	not-run: licence screen failed	rejected	witness-search-jentic/records.tsv:645
jentic	ref-pointer-undeclared-component-head	https://raw.githubusercontent.com/jentic/jentic-public-apis/eb9d12a2684b0fbcb5aecf51e8ae54dba0929743/apis/openapi/dropbox.com/dropbox-api-v2/2.0.0/meta/import/input-bundle.json	eb9d12a2684b0fbcb5aecf51e8ae54dba0929743	d148d2e917d2cc5129c1483871cec5cb7145e04cbbf1ee99e7249c3818883497	98	pass	pass	failed: concrete diagnostic below	rejected	witness-search-jentic/records.tsv:646
jentic	ref-pointer-undeclared-component-head	https://raw.githubusercontent.com/jentic/jentic-public-apis/eb9d12a2684b0fbcb5aecf51e8ae54dba0929743/apis/openapi/dropbox.com/dropbox-api-v2/2.0.0/meta/import/input-entry.json	eb9d12a2684b0fbcb5aecf51e8ae54dba0929743	d148d2e917d2cc5129c1483871cec5cb7145e04cbbf1ee99e7249c3818883497	98	pass	pass	failed: concrete diagnostic below	rejected	witness-search-jentic/records.tsv:647
jentic	ref-pointer-undeclared-component-head	https://raw.githubusercontent.com/jentic/jentic-public-apis/eb9d12a2684b0fbcb5aecf51e8ae54dba0929743/apis/openapi/dropbox.com/dropbox-api-v2/2.0.0/meta/import/output-bundle.json	eb9d12a2684b0fbcb5aecf51e8ae54dba0929743	d148d2e917d2cc5129c1483871cec5cb7145e04cbbf1ee99e7249c3818883497	98	pass	pass	failed: concrete diagnostic below	rejected	witness-search-jentic/records.tsv:648
jentic	ref-pointer-undeclared-component-head	https://raw.githubusercontent.com/jentic/jentic-public-apis/eb9d12a2684b0fbcb5aecf51e8ae54dba0929743/apis/openapi/dropbox.com/dropbox-api-v2/2.0.0/meta/import/output-entry.json	eb9d12a2684b0fbcb5aecf51e8ae54dba0929743	d148d2e917d2cc5129c1483871cec5cb7145e04cbbf1ee99e7249c3818883497	98	pass	pass	failed: concrete diagnostic below	rejected	witness-search-jentic/records.tsv:649
jentic	ref-pointer-undeclared-component-head	https://raw.githubusercontent.com/jentic/jentic-public-apis/eb9d12a2684b0fbcb5aecf51e8ae54dba0929743/apis/openapi/dropbox.com/dropbox-api-v2/2.0.0/openapi.json	eb9d12a2684b0fbcb5aecf51e8ae54dba0929743	d148d2e917d2cc5129c1483871cec5cb7145e04cbbf1ee99e7249c3818883497	98	pass	pass	failed: concrete diagnostic below	rejected	witness-search-jentic/records.tsv:650
jentic	ref-pointer-undeclared-component-head	https://raw.githubusercontent.com/jentic/jentic-public-apis/eb9d12a2684b0fbcb5aecf51e8ae54dba0929743/apis/openapi/getalma.eu/main/1.0.0/meta/import/input-bundle.json	eb9d12a2684b0fbcb5aecf51e8ae54dba0929743	dc182568a391cfbc855b6c303bb55bae293791b6fda20585bcddf27c0e2e3987	14	pass	pass	pass	byte-identical to CORPUS row 157, sha256 dc182568a391cfbc855b6c303bb55bae293791b6fda20585bcddf27c0e2e3987	witness-search-jentic/records.tsv:651
jentic	ref-pointer-undeclared-component-head	https://raw.githubusercontent.com/jentic/jentic-public-apis/eb9d12a2684b0fbcb5aecf51e8ae54dba0929743/apis/openapi/getalma.eu/main/1.0.0/meta/import/input-entry.json	eb9d12a2684b0fbcb5aecf51e8ae54dba0929743	dc182568a391cfbc855b6c303bb55bae293791b6fda20585bcddf27c0e2e3987	14	pass	pass	pass	byte-identical to CORPUS row 157, sha256 dc182568a391cfbc855b6c303bb55bae293791b6fda20585bcddf27c0e2e3987	witness-search-jentic/records.tsv:652
jentic	ref-pointer-undeclared-component-head	https://raw.githubusercontent.com/jentic/jentic-public-apis/eb9d12a2684b0fbcb5aecf51e8ae54dba0929743/apis/openapi/getalma.eu/main/1.0.0/meta/import/output-bundle.json	eb9d12a2684b0fbcb5aecf51e8ae54dba0929743	dc182568a391cfbc855b6c303bb55bae293791b6fda20585bcddf27c0e2e3987	14	pass	pass	pass	byte-identical to CORPUS row 157, sha256 dc182568a391cfbc855b6c303bb55bae293791b6fda20585bcddf27c0e2e3987	witness-search-jentic/records.tsv:653
jentic	ref-pointer-undeclared-component-head	https://raw.githubusercontent.com/jentic/jentic-public-apis/eb9d12a2684b0fbcb5aecf51e8ae54dba0929743/apis/openapi/getalma.eu/main/1.0.0/meta/import/output-entry.json	eb9d12a2684b0fbcb5aecf51e8ae54dba0929743	dc182568a391cfbc855b6c303bb55bae293791b6fda20585bcddf27c0e2e3987	14	pass	pass	pass	byte-identical to CORPUS row 157, sha256 dc182568a391cfbc855b6c303bb55bae293791b6fda20585bcddf27c0e2e3987	witness-search-jentic/records.tsv:654
jentic	ref-pointer-undeclared-component-head	https://raw.githubusercontent.com/jentic/jentic-public-apis/eb9d12a2684b0fbcb5aecf51e8ae54dba0929743/apis/openapi/getalma.eu/main/1.0.0/openapi.json	eb9d12a2684b0fbcb5aecf51e8ae54dba0929743	dc182568a391cfbc855b6c303bb55bae293791b6fda20585bcddf27c0e2e3987	14	pass	pass	pass	byte-identical to CORPUS row 157, sha256 dc182568a391cfbc855b6c303bb55bae293791b6fda20585bcddf27c0e2e3987	witness-search-jentic/records.tsv:655
jentic	ref-pointer-undeclared-component-head	https://raw.githubusercontent.com/jentic/jentic-public-apis/eb9d12a2684b0fbcb5aecf51e8ae54dba0929743/apis/openapi/gohighlevel.com/main/1.0/meta/import/input-bundle.json	eb9d12a2684b0fbcb5aecf51e8ae54dba0929743	0ceb97b9e17da20785d632bbed82b777e15ad0b0cfb0d8259683d7128eae532a	52	pass	pass	failed: concrete diagnostic below	rejected	witness-search-jentic/records.tsv:656
jentic	ref-pointer-undeclared-component-head	https://raw.githubusercontent.com/jentic/jentic-public-apis/eb9d12a2684b0fbcb5aecf51e8ae54dba0929743/apis/openapi/gohighlevel.com/main/1.0/meta/import/input-entry.json	eb9d12a2684b0fbcb5aecf51e8ae54dba0929743	26d2f95a696789c5e96f698def2a8e58e4574dc6f9e0aabc0160a9c528d2ec2f	52	pass	pass	failed: concrete diagnostic below	rejected	witness-search-jentic/records.tsv:657
jentic	ref-pointer-undeclared-component-head	https://raw.githubusercontent.com/jentic/jentic-public-apis/eb9d12a2684b0fbcb5aecf51e8ae54dba0929743/apis/openapi/gohighlevel.com/main/1.0/meta/import/output-bundle.json	eb9d12a2684b0fbcb5aecf51e8ae54dba0929743	0ceb97b9e17da20785d632bbed82b777e15ad0b0cfb0d8259683d7128eae532a	52	pass	pass	failed: concrete diagnostic below	rejected	witness-search-jentic/records.tsv:658
jentic	ref-pointer-undeclared-component-head	https://raw.githubusercontent.com/jentic/jentic-public-apis/eb9d12a2684b0fbcb5aecf51e8ae54dba0929743/apis/openapi/gohighlevel.com/main/1.0/meta/import/output-entry.json	eb9d12a2684b0fbcb5aecf51e8ae54dba0929743	26d2f95a696789c5e96f698def2a8e58e4574dc6f9e0aabc0160a9c528d2ec2f	52	pass	pass	failed: concrete diagnostic below	rejected	witness-search-jentic/records.tsv:659
jentic	ref-pointer-undeclared-component-head	https://raw.githubusercontent.com/jentic/jentic-public-apis/eb9d12a2684b0fbcb5aecf51e8ae54dba0929743/apis/openapi/gohighlevel.com/main/1.0/openapi.json	eb9d12a2684b0fbcb5aecf51e8ae54dba0929743	0ceb97b9e17da20785d632bbed82b777e15ad0b0cfb0d8259683d7128eae532a	52	pass	pass	failed: concrete diagnostic below	rejected	witness-search-jentic/records.tsv:660
jentic	ref-pointer-undeclared-component-head	https://raw.githubusercontent.com/jentic/jentic-public-apis/eb9d12a2684b0fbcb5aecf51e8ae54dba0929743/apis/openapi/grocy.info/main/xxx/meta/import/input-bundle.json	eb9d12a2684b0fbcb5aecf51e8ae54dba0929743	d047484ce3c76ec5d8dcf2522a2095c10e12ba342dc4470f302cde5f5933bb27	14	failed: aggregation grant admitted; publisher grant unproven (document licence: grocy.info); jentic redistribution: CC0-1.0	not-run: licence screen failed	not-run: licence screen failed	rejected	witness-search-jentic/records.tsv:661
jentic	ref-pointer-undeclared-component-head	https://raw.githubusercontent.com/jentic/jentic-public-apis/eb9d12a2684b0fbcb5aecf51e8ae54dba0929743/apis/openapi/grocy.info/main/xxx/meta/import/input-entry.json	eb9d12a2684b0fbcb5aecf51e8ae54dba0929743	d047484ce3c76ec5d8dcf2522a2095c10e12ba342dc4470f302cde5f5933bb27	14	failed: aggregation grant admitted; publisher grant unproven (document licence: grocy.info); jentic redistribution: CC0-1.0	not-run: licence screen failed	not-run: licence screen failed	rejected	witness-search-jentic/records.tsv:662
jentic	ref-pointer-undeclared-component-head	https://raw.githubusercontent.com/jentic/jentic-public-apis/eb9d12a2684b0fbcb5aecf51e8ae54dba0929743/apis/openapi/grocy.info/main/xxx/meta/import/output-bundle.json	eb9d12a2684b0fbcb5aecf51e8ae54dba0929743	d047484ce3c76ec5d8dcf2522a2095c10e12ba342dc4470f302cde5f5933bb27	14	failed: aggregation grant admitted; publisher grant unproven (document licence: grocy.info); jentic redistribution: CC0-1.0	not-run: licence screen failed	not-run: licence screen failed	rejected	witness-search-jentic/records.tsv:663
jentic	ref-pointer-undeclared-component-head	https://raw.githubusercontent.com/jentic/jentic-public-apis/eb9d12a2684b0fbcb5aecf51e8ae54dba0929743/apis/openapi/grocy.info/main/xxx/meta/import/output-entry.json	eb9d12a2684b0fbcb5aecf51e8ae54dba0929743	d047484ce3c76ec5d8dcf2522a2095c10e12ba342dc4470f302cde5f5933bb27	14	failed: aggregation grant admitted; publisher grant unproven (document licence: grocy.info); jentic redistribution: CC0-1.0	not-run: licence screen failed	not-run: licence screen failed	rejected	witness-search-jentic/records.tsv:664
jentic	ref-pointer-undeclared-component-head	https://raw.githubusercontent.com/jentic/jentic-public-apis/eb9d12a2684b0fbcb5aecf51e8ae54dba0929743/apis/openapi/grocy.info/main/xxx/openapi.json	eb9d12a2684b0fbcb5aecf51e8ae54dba0929743	d047484ce3c76ec5d8dcf2522a2095c10e12ba342dc4470f302cde5f5933bb27	14	failed: aggregation grant admitted; publisher grant unproven (document licence: grocy.info); jentic redistribution: CC0-1.0	not-run: licence screen failed	not-run: licence screen failed	rejected	witness-search-jentic/records.tsv:665
jentic	ref-pointer-undeclared-component-head	https://raw.githubusercontent.com/jentic/jentic-public-apis/eb9d12a2684b0fbcb5aecf51e8ae54dba0929743/apis/openapi/groove.cm/main/1.0.0/meta/import/input-bundle.json	eb9d12a2684b0fbcb5aecf51e8ae54dba0929743	fd4388f4b73a0fea16664afb006506a3f5423b1ad390d462522fcce19d5cfb38	18	failed: aggregation grant admitted; publisher grant unproven (document licence: none); jentic redistribution: CC0-1.0	not-run: licence screen failed	not-run: licence screen failed	rejected	witness-search-jentic/records.tsv:666
jentic	ref-pointer-undeclared-component-head	https://raw.githubusercontent.com/jentic/jentic-public-apis/eb9d12a2684b0fbcb5aecf51e8ae54dba0929743/apis/openapi/groove.cm/main/1.0.0/meta/import/input-entry.json	eb9d12a2684b0fbcb5aecf51e8ae54dba0929743	fd4388f4b73a0fea16664afb006506a3f5423b1ad390d462522fcce19d5cfb38	18	failed: aggregation grant admitted; publisher grant unproven (document licence: none); jentic redistribution: CC0-1.0	not-run: licence screen failed	not-run: licence screen failed	rejected	witness-search-jentic/records.tsv:667
jentic	ref-pointer-undeclared-component-head	https://raw.githubusercontent.com/jentic/jentic-public-apis/eb9d12a2684b0fbcb5aecf51e8ae54dba0929743/apis/openapi/groove.cm/main/1.0.0/meta/import/output-bundle.json	eb9d12a2684b0fbcb5aecf51e8ae54dba0929743	fd4388f4b73a0fea16664afb006506a3f5423b1ad390d462522fcce19d5cfb38	18	failed: aggregation grant admitted; publisher grant unproven (document licence: none); jentic redistribution: CC0-1.0	not-run: licence screen failed	not-run: licence screen failed	rejected	witness-search-jentic/records.tsv:668
jentic	ref-pointer-undeclared-component-head	https://raw.githubusercontent.com/jentic/jentic-public-apis/eb9d12a2684b0fbcb5aecf51e8ae54dba0929743/apis/openapi/groove.cm/main/1.0.0/meta/import/output-entry.json	eb9d12a2684b0fbcb5aecf51e8ae54dba0929743	fd4388f4b73a0fea16664afb006506a3f5423b1ad390d462522fcce19d5cfb38	18	failed: aggregation grant admitted; publisher grant unproven (document licence: none); jentic redistribution: CC0-1.0	not-run: licence screen failed	not-run: licence screen failed	rejected	witness-search-jentic/records.tsv:669
jentic	ref-pointer-undeclared-component-head	https://raw.githubusercontent.com/jentic/jentic-public-apis/eb9d12a2684b0fbcb5aecf51e8ae54dba0929743/apis/openapi/groove.cm/main/1.0.0/openapi.json	eb9d12a2684b0fbcb5aecf51e8ae54dba0929743	fd4388f4b73a0fea16664afb006506a3f5423b1ad390d462522fcce19d5cfb38	18	failed: aggregation grant admitted; publisher grant unproven (document licence: none); jentic redistribution: CC0-1.0	not-run: licence screen failed	not-run: licence screen failed	rejected	witness-search-jentic/records.tsv:670
jentic	ref-pointer-undeclared-component-head	https://raw.githubusercontent.com/jentic/jentic-public-apis/eb9d12a2684b0fbcb5aecf51e8ae54dba0929743/apis/openapi/heidihealth.com/main/0.1.0/meta/import/input-bundle.json	eb9d12a2684b0fbcb5aecf51e8ae54dba0929743	aa5f77e291913571b3c9260522182d1e7b4364b1ae6c1488b48a8248096fb59a	10	failed: aggregation grant admitted; publisher grant unproven (document licence: none); jentic redistribution: CC0-1.0	not-run: licence screen failed	not-run: licence screen failed	rejected	witness-search-jentic/records.tsv:671
jentic	ref-pointer-undeclared-component-head	https://raw.githubusercontent.com/jentic/jentic-public-apis/eb9d12a2684b0fbcb5aecf51e8ae54dba0929743/apis/openapi/heidihealth.com/main/0.1.0/meta/import/input-entry.json	eb9d12a2684b0fbcb5aecf51e8ae54dba0929743	aa5f77e291913571b3c9260522182d1e7b4364b1ae6c1488b48a8248096fb59a	10	failed: aggregation grant admitted; publisher grant unproven (document licence: none); jentic redistribution: CC0-1.0	not-run: licence screen failed	not-run: licence screen failed	rejected	witness-search-jentic/records.tsv:672
jentic	ref-pointer-undeclared-component-head	https://raw.githubusercontent.com/jentic/jentic-public-apis/eb9d12a2684b0fbcb5aecf51e8ae54dba0929743/apis/openapi/heidihealth.com/main/0.1.0/meta/import/output-bundle.json	eb9d12a2684b0fbcb5aecf51e8ae54dba0929743	aa5f77e291913571b3c9260522182d1e7b4364b1ae6c1488b48a8248096fb59a	10	failed: aggregation grant admitted; publisher grant unproven (document licence: none); jentic redistribution: CC0-1.0	not-run: licence screen failed	not-run: licence screen failed	rejected	witness-search-jentic/records.tsv:673
jentic	ref-pointer-undeclared-component-head	https://raw.githubusercontent.com/jentic/jentic-public-apis/eb9d12a2684b0fbcb5aecf51e8ae54dba0929743/apis/openapi/heidihealth.com/main/0.1.0/meta/import/output-entry.json	eb9d12a2684b0fbcb5aecf51e8ae54dba0929743	aa5f77e291913571b3c9260522182d1e7b4364b1ae6c1488b48a8248096fb59a	10	failed: aggregation grant admitted; publisher grant unproven (document licence: none); jentic redistribution: CC0-1.0	not-run: licence screen failed	not-run: licence screen failed	rejected	witness-search-jentic/records.tsv:674
jentic	ref-pointer-undeclared-component-head	https://raw.githubusercontent.com/jentic/jentic-public-apis/eb9d12a2684b0fbcb5aecf51e8ae54dba0929743/apis/openapi/heidihealth.com/main/0.1.0/openapi.json	eb9d12a2684b0fbcb5aecf51e8ae54dba0929743	aa5f77e291913571b3c9260522182d1e7b4364b1ae6c1488b48a8248096fb59a	10	failed: aggregation grant admitted; publisher grant unproven (document licence: none); jentic redistribution: CC0-1.0	not-run: licence screen failed	not-run: licence screen failed	rejected	witness-search-jentic/records.tsv:675
jentic	ref-pointer-undeclared-component-head	https://raw.githubusercontent.com/jentic/jentic-public-apis/eb9d12a2684b0fbcb5aecf51e8ae54dba0929743/apis/openapi/matrix.org/main/1.13.0/meta/import/input-bundle.json	eb9d12a2684b0fbcb5aecf51e8ae54dba0929743	2c5d6395126219643f7ce5bc861fd94a9a6ad06b0db919362eb2ec1aa0adcbd7	158	pass	pass	failed: concrete diagnostic below	rejected	witness-search-jentic/records.tsv:676
jentic	ref-pointer-undeclared-component-head	https://raw.githubusercontent.com/jentic/jentic-public-apis/eb9d12a2684b0fbcb5aecf51e8ae54dba0929743/apis/openapi/matrix.org/main/1.13.0/meta/import/input-entry.json	eb9d12a2684b0fbcb5aecf51e8ae54dba0929743	89b338af53fb8834e24481ff70fc1fed7998737767b49854af08ef2e4cebe444	158	pass	pass	failed: concrete diagnostic below	rejected	witness-search-jentic/records.tsv:677
jentic	ref-pointer-undeclared-component-head	https://raw.githubusercontent.com/jentic/jentic-public-apis/eb9d12a2684b0fbcb5aecf51e8ae54dba0929743/apis/openapi/matrix.org/main/1.13.0/meta/import/output-bundle.json	eb9d12a2684b0fbcb5aecf51e8ae54dba0929743	2c5d6395126219643f7ce5bc861fd94a9a6ad06b0db919362eb2ec1aa0adcbd7	158	pass	pass	failed: concrete diagnostic below	rejected	witness-search-jentic/records.tsv:678
jentic	ref-pointer-undeclared-component-head	https://raw.githubusercontent.com/jentic/jentic-public-apis/eb9d12a2684b0fbcb5aecf51e8ae54dba0929743/apis/openapi/matrix.org/main/1.13.0/meta/import/output-entry.json	eb9d12a2684b0fbcb5aecf51e8ae54dba0929743	89b338af53fb8834e24481ff70fc1fed7998737767b49854af08ef2e4cebe444	158	pass	pass	failed: concrete diagnostic below	rejected	witness-search-jentic/records.tsv:679
jentic	ref-pointer-undeclared-component-head	https://raw.githubusercontent.com/jentic/jentic-public-apis/eb9d12a2684b0fbcb5aecf51e8ae54dba0929743/apis/openapi/matrix.org/main/1.13.0/openapi.json	eb9d12a2684b0fbcb5aecf51e8ae54dba0929743	2c5d6395126219643f7ce5bc861fd94a9a6ad06b0db919362eb2ec1aa0adcbd7	158	pass	pass	failed: concrete diagnostic below	rejected	witness-search-jentic/records.tsv:680
jentic	ref-pointer-undeclared-component-head	https://raw.githubusercontent.com/jentic/jentic-public-apis/eb9d12a2684b0fbcb5aecf51e8ae54dba0929743/apis/openapi/nextgen.com/main/1.0/meta/import/input-bundle.json	eb9d12a2684b0fbcb5aecf51e8ae54dba0929743	b18413c15d24a745b4b83060ea2b7c006829c15decd2cf6d7d72aece5c7da8aa	118	failed: aggregation grant admitted; publisher grant unproven (document licence: none); jentic redistribution: CC0-1.0	not-run: licence screen failed	not-run: licence screen failed	rejected	witness-search-jentic/records.tsv:681
jentic	ref-pointer-undeclared-component-head	https://raw.githubusercontent.com/jentic/jentic-public-apis/eb9d12a2684b0fbcb5aecf51e8ae54dba0929743/apis/openapi/nextgen.com/main/1.0/meta/import/input-entry.json	eb9d12a2684b0fbcb5aecf51e8ae54dba0929743	6d70ff55c8c1914106b4d824f757fee006d02fcbb5b9884d70d26359cd1c60b1	118	pass	pass	pass	not-owed	witness-search-jentic/records.tsv:682
jentic	ref-pointer-undeclared-component-head	https://raw.githubusercontent.com/jentic/jentic-public-apis/eb9d12a2684b0fbcb5aecf51e8ae54dba0929743/apis/openapi/nextgen.com/main/1.0/meta/import/output-bundle.json	eb9d12a2684b0fbcb5aecf51e8ae54dba0929743	b18413c15d24a745b4b83060ea2b7c006829c15decd2cf6d7d72aece5c7da8aa	118	failed: aggregation grant admitted; publisher grant unproven (document licence: none); jentic redistribution: CC0-1.0	not-run: licence screen failed	not-run: licence screen failed	rejected	witness-search-jentic/records.tsv:683
jentic	ref-pointer-undeclared-component-head	https://raw.githubusercontent.com/jentic/jentic-public-apis/eb9d12a2684b0fbcb5aecf51e8ae54dba0929743/apis/openapi/nextgen.com/main/1.0/meta/import/output-entry.json	eb9d12a2684b0fbcb5aecf51e8ae54dba0929743	6d70ff55c8c1914106b4d824f757fee006d02fcbb5b9884d70d26359cd1c60b1	118	pass	pass	pass	byte-identical to CORPUS row 152, sha256 6d70ff55c8c1914106b4d824f757fee006d02fcbb5b9884d70d26359cd1c60b1	witness-search-jentic/records.tsv:684
jentic	ref-pointer-undeclared-component-head	https://raw.githubusercontent.com/jentic/jentic-public-apis/eb9d12a2684b0fbcb5aecf51e8ae54dba0929743/apis/openapi/nextgen.com/main/1.0/openapi.json	eb9d12a2684b0fbcb5aecf51e8ae54dba0929743	b18413c15d24a745b4b83060ea2b7c006829c15decd2cf6d7d72aece5c7da8aa	118	failed: aggregation grant admitted; publisher grant unproven (document licence: none); jentic redistribution: CC0-1.0	not-run: licence screen failed	not-run: licence screen failed	rejected	witness-search-jentic/records.tsv:685
jentic	ref-pointer-undeclared-component-head	https://raw.githubusercontent.com/jentic/jentic-public-apis/eb9d12a2684b0fbcb5aecf51e8ae54dba0929743/apis/openapi/nocodb.com/main/1.0/meta/import/input-bundle.json	eb9d12a2684b0fbcb5aecf51e8ae54dba0929743	7f9b7717fabf96389c37666a1840064f90c7c1c35c77fe7be43c191fda5187dc	2	failed: aggregation grant admitted; publisher grant unproven (document licence: none); jentic redistribution: CC0-1.0	not-run: licence screen failed	not-run: licence screen failed	rejected	witness-search-jentic/records.tsv:686
jentic	ref-pointer-undeclared-component-head	https://raw.githubusercontent.com/jentic/jentic-public-apis/eb9d12a2684b0fbcb5aecf51e8ae54dba0929743/apis/openapi/nocodb.com/main/1.0/meta/import/input-entry.json	eb9d12a2684b0fbcb5aecf51e8ae54dba0929743	b5b05b0b9c8aabf601d50dc6fb3965536289901c648043fb5ff6dbaec3254e3b	2	failed: aggregation grant admitted; publisher grant unproven (document licence: none); jentic redistribution: CC0-1.0	not-run: licence screen failed	not-run: licence screen failed	rejected	witness-search-jentic/records.tsv:687
jentic	ref-pointer-undeclared-component-head	https://raw.githubusercontent.com/jentic/jentic-public-apis/eb9d12a2684b0fbcb5aecf51e8ae54dba0929743/apis/openapi/nocodb.com/main/1.0/meta/import/output-bundle.json	eb9d12a2684b0fbcb5aecf51e8ae54dba0929743	7f9b7717fabf96389c37666a1840064f90c7c1c35c77fe7be43c191fda5187dc	2	failed: aggregation grant admitted; publisher grant unproven (document licence: none); jentic redistribution: CC0-1.0	not-run: licence screen failed	not-run: licence screen failed	rejected	witness-search-jentic/records.tsv:688
jentic	ref-pointer-undeclared-component-head	https://raw.githubusercontent.com/jentic/jentic-public-apis/eb9d12a2684b0fbcb5aecf51e8ae54dba0929743/apis/openapi/nocodb.com/main/1.0/meta/import/output-entry.json	eb9d12a2684b0fbcb5aecf51e8ae54dba0929743	b5b05b0b9c8aabf601d50dc6fb3965536289901c648043fb5ff6dbaec3254e3b	2	failed: aggregation grant admitted; publisher grant unproven (document licence: none); jentic redistribution: CC0-1.0	not-run: licence screen failed	not-run: licence screen failed	rejected	witness-search-jentic/records.tsv:689
jentic	ref-pointer-undeclared-component-head	https://raw.githubusercontent.com/jentic/jentic-public-apis/eb9d12a2684b0fbcb5aecf51e8ae54dba0929743/apis/openapi/nocodb.com/main/1.0/openapi.json	eb9d12a2684b0fbcb5aecf51e8ae54dba0929743	7f9b7717fabf96389c37666a1840064f90c7c1c35c77fe7be43c191fda5187dc	2	failed: aggregation grant admitted; publisher grant unproven (document licence: none); jentic redistribution: CC0-1.0	not-run: licence screen failed	not-run: licence screen failed	rejected	witness-search-jentic/records.tsv:690
jentic	ref-pointer-undeclared-component-head	https://raw.githubusercontent.com/jentic/jentic-public-apis/eb9d12a2684b0fbcb5aecf51e8ae54dba0929743/apis/openapi/outreach.io/main/2.0/meta/import/input-bundle.json	eb9d12a2684b0fbcb5aecf51e8ae54dba0929743	74af2d2b3ea54d662cbe41d66956f7af7b69952986402f528a7fb4bbf6d43a5a	2	pass	pass	pass	byte-identical to CORPUS row 158, sha256 74af2d2b3ea54d662cbe41d66956f7af7b69952986402f528a7fb4bbf6d43a5a	witness-search-jentic/records.tsv:691
jentic	ref-pointer-undeclared-component-head	https://raw.githubusercontent.com/jentic/jentic-public-apis/eb9d12a2684b0fbcb5aecf51e8ae54dba0929743/apis/openapi/outreach.io/main/2.0/meta/import/input-entry.json	eb9d12a2684b0fbcb5aecf51e8ae54dba0929743	74af2d2b3ea54d662cbe41d66956f7af7b69952986402f528a7fb4bbf6d43a5a	2	pass	pass	pass	byte-identical to CORPUS row 158, sha256 74af2d2b3ea54d662cbe41d66956f7af7b69952986402f528a7fb4bbf6d43a5a	witness-search-jentic/records.tsv:692
jentic	ref-pointer-undeclared-component-head	https://raw.githubusercontent.com/jentic/jentic-public-apis/eb9d12a2684b0fbcb5aecf51e8ae54dba0929743/apis/openapi/outreach.io/main/2.0/meta/import/output-bundle.json	eb9d12a2684b0fbcb5aecf51e8ae54dba0929743	74af2d2b3ea54d662cbe41d66956f7af7b69952986402f528a7fb4bbf6d43a5a	2	pass	pass	pass	byte-identical to CORPUS row 158, sha256 74af2d2b3ea54d662cbe41d66956f7af7b69952986402f528a7fb4bbf6d43a5a	witness-search-jentic/records.tsv:693
jentic	ref-pointer-undeclared-component-head	https://raw.githubusercontent.com/jentic/jentic-public-apis/eb9d12a2684b0fbcb5aecf51e8ae54dba0929743/apis/openapi/outreach.io/main/2.0/meta/import/output-entry.json	eb9d12a2684b0fbcb5aecf51e8ae54dba0929743	74af2d2b3ea54d662cbe41d66956f7af7b69952986402f528a7fb4bbf6d43a5a	2	pass	pass	pass	byte-identical to CORPUS row 158, sha256 74af2d2b3ea54d662cbe41d66956f7af7b69952986402f528a7fb4bbf6d43a5a	witness-search-jentic/records.tsv:694
jentic	ref-pointer-undeclared-component-head	https://raw.githubusercontent.com/jentic/jentic-public-apis/eb9d12a2684b0fbcb5aecf51e8ae54dba0929743/apis/openapi/outreach.io/main/2.0/openapi.json	eb9d12a2684b0fbcb5aecf51e8ae54dba0929743	74af2d2b3ea54d662cbe41d66956f7af7b69952986402f528a7fb4bbf6d43a5a	2	pass	pass	pass	not-owed	witness-search-jentic/records.tsv:695
jentic	ref-pointer-undeclared-component-head	https://raw.githubusercontent.com/jentic/jentic-public-apis/eb9d12a2684b0fbcb5aecf51e8ae54dba0929743/apis/openapi/runscopeapi/main/1.0.0/meta/import/input-bundle.json	eb9d12a2684b0fbcb5aecf51e8ae54dba0929743	86e7ca1401e971e7092be030db105333196ae051e3a6a22afe454ea6064bce22	6	failed: aggregation grant admitted; publisher grant unproven (document licence: none); jentic redistribution: CC0-1.0	not-run: licence screen failed	not-run: licence screen failed	rejected	witness-search-jentic/records.tsv:696
jentic	ref-pointer-undeclared-component-head	https://raw.githubusercontent.com/jentic/jentic-public-apis/eb9d12a2684b0fbcb5aecf51e8ae54dba0929743/apis/openapi/runscopeapi/main/1.0.0/meta/import/input-entry.json	eb9d12a2684b0fbcb5aecf51e8ae54dba0929743	86e7ca1401e971e7092be030db105333196ae051e3a6a22afe454ea6064bce22	6	failed: aggregation grant admitted; publisher grant unproven (document licence: none); jentic redistribution: CC0-1.0	not-run: licence screen failed	not-run: licence screen failed	rejected	witness-search-jentic/records.tsv:697
jentic	ref-pointer-undeclared-component-head	https://raw.githubusercontent.com/jentic/jentic-public-apis/eb9d12a2684b0fbcb5aecf51e8ae54dba0929743/apis/openapi/runscopeapi/main/1.0.0/meta/import/output-bundle.json	eb9d12a2684b0fbcb5aecf51e8ae54dba0929743	86e7ca1401e971e7092be030db105333196ae051e3a6a22afe454ea6064bce22	6	failed: aggregation grant admitted; publisher grant unproven (document licence: none); jentic redistribution: CC0-1.0	not-run: licence screen failed	not-run: licence screen failed	rejected	witness-search-jentic/records.tsv:698
jentic	ref-pointer-undeclared-component-head	https://raw.githubusercontent.com/jentic/jentic-public-apis/eb9d12a2684b0fbcb5aecf51e8ae54dba0929743/apis/openapi/runscopeapi/main/1.0.0/meta/import/output-entry.json	eb9d12a2684b0fbcb5aecf51e8ae54dba0929743	86e7ca1401e971e7092be030db105333196ae051e3a6a22afe454ea6064bce22	6	failed: aggregation grant admitted; publisher grant unproven (document licence: none); jentic redistribution: CC0-1.0	not-run: licence screen failed	not-run: licence screen failed	rejected	witness-search-jentic/records.tsv:699
jentic	ref-pointer-undeclared-component-head	https://raw.githubusercontent.com/jentic/jentic-public-apis/eb9d12a2684b0fbcb5aecf51e8ae54dba0929743/apis/openapi/runscopeapi/main/1.0.0/openapi.json	eb9d12a2684b0fbcb5aecf51e8ae54dba0929743	86e7ca1401e971e7092be030db105333196ae051e3a6a22afe454ea6064bce22	6	failed: aggregation grant admitted; publisher grant unproven (document licence: none); jentic redistribution: CC0-1.0	not-run: licence screen failed	not-run: licence screen failed	rejected	witness-search-jentic/records.tsv:700
jentic	ref-pointer-undeclared-component-head	https://raw.githubusercontent.com/jentic/jentic-public-apis/eb9d12a2684b0fbcb5aecf51e8ae54dba0929743/apis/openapi/skool.com/main/1.0.0/meta/import/input-bundle.json	eb9d12a2684b0fbcb5aecf51e8ae54dba0929743	5abc140a8d9a0a9c818b02e99b10251daed3b27c107ade41b31ef19c98a2f68c	2	pass	pass	pass	byte-identical to CORPUS row 154, sha256 5abc140a8d9a0a9c818b02e99b10251daed3b27c107ade41b31ef19c98a2f68c	witness-search-jentic/records.tsv:701
jentic	ref-pointer-undeclared-component-head	https://raw.githubusercontent.com/jentic/jentic-public-apis/eb9d12a2684b0fbcb5aecf51e8ae54dba0929743/apis/openapi/skool.com/main/1.0.0/meta/import/input-entry.json	eb9d12a2684b0fbcb5aecf51e8ae54dba0929743	b21bf5d323939c7f33e3d5fe1518da61f88ab0b5c428e7ddfe5408527d5d09a5	2	pass	pass	pass	not-owed	witness-search-jentic/records.tsv:702
jentic	ref-pointer-undeclared-component-head	https://raw.githubusercontent.com/jentic/jentic-public-apis/eb9d12a2684b0fbcb5aecf51e8ae54dba0929743/apis/openapi/skool.com/main/1.0.0/meta/import/output-bundle.json	eb9d12a2684b0fbcb5aecf51e8ae54dba0929743	5abc140a8d9a0a9c818b02e99b10251daed3b27c107ade41b31ef19c98a2f68c	2	pass	pass	pass	byte-identical to CORPUS row 154, sha256 5abc140a8d9a0a9c818b02e99b10251daed3b27c107ade41b31ef19c98a2f68c	witness-search-jentic/records.tsv:703
jentic	ref-pointer-undeclared-component-head	https://raw.githubusercontent.com/jentic/jentic-public-apis/eb9d12a2684b0fbcb5aecf51e8ae54dba0929743/apis/openapi/skool.com/main/1.0.0/meta/import/output-entry.json	eb9d12a2684b0fbcb5aecf51e8ae54dba0929743	b21bf5d323939c7f33e3d5fe1518da61f88ab0b5c428e7ddfe5408527d5d09a5	2	pass	pass	pass	byte-identical to CORPUS row 161, sha256 b21bf5d323939c7f33e3d5fe1518da61f88ab0b5c428e7ddfe5408527d5d09a5	witness-search-jentic/records.tsv:704
jentic	ref-pointer-undeclared-component-head	https://raw.githubusercontent.com/jentic/jentic-public-apis/eb9d12a2684b0fbcb5aecf51e8ae54dba0929743/apis/openapi/skool.com/main/1.0.0/openapi.json	eb9d12a2684b0fbcb5aecf51e8ae54dba0929743	5abc140a8d9a0a9c818b02e99b10251daed3b27c107ade41b31ef19c98a2f68c	2	pass	pass	pass	not-owed	witness-search-jentic/records.tsv:705
jentic	ref-pointer-undeclared-component-head	https://raw.githubusercontent.com/jentic/jentic-public-apis/eb9d12a2684b0fbcb5aecf51e8ae54dba0929743/apis/openapi/spendesk.com/main/1.0.0/meta/import/input-bundle.json	eb9d12a2684b0fbcb5aecf51e8ae54dba0929743	8f3af0795d23512c2f3d5d34de3906a13aea6c7f088e55c86055da7f7438c56a	8	pass	pass	pass	byte-identical to CORPUS row 155, sha256 8f3af0795d23512c2f3d5d34de3906a13aea6c7f088e55c86055da7f7438c56a	witness-search-jentic/records.tsv:706
jentic	ref-pointer-undeclared-component-head	https://raw.githubusercontent.com/jentic/jentic-public-apis/eb9d12a2684b0fbcb5aecf51e8ae54dba0929743/apis/openapi/spendesk.com/main/1.0.0/meta/import/input-entry.json	eb9d12a2684b0fbcb5aecf51e8ae54dba0929743	8f3af0795d23512c2f3d5d34de3906a13aea6c7f088e55c86055da7f7438c56a	8	pass	pass	pass	byte-identical to CORPUS row 155, sha256 8f3af0795d23512c2f3d5d34de3906a13aea6c7f088e55c86055da7f7438c56a	witness-search-jentic/records.tsv:707
jentic	ref-pointer-undeclared-component-head	https://raw.githubusercontent.com/jentic/jentic-public-apis/eb9d12a2684b0fbcb5aecf51e8ae54dba0929743/apis/openapi/spendesk.com/main/1.0.0/meta/import/output-bundle.json	eb9d12a2684b0fbcb5aecf51e8ae54dba0929743	8f3af0795d23512c2f3d5d34de3906a13aea6c7f088e55c86055da7f7438c56a	8	pass	pass	pass	byte-identical to CORPUS row 155, sha256 8f3af0795d23512c2f3d5d34de3906a13aea6c7f088e55c86055da7f7438c56a	witness-search-jentic/records.tsv:708
jentic	ref-pointer-undeclared-component-head	https://raw.githubusercontent.com/jentic/jentic-public-apis/eb9d12a2684b0fbcb5aecf51e8ae54dba0929743/apis/openapi/spendesk.com/main/1.0.0/meta/import/output-entry.json	eb9d12a2684b0fbcb5aecf51e8ae54dba0929743	8f3af0795d23512c2f3d5d34de3906a13aea6c7f088e55c86055da7f7438c56a	8	pass	pass	pass	byte-identical to CORPUS row 155, sha256 8f3af0795d23512c2f3d5d34de3906a13aea6c7f088e55c86055da7f7438c56a	witness-search-jentic/records.tsv:709
jentic	ref-pointer-undeclared-component-head	https://raw.githubusercontent.com/jentic/jentic-public-apis/eb9d12a2684b0fbcb5aecf51e8ae54dba0929743/apis/openapi/spendesk.com/main/1.0.0/openapi.json	eb9d12a2684b0fbcb5aecf51e8ae54dba0929743	8f3af0795d23512c2f3d5d34de3906a13aea6c7f088e55c86055da7f7438c56a	8	pass	pass	pass	not-owed	witness-search-jentic/records.tsv:710
jentic	ref-pointer-undeclared-component-head	https://raw.githubusercontent.com/jentic/jentic-public-apis/eb9d12a2684b0fbcb5aecf51e8ae54dba0929743/apis/openapi/square.com/square/2.0/openapi.json	eb9d12a2684b0fbcb5aecf51e8ae54dba0929743	0ed9c82c3da1445877f2ce5f96701738ca0db1f73b3f3dcfd0d1d0dd96decb00	10	failed: aggregation grant admitted; publisher grant unproven (document licence: none); jentic redistribution: CC0-1.0	not-run: licence screen failed	not-run: licence screen failed	rejected	witness-search-jentic/records.tsv:711
jentic	ref-pointer-undeclared-component-head	https://raw.githubusercontent.com/jentic/jentic-public-apis/eb9d12a2684b0fbcb5aecf51e8ae54dba0929743/apis/openapi/tally.so/main/1.0.0/meta/import/input-bundle.json	eb9d12a2684b0fbcb5aecf51e8ae54dba0929743	81ea46619cbb9955bfd47d2f627d08139d75b5b7aacc6a6c181b1045f2daae1c	8	pass	pass	pass	byte-identical to CORPUS row 159, sha256 81ea46619cbb9955bfd47d2f627d08139d75b5b7aacc6a6c181b1045f2daae1c	witness-search-jentic/records.tsv:712
jentic	ref-pointer-undeclared-component-head	https://raw.githubusercontent.com/jentic/jentic-public-apis/eb9d12a2684b0fbcb5aecf51e8ae54dba0929743/apis/openapi/tally.so/main/1.0.0/meta/import/input-entry.json	eb9d12a2684b0fbcb5aecf51e8ae54dba0929743	81ea46619cbb9955bfd47d2f627d08139d75b5b7aacc6a6c181b1045f2daae1c	8	pass	pass	pass	byte-identical to CORPUS row 159, sha256 81ea46619cbb9955bfd47d2f627d08139d75b5b7aacc6a6c181b1045f2daae1c	witness-search-jentic/records.tsv:713
jentic	ref-pointer-undeclared-component-head	https://raw.githubusercontent.com/jentic/jentic-public-apis/eb9d12a2684b0fbcb5aecf51e8ae54dba0929743/apis/openapi/tally.so/main/1.0.0/meta/import/output-bundle.json	eb9d12a2684b0fbcb5aecf51e8ae54dba0929743	81ea46619cbb9955bfd47d2f627d08139d75b5b7aacc6a6c181b1045f2daae1c	8	pass	pass	pass	byte-identical to CORPUS row 159, sha256 81ea46619cbb9955bfd47d2f627d08139d75b5b7aacc6a6c181b1045f2daae1c	witness-search-jentic/records.tsv:714
jentic	ref-pointer-undeclared-component-head	https://raw.githubusercontent.com/jentic/jentic-public-apis/eb9d12a2684b0fbcb5aecf51e8ae54dba0929743/apis/openapi/tally.so/main/1.0.0/meta/import/output-entry.json	eb9d12a2684b0fbcb5aecf51e8ae54dba0929743	81ea46619cbb9955bfd47d2f627d08139d75b5b7aacc6a6c181b1045f2daae1c	8	pass	pass	pass	byte-identical to CORPUS row 159, sha256 81ea46619cbb9955bfd47d2f627d08139d75b5b7aacc6a6c181b1045f2daae1c	witness-search-jentic/records.tsv:715
jentic	ref-pointer-undeclared-component-head	https://raw.githubusercontent.com/jentic/jentic-public-apis/eb9d12a2684b0fbcb5aecf51e8ae54dba0929743/apis/openapi/tally.so/main/1.0.0/openapi.json	eb9d12a2684b0fbcb5aecf51e8ae54dba0929743	81ea46619cbb9955bfd47d2f627d08139d75b5b7aacc6a6c181b1045f2daae1c	8	pass	pass	pass	not-owed	witness-search-jentic/records.tsv:716
jentic	ref-pointer-undeclared-component-head	https://raw.githubusercontent.com/jentic/jentic-public-apis/eb9d12a2684b0fbcb5aecf51e8ae54dba0929743/apis/openapi/terminal49.com/main/0.2.0/meta/import/input-bundle.json	eb9d12a2684b0fbcb5aecf51e8ae54dba0929743	6c3a4ef325de352c6991c65c00f4b38c62d4029fc467b907fa430e33f7276583	12	pass	pass	failed: concrete diagnostic below	rejected	witness-search-jentic/records.tsv:717
jentic	ref-pointer-undeclared-component-head	https://raw.githubusercontent.com/jentic/jentic-public-apis/eb9d12a2684b0fbcb5aecf51e8ae54dba0929743/apis/openapi/terminal49.com/main/0.2.0/meta/import/input-entry.json	eb9d12a2684b0fbcb5aecf51e8ae54dba0929743	6c3a4ef325de352c6991c65c00f4b38c62d4029fc467b907fa430e33f7276583	12	pass	pass	failed: concrete diagnostic below	rejected	witness-search-jentic/records.tsv:718
jentic	ref-pointer-undeclared-component-head	https://raw.githubusercontent.com/jentic/jentic-public-apis/eb9d12a2684b0fbcb5aecf51e8ae54dba0929743/apis/openapi/terminal49.com/main/0.2.0/meta/import/output-bundle.json	eb9d12a2684b0fbcb5aecf51e8ae54dba0929743	6c3a4ef325de352c6991c65c00f4b38c62d4029fc467b907fa430e33f7276583	12	pass	pass	failed: concrete diagnostic below	rejected	witness-search-jentic/records.tsv:719
jentic	ref-pointer-undeclared-component-head	https://raw.githubusercontent.com/jentic/jentic-public-apis/eb9d12a2684b0fbcb5aecf51e8ae54dba0929743/apis/openapi/terminal49.com/main/0.2.0/meta/import/output-entry.json	eb9d12a2684b0fbcb5aecf51e8ae54dba0929743	6c3a4ef325de352c6991c65c00f4b38c62d4029fc467b907fa430e33f7276583	12	pass	pass	failed: concrete diagnostic below	rejected	witness-search-jentic/records.tsv:720
jentic	ref-pointer-undeclared-component-head	https://raw.githubusercontent.com/jentic/jentic-public-apis/eb9d12a2684b0fbcb5aecf51e8ae54dba0929743/apis/openapi/terminal49.com/main/0.2.0/openapi.json	eb9d12a2684b0fbcb5aecf51e8ae54dba0929743	6c3a4ef325de352c6991c65c00f4b38c62d4029fc467b907fa430e33f7276583	12	pass	pass	failed: concrete diagnostic below	rejected	witness-search-jentic/records.tsv:721
jentic	ref-pointer-undeclared-component-head	https://raw.githubusercontent.com/jentic/jentic-public-apis/eb9d12a2684b0fbcb5aecf51e8ae54dba0929743/apis/openapi/thrivecart.com/main/1.0.0/meta/import/input-bundle.json	eb9d12a2684b0fbcb5aecf51e8ae54dba0929743	d1d829e9d9f33b705a0b5ac5d394850b4149cde68c89eba63d1633773b266b3d	64	pass	pass	pass	byte-identical to CORPUS row 147, sha256 d1d829e9d9f33b705a0b5ac5d394850b4149cde68c89eba63d1633773b266b3d	witness-search-jentic/records.tsv:722
jentic	ref-pointer-undeclared-component-head	https://raw.githubusercontent.com/jentic/jentic-public-apis/eb9d12a2684b0fbcb5aecf51e8ae54dba0929743/apis/openapi/thrivecart.com/main/1.0.0/meta/import/input-entry.json	eb9d12a2684b0fbcb5aecf51e8ae54dba0929743	d1d829e9d9f33b705a0b5ac5d394850b4149cde68c89eba63d1633773b266b3d	64	pass	pass	pass	byte-identical to CORPUS row 147, sha256 d1d829e9d9f33b705a0b5ac5d394850b4149cde68c89eba63d1633773b266b3d	witness-search-jentic/records.tsv:723
jentic	ref-pointer-undeclared-component-head	https://raw.githubusercontent.com/jentic/jentic-public-apis/eb9d12a2684b0fbcb5aecf51e8ae54dba0929743/apis/openapi/thrivecart.com/main/1.0.0/meta/import/output-bundle.json	eb9d12a2684b0fbcb5aecf51e8ae54dba0929743	d1d829e9d9f33b705a0b5ac5d394850b4149cde68c89eba63d1633773b266b3d	64	pass	pass	pass	byte-identical to CORPUS row 147, sha256 d1d829e9d9f33b705a0b5ac5d394850b4149cde68c89eba63d1633773b266b3d	witness-search-jentic/records.tsv:724
jentic	ref-pointer-undeclared-component-head	https://raw.githubusercontent.com/jentic/jentic-public-apis/eb9d12a2684b0fbcb5aecf51e8ae54dba0929743/apis/openapi/thrivecart.com/main/1.0.0/meta/import/output-entry.json	eb9d12a2684b0fbcb5aecf51e8ae54dba0929743	d1d829e9d9f33b705a0b5ac5d394850b4149cde68c89eba63d1633773b266b3d	64	pass	pass	pass	byte-identical to CORPUS row 147, sha256 d1d829e9d9f33b705a0b5ac5d394850b4149cde68c89eba63d1633773b266b3d	witness-search-jentic/records.tsv:725
jentic	ref-pointer-undeclared-component-head	https://raw.githubusercontent.com/jentic/jentic-public-apis/eb9d12a2684b0fbcb5aecf51e8ae54dba0929743/apis/openapi/thrivecart.com/main/1.0.0/openapi.json	eb9d12a2684b0fbcb5aecf51e8ae54dba0929743	d1d829e9d9f33b705a0b5ac5d394850b4149cde68c89eba63d1633773b266b3d	64	pass	pass	pass	not-owed	witness-search-jentic/records.tsv:726
jentic	ref-pointer-undeclared-component-head	https://raw.githubusercontent.com/jentic/jentic-public-apis/eb9d12a2684b0fbcb5aecf51e8ae54dba0929743/apis/openapi/wayfront.com/main/latest/meta/import/input-bundle.json	eb9d12a2684b0fbcb5aecf51e8ae54dba0929743	cbdf593e18ff0f4ab86f638a4677f027d68b5b47ae8bfc6b9c08f1a180001042	4	pass	pass	failed: concrete diagnostic below	rejected	witness-search-jentic/records.tsv:727
jentic	ref-pointer-undeclared-component-head	https://raw.githubusercontent.com/jentic/jentic-public-apis/eb9d12a2684b0fbcb5aecf51e8ae54dba0929743/apis/openapi/wayfront.com/main/latest/meta/import/input-entry.json	eb9d12a2684b0fbcb5aecf51e8ae54dba0929743	5ebcfe9bab391ba0c433979c843bfbb8affd3dabb4851c419cec3f329435e8c3	4	pass	pass	failed: concrete diagnostic below	rejected	witness-search-jentic/records.tsv:728
jentic	ref-pointer-undeclared-component-head	https://raw.githubusercontent.com/jentic/jentic-public-apis/eb9d12a2684b0fbcb5aecf51e8ae54dba0929743/apis/openapi/wayfront.com/main/latest/meta/import/output-bundle.json	eb9d12a2684b0fbcb5aecf51e8ae54dba0929743	cbdf593e18ff0f4ab86f638a4677f027d68b5b47ae8bfc6b9c08f1a180001042	4	pass	pass	failed: concrete diagnostic below	rejected	witness-search-jentic/records.tsv:729
jentic	ref-pointer-undeclared-component-head	https://raw.githubusercontent.com/jentic/jentic-public-apis/eb9d12a2684b0fbcb5aecf51e8ae54dba0929743/apis/openapi/wayfront.com/main/latest/meta/import/output-entry.json	eb9d12a2684b0fbcb5aecf51e8ae54dba0929743	5ebcfe9bab391ba0c433979c843bfbb8affd3dabb4851c419cec3f329435e8c3	4	pass	pass	failed: concrete diagnostic below	rejected	witness-search-jentic/records.tsv:730
jentic	ref-pointer-undeclared-component-head	https://raw.githubusercontent.com/jentic/jentic-public-apis/eb9d12a2684b0fbcb5aecf51e8ae54dba0929743/apis/openapi/wayfront.com/main/latest/openapi.json	eb9d12a2684b0fbcb5aecf51e8ae54dba0929743	cbdf593e18ff0f4ab86f638a4677f027d68b5b47ae8bfc6b9c08f1a180001042	4	pass	pass	failed: concrete diagnostic below	rejected	witness-search-jentic/records.tsv:731
apis.guru	ref-pointer-unnamed-segment	https://api.apis.guru/v2/specs/codat.io/accounting/2.1.0/openapi.yaml	no-immutable-ref: served catalogue version URL is mutable; pinned YAML fallback recorded separately	15751f97e6e3fbaf48e880fe0425686daa7adb299adf8f0897641a38b2008b80	356	failed: no document grant and no publisher grant evidenced (document licence: none)	not-run: licence screen failed	not-run: licence screen failed	rejected	witness-search-apis.guru/records.tsv:32
apis.guru	ref-pointer-unnamed-segment	https://api.apis.guru/v2/specs/codat.io/assess/1.0/openapi.yaml	no-immutable-ref: served catalogue version URL is mutable; pinned YAML fallback recorded separately	86e433fe19b8cd4dc27f547c53cfa06377d8c7bee1b0ed38418fb8d983ba92e4	90	failed: no document grant and no publisher grant evidenced (document licence: none)	not-run: licence screen failed	not-run: licence screen failed	rejected	witness-search-apis.guru/records.tsv:33
apis.guru	ref-pointer-unnamed-segment	https://api.apis.guru/v2/specs/codat.io/bank-feeds/2.1.0/openapi.yaml	no-immutable-ref: served catalogue version URL is mutable; pinned YAML fallback recorded separately	276911e771aaba2a137ebe3b323afca84cdd855175929236cfd3de910f579e42	40	failed: no document grant and no publisher grant evidenced (document licence: none)	not-run: licence screen failed	not-run: licence screen failed	rejected	witness-search-apis.guru/records.tsv:34
apis.guru	ref-pointer-unnamed-segment	https://api.apis.guru/v2/specs/codat.io/banking/2.1.0/openapi.yaml	no-immutable-ref: served catalogue version URL is mutable; pinned YAML fallback recorded separately	ca9eeffc3d9e0d83a956be4e557837296de6695f00b3a09bf2eaa46bdbd4fbfd	16	failed: no document grant and no publisher grant evidenced (document licence: none)	not-run: licence screen failed	not-run: licence screen failed	rejected	witness-search-apis.guru/records.tsv:35
apis.guru	ref-pointer-unnamed-segment	https://api.apis.guru/v2/specs/codat.io/commerce/2.1.0/openapi.yaml	no-immutable-ref: served catalogue version URL is mutable; pinned YAML fallback recorded separately	ffe0c71205dec68c801399259a33cf809efa396defe320f8d472aebb0e384fac	62	failed: no document grant and no publisher grant evidenced (document licence: none)	not-run: licence screen failed	not-run: licence screen failed	rejected	witness-search-apis.guru/records.tsv:36
apis.guru	ref-pointer-unnamed-segment	https://api.apis.guru/v2/specs/codat.io/sync-for-commerce/1.1/openapi.yaml	no-immutable-ref: served catalogue version URL is mutable; pinned YAML fallback recorded separately	d6c4e8db7b3985d09a3a0fe8ccad730e0829442fb52d14143fd326c763394ff6	12	failed: no document grant and no publisher grant evidenced (document licence: none)	not-run: licence screen failed	not-run: licence screen failed	rejected	witness-search-apis.guru/records.tsv:37
apis.guru	ref-pointer-unnamed-segment	https://api.apis.guru/v2/specs/codat.io/sync-for-expenses/prealpha/openapi.yaml	no-immutable-ref: served catalogue version URL is mutable; pinned YAML fallback recorded separately	d15ff1a38310c304a542b99bac2860fdfd5a3e857be6662d15e1f281f52a1be8	4	failed: no document grant and no publisher grant evidenced (document licence: none)	not-run: licence screen failed	not-run: licence screen failed	rejected	witness-search-apis.guru/records.tsv:38
apis.guru	ref-pointer-unnamed-segment	https://raw.githubusercontent.com/APIs-guru/openapi-directory/f04b8d0bcd39c52e1cf3ad7a5fe744709832ae49/APIs/codat.io/accounting/2.1.0/openapi.yaml	f04b8d0bcd39c52e1cf3ad7a5fe744709832ae49	15751f97e6e3fbaf48e880fe0425686daa7adb299adf8f0897641a38b2008b80	356	failed: no document grant and no publisher grant evidenced (document licence: none)	not-run: licence screen failed	not-run: licence screen failed	rejected	witness-search-apis.guru/records.tsv:39
apis.guru	ref-pointer-unnamed-segment	https://raw.githubusercontent.com/APIs-guru/openapi-directory/f04b8d0bcd39c52e1cf3ad7a5fe744709832ae49/APIs/codat.io/assess/1.0/openapi.yaml	f04b8d0bcd39c52e1cf3ad7a5fe744709832ae49	86e433fe19b8cd4dc27f547c53cfa06377d8c7bee1b0ed38418fb8d983ba92e4	90	failed: no document grant and no publisher grant evidenced (document licence: none)	not-run: licence screen failed	not-run: licence screen failed	rejected	witness-search-apis.guru/records.tsv:40
apis.guru	ref-pointer-unnamed-segment	https://raw.githubusercontent.com/APIs-guru/openapi-directory/f04b8d0bcd39c52e1cf3ad7a5fe744709832ae49/APIs/codat.io/bank-feeds/2.1.0/openapi.yaml	f04b8d0bcd39c52e1cf3ad7a5fe744709832ae49	276911e771aaba2a137ebe3b323afca84cdd855175929236cfd3de910f579e42	40	failed: no document grant and no publisher grant evidenced (document licence: none)	not-run: licence screen failed	not-run: licence screen failed	rejected	witness-search-apis.guru/records.tsv:41
apis.guru	ref-pointer-unnamed-segment	https://raw.githubusercontent.com/APIs-guru/openapi-directory/f04b8d0bcd39c52e1cf3ad7a5fe744709832ae49/APIs/codat.io/banking/2.1.0/openapi.yaml	f04b8d0bcd39c52e1cf3ad7a5fe744709832ae49	ca9eeffc3d9e0d83a956be4e557837296de6695f00b3a09bf2eaa46bdbd4fbfd	16	failed: no document grant and no publisher grant evidenced (document licence: none)	not-run: licence screen failed	not-run: licence screen failed	rejected	witness-search-apis.guru/records.tsv:42
apis.guru	ref-pointer-unnamed-segment	https://raw.githubusercontent.com/APIs-guru/openapi-directory/f04b8d0bcd39c52e1cf3ad7a5fe744709832ae49/APIs/codat.io/commerce/2.1.0/openapi.yaml	f04b8d0bcd39c52e1cf3ad7a5fe744709832ae49	ffe0c71205dec68c801399259a33cf809efa396defe320f8d472aebb0e384fac	62	failed: no document grant and no publisher grant evidenced (document licence: none)	not-run: licence screen failed	not-run: licence screen failed	rejected	witness-search-apis.guru/records.tsv:43
apis.guru	ref-pointer-unnamed-segment	https://raw.githubusercontent.com/APIs-guru/openapi-directory/f04b8d0bcd39c52e1cf3ad7a5fe744709832ae49/APIs/codat.io/sync-for-commerce/1.1/openapi.yaml	f04b8d0bcd39c52e1cf3ad7a5fe744709832ae49	d6c4e8db7b3985d09a3a0fe8ccad730e0829442fb52d14143fd326c763394ff6	12	failed: no document grant and no publisher grant evidenced (document licence: none)	not-run: licence screen failed	not-run: licence screen failed	rejected	witness-search-apis.guru/records.tsv:44
apis.guru	ref-pointer-unnamed-segment	https://raw.githubusercontent.com/APIs-guru/openapi-directory/f04b8d0bcd39c52e1cf3ad7a5fe744709832ae49/APIs/codat.io/sync-for-expenses/prealpha/openapi.yaml	f04b8d0bcd39c52e1cf3ad7a5fe744709832ae49	d15ff1a38310c304a542b99bac2860fdfd5a3e857be6662d15e1f281f52a1be8	4	failed: no document grant and no publisher grant evidenced (document licence: none)	not-run: licence screen failed	not-run: licence screen failed	rejected	witness-search-apis.guru/records.tsv:45
vendor-portals	ref-pointer-unnamed-segment	https://raw.githubusercontent.com/codatio/oas/2dbdc1f7bcdefaf769ab17fcc99fbb098ef2610b/json/Codat-Accounting.json	2dbdc1f7bcdefaf769ab17fcc99fbb098ef2610b	129358af62b047bbb3d2f970976b616d8c54a17adca5b794e79bdc13663bca43	448	failed: no admitted publisher licence; info.license=none (document licence: none)	not-run: licence screen failed	not-run: licence screen failed	rejected	witness-search-vendor-portals/records.tsv:249
vendor-portals	ref-pointer-unnamed-segment	https://raw.githubusercontent.com/codatio/oas/2dbdc1f7bcdefaf769ab17fcc99fbb098ef2610b/json/Codat-Assess.json	2dbdc1f7bcdefaf769ab17fcc99fbb098ef2610b	5044a2cbbf751c1b586226745f15b3064280f7da127317d6f033f4df0ce9dd8f	144	failed: no admitted publisher licence; info.license=none (document licence: none)	not-run: licence screen failed	not-run: licence screen failed	rejected	witness-search-vendor-portals/records.tsv:250
vendor-portals	ref-pointer-unnamed-segment	https://raw.githubusercontent.com/codatio/oas/2dbdc1f7bcdefaf769ab17fcc99fbb098ef2610b/json/Codat-Bank-Feeds-v2.json	2dbdc1f7bcdefaf769ab17fcc99fbb098ef2610b	c8b42d166a289ccc45072b2f161bea19463d62490797651917239773ef9bdb83	118	failed: no admitted publisher licence; info.license=none (document licence: none)	not-run: licence screen failed	not-run: licence screen failed	rejected	witness-search-vendor-portals/records.tsv:251
vendor-portals	ref-pointer-unnamed-segment	https://raw.githubusercontent.com/codatio/oas/2dbdc1f7bcdefaf769ab17fcc99fbb098ef2610b/json/Codat-Bank-Feeds.json	2dbdc1f7bcdefaf769ab17fcc99fbb098ef2610b	c47343672540bd52deceeee4188f269678876190dc9e0dd33dd5c88f831eaa93	130	failed: no admitted publisher licence; info.license=none (document licence: none)	not-run: licence screen failed	not-run: licence screen failed	rejected	witness-search-vendor-portals/records.tsv:252
vendor-portals	ref-pointer-unnamed-segment	https://raw.githubusercontent.com/codatio/oas/2dbdc1f7bcdefaf769ab17fcc99fbb098ef2610b/json/Codat-Banking.json	2dbdc1f7bcdefaf769ab17fcc99fbb098ef2610b	4b333eb5f7cac82498b88e4b7745bea2380735ed6ffd79fa2b6a853d78c08e94	32	failed: no admitted publisher licence; info.license=none (document licence: none)	not-run: licence screen failed	not-run: licence screen failed	rejected	witness-search-vendor-portals/records.tsv:253
vendor-portals	ref-pointer-unnamed-segment	https://raw.githubusercontent.com/codatio/oas/2dbdc1f7bcdefaf769ab17fcc99fbb098ef2610b/json/Codat-Commerce.json	2dbdc1f7bcdefaf769ab17fcc99fbb098ef2610b	e6a0e39ddef6e1b72902d2536ec4f10a38beb96f64c2f3e44be593bb1fdcd721	72	failed: no admitted publisher licence; info.license=none (document licence: none)	not-run: licence screen failed	not-run: licence screen failed	rejected	witness-search-vendor-portals/records.tsv:254
vendor-portals	ref-pointer-unnamed-segment	https://raw.githubusercontent.com/codatio/oas/2dbdc1f7bcdefaf769ab17fcc99fbb098ef2610b/json/Codat-Common.json	2dbdc1f7bcdefaf769ab17fcc99fbb098ef2610b	4c56d6e2eb85750f2c63bc94802687365051999d92f5f861c5b6f80101f38101	78	failed: no admitted publisher licence; info.license=none (document licence: none)	not-run: licence screen failed	not-run: licence screen failed	rejected	witness-search-vendor-portals/records.tsv:255
vendor-portals	ref-pointer-unnamed-segment	https://raw.githubusercontent.com/codatio/oas/2dbdc1f7bcdefaf769ab17fcc99fbb098ef2610b/json/Codat-Expenses.json	2dbdc1f7bcdefaf769ab17fcc99fbb098ef2610b	eec4033ac49d3d88f0f5fed591186677b528d5b7f9dcc862c5f4402555dcb2b1	6	failed: no admitted publisher licence; info.license=none (document licence: none)	not-run: licence screen failed	not-run: licence screen failed	rejected	witness-search-vendor-portals/records.tsv:256
vendor-portals	ref-pointer-unnamed-segment	https://raw.githubusercontent.com/codatio/oas/2dbdc1f7bcdefaf769ab17fcc99fbb098ef2610b/json/Codat-Files.json	2dbdc1f7bcdefaf769ab17fcc99fbb098ef2610b	21350b31522bd2e458e05f8e6ff6b8fbaa644a0655dc4f502b72db924b54d9e0	2	failed: no admitted publisher licence; info.license=none (document licence: none)	not-run: licence screen failed	not-run: licence screen failed	rejected	witness-search-vendor-portals/records.tsv:257
vendor-portals	ref-pointer-unnamed-segment	https://raw.githubusercontent.com/codatio/oas/2dbdc1f7bcdefaf769ab17fcc99fbb098ef2610b/json/Codat-Intuit-IDX.json	2dbdc1f7bcdefaf769ab17fcc99fbb098ef2610b	d83c85667b585b044807ce46449ae9e3ac4f212ab950fa0f0f59a1243a0bb86d	126	failed: no admitted publisher licence; info.license=none (document licence: none)	not-run: licence screen failed	not-run: licence screen failed	rejected	witness-search-vendor-portals/records.tsv:258
vendor-portals	ref-pointer-unnamed-segment	https://raw.githubusercontent.com/codatio/oas/2dbdc1f7bcdefaf769ab17fcc99fbb098ef2610b/json/Codat-Lending.json	2dbdc1f7bcdefaf769ab17fcc99fbb098ef2610b	7c222046bb62600149a4ce0c4bf369bd751ae8298588223e531cea3795df4a42	508	failed: no admitted publisher licence; info.license=none (document licence: none)	not-run: licence screen failed	not-run: licence screen failed	rejected	witness-search-vendor-portals/records.tsv:259
vendor-portals	ref-pointer-unnamed-segment	https://raw.githubusercontent.com/codatio/oas/2dbdc1f7bcdefaf769ab17fcc99fbb098ef2610b/json/Codat-Platform.json	2dbdc1f7bcdefaf769ab17fcc99fbb098ef2610b	90d5a009d658153e959b4fe5e4981fdb138cb7d82b85b8c4e6dcfeb343a109fb	162	failed: no admitted publisher licence; info.license=none (document licence: none)	not-run: licence screen failed	not-run: licence screen failed	rejected	witness-search-vendor-portals/records.tsv:260
vendor-portals	ref-pointer-unnamed-segment	https://raw.githubusercontent.com/codatio/oas/2dbdc1f7bcdefaf769ab17fcc99fbb098ef2610b/json/Codat-Spend-Insights.json	2dbdc1f7bcdefaf769ab17fcc99fbb098ef2610b	22e419fee0cb2483e7047cdb14f6feb135973fca913c4d1689b9739999931e05	14	failed: no admitted publisher licence; info.license=none (document licence: none)	not-run: licence screen failed	not-run: licence screen failed	rejected	witness-search-vendor-portals/records.tsv:261
vendor-portals	ref-pointer-unnamed-segment	https://raw.githubusercontent.com/codatio/oas/2dbdc1f7bcdefaf769ab17fcc99fbb098ef2610b/json/Codat-Sync-Commerce-v1.json	2dbdc1f7bcdefaf769ab17fcc99fbb098ef2610b	54066e33d9dd58e2ef592000126257e5458bc772a18aabdac840bcf66d96130b	262	failed: no admitted publisher licence; info.license=none (document licence: none)	not-run: licence screen failed	not-run: licence screen failed	rejected	witness-search-vendor-portals/records.tsv:262
vendor-portals	ref-pointer-unnamed-segment	https://raw.githubusercontent.com/codatio/oas/2dbdc1f7bcdefaf769ab17fcc99fbb098ef2610b/json/Codat-Sync-Commerce.json	2dbdc1f7bcdefaf769ab17fcc99fbb098ef2610b	476b2076678fcda90d9fb3e6ec7eeed53372dc656cd35b0a7d57dac6bd3ea6e5	130	failed: no admitted publisher licence; info.license=none (document licence: none)	not-run: licence screen failed	not-run: licence screen failed	rejected	witness-search-vendor-portals/records.tsv:263
vendor-portals	ref-pointer-unnamed-segment	https://raw.githubusercontent.com/codatio/oas/2dbdc1f7bcdefaf769ab17fcc99fbb098ef2610b/json/Codat-Sync-Expenses-v1.json	2dbdc1f7bcdefaf769ab17fcc99fbb098ef2610b	703a603312b1e65e058cc7097f382ff9b8ec0e413ee3fb720d022bf6f7c308d4	56	failed: no admitted publisher licence; info.license=none (document licence: none)	not-run: licence screen failed	not-run: licence screen failed	rejected	witness-search-vendor-portals/records.tsv:264
vendor-portals	ref-pointer-unnamed-segment	https://raw.githubusercontent.com/codatio/oas/2dbdc1f7bcdefaf769ab17fcc99fbb098ef2610b/json/Codat-Sync-Expenses.json	2dbdc1f7bcdefaf769ab17fcc99fbb098ef2610b	4c54c56dc4ad7587aa52aa9d97353bfe59a9656ad88aef170771abf0f84c7b41	138	failed: no admitted publisher licence; info.license=none (document licence: none)	not-run: licence screen failed	not-run: licence screen failed	rejected	witness-search-vendor-portals/records.tsv:265
vendor-portals	ref-pointer-unnamed-segment	https://raw.githubusercontent.com/codatio/oas/2dbdc1f7bcdefaf769ab17fcc99fbb098ef2610b/json/Codat-Sync-Payables-v1.json	2dbdc1f7bcdefaf769ab17fcc99fbb098ef2610b	d6ffa5382500d581582736220f6677ce7404e5890553d6a7ec3a4d574787cfac	210	failed: no admitted publisher licence; info.license=none (document licence: none)	not-run: licence screen failed	not-run: licence screen failed	rejected	witness-search-vendor-portals/records.tsv:266
vendor-portals	ref-pointer-unnamed-segment	https://raw.githubusercontent.com/codatio/oas/2dbdc1f7bcdefaf769ab17fcc99fbb098ef2610b/json/Codat-Sync-Payables.json	2dbdc1f7bcdefaf769ab17fcc99fbb098ef2610b	3b8b09d0daeea2c148db7222f09cc63b127e2b70705d6f9e9f4e56b0efad10a0	114	failed: no admitted publisher licence; info.license=none (document licence: none)	not-run: licence screen failed	not-run: licence screen failed	rejected	witness-search-vendor-portals/records.tsv:267
vendor-portals	ref-pointer-unnamed-segment	https://raw.githubusercontent.com/codatio/oas/2dbdc1f7bcdefaf769ab17fcc99fbb098ef2610b/json/Codat-Sync-Payroll.json	2dbdc1f7bcdefaf769ab17fcc99fbb098ef2610b	a7ac3cd8999d62d866c7d834b7e310517f5a8111bb0f0d117614cef83a662151	126	failed: no admitted publisher licence; info.license=none (document licence: none)	not-run: licence screen failed	not-run: licence screen failed	rejected	witness-search-vendor-portals/records.tsv:268
vendor-portals	ref-pointer-unnamed-segment	https://raw.githubusercontent.com/codatio/oas/2dbdc1f7bcdefaf769ab17fcc99fbb098ef2610b/yaml/Codat-Accounting.yaml	2dbdc1f7bcdefaf769ab17fcc99fbb098ef2610b	21d41189c4618259114f2fbb5c5890a59efa2a16970108379c11dd1fe7397290	448	failed: no admitted publisher licence; info.license=none (document licence: none)	not-run: licence screen failed	not-run: licence screen failed	rejected	witness-search-vendor-portals/records.tsv:269
vendor-portals	ref-pointer-unnamed-segment	https://raw.githubusercontent.com/codatio/oas/2dbdc1f7bcdefaf769ab17fcc99fbb098ef2610b/yaml/Codat-Assess.yaml	2dbdc1f7bcdefaf769ab17fcc99fbb098ef2610b	5f4027e77a0e2a6f8cdeeac6b7c50c9a4a46ae41ac8b99bb4026261f243b6acc	144	failed: no admitted publisher licence; info.license=none (document licence: none)	not-run: licence screen failed	not-run: licence screen failed	rejected	witness-search-vendor-portals/records.tsv:270
vendor-portals	ref-pointer-unnamed-segment	https://raw.githubusercontent.com/codatio/oas/2dbdc1f7bcdefaf769ab17fcc99fbb098ef2610b/yaml/Codat-Bank-Feeds-v2.yaml	2dbdc1f7bcdefaf769ab17fcc99fbb098ef2610b	651521741cab718b1aa0bc093cf698b035e2ecbfec0e001cec86b8ea732cf72f	118	failed: no admitted publisher licence; info.license=none (document licence: none)	not-run: licence screen failed	not-run: licence screen failed	rejected	witness-search-vendor-portals/records.tsv:271
vendor-portals	ref-pointer-unnamed-segment	https://raw.githubusercontent.com/codatio/oas/2dbdc1f7bcdefaf769ab17fcc99fbb098ef2610b/yaml/Codat-Bank-Feeds.yaml	2dbdc1f7bcdefaf769ab17fcc99fbb098ef2610b	ffea4a4680c59d5b114d977aa49d188788e8da37ea66493cb559a65c3443cfd5	130	failed: no admitted publisher licence; info.license=none (document licence: none)	not-run: licence screen failed	not-run: licence screen failed	rejected	witness-search-vendor-portals/records.tsv:272
vendor-portals	ref-pointer-unnamed-segment	https://raw.githubusercontent.com/codatio/oas/2dbdc1f7bcdefaf769ab17fcc99fbb098ef2610b/yaml/Codat-Banking.yaml	2dbdc1f7bcdefaf769ab17fcc99fbb098ef2610b	499b5a5d8637e3f666f57e3c8a507223f5dfc70d169255b4855ebbb0e387a065	32	failed: no admitted publisher licence; info.license=none (document licence: none)	not-run: licence screen failed	not-run: licence screen failed	rejected	witness-search-vendor-portals/records.tsv:273
vendor-portals	ref-pointer-unnamed-segment	https://raw.githubusercontent.com/codatio/oas/2dbdc1f7bcdefaf769ab17fcc99fbb098ef2610b/yaml/Codat-Commerce.yaml	2dbdc1f7bcdefaf769ab17fcc99fbb098ef2610b	c56aa8f7d9f23c09d4d79e561d1d4c3160ac473cb71debe6edeccb90d4ac508c	72	failed: no admitted publisher licence; info.license=none (document licence: none)	not-run: licence screen failed	not-run: licence screen failed	rejected	witness-search-vendor-portals/records.tsv:274
vendor-portals	ref-pointer-unnamed-segment	https://raw.githubusercontent.com/codatio/oas/2dbdc1f7bcdefaf769ab17fcc99fbb098ef2610b/yaml/Codat-Common.yaml	2dbdc1f7bcdefaf769ab17fcc99fbb098ef2610b	80033b3d8b5691f9e34a36e7616c8c13a5621ed7458d3aea8f8213861cf10834	78	failed: no admitted publisher licence; info.license=none (document licence: none)	not-run: licence screen failed	not-run: licence screen failed	rejected	witness-search-vendor-portals/records.tsv:275
vendor-portals	ref-pointer-unnamed-segment	https://raw.githubusercontent.com/codatio/oas/2dbdc1f7bcdefaf769ab17fcc99fbb098ef2610b/yaml/Codat-Expenses.yaml	2dbdc1f7bcdefaf769ab17fcc99fbb098ef2610b	7fc0332b496b609ee96a41e3da95fcdd7fdff6ca040bd484e2ab74d0a83caeee	6	failed: no admitted publisher licence; info.license=none (document licence: none)	not-run: licence screen failed	not-run: licence screen failed	rejected	witness-search-vendor-portals/records.tsv:276
vendor-portals	ref-pointer-unnamed-segment	https://raw.githubusercontent.com/codatio/oas/2dbdc1f7bcdefaf769ab17fcc99fbb098ef2610b/yaml/Codat-Files.yaml	2dbdc1f7bcdefaf769ab17fcc99fbb098ef2610b	e1e2392502f6a74820699926bdad557d281405de1e4f404af71619059fe5140e	2	failed: no admitted publisher licence; info.license=none (document licence: none)	not-run: licence screen failed	not-run: licence screen failed	rejected	witness-search-vendor-portals/records.tsv:277
vendor-portals	ref-pointer-unnamed-segment	https://raw.githubusercontent.com/codatio/oas/2dbdc1f7bcdefaf769ab17fcc99fbb098ef2610b/yaml/Codat-Intuit-IDX.yaml	2dbdc1f7bcdefaf769ab17fcc99fbb098ef2610b	9243d6e8452493a0285abb9041f2bbd06fc60a742fb8ac334d5e08f6e961f0ee	126	failed: no admitted publisher licence; info.license=none (document licence: none)	not-run: licence screen failed	not-run: licence screen failed	rejected	witness-search-vendor-portals/records.tsv:278
vendor-portals	ref-pointer-unnamed-segment	https://raw.githubusercontent.com/codatio/oas/2dbdc1f7bcdefaf769ab17fcc99fbb098ef2610b/yaml/Codat-Lending.yaml	2dbdc1f7bcdefaf769ab17fcc99fbb098ef2610b	791e242d1fafa6fb4f7c8c053f6a77244ce74dd23eaade694a41b8070d5ae5e4	508	failed: no admitted publisher licence; info.license=none (document licence: none)	not-run: licence screen failed	not-run: licence screen failed	rejected	witness-search-vendor-portals/records.tsv:279
vendor-portals	ref-pointer-unnamed-segment	https://raw.githubusercontent.com/codatio/oas/2dbdc1f7bcdefaf769ab17fcc99fbb098ef2610b/yaml/Codat-Platform.yaml	2dbdc1f7bcdefaf769ab17fcc99fbb098ef2610b	bff9b9776ecf8862555c837bfed74d93f49a32babb0be3877977f6ce0ffa4390	162	failed: no admitted publisher licence; info.license=none (document licence: none)	not-run: licence screen failed	not-run: licence screen failed	rejected	witness-search-vendor-portals/records.tsv:280
vendor-portals	ref-pointer-unnamed-segment	https://raw.githubusercontent.com/codatio/oas/2dbdc1f7bcdefaf769ab17fcc99fbb098ef2610b/yaml/Codat-Spend-Insights.yaml	2dbdc1f7bcdefaf769ab17fcc99fbb098ef2610b	8bd2cb9c4f87dc9277bd6da65dfe559a8a13e1e19610b52ff6df970518503f1f	14	failed: no admitted publisher licence; info.license=none (document licence: none)	not-run: licence screen failed	not-run: licence screen failed	rejected	witness-search-vendor-portals/records.tsv:281
vendor-portals	ref-pointer-unnamed-segment	https://raw.githubusercontent.com/codatio/oas/2dbdc1f7bcdefaf769ab17fcc99fbb098ef2610b/yaml/Codat-Sync-Commerce-v1.yaml	2dbdc1f7bcdefaf769ab17fcc99fbb098ef2610b	22dbd11586e66143988a70d2e9d9afd78f03fbcad83282384e81aecedab83ae7	262	failed: no admitted publisher licence; info.license=none (document licence: none)	not-run: licence screen failed	not-run: licence screen failed	rejected	witness-search-vendor-portals/records.tsv:282
vendor-portals	ref-pointer-unnamed-segment	https://raw.githubusercontent.com/codatio/oas/2dbdc1f7bcdefaf769ab17fcc99fbb098ef2610b/yaml/Codat-Sync-Commerce.yaml	2dbdc1f7bcdefaf769ab17fcc99fbb098ef2610b	f669e8c3c34f2b73ba2d337451fcff6e3376b7322340ba7374b08c0ee6be367c	130	failed: no admitted publisher licence; info.license=none (document licence: none)	not-run: licence screen failed	not-run: licence screen failed	rejected	witness-search-vendor-portals/records.tsv:283
vendor-portals	ref-pointer-unnamed-segment	https://raw.githubusercontent.com/codatio/oas/2dbdc1f7bcdefaf769ab17fcc99fbb098ef2610b/yaml/Codat-Sync-Expenses-v1.yaml	2dbdc1f7bcdefaf769ab17fcc99fbb098ef2610b	83bf3779c5106e0314e14447cd08183962251746b53fee0a67205e5bb46cef1f	56	failed: no admitted publisher licence; info.license=none (document licence: none)	not-run: licence screen failed	not-run: licence screen failed	rejected	witness-search-vendor-portals/records.tsv:284
vendor-portals	ref-pointer-unnamed-segment	https://raw.githubusercontent.com/codatio/oas/2dbdc1f7bcdefaf769ab17fcc99fbb098ef2610b/yaml/Codat-Sync-Expenses.yaml	2dbdc1f7bcdefaf769ab17fcc99fbb098ef2610b	3a810b6f9c6655587a8492aa9c6216f43bf22b7d666eee2707b1fc2ff8c86f65	138	failed: no admitted publisher licence; info.license=none (document licence: none)	not-run: licence screen failed	not-run: licence screen failed	rejected	witness-search-vendor-portals/records.tsv:285
vendor-portals	ref-pointer-unnamed-segment	https://raw.githubusercontent.com/codatio/oas/2dbdc1f7bcdefaf769ab17fcc99fbb098ef2610b/yaml/Codat-Sync-Payables-v1.yaml	2dbdc1f7bcdefaf769ab17fcc99fbb098ef2610b	06163dffa75f6bc1933c68f1aaeac70f3feb7cf69f509bd4c921052c92391e73	210	failed: no admitted publisher licence; info.license=none (document licence: none)	not-run: licence screen failed	not-run: licence screen failed	rejected	witness-search-vendor-portals/records.tsv:286
vendor-portals	ref-pointer-unnamed-segment	https://raw.githubusercontent.com/codatio/oas/2dbdc1f7bcdefaf769ab17fcc99fbb098ef2610b/yaml/Codat-Sync-Payables.yaml	2dbdc1f7bcdefaf769ab17fcc99fbb098ef2610b	dc2f9d7539464fb83836a2a8256a3ee3986aa812b2f9b7476ca8513093567b69	114	failed: no admitted publisher licence; info.license=none (document licence: none)	not-run: licence screen failed	not-run: licence screen failed	rejected	witness-search-vendor-portals/records.tsv:287
vendor-portals	ref-pointer-unnamed-segment	https://raw.githubusercontent.com/codatio/oas/2dbdc1f7bcdefaf769ab17fcc99fbb098ef2610b/yaml/Codat-Sync-Payroll.yaml	2dbdc1f7bcdefaf769ab17fcc99fbb098ef2610b	aa198f328aac7052a36448919b5eae9307a26861b8e9c5af149b0d9c399d403f	126	failed: no admitted publisher licence; info.license=none (document licence: none)	not-run: licence screen failed	not-run: licence screen failed	rejected	witness-search-vendor-portals/records.tsv:288
jentic	ref-pointer-unnamed-segment	https://raw.githubusercontent.com/jentic/jentic-public-apis/eb9d12a2684b0fbcb5aecf51e8ae54dba0929743/apis/openapi/clearbooks.co.uk/clear-books-api/1.0.0/meta/import/input-bundle.json	eb9d12a2684b0fbcb5aecf51e8ae54dba0929743	7ec42ff304547c82a965a41da725b3563f486352ace27c2d0e13b8c9465aceb4	16	failed: aggregation grant admitted; publisher grant unproven (document licence: none); jentic redistribution: CC0-1.0	not-run: licence screen failed	not-run: licence screen failed	rejected	witness-search-jentic/records.tsv:732
jentic	ref-pointer-unnamed-segment	https://raw.githubusercontent.com/jentic/jentic-public-apis/eb9d12a2684b0fbcb5aecf51e8ae54dba0929743/apis/openapi/clearbooks.co.uk/clear-books-api/1.0.0/meta/import/input-entry.json	eb9d12a2684b0fbcb5aecf51e8ae54dba0929743	602f6cb0384ae41792692173ff3eb78e63a46591e319183360b3b9d63a8639ee	16	pass	pass	failed: exit 0 but empty SDK (12-byte reference, no types)	rejected	witness-search-jentic/records.tsv:733
jentic	ref-pointer-unnamed-segment	https://raw.githubusercontent.com/jentic/jentic-public-apis/eb9d12a2684b0fbcb5aecf51e8ae54dba0929743/apis/openapi/clearbooks.co.uk/clear-books-api/1.0.0/meta/import/output-bundle.json	eb9d12a2684b0fbcb5aecf51e8ae54dba0929743	7ec42ff304547c82a965a41da725b3563f486352ace27c2d0e13b8c9465aceb4	16	failed: aggregation grant admitted; publisher grant unproven (document licence: none); jentic redistribution: CC0-1.0	not-run: licence screen failed	not-run: licence screen failed	rejected	witness-search-jentic/records.tsv:734
jentic	ref-pointer-unnamed-segment	https://raw.githubusercontent.com/jentic/jentic-public-apis/eb9d12a2684b0fbcb5aecf51e8ae54dba0929743/apis/openapi/clearbooks.co.uk/clear-books-api/1.0.0/meta/import/output-entry.json	eb9d12a2684b0fbcb5aecf51e8ae54dba0929743	602f6cb0384ae41792692173ff3eb78e63a46591e319183360b3b9d63a8639ee	16	pass	pass	failed: exit 0 but empty SDK (12-byte reference, no types)	rejected	witness-search-jentic/records.tsv:735
jentic	ref-pointer-unnamed-segment	https://raw.githubusercontent.com/jentic/jentic-public-apis/eb9d12a2684b0fbcb5aecf51e8ae54dba0929743/apis/openapi/clearbooks.co.uk/clear-books-api/1.0.0/openapi.json	eb9d12a2684b0fbcb5aecf51e8ae54dba0929743	7ec42ff304547c82a965a41da725b3563f486352ace27c2d0e13b8c9465aceb4	16	failed: aggregation grant admitted; publisher grant unproven (document licence: none); jentic redistribution: CC0-1.0	not-run: licence screen failed	not-run: licence screen failed	rejected	witness-search-jentic/records.tsv:736
jentic	ref-pointer-unnamed-segment	https://raw.githubusercontent.com/jentic/jentic-public-apis/eb9d12a2684b0fbcb5aecf51e8ae54dba0929743/apis/openapi/codat.io/accounting/3.0.0/meta/import/input-bundled.json	eb9d12a2684b0fbcb5aecf51e8ae54dba0929743	cbc03a05256430df93c896474d904e57ca61c90f6e45d28e648b0d368b6e39e0	450	failed: aggregation grant admitted; publisher grant unproven (document licence: none); jentic redistribution: CC0-1.0	not-run: licence screen failed	not-run: licence screen failed	rejected	witness-search-jentic/records.tsv:737
jentic	ref-pointer-unnamed-segment	https://raw.githubusercontent.com/jentic/jentic-public-apis/eb9d12a2684b0fbcb5aecf51e8ae54dba0929743/apis/openapi/codat.io/accounting/3.0.0/meta/import/input-entry.json	eb9d12a2684b0fbcb5aecf51e8ae54dba0929743	1d2b559f3b1cfae709c645f2924cd1b9881328a32722f80af6e09f1512e56238	450	failed: aggregation grant admitted; publisher grant unproven (document licence: none); jentic redistribution: CC0-1.0	not-run: licence screen failed	not-run: licence screen failed	rejected	witness-search-jentic/records.tsv:738
jentic	ref-pointer-unnamed-segment	https://raw.githubusercontent.com/jentic/jentic-public-apis/eb9d12a2684b0fbcb5aecf51e8ae54dba0929743/apis/openapi/codat.io/accounting/3.0.0/meta/import/output-bundled.json	eb9d12a2684b0fbcb5aecf51e8ae54dba0929743	cbc03a05256430df93c896474d904e57ca61c90f6e45d28e648b0d368b6e39e0	450	failed: aggregation grant admitted; publisher grant unproven (document licence: none); jentic redistribution: CC0-1.0	not-run: licence screen failed	not-run: licence screen failed	rejected	witness-search-jentic/records.tsv:739
jentic	ref-pointer-unnamed-segment	https://raw.githubusercontent.com/jentic/jentic-public-apis/eb9d12a2684b0fbcb5aecf51e8ae54dba0929743/apis/openapi/codat.io/accounting/3.0.0/meta/import/output-entry.json	eb9d12a2684b0fbcb5aecf51e8ae54dba0929743	1d2b559f3b1cfae709c645f2924cd1b9881328a32722f80af6e09f1512e56238	450	failed: aggregation grant admitted; publisher grant unproven (document licence: none); jentic redistribution: CC0-1.0	not-run: licence screen failed	not-run: licence screen failed	rejected	witness-search-jentic/records.tsv:740
jentic	ref-pointer-unnamed-segment	https://raw.githubusercontent.com/jentic/jentic-public-apis/eb9d12a2684b0fbcb5aecf51e8ae54dba0929743/apis/openapi/codat.io/accounting/3.0.0/openapi.json	eb9d12a2684b0fbcb5aecf51e8ae54dba0929743	cbc03a05256430df93c896474d904e57ca61c90f6e45d28e648b0d368b6e39e0	450	failed: aggregation grant admitted; publisher grant unproven (document licence: none); jentic redistribution: CC0-1.0	not-run: licence screen failed	not-run: licence screen failed	rejected	witness-search-jentic/records.tsv:741
jentic	ref-pointer-unnamed-segment	https://raw.githubusercontent.com/jentic/jentic-public-apis/eb9d12a2684b0fbcb5aecf51e8ae54dba0929743/apis/openapi/codat.io/assess/1.0/meta/import/input-bundled.json	eb9d12a2684b0fbcb5aecf51e8ae54dba0929743	9e3f18863bcca95b46027ce209fe325578de1f982d0063e6a17ea739d940aa1d	144	failed: aggregation grant admitted; publisher grant unproven (document licence: none); jentic redistribution: CC0-1.0	not-run: licence screen failed	not-run: licence screen failed	rejected	witness-search-jentic/records.tsv:742
jentic	ref-pointer-unnamed-segment	https://raw.githubusercontent.com/jentic/jentic-public-apis/eb9d12a2684b0fbcb5aecf51e8ae54dba0929743/apis/openapi/codat.io/assess/1.0/meta/import/input-entry.json	eb9d12a2684b0fbcb5aecf51e8ae54dba0929743	fb72cec3c9b8b6678c9fd598c3b67dbca97193c9a986d3b18f2e7b97b146eea8	144	failed: aggregation grant admitted; publisher grant unproven (document licence: none); jentic redistribution: CC0-1.0	not-run: licence screen failed	not-run: licence screen failed	rejected	witness-search-jentic/records.tsv:743
jentic	ref-pointer-unnamed-segment	https://raw.githubusercontent.com/jentic/jentic-public-apis/eb9d12a2684b0fbcb5aecf51e8ae54dba0929743/apis/openapi/codat.io/assess/1.0/meta/import/output-bundled.json	eb9d12a2684b0fbcb5aecf51e8ae54dba0929743	9e3f18863bcca95b46027ce209fe325578de1f982d0063e6a17ea739d940aa1d	144	failed: aggregation grant admitted; publisher grant unproven (document licence: none); jentic redistribution: CC0-1.0	not-run: licence screen failed	not-run: licence screen failed	rejected	witness-search-jentic/records.tsv:744
jentic	ref-pointer-unnamed-segment	https://raw.githubusercontent.com/jentic/jentic-public-apis/eb9d12a2684b0fbcb5aecf51e8ae54dba0929743/apis/openapi/codat.io/assess/1.0/meta/import/output-entry.json	eb9d12a2684b0fbcb5aecf51e8ae54dba0929743	fb72cec3c9b8b6678c9fd598c3b67dbca97193c9a986d3b18f2e7b97b146eea8	144	failed: aggregation grant admitted; publisher grant unproven (document licence: none); jentic redistribution: CC0-1.0	not-run: licence screen failed	not-run: licence screen failed	rejected	witness-search-jentic/records.tsv:745
jentic	ref-pointer-unnamed-segment	https://raw.githubusercontent.com/jentic/jentic-public-apis/eb9d12a2684b0fbcb5aecf51e8ae54dba0929743/apis/openapi/codat.io/assess/1.0/openapi.json	eb9d12a2684b0fbcb5aecf51e8ae54dba0929743	9e3f18863bcca95b46027ce209fe325578de1f982d0063e6a17ea739d940aa1d	144	failed: aggregation grant admitted; publisher grant unproven (document licence: none); jentic redistribution: CC0-1.0	not-run: licence screen failed	not-run: licence screen failed	rejected	witness-search-jentic/records.tsv:746
jentic	ref-pointer-unnamed-segment	https://raw.githubusercontent.com/jentic/jentic-public-apis/eb9d12a2684b0fbcb5aecf51e8ae54dba0929743/apis/openapi/codat.io/bank-feeds/3.0.0/meta/import/input-bundled.json	eb9d12a2684b0fbcb5aecf51e8ae54dba0929743	8b5167f41b48c90f82a9e68f35385cd2f98ef79b08332c80dc9845b607d2feaa	148	failed: aggregation grant admitted; publisher grant unproven (document licence: none); jentic redistribution: CC0-1.0	not-run: licence screen failed	not-run: licence screen failed	rejected	witness-search-jentic/records.tsv:747
jentic	ref-pointer-unnamed-segment	https://raw.githubusercontent.com/jentic/jentic-public-apis/eb9d12a2684b0fbcb5aecf51e8ae54dba0929743/apis/openapi/codat.io/bank-feeds/3.0.0/meta/import/input-entry.json	eb9d12a2684b0fbcb5aecf51e8ae54dba0929743	dc24d6956e6b962fc3e5cf322eaaff1dc1adbc8e529ac8d23abe8a855562c2a1	150	failed: aggregation grant admitted; publisher grant unproven (document licence: none); jentic redistribution: CC0-1.0	not-run: licence screen failed	not-run: licence screen failed	rejected	witness-search-jentic/records.tsv:748
jentic	ref-pointer-unnamed-segment	https://raw.githubusercontent.com/jentic/jentic-public-apis/eb9d12a2684b0fbcb5aecf51e8ae54dba0929743/apis/openapi/codat.io/bank-feeds/3.0.0/meta/import/output-bundled.json	eb9d12a2684b0fbcb5aecf51e8ae54dba0929743	8b5167f41b48c90f82a9e68f35385cd2f98ef79b08332c80dc9845b607d2feaa	148	failed: aggregation grant admitted; publisher grant unproven (document licence: none); jentic redistribution: CC0-1.0	not-run: licence screen failed	not-run: licence screen failed	rejected	witness-search-jentic/records.tsv:749
jentic	ref-pointer-unnamed-segment	https://raw.githubusercontent.com/jentic/jentic-public-apis/eb9d12a2684b0fbcb5aecf51e8ae54dba0929743/apis/openapi/codat.io/bank-feeds/3.0.0/meta/import/output-entry.json	eb9d12a2684b0fbcb5aecf51e8ae54dba0929743	dc24d6956e6b962fc3e5cf322eaaff1dc1adbc8e529ac8d23abe8a855562c2a1	150	failed: aggregation grant admitted; publisher grant unproven (document licence: none); jentic redistribution: CC0-1.0	not-run: licence screen failed	not-run: licence screen failed	rejected	witness-search-jentic/records.tsv:750
jentic	ref-pointer-unnamed-segment	https://raw.githubusercontent.com/jentic/jentic-public-apis/eb9d12a2684b0fbcb5aecf51e8ae54dba0929743/apis/openapi/codat.io/bank-feeds/3.0.0/openapi.json	eb9d12a2684b0fbcb5aecf51e8ae54dba0929743	8b5167f41b48c90f82a9e68f35385cd2f98ef79b08332c80dc9845b607d2feaa	148	failed: aggregation grant admitted; publisher grant unproven (document licence: none); jentic redistribution: CC0-1.0	not-run: licence screen failed	not-run: licence screen failed	rejected	witness-search-jentic/records.tsv:751
jentic	ref-pointer-unnamed-segment	https://raw.githubusercontent.com/jentic/jentic-public-apis/eb9d12a2684b0fbcb5aecf51e8ae54dba0929743/apis/openapi/codat.io/banking/3.0.0/meta/import/input-bundled.json	eb9d12a2684b0fbcb5aecf51e8ae54dba0929743	bb74b82a545f5c63dd7587714a9f7112845e24f30d815a8e60c14794293e0039	32	failed: aggregation grant admitted; publisher grant unproven (document licence: none); jentic redistribution: CC0-1.0	not-run: licence screen failed	not-run: licence screen failed	rejected	witness-search-jentic/records.tsv:752
jentic	ref-pointer-unnamed-segment	https://raw.githubusercontent.com/jentic/jentic-public-apis/eb9d12a2684b0fbcb5aecf51e8ae54dba0929743/apis/openapi/codat.io/banking/3.0.0/meta/import/input-entry.json	eb9d12a2684b0fbcb5aecf51e8ae54dba0929743	bb74b82a545f5c63dd7587714a9f7112845e24f30d815a8e60c14794293e0039	32	failed: aggregation grant admitted; publisher grant unproven (document licence: none); jentic redistribution: CC0-1.0	not-run: licence screen failed	not-run: licence screen failed	rejected	witness-search-jentic/records.tsv:753
jentic	ref-pointer-unnamed-segment	https://raw.githubusercontent.com/jentic/jentic-public-apis/eb9d12a2684b0fbcb5aecf51e8ae54dba0929743/apis/openapi/codat.io/banking/3.0.0/meta/import/output-bundled.json	eb9d12a2684b0fbcb5aecf51e8ae54dba0929743	bb74b82a545f5c63dd7587714a9f7112845e24f30d815a8e60c14794293e0039	32	failed: aggregation grant admitted; publisher grant unproven (document licence: none); jentic redistribution: CC0-1.0	not-run: licence screen failed	not-run: licence screen failed	rejected	witness-search-jentic/records.tsv:754
jentic	ref-pointer-unnamed-segment	https://raw.githubusercontent.com/jentic/jentic-public-apis/eb9d12a2684b0fbcb5aecf51e8ae54dba0929743/apis/openapi/codat.io/banking/3.0.0/meta/import/output-entry.json	eb9d12a2684b0fbcb5aecf51e8ae54dba0929743	bb74b82a545f5c63dd7587714a9f7112845e24f30d815a8e60c14794293e0039	32	failed: aggregation grant admitted; publisher grant unproven (document licence: none); jentic redistribution: CC0-1.0	not-run: licence screen failed	not-run: licence screen failed	rejected	witness-search-jentic/records.tsv:755
jentic	ref-pointer-unnamed-segment	https://raw.githubusercontent.com/jentic/jentic-public-apis/eb9d12a2684b0fbcb5aecf51e8ae54dba0929743/apis/openapi/codat.io/banking/3.0.0/openapi.json	eb9d12a2684b0fbcb5aecf51e8ae54dba0929743	bb74b82a545f5c63dd7587714a9f7112845e24f30d815a8e60c14794293e0039	32	failed: aggregation grant admitted; publisher grant unproven (document licence: none); jentic redistribution: CC0-1.0	not-run: licence screen failed	not-run: licence screen failed	rejected	witness-search-jentic/records.tsv:756
jentic	ref-pointer-unnamed-segment	https://raw.githubusercontent.com/jentic/jentic-public-apis/eb9d12a2684b0fbcb5aecf51e8ae54dba0929743/apis/openapi/codat.io/commerce/3.0.0/meta/import/input-bundled.json	eb9d12a2684b0fbcb5aecf51e8ae54dba0929743	32c60213905f3d43ff717d6677bc66b14885632cdf56ea2c943132deec7a1013	74	failed: aggregation grant admitted; publisher grant unproven (document licence: none); jentic redistribution: CC0-1.0	not-run: licence screen failed	not-run: licence screen failed	rejected	witness-search-jentic/records.tsv:757
jentic	ref-pointer-unnamed-segment	https://raw.githubusercontent.com/jentic/jentic-public-apis/eb9d12a2684b0fbcb5aecf51e8ae54dba0929743/apis/openapi/codat.io/commerce/3.0.0/meta/import/input-entry.json	eb9d12a2684b0fbcb5aecf51e8ae54dba0929743	d8a3759ff27f60c582f2e5514ebce844a5c8c4c4847882e5bec85f75b6dd6644	74	failed: aggregation grant admitted; publisher grant unproven (document licence: none); jentic redistribution: CC0-1.0	not-run: licence screen failed	not-run: licence screen failed	rejected	witness-search-jentic/records.tsv:758
jentic	ref-pointer-unnamed-segment	https://raw.githubusercontent.com/jentic/jentic-public-apis/eb9d12a2684b0fbcb5aecf51e8ae54dba0929743/apis/openapi/codat.io/commerce/3.0.0/meta/import/output-bundled.json	eb9d12a2684b0fbcb5aecf51e8ae54dba0929743	32c60213905f3d43ff717d6677bc66b14885632cdf56ea2c943132deec7a1013	74	failed: aggregation grant admitted; publisher grant unproven (document licence: none); jentic redistribution: CC0-1.0	not-run: licence screen failed	not-run: licence screen failed	rejected	witness-search-jentic/records.tsv:759
jentic	ref-pointer-unnamed-segment	https://raw.githubusercontent.com/jentic/jentic-public-apis/eb9d12a2684b0fbcb5aecf51e8ae54dba0929743/apis/openapi/codat.io/commerce/3.0.0/meta/import/output-entry.json	eb9d12a2684b0fbcb5aecf51e8ae54dba0929743	d8a3759ff27f60c582f2e5514ebce844a5c8c4c4847882e5bec85f75b6dd6644	74	failed: aggregation grant admitted; publisher grant unproven (document licence: none); jentic redistribution: CC0-1.0	not-run: licence screen failed	not-run: licence screen failed	rejected	witness-search-jentic/records.tsv:760
jentic	ref-pointer-unnamed-segment	https://raw.githubusercontent.com/jentic/jentic-public-apis/eb9d12a2684b0fbcb5aecf51e8ae54dba0929743/apis/openapi/codat.io/commerce/3.0.0/openapi.json	eb9d12a2684b0fbcb5aecf51e8ae54dba0929743	32c60213905f3d43ff717d6677bc66b14885632cdf56ea2c943132deec7a1013	74	failed: aggregation grant admitted; publisher grant unproven (document licence: none); jentic redistribution: CC0-1.0	not-run: licence screen failed	not-run: licence screen failed	rejected	witness-search-jentic/records.tsv:761
jentic	ref-pointer-unnamed-segment	https://raw.githubusercontent.com/jentic/jentic-public-apis/eb9d12a2684b0fbcb5aecf51e8ae54dba0929743/apis/openapi/codat.io/sync-for-commerce/1.1/meta/import/input-bundled.json	eb9d12a2684b0fbcb5aecf51e8ae54dba0929743	f65f271f48a3b9d4eeadaedcc1a40f964a8e4e5bd6020f47ef104c7b46807883	128	failed: aggregation grant admitted; publisher grant unproven (document licence: none); jentic redistribution: CC0-1.0	not-run: licence screen failed	not-run: licence screen failed	rejected	witness-search-jentic/records.tsv:762
jentic	ref-pointer-unnamed-segment	https://raw.githubusercontent.com/jentic/jentic-public-apis/eb9d12a2684b0fbcb5aecf51e8ae54dba0929743/apis/openapi/codat.io/sync-for-commerce/1.1/meta/import/input-entry.json	eb9d12a2684b0fbcb5aecf51e8ae54dba0929743	3da0ab75accad092b87ca9faa41fd65f0aa576ad32019e1a79d1f8fb6fe2a545	130	failed: aggregation grant admitted; publisher grant unproven (document licence: none); jentic redistribution: CC0-1.0	not-run: licence screen failed	not-run: licence screen failed	rejected	witness-search-jentic/records.tsv:763
jentic	ref-pointer-unnamed-segment	https://raw.githubusercontent.com/jentic/jentic-public-apis/eb9d12a2684b0fbcb5aecf51e8ae54dba0929743/apis/openapi/codat.io/sync-for-commerce/1.1/meta/import/output-bundled.json	eb9d12a2684b0fbcb5aecf51e8ae54dba0929743	f65f271f48a3b9d4eeadaedcc1a40f964a8e4e5bd6020f47ef104c7b46807883	128	failed: aggregation grant admitted; publisher grant unproven (document licence: none); jentic redistribution: CC0-1.0	not-run: licence screen failed	not-run: licence screen failed	rejected	witness-search-jentic/records.tsv:764
jentic	ref-pointer-unnamed-segment	https://raw.githubusercontent.com/jentic/jentic-public-apis/eb9d12a2684b0fbcb5aecf51e8ae54dba0929743/apis/openapi/codat.io/sync-for-commerce/1.1/meta/import/output-entry.json	eb9d12a2684b0fbcb5aecf51e8ae54dba0929743	3da0ab75accad092b87ca9faa41fd65f0aa576ad32019e1a79d1f8fb6fe2a545	130	failed: aggregation grant admitted; publisher grant unproven (document licence: none); jentic redistribution: CC0-1.0	not-run: licence screen failed	not-run: licence screen failed	rejected	witness-search-jentic/records.tsv:765
jentic	ref-pointer-unnamed-segment	https://raw.githubusercontent.com/jentic/jentic-public-apis/eb9d12a2684b0fbcb5aecf51e8ae54dba0929743/apis/openapi/codat.io/sync-for-commerce/1.1/openapi.json	eb9d12a2684b0fbcb5aecf51e8ae54dba0929743	f65f271f48a3b9d4eeadaedcc1a40f964a8e4e5bd6020f47ef104c7b46807883	128	failed: aggregation grant admitted; publisher grant unproven (document licence: none); jentic redistribution: CC0-1.0	not-run: licence screen failed	not-run: licence screen failed	rejected	witness-search-jentic/records.tsv:766
jentic	ref-pointer-unnamed-segment	https://raw.githubusercontent.com/jentic/jentic-public-apis/eb9d12a2684b0fbcb5aecf51e8ae54dba0929743/apis/openapi/codat.io/sync-for-expenses/prealpha/meta/import/input-bundled.json	eb9d12a2684b0fbcb5aecf51e8ae54dba0929743	827e170f0c2a997418cfe3682b68f42cd81481396d663c0013d5ddae00128679	6	failed: aggregation grant admitted; publisher grant unproven (document licence: none); jentic redistribution: CC0-1.0	not-run: licence screen failed	not-run: licence screen failed	rejected	witness-search-jentic/records.tsv:767
jentic	ref-pointer-unnamed-segment	https://raw.githubusercontent.com/jentic/jentic-public-apis/eb9d12a2684b0fbcb5aecf51e8ae54dba0929743/apis/openapi/codat.io/sync-for-expenses/prealpha/meta/import/input-entry.json	eb9d12a2684b0fbcb5aecf51e8ae54dba0929743	7e4986b1b9dbced068918b4ac0931ca9306f5c035ffcc027a1d4c7af62575974	6	failed: aggregation grant admitted; publisher grant unproven (document licence: none); jentic redistribution: CC0-1.0	not-run: licence screen failed	not-run: licence screen failed	rejected	witness-search-jentic/records.tsv:768
jentic	ref-pointer-unnamed-segment	https://raw.githubusercontent.com/jentic/jentic-public-apis/eb9d12a2684b0fbcb5aecf51e8ae54dba0929743/apis/openapi/codat.io/sync-for-expenses/prealpha/meta/import/output-bundled.json	eb9d12a2684b0fbcb5aecf51e8ae54dba0929743	827e170f0c2a997418cfe3682b68f42cd81481396d663c0013d5ddae00128679	6	failed: aggregation grant admitted; publisher grant unproven (document licence: none); jentic redistribution: CC0-1.0	not-run: licence screen failed	not-run: licence screen failed	rejected	witness-search-jentic/records.tsv:769
jentic	ref-pointer-unnamed-segment	https://raw.githubusercontent.com/jentic/jentic-public-apis/eb9d12a2684b0fbcb5aecf51e8ae54dba0929743/apis/openapi/codat.io/sync-for-expenses/prealpha/meta/import/output-entry.json	eb9d12a2684b0fbcb5aecf51e8ae54dba0929743	7e4986b1b9dbced068918b4ac0931ca9306f5c035ffcc027a1d4c7af62575974	6	failed: aggregation grant admitted; publisher grant unproven (document licence: none); jentic redistribution: CC0-1.0	not-run: licence screen failed	not-run: licence screen failed	rejected	witness-search-jentic/records.tsv:770
jentic	ref-pointer-unnamed-segment	https://raw.githubusercontent.com/jentic/jentic-public-apis/eb9d12a2684b0fbcb5aecf51e8ae54dba0929743/apis/openapi/codat.io/sync-for-expenses/prealpha/openapi.json	eb9d12a2684b0fbcb5aecf51e8ae54dba0929743	827e170f0c2a997418cfe3682b68f42cd81481396d663c0013d5ddae00128679	6	failed: aggregation grant admitted; publisher grant unproven (document licence: none); jentic redistribution: CC0-1.0	not-run: licence screen failed	not-run: licence screen failed	rejected	witness-search-jentic/records.tsv:771
jentic	ref-pointer-unnamed-segment	https://raw.githubusercontent.com/jentic/jentic-public-apis/eb9d12a2684b0fbcb5aecf51e8ae54dba0929743/apis/openapi/fareharbor.com/fareharbor-api/1.0/meta/import/input-bundle.json	eb9d12a2684b0fbcb5aecf51e8ae54dba0929743	29843342c88de6867f816ad4ff8ad91f5e3e73edeef085d560b9ad91d5f76f41	468	failed: aggregation grant admitted; publisher grant unproven (document licence: none); jentic redistribution: CC0-1.0	not-run: licence screen failed	not-run: licence screen failed	rejected	witness-search-jentic/records.tsv:772
jentic	ref-pointer-unnamed-segment	https://raw.githubusercontent.com/jentic/jentic-public-apis/eb9d12a2684b0fbcb5aecf51e8ae54dba0929743/apis/openapi/fareharbor.com/fareharbor-api/1.0/meta/import/input-entry.json	eb9d12a2684b0fbcb5aecf51e8ae54dba0929743	29843342c88de6867f816ad4ff8ad91f5e3e73edeef085d560b9ad91d5f76f41	468	failed: aggregation grant admitted; publisher grant unproven (document licence: none); jentic redistribution: CC0-1.0	not-run: licence screen failed	not-run: licence screen failed	rejected	witness-search-jentic/records.tsv:773
jentic	ref-pointer-unnamed-segment	https://raw.githubusercontent.com/jentic/jentic-public-apis/eb9d12a2684b0fbcb5aecf51e8ae54dba0929743/apis/openapi/fareharbor.com/fareharbor-api/1.0/meta/import/output-bundle.json	eb9d12a2684b0fbcb5aecf51e8ae54dba0929743	29843342c88de6867f816ad4ff8ad91f5e3e73edeef085d560b9ad91d5f76f41	468	failed: aggregation grant admitted; publisher grant unproven (document licence: none); jentic redistribution: CC0-1.0	not-run: licence screen failed	not-run: licence screen failed	rejected	witness-search-jentic/records.tsv:774
jentic	ref-pointer-unnamed-segment	https://raw.githubusercontent.com/jentic/jentic-public-apis/eb9d12a2684b0fbcb5aecf51e8ae54dba0929743/apis/openapi/fareharbor.com/fareharbor-api/1.0/meta/import/output-entry.json	eb9d12a2684b0fbcb5aecf51e8ae54dba0929743	29843342c88de6867f816ad4ff8ad91f5e3e73edeef085d560b9ad91d5f76f41	468	failed: aggregation grant admitted; publisher grant unproven (document licence: none); jentic redistribution: CC0-1.0	not-run: licence screen failed	not-run: licence screen failed	rejected	witness-search-jentic/records.tsv:775
jentic	ref-pointer-unnamed-segment	https://raw.githubusercontent.com/jentic/jentic-public-apis/eb9d12a2684b0fbcb5aecf51e8ae54dba0929743/apis/openapi/fareharbor.com/fareharbor-api/1.0/openapi.json	eb9d12a2684b0fbcb5aecf51e8ae54dba0929743	29843342c88de6867f816ad4ff8ad91f5e3e73edeef085d560b9ad91d5f76f41	468	failed: aggregation grant admitted; publisher grant unproven (document licence: none); jentic redistribution: CC0-1.0	not-run: licence screen failed	not-run: licence screen failed	rejected	witness-search-jentic/records.tsv:776
jentic	ref-pointer-unnamed-segment	https://raw.githubusercontent.com/jentic/jentic-public-apis/eb9d12a2684b0fbcb5aecf51e8ae54dba0929743/apis/openapi/icarusapi.keatext.ai/main/2.0.0/meta/import/input-bundle.json	eb9d12a2684b0fbcb5aecf51e8ae54dba0929743	2179c5bfbe076e4f701887f9b38a38af356e6a47ce8de1b9d17002c4e220cbb3	2	failed: aggregation grant admitted; publisher grant unproven (document licence: none); jentic redistribution: CC0-1.0	not-run: licence screen failed	not-run: licence screen failed	rejected	witness-search-jentic/records.tsv:777
jentic	ref-pointer-unnamed-segment	https://raw.githubusercontent.com/jentic/jentic-public-apis/eb9d12a2684b0fbcb5aecf51e8ae54dba0929743/apis/openapi/icarusapi.keatext.ai/main/2.0.0/meta/import/input-entry.json	eb9d12a2684b0fbcb5aecf51e8ae54dba0929743	2179c5bfbe076e4f701887f9b38a38af356e6a47ce8de1b9d17002c4e220cbb3	2	failed: aggregation grant admitted; publisher grant unproven (document licence: none); jentic redistribution: CC0-1.0	not-run: licence screen failed	not-run: licence screen failed	rejected	witness-search-jentic/records.tsv:778
jentic	ref-pointer-unnamed-segment	https://raw.githubusercontent.com/jentic/jentic-public-apis/eb9d12a2684b0fbcb5aecf51e8ae54dba0929743/apis/openapi/icarusapi.keatext.ai/main/2.0.0/meta/import/output-bundle.json	eb9d12a2684b0fbcb5aecf51e8ae54dba0929743	2179c5bfbe076e4f701887f9b38a38af356e6a47ce8de1b9d17002c4e220cbb3	2	failed: aggregation grant admitted; publisher grant unproven (document licence: none); jentic redistribution: CC0-1.0	not-run: licence screen failed	not-run: licence screen failed	rejected	witness-search-jentic/records.tsv:779
jentic	ref-pointer-unnamed-segment	https://raw.githubusercontent.com/jentic/jentic-public-apis/eb9d12a2684b0fbcb5aecf51e8ae54dba0929743/apis/openapi/icarusapi.keatext.ai/main/2.0.0/meta/import/output-entry.json	eb9d12a2684b0fbcb5aecf51e8ae54dba0929743	2179c5bfbe076e4f701887f9b38a38af356e6a47ce8de1b9d17002c4e220cbb3	2	failed: aggregation grant admitted; publisher grant unproven (document licence: none); jentic redistribution: CC0-1.0	not-run: licence screen failed	not-run: licence screen failed	rejected	witness-search-jentic/records.tsv:780
jentic	ref-pointer-unnamed-segment	https://raw.githubusercontent.com/jentic/jentic-public-apis/eb9d12a2684b0fbcb5aecf51e8ae54dba0929743/apis/openapi/icarusapi.keatext.ai/main/2.0.0/openapi.json	eb9d12a2684b0fbcb5aecf51e8ae54dba0929743	2179c5bfbe076e4f701887f9b38a38af356e6a47ce8de1b9d17002c4e220cbb3	2	failed: aggregation grant admitted; publisher grant unproven (document licence: none); jentic redistribution: CC0-1.0	not-run: licence screen failed	not-run: licence screen failed	rejected	witness-search-jentic/records.tsv:781
jentic	schema-name-nonidentifier-name	https://raw.githubusercontent.com/jentic/jentic-public-apis/eb9d12a2684b0fbcb5aecf51e8ae54dba0929743/apis/openapi/afterpay.com/main/v2/meta/import/input-bundle.json	eb9d12a2684b0fbcb5aecf51e8ae54dba0929743	125e588d66a23a7f35d05600636dd71907f9e3cb6553a5f5081d4a4b822dd9c4	13	failed: no evidenced publisher redistribution grant (document licence: none); jentic redistribution: CC0-1.0	not-run: licence screen failed	not-run: licence screen failed	rejected	witness-search-jentic/records.tsv:782
jentic	schema-name-nonidentifier-name	https://raw.githubusercontent.com/jentic/jentic-public-apis/eb9d12a2684b0fbcb5aecf51e8ae54dba0929743/apis/openapi/afterpay.com/main/v2/meta/import/input-entry.json	eb9d12a2684b0fbcb5aecf51e8ae54dba0929743	125e588d66a23a7f35d05600636dd71907f9e3cb6553a5f5081d4a4b822dd9c4	13	failed: no evidenced publisher redistribution grant (document licence: none); jentic redistribution: CC0-1.0	not-run: licence screen failed	not-run: licence screen failed	rejected	witness-search-jentic/records.tsv:783
jentic	schema-name-nonidentifier-name	https://raw.githubusercontent.com/jentic/jentic-public-apis/eb9d12a2684b0fbcb5aecf51e8ae54dba0929743/apis/openapi/afterpay.com/main/v2/meta/import/output-bundle.json	eb9d12a2684b0fbcb5aecf51e8ae54dba0929743	125e588d66a23a7f35d05600636dd71907f9e3cb6553a5f5081d4a4b822dd9c4	13	failed: no evidenced publisher redistribution grant (document licence: none); jentic redistribution: CC0-1.0	not-run: licence screen failed	not-run: licence screen failed	rejected	witness-search-jentic/records.tsv:784
jentic	schema-name-nonidentifier-name	https://raw.githubusercontent.com/jentic/jentic-public-apis/eb9d12a2684b0fbcb5aecf51e8ae54dba0929743/apis/openapi/afterpay.com/main/v2/meta/import/output-entry.json	eb9d12a2684b0fbcb5aecf51e8ae54dba0929743	125e588d66a23a7f35d05600636dd71907f9e3cb6553a5f5081d4a4b822dd9c4	13	failed: no evidenced publisher redistribution grant (document licence: none); jentic redistribution: CC0-1.0	not-run: licence screen failed	not-run: licence screen failed	rejected	witness-search-jentic/records.tsv:785
jentic	schema-name-nonidentifier-name	https://raw.githubusercontent.com/jentic/jentic-public-apis/eb9d12a2684b0fbcb5aecf51e8ae54dba0929743/apis/openapi/afterpay.com/main/v2/openapi.json	eb9d12a2684b0fbcb5aecf51e8ae54dba0929743	125e588d66a23a7f35d05600636dd71907f9e3cb6553a5f5081d4a4b822dd9c4	13	failed: no evidenced publisher redistribution grant (document licence: none); jentic redistribution: CC0-1.0	not-run: licence screen failed	not-run: licence screen failed	rejected	witness-search-jentic/records.tsv:786
jentic	schema-name-nonidentifier-name	https://raw.githubusercontent.com/jentic/jentic-public-apis/eb9d12a2684b0fbcb5aecf51e8ae54dba0929743/apis/openapi/airtop.ai/airtop/1.0.0/meta/import/input-bundle.json	eb9d12a2684b0fbcb5aecf51e8ae54dba0929743	7072cfad8d58473b75e86f093e514884bfeef2e4a522ac945dbd8f8a0fd06425	89	failed: no evidenced publisher redistribution grant (document licence: none); jentic redistribution: CC0-1.0	not-run: licence screen failed	not-run: licence screen failed	rejected	witness-search-jentic/records.tsv:787
jentic	schema-name-nonidentifier-name	https://raw.githubusercontent.com/jentic/jentic-public-apis/eb9d12a2684b0fbcb5aecf51e8ae54dba0929743/apis/openapi/airtop.ai/airtop/1.0.0/meta/import/input-entry.json	eb9d12a2684b0fbcb5aecf51e8ae54dba0929743	7072cfad8d58473b75e86f093e514884bfeef2e4a522ac945dbd8f8a0fd06425	89	failed: no evidenced publisher redistribution grant (document licence: none); jentic redistribution: CC0-1.0	not-run: licence screen failed	not-run: licence screen failed	rejected	witness-search-jentic/records.tsv:788
jentic	schema-name-nonidentifier-name	https://raw.githubusercontent.com/jentic/jentic-public-apis/eb9d12a2684b0fbcb5aecf51e8ae54dba0929743/apis/openapi/airtop.ai/airtop/1.0.0/meta/import/output-bundle.json	eb9d12a2684b0fbcb5aecf51e8ae54dba0929743	7072cfad8d58473b75e86f093e514884bfeef2e4a522ac945dbd8f8a0fd06425	89	failed: no evidenced publisher redistribution grant (document licence: none); jentic redistribution: CC0-1.0	not-run: licence screen failed	not-run: licence screen failed	rejected	witness-search-jentic/records.tsv:789
jentic	schema-name-nonidentifier-name	https://raw.githubusercontent.com/jentic/jentic-public-apis/eb9d12a2684b0fbcb5aecf51e8ae54dba0929743/apis/openapi/airtop.ai/airtop/1.0.0/meta/import/output-entry.json	eb9d12a2684b0fbcb5aecf51e8ae54dba0929743	7072cfad8d58473b75e86f093e514884bfeef2e4a522ac945dbd8f8a0fd06425	89	failed: no evidenced publisher redistribution grant (document licence: none); jentic redistribution: CC0-1.0	not-run: licence screen failed	not-run: licence screen failed	rejected	witness-search-jentic/records.tsv:790
jentic	schema-name-nonidentifier-name	https://raw.githubusercontent.com/jentic/jentic-public-apis/eb9d12a2684b0fbcb5aecf51e8ae54dba0929743/apis/openapi/airtop.ai/airtop/1.0.0/openapi.json	eb9d12a2684b0fbcb5aecf51e8ae54dba0929743	7072cfad8d58473b75e86f093e514884bfeef2e4a522ac945dbd8f8a0fd06425	89	failed: no evidenced publisher redistribution grant (document licence: none); jentic redistribution: CC0-1.0	not-run: licence screen failed	not-run: licence screen failed	rejected	witness-search-jentic/records.tsv:791
jentic	schema-name-nonidentifier-name	https://raw.githubusercontent.com/jentic/jentic-public-apis/eb9d12a2684b0fbcb5aecf51e8ae54dba0929743/apis/openapi/airtop.ai/main/1.0.0/meta/import/input-bundle.json	eb9d12a2684b0fbcb5aecf51e8ae54dba0929743	fbf9bb3173fc037f7ffc28196f3d0eda2014961da75bbb1745659d7b9ad2cd42	89	failed: no evidenced publisher redistribution grant (document licence: none); jentic redistribution: CC0-1.0	not-run: licence screen failed	not-run: licence screen failed	rejected	witness-search-jentic/records.tsv:792
jentic	schema-name-nonidentifier-name	https://raw.githubusercontent.com/jentic/jentic-public-apis/eb9d12a2684b0fbcb5aecf51e8ae54dba0929743/apis/openapi/airtop.ai/main/1.0.0/meta/import/input-entry.json	eb9d12a2684b0fbcb5aecf51e8ae54dba0929743	56bbb6ab0648901c4bfc9f74ba73863f6dd6dfea0f590ec4568f0a196ae7b272	89	failed: no evidenced publisher redistribution grant (document licence: none); jentic redistribution: CC0-1.0	not-run: licence screen failed	not-run: licence screen failed	rejected	witness-search-jentic/records.tsv:793
jentic	schema-name-nonidentifier-name	https://raw.githubusercontent.com/jentic/jentic-public-apis/eb9d12a2684b0fbcb5aecf51e8ae54dba0929743/apis/openapi/airtop.ai/main/1.0.0/meta/import/output-bundle.json	eb9d12a2684b0fbcb5aecf51e8ae54dba0929743	fbf9bb3173fc037f7ffc28196f3d0eda2014961da75bbb1745659d7b9ad2cd42	89	failed: no evidenced publisher redistribution grant (document licence: none); jentic redistribution: CC0-1.0	not-run: licence screen failed	not-run: licence screen failed	rejected	witness-search-jentic/records.tsv:794
jentic	schema-name-nonidentifier-name	https://raw.githubusercontent.com/jentic/jentic-public-apis/eb9d12a2684b0fbcb5aecf51e8ae54dba0929743/apis/openapi/airtop.ai/main/1.0.0/meta/import/output-entry.json	eb9d12a2684b0fbcb5aecf51e8ae54dba0929743	56bbb6ab0648901c4bfc9f74ba73863f6dd6dfea0f590ec4568f0a196ae7b272	89	failed: no evidenced publisher redistribution grant (document licence: none); jentic redistribution: CC0-1.0	not-run: licence screen failed	not-run: licence screen failed	rejected	witness-search-jentic/records.tsv:795
jentic	schema-name-nonidentifier-name	https://raw.githubusercontent.com/jentic/jentic-public-apis/eb9d12a2684b0fbcb5aecf51e8ae54dba0929743/apis/openapi/airtop.ai/main/1.0.0/openapi.json	eb9d12a2684b0fbcb5aecf51e8ae54dba0929743	fbf9bb3173fc037f7ffc28196f3d0eda2014961da75bbb1745659d7b9ad2cd42	89	failed: no evidenced publisher redistribution grant (document licence: none); jentic redistribution: CC0-1.0	not-run: licence screen failed	not-run: licence screen failed	rejected	witness-search-jentic/records.tsv:796
jentic	schema-name-nonidentifier-name	https://raw.githubusercontent.com/jentic/jentic-public-apis/eb9d12a2684b0fbcb5aecf51e8ae54dba0929743/apis/openapi/api-sxkan78ybekjjaveh1lcig.teamhood.com/main/v1/meta/import/input-bundle.json	eb9d12a2684b0fbcb5aecf51e8ae54dba0929743	a8d972b98862b7d98940db606acfc9defe170b9760f0237b94eace9f8e5ebbde	4	failed: no evidenced publisher redistribution grant (document licence: none); jentic redistribution: CC0-1.0	not-run: licence screen failed	not-run: licence screen failed	rejected	witness-search-jentic/records.tsv:797
jentic	schema-name-nonidentifier-name	https://raw.githubusercontent.com/jentic/jentic-public-apis/eb9d12a2684b0fbcb5aecf51e8ae54dba0929743/apis/openapi/api-sxkan78ybekjjaveh1lcig.teamhood.com/main/v1/meta/import/input-entry.json	eb9d12a2684b0fbcb5aecf51e8ae54dba0929743	a8d972b98862b7d98940db606acfc9defe170b9760f0237b94eace9f8e5ebbde	4	failed: no evidenced publisher redistribution grant (document licence: none); jentic redistribution: CC0-1.0	not-run: licence screen failed	not-run: licence screen failed	rejected	witness-search-jentic/records.tsv:798
jentic	schema-name-nonidentifier-name	https://raw.githubusercontent.com/jentic/jentic-public-apis/eb9d12a2684b0fbcb5aecf51e8ae54dba0929743/apis/openapi/api-sxkan78ybekjjaveh1lcig.teamhood.com/main/v1/meta/import/output-bundle.json	eb9d12a2684b0fbcb5aecf51e8ae54dba0929743	a8d972b98862b7d98940db606acfc9defe170b9760f0237b94eace9f8e5ebbde	4	failed: no evidenced publisher redistribution grant (document licence: none); jentic redistribution: CC0-1.0	not-run: licence screen failed	not-run: licence screen failed	rejected	witness-search-jentic/records.tsv:799
jentic	schema-name-nonidentifier-name	https://raw.githubusercontent.com/jentic/jentic-public-apis/eb9d12a2684b0fbcb5aecf51e8ae54dba0929743/apis/openapi/api-sxkan78ybekjjaveh1lcig.teamhood.com/main/v1/meta/import/output-entry.json	eb9d12a2684b0fbcb5aecf51e8ae54dba0929743	a8d972b98862b7d98940db606acfc9defe170b9760f0237b94eace9f8e5ebbde	4	failed: no evidenced publisher redistribution grant (document licence: none); jentic redistribution: CC0-1.0	not-run: licence screen failed	not-run: licence screen failed	rejected	witness-search-jentic/records.tsv:800
jentic	schema-name-nonidentifier-name	https://raw.githubusercontent.com/jentic/jentic-public-apis/eb9d12a2684b0fbcb5aecf51e8ae54dba0929743/apis/openapi/api-sxkan78ybekjjaveh1lcig.teamhood.com/main/v1/openapi.json	eb9d12a2684b0fbcb5aecf51e8ae54dba0929743	a8d972b98862b7d98940db606acfc9defe170b9760f0237b94eace9f8e5ebbde	4	failed: no evidenced publisher redistribution grant (document licence: none); jentic redistribution: CC0-1.0	not-run: licence screen failed	not-run: licence screen failed	rejected	witness-search-jentic/records.tsv:801
jentic	schema-name-nonidentifier-name	https://raw.githubusercontent.com/jentic/jentic-public-apis/eb9d12a2684b0fbcb5aecf51e8ae54dba0929743/apis/openapi/api.skubana.com/main/1.0/meta/import/input-bundle.json	eb9d12a2684b0fbcb5aecf51e8ae54dba0929743	a4bfd2573872605ad9b74e7f9199b135c0cb3551f1a5fed1434bbfc903fe821a	2	failed: no evidenced publisher redistribution grant (document licence: none); jentic redistribution: CC0-1.0	not-run: licence screen failed	not-run: licence screen failed	rejected	witness-search-jentic/records.tsv:802
jentic	schema-name-nonidentifier-name	https://raw.githubusercontent.com/jentic/jentic-public-apis/eb9d12a2684b0fbcb5aecf51e8ae54dba0929743/apis/openapi/api.skubana.com/main/1.0/meta/import/input-entry.json	eb9d12a2684b0fbcb5aecf51e8ae54dba0929743	a4bfd2573872605ad9b74e7f9199b135c0cb3551f1a5fed1434bbfc903fe821a	2	failed: no evidenced publisher redistribution grant (document licence: none); jentic redistribution: CC0-1.0	not-run: licence screen failed	not-run: licence screen failed	rejected	witness-search-jentic/records.tsv:803
jentic	schema-name-nonidentifier-name	https://raw.githubusercontent.com/jentic/jentic-public-apis/eb9d12a2684b0fbcb5aecf51e8ae54dba0929743/apis/openapi/api.skubana.com/main/1.0/meta/import/output-bundle.json	eb9d12a2684b0fbcb5aecf51e8ae54dba0929743	a4bfd2573872605ad9b74e7f9199b135c0cb3551f1a5fed1434bbfc903fe821a	2	failed: no evidenced publisher redistribution grant (document licence: none); jentic redistribution: CC0-1.0	not-run: licence screen failed	not-run: licence screen failed	rejected	witness-search-jentic/records.tsv:804
jentic	schema-name-nonidentifier-name	https://raw.githubusercontent.com/jentic/jentic-public-apis/eb9d12a2684b0fbcb5aecf51e8ae54dba0929743/apis/openapi/api.skubana.com/main/1.0/meta/import/output-entry.json	eb9d12a2684b0fbcb5aecf51e8ae54dba0929743	a4bfd2573872605ad9b74e7f9199b135c0cb3551f1a5fed1434bbfc903fe821a	2	failed: no evidenced publisher redistribution grant (document licence: none); jentic redistribution: CC0-1.0	not-run: licence screen failed	not-run: licence screen failed	rejected	witness-search-jentic/records.tsv:805
jentic	schema-name-nonidentifier-name	https://raw.githubusercontent.com/jentic/jentic-public-apis/eb9d12a2684b0fbcb5aecf51e8ae54dba0929743/apis/openapi/api.skubana.com/main/1.0/openapi.json	eb9d12a2684b0fbcb5aecf51e8ae54dba0929743	a4bfd2573872605ad9b74e7f9199b135c0cb3551f1a5fed1434bbfc903fe821a	2	failed: no evidenced publisher redistribution grant (document licence: none); jentic redistribution: CC0-1.0	not-run: licence screen failed	not-run: licence screen failed	rejected	witness-search-jentic/records.tsv:806
jentic	schema-name-nonidentifier-name	https://raw.githubusercontent.com/jentic/jentic-public-apis/eb9d12a2684b0fbcb5aecf51e8ae54dba0929743/apis/openapi/api.x.flatfile.com/main/1.0.0/meta/import/input-bundle.json	eb9d12a2684b0fbcb5aecf51e8ae54dba0929743	19f35daf3a04dd141644248979ca92e67e6cfa8c19c0ec2bddd98779f4642e46	462	failed: no evidenced publisher redistribution grant (document licence: none); jentic redistribution: CC0-1.0	not-run: licence screen failed	not-run: licence screen failed	rejected	witness-search-jentic/records.tsv:807
jentic	schema-name-nonidentifier-name	https://raw.githubusercontent.com/jentic/jentic-public-apis/eb9d12a2684b0fbcb5aecf51e8ae54dba0929743/apis/openapi/api.x.flatfile.com/main/1.0.0/meta/import/input-entry.json	eb9d12a2684b0fbcb5aecf51e8ae54dba0929743	fde5a27be6ec7d90f554e234db92d5371c6371074a0de7a2dde1cf0aa8836909	462	failed: no evidenced publisher redistribution grant (document licence: none); jentic redistribution: CC0-1.0	not-run: licence screen failed	not-run: licence screen failed	rejected	witness-search-jentic/records.tsv:808
jentic	schema-name-nonidentifier-name	https://raw.githubusercontent.com/jentic/jentic-public-apis/eb9d12a2684b0fbcb5aecf51e8ae54dba0929743/apis/openapi/api.x.flatfile.com/main/1.0.0/meta/import/output-bundle.json	eb9d12a2684b0fbcb5aecf51e8ae54dba0929743	19f35daf3a04dd141644248979ca92e67e6cfa8c19c0ec2bddd98779f4642e46	462	failed: no evidenced publisher redistribution grant (document licence: none); jentic redistribution: CC0-1.0	not-run: licence screen failed	not-run: licence screen failed	rejected	witness-search-jentic/records.tsv:809
jentic	schema-name-nonidentifier-name	https://raw.githubusercontent.com/jentic/jentic-public-apis/eb9d12a2684b0fbcb5aecf51e8ae54dba0929743/apis/openapi/api.x.flatfile.com/main/1.0.0/meta/import/output-entry.json	eb9d12a2684b0fbcb5aecf51e8ae54dba0929743	fde5a27be6ec7d90f554e234db92d5371c6371074a0de7a2dde1cf0aa8836909	462	failed: no evidenced publisher redistribution grant (document licence: none); jentic redistribution: CC0-1.0	not-run: licence screen failed	not-run: licence screen failed	rejected	witness-search-jentic/records.tsv:810
jentic	schema-name-nonidentifier-name	https://raw.githubusercontent.com/jentic/jentic-public-apis/eb9d12a2684b0fbcb5aecf51e8ae54dba0929743/apis/openapi/api.x.flatfile.com/main/1.0.0/openapi.json	eb9d12a2684b0fbcb5aecf51e8ae54dba0929743	19f35daf3a04dd141644248979ca92e67e6cfa8c19c0ec2bddd98779f4642e46	462	failed: no evidenced publisher redistribution grant (document licence: none); jentic redistribution: CC0-1.0	not-run: licence screen failed	not-run: licence screen failed	rejected	witness-search-jentic/records.tsv:811
jentic	schema-name-nonidentifier-name	https://raw.githubusercontent.com/jentic/jentic-public-apis/eb9d12a2684b0fbcb5aecf51e8ae54dba0929743/apis/openapi/atera.com/main/v3/meta/import/input-bundle.json	eb9d12a2684b0fbcb5aecf51e8ae54dba0929743	8ffa1e5909d5ccb5545ac1702b709a2b60979337f92ae089d6918f0a69e44a1e	17	failed: no evidenced publisher redistribution grant (document licence: none); jentic redistribution: CC0-1.0	not-run: licence screen failed	not-run: licence screen failed	rejected	witness-search-jentic/records.tsv:812
jentic	schema-name-nonidentifier-name	https://raw.githubusercontent.com/jentic/jentic-public-apis/eb9d12a2684b0fbcb5aecf51e8ae54dba0929743/apis/openapi/atera.com/main/v3/meta/import/input-entry.json	eb9d12a2684b0fbcb5aecf51e8ae54dba0929743	8ffa1e5909d5ccb5545ac1702b709a2b60979337f92ae089d6918f0a69e44a1e	17	failed: no evidenced publisher redistribution grant (document licence: none); jentic redistribution: CC0-1.0	not-run: licence screen failed	not-run: licence screen failed	rejected	witness-search-jentic/records.tsv:813
jentic	schema-name-nonidentifier-name	https://raw.githubusercontent.com/jentic/jentic-public-apis/eb9d12a2684b0fbcb5aecf51e8ae54dba0929743/apis/openapi/atera.com/main/v3/meta/import/output-bundle.json	eb9d12a2684b0fbcb5aecf51e8ae54dba0929743	8ffa1e5909d5ccb5545ac1702b709a2b60979337f92ae089d6918f0a69e44a1e	17	failed: no evidenced publisher redistribution grant (document licence: none); jentic redistribution: CC0-1.0	not-run: licence screen failed	not-run: licence screen failed	rejected	witness-search-jentic/records.tsv:814
jentic	schema-name-nonidentifier-name	https://raw.githubusercontent.com/jentic/jentic-public-apis/eb9d12a2684b0fbcb5aecf51e8ae54dba0929743/apis/openapi/atera.com/main/v3/meta/import/output-entry.json	eb9d12a2684b0fbcb5aecf51e8ae54dba0929743	8ffa1e5909d5ccb5545ac1702b709a2b60979337f92ae089d6918f0a69e44a1e	17	failed: no evidenced publisher redistribution grant (document licence: none); jentic redistribution: CC0-1.0	not-run: licence screen failed	not-run: licence screen failed	rejected	witness-search-jentic/records.tsv:815
jentic	schema-name-nonidentifier-name	https://raw.githubusercontent.com/jentic/jentic-public-apis/eb9d12a2684b0fbcb5aecf51e8ae54dba0929743/apis/openapi/atera.com/main/v3/openapi.json	eb9d12a2684b0fbcb5aecf51e8ae54dba0929743	8ffa1e5909d5ccb5545ac1702b709a2b60979337f92ae089d6918f0a69e44a1e	17	failed: no evidenced publisher redistribution grant (document licence: none); jentic redistribution: CC0-1.0	not-run: licence screen failed	not-run: licence screen failed	rejected	witness-search-jentic/records.tsv:816
jentic	schema-name-nonidentifier-name	https://raw.githubusercontent.com/jentic/jentic-public-apis/eb9d12a2684b0fbcb5aecf51e8ae54dba0929743/apis/openapi/beehiiv.com/main/1.0.0/meta/import/input-bundle.json	eb9d12a2684b0fbcb5aecf51e8ae54dba0929743	158bec347b900e10cba2cac2652fe6b4d4b06096b3d7a98cd6ea00fd9ad63b13	238	failed: no evidenced publisher redistribution grant (document licence: none); jentic redistribution: CC0-1.0	not-run: licence screen failed	not-run: licence screen failed	rejected	witness-search-jentic/records.tsv:817
jentic	schema-name-nonidentifier-name	https://raw.githubusercontent.com/jentic/jentic-public-apis/eb9d12a2684b0fbcb5aecf51e8ae54dba0929743/apis/openapi/beehiiv.com/main/1.0.0/meta/import/input-entry.json	eb9d12a2684b0fbcb5aecf51e8ae54dba0929743	158bec347b900e10cba2cac2652fe6b4d4b06096b3d7a98cd6ea00fd9ad63b13	238	failed: no evidenced publisher redistribution grant (document licence: none); jentic redistribution: CC0-1.0	not-run: licence screen failed	not-run: licence screen failed	rejected	witness-search-jentic/records.tsv:818
jentic	schema-name-nonidentifier-name	https://raw.githubusercontent.com/jentic/jentic-public-apis/eb9d12a2684b0fbcb5aecf51e8ae54dba0929743/apis/openapi/beehiiv.com/main/1.0.0/meta/import/output-bundle.json	eb9d12a2684b0fbcb5aecf51e8ae54dba0929743	158bec347b900e10cba2cac2652fe6b4d4b06096b3d7a98cd6ea00fd9ad63b13	238	failed: no evidenced publisher redistribution grant (document licence: none); jentic redistribution: CC0-1.0	not-run: licence screen failed	not-run: licence screen failed	rejected	witness-search-jentic/records.tsv:819
jentic	schema-name-nonidentifier-name	https://raw.githubusercontent.com/jentic/jentic-public-apis/eb9d12a2684b0fbcb5aecf51e8ae54dba0929743/apis/openapi/beehiiv.com/main/1.0.0/meta/import/output-entry.json	eb9d12a2684b0fbcb5aecf51e8ae54dba0929743	158bec347b900e10cba2cac2652fe6b4d4b06096b3d7a98cd6ea00fd9ad63b13	238	failed: no evidenced publisher redistribution grant (document licence: none); jentic redistribution: CC0-1.0	not-run: licence screen failed	not-run: licence screen failed	rejected	witness-search-jentic/records.tsv:820
jentic	schema-name-nonidentifier-name	https://raw.githubusercontent.com/jentic/jentic-public-apis/eb9d12a2684b0fbcb5aecf51e8ae54dba0929743/apis/openapi/beehiiv.com/main/1.0.0/openapi.json	eb9d12a2684b0fbcb5aecf51e8ae54dba0929743	158bec347b900e10cba2cac2652fe6b4d4b06096b3d7a98cd6ea00fd9ad63b13	238	failed: no evidenced publisher redistribution grant (document licence: none); jentic redistribution: CC0-1.0	not-run: licence screen failed	not-run: licence screen failed	rejected	witness-search-jentic/records.tsv:821
jentic	schema-name-nonidentifier-name	https://raw.githubusercontent.com/jentic/jentic-public-apis/eb9d12a2684b0fbcb5aecf51e8ae54dba0929743/apis/openapi/blazemeter.com/main/4/meta/import/input-bundle.json	eb9d12a2684b0fbcb5aecf51e8ae54dba0929743	3098f16eb4feb97b4c0bbad78d71e2c8525e7b6dcdd3c27d7f69a793aea9184e	7	pass	failed: jentic pin exists but immutable publisher-byte equivalence is not evidenced	not-run: revision screen failed	rejected	witness-search-jentic/records.tsv:822
jentic	schema-name-nonidentifier-name	https://raw.githubusercontent.com/jentic/jentic-public-apis/eb9d12a2684b0fbcb5aecf51e8ae54dba0929743/apis/openapi/blazemeter.com/main/4/meta/import/input-entry.json	eb9d12a2684b0fbcb5aecf51e8ae54dba0929743	3098f16eb4feb97b4c0bbad78d71e2c8525e7b6dcdd3c27d7f69a793aea9184e	7	pass	failed: jentic pin exists but immutable publisher-byte equivalence is not evidenced	not-run: revision screen failed	rejected	witness-search-jentic/records.tsv:823
jentic	schema-name-nonidentifier-name	https://raw.githubusercontent.com/jentic/jentic-public-apis/eb9d12a2684b0fbcb5aecf51e8ae54dba0929743/apis/openapi/blazemeter.com/main/4/meta/import/output-bundle.json	eb9d12a2684b0fbcb5aecf51e8ae54dba0929743	3098f16eb4feb97b4c0bbad78d71e2c8525e7b6dcdd3c27d7f69a793aea9184e	7	pass	failed: jentic pin exists but immutable publisher-byte equivalence is not evidenced	not-run: revision screen failed	rejected	witness-search-jentic/records.tsv:824
jentic	schema-name-nonidentifier-name	https://raw.githubusercontent.com/jentic/jentic-public-apis/eb9d12a2684b0fbcb5aecf51e8ae54dba0929743/apis/openapi/blazemeter.com/main/4/meta/import/output-entry.json	eb9d12a2684b0fbcb5aecf51e8ae54dba0929743	3098f16eb4feb97b4c0bbad78d71e2c8525e7b6dcdd3c27d7f69a793aea9184e	7	pass	failed: jentic pin exists but immutable publisher-byte equivalence is not evidenced	not-run: revision screen failed	rejected	witness-search-jentic/records.tsv:825
jentic	schema-name-nonidentifier-name	https://raw.githubusercontent.com/jentic/jentic-public-apis/eb9d12a2684b0fbcb5aecf51e8ae54dba0929743/apis/openapi/blazemeter.com/main/4/openapi.json	eb9d12a2684b0fbcb5aecf51e8ae54dba0929743	3098f16eb4feb97b4c0bbad78d71e2c8525e7b6dcdd3c27d7f69a793aea9184e	7	pass	failed: jentic pin exists but immutable publisher-byte equivalence is not evidenced	not-run: revision screen failed	rejected	witness-search-jentic/records.tsv:826
jentic	schema-name-nonidentifier-name	https://raw.githubusercontent.com/jentic/jentic-public-apis/eb9d12a2684b0fbcb5aecf51e8ae54dba0929743/apis/openapi/bluetick.io/main/v1/meta/import/input-bundle.json	eb9d12a2684b0fbcb5aecf51e8ae54dba0929743	647207b77dda99499e051e61be5923f6077601d66f000d05e13a6fa298b01989	2	failed: no evidenced publisher redistribution grant (document licence: none); jentic redistribution: CC0-1.0	not-run: licence screen failed	not-run: licence screen failed	rejected	witness-search-jentic/records.tsv:827
jentic	schema-name-nonidentifier-name	https://raw.githubusercontent.com/jentic/jentic-public-apis/eb9d12a2684b0fbcb5aecf51e8ae54dba0929743/apis/openapi/bluetick.io/main/v1/meta/import/input-entry.json	eb9d12a2684b0fbcb5aecf51e8ae54dba0929743	bb534e91f001df21c2c9e121c27a4727a30e2c2bcd59f04548be470e63a09c6b	2	failed: no evidenced publisher redistribution grant (document licence: none); jentic redistribution: CC0-1.0	not-run: licence screen failed	not-run: licence screen failed	rejected	witness-search-jentic/records.tsv:828
jentic	schema-name-nonidentifier-name	https://raw.githubusercontent.com/jentic/jentic-public-apis/eb9d12a2684b0fbcb5aecf51e8ae54dba0929743/apis/openapi/bluetick.io/main/v1/meta/import/output-bundle.json	eb9d12a2684b0fbcb5aecf51e8ae54dba0929743	647207b77dda99499e051e61be5923f6077601d66f000d05e13a6fa298b01989	2	failed: no evidenced publisher redistribution grant (document licence: none); jentic redistribution: CC0-1.0	not-run: licence screen failed	not-run: licence screen failed	rejected	witness-search-jentic/records.tsv:829
jentic	schema-name-nonidentifier-name	https://raw.githubusercontent.com/jentic/jentic-public-apis/eb9d12a2684b0fbcb5aecf51e8ae54dba0929743/apis/openapi/bluetick.io/main/v1/meta/import/output-entry.json	eb9d12a2684b0fbcb5aecf51e8ae54dba0929743	bb534e91f001df21c2c9e121c27a4727a30e2c2bcd59f04548be470e63a09c6b	2	failed: no evidenced publisher redistribution grant (document licence: none); jentic redistribution: CC0-1.0	not-run: licence screen failed	not-run: licence screen failed	rejected	witness-search-jentic/records.tsv:830
jentic	schema-name-nonidentifier-name	https://raw.githubusercontent.com/jentic/jentic-public-apis/eb9d12a2684b0fbcb5aecf51e8ae54dba0929743/apis/openapi/bluetick.io/main/v1/openapi.json	eb9d12a2684b0fbcb5aecf51e8ae54dba0929743	647207b77dda99499e051e61be5923f6077601d66f000d05e13a6fa298b01989	2	failed: no evidenced publisher redistribution grant (document licence: none); jentic redistribution: CC0-1.0	not-run: licence screen failed	not-run: licence screen failed	rejected	witness-search-jentic/records.tsv:831
jentic	schema-name-nonidentifier-name	https://raw.githubusercontent.com/jentic/jentic-public-apis/eb9d12a2684b0fbcb5aecf51e8ae54dba0929743/apis/openapi/codeclimate.com/main/1.0.0/meta/import/input-bundle.json	eb9d12a2684b0fbcb5aecf51e8ae54dba0929743	10ad607e2d5996400d04a5e3c5b78aa9cd7a95d0362bd313f0e329bbe9e82842	17	failed: no evidenced publisher redistribution grant (document licence: none); jentic redistribution: CC0-1.0	not-run: licence screen failed	not-run: licence screen failed	rejected	witness-search-jentic/records.tsv:832
jentic	schema-name-nonidentifier-name	https://raw.githubusercontent.com/jentic/jentic-public-apis/eb9d12a2684b0fbcb5aecf51e8ae54dba0929743/apis/openapi/codeclimate.com/main/1.0.0/meta/import/input-entry.json	eb9d12a2684b0fbcb5aecf51e8ae54dba0929743	10ad607e2d5996400d04a5e3c5b78aa9cd7a95d0362bd313f0e329bbe9e82842	17	failed: no evidenced publisher redistribution grant (document licence: none); jentic redistribution: CC0-1.0	not-run: licence screen failed	not-run: licence screen failed	rejected	witness-search-jentic/records.tsv:833
jentic	schema-name-nonidentifier-name	https://raw.githubusercontent.com/jentic/jentic-public-apis/eb9d12a2684b0fbcb5aecf51e8ae54dba0929743/apis/openapi/codeclimate.com/main/1.0.0/meta/import/output-bundle.json	eb9d12a2684b0fbcb5aecf51e8ae54dba0929743	10ad607e2d5996400d04a5e3c5b78aa9cd7a95d0362bd313f0e329bbe9e82842	17	failed: no evidenced publisher redistribution grant (document licence: none); jentic redistribution: CC0-1.0	not-run: licence screen failed	not-run: licence screen failed	rejected	witness-search-jentic/records.tsv:834
jentic	schema-name-nonidentifier-name	https://raw.githubusercontent.com/jentic/jentic-public-apis/eb9d12a2684b0fbcb5aecf51e8ae54dba0929743/apis/openapi/codeclimate.com/main/1.0.0/meta/import/output-entry.json	eb9d12a2684b0fbcb5aecf51e8ae54dba0929743	10ad607e2d5996400d04a5e3c5b78aa9cd7a95d0362bd313f0e329bbe9e82842	17	failed: no evidenced publisher redistribution grant (document licence: none); jentic redistribution: CC0-1.0	not-run: licence screen failed	not-run: licence screen failed	rejected	witness-search-jentic/records.tsv:835
jentic	schema-name-nonidentifier-name	https://raw.githubusercontent.com/jentic/jentic-public-apis/eb9d12a2684b0fbcb5aecf51e8ae54dba0929743/apis/openapi/codeclimate.com/main/1.0.0/openapi.json	eb9d12a2684b0fbcb5aecf51e8ae54dba0929743	10ad607e2d5996400d04a5e3c5b78aa9cd7a95d0362bd313f0e329bbe9e82842	17	failed: no evidenced publisher redistribution grant (document licence: none); jentic redistribution: CC0-1.0	not-run: licence screen failed	not-run: licence screen failed	rejected	witness-search-jentic/records.tsv:836
jentic	schema-name-nonidentifier-name	https://raw.githubusercontent.com/jentic/jentic-public-apis/eb9d12a2684b0fbcb5aecf51e8ae54dba0929743/apis/openapi/cooperto.it/main/v1/meta/import/input-bundle.json	eb9d12a2684b0fbcb5aecf51e8ae54dba0929743	30578cec26d30a9a857fe44a1e15eb544f3e8f16512ed0df60410ef5d0f60bf2	7	failed: no evidenced publisher redistribution grant (document licence: none); jentic redistribution: CC0-1.0	not-run: licence screen failed	not-run: licence screen failed	rejected	witness-search-jentic/records.tsv:837
jentic	schema-name-nonidentifier-name	https://raw.githubusercontent.com/jentic/jentic-public-apis/eb9d12a2684b0fbcb5aecf51e8ae54dba0929743/apis/openapi/cooperto.it/main/v1/meta/import/input-entry.json	eb9d12a2684b0fbcb5aecf51e8ae54dba0929743	30578cec26d30a9a857fe44a1e15eb544f3e8f16512ed0df60410ef5d0f60bf2	7	failed: no evidenced publisher redistribution grant (document licence: none); jentic redistribution: CC0-1.0	not-run: licence screen failed	not-run: licence screen failed	rejected	witness-search-jentic/records.tsv:838
jentic	schema-name-nonidentifier-name	https://raw.githubusercontent.com/jentic/jentic-public-apis/eb9d12a2684b0fbcb5aecf51e8ae54dba0929743/apis/openapi/cooperto.it/main/v1/meta/import/output-bundle.json	eb9d12a2684b0fbcb5aecf51e8ae54dba0929743	30578cec26d30a9a857fe44a1e15eb544f3e8f16512ed0df60410ef5d0f60bf2	7	failed: no evidenced publisher redistribution grant (document licence: none); jentic redistribution: CC0-1.0	not-run: licence screen failed	not-run: licence screen failed	rejected	witness-search-jentic/records.tsv:839
jentic	schema-name-nonidentifier-name	https://raw.githubusercontent.com/jentic/jentic-public-apis/eb9d12a2684b0fbcb5aecf51e8ae54dba0929743/apis/openapi/cooperto.it/main/v1/meta/import/output-entry.json	eb9d12a2684b0fbcb5aecf51e8ae54dba0929743	30578cec26d30a9a857fe44a1e15eb544f3e8f16512ed0df60410ef5d0f60bf2	7	failed: no evidenced publisher redistribution grant (document licence: none); jentic redistribution: CC0-1.0	not-run: licence screen failed	not-run: licence screen failed	rejected	witness-search-jentic/records.tsv:840
jentic	schema-name-nonidentifier-name	https://raw.githubusercontent.com/jentic/jentic-public-apis/eb9d12a2684b0fbcb5aecf51e8ae54dba0929743/apis/openapi/cooperto.it/main/v1/openapi.json	eb9d12a2684b0fbcb5aecf51e8ae54dba0929743	30578cec26d30a9a857fe44a1e15eb544f3e8f16512ed0df60410ef5d0f60bf2	7	failed: no evidenced publisher redistribution grant (document licence: none); jentic redistribution: CC0-1.0	not-run: licence screen failed	not-run: licence screen failed	rejected	witness-search-jentic/records.tsv:841
jentic	schema-name-nonidentifier-name	https://raw.githubusercontent.com/jentic/jentic-public-apis/eb9d12a2684b0fbcb5aecf51e8ae54dba0929743/apis/openapi/eazybiz.net/main/1.2.1/meta/import/input-bundle.json	eb9d12a2684b0fbcb5aecf51e8ae54dba0929743	0d89d44a5f1fbf5cdff7373ca7eaefedef26bfb143e5d104915131b64f3edd53	3	failed: no evidenced publisher redistribution grant (document licence: none); jentic redistribution: CC0-1.0	not-run: licence screen failed	not-run: licence screen failed	rejected	witness-search-jentic/records.tsv:842
jentic	schema-name-nonidentifier-name	https://raw.githubusercontent.com/jentic/jentic-public-apis/eb9d12a2684b0fbcb5aecf51e8ae54dba0929743/apis/openapi/eazybiz.net/main/1.2.1/meta/import/input-entry.json	eb9d12a2684b0fbcb5aecf51e8ae54dba0929743	0d89d44a5f1fbf5cdff7373ca7eaefedef26bfb143e5d104915131b64f3edd53	3	failed: no evidenced publisher redistribution grant (document licence: none); jentic redistribution: CC0-1.0	not-run: licence screen failed	not-run: licence screen failed	rejected	witness-search-jentic/records.tsv:843
jentic	schema-name-nonidentifier-name	https://raw.githubusercontent.com/jentic/jentic-public-apis/eb9d12a2684b0fbcb5aecf51e8ae54dba0929743/apis/openapi/eazybiz.net/main/1.2.1/meta/import/output-bundle.json	eb9d12a2684b0fbcb5aecf51e8ae54dba0929743	0d89d44a5f1fbf5cdff7373ca7eaefedef26bfb143e5d104915131b64f3edd53	3	failed: no evidenced publisher redistribution grant (document licence: none); jentic redistribution: CC0-1.0	not-run: licence screen failed	not-run: licence screen failed	rejected	witness-search-jentic/records.tsv:844
jentic	schema-name-nonidentifier-name	https://raw.githubusercontent.com/jentic/jentic-public-apis/eb9d12a2684b0fbcb5aecf51e8ae54dba0929743/apis/openapi/eazybiz.net/main/1.2.1/meta/import/output-entry.json	eb9d12a2684b0fbcb5aecf51e8ae54dba0929743	0d89d44a5f1fbf5cdff7373ca7eaefedef26bfb143e5d104915131b64f3edd53	3	failed: no evidenced publisher redistribution grant (document licence: none); jentic redistribution: CC0-1.0	not-run: licence screen failed	not-run: licence screen failed	rejected	witness-search-jentic/records.tsv:845
jentic	schema-name-nonidentifier-name	https://raw.githubusercontent.com/jentic/jentic-public-apis/eb9d12a2684b0fbcb5aecf51e8ae54dba0929743/apis/openapi/eazybiz.net/main/1.2.1/openapi.json	eb9d12a2684b0fbcb5aecf51e8ae54dba0929743	0d89d44a5f1fbf5cdff7373ca7eaefedef26bfb143e5d104915131b64f3edd53	3	failed: no evidenced publisher redistribution grant (document licence: none); jentic redistribution: CC0-1.0	not-run: licence screen failed	not-run: licence screen failed	rejected	witness-search-jentic/records.tsv:846
jentic	schema-name-nonidentifier-name	https://raw.githubusercontent.com/jentic/jentic-public-apis/eb9d12a2684b0fbcb5aecf51e8ae54dba0929743/apis/openapi/force24.co.uk/main/v1/meta/import/input-bundle.json	eb9d12a2684b0fbcb5aecf51e8ae54dba0929743	2835d03c5c04eee5206b85982d70849244d6a4844a24b1d9917b6b7d995bffbe	14	failed: no evidenced publisher redistribution grant (document licence: none); jentic redistribution: CC0-1.0	not-run: licence screen failed	not-run: licence screen failed	rejected	witness-search-jentic/records.tsv:847
jentic	schema-name-nonidentifier-name	https://raw.githubusercontent.com/jentic/jentic-public-apis/eb9d12a2684b0fbcb5aecf51e8ae54dba0929743/apis/openapi/force24.co.uk/main/v1/meta/import/input-entry.json	eb9d12a2684b0fbcb5aecf51e8ae54dba0929743	180e86885d1f6dce92ea73f151a4ee1b7f6c925fd0a55ac5bf5607db60f4ed69	14	failed: no evidenced publisher redistribution grant (document licence: none); jentic redistribution: CC0-1.0	not-run: licence screen failed	not-run: licence screen failed	rejected	witness-search-jentic/records.tsv:848
jentic	schema-name-nonidentifier-name	https://raw.githubusercontent.com/jentic/jentic-public-apis/eb9d12a2684b0fbcb5aecf51e8ae54dba0929743/apis/openapi/force24.co.uk/main/v1/meta/import/output-bundle.json	eb9d12a2684b0fbcb5aecf51e8ae54dba0929743	2835d03c5c04eee5206b85982d70849244d6a4844a24b1d9917b6b7d995bffbe	14	failed: no evidenced publisher redistribution grant (document licence: none); jentic redistribution: CC0-1.0	not-run: licence screen failed	not-run: licence screen failed	rejected	witness-search-jentic/records.tsv:849
jentic	schema-name-nonidentifier-name	https://raw.githubusercontent.com/jentic/jentic-public-apis/eb9d12a2684b0fbcb5aecf51e8ae54dba0929743/apis/openapi/force24.co.uk/main/v1/meta/import/output-entry.json	eb9d12a2684b0fbcb5aecf51e8ae54dba0929743	180e86885d1f6dce92ea73f151a4ee1b7f6c925fd0a55ac5bf5607db60f4ed69	14	failed: no evidenced publisher redistribution grant (document licence: none); jentic redistribution: CC0-1.0	not-run: licence screen failed	not-run: licence screen failed	rejected	witness-search-jentic/records.tsv:850
jentic	schema-name-nonidentifier-name	https://raw.githubusercontent.com/jentic/jentic-public-apis/eb9d12a2684b0fbcb5aecf51e8ae54dba0929743/apis/openapi/force24.co.uk/main/v1/openapi.json	eb9d12a2684b0fbcb5aecf51e8ae54dba0929743	2835d03c5c04eee5206b85982d70849244d6a4844a24b1d9917b6b7d995bffbe	14	failed: no evidenced publisher redistribution grant (document licence: none); jentic redistribution: CC0-1.0	not-run: licence screen failed	not-run: licence screen failed	rejected	witness-search-jentic/records.tsv:851
jentic	schema-name-nonidentifier-name	https://raw.githubusercontent.com/jentic/jentic-public-apis/eb9d12a2684b0fbcb5aecf51e8ae54dba0929743/apis/openapi/geocapture.net/main/1.1.0/meta/import/input-bundle.json	eb9d12a2684b0fbcb5aecf51e8ae54dba0929743	50b63fcf80685c8287c6fcab1f07fef23ceb0849e4cf13f070ddf550532d4810	2	failed: no evidenced publisher redistribution grant (document licence: none); jentic redistribution: CC0-1.0	not-run: licence screen failed	not-run: licence screen failed	rejected	witness-search-jentic/records.tsv:852
jentic	schema-name-nonidentifier-name	https://raw.githubusercontent.com/jentic/jentic-public-apis/eb9d12a2684b0fbcb5aecf51e8ae54dba0929743/apis/openapi/geocapture.net/main/1.1.0/meta/import/input-entry.json	eb9d12a2684b0fbcb5aecf51e8ae54dba0929743	50b63fcf80685c8287c6fcab1f07fef23ceb0849e4cf13f070ddf550532d4810	2	failed: no evidenced publisher redistribution grant (document licence: none); jentic redistribution: CC0-1.0	not-run: licence screen failed	not-run: licence screen failed	rejected	witness-search-jentic/records.tsv:853
jentic	schema-name-nonidentifier-name	https://raw.githubusercontent.com/jentic/jentic-public-apis/eb9d12a2684b0fbcb5aecf51e8ae54dba0929743/apis/openapi/geocapture.net/main/1.1.0/meta/import/output-bundle.json	eb9d12a2684b0fbcb5aecf51e8ae54dba0929743	50b63fcf80685c8287c6fcab1f07fef23ceb0849e4cf13f070ddf550532d4810	2	failed: no evidenced publisher redistribution grant (document licence: none); jentic redistribution: CC0-1.0	not-run: licence screen failed	not-run: licence screen failed	rejected	witness-search-jentic/records.tsv:854
jentic	schema-name-nonidentifier-name	https://raw.githubusercontent.com/jentic/jentic-public-apis/eb9d12a2684b0fbcb5aecf51e8ae54dba0929743/apis/openapi/geocapture.net/main/1.1.0/meta/import/output-entry.json	eb9d12a2684b0fbcb5aecf51e8ae54dba0929743	50b63fcf80685c8287c6fcab1f07fef23ceb0849e4cf13f070ddf550532d4810	2	failed: no evidenced publisher redistribution grant (document licence: none); jentic redistribution: CC0-1.0	not-run: licence screen failed	not-run: licence screen failed	rejected	witness-search-jentic/records.tsv:855
jentic	schema-name-nonidentifier-name	https://raw.githubusercontent.com/jentic/jentic-public-apis/eb9d12a2684b0fbcb5aecf51e8ae54dba0929743/apis/openapi/geocapture.net/main/1.1.0/openapi.json	eb9d12a2684b0fbcb5aecf51e8ae54dba0929743	50b63fcf80685c8287c6fcab1f07fef23ceb0849e4cf13f070ddf550532d4810	2	failed: no evidenced publisher redistribution grant (document licence: none); jentic redistribution: CC0-1.0	not-run: licence screen failed	not-run: licence screen failed	rejected	witness-search-jentic/records.tsv:856
jentic	schema-name-nonidentifier-name	https://raw.githubusercontent.com/jentic/jentic-public-apis/eb9d12a2684b0fbcb5aecf51e8ae54dba0929743/apis/openapi/lichess.org/lichess/2.0.130/openapi.json	eb9d12a2684b0fbcb5aecf51e8ae54dba0929743	a03b2b426049bfc2140257dbd3ac8831c7f8716cac17f0cfe73a161599a58f62	2	pass	failed: jentic pin exists but immutable publisher-byte equivalence is not evidenced	not-run: revision screen failed	rejected	witness-search-jentic/records.tsv:857
jentic	schema-name-nonidentifier-name	https://raw.githubusercontent.com/jentic/jentic-public-apis/eb9d12a2684b0fbcb5aecf51e8ae54dba0929743/apis/openapi/lichess.org/main/2.0.130/meta/import/input-bundle.json	eb9d12a2684b0fbcb5aecf51e8ae54dba0929743	370f2349cbaefa46f3a2af949449cb7b71b833accf4da233d5445b98536e5bfa	2	pass	failed: jentic pin exists but immutable publisher-byte equivalence is not evidenced	not-run: revision screen failed	rejected	witness-search-jentic/records.tsv:858
jentic	schema-name-nonidentifier-name	https://raw.githubusercontent.com/jentic/jentic-public-apis/eb9d12a2684b0fbcb5aecf51e8ae54dba0929743/apis/openapi/lichess.org/main/2.0.130/meta/import/input-entry.json	eb9d12a2684b0fbcb5aecf51e8ae54dba0929743	370f2349cbaefa46f3a2af949449cb7b71b833accf4da233d5445b98536e5bfa	2	pass	failed: jentic pin exists but immutable publisher-byte equivalence is not evidenced	not-run: revision screen failed	rejected	witness-search-jentic/records.tsv:859
jentic	schema-name-nonidentifier-name	https://raw.githubusercontent.com/jentic/jentic-public-apis/eb9d12a2684b0fbcb5aecf51e8ae54dba0929743/apis/openapi/lichess.org/main/2.0.130/meta/import/output-bundle.json	eb9d12a2684b0fbcb5aecf51e8ae54dba0929743	370f2349cbaefa46f3a2af949449cb7b71b833accf4da233d5445b98536e5bfa	2	pass	failed: jentic pin exists but immutable publisher-byte equivalence is not evidenced	not-run: revision screen failed	rejected	witness-search-jentic/records.tsv:860
jentic	schema-name-nonidentifier-name	https://raw.githubusercontent.com/jentic/jentic-public-apis/eb9d12a2684b0fbcb5aecf51e8ae54dba0929743/apis/openapi/lichess.org/main/2.0.130/meta/import/output-entry.json	eb9d12a2684b0fbcb5aecf51e8ae54dba0929743	370f2349cbaefa46f3a2af949449cb7b71b833accf4da233d5445b98536e5bfa	2	pass	failed: jentic pin exists but immutable publisher-byte equivalence is not evidenced	not-run: revision screen failed	rejected	witness-search-jentic/records.tsv:861
jentic	schema-name-nonidentifier-name	https://raw.githubusercontent.com/jentic/jentic-public-apis/eb9d12a2684b0fbcb5aecf51e8ae54dba0929743/apis/openapi/lichess.org/main/2.0.130/openapi.json	eb9d12a2684b0fbcb5aecf51e8ae54dba0929743	370f2349cbaefa46f3a2af949449cb7b71b833accf4da233d5445b98536e5bfa	2	pass	failed: jentic pin exists but immutable publisher-byte equivalence is not evidenced	not-run: revision screen failed	rejected	witness-search-jentic/records.tsv:862
jentic	schema-name-nonidentifier-name	https://raw.githubusercontent.com/jentic/jentic-public-apis/eb9d12a2684b0fbcb5aecf51e8ae54dba0929743/apis/openapi/nextgen.com/main/1.0/meta/import/input-bundle.json	eb9d12a2684b0fbcb5aecf51e8ae54dba0929743	b18413c15d24a745b4b83060ea2b7c006829c15decd2cf6d7d72aece5c7da8aa	59	failed: aggregation grant admitted; publisher grant unproven (document licence: none); jentic redistribution: CC0-1.0	not-run: licence screen failed	not-run: licence screen failed	rejected	witness-search-jentic/records.tsv:863
jentic	schema-name-nonidentifier-name	https://raw.githubusercontent.com/jentic/jentic-public-apis/eb9d12a2684b0fbcb5aecf51e8ae54dba0929743/apis/openapi/nextgen.com/main/1.0/meta/import/input-entry.json	eb9d12a2684b0fbcb5aecf51e8ae54dba0929743	6d70ff55c8c1914106b4d824f757fee006d02fcbb5b9884d70d26359cd1c60b1	59	pass	pass	pass	witness-found	witness-search-jentic/records.tsv:864
jentic	schema-name-nonidentifier-name	https://raw.githubusercontent.com/jentic/jentic-public-apis/eb9d12a2684b0fbcb5aecf51e8ae54dba0929743/apis/openapi/nextgen.com/main/1.0/meta/import/output-bundle.json	eb9d12a2684b0fbcb5aecf51e8ae54dba0929743	b18413c15d24a745b4b83060ea2b7c006829c15decd2cf6d7d72aece5c7da8aa	59	failed: aggregation grant admitted; publisher grant unproven (document licence: none); jentic redistribution: CC0-1.0	not-run: licence screen failed	not-run: licence screen failed	rejected	witness-search-jentic/records.tsv:865
jentic	schema-name-nonidentifier-name	https://raw.githubusercontent.com/jentic/jentic-public-apis/eb9d12a2684b0fbcb5aecf51e8ae54dba0929743/apis/openapi/nextgen.com/main/1.0/meta/import/output-entry.json	eb9d12a2684b0fbcb5aecf51e8ae54dba0929743	6d70ff55c8c1914106b4d824f757fee006d02fcbb5b9884d70d26359cd1c60b1	59	pass	pass	pass	byte-identical to CORPUS row 152, sha256 6d70ff55c8c1914106b4d824f757fee006d02fcbb5b9884d70d26359cd1c60b1	witness-search-jentic/records.tsv:866
jentic	schema-name-nonidentifier-name	https://raw.githubusercontent.com/jentic/jentic-public-apis/eb9d12a2684b0fbcb5aecf51e8ae54dba0929743/apis/openapi/nextgen.com/main/1.0/openapi.json	eb9d12a2684b0fbcb5aecf51e8ae54dba0929743	b18413c15d24a745b4b83060ea2b7c006829c15decd2cf6d7d72aece5c7da8aa	59	failed: aggregation grant admitted; publisher grant unproven (document licence: none); jentic redistribution: CC0-1.0	not-run: licence screen failed	not-run: licence screen failed	rejected	witness-search-jentic/records.tsv:867
jentic	schema-name-nonidentifier-name	https://raw.githubusercontent.com/jentic/jentic-public-apis/eb9d12a2684b0fbcb5aecf51e8ae54dba0929743/apis/openapi/parliament.uk/statutoryinstruments/v1/meta/import/input-bundled.json	eb9d12a2684b0fbcb5aecf51e8ae54dba0929743	8fb802edfe5017fb92ab1763a2d6d649c358dd5a3459cacaa4572f6188185979	15	failed: no evidenced publisher redistribution grant (document licence: none); jentic redistribution: CC0-1.0	not-run: licence screen failed	not-run: licence screen failed	rejected	witness-search-jentic/records.tsv:868
jentic	schema-name-nonidentifier-name	https://raw.githubusercontent.com/jentic/jentic-public-apis/eb9d12a2684b0fbcb5aecf51e8ae54dba0929743/apis/openapi/parliament.uk/statutoryinstruments/v1/meta/import/input-entry.json	eb9d12a2684b0fbcb5aecf51e8ae54dba0929743	667957fe00009ff2e82e441f320a0115d590c44b2b06390a2365d3570ec6f9f5	15	failed: no evidenced publisher redistribution grant (document licence: none); jentic redistribution: CC0-1.0	not-run: licence screen failed	not-run: licence screen failed	rejected	witness-search-jentic/records.tsv:869
jentic	schema-name-nonidentifier-name	https://raw.githubusercontent.com/jentic/jentic-public-apis/eb9d12a2684b0fbcb5aecf51e8ae54dba0929743/apis/openapi/parliament.uk/statutoryinstruments/v1/meta/import/output-bundled.json	eb9d12a2684b0fbcb5aecf51e8ae54dba0929743	8fb802edfe5017fb92ab1763a2d6d649c358dd5a3459cacaa4572f6188185979	15	failed: no evidenced publisher redistribution grant (document licence: none); jentic redistribution: CC0-1.0	not-run: licence screen failed	not-run: licence screen failed	rejected	witness-search-jentic/records.tsv:870
jentic	schema-name-nonidentifier-name	https://raw.githubusercontent.com/jentic/jentic-public-apis/eb9d12a2684b0fbcb5aecf51e8ae54dba0929743/apis/openapi/parliament.uk/statutoryinstruments/v1/meta/import/output-entry.json	eb9d12a2684b0fbcb5aecf51e8ae54dba0929743	667957fe00009ff2e82e441f320a0115d590c44b2b06390a2365d3570ec6f9f5	15	failed: no evidenced publisher redistribution grant (document licence: none); jentic redistribution: CC0-1.0	not-run: licence screen failed	not-run: licence screen failed	rejected	witness-search-jentic/records.tsv:871
jentic	schema-name-nonidentifier-name	https://raw.githubusercontent.com/jentic/jentic-public-apis/eb9d12a2684b0fbcb5aecf51e8ae54dba0929743/apis/openapi/parliament.uk/statutoryinstruments/v1/openapi.json	eb9d12a2684b0fbcb5aecf51e8ae54dba0929743	8fb802edfe5017fb92ab1763a2d6d649c358dd5a3459cacaa4572f6188185979	15	failed: no evidenced publisher redistribution grant (document licence: none); jentic redistribution: CC0-1.0	not-run: licence screen failed	not-run: licence screen failed	rejected	witness-search-jentic/records.tsv:872
jentic	schema-name-nonidentifier-name	https://raw.githubusercontent.com/jentic/jentic-public-apis/eb9d12a2684b0fbcb5aecf51e8ae54dba0929743/apis/openapi/payabli.com/main/1.0.0/meta/import/input-bundle.json	eb9d12a2684b0fbcb5aecf51e8ae54dba0929743	09f3cd2d91855fdffc64387fb4dc2cd58c4d10fa0689e01309fd06acdf6288db	848	failed: no evidenced publisher redistribution grant (document licence: none); jentic redistribution: CC0-1.0	not-run: licence screen failed	not-run: licence screen failed	rejected	witness-search-jentic/records.tsv:873
jentic	schema-name-nonidentifier-name	https://raw.githubusercontent.com/jentic/jentic-public-apis/eb9d12a2684b0fbcb5aecf51e8ae54dba0929743/apis/openapi/payabli.com/main/1.0.0/meta/import/input-entry.json	eb9d12a2684b0fbcb5aecf51e8ae54dba0929743	0230a830b5ab9d2796042f9c0b969c0466eb98c517956994c38727e323ee20ca	848	failed: no evidenced publisher redistribution grant (document licence: none); jentic redistribution: CC0-1.0	not-run: licence screen failed	not-run: licence screen failed	rejected	witness-search-jentic/records.tsv:874
jentic	schema-name-nonidentifier-name	https://raw.githubusercontent.com/jentic/jentic-public-apis/eb9d12a2684b0fbcb5aecf51e8ae54dba0929743/apis/openapi/payabli.com/main/1.0.0/meta/import/output-bundle.json	eb9d12a2684b0fbcb5aecf51e8ae54dba0929743	09f3cd2d91855fdffc64387fb4dc2cd58c4d10fa0689e01309fd06acdf6288db	848	failed: no evidenced publisher redistribution grant (document licence: none); jentic redistribution: CC0-1.0	not-run: licence screen failed	not-run: licence screen failed	rejected	witness-search-jentic/records.tsv:875
jentic	schema-name-nonidentifier-name	https://raw.githubusercontent.com/jentic/jentic-public-apis/eb9d12a2684b0fbcb5aecf51e8ae54dba0929743/apis/openapi/payabli.com/main/1.0.0/meta/import/output-entry.json	eb9d12a2684b0fbcb5aecf51e8ae54dba0929743	0230a830b5ab9d2796042f9c0b969c0466eb98c517956994c38727e323ee20ca	848	failed: no evidenced publisher redistribution grant (document licence: none); jentic redistribution: CC0-1.0	not-run: licence screen failed	not-run: licence screen failed	rejected	witness-search-jentic/records.tsv:876
jentic	schema-name-nonidentifier-name	https://raw.githubusercontent.com/jentic/jentic-public-apis/eb9d12a2684b0fbcb5aecf51e8ae54dba0929743/apis/openapi/payabli.com/main/1.0.0/openapi.json	eb9d12a2684b0fbcb5aecf51e8ae54dba0929743	09f3cd2d91855fdffc64387fb4dc2cd58c4d10fa0689e01309fd06acdf6288db	848	failed: no evidenced publisher redistribution grant (document licence: none); jentic redistribution: CC0-1.0	not-run: licence screen failed	not-run: licence screen failed	rejected	witness-search-jentic/records.tsv:877
jentic	schema-name-nonidentifier-name	https://raw.githubusercontent.com/jentic/jentic-public-apis/eb9d12a2684b0fbcb5aecf51e8ae54dba0929743/apis/openapi/planday.com/main/1.0.0/meta/import/input-bundle.json	eb9d12a2684b0fbcb5aecf51e8ae54dba0929743	64a8a53428fb3ff362972af7e3f528c19b21d3339ee99d3f75d57556dddb1fb3	30	failed: no evidenced publisher redistribution grant (document licence: none); jentic redistribution: CC0-1.0	not-run: licence screen failed	not-run: licence screen failed	rejected	witness-search-jentic/records.tsv:878
jentic	schema-name-nonidentifier-name	https://raw.githubusercontent.com/jentic/jentic-public-apis/eb9d12a2684b0fbcb5aecf51e8ae54dba0929743/apis/openapi/planday.com/main/1.0.0/meta/import/input-entry.json	eb9d12a2684b0fbcb5aecf51e8ae54dba0929743	e0dab0284ac5d344bc0dc7cfc2e6a73fb707a777198a02b81cdbe90127b42595	30	failed: no evidenced publisher redistribution grant (document licence: none); jentic redistribution: CC0-1.0	not-run: licence screen failed	not-run: licence screen failed	rejected	witness-search-jentic/records.tsv:879
jentic	schema-name-nonidentifier-name	https://raw.githubusercontent.com/jentic/jentic-public-apis/eb9d12a2684b0fbcb5aecf51e8ae54dba0929743/apis/openapi/planday.com/main/1.0.0/meta/import/output-bundle.json	eb9d12a2684b0fbcb5aecf51e8ae54dba0929743	64a8a53428fb3ff362972af7e3f528c19b21d3339ee99d3f75d57556dddb1fb3	30	failed: no evidenced publisher redistribution grant (document licence: none); jentic redistribution: CC0-1.0	not-run: licence screen failed	not-run: licence screen failed	rejected	witness-search-jentic/records.tsv:880
jentic	schema-name-nonidentifier-name	https://raw.githubusercontent.com/jentic/jentic-public-apis/eb9d12a2684b0fbcb5aecf51e8ae54dba0929743/apis/openapi/planday.com/main/1.0.0/meta/import/output-entry.json	eb9d12a2684b0fbcb5aecf51e8ae54dba0929743	e0dab0284ac5d344bc0dc7cfc2e6a73fb707a777198a02b81cdbe90127b42595	30	failed: no evidenced publisher redistribution grant (document licence: none); jentic redistribution: CC0-1.0	not-run: licence screen failed	not-run: licence screen failed	rejected	witness-search-jentic/records.tsv:881
jentic	schema-name-nonidentifier-name	https://raw.githubusercontent.com/jentic/jentic-public-apis/eb9d12a2684b0fbcb5aecf51e8ae54dba0929743/apis/openapi/planday.com/main/1.0.0/openapi.json	eb9d12a2684b0fbcb5aecf51e8ae54dba0929743	64a8a53428fb3ff362972af7e3f528c19b21d3339ee99d3f75d57556dddb1fb3	30	failed: no evidenced publisher redistribution grant (document licence: none); jentic redistribution: CC0-1.0	not-run: licence screen failed	not-run: licence screen failed	rejected	witness-search-jentic/records.tsv:882
jentic	schema-name-nonidentifier-name	https://raw.githubusercontent.com/jentic/jentic-public-apis/eb9d12a2684b0fbcb5aecf51e8ae54dba0929743/apis/openapi/plandayplatformapi/main/v1/meta/import/input-bundle.json	eb9d12a2684b0fbcb5aecf51e8ae54dba0929743	4a4db65c19a1b2dea14cd9a9cde65a2841b35dc7dbb0c07b8adf4c1c2d12c22c	7	failed: no evidenced publisher redistribution grant (document licence: none); jentic redistribution: CC0-1.0	not-run: licence screen failed	not-run: licence screen failed	rejected	witness-search-jentic/records.tsv:883
jentic	schema-name-nonidentifier-name	https://raw.githubusercontent.com/jentic/jentic-public-apis/eb9d12a2684b0fbcb5aecf51e8ae54dba0929743/apis/openapi/plandayplatformapi/main/v1/meta/import/input-entry.json	eb9d12a2684b0fbcb5aecf51e8ae54dba0929743	4a4db65c19a1b2dea14cd9a9cde65a2841b35dc7dbb0c07b8adf4c1c2d12c22c	7	failed: no evidenced publisher redistribution grant (document licence: none); jentic redistribution: CC0-1.0	not-run: licence screen failed	not-run: licence screen failed	rejected	witness-search-jentic/records.tsv:884
jentic	schema-name-nonidentifier-name	https://raw.githubusercontent.com/jentic/jentic-public-apis/eb9d12a2684b0fbcb5aecf51e8ae54dba0929743/apis/openapi/plandayplatformapi/main/v1/meta/import/output-bundle.json	eb9d12a2684b0fbcb5aecf51e8ae54dba0929743	4a4db65c19a1b2dea14cd9a9cde65a2841b35dc7dbb0c07b8adf4c1c2d12c22c	7	failed: no evidenced publisher redistribution grant (document licence: none); jentic redistribution: CC0-1.0	not-run: licence screen failed	not-run: licence screen failed	rejected	witness-search-jentic/records.tsv:885
jentic	schema-name-nonidentifier-name	https://raw.githubusercontent.com/jentic/jentic-public-apis/eb9d12a2684b0fbcb5aecf51e8ae54dba0929743/apis/openapi/plandayplatformapi/main/v1/meta/import/output-entry.json	eb9d12a2684b0fbcb5aecf51e8ae54dba0929743	4a4db65c19a1b2dea14cd9a9cde65a2841b35dc7dbb0c07b8adf4c1c2d12c22c	7	failed: no evidenced publisher redistribution grant (document licence: none); jentic redistribution: CC0-1.0	not-run: licence screen failed	not-run: licence screen failed	rejected	witness-search-jentic/records.tsv:886
jentic	schema-name-nonidentifier-name	https://raw.githubusercontent.com/jentic/jentic-public-apis/eb9d12a2684b0fbcb5aecf51e8ae54dba0929743/apis/openapi/plandayplatformapi/main/v1/openapi.json	eb9d12a2684b0fbcb5aecf51e8ae54dba0929743	4a4db65c19a1b2dea14cd9a9cde65a2841b35dc7dbb0c07b8adf4c1c2d12c22c	7	failed: no evidenced publisher redistribution grant (document licence: none); jentic redistribution: CC0-1.0	not-run: licence screen failed	not-run: licence screen failed	rejected	witness-search-jentic/records.tsv:887
jentic	schema-name-nonidentifier-name	https://raw.githubusercontent.com/jentic/jentic-public-apis/eb9d12a2684b0fbcb5aecf51e8ae54dba0929743/apis/openapi/propexo.com/main/1.0.0/meta/import/input-bundle.json	eb9d12a2684b0fbcb5aecf51e8ae54dba0929743	aca1f0f28495d7818859769413cebbab32c047ca921566c1339b624db099e45a	37	failed: no evidenced publisher redistribution grant (document licence: none); jentic redistribution: CC0-1.0	not-run: licence screen failed	not-run: licence screen failed	rejected	witness-search-jentic/records.tsv:888
jentic	schema-name-nonidentifier-name	https://raw.githubusercontent.com/jentic/jentic-public-apis/eb9d12a2684b0fbcb5aecf51e8ae54dba0929743/apis/openapi/propexo.com/main/1.0.0/meta/import/input-entry.json	eb9d12a2684b0fbcb5aecf51e8ae54dba0929743	aca1f0f28495d7818859769413cebbab32c047ca921566c1339b624db099e45a	37	failed: no evidenced publisher redistribution grant (document licence: none); jentic redistribution: CC0-1.0	not-run: licence screen failed	not-run: licence screen failed	rejected	witness-search-jentic/records.tsv:889
jentic	schema-name-nonidentifier-name	https://raw.githubusercontent.com/jentic/jentic-public-apis/eb9d12a2684b0fbcb5aecf51e8ae54dba0929743/apis/openapi/propexo.com/main/1.0.0/meta/import/output-bundle.json	eb9d12a2684b0fbcb5aecf51e8ae54dba0929743	aca1f0f28495d7818859769413cebbab32c047ca921566c1339b624db099e45a	37	failed: no evidenced publisher redistribution grant (document licence: none); jentic redistribution: CC0-1.0	not-run: licence screen failed	not-run: licence screen failed	rejected	witness-search-jentic/records.tsv:890
jentic	schema-name-nonidentifier-name	https://raw.githubusercontent.com/jentic/jentic-public-apis/eb9d12a2684b0fbcb5aecf51e8ae54dba0929743/apis/openapi/propexo.com/main/1.0.0/meta/import/output-entry.json	eb9d12a2684b0fbcb5aecf51e8ae54dba0929743	aca1f0f28495d7818859769413cebbab32c047ca921566c1339b624db099e45a	37	failed: no evidenced publisher redistribution grant (document licence: none); jentic redistribution: CC0-1.0	not-run: licence screen failed	not-run: licence screen failed	rejected	witness-search-jentic/records.tsv:891
jentic	schema-name-nonidentifier-name	https://raw.githubusercontent.com/jentic/jentic-public-apis/eb9d12a2684b0fbcb5aecf51e8ae54dba0929743/apis/openapi/propexo.com/main/1.0.0/openapi.json	eb9d12a2684b0fbcb5aecf51e8ae54dba0929743	aca1f0f28495d7818859769413cebbab32c047ca921566c1339b624db099e45a	37	failed: no evidenced publisher redistribution grant (document licence: none); jentic redistribution: CC0-1.0	not-run: licence screen failed	not-run: licence screen failed	rejected	witness-search-jentic/records.tsv:892
jentic	schema-name-nonidentifier-name	https://raw.githubusercontent.com/jentic/jentic-public-apis/eb9d12a2684b0fbcb5aecf51e8ae54dba0929743/apis/openapi/signl4.com/main/1/meta/import/input-bundled.json	eb9d12a2684b0fbcb5aecf51e8ae54dba0929743	2c62fbdf2ed746e882d3dbc4650189c5523ab4c8dfc3465b19974563d3b43da0	5	failed: no evidenced publisher redistribution grant (document licence: Derdack GmbH); jentic redistribution: CC0-1.0	not-run: licence screen failed	not-run: licence screen failed	rejected	witness-search-jentic/records.tsv:893
jentic	schema-name-nonidentifier-name	https://raw.githubusercontent.com/jentic/jentic-public-apis/eb9d12a2684b0fbcb5aecf51e8ae54dba0929743/apis/openapi/signl4.com/main/1/meta/import/input-entry.json	eb9d12a2684b0fbcb5aecf51e8ae54dba0929743	26d59147afd964044b7f6da7f9e689d8e2b4ae6d49dce296ad73aa33aa375e38	5	failed: no evidenced publisher redistribution grant (document licence: Derdack GmbH); jentic redistribution: CC0-1.0	not-run: licence screen failed	not-run: licence screen failed	rejected	witness-search-jentic/records.tsv:894
jentic	schema-name-nonidentifier-name	https://raw.githubusercontent.com/jentic/jentic-public-apis/eb9d12a2684b0fbcb5aecf51e8ae54dba0929743/apis/openapi/signl4.com/main/1/meta/import/output-bundled.json	eb9d12a2684b0fbcb5aecf51e8ae54dba0929743	2c62fbdf2ed746e882d3dbc4650189c5523ab4c8dfc3465b19974563d3b43da0	5	failed: no evidenced publisher redistribution grant (document licence: Derdack GmbH); jentic redistribution: CC0-1.0	not-run: licence screen failed	not-run: licence screen failed	rejected	witness-search-jentic/records.tsv:895
jentic	schema-name-nonidentifier-name	https://raw.githubusercontent.com/jentic/jentic-public-apis/eb9d12a2684b0fbcb5aecf51e8ae54dba0929743/apis/openapi/signl4.com/main/1/meta/import/output-entry.json	eb9d12a2684b0fbcb5aecf51e8ae54dba0929743	26d59147afd964044b7f6da7f9e689d8e2b4ae6d49dce296ad73aa33aa375e38	5	failed: no evidenced publisher redistribution grant (document licence: Derdack GmbH); jentic redistribution: CC0-1.0	not-run: licence screen failed	not-run: licence screen failed	rejected	witness-search-jentic/records.tsv:896
jentic	schema-name-nonidentifier-name	https://raw.githubusercontent.com/jentic/jentic-public-apis/eb9d12a2684b0fbcb5aecf51e8ae54dba0929743/apis/openapi/signl4.com/main/1/openapi.json	eb9d12a2684b0fbcb5aecf51e8ae54dba0929743	2c62fbdf2ed746e882d3dbc4650189c5523ab4c8dfc3465b19974563d3b43da0	5	failed: no evidenced publisher redistribution grant (document licence: Derdack GmbH); jentic redistribution: CC0-1.0	not-run: licence screen failed	not-run: licence screen failed	rejected	witness-search-jentic/records.tsv:897
jentic	schema-name-nonidentifier-name	https://raw.githubusercontent.com/jentic/jentic-public-apis/eb9d12a2684b0fbcb5aecf51e8ae54dba0929743/apis/openapi/symanto.net/main/1.0/meta/import/input-bundled.json	eb9d12a2684b0fbcb5aecf51e8ae54dba0929743	2b23196db6d7cc4e4049d878b95a7e2de269bc1c12eee3ca587077c54df5b04b	3	failed: no evidenced publisher redistribution grant (document licence: none); jentic redistribution: CC0-1.0	not-run: licence screen failed	not-run: licence screen failed	rejected	witness-search-jentic/records.tsv:898
jentic	schema-name-nonidentifier-name	https://raw.githubusercontent.com/jentic/jentic-public-apis/eb9d12a2684b0fbcb5aecf51e8ae54dba0929743/apis/openapi/symanto.net/main/1.0/meta/import/input-entry.json	eb9d12a2684b0fbcb5aecf51e8ae54dba0929743	2b23196db6d7cc4e4049d878b95a7e2de269bc1c12eee3ca587077c54df5b04b	3	failed: no evidenced publisher redistribution grant (document licence: none); jentic redistribution: CC0-1.0	not-run: licence screen failed	not-run: licence screen failed	rejected	witness-search-jentic/records.tsv:899
jentic	schema-name-nonidentifier-name	https://raw.githubusercontent.com/jentic/jentic-public-apis/eb9d12a2684b0fbcb5aecf51e8ae54dba0929743/apis/openapi/symanto.net/main/1.0/meta/import/output-bundled.json	eb9d12a2684b0fbcb5aecf51e8ae54dba0929743	2b23196db6d7cc4e4049d878b95a7e2de269bc1c12eee3ca587077c54df5b04b	3	failed: no evidenced publisher redistribution grant (document licence: none); jentic redistribution: CC0-1.0	not-run: licence screen failed	not-run: licence screen failed	rejected	witness-search-jentic/records.tsv:900
jentic	schema-name-nonidentifier-name	https://raw.githubusercontent.com/jentic/jentic-public-apis/eb9d12a2684b0fbcb5aecf51e8ae54dba0929743/apis/openapi/symanto.net/main/1.0/meta/import/output-entry.json	eb9d12a2684b0fbcb5aecf51e8ae54dba0929743	2b23196db6d7cc4e4049d878b95a7e2de269bc1c12eee3ca587077c54df5b04b	3	failed: no evidenced publisher redistribution grant (document licence: none); jentic redistribution: CC0-1.0	not-run: licence screen failed	not-run: licence screen failed	rejected	witness-search-jentic/records.tsv:901
jentic	schema-name-nonidentifier-name	https://raw.githubusercontent.com/jentic/jentic-public-apis/eb9d12a2684b0fbcb5aecf51e8ae54dba0929743/apis/openapi/symanto.net/main/1.0/openapi.json	eb9d12a2684b0fbcb5aecf51e8ae54dba0929743	2b23196db6d7cc4e4049d878b95a7e2de269bc1c12eee3ca587077c54df5b04b	3	failed: no evidenced publisher redistribution grant (document licence: none); jentic redistribution: CC0-1.0	not-run: licence screen failed	not-run: licence screen failed	rejected	witness-search-jentic/records.tsv:902
jentic	schema-name-nonidentifier-name	https://raw.githubusercontent.com/jentic/jentic-public-apis/eb9d12a2684b0fbcb5aecf51e8ae54dba0929743/apis/openapi/talentlyft.com/main/v2/meta/import/input-bundle.json	eb9d12a2684b0fbcb5aecf51e8ae54dba0929743	ce865bd26bdb3365bde072d05eed1a9557493c1914fa8334b20c509997733346	10	failed: no evidenced publisher redistribution grant (document licence: none); jentic redistribution: CC0-1.0	not-run: licence screen failed	not-run: licence screen failed	rejected	witness-search-jentic/records.tsv:903
jentic	schema-name-nonidentifier-name	https://raw.githubusercontent.com/jentic/jentic-public-apis/eb9d12a2684b0fbcb5aecf51e8ae54dba0929743/apis/openapi/talentlyft.com/main/v2/meta/import/input-entry.json	eb9d12a2684b0fbcb5aecf51e8ae54dba0929743	ce865bd26bdb3365bde072d05eed1a9557493c1914fa8334b20c509997733346	10	failed: no evidenced publisher redistribution grant (document licence: none); jentic redistribution: CC0-1.0	not-run: licence screen failed	not-run: licence screen failed	rejected	witness-search-jentic/records.tsv:904
jentic	schema-name-nonidentifier-name	https://raw.githubusercontent.com/jentic/jentic-public-apis/eb9d12a2684b0fbcb5aecf51e8ae54dba0929743/apis/openapi/talentlyft.com/main/v2/meta/import/output-bundle.json	eb9d12a2684b0fbcb5aecf51e8ae54dba0929743	ce865bd26bdb3365bde072d05eed1a9557493c1914fa8334b20c509997733346	10	failed: no evidenced publisher redistribution grant (document licence: none); jentic redistribution: CC0-1.0	not-run: licence screen failed	not-run: licence screen failed	rejected	witness-search-jentic/records.tsv:905
jentic	schema-name-nonidentifier-name	https://raw.githubusercontent.com/jentic/jentic-public-apis/eb9d12a2684b0fbcb5aecf51e8ae54dba0929743/apis/openapi/talentlyft.com/main/v2/meta/import/output-entry.json	eb9d12a2684b0fbcb5aecf51e8ae54dba0929743	ce865bd26bdb3365bde072d05eed1a9557493c1914fa8334b20c509997733346	10	failed: no evidenced publisher redistribution grant (document licence: none); jentic redistribution: CC0-1.0	not-run: licence screen failed	not-run: licence screen failed	rejected	witness-search-jentic/records.tsv:906
jentic	schema-name-nonidentifier-name	https://raw.githubusercontent.com/jentic/jentic-public-apis/eb9d12a2684b0fbcb5aecf51e8ae54dba0929743/apis/openapi/talentlyft.com/main/v2/openapi.json	eb9d12a2684b0fbcb5aecf51e8ae54dba0929743	ce865bd26bdb3365bde072d05eed1a9557493c1914fa8334b20c509997733346	10	failed: no evidenced publisher redistribution grant (document licence: none); jentic redistribution: CC0-1.0	not-run: licence screen failed	not-run: licence screen failed	rejected	witness-search-jentic/records.tsv:907
jentic	schema-name-nonidentifier-name	https://raw.githubusercontent.com/jentic/jentic-public-apis/eb9d12a2684b0fbcb5aecf51e8ae54dba0929743/apis/openapi/teamhood.com/main/v1/meta/import/input-bundle.json	eb9d12a2684b0fbcb5aecf51e8ae54dba0929743	3afac34026c63ba93f024ac25da023c708c551ec3324e450bcf878889ccb7a47	3	failed: no evidenced publisher redistribution grant (document licence: none); jentic redistribution: CC0-1.0	not-run: licence screen failed	not-run: licence screen failed	rejected	witness-search-jentic/records.tsv:908
jentic	schema-name-nonidentifier-name	https://raw.githubusercontent.com/jentic/jentic-public-apis/eb9d12a2684b0fbcb5aecf51e8ae54dba0929743/apis/openapi/teamhood.com/main/v1/meta/import/input-entry.json	eb9d12a2684b0fbcb5aecf51e8ae54dba0929743	18b7f7c6b4b76f69feb6c35d1332668b57d93753a0dc1cb3b321f7da059e875a	3	failed: no evidenced publisher redistribution grant (document licence: none); jentic redistribution: CC0-1.0	not-run: licence screen failed	not-run: licence screen failed	rejected	witness-search-jentic/records.tsv:909
jentic	schema-name-nonidentifier-name	https://raw.githubusercontent.com/jentic/jentic-public-apis/eb9d12a2684b0fbcb5aecf51e8ae54dba0929743/apis/openapi/teamhood.com/main/v1/meta/import/output-bundle.json	eb9d12a2684b0fbcb5aecf51e8ae54dba0929743	3afac34026c63ba93f024ac25da023c708c551ec3324e450bcf878889ccb7a47	3	failed: no evidenced publisher redistribution grant (document licence: none); jentic redistribution: CC0-1.0	not-run: licence screen failed	not-run: licence screen failed	rejected	witness-search-jentic/records.tsv:910
jentic	schema-name-nonidentifier-name	https://raw.githubusercontent.com/jentic/jentic-public-apis/eb9d12a2684b0fbcb5aecf51e8ae54dba0929743/apis/openapi/teamhood.com/main/v1/meta/import/output-entry.json	eb9d12a2684b0fbcb5aecf51e8ae54dba0929743	18b7f7c6b4b76f69feb6c35d1332668b57d93753a0dc1cb3b321f7da059e875a	3	failed: no evidenced publisher redistribution grant (document licence: none); jentic redistribution: CC0-1.0	not-run: licence screen failed	not-run: licence screen failed	rejected	witness-search-jentic/records.tsv:911
jentic	schema-name-nonidentifier-name	https://raw.githubusercontent.com/jentic/jentic-public-apis/eb9d12a2684b0fbcb5aecf51e8ae54dba0929743/apis/openapi/teamhood.com/main/v1/openapi.json	eb9d12a2684b0fbcb5aecf51e8ae54dba0929743	3afac34026c63ba93f024ac25da023c708c551ec3324e450bcf878889ccb7a47	3	failed: no evidenced publisher redistribution grant (document licence: none); jentic redistribution: CC0-1.0	not-run: licence screen failed	not-run: licence screen failed	rejected	witness-search-jentic/records.tsv:912
jentic	schema-name-nonidentifier-name	https://raw.githubusercontent.com/jentic/jentic-public-apis/eb9d12a2684b0fbcb5aecf51e8ae54dba0929743/apis/openapi/tieto.com/main/V1/meta/import/input-bundle.json	eb9d12a2684b0fbcb5aecf51e8ae54dba0929743	ee52cd3b35dd87262bafb340497d5b8e264b5a79043525aad9f515b5e8d7d6c5	7	failed: no evidenced publisher redistribution grant (document licence: none); jentic redistribution: CC0-1.0	not-run: licence screen failed	not-run: licence screen failed	rejected	witness-search-jentic/records.tsv:913
jentic	schema-name-nonidentifier-name	https://raw.githubusercontent.com/jentic/jentic-public-apis/eb9d12a2684b0fbcb5aecf51e8ae54dba0929743/apis/openapi/tieto.com/main/V1/meta/import/input-entry.json	eb9d12a2684b0fbcb5aecf51e8ae54dba0929743	ee52cd3b35dd87262bafb340497d5b8e264b5a79043525aad9f515b5e8d7d6c5	7	failed: no evidenced publisher redistribution grant (document licence: none); jentic redistribution: CC0-1.0	not-run: licence screen failed	not-run: licence screen failed	rejected	witness-search-jentic/records.tsv:914
jentic	schema-name-nonidentifier-name	https://raw.githubusercontent.com/jentic/jentic-public-apis/eb9d12a2684b0fbcb5aecf51e8ae54dba0929743/apis/openapi/tieto.com/main/V1/meta/import/output-bundle.json	eb9d12a2684b0fbcb5aecf51e8ae54dba0929743	ee52cd3b35dd87262bafb340497d5b8e264b5a79043525aad9f515b5e8d7d6c5	7	failed: no evidenced publisher redistribution grant (document licence: none); jentic redistribution: CC0-1.0	not-run: licence screen failed	not-run: licence screen failed	rejected	witness-search-jentic/records.tsv:915
jentic	schema-name-nonidentifier-name	https://raw.githubusercontent.com/jentic/jentic-public-apis/eb9d12a2684b0fbcb5aecf51e8ae54dba0929743/apis/openapi/tieto.com/main/V1/meta/import/output-entry.json	eb9d12a2684b0fbcb5aecf51e8ae54dba0929743	ee52cd3b35dd87262bafb340497d5b8e264b5a79043525aad9f515b5e8d7d6c5	7	failed: no evidenced publisher redistribution grant (document licence: none); jentic redistribution: CC0-1.0	not-run: licence screen failed	not-run: licence screen failed	rejected	witness-search-jentic/records.tsv:916
jentic	schema-name-nonidentifier-name	https://raw.githubusercontent.com/jentic/jentic-public-apis/eb9d12a2684b0fbcb5aecf51e8ae54dba0929743/apis/openapi/tieto.com/main/V1/openapi.json	eb9d12a2684b0fbcb5aecf51e8ae54dba0929743	ee52cd3b35dd87262bafb340497d5b8e264b5a79043525aad9f515b5e8d7d6c5	7	failed: no evidenced publisher redistribution grant (document licence: none); jentic redistribution: CC0-1.0	not-run: licence screen failed	not-run: licence screen failed	rejected	witness-search-jentic/records.tsv:917
jentic	schema-name-nonidentifier-name	https://raw.githubusercontent.com/jentic/jentic-public-apis/eb9d12a2684b0fbcb5aecf51e8ae54dba0929743/apis/openapi/zenegy.com/main/v2/meta/import/input-bundle.json	eb9d12a2684b0fbcb5aecf51e8ae54dba0929743	89ae41e462abf0a72ee918d89321bb0d0421cc177a6c292d0d5c38796e64e832	8	failed: no evidenced publisher redistribution grant (document licence: none); jentic redistribution: CC0-1.0	not-run: licence screen failed	not-run: licence screen failed	rejected	witness-search-jentic/records.tsv:918
jentic	schema-name-nonidentifier-name	https://raw.githubusercontent.com/jentic/jentic-public-apis/eb9d12a2684b0fbcb5aecf51e8ae54dba0929743/apis/openapi/zenegy.com/main/v2/meta/import/input-entry.json	eb9d12a2684b0fbcb5aecf51e8ae54dba0929743	89ae41e462abf0a72ee918d89321bb0d0421cc177a6c292d0d5c38796e64e832	8	failed: no evidenced publisher redistribution grant (document licence: none); jentic redistribution: CC0-1.0	not-run: licence screen failed	not-run: licence screen failed	rejected	witness-search-jentic/records.tsv:919
jentic	schema-name-nonidentifier-name	https://raw.githubusercontent.com/jentic/jentic-public-apis/eb9d12a2684b0fbcb5aecf51e8ae54dba0929743/apis/openapi/zenegy.com/main/v2/meta/import/output-bundle.json	eb9d12a2684b0fbcb5aecf51e8ae54dba0929743	89ae41e462abf0a72ee918d89321bb0d0421cc177a6c292d0d5c38796e64e832	8	failed: no evidenced publisher redistribution grant (document licence: none); jentic redistribution: CC0-1.0	not-run: licence screen failed	not-run: licence screen failed	rejected	witness-search-jentic/records.tsv:920
jentic	schema-name-nonidentifier-name	https://raw.githubusercontent.com/jentic/jentic-public-apis/eb9d12a2684b0fbcb5aecf51e8ae54dba0929743/apis/openapi/zenegy.com/main/v2/meta/import/output-entry.json	eb9d12a2684b0fbcb5aecf51e8ae54dba0929743	89ae41e462abf0a72ee918d89321bb0d0421cc177a6c292d0d5c38796e64e832	8	failed: no evidenced publisher redistribution grant (document licence: none); jentic redistribution: CC0-1.0	not-run: licence screen failed	not-run: licence screen failed	rejected	witness-search-jentic/records.tsv:921
jentic	schema-name-nonidentifier-name	https://raw.githubusercontent.com/jentic/jentic-public-apis/eb9d12a2684b0fbcb5aecf51e8ae54dba0929743/apis/openapi/zenegy.com/main/v2/openapi.json	eb9d12a2684b0fbcb5aecf51e8ae54dba0929743	89ae41e462abf0a72ee918d89321bb0d0421cc177a6c292d0d5c38796e64e832	8	failed: no evidenced publisher redistribution grant (document licence: none); jentic redistribution: CC0-1.0	not-run: licence screen failed	not-run: licence screen failed	rejected	witness-search-jentic/records.tsv:922
