key	kind	subject	result	file
*	wait	github-publisher-trees guard log raw-github-calls.jsonl	251 entries	raw-github-calls.jsonl
*	wait	github-publisher-trees guard log raw-github-waits.jsonl	247 entries	raw-github-waits.jsonl
annotated-ref-shape	document	.github/fern/openapi/openapi.json	census 3	enumeration.tsv.gz
annotated-ref-shape	document	docs/openapi.json	census 3	enumeration.tsv.gz
annotated-ref-shape	document	docs/public/apostrophecms-openapi.yaml	census 2	enumeration.tsv.gz
annotated-ref-shape	document	openapi-specs/access/insights/1.0/DataResource.yaml	census 21	enumeration.tsv.gz
annotated-ref-shape	document	openapi-specs/access/insights/1.0/DataResourceCustom.yaml	census 24	enumeration.tsv.gz
annotated-ref-shape	document	openapi-specs/access/insights/1.0/DataResourceExport.yaml	census 32	enumeration.tsv.gz
annotated-ref-shape	document	openapi-specs/access/insights/2.0/DataResource.yaml	census 21	enumeration.tsv.gz
annotated-ref-shape	document	openapi-specs/access/insights/2.0/DataResourceCustom.yaml	census 24	enumeration.tsv.gz
annotated-ref-shape	document	openapi-specs/access/insights/2.0/DataResourceExport.yaml	census 32	enumeration.tsv.gz
annotated-ref-shape	document	openapi-specs/cspm/AccountGroups.json	census 1	enumeration.tsv.gz
annotated-ref-shape	document	openapi-specs/cspm/AlertRules.json	census 4	enumeration.tsv.gz
annotated-ref-shape	document	openapi-specs/cspm/Alerts.json	census 23	enumeration.tsv.gz
annotated-ref-shape	document	openapi-specs/cspm/AssetExplorer.json	census 7	enumeration.tsv.gz
annotated-ref-shape	document	openapi-specs/cspm/AssetInventory.json	census 5	enumeration.tsv.gz
annotated-ref-shape	document	openapi-specs/cspm/CompliancePosture.json	census 11	enumeration.tsv.gz
annotated-ref-shape	document	openapi-specs/cspm/DataSecurityDashboard.json	census 6	enumeration.tsv.gz
annotated-ref-shape	document	openapi-specs/cspm/DataSecurityInventory.json	census 5	enumeration.tsv.gz
annotated-ref-shape	document	openapi-specs/cspm/DataSecuritySettings.json	census 7	enumeration.tsv.gz
annotated-ref-shape	document	openapi-specs/cspm/IntegrationsPull.json	census 6	enumeration.tsv.gz
annotated-ref-shape	document	openapi-specs/cspm/Policy.json	census 18	enumeration.tsv.gz
annotated-ref-shape	document	openapi-specs/cspm/Reports.json	census 16	enumeration.tsv.gz
annotated-ref-shape	document	openapi-specs/cspm/ResourceExplorer.json	census 1	enumeration.tsv.gz
annotated-ref-shape	document	openapi-specs/cspm/SearchManager.json	census 4	enumeration.tsv.gz
annotated-ref-shape	document	openapi-specs/cspm/UserProfile.json	census 2	enumeration.tsv.gz
annotated-ref-shape	document	openapi-specs/cspm/UserRoles.json	census 2	enumeration.tsv.gz
annotated-ref-shape	document	openapi-specs/cspm/Widgets.json	census 4	enumeration.tsv.gz
annotated-ref-shape	document	openapi-specs/cspm/consolidated_spec/cspm_spec.json	census 91	enumeration.tsv.gz
annotated-ref-shape	document	openapi-specs/prisma-browser/PrismaAccess-Browser-Management-latest.yaml	census 48	enumeration.tsv.gz
annotated-ref-shape	document	openapi-specs/sase/mt-monitor/paloaltonetworks-MSP_Monitoring.yaml	census 14	enumeration.tsv.gz
annotated-ref-shape	document	openapi/teslatlas-v1.openapi.json	census 1	enumeration.tsv.gz
annotated-ref-shape	document	packages/apostrophecms-openapi/apostrophecms-openapi.yaml	census 2	enumeration.tsv.gz
annotated-ref-shape	document	packages/openapi-generator/templates/base-spec.yaml	census 2	enumeration.tsv.gz
annotated-ref-shape	document	protocol/source/openapi/teslatlas-v1.openapi.json	census 1	enumeration.tsv.gz
annotated-ref-shape	document	spec/json/twilio_intelligence_v3.json	census 2	enumeration.tsv.gz
annotated-ref-shape	document	spec/yaml/twilio_intelligence_v3.yaml	census 2	enumeration.tsv.gz
annotated-ref-shape	walk	Adyen/adyen-openapi@f82d1fe674e536cc2c6b0d7946e0e827873a4fbf	258	pins.tsv
annotated-ref-shape	walk	Alia5/steaminputdb.com@a2bd0c37fd3d22e6b9e153b49e9a6e7de5a00393	30	pins.tsv
annotated-ref-shape	walk	BreydenSummers/Waypoint@6eaa6f3ada167561c8d620d3f5148d4b22b65497	79	pins.tsv
annotated-ref-shape	walk	Chocobozzz/PeerTube@faa76bad2c1969a088ef1df38dc666dfe7259b5c	285	pins.tsv
annotated-ref-shape	walk	ChurchSuite/churchsuite-api@8464fbfc6290b6d84a71e728e802d693a7d8ffc2	12	pins.tsv
annotated-ref-shape	walk	Cosmian/kms@d3e5d8693ab7fee328a2185e53fda76efd09e8d9	226	pins.tsv
annotated-ref-shape	walk	Helicone/helicone@067d9290acb4f1fc9320e902fc67b4b399b50363	327	pins.tsv
annotated-ref-shape	walk	Lifetron710/atlas@4613aac6d5da72cce831c79157af9d495dfd25b8	12	pins.tsv
annotated-ref-shape	walk	OpenBanking-Brasil/specs-directory@37423cbc93982e05eac255db6226ed599a5baace	2	pins.tsv
annotated-ref-shape	walk	PaloAltoNetworks/pan.dev@4e989cdd4bbda669dc73c0d3f5db90bb4989bee3	441	pins.tsv
annotated-ref-shape	walk	PaulKov/dpone@7da0e0e6b873eedacb097ddbf1ddb2a961fa1ebb	1307	pins.tsv
annotated-ref-shape	walk	VinhDat267/ATI_Project@cd26cea1a236e7f5a2514ce54cab73ed409f3c69	193	pins.tsv
annotated-ref-shape	walk	WithSecureOpenSource/gdpr-subject-rights-api@0d2775dbf1c0830671a9efd878f03ae1eaf97995	1	pins.tsv
annotated-ref-shape	walk	agenticdriver/agenticdriver@fb851f577341699decf232d1f556a73b545758bf	24	pins.tsv
annotated-ref-shape	walk	apostrophecms/apostrophe@14eab51cfa6114f9d98b6c6acb600564fc734587	258	pins.tsv
annotated-ref-shape	walk	apostrophecms/docs@125bb97075a87d8a1dffe5e765ebeb05af0c4c13	5	pins.tsv
annotated-ref-shape	walk	auto-agent-protocol/auto-agent-protocol@5d31c27b11c36a018754f34830954d836a55afe5	525	pins.tsv
annotated-ref-shape	walk	cnorlander/BuildRelay@e5f47309d1ca6fd28267de041e7ed2f61e477723	4	pins.tsv
annotated-ref-shape	walk	emergentmethods/flowdapt@e8f34d411564e6c0e6542fe67d0604c23de1cf91	23	pins.tsv
annotated-ref-shape	walk	github/rest-api-description@3cef12e8a02d612ad032473d4fb87266f2befeae	384	pins.tsv
annotated-ref-shape	walk	kubernetes/kubernetes@b0e6417568f530e79579c5bcd6bbeac799a47669	65	pins.tsv
annotated-ref-shape	walk	kushin77/agent-orchestrator@9ae4441d1aca473286be9de0e69f87ab9b8daa25	564	pins.tsv
annotated-ref-shape	walk	kytos-ng/sdntrace_cp@269f4482ecd4125dc1c115e059dbce26b7269216	2	pins.tsv
annotated-ref-shape	walk	livepeer/ai-runner@50a742cee7c5789ef4a10f8117f30de3758366a9	26	pins.tsv
annotated-ref-shape	walk	magrathean-uk/teslatlas-protocol@e33a296d26fcef3936ccaf61ccc73b0f7469b7a2	118	pins.tsv
annotated-ref-shape	walk	magrathean-uk/teslatlas-sdk-typescript@beb79c922d130722c88ffd009300a00f20ea0a1b	128	pins.tsv
annotated-ref-shape	walk	mongodb/openapi@1e4aeea7d2d63f749bcae619cf836fbe52c62447	63	pins.tsv
annotated-ref-shape	walk	roryqueue/cowards-game@1e368dd81d96dcb458ff78975a107c2d9b260ef9	528	pins.tsv
annotated-ref-shape	walk	truefoundry/trueforge@5adde289683b642203b06b39ca687e9d977ca7a5	69	pins.tsv
annotated-ref-shape	walk	twilio/twilio-oai@5aa7f31977ce5812f7b7bc1f46a38555ebaa2888	120	pins.tsv
anyof-allof-variant	document	descriptions-next/api.github.com/api.github.com.2022-11-28.json	census 1	enumeration.tsv.gz
anyof-allof-variant	document	descriptions-next/api.github.com/api.github.com.2022-11-28.yaml	census 1	enumeration.tsv.gz
anyof-allof-variant	document	descriptions-next/api.github.com/api.github.com.2026-03-10.json	census 1	enumeration.tsv.gz
anyof-allof-variant	document	descriptions-next/api.github.com/api.github.com.2026-03-10.yaml	census 1	enumeration.tsv.gz
anyof-allof-variant	document	descriptions-next/api.github.com/api.github.com.json	census 1	enumeration.tsv.gz
anyof-allof-variant	document	descriptions-next/api.github.com/api.github.com.yaml	census 1	enumeration.tsv.gz
anyof-allof-variant	document	descriptions-next/api.github.com/dereferenced/api.github.com.2022-11-28.deref.json	census 6	enumeration.tsv.gz
anyof-allof-variant	document	descriptions-next/api.github.com/dereferenced/api.github.com.2022-11-28.deref.yaml	census 6	enumeration.tsv.gz
anyof-allof-variant	document	descriptions-next/api.github.com/dereferenced/api.github.com.2026-03-10.deref.json	census 6	enumeration.tsv.gz
anyof-allof-variant	document	descriptions-next/api.github.com/dereferenced/api.github.com.2026-03-10.deref.yaml	census 6	enumeration.tsv.gz
anyof-allof-variant	document	descriptions-next/api.github.com/dereferenced/api.github.com.deref.json	census 6	enumeration.tsv.gz
anyof-allof-variant	document	descriptions-next/api.github.com/dereferenced/api.github.com.deref.yaml	census 6	enumeration.tsv.gz
anyof-allof-variant	document	descriptions-next/ghec/dereferenced/ghec.2022-11-28.deref.json	census 6	enumeration.tsv.gz
anyof-allof-variant	document	descriptions-next/ghec/dereferenced/ghec.2022-11-28.deref.yaml	census 6	enumeration.tsv.gz
anyof-allof-variant	document	descriptions-next/ghec/dereferenced/ghec.2026-03-10.deref.json	census 6	enumeration.tsv.gz
anyof-allof-variant	document	descriptions-next/ghec/dereferenced/ghec.2026-03-10.deref.yaml	census 6	enumeration.tsv.gz
anyof-allof-variant	document	descriptions-next/ghec/dereferenced/ghec.deref.json	census 6	enumeration.tsv.gz
anyof-allof-variant	document	descriptions-next/ghec/dereferenced/ghec.deref.yaml	census 6	enumeration.tsv.gz
anyof-allof-variant	document	descriptions-next/ghec/ghec.2022-11-28.json	census 1	enumeration.tsv.gz
anyof-allof-variant	document	descriptions-next/ghec/ghec.2022-11-28.yaml	census 1	enumeration.tsv.gz
anyof-allof-variant	document	descriptions-next/ghec/ghec.2026-03-10.json	census 1	enumeration.tsv.gz
anyof-allof-variant	document	descriptions-next/ghec/ghec.2026-03-10.yaml	census 1	enumeration.tsv.gz
anyof-allof-variant	document	descriptions-next/ghec/ghec.json	census 1	enumeration.tsv.gz
anyof-allof-variant	document	descriptions-next/ghec/ghec.yaml	census 1	enumeration.tsv.gz
anyof-allof-variant	document	descriptions/api.github.com/api.github.com.2022-11-28.json	census 1	enumeration.tsv.gz
anyof-allof-variant	document	descriptions/api.github.com/api.github.com.2022-11-28.yaml	census 1	enumeration.tsv.gz
anyof-allof-variant	document	descriptions/api.github.com/api.github.com.2026-03-10.json	census 1	enumeration.tsv.gz
anyof-allof-variant	document	descriptions/api.github.com/api.github.com.2026-03-10.yaml	census 1	enumeration.tsv.gz
anyof-allof-variant	document	descriptions/api.github.com/api.github.com.json	census 1	enumeration.tsv.gz
anyof-allof-variant	document	descriptions/api.github.com/api.github.com.yaml	census 1	enumeration.tsv.gz
anyof-allof-variant	document	descriptions/api.github.com/dereferenced/api.github.com.2022-11-28.deref.json	census 6	enumeration.tsv.gz
anyof-allof-variant	document	descriptions/api.github.com/dereferenced/api.github.com.2022-11-28.deref.yaml	census 6	enumeration.tsv.gz
anyof-allof-variant	document	descriptions/api.github.com/dereferenced/api.github.com.2026-03-10.deref.json	census 6	enumeration.tsv.gz
anyof-allof-variant	document	descriptions/api.github.com/dereferenced/api.github.com.2026-03-10.deref.yaml	census 6	enumeration.tsv.gz
anyof-allof-variant	document	descriptions/api.github.com/dereferenced/api.github.com.deref.json	census 6	enumeration.tsv.gz
anyof-allof-variant	document	descriptions/api.github.com/dereferenced/api.github.com.deref.yaml	census 6	enumeration.tsv.gz
anyof-allof-variant	document	descriptions/ghec/dereferenced/ghec.2022-11-28.deref.json	census 6	enumeration.tsv.gz
anyof-allof-variant	document	descriptions/ghec/dereferenced/ghec.2022-11-28.deref.yaml	census 6	enumeration.tsv.gz
anyof-allof-variant	document	descriptions/ghec/dereferenced/ghec.2026-03-10.deref.json	census 6	enumeration.tsv.gz
anyof-allof-variant	document	descriptions/ghec/dereferenced/ghec.2026-03-10.deref.yaml	census 6	enumeration.tsv.gz
anyof-allof-variant	document	descriptions/ghec/dereferenced/ghec.deref.json	census 6	enumeration.tsv.gz
anyof-allof-variant	document	descriptions/ghec/dereferenced/ghec.deref.yaml	census 6	enumeration.tsv.gz
anyof-allof-variant	document	descriptions/ghec/ghec.2022-11-28.json	census 1	enumeration.tsv.gz
anyof-allof-variant	document	descriptions/ghec/ghec.2022-11-28.yaml	census 1	enumeration.tsv.gz
anyof-allof-variant	document	descriptions/ghec/ghec.2026-03-10.json	census 1	enumeration.tsv.gz
anyof-allof-variant	document	descriptions/ghec/ghec.2026-03-10.yaml	census 1	enumeration.tsv.gz
anyof-allof-variant	document	descriptions/ghec/ghec.json	census 1	enumeration.tsv.gz
anyof-allof-variant	document	descriptions/ghec/ghec.yaml	census 1	enumeration.tsv.gz
anyof-allof-variant	document	valhalla/jawn/src/tsoa-build/private/swagger.json	census 1	enumeration.tsv.gz
anyof-allof-variant	document	web/lib/clients/jawnTypes/private.json	census 1	enumeration.tsv.gz
anyof-allof-variant	walk	Adyen/adyen-openapi@f82d1fe674e536cc2c6b0d7946e0e827873a4fbf	258	pins.tsv
anyof-allof-variant	walk	Alia5/steaminputdb.com@a2bd0c37fd3d22e6b9e153b49e9a6e7de5a00393	30	pins.tsv
anyof-allof-variant	walk	BreydenSummers/Waypoint@6eaa6f3ada167561c8d620d3f5148d4b22b65497	79	pins.tsv
anyof-allof-variant	walk	Chocobozzz/PeerTube@faa76bad2c1969a088ef1df38dc666dfe7259b5c	285	pins.tsv
anyof-allof-variant	walk	ChurchSuite/churchsuite-api@8464fbfc6290b6d84a71e728e802d693a7d8ffc2	12	pins.tsv
anyof-allof-variant	walk	Cosmian/kms@d3e5d8693ab7fee328a2185e53fda76efd09e8d9	226	pins.tsv
anyof-allof-variant	walk	Helicone/helicone@067d9290acb4f1fc9320e902fc67b4b399b50363	327	pins.tsv
anyof-allof-variant	walk	Lifetron710/atlas@4613aac6d5da72cce831c79157af9d495dfd25b8	12	pins.tsv
anyof-allof-variant	walk	OpenBanking-Brasil/specs-directory@37423cbc93982e05eac255db6226ed599a5baace	2	pins.tsv
anyof-allof-variant	walk	PaloAltoNetworks/pan.dev@4e989cdd4bbda669dc73c0d3f5db90bb4989bee3	441	pins.tsv
anyof-allof-variant	walk	PaulKov/dpone@7da0e0e6b873eedacb097ddbf1ddb2a961fa1ebb	1307	pins.tsv
anyof-allof-variant	walk	VinhDat267/ATI_Project@cd26cea1a236e7f5a2514ce54cab73ed409f3c69	193	pins.tsv
anyof-allof-variant	walk	WithSecureOpenSource/gdpr-subject-rights-api@0d2775dbf1c0830671a9efd878f03ae1eaf97995	1	pins.tsv
anyof-allof-variant	walk	agenticdriver/agenticdriver@fb851f577341699decf232d1f556a73b545758bf	24	pins.tsv
anyof-allof-variant	walk	apostrophecms/apostrophe@14eab51cfa6114f9d98b6c6acb600564fc734587	258	pins.tsv
anyof-allof-variant	walk	apostrophecms/docs@125bb97075a87d8a1dffe5e765ebeb05af0c4c13	5	pins.tsv
anyof-allof-variant	walk	auto-agent-protocol/auto-agent-protocol@5d31c27b11c36a018754f34830954d836a55afe5	525	pins.tsv
anyof-allof-variant	walk	cnorlander/BuildRelay@e5f47309d1ca6fd28267de041e7ed2f61e477723	4	pins.tsv
anyof-allof-variant	walk	emergentmethods/flowdapt@e8f34d411564e6c0e6542fe67d0604c23de1cf91	23	pins.tsv
anyof-allof-variant	walk	github/rest-api-description@3cef12e8a02d612ad032473d4fb87266f2befeae	384	pins.tsv
anyof-allof-variant	walk	kubernetes/kubernetes@b0e6417568f530e79579c5bcd6bbeac799a47669	65	pins.tsv
anyof-allof-variant	walk	kushin77/agent-orchestrator@9ae4441d1aca473286be9de0e69f87ab9b8daa25	564	pins.tsv
anyof-allof-variant	walk	kytos-ng/sdntrace_cp@269f4482ecd4125dc1c115e059dbce26b7269216	2	pins.tsv
anyof-allof-variant	walk	livepeer/ai-runner@50a742cee7c5789ef4a10f8117f30de3758366a9	26	pins.tsv
anyof-allof-variant	walk	magrathean-uk/teslatlas-protocol@e33a296d26fcef3936ccaf61ccc73b0f7469b7a2	118	pins.tsv
anyof-allof-variant	walk	magrathean-uk/teslatlas-sdk-typescript@beb79c922d130722c88ffd009300a00f20ea0a1b	128	pins.tsv
anyof-allof-variant	walk	mongodb/openapi@1e4aeea7d2d63f749bcae619cf836fbe52c62447	63	pins.tsv
anyof-allof-variant	walk	roryqueue/cowards-game@1e368dd81d96dcb458ff78975a107c2d9b260ef9	528	pins.tsv
anyof-allof-variant	walk	truefoundry/trueforge@5adde289683b642203b06b39ca687e9d977ca7a5	69	pins.tsv
anyof-allof-variant	walk	twilio/twilio-oai@5aa7f31977ce5812f7b7bc1f46a38555ebaa2888	120	pins.tsv
anyof-array-variant-annotated-ref-item	walk	Adyen/adyen-openapi@f82d1fe674e536cc2c6b0d7946e0e827873a4fbf	258	pins.tsv
anyof-array-variant-annotated-ref-item	walk	Alia5/steaminputdb.com@a2bd0c37fd3d22e6b9e153b49e9a6e7de5a00393	30	pins.tsv
anyof-array-variant-annotated-ref-item	walk	BreydenSummers/Waypoint@6eaa6f3ada167561c8d620d3f5148d4b22b65497	79	pins.tsv
anyof-array-variant-annotated-ref-item	walk	Chocobozzz/PeerTube@faa76bad2c1969a088ef1df38dc666dfe7259b5c	285	pins.tsv
anyof-array-variant-annotated-ref-item	walk	ChurchSuite/churchsuite-api@8464fbfc6290b6d84a71e728e802d693a7d8ffc2	12	pins.tsv
anyof-array-variant-annotated-ref-item	walk	Cosmian/kms@d3e5d8693ab7fee328a2185e53fda76efd09e8d9	226	pins.tsv
anyof-array-variant-annotated-ref-item	walk	Helicone/helicone@067d9290acb4f1fc9320e902fc67b4b399b50363	327	pins.tsv
anyof-array-variant-annotated-ref-item	walk	Lifetron710/atlas@4613aac6d5da72cce831c79157af9d495dfd25b8	12	pins.tsv
anyof-array-variant-annotated-ref-item	walk	OpenBanking-Brasil/specs-directory@37423cbc93982e05eac255db6226ed599a5baace	2	pins.tsv
anyof-array-variant-annotated-ref-item	walk	PaloAltoNetworks/pan.dev@4e989cdd4bbda669dc73c0d3f5db90bb4989bee3	441	pins.tsv
anyof-array-variant-annotated-ref-item	walk	PaulKov/dpone@7da0e0e6b873eedacb097ddbf1ddb2a961fa1ebb	1307	pins.tsv
anyof-array-variant-annotated-ref-item	walk	VinhDat267/ATI_Project@cd26cea1a236e7f5a2514ce54cab73ed409f3c69	193	pins.tsv
anyof-array-variant-annotated-ref-item	walk	WithSecureOpenSource/gdpr-subject-rights-api@0d2775dbf1c0830671a9efd878f03ae1eaf97995	1	pins.tsv
anyof-array-variant-annotated-ref-item	walk	agenticdriver/agenticdriver@fb851f577341699decf232d1f556a73b545758bf	24	pins.tsv
anyof-array-variant-annotated-ref-item	walk	apostrophecms/apostrophe@14eab51cfa6114f9d98b6c6acb600564fc734587	258	pins.tsv
anyof-array-variant-annotated-ref-item	walk	apostrophecms/docs@125bb97075a87d8a1dffe5e765ebeb05af0c4c13	5	pins.tsv
anyof-array-variant-annotated-ref-item	walk	auto-agent-protocol/auto-agent-protocol@5d31c27b11c36a018754f34830954d836a55afe5	525	pins.tsv
anyof-array-variant-annotated-ref-item	walk	cnorlander/BuildRelay@e5f47309d1ca6fd28267de041e7ed2f61e477723	4	pins.tsv
anyof-array-variant-annotated-ref-item	walk	emergentmethods/flowdapt@e8f34d411564e6c0e6542fe67d0604c23de1cf91	23	pins.tsv
anyof-array-variant-annotated-ref-item	walk	github/rest-api-description@3cef12e8a02d612ad032473d4fb87266f2befeae	384	pins.tsv
anyof-array-variant-annotated-ref-item	walk	kubernetes/kubernetes@b0e6417568f530e79579c5bcd6bbeac799a47669	65	pins.tsv
anyof-array-variant-annotated-ref-item	walk	kushin77/agent-orchestrator@9ae4441d1aca473286be9de0e69f87ab9b8daa25	564	pins.tsv
anyof-array-variant-annotated-ref-item	walk	kytos-ng/sdntrace_cp@269f4482ecd4125dc1c115e059dbce26b7269216	2	pins.tsv
anyof-array-variant-annotated-ref-item	walk	livepeer/ai-runner@50a742cee7c5789ef4a10f8117f30de3758366a9	26	pins.tsv
anyof-array-variant-annotated-ref-item	walk	magrathean-uk/teslatlas-protocol@e33a296d26fcef3936ccaf61ccc73b0f7469b7a2	118	pins.tsv
anyof-array-variant-annotated-ref-item	walk	magrathean-uk/teslatlas-sdk-typescript@beb79c922d130722c88ffd009300a00f20ea0a1b	128	pins.tsv
anyof-array-variant-annotated-ref-item	walk	mongodb/openapi@1e4aeea7d2d63f749bcae619cf836fbe52c62447	63	pins.tsv
anyof-array-variant-annotated-ref-item	walk	roryqueue/cowards-game@1e368dd81d96dcb458ff78975a107c2d9b260ef9	528	pins.tsv
anyof-array-variant-annotated-ref-item	walk	truefoundry/trueforge@5adde289683b642203b06b39ca687e9d977ca7a5	69	pins.tsv
anyof-array-variant-annotated-ref-item	walk	twilio/twilio-oai@5aa7f31977ce5812f7b7bc1f46a38555ebaa2888	120	pins.tsv
anyof-array-variant-composed-item	walk	Adyen/adyen-openapi@f82d1fe674e536cc2c6b0d7946e0e827873a4fbf	258	pins.tsv
anyof-array-variant-composed-item	walk	Alia5/steaminputdb.com@a2bd0c37fd3d22e6b9e153b49e9a6e7de5a00393	30	pins.tsv
anyof-array-variant-composed-item	walk	BreydenSummers/Waypoint@6eaa6f3ada167561c8d620d3f5148d4b22b65497	79	pins.tsv
anyof-array-variant-composed-item	walk	Chocobozzz/PeerTube@faa76bad2c1969a088ef1df38dc666dfe7259b5c	285	pins.tsv
anyof-array-variant-composed-item	walk	ChurchSuite/churchsuite-api@8464fbfc6290b6d84a71e728e802d693a7d8ffc2	12	pins.tsv
anyof-array-variant-composed-item	walk	Cosmian/kms@d3e5d8693ab7fee328a2185e53fda76efd09e8d9	226	pins.tsv
anyof-array-variant-composed-item	walk	Helicone/helicone@067d9290acb4f1fc9320e902fc67b4b399b50363	327	pins.tsv
anyof-array-variant-composed-item	walk	Lifetron710/atlas@4613aac6d5da72cce831c79157af9d495dfd25b8	12	pins.tsv
anyof-array-variant-composed-item	walk	OpenBanking-Brasil/specs-directory@37423cbc93982e05eac255db6226ed599a5baace	2	pins.tsv
anyof-array-variant-composed-item	walk	PaloAltoNetworks/pan.dev@4e989cdd4bbda669dc73c0d3f5db90bb4989bee3	441	pins.tsv
anyof-array-variant-composed-item	walk	PaulKov/dpone@7da0e0e6b873eedacb097ddbf1ddb2a961fa1ebb	1307	pins.tsv
anyof-array-variant-composed-item	walk	VinhDat267/ATI_Project@cd26cea1a236e7f5a2514ce54cab73ed409f3c69	193	pins.tsv
anyof-array-variant-composed-item	walk	WithSecureOpenSource/gdpr-subject-rights-api@0d2775dbf1c0830671a9efd878f03ae1eaf97995	1	pins.tsv
anyof-array-variant-composed-item	walk	agenticdriver/agenticdriver@fb851f577341699decf232d1f556a73b545758bf	24	pins.tsv
anyof-array-variant-composed-item	walk	apostrophecms/apostrophe@14eab51cfa6114f9d98b6c6acb600564fc734587	258	pins.tsv
anyof-array-variant-composed-item	walk	apostrophecms/docs@125bb97075a87d8a1dffe5e765ebeb05af0c4c13	5	pins.tsv
anyof-array-variant-composed-item	walk	auto-agent-protocol/auto-agent-protocol@5d31c27b11c36a018754f34830954d836a55afe5	525	pins.tsv
anyof-array-variant-composed-item	walk	cnorlander/BuildRelay@e5f47309d1ca6fd28267de041e7ed2f61e477723	4	pins.tsv
anyof-array-variant-composed-item	walk	emergentmethods/flowdapt@e8f34d411564e6c0e6542fe67d0604c23de1cf91	23	pins.tsv
anyof-array-variant-composed-item	walk	github/rest-api-description@3cef12e8a02d612ad032473d4fb87266f2befeae	384	pins.tsv
anyof-array-variant-composed-item	walk	kubernetes/kubernetes@b0e6417568f530e79579c5bcd6bbeac799a47669	65	pins.tsv
anyof-array-variant-composed-item	walk	kushin77/agent-orchestrator@9ae4441d1aca473286be9de0e69f87ab9b8daa25	564	pins.tsv
anyof-array-variant-composed-item	walk	kytos-ng/sdntrace_cp@269f4482ecd4125dc1c115e059dbce26b7269216	2	pins.tsv
anyof-array-variant-composed-item	walk	livepeer/ai-runner@50a742cee7c5789ef4a10f8117f30de3758366a9	26	pins.tsv
anyof-array-variant-composed-item	walk	magrathean-uk/teslatlas-protocol@e33a296d26fcef3936ccaf61ccc73b0f7469b7a2	118	pins.tsv
anyof-array-variant-composed-item	walk	magrathean-uk/teslatlas-sdk-typescript@beb79c922d130722c88ffd009300a00f20ea0a1b	128	pins.tsv
anyof-array-variant-composed-item	walk	mongodb/openapi@1e4aeea7d2d63f749bcae619cf836fbe52c62447	63	pins.tsv
anyof-array-variant-composed-item	walk	roryqueue/cowards-game@1e368dd81d96dcb458ff78975a107c2d9b260ef9	528	pins.tsv
anyof-array-variant-composed-item	walk	truefoundry/trueforge@5adde289683b642203b06b39ca687e9d977ca7a5	69	pins.tsv
anyof-array-variant-composed-item	walk	twilio/twilio-oai@5aa7f31977ce5812f7b7bc1f46a38555ebaa2888	120	pins.tsv
anyof-discriminated-union	candidate	descriptions-next/ghes-3.10/ghes-3.10.2022-11-28.json	census 1	probe.jsonl
anyof-discriminated-union	candidate	descriptions-next/ghes-3.10/ghes-3.10.2022-11-28.yaml	census 1	probe.jsonl
anyof-discriminated-union	candidate	descriptions-next/ghes-3.10/ghes-3.10.json	census 1	probe.jsonl
anyof-discriminated-union	candidate	descriptions-next/ghes-3.10/ghes-3.10.yaml	census 1	probe.jsonl
anyof-discriminated-union	document	.github/fern/openapi/openapi.json	census 1	enumeration.tsv.gz
anyof-discriminated-union	document	descriptions-next/api.github.com/api.github.com.2022-11-28.json	census 1	enumeration.tsv.gz
anyof-discriminated-union	document	descriptions-next/api.github.com/api.github.com.2022-11-28.yaml	census 1	enumeration.tsv.gz
anyof-discriminated-union	document	descriptions-next/api.github.com/api.github.com.2026-03-10.json	census 1	enumeration.tsv.gz
anyof-discriminated-union	document	descriptions-next/api.github.com/api.github.com.2026-03-10.yaml	census 1	enumeration.tsv.gz
anyof-discriminated-union	document	descriptions-next/api.github.com/api.github.com.json	census 1	enumeration.tsv.gz
anyof-discriminated-union	document	descriptions-next/api.github.com/api.github.com.yaml	census 1	enumeration.tsv.gz
anyof-discriminated-union	document	descriptions-next/api.github.com/dereferenced/api.github.com.2022-11-28.deref.json	census 3	enumeration.tsv.gz
anyof-discriminated-union	document	descriptions-next/api.github.com/dereferenced/api.github.com.2022-11-28.deref.yaml	census 3	enumeration.tsv.gz
anyof-discriminated-union	document	descriptions-next/api.github.com/dereferenced/api.github.com.2026-03-10.deref.json	census 3	enumeration.tsv.gz
anyof-discriminated-union	document	descriptions-next/api.github.com/dereferenced/api.github.com.2026-03-10.deref.yaml	census 3	enumeration.tsv.gz
anyof-discriminated-union	document	descriptions-next/api.github.com/dereferenced/api.github.com.deref.json	census 3	enumeration.tsv.gz
anyof-discriminated-union	document	descriptions-next/api.github.com/dereferenced/api.github.com.deref.yaml	census 3	enumeration.tsv.gz
anyof-discriminated-union	document	descriptions-next/ghec/dereferenced/ghec.2022-11-28.deref.json	census 3	enumeration.tsv.gz
anyof-discriminated-union	document	descriptions-next/ghec/dereferenced/ghec.2022-11-28.deref.yaml	census 3	enumeration.tsv.gz
anyof-discriminated-union	document	descriptions-next/ghec/dereferenced/ghec.2026-03-10.deref.json	census 3	enumeration.tsv.gz
anyof-discriminated-union	document	descriptions-next/ghec/dereferenced/ghec.2026-03-10.deref.yaml	census 3	enumeration.tsv.gz
anyof-discriminated-union	document	descriptions-next/ghec/dereferenced/ghec.deref.json	census 3	enumeration.tsv.gz
anyof-discriminated-union	document	descriptions-next/ghec/dereferenced/ghec.deref.yaml	census 3	enumeration.tsv.gz
anyof-discriminated-union	document	descriptions-next/ghec/ghec.2022-11-28.json	census 1	enumeration.tsv.gz
anyof-discriminated-union	document	descriptions-next/ghec/ghec.2022-11-28.yaml	census 1	enumeration.tsv.gz
anyof-discriminated-union	document	descriptions-next/ghec/ghec.2026-03-10.json	census 1	enumeration.tsv.gz
anyof-discriminated-union	document	descriptions-next/ghec/ghec.2026-03-10.yaml	census 1	enumeration.tsv.gz
anyof-discriminated-union	document	descriptions-next/ghec/ghec.json	census 1	enumeration.tsv.gz
anyof-discriminated-union	document	descriptions-next/ghec/ghec.yaml	census 1	enumeration.tsv.gz
anyof-discriminated-union	document	descriptions-next/ghes-3.10/dereferenced/ghes-3.10.2022-11-28.deref.json	census 3	enumeration.tsv.gz
anyof-discriminated-union	document	descriptions-next/ghes-3.10/dereferenced/ghes-3.10.2022-11-28.deref.yaml	census 3	enumeration.tsv.gz
anyof-discriminated-union	document	descriptions-next/ghes-3.10/dereferenced/ghes-3.10.deref.json	census 3	enumeration.tsv.gz
anyof-discriminated-union	document	descriptions-next/ghes-3.10/dereferenced/ghes-3.10.deref.yaml	census 3	enumeration.tsv.gz
anyof-discriminated-union	document	descriptions-next/ghes-3.10/ghes-3.10.2022-11-28.json	census 1	enumeration.tsv.gz
anyof-discriminated-union	document	descriptions-next/ghes-3.10/ghes-3.10.2022-11-28.yaml	census 1	enumeration.tsv.gz
anyof-discriminated-union	document	descriptions-next/ghes-3.10/ghes-3.10.json	census 1	enumeration.tsv.gz
anyof-discriminated-union	document	descriptions-next/ghes-3.10/ghes-3.10.yaml	census 1	enumeration.tsv.gz
anyof-discriminated-union	document	descriptions-next/ghes-3.11/dereferenced/ghes-3.11.2022-11-28.deref.json	census 3	enumeration.tsv.gz
anyof-discriminated-union	document	descriptions-next/ghes-3.11/dereferenced/ghes-3.11.2022-11-28.deref.yaml	census 3	enumeration.tsv.gz
anyof-discriminated-union	document	descriptions-next/ghes-3.11/dereferenced/ghes-3.11.deref.json	census 3	enumeration.tsv.gz
anyof-discriminated-union	document	descriptions-next/ghes-3.11/dereferenced/ghes-3.11.deref.yaml	census 3	enumeration.tsv.gz
anyof-discriminated-union	document	descriptions-next/ghes-3.11/ghes-3.11.2022-11-28.json	census 1	enumeration.tsv.gz
anyof-discriminated-union	document	descriptions-next/ghes-3.11/ghes-3.11.2022-11-28.yaml	census 1	enumeration.tsv.gz
anyof-discriminated-union	document	descriptions-next/ghes-3.11/ghes-3.11.json	census 1	enumeration.tsv.gz
anyof-discriminated-union	document	descriptions-next/ghes-3.11/ghes-3.11.yaml	census 1	enumeration.tsv.gz
anyof-discriminated-union	document	descriptions-next/ghes-3.12/dereferenced/ghes-3.12.2022-11-28.deref.json	census 3	enumeration.tsv.gz
anyof-discriminated-union	document	descriptions-next/ghes-3.12/dereferenced/ghes-3.12.2022-11-28.deref.yaml	census 3	enumeration.tsv.gz
anyof-discriminated-union	document	descriptions-next/ghes-3.12/dereferenced/ghes-3.12.deref.json	census 3	enumeration.tsv.gz
anyof-discriminated-union	document	descriptions-next/ghes-3.12/dereferenced/ghes-3.12.deref.yaml	census 3	enumeration.tsv.gz
anyof-discriminated-union	document	descriptions-next/ghes-3.12/ghes-3.12.2022-11-28.json	census 1	enumeration.tsv.gz
anyof-discriminated-union	document	descriptions-next/ghes-3.12/ghes-3.12.2022-11-28.yaml	census 1	enumeration.tsv.gz
anyof-discriminated-union	document	descriptions-next/ghes-3.12/ghes-3.12.json	census 1	enumeration.tsv.gz
anyof-discriminated-union	document	descriptions-next/ghes-3.12/ghes-3.12.yaml	census 1	enumeration.tsv.gz
anyof-discriminated-union	document	descriptions-next/ghes-3.13/dereferenced/ghes-3.13.2022-11-28.deref.json	census 3	enumeration.tsv.gz
anyof-discriminated-union	document	descriptions-next/ghes-3.13/dereferenced/ghes-3.13.2022-11-28.deref.yaml	census 3	enumeration.tsv.gz
anyof-discriminated-union	document	descriptions-next/ghes-3.13/dereferenced/ghes-3.13.deref.json	census 3	enumeration.tsv.gz
anyof-discriminated-union	document	descriptions-next/ghes-3.13/dereferenced/ghes-3.13.deref.yaml	census 3	enumeration.tsv.gz
anyof-discriminated-union	document	descriptions-next/ghes-3.13/ghes-3.13.2022-11-28.json	census 1	enumeration.tsv.gz
anyof-discriminated-union	document	descriptions-next/ghes-3.13/ghes-3.13.2022-11-28.yaml	census 1	enumeration.tsv.gz
anyof-discriminated-union	document	descriptions-next/ghes-3.13/ghes-3.13.json	census 1	enumeration.tsv.gz
anyof-discriminated-union	document	descriptions-next/ghes-3.13/ghes-3.13.yaml	census 1	enumeration.tsv.gz
anyof-discriminated-union	document	descriptions-next/ghes-3.14/dereferenced/ghes-3.14.2022-11-28.deref.json	census 3	enumeration.tsv.gz
anyof-discriminated-union	document	descriptions-next/ghes-3.14/dereferenced/ghes-3.14.2022-11-28.deref.yaml	census 3	enumeration.tsv.gz
anyof-discriminated-union	document	descriptions-next/ghes-3.14/dereferenced/ghes-3.14.deref.json	census 3	enumeration.tsv.gz
anyof-discriminated-union	document	descriptions-next/ghes-3.14/dereferenced/ghes-3.14.deref.yaml	census 3	enumeration.tsv.gz
anyof-discriminated-union	document	descriptions-next/ghes-3.14/ghes-3.14.2022-11-28.json	census 1	enumeration.tsv.gz
anyof-discriminated-union	document	descriptions-next/ghes-3.14/ghes-3.14.2022-11-28.yaml	census 1	enumeration.tsv.gz
anyof-discriminated-union	document	descriptions-next/ghes-3.14/ghes-3.14.json	census 1	enumeration.tsv.gz
anyof-discriminated-union	document	descriptions-next/ghes-3.14/ghes-3.14.yaml	census 1	enumeration.tsv.gz
anyof-discriminated-union	document	descriptions-next/ghes-3.15/dereferenced/ghes-3.15.2022-11-28.deref.json	census 3	enumeration.tsv.gz
anyof-discriminated-union	document	descriptions-next/ghes-3.15/dereferenced/ghes-3.15.2022-11-28.deref.yaml	census 3	enumeration.tsv.gz
anyof-discriminated-union	document	descriptions-next/ghes-3.15/dereferenced/ghes-3.15.deref.json	census 3	enumeration.tsv.gz
anyof-discriminated-union	document	descriptions-next/ghes-3.15/dereferenced/ghes-3.15.deref.yaml	census 3	enumeration.tsv.gz
anyof-discriminated-union	document	descriptions-next/ghes-3.15/ghes-3.15.2022-11-28.json	census 1	enumeration.tsv.gz
anyof-discriminated-union	document	descriptions-next/ghes-3.15/ghes-3.15.2022-11-28.yaml	census 1	enumeration.tsv.gz
anyof-discriminated-union	document	descriptions-next/ghes-3.15/ghes-3.15.json	census 1	enumeration.tsv.gz
anyof-discriminated-union	document	descriptions-next/ghes-3.15/ghes-3.15.yaml	census 1	enumeration.tsv.gz
anyof-discriminated-union	document	descriptions-next/ghes-3.16/dereferenced/ghes-3.16.2022-11-28.deref.json	census 3	enumeration.tsv.gz
anyof-discriminated-union	document	descriptions-next/ghes-3.16/dereferenced/ghes-3.16.2022-11-28.deref.yaml	census 3	enumeration.tsv.gz
anyof-discriminated-union	document	descriptions-next/ghes-3.16/dereferenced/ghes-3.16.deref.json	census 3	enumeration.tsv.gz
anyof-discriminated-union	document	descriptions-next/ghes-3.16/dereferenced/ghes-3.16.deref.yaml	census 3	enumeration.tsv.gz
anyof-discriminated-union	document	descriptions-next/ghes-3.16/ghes-3.16.2022-11-28.json	census 1	enumeration.tsv.gz
anyof-discriminated-union	document	descriptions-next/ghes-3.16/ghes-3.16.2022-11-28.yaml	census 1	enumeration.tsv.gz
anyof-discriminated-union	document	descriptions-next/ghes-3.16/ghes-3.16.json	census 1	enumeration.tsv.gz
anyof-discriminated-union	document	descriptions-next/ghes-3.16/ghes-3.16.yaml	census 1	enumeration.tsv.gz
anyof-discriminated-union	document	descriptions-next/ghes-3.17/dereferenced/ghes-3.17.2022-11-28.deref.json	census 3	enumeration.tsv.gz
anyof-discriminated-union	document	descriptions-next/ghes-3.17/dereferenced/ghes-3.17.2022-11-28.deref.yaml	census 3	enumeration.tsv.gz
anyof-discriminated-union	document	descriptions-next/ghes-3.17/dereferenced/ghes-3.17.deref.json	census 3	enumeration.tsv.gz
anyof-discriminated-union	document	descriptions-next/ghes-3.17/dereferenced/ghes-3.17.deref.yaml	census 3	enumeration.tsv.gz
anyof-discriminated-union	document	descriptions-next/ghes-3.17/ghes-3.17.2022-11-28.json	census 1	enumeration.tsv.gz
anyof-discriminated-union	document	descriptions-next/ghes-3.17/ghes-3.17.2022-11-28.yaml	census 1	enumeration.tsv.gz
anyof-discriminated-union	document	descriptions-next/ghes-3.17/ghes-3.17.json	census 1	enumeration.tsv.gz
anyof-discriminated-union	document	descriptions-next/ghes-3.17/ghes-3.17.yaml	census 1	enumeration.tsv.gz
anyof-discriminated-union	document	descriptions-next/ghes-3.18/dereferenced/ghes-3.18.2022-11-28.deref.json	census 3	enumeration.tsv.gz
anyof-discriminated-union	document	descriptions-next/ghes-3.18/dereferenced/ghes-3.18.2022-11-28.deref.yaml	census 3	enumeration.tsv.gz
anyof-discriminated-union	document	descriptions-next/ghes-3.18/dereferenced/ghes-3.18.deref.json	census 3	enumeration.tsv.gz
anyof-discriminated-union	document	descriptions-next/ghes-3.18/dereferenced/ghes-3.18.deref.yaml	census 3	enumeration.tsv.gz
anyof-discriminated-union	document	descriptions-next/ghes-3.18/ghes-3.18.2022-11-28.json	census 1	enumeration.tsv.gz
anyof-discriminated-union	document	descriptions-next/ghes-3.18/ghes-3.18.2022-11-28.yaml	census 1	enumeration.tsv.gz
anyof-discriminated-union	document	descriptions-next/ghes-3.18/ghes-3.18.json	census 1	enumeration.tsv.gz
anyof-discriminated-union	document	descriptions-next/ghes-3.18/ghes-3.18.yaml	census 1	enumeration.tsv.gz
anyof-discriminated-union	document	descriptions-next/ghes-3.19/dereferenced/ghes-3.19.2022-11-28.deref.json	census 3	enumeration.tsv.gz
anyof-discriminated-union	document	descriptions-next/ghes-3.19/dereferenced/ghes-3.19.2022-11-28.deref.yaml	census 3	enumeration.tsv.gz
anyof-discriminated-union	document	descriptions-next/ghes-3.19/dereferenced/ghes-3.19.deref.json	census 3	enumeration.tsv.gz
anyof-discriminated-union	document	descriptions-next/ghes-3.19/dereferenced/ghes-3.19.deref.yaml	census 3	enumeration.tsv.gz
anyof-discriminated-union	document	descriptions-next/ghes-3.19/ghes-3.19.2022-11-28.json	census 1	enumeration.tsv.gz
anyof-discriminated-union	document	descriptions-next/ghes-3.19/ghes-3.19.2022-11-28.yaml	census 1	enumeration.tsv.gz
anyof-discriminated-union	document	descriptions-next/ghes-3.19/ghes-3.19.json	census 1	enumeration.tsv.gz
anyof-discriminated-union	document	descriptions-next/ghes-3.19/ghes-3.19.yaml	census 1	enumeration.tsv.gz
anyof-discriminated-union	document	descriptions-next/ghes-3.2/dereferenced/ghes-3.2.deref.json	census 3	enumeration.tsv.gz
anyof-discriminated-union	document	descriptions-next/ghes-3.2/dereferenced/ghes-3.2.deref.yaml	census 3	enumeration.tsv.gz
anyof-discriminated-union	document	descriptions-next/ghes-3.2/ghes-3.2.json	census 1	enumeration.tsv.gz
anyof-discriminated-union	document	descriptions-next/ghes-3.2/ghes-3.2.yaml	census 1	enumeration.tsv.gz
anyof-discriminated-union	document	descriptions-next/ghes-3.20/dereferenced/ghes-3.20.2022-11-28.deref.json	census 3	enumeration.tsv.gz
anyof-discriminated-union	document	descriptions-next/ghes-3.20/dereferenced/ghes-3.20.2022-11-28.deref.yaml	census 3	enumeration.tsv.gz
anyof-discriminated-union	document	descriptions-next/ghes-3.20/dereferenced/ghes-3.20.deref.json	census 3	enumeration.tsv.gz
anyof-discriminated-union	document	descriptions-next/ghes-3.20/dereferenced/ghes-3.20.deref.yaml	census 3	enumeration.tsv.gz
anyof-discriminated-union	document	descriptions-next/ghes-3.20/ghes-3.20.2022-11-28.json	census 1	enumeration.tsv.gz
anyof-discriminated-union	document	descriptions-next/ghes-3.20/ghes-3.20.2022-11-28.yaml	census 1	enumeration.tsv.gz
anyof-discriminated-union	document	descriptions-next/ghes-3.20/ghes-3.20.json	census 1	enumeration.tsv.gz
anyof-discriminated-union	document	descriptions-next/ghes-3.20/ghes-3.20.yaml	census 1	enumeration.tsv.gz
anyof-discriminated-union	document	descriptions-next/ghes-3.21/dereferenced/ghes-3.21.2022-11-28.deref.json	census 3	enumeration.tsv.gz
anyof-discriminated-union	document	descriptions-next/ghes-3.21/dereferenced/ghes-3.21.2022-11-28.deref.yaml	census 3	enumeration.tsv.gz
anyof-discriminated-union	document	descriptions-next/ghes-3.21/dereferenced/ghes-3.21.2026-03-10.deref.json	census 3	enumeration.tsv.gz
anyof-discriminated-union	document	descriptions-next/ghes-3.21/dereferenced/ghes-3.21.2026-03-10.deref.yaml	census 3	enumeration.tsv.gz
anyof-discriminated-union	document	descriptions-next/ghes-3.21/dereferenced/ghes-3.21.deref.json	census 3	enumeration.tsv.gz
anyof-discriminated-union	document	descriptions-next/ghes-3.21/dereferenced/ghes-3.21.deref.yaml	census 3	enumeration.tsv.gz
anyof-discriminated-union	document	descriptions-next/ghes-3.21/ghes-3.21.2022-11-28.json	census 1	enumeration.tsv.gz
anyof-discriminated-union	document	descriptions-next/ghes-3.21/ghes-3.21.2022-11-28.yaml	census 1	enumeration.tsv.gz
anyof-discriminated-union	document	descriptions-next/ghes-3.21/ghes-3.21.2026-03-10.json	census 1	enumeration.tsv.gz
anyof-discriminated-union	document	descriptions-next/ghes-3.21/ghes-3.21.2026-03-10.yaml	census 1	enumeration.tsv.gz
anyof-discriminated-union	document	descriptions-next/ghes-3.21/ghes-3.21.json	census 1	enumeration.tsv.gz
anyof-discriminated-union	document	descriptions-next/ghes-3.21/ghes-3.21.yaml	census 1	enumeration.tsv.gz
anyof-discriminated-union	document	descriptions-next/ghes-3.22/dereferenced/ghes-3.22.2022-11-28.deref.json	census 3	enumeration.tsv.gz
anyof-discriminated-union	document	descriptions-next/ghes-3.22/dereferenced/ghes-3.22.2022-11-28.deref.yaml	census 3	enumeration.tsv.gz
anyof-discriminated-union	document	descriptions-next/ghes-3.22/dereferenced/ghes-3.22.2026-03-10.deref.json	census 3	enumeration.tsv.gz
anyof-discriminated-union	document	descriptions-next/ghes-3.22/dereferenced/ghes-3.22.2026-03-10.deref.yaml	census 3	enumeration.tsv.gz
anyof-discriminated-union	document	descriptions-next/ghes-3.22/dereferenced/ghes-3.22.deref.json	census 3	enumeration.tsv.gz
anyof-discriminated-union	document	descriptions-next/ghes-3.22/dereferenced/ghes-3.22.deref.yaml	census 3	enumeration.tsv.gz
anyof-discriminated-union	document	descriptions-next/ghes-3.22/ghes-3.22.2022-11-28.json	census 1	enumeration.tsv.gz
anyof-discriminated-union	document	descriptions-next/ghes-3.22/ghes-3.22.2022-11-28.yaml	census 1	enumeration.tsv.gz
anyof-discriminated-union	document	descriptions-next/ghes-3.22/ghes-3.22.2026-03-10.json	census 1	enumeration.tsv.gz
anyof-discriminated-union	document	descriptions-next/ghes-3.22/ghes-3.22.2026-03-10.yaml	census 1	enumeration.tsv.gz
anyof-discriminated-union	document	descriptions-next/ghes-3.22/ghes-3.22.json	census 1	enumeration.tsv.gz
anyof-discriminated-union	document	descriptions-next/ghes-3.22/ghes-3.22.yaml	census 1	enumeration.tsv.gz
anyof-discriminated-union	document	descriptions-next/ghes-3.3/dereferenced/ghes-3.3.deref.json	census 3	enumeration.tsv.gz
anyof-discriminated-union	document	descriptions-next/ghes-3.3/dereferenced/ghes-3.3.deref.yaml	census 3	enumeration.tsv.gz
anyof-discriminated-union	document	descriptions-next/ghes-3.3/ghes-3.3.json	census 1	enumeration.tsv.gz
anyof-discriminated-union	document	descriptions-next/ghes-3.3/ghes-3.3.yaml	census 1	enumeration.tsv.gz
anyof-discriminated-union	document	descriptions-next/ghes-3.4/dereferenced/ghes-3.4.deref.json	census 3	enumeration.tsv.gz
anyof-discriminated-union	document	descriptions-next/ghes-3.4/dereferenced/ghes-3.4.deref.yaml	census 3	enumeration.tsv.gz
anyof-discriminated-union	document	descriptions-next/ghes-3.4/ghes-3.4.json	census 1	enumeration.tsv.gz
anyof-discriminated-union	document	descriptions-next/ghes-3.4/ghes-3.4.yaml	census 1	enumeration.tsv.gz
anyof-discriminated-union	document	descriptions-next/ghes-3.5/dereferenced/ghes-3.5.deref.json	census 3	enumeration.tsv.gz
anyof-discriminated-union	document	descriptions-next/ghes-3.5/dereferenced/ghes-3.5.deref.yaml	census 3	enumeration.tsv.gz
anyof-discriminated-union	document	descriptions-next/ghes-3.5/ghes-3.5.json	census 1	enumeration.tsv.gz
anyof-discriminated-union	document	descriptions-next/ghes-3.5/ghes-3.5.yaml	census 1	enumeration.tsv.gz
anyof-discriminated-union	document	descriptions-next/ghes-3.6/dereferenced/ghes-3.6.deref.json	census 3	enumeration.tsv.gz
anyof-discriminated-union	document	descriptions-next/ghes-3.6/dereferenced/ghes-3.6.deref.yaml	census 3	enumeration.tsv.gz
anyof-discriminated-union	document	descriptions-next/ghes-3.6/ghes-3.6.json	census 1	enumeration.tsv.gz
anyof-discriminated-union	document	descriptions-next/ghes-3.6/ghes-3.6.yaml	census 1	enumeration.tsv.gz
anyof-discriminated-union	document	descriptions-next/ghes-3.7/dereferenced/ghes-3.7.deref.json	census 3	enumeration.tsv.gz
anyof-discriminated-union	document	descriptions-next/ghes-3.7/dereferenced/ghes-3.7.deref.yaml	census 3	enumeration.tsv.gz
anyof-discriminated-union	document	descriptions-next/ghes-3.7/ghes-3.7.json	census 1	enumeration.tsv.gz
anyof-discriminated-union	document	descriptions-next/ghes-3.7/ghes-3.7.yaml	census 1	enumeration.tsv.gz
anyof-discriminated-union	document	descriptions-next/ghes-3.8/dereferenced/ghes-3.8.deref.json	census 3	enumeration.tsv.gz
anyof-discriminated-union	document	descriptions-next/ghes-3.8/dereferenced/ghes-3.8.deref.yaml	census 3	enumeration.tsv.gz
anyof-discriminated-union	document	descriptions-next/ghes-3.8/ghes-3.8.json	census 1	enumeration.tsv.gz
anyof-discriminated-union	document	descriptions-next/ghes-3.8/ghes-3.8.yaml	census 1	enumeration.tsv.gz
anyof-discriminated-union	document	descriptions-next/ghes-3.9/dereferenced/ghes-3.9.2022-11-28.deref.json	census 3	enumeration.tsv.gz
anyof-discriminated-union	document	descriptions-next/ghes-3.9/dereferenced/ghes-3.9.2022-11-28.deref.yaml	census 3	enumeration.tsv.gz
anyof-discriminated-union	document	descriptions-next/ghes-3.9/dereferenced/ghes-3.9.deref.json	census 3	enumeration.tsv.gz
anyof-discriminated-union	document	descriptions-next/ghes-3.9/dereferenced/ghes-3.9.deref.yaml	census 3	enumeration.tsv.gz
anyof-discriminated-union	document	descriptions-next/ghes-3.9/ghes-3.9.2022-11-28.json	census 1	enumeration.tsv.gz
anyof-discriminated-union	document	descriptions-next/ghes-3.9/ghes-3.9.2022-11-28.yaml	census 1	enumeration.tsv.gz
anyof-discriminated-union	document	descriptions-next/ghes-3.9/ghes-3.9.json	census 1	enumeration.tsv.gz
anyof-discriminated-union	document	descriptions-next/ghes-3.9/ghes-3.9.yaml	census 1	enumeration.tsv.gz
anyof-discriminated-union	document	descriptions-next/github.ae/dereferenced/github.ae.deref.json	census 3	enumeration.tsv.gz
anyof-discriminated-union	document	descriptions-next/github.ae/dereferenced/github.ae.deref.yaml	census 3	enumeration.tsv.gz
anyof-discriminated-union	document	descriptions-next/github.ae/github.ae.json	census 1	enumeration.tsv.gz
anyof-discriminated-union	document	descriptions-next/github.ae/github.ae.yaml	census 1	enumeration.tsv.gz
anyof-discriminated-union	document	descriptions/api.github.com/api.github.com.2022-11-28.json	census 1	enumeration.tsv.gz
anyof-discriminated-union	document	descriptions/api.github.com/api.github.com.2022-11-28.yaml	census 1	enumeration.tsv.gz
anyof-discriminated-union	document	descriptions/api.github.com/api.github.com.2026-03-10.json	census 1	enumeration.tsv.gz
anyof-discriminated-union	document	descriptions/api.github.com/api.github.com.2026-03-10.yaml	census 1	enumeration.tsv.gz
anyof-discriminated-union	document	descriptions/api.github.com/api.github.com.json	census 1	enumeration.tsv.gz
anyof-discriminated-union	document	descriptions/api.github.com/api.github.com.yaml	census 1	enumeration.tsv.gz
anyof-discriminated-union	document	descriptions/api.github.com/dereferenced/api.github.com.2022-11-28.deref.json	census 3	enumeration.tsv.gz
anyof-discriminated-union	document	descriptions/api.github.com/dereferenced/api.github.com.2022-11-28.deref.yaml	census 3	enumeration.tsv.gz
anyof-discriminated-union	document	descriptions/api.github.com/dereferenced/api.github.com.2026-03-10.deref.json	census 3	enumeration.tsv.gz
anyof-discriminated-union	document	descriptions/api.github.com/dereferenced/api.github.com.2026-03-10.deref.yaml	census 3	enumeration.tsv.gz
anyof-discriminated-union	document	descriptions/api.github.com/dereferenced/api.github.com.deref.json	census 3	enumeration.tsv.gz
anyof-discriminated-union	document	descriptions/api.github.com/dereferenced/api.github.com.deref.yaml	census 3	enumeration.tsv.gz
anyof-discriminated-union	document	descriptions/ghec/dereferenced/ghec.2022-11-28.deref.json	census 3	enumeration.tsv.gz
anyof-discriminated-union	document	descriptions/ghec/dereferenced/ghec.2022-11-28.deref.yaml	census 3	enumeration.tsv.gz
anyof-discriminated-union	document	descriptions/ghec/dereferenced/ghec.2026-03-10.deref.json	census 3	enumeration.tsv.gz
anyof-discriminated-union	document	descriptions/ghec/dereferenced/ghec.2026-03-10.deref.yaml	census 3	enumeration.tsv.gz
anyof-discriminated-union	document	descriptions/ghec/dereferenced/ghec.deref.json	census 3	enumeration.tsv.gz
anyof-discriminated-union	document	descriptions/ghec/dereferenced/ghec.deref.yaml	census 3	enumeration.tsv.gz
anyof-discriminated-union	document	descriptions/ghec/ghec.2022-11-28.json	census 1	enumeration.tsv.gz
anyof-discriminated-union	document	descriptions/ghec/ghec.2022-11-28.yaml	census 1	enumeration.tsv.gz
anyof-discriminated-union	document	descriptions/ghec/ghec.2026-03-10.json	census 1	enumeration.tsv.gz
anyof-discriminated-union	document	descriptions/ghec/ghec.2026-03-10.yaml	census 1	enumeration.tsv.gz
anyof-discriminated-union	document	descriptions/ghec/ghec.json	census 1	enumeration.tsv.gz
anyof-discriminated-union	document	descriptions/ghec/ghec.yaml	census 1	enumeration.tsv.gz
anyof-discriminated-union	document	descriptions/ghes-3.10/dereferenced/ghes-3.10.2022-11-28.deref.json	census 3	enumeration.tsv.gz
anyof-discriminated-union	document	descriptions/ghes-3.10/dereferenced/ghes-3.10.2022-11-28.deref.yaml	census 3	enumeration.tsv.gz
anyof-discriminated-union	document	descriptions/ghes-3.10/dereferenced/ghes-3.10.deref.json	census 3	enumeration.tsv.gz
anyof-discriminated-union	document	descriptions/ghes-3.10/dereferenced/ghes-3.10.deref.yaml	census 3	enumeration.tsv.gz
anyof-discriminated-union	document	descriptions/ghes-3.10/ghes-3.10.2022-11-28.json	census 1	enumeration.tsv.gz
anyof-discriminated-union	document	descriptions/ghes-3.10/ghes-3.10.2022-11-28.yaml	census 1	enumeration.tsv.gz
anyof-discriminated-union	document	descriptions/ghes-3.10/ghes-3.10.json	census 1	enumeration.tsv.gz
anyof-discriminated-union	document	descriptions/ghes-3.10/ghes-3.10.yaml	census 1	enumeration.tsv.gz
anyof-discriminated-union	document	descriptions/ghes-3.11/dereferenced/ghes-3.11.2022-11-28.deref.json	census 3	enumeration.tsv.gz
anyof-discriminated-union	document	descriptions/ghes-3.11/dereferenced/ghes-3.11.2022-11-28.deref.yaml	census 3	enumeration.tsv.gz
anyof-discriminated-union	document	descriptions/ghes-3.11/dereferenced/ghes-3.11.deref.json	census 3	enumeration.tsv.gz
anyof-discriminated-union	document	descriptions/ghes-3.11/dereferenced/ghes-3.11.deref.yaml	census 3	enumeration.tsv.gz
anyof-discriminated-union	document	descriptions/ghes-3.11/ghes-3.11.2022-11-28.json	census 1	enumeration.tsv.gz
anyof-discriminated-union	document	descriptions/ghes-3.11/ghes-3.11.2022-11-28.yaml	census 1	enumeration.tsv.gz
anyof-discriminated-union	document	descriptions/ghes-3.11/ghes-3.11.json	census 1	enumeration.tsv.gz
anyof-discriminated-union	document	descriptions/ghes-3.11/ghes-3.11.yaml	census 1	enumeration.tsv.gz
anyof-discriminated-union	document	descriptions/ghes-3.12/dereferenced/ghes-3.12.2022-11-28.deref.json	census 3	enumeration.tsv.gz
anyof-discriminated-union	document	descriptions/ghes-3.12/dereferenced/ghes-3.12.2022-11-28.deref.yaml	census 3	enumeration.tsv.gz
anyof-discriminated-union	document	descriptions/ghes-3.12/dereferenced/ghes-3.12.deref.json	census 3	enumeration.tsv.gz
anyof-discriminated-union	document	descriptions/ghes-3.12/dereferenced/ghes-3.12.deref.yaml	census 3	enumeration.tsv.gz
anyof-discriminated-union	document	descriptions/ghes-3.12/ghes-3.12.2022-11-28.json	census 1	enumeration.tsv.gz
anyof-discriminated-union	document	descriptions/ghes-3.12/ghes-3.12.2022-11-28.yaml	census 1	enumeration.tsv.gz
anyof-discriminated-union	document	descriptions/ghes-3.12/ghes-3.12.json	census 1	enumeration.tsv.gz
anyof-discriminated-union	document	descriptions/ghes-3.12/ghes-3.12.yaml	census 1	enumeration.tsv.gz
anyof-discriminated-union	document	descriptions/ghes-3.13/dereferenced/ghes-3.13.2022-11-28.deref.json	census 3	enumeration.tsv.gz
anyof-discriminated-union	document	descriptions/ghes-3.13/dereferenced/ghes-3.13.2022-11-28.deref.yaml	census 3	enumeration.tsv.gz
anyof-discriminated-union	document	descriptions/ghes-3.13/dereferenced/ghes-3.13.deref.json	census 3	enumeration.tsv.gz
anyof-discriminated-union	document	descriptions/ghes-3.13/dereferenced/ghes-3.13.deref.yaml	census 3	enumeration.tsv.gz
anyof-discriminated-union	document	descriptions/ghes-3.13/ghes-3.13.2022-11-28.json	census 1	enumeration.tsv.gz
anyof-discriminated-union	document	descriptions/ghes-3.13/ghes-3.13.2022-11-28.yaml	census 1	enumeration.tsv.gz
anyof-discriminated-union	document	descriptions/ghes-3.13/ghes-3.13.json	census 1	enumeration.tsv.gz
anyof-discriminated-union	document	descriptions/ghes-3.13/ghes-3.13.yaml	census 1	enumeration.tsv.gz
anyof-discriminated-union	document	descriptions/ghes-3.14/dereferenced/ghes-3.14.2022-11-28.deref.json	census 3	enumeration.tsv.gz
anyof-discriminated-union	document	descriptions/ghes-3.14/dereferenced/ghes-3.14.2022-11-28.deref.yaml	census 3	enumeration.tsv.gz
anyof-discriminated-union	document	descriptions/ghes-3.14/dereferenced/ghes-3.14.deref.json	census 3	enumeration.tsv.gz
anyof-discriminated-union	document	descriptions/ghes-3.14/dereferenced/ghes-3.14.deref.yaml	census 3	enumeration.tsv.gz
anyof-discriminated-union	document	descriptions/ghes-3.14/ghes-3.14.2022-11-28.json	census 1	enumeration.tsv.gz
anyof-discriminated-union	document	descriptions/ghes-3.14/ghes-3.14.2022-11-28.yaml	census 1	enumeration.tsv.gz
anyof-discriminated-union	document	descriptions/ghes-3.14/ghes-3.14.json	census 1	enumeration.tsv.gz
anyof-discriminated-union	document	descriptions/ghes-3.14/ghes-3.14.yaml	census 1	enumeration.tsv.gz
anyof-discriminated-union	document	descriptions/ghes-3.15/dereferenced/ghes-3.15.2022-11-28.deref.json	census 3	enumeration.tsv.gz
anyof-discriminated-union	document	descriptions/ghes-3.15/dereferenced/ghes-3.15.2022-11-28.deref.yaml	census 3	enumeration.tsv.gz
anyof-discriminated-union	document	descriptions/ghes-3.15/dereferenced/ghes-3.15.deref.json	census 3	enumeration.tsv.gz
anyof-discriminated-union	document	descriptions/ghes-3.15/dereferenced/ghes-3.15.deref.yaml	census 3	enumeration.tsv.gz
anyof-discriminated-union	document	descriptions/ghes-3.15/ghes-3.15.2022-11-28.json	census 1	enumeration.tsv.gz
anyof-discriminated-union	document	descriptions/ghes-3.15/ghes-3.15.2022-11-28.yaml	census 1	enumeration.tsv.gz
anyof-discriminated-union	document	descriptions/ghes-3.15/ghes-3.15.json	census 1	enumeration.tsv.gz
anyof-discriminated-union	document	descriptions/ghes-3.15/ghes-3.15.yaml	census 1	enumeration.tsv.gz
anyof-discriminated-union	document	descriptions/ghes-3.16/dereferenced/ghes-3.16.2022-11-28.deref.json	census 3	enumeration.tsv.gz
anyof-discriminated-union	document	descriptions/ghes-3.16/dereferenced/ghes-3.16.2022-11-28.deref.yaml	census 3	enumeration.tsv.gz
anyof-discriminated-union	document	descriptions/ghes-3.16/dereferenced/ghes-3.16.deref.json	census 3	enumeration.tsv.gz
anyof-discriminated-union	document	descriptions/ghes-3.16/dereferenced/ghes-3.16.deref.yaml	census 3	enumeration.tsv.gz
anyof-discriminated-union	document	descriptions/ghes-3.16/ghes-3.16.2022-11-28.json	census 1	enumeration.tsv.gz
anyof-discriminated-union	document	descriptions/ghes-3.16/ghes-3.16.2022-11-28.yaml	census 1	enumeration.tsv.gz
anyof-discriminated-union	document	descriptions/ghes-3.16/ghes-3.16.json	census 1	enumeration.tsv.gz
anyof-discriminated-union	document	descriptions/ghes-3.16/ghes-3.16.yaml	census 1	enumeration.tsv.gz
anyof-discriminated-union	document	descriptions/ghes-3.17/dereferenced/ghes-3.17.2022-11-28.deref.json	census 3	enumeration.tsv.gz
anyof-discriminated-union	document	descriptions/ghes-3.17/dereferenced/ghes-3.17.2022-11-28.deref.yaml	census 3	enumeration.tsv.gz
anyof-discriminated-union	document	descriptions/ghes-3.17/dereferenced/ghes-3.17.deref.json	census 3	enumeration.tsv.gz
anyof-discriminated-union	document	descriptions/ghes-3.17/dereferenced/ghes-3.17.deref.yaml	census 3	enumeration.tsv.gz
anyof-discriminated-union	document	descriptions/ghes-3.17/ghes-3.17.2022-11-28.json	census 1	enumeration.tsv.gz
anyof-discriminated-union	document	descriptions/ghes-3.17/ghes-3.17.2022-11-28.yaml	census 1	enumeration.tsv.gz
anyof-discriminated-union	document	descriptions/ghes-3.17/ghes-3.17.json	census 1	enumeration.tsv.gz
anyof-discriminated-union	document	descriptions/ghes-3.17/ghes-3.17.yaml	census 1	enumeration.tsv.gz
anyof-discriminated-union	document	descriptions/ghes-3.18/dereferenced/ghes-3.18.2022-11-28.deref.json	census 3	enumeration.tsv.gz
anyof-discriminated-union	document	descriptions/ghes-3.18/dereferenced/ghes-3.18.2022-11-28.deref.yaml	census 3	enumeration.tsv.gz
anyof-discriminated-union	document	descriptions/ghes-3.18/dereferenced/ghes-3.18.deref.json	census 3	enumeration.tsv.gz
anyof-discriminated-union	document	descriptions/ghes-3.18/dereferenced/ghes-3.18.deref.yaml	census 3	enumeration.tsv.gz
anyof-discriminated-union	document	descriptions/ghes-3.18/ghes-3.18.2022-11-28.json	census 1	enumeration.tsv.gz
anyof-discriminated-union	document	descriptions/ghes-3.18/ghes-3.18.2022-11-28.yaml	census 1	enumeration.tsv.gz
anyof-discriminated-union	document	descriptions/ghes-3.18/ghes-3.18.json	census 1	enumeration.tsv.gz
anyof-discriminated-union	document	descriptions/ghes-3.18/ghes-3.18.yaml	census 1	enumeration.tsv.gz
anyof-discriminated-union	document	descriptions/ghes-3.19/dereferenced/ghes-3.19.2022-11-28.deref.json	census 3	enumeration.tsv.gz
anyof-discriminated-union	document	descriptions/ghes-3.19/dereferenced/ghes-3.19.2022-11-28.deref.yaml	census 3	enumeration.tsv.gz
anyof-discriminated-union	document	descriptions/ghes-3.19/dereferenced/ghes-3.19.deref.json	census 3	enumeration.tsv.gz
anyof-discriminated-union	document	descriptions/ghes-3.19/dereferenced/ghes-3.19.deref.yaml	census 3	enumeration.tsv.gz
anyof-discriminated-union	document	descriptions/ghes-3.19/ghes-3.19.2022-11-28.json	census 1	enumeration.tsv.gz
anyof-discriminated-union	document	descriptions/ghes-3.19/ghes-3.19.2022-11-28.yaml	census 1	enumeration.tsv.gz
anyof-discriminated-union	document	descriptions/ghes-3.19/ghes-3.19.json	census 1	enumeration.tsv.gz
anyof-discriminated-union	document	descriptions/ghes-3.19/ghes-3.19.yaml	census 1	enumeration.tsv.gz
anyof-discriminated-union	document	descriptions/ghes-3.2/dereferenced/ghes-3.2.deref.json	census 3	enumeration.tsv.gz
anyof-discriminated-union	document	descriptions/ghes-3.2/dereferenced/ghes-3.2.deref.yaml	census 3	enumeration.tsv.gz
anyof-discriminated-union	document	descriptions/ghes-3.2/ghes-3.2.json	census 1	enumeration.tsv.gz
anyof-discriminated-union	document	descriptions/ghes-3.2/ghes-3.2.yaml	census 1	enumeration.tsv.gz
anyof-discriminated-union	document	descriptions/ghes-3.20/dereferenced/ghes-3.20.2022-11-28.deref.json	census 3	enumeration.tsv.gz
anyof-discriminated-union	document	descriptions/ghes-3.20/dereferenced/ghes-3.20.2022-11-28.deref.yaml	census 3	enumeration.tsv.gz
anyof-discriminated-union	document	descriptions/ghes-3.20/dereferenced/ghes-3.20.deref.json	census 3	enumeration.tsv.gz
anyof-discriminated-union	document	descriptions/ghes-3.20/dereferenced/ghes-3.20.deref.yaml	census 3	enumeration.tsv.gz
anyof-discriminated-union	document	descriptions/ghes-3.20/ghes-3.20.2022-11-28.json	census 1	enumeration.tsv.gz
anyof-discriminated-union	document	descriptions/ghes-3.20/ghes-3.20.2022-11-28.yaml	census 1	enumeration.tsv.gz
anyof-discriminated-union	document	descriptions/ghes-3.20/ghes-3.20.json	census 1	enumeration.tsv.gz
anyof-discriminated-union	document	descriptions/ghes-3.20/ghes-3.20.yaml	census 1	enumeration.tsv.gz
anyof-discriminated-union	document	descriptions/ghes-3.21/dereferenced/ghes-3.21.2022-11-28.deref.json	census 3	enumeration.tsv.gz
anyof-discriminated-union	document	descriptions/ghes-3.21/dereferenced/ghes-3.21.2022-11-28.deref.yaml	census 3	enumeration.tsv.gz
anyof-discriminated-union	document	descriptions/ghes-3.21/dereferenced/ghes-3.21.2026-03-10.deref.json	census 3	enumeration.tsv.gz
anyof-discriminated-union	document	descriptions/ghes-3.21/dereferenced/ghes-3.21.2026-03-10.deref.yaml	census 3	enumeration.tsv.gz
anyof-discriminated-union	document	descriptions/ghes-3.21/dereferenced/ghes-3.21.deref.json	census 3	enumeration.tsv.gz
anyof-discriminated-union	document	descriptions/ghes-3.21/dereferenced/ghes-3.21.deref.yaml	census 3	enumeration.tsv.gz
anyof-discriminated-union	document	descriptions/ghes-3.21/ghes-3.21.2022-11-28.json	census 1	enumeration.tsv.gz
anyof-discriminated-union	document	descriptions/ghes-3.21/ghes-3.21.2022-11-28.yaml	census 1	enumeration.tsv.gz
anyof-discriminated-union	document	descriptions/ghes-3.21/ghes-3.21.2026-03-10.json	census 1	enumeration.tsv.gz
anyof-discriminated-union	document	descriptions/ghes-3.21/ghes-3.21.2026-03-10.yaml	census 1	enumeration.tsv.gz
anyof-discriminated-union	document	descriptions/ghes-3.21/ghes-3.21.json	census 1	enumeration.tsv.gz
anyof-discriminated-union	document	descriptions/ghes-3.21/ghes-3.21.yaml	census 1	enumeration.tsv.gz
anyof-discriminated-union	document	descriptions/ghes-3.22/dereferenced/ghes-3.22.2022-11-28.deref.json	census 3	enumeration.tsv.gz
anyof-discriminated-union	document	descriptions/ghes-3.22/dereferenced/ghes-3.22.2022-11-28.deref.yaml	census 3	enumeration.tsv.gz
anyof-discriminated-union	document	descriptions/ghes-3.22/dereferenced/ghes-3.22.2026-03-10.deref.json	census 3	enumeration.tsv.gz
anyof-discriminated-union	document	descriptions/ghes-3.22/dereferenced/ghes-3.22.2026-03-10.deref.yaml	census 3	enumeration.tsv.gz
anyof-discriminated-union	document	descriptions/ghes-3.22/dereferenced/ghes-3.22.deref.json	census 3	enumeration.tsv.gz
anyof-discriminated-union	document	descriptions/ghes-3.22/dereferenced/ghes-3.22.deref.yaml	census 3	enumeration.tsv.gz
anyof-discriminated-union	document	descriptions/ghes-3.22/ghes-3.22.2022-11-28.json	census 1	enumeration.tsv.gz
anyof-discriminated-union	document	descriptions/ghes-3.22/ghes-3.22.2022-11-28.yaml	census 1	enumeration.tsv.gz
anyof-discriminated-union	document	descriptions/ghes-3.22/ghes-3.22.2026-03-10.json	census 1	enumeration.tsv.gz
anyof-discriminated-union	document	descriptions/ghes-3.22/ghes-3.22.2026-03-10.yaml	census 1	enumeration.tsv.gz
anyof-discriminated-union	document	descriptions/ghes-3.22/ghes-3.22.json	census 1	enumeration.tsv.gz
anyof-discriminated-union	document	descriptions/ghes-3.22/ghes-3.22.yaml	census 1	enumeration.tsv.gz
anyof-discriminated-union	document	descriptions/ghes-3.3/dereferenced/ghes-3.3.deref.json	census 3	enumeration.tsv.gz
anyof-discriminated-union	document	descriptions/ghes-3.3/dereferenced/ghes-3.3.deref.yaml	census 3	enumeration.tsv.gz
anyof-discriminated-union	document	descriptions/ghes-3.3/ghes-3.3.json	census 1	enumeration.tsv.gz
anyof-discriminated-union	document	descriptions/ghes-3.3/ghes-3.3.yaml	census 1	enumeration.tsv.gz
anyof-discriminated-union	document	descriptions/ghes-3.4/dereferenced/ghes-3.4.deref.json	census 3	enumeration.tsv.gz
anyof-discriminated-union	document	descriptions/ghes-3.4/dereferenced/ghes-3.4.deref.yaml	census 3	enumeration.tsv.gz
anyof-discriminated-union	document	descriptions/ghes-3.4/ghes-3.4.json	census 1	enumeration.tsv.gz
anyof-discriminated-union	document	descriptions/ghes-3.4/ghes-3.4.yaml	census 1	enumeration.tsv.gz
anyof-discriminated-union	document	descriptions/ghes-3.5/dereferenced/ghes-3.5.deref.json	census 3	enumeration.tsv.gz
anyof-discriminated-union	document	descriptions/ghes-3.5/dereferenced/ghes-3.5.deref.yaml	census 3	enumeration.tsv.gz
anyof-discriminated-union	document	descriptions/ghes-3.5/ghes-3.5.json	census 1	enumeration.tsv.gz
anyof-discriminated-union	document	descriptions/ghes-3.5/ghes-3.5.yaml	census 1	enumeration.tsv.gz
anyof-discriminated-union	document	descriptions/ghes-3.6/dereferenced/ghes-3.6.deref.json	census 3	enumeration.tsv.gz
anyof-discriminated-union	document	descriptions/ghes-3.6/dereferenced/ghes-3.6.deref.yaml	census 3	enumeration.tsv.gz
anyof-discriminated-union	document	descriptions/ghes-3.6/ghes-3.6.json	census 1	enumeration.tsv.gz
anyof-discriminated-union	document	descriptions/ghes-3.6/ghes-3.6.yaml	census 1	enumeration.tsv.gz
anyof-discriminated-union	document	descriptions/ghes-3.7/dereferenced/ghes-3.7.deref.json	census 3	enumeration.tsv.gz
anyof-discriminated-union	document	descriptions/ghes-3.7/dereferenced/ghes-3.7.deref.yaml	census 3	enumeration.tsv.gz
anyof-discriminated-union	document	descriptions/ghes-3.7/ghes-3.7.json	census 1	enumeration.tsv.gz
anyof-discriminated-union	document	descriptions/ghes-3.7/ghes-3.7.yaml	census 1	enumeration.tsv.gz
anyof-discriminated-union	document	descriptions/ghes-3.8/dereferenced/ghes-3.8.deref.json	census 3	enumeration.tsv.gz
anyof-discriminated-union	document	descriptions/ghes-3.8/dereferenced/ghes-3.8.deref.yaml	census 3	enumeration.tsv.gz
anyof-discriminated-union	document	descriptions/ghes-3.8/ghes-3.8.json	census 1	enumeration.tsv.gz
anyof-discriminated-union	document	descriptions/ghes-3.8/ghes-3.8.yaml	census 1	enumeration.tsv.gz
anyof-discriminated-union	document	descriptions/ghes-3.9/dereferenced/ghes-3.9.2022-11-28.deref.json	census 3	enumeration.tsv.gz
anyof-discriminated-union	document	descriptions/ghes-3.9/dereferenced/ghes-3.9.2022-11-28.deref.yaml	census 3	enumeration.tsv.gz
anyof-discriminated-union	document	descriptions/ghes-3.9/dereferenced/ghes-3.9.deref.json	census 3	enumeration.tsv.gz
anyof-discriminated-union	document	descriptions/ghes-3.9/dereferenced/ghes-3.9.deref.yaml	census 3	enumeration.tsv.gz
anyof-discriminated-union	document	descriptions/ghes-3.9/ghes-3.9.2022-11-28.json	census 1	enumeration.tsv.gz
anyof-discriminated-union	document	descriptions/ghes-3.9/ghes-3.9.2022-11-28.yaml	census 1	enumeration.tsv.gz
anyof-discriminated-union	document	descriptions/ghes-3.9/ghes-3.9.json	census 1	enumeration.tsv.gz
anyof-discriminated-union	document	descriptions/ghes-3.9/ghes-3.9.yaml	census 1	enumeration.tsv.gz
anyof-discriminated-union	document	docs/ai-gateway.openapi.json	census 16	enumeration.tsv.gz
anyof-discriminated-union	document	docs/openapi.json	census 1	enumeration.tsv.gz
anyof-discriminated-union	document	docs/swagger.json	census 2	enumeration.tsv.gz
anyof-discriminated-union	document	openapi-specs/code/Suppressions.json	census 2	enumeration.tsv.gz
anyof-discriminated-union	document	openapi/.raw/v2.json	census 1	enumeration.tsv.gz
anyof-discriminated-union	document	openapi/v1-deprecated/v1.json	census 1	enumeration.tsv.gz
anyof-discriminated-union	document	openapi/v1-deprecated/v1.yaml	census 1	enumeration.tsv.gz
anyof-discriminated-union	document	openapi/v2.json	census 1	enumeration.tsv.gz
anyof-discriminated-union	document	openapi/v2/openapi-2023-01-01.json	census 1	enumeration.tsv.gz
anyof-discriminated-union	document	openapi/v2/openapi-2023-01-01.yaml	census 1	enumeration.tsv.gz
anyof-discriminated-union	document	openapi/v2/openapi-2023-02-01.json	census 1	enumeration.tsv.gz
anyof-discriminated-union	document	openapi/v2/openapi-2023-02-01.yaml	census 1	enumeration.tsv.gz
anyof-discriminated-union	document	openapi/v2/openapi-2023-10-01.json	census 1	enumeration.tsv.gz
anyof-discriminated-union	document	openapi/v2/openapi-2023-10-01.yaml	census 1	enumeration.tsv.gz
anyof-discriminated-union	document	openapi/v2/openapi-2023-11-15.json	census 1	enumeration.tsv.gz
anyof-discriminated-union	document	openapi/v2/openapi-2023-11-15.yaml	census 1	enumeration.tsv.gz
anyof-discriminated-union	document	openapi/v2/openapi-2024-05-30.json	census 1	enumeration.tsv.gz
anyof-discriminated-union	document	openapi/v2/openapi-2024-05-30.yaml	census 1	enumeration.tsv.gz
anyof-discriminated-union	document	openapi/v2/openapi-2024-08-05.json	census 1	enumeration.tsv.gz
anyof-discriminated-union	document	openapi/v2/openapi-2024-08-05.yaml	census 1	enumeration.tsv.gz
anyof-discriminated-union	document	openapi/v2/openapi-2024-10-23.json	census 1	enumeration.tsv.gz
anyof-discriminated-union	document	openapi/v2/openapi-2024-10-23.yaml	census 1	enumeration.tsv.gz
anyof-discriminated-union	document	openapi/v2/openapi-2024-11-13.json	census 1	enumeration.tsv.gz
anyof-discriminated-union	document	openapi/v2/openapi-2024-11-13.yaml	census 1	enumeration.tsv.gz
anyof-discriminated-union	document	openapi/v2/openapi-2025-02-19.json	census 1	enumeration.tsv.gz
anyof-discriminated-union	document	openapi/v2/openapi-2025-02-19.yaml	census 1	enumeration.tsv.gz
anyof-discriminated-union	document	openapi/v2/openapi-2025-03-12.json	census 1	enumeration.tsv.gz
anyof-discriminated-union	document	openapi/v2/private/openapi-private-preview-aws-transit-gateway.json	census 1	enumeration.tsv.gz
anyof-discriminated-union	document	openapi/v2/private/openapi-private-preview-aws-transit-gateway.yaml	census 1	enumeration.tsv.gz
anyof-discriminated-union	document	openapi/v2/private/openapi-private-preview-stream-connection.json	census 1	enumeration.tsv.gz
anyof-discriminated-union	document	openapi/v2/private/openapi-private-preview-stream-connection.yaml	census 1	enumeration.tsv.gz
anyof-discriminated-union	document	outputs/v2-dev.json	census 1	enumeration.tsv.gz
anyof-discriminated-union	document	packages/spec/artifacts/service-api-v1.8.openapi.json	census 4	enumeration.tsv.gz
anyof-discriminated-union	document	protocol/openapi.json	census 1	enumeration.tsv.gz
anyof-discriminated-union	document	support/doc/api/openapi.yaml	census 1	enumeration.tsv.gz
anyof-discriminated-union	document	valhalla/jawn/src/tsoa-build/private/swagger.json	census 13	enumeration.tsv.gz
anyof-discriminated-union	document	valhalla/jawn/src/tsoa-build/public/swagger.json	census 2	enumeration.tsv.gz
anyof-discriminated-union	document	web/lib/clients/jawnTypes/private.json	census 13	enumeration.tsv.gz
anyof-discriminated-union	document	web/lib/clients/jawnTypes/public.json	census 2	enumeration.tsv.gz
anyof-discriminated-union	screen	descriptions-next/ghes-3.10/ghes-3.10.2022-11-28.json fern	failed: Fern CLI 5.67.1 / python-sdk 5.20.0 check reports 40 errors, e.g. Expected example to be an object. Example is: undefined	screens.jsonl
anyof-discriminated-union	screen	descriptions-next/ghes-3.10/ghes-3.10.2022-11-28.json licence	passed	screens.jsonl
anyof-discriminated-union	screen	descriptions-next/ghes-3.10/ghes-3.10.2022-11-28.json ref	passed	screens.jsonl
anyof-discriminated-union	screen	descriptions-next/ghes-3.10/ghes-3.10.2022-11-28.yaml fern	failed: Fern CLI 5.67.1 / python-sdk 5.20.0 check reports 40 errors, e.g. Expected example to be an object. Example is: undefined	screens.jsonl
anyof-discriminated-union	screen	descriptions-next/ghes-3.10/ghes-3.10.2022-11-28.yaml licence	passed	screens.jsonl
anyof-discriminated-union	screen	descriptions-next/ghes-3.10/ghes-3.10.2022-11-28.yaml ref	passed	screens.jsonl
anyof-discriminated-union	screen	descriptions-next/ghes-3.10/ghes-3.10.json fern	failed: Fern CLI 5.67.1 / python-sdk 5.20.0 check reports 40 errors, e.g. Expected example to be an object. Example is: undefined	screens.jsonl
anyof-discriminated-union	screen	descriptions-next/ghes-3.10/ghes-3.10.json licence	passed	screens.jsonl
anyof-discriminated-union	screen	descriptions-next/ghes-3.10/ghes-3.10.json ref	passed	screens.jsonl
anyof-discriminated-union	screen	descriptions-next/ghes-3.10/ghes-3.10.yaml fern	failed: Fern CLI 5.67.1 / python-sdk 5.20.0 check reports 40 errors, e.g. Expected example to be an object. Example is: undefined	screens.jsonl
anyof-discriminated-union	screen	descriptions-next/ghes-3.10/ghes-3.10.yaml licence	passed	screens.jsonl
anyof-discriminated-union	screen	descriptions-next/ghes-3.10/ghes-3.10.yaml ref	passed	screens.jsonl
anyof-discriminated-union	walk	Adyen/adyen-openapi@f82d1fe674e536cc2c6b0d7946e0e827873a4fbf	258	pins.tsv
anyof-discriminated-union	walk	Alia5/steaminputdb.com@a2bd0c37fd3d22e6b9e153b49e9a6e7de5a00393	30	pins.tsv
anyof-discriminated-union	walk	BreydenSummers/Waypoint@6eaa6f3ada167561c8d620d3f5148d4b22b65497	79	pins.tsv
anyof-discriminated-union	walk	Chocobozzz/PeerTube@faa76bad2c1969a088ef1df38dc666dfe7259b5c	285	pins.tsv
anyof-discriminated-union	walk	ChurchSuite/churchsuite-api@8464fbfc6290b6d84a71e728e802d693a7d8ffc2	12	pins.tsv
anyof-discriminated-union	walk	Cosmian/kms@d3e5d8693ab7fee328a2185e53fda76efd09e8d9	226	pins.tsv
anyof-discriminated-union	walk	Helicone/helicone@067d9290acb4f1fc9320e902fc67b4b399b50363	327	pins.tsv
anyof-discriminated-union	walk	Lifetron710/atlas@4613aac6d5da72cce831c79157af9d495dfd25b8	12	pins.tsv
anyof-discriminated-union	walk	OpenBanking-Brasil/specs-directory@37423cbc93982e05eac255db6226ed599a5baace	2	pins.tsv
anyof-discriminated-union	walk	PaloAltoNetworks/pan.dev@4e989cdd4bbda669dc73c0d3f5db90bb4989bee3	441	pins.tsv
anyof-discriminated-union	walk	PaulKov/dpone@7da0e0e6b873eedacb097ddbf1ddb2a961fa1ebb	1307	pins.tsv
anyof-discriminated-union	walk	VinhDat267/ATI_Project@cd26cea1a236e7f5a2514ce54cab73ed409f3c69	193	pins.tsv
anyof-discriminated-union	walk	WithSecureOpenSource/gdpr-subject-rights-api@0d2775dbf1c0830671a9efd878f03ae1eaf97995	1	pins.tsv
anyof-discriminated-union	walk	agenticdriver/agenticdriver@fb851f577341699decf232d1f556a73b545758bf	24	pins.tsv
anyof-discriminated-union	walk	apostrophecms/apostrophe@14eab51cfa6114f9d98b6c6acb600564fc734587	258	pins.tsv
anyof-discriminated-union	walk	apostrophecms/docs@125bb97075a87d8a1dffe5e765ebeb05af0c4c13	5	pins.tsv
anyof-discriminated-union	walk	auto-agent-protocol/auto-agent-protocol@5d31c27b11c36a018754f34830954d836a55afe5	525	pins.tsv
anyof-discriminated-union	walk	cnorlander/BuildRelay@e5f47309d1ca6fd28267de041e7ed2f61e477723	4	pins.tsv
anyof-discriminated-union	walk	emergentmethods/flowdapt@e8f34d411564e6c0e6542fe67d0604c23de1cf91	23	pins.tsv
anyof-discriminated-union	walk	github/rest-api-description@3cef12e8a02d612ad032473d4fb87266f2befeae	384	pins.tsv
anyof-discriminated-union	walk	kubernetes/kubernetes@b0e6417568f530e79579c5bcd6bbeac799a47669	65	pins.tsv
anyof-discriminated-union	walk	kushin77/agent-orchestrator@9ae4441d1aca473286be9de0e69f87ab9b8daa25	564	pins.tsv
anyof-discriminated-union	walk	kytos-ng/sdntrace_cp@269f4482ecd4125dc1c115e059dbce26b7269216	2	pins.tsv
anyof-discriminated-union	walk	livepeer/ai-runner@50a742cee7c5789ef4a10f8117f30de3758366a9	26	pins.tsv
anyof-discriminated-union	walk	magrathean-uk/teslatlas-protocol@e33a296d26fcef3936ccaf61ccc73b0f7469b7a2	118	pins.tsv
anyof-discriminated-union	walk	magrathean-uk/teslatlas-sdk-typescript@beb79c922d130722c88ffd009300a00f20ea0a1b	128	pins.tsv
anyof-discriminated-union	walk	mongodb/openapi@1e4aeea7d2d63f749bcae619cf836fbe52c62447	63	pins.tsv
anyof-discriminated-union	walk	roryqueue/cowards-game@1e368dd81d96dcb458ff78975a107c2d9b260ef9	528	pins.tsv
anyof-discriminated-union	walk	truefoundry/trueforge@5adde289683b642203b06b39ca687e9d977ca7a5	69	pins.tsv
anyof-discriminated-union	walk	twilio/twilio-oai@5aa7f31977ce5812f7b7bc1f46a38555ebaa2888	120	pins.tsv
anyof-oneof-variant	document	descriptions-next/api.github.com/dereferenced/api.github.com.2022-11-28.deref.json	census 15	enumeration.tsv.gz
anyof-oneof-variant	document	descriptions-next/api.github.com/dereferenced/api.github.com.2022-11-28.deref.yaml	census 15	enumeration.tsv.gz
anyof-oneof-variant	document	descriptions-next/api.github.com/dereferenced/api.github.com.2026-03-10.deref.json	census 15	enumeration.tsv.gz
anyof-oneof-variant	document	descriptions-next/api.github.com/dereferenced/api.github.com.2026-03-10.deref.yaml	census 15	enumeration.tsv.gz
anyof-oneof-variant	document	descriptions-next/api.github.com/dereferenced/api.github.com.deref.json	census 15	enumeration.tsv.gz
anyof-oneof-variant	document	descriptions-next/api.github.com/dereferenced/api.github.com.deref.yaml	census 15	enumeration.tsv.gz
anyof-oneof-variant	document	descriptions-next/ghec/dereferenced/ghec.2022-11-28.deref.json	census 19	enumeration.tsv.gz
anyof-oneof-variant	document	descriptions-next/ghec/dereferenced/ghec.2022-11-28.deref.yaml	census 19	enumeration.tsv.gz
anyof-oneof-variant	document	descriptions-next/ghec/dereferenced/ghec.2026-03-10.deref.json	census 19	enumeration.tsv.gz
anyof-oneof-variant	document	descriptions-next/ghec/dereferenced/ghec.2026-03-10.deref.yaml	census 19	enumeration.tsv.gz
anyof-oneof-variant	document	descriptions-next/ghec/dereferenced/ghec.deref.json	census 19	enumeration.tsv.gz
anyof-oneof-variant	document	descriptions-next/ghec/dereferenced/ghec.deref.yaml	census 19	enumeration.tsv.gz
anyof-oneof-variant	document	descriptions-next/ghes-3.11/dereferenced/ghes-3.11.2022-11-28.deref.json	census 11	enumeration.tsv.gz
anyof-oneof-variant	document	descriptions-next/ghes-3.11/dereferenced/ghes-3.11.2022-11-28.deref.yaml	census 11	enumeration.tsv.gz
anyof-oneof-variant	document	descriptions-next/ghes-3.11/dereferenced/ghes-3.11.deref.json	census 11	enumeration.tsv.gz
anyof-oneof-variant	document	descriptions-next/ghes-3.11/dereferenced/ghes-3.11.deref.yaml	census 11	enumeration.tsv.gz
anyof-oneof-variant	document	descriptions-next/ghes-3.12/dereferenced/ghes-3.12.2022-11-28.deref.json	census 11	enumeration.tsv.gz
anyof-oneof-variant	document	descriptions-next/ghes-3.12/dereferenced/ghes-3.12.2022-11-28.deref.yaml	census 11	enumeration.tsv.gz
anyof-oneof-variant	document	descriptions-next/ghes-3.12/dereferenced/ghes-3.12.deref.json	census 11	enumeration.tsv.gz
anyof-oneof-variant	document	descriptions-next/ghes-3.12/dereferenced/ghes-3.12.deref.yaml	census 11	enumeration.tsv.gz
anyof-oneof-variant	document	descriptions-next/ghes-3.13/dereferenced/ghes-3.13.2022-11-28.deref.json	census 11	enumeration.tsv.gz
anyof-oneof-variant	document	descriptions-next/ghes-3.13/dereferenced/ghes-3.13.2022-11-28.deref.yaml	census 11	enumeration.tsv.gz
anyof-oneof-variant	document	descriptions-next/ghes-3.13/dereferenced/ghes-3.13.deref.json	census 11	enumeration.tsv.gz
anyof-oneof-variant	document	descriptions-next/ghes-3.13/dereferenced/ghes-3.13.deref.yaml	census 11	enumeration.tsv.gz
anyof-oneof-variant	document	descriptions-next/ghes-3.14/dereferenced/ghes-3.14.2022-11-28.deref.json	census 11	enumeration.tsv.gz
anyof-oneof-variant	document	descriptions-next/ghes-3.14/dereferenced/ghes-3.14.2022-11-28.deref.yaml	census 11	enumeration.tsv.gz
anyof-oneof-variant	document	descriptions-next/ghes-3.14/dereferenced/ghes-3.14.deref.json	census 11	enumeration.tsv.gz
anyof-oneof-variant	document	descriptions-next/ghes-3.14/dereferenced/ghes-3.14.deref.yaml	census 11	enumeration.tsv.gz
anyof-oneof-variant	document	descriptions-next/ghes-3.15/dereferenced/ghes-3.15.2022-11-28.deref.json	census 11	enumeration.tsv.gz
anyof-oneof-variant	document	descriptions-next/ghes-3.15/dereferenced/ghes-3.15.2022-11-28.deref.yaml	census 11	enumeration.tsv.gz
anyof-oneof-variant	document	descriptions-next/ghes-3.15/dereferenced/ghes-3.15.deref.json	census 11	enumeration.tsv.gz
anyof-oneof-variant	document	descriptions-next/ghes-3.15/dereferenced/ghes-3.15.deref.yaml	census 11	enumeration.tsv.gz
anyof-oneof-variant	document	descriptions-next/ghes-3.16/dereferenced/ghes-3.16.2022-11-28.deref.json	census 11	enumeration.tsv.gz
anyof-oneof-variant	document	descriptions-next/ghes-3.16/dereferenced/ghes-3.16.2022-11-28.deref.yaml	census 11	enumeration.tsv.gz
anyof-oneof-variant	document	descriptions-next/ghes-3.16/dereferenced/ghes-3.16.deref.json	census 11	enumeration.tsv.gz
anyof-oneof-variant	document	descriptions-next/ghes-3.16/dereferenced/ghes-3.16.deref.yaml	census 11	enumeration.tsv.gz
anyof-oneof-variant	document	descriptions-next/ghes-3.17/dereferenced/ghes-3.17.2022-11-28.deref.json	census 11	enumeration.tsv.gz
anyof-oneof-variant	document	descriptions-next/ghes-3.17/dereferenced/ghes-3.17.2022-11-28.deref.yaml	census 11	enumeration.tsv.gz
anyof-oneof-variant	document	descriptions-next/ghes-3.17/dereferenced/ghes-3.17.deref.json	census 11	enumeration.tsv.gz
anyof-oneof-variant	document	descriptions-next/ghes-3.17/dereferenced/ghes-3.17.deref.yaml	census 11	enumeration.tsv.gz
anyof-oneof-variant	document	descriptions-next/ghes-3.18/dereferenced/ghes-3.18.2022-11-28.deref.json	census 11	enumeration.tsv.gz
anyof-oneof-variant	document	descriptions-next/ghes-3.18/dereferenced/ghes-3.18.2022-11-28.deref.yaml	census 11	enumeration.tsv.gz
anyof-oneof-variant	document	descriptions-next/ghes-3.18/dereferenced/ghes-3.18.deref.json	census 11	enumeration.tsv.gz
anyof-oneof-variant	document	descriptions-next/ghes-3.18/dereferenced/ghes-3.18.deref.yaml	census 11	enumeration.tsv.gz
anyof-oneof-variant	document	descriptions-next/ghes-3.19/dereferenced/ghes-3.19.2022-11-28.deref.json	census 16	enumeration.tsv.gz
anyof-oneof-variant	document	descriptions-next/ghes-3.19/dereferenced/ghes-3.19.2022-11-28.deref.yaml	census 16	enumeration.tsv.gz
anyof-oneof-variant	document	descriptions-next/ghes-3.19/dereferenced/ghes-3.19.deref.json	census 16	enumeration.tsv.gz
anyof-oneof-variant	document	descriptions-next/ghes-3.19/dereferenced/ghes-3.19.deref.yaml	census 16	enumeration.tsv.gz
anyof-oneof-variant	document	descriptions-next/ghes-3.20/dereferenced/ghes-3.20.2022-11-28.deref.json	census 16	enumeration.tsv.gz
anyof-oneof-variant	document	descriptions-next/ghes-3.20/dereferenced/ghes-3.20.2022-11-28.deref.yaml	census 16	enumeration.tsv.gz
anyof-oneof-variant	document	descriptions-next/ghes-3.20/dereferenced/ghes-3.20.deref.json	census 16	enumeration.tsv.gz
anyof-oneof-variant	document	descriptions-next/ghes-3.20/dereferenced/ghes-3.20.deref.yaml	census 16	enumeration.tsv.gz
anyof-oneof-variant	document	descriptions-next/ghes-3.21/dereferenced/ghes-3.21.2022-11-28.deref.json	census 16	enumeration.tsv.gz
anyof-oneof-variant	document	descriptions-next/ghes-3.21/dereferenced/ghes-3.21.2022-11-28.deref.yaml	census 16	enumeration.tsv.gz
anyof-oneof-variant	document	descriptions-next/ghes-3.21/dereferenced/ghes-3.21.2026-03-10.deref.json	census 16	enumeration.tsv.gz
anyof-oneof-variant	document	descriptions-next/ghes-3.21/dereferenced/ghes-3.21.2026-03-10.deref.yaml	census 16	enumeration.tsv.gz
anyof-oneof-variant	document	descriptions-next/ghes-3.21/dereferenced/ghes-3.21.deref.json	census 16	enumeration.tsv.gz
anyof-oneof-variant	document	descriptions-next/ghes-3.21/dereferenced/ghes-3.21.deref.yaml	census 16	enumeration.tsv.gz
anyof-oneof-variant	document	descriptions-next/ghes-3.22/dereferenced/ghes-3.22.2022-11-28.deref.json	census 16	enumeration.tsv.gz
anyof-oneof-variant	document	descriptions-next/ghes-3.22/dereferenced/ghes-3.22.2022-11-28.deref.yaml	census 16	enumeration.tsv.gz
anyof-oneof-variant	document	descriptions-next/ghes-3.22/dereferenced/ghes-3.22.2026-03-10.deref.json	census 16	enumeration.tsv.gz
anyof-oneof-variant	document	descriptions-next/ghes-3.22/dereferenced/ghes-3.22.2026-03-10.deref.yaml	census 16	enumeration.tsv.gz
anyof-oneof-variant	document	descriptions-next/ghes-3.22/dereferenced/ghes-3.22.deref.json	census 16	enumeration.tsv.gz
anyof-oneof-variant	document	descriptions-next/ghes-3.22/dereferenced/ghes-3.22.deref.yaml	census 16	enumeration.tsv.gz
anyof-oneof-variant	document	descriptions/api.github.com/dereferenced/api.github.com.2022-11-28.deref.json	census 8	enumeration.tsv.gz
anyof-oneof-variant	document	descriptions/api.github.com/dereferenced/api.github.com.2022-11-28.deref.yaml	census 8	enumeration.tsv.gz
anyof-oneof-variant	document	descriptions/api.github.com/dereferenced/api.github.com.2026-03-10.deref.json	census 8	enumeration.tsv.gz
anyof-oneof-variant	document	descriptions/api.github.com/dereferenced/api.github.com.2026-03-10.deref.yaml	census 8	enumeration.tsv.gz
anyof-oneof-variant	document	descriptions/api.github.com/dereferenced/api.github.com.deref.json	census 8	enumeration.tsv.gz
anyof-oneof-variant	document	descriptions/api.github.com/dereferenced/api.github.com.deref.yaml	census 8	enumeration.tsv.gz
anyof-oneof-variant	document	descriptions/ghec/dereferenced/ghec.2022-11-28.deref.json	census 11	enumeration.tsv.gz
anyof-oneof-variant	document	descriptions/ghec/dereferenced/ghec.2022-11-28.deref.yaml	census 11	enumeration.tsv.gz
anyof-oneof-variant	document	descriptions/ghec/dereferenced/ghec.2026-03-10.deref.json	census 11	enumeration.tsv.gz
anyof-oneof-variant	document	descriptions/ghec/dereferenced/ghec.2026-03-10.deref.yaml	census 11	enumeration.tsv.gz
anyof-oneof-variant	document	descriptions/ghec/dereferenced/ghec.deref.json	census 11	enumeration.tsv.gz
anyof-oneof-variant	document	descriptions/ghec/dereferenced/ghec.deref.yaml	census 11	enumeration.tsv.gz
anyof-oneof-variant	document	descriptions/ghes-3.11/dereferenced/ghes-3.11.2022-11-28.deref.json	census 8	enumeration.tsv.gz
anyof-oneof-variant	document	descriptions/ghes-3.11/dereferenced/ghes-3.11.2022-11-28.deref.yaml	census 8	enumeration.tsv.gz
anyof-oneof-variant	document	descriptions/ghes-3.11/dereferenced/ghes-3.11.deref.json	census 8	enumeration.tsv.gz
anyof-oneof-variant	document	descriptions/ghes-3.11/dereferenced/ghes-3.11.deref.yaml	census 8	enumeration.tsv.gz
anyof-oneof-variant	document	descriptions/ghes-3.12/dereferenced/ghes-3.12.2022-11-28.deref.json	census 8	enumeration.tsv.gz
anyof-oneof-variant	document	descriptions/ghes-3.12/dereferenced/ghes-3.12.2022-11-28.deref.yaml	census 8	enumeration.tsv.gz
anyof-oneof-variant	document	descriptions/ghes-3.12/dereferenced/ghes-3.12.deref.json	census 8	enumeration.tsv.gz
anyof-oneof-variant	document	descriptions/ghes-3.12/dereferenced/ghes-3.12.deref.yaml	census 8	enumeration.tsv.gz
anyof-oneof-variant	document	descriptions/ghes-3.13/dereferenced/ghes-3.13.2022-11-28.deref.json	census 8	enumeration.tsv.gz
anyof-oneof-variant	document	descriptions/ghes-3.13/dereferenced/ghes-3.13.2022-11-28.deref.yaml	census 8	enumeration.tsv.gz
anyof-oneof-variant	document	descriptions/ghes-3.13/dereferenced/ghes-3.13.deref.json	census 8	enumeration.tsv.gz
anyof-oneof-variant	document	descriptions/ghes-3.13/dereferenced/ghes-3.13.deref.yaml	census 8	enumeration.tsv.gz
anyof-oneof-variant	document	descriptions/ghes-3.14/dereferenced/ghes-3.14.2022-11-28.deref.json	census 8	enumeration.tsv.gz
anyof-oneof-variant	document	descriptions/ghes-3.14/dereferenced/ghes-3.14.2022-11-28.deref.yaml	census 8	enumeration.tsv.gz
anyof-oneof-variant	document	descriptions/ghes-3.14/dereferenced/ghes-3.14.deref.json	census 8	enumeration.tsv.gz
anyof-oneof-variant	document	descriptions/ghes-3.14/dereferenced/ghes-3.14.deref.yaml	census 8	enumeration.tsv.gz
anyof-oneof-variant	document	descriptions/ghes-3.15/dereferenced/ghes-3.15.2022-11-28.deref.json	census 8	enumeration.tsv.gz
anyof-oneof-variant	document	descriptions/ghes-3.15/dereferenced/ghes-3.15.2022-11-28.deref.yaml	census 8	enumeration.tsv.gz
anyof-oneof-variant	document	descriptions/ghes-3.15/dereferenced/ghes-3.15.deref.json	census 8	enumeration.tsv.gz
anyof-oneof-variant	document	descriptions/ghes-3.15/dereferenced/ghes-3.15.deref.yaml	census 8	enumeration.tsv.gz
anyof-oneof-variant	document	descriptions/ghes-3.16/dereferenced/ghes-3.16.2022-11-28.deref.json	census 8	enumeration.tsv.gz
anyof-oneof-variant	document	descriptions/ghes-3.16/dereferenced/ghes-3.16.2022-11-28.deref.yaml	census 8	enumeration.tsv.gz
anyof-oneof-variant	document	descriptions/ghes-3.16/dereferenced/ghes-3.16.deref.json	census 8	enumeration.tsv.gz
anyof-oneof-variant	document	descriptions/ghes-3.16/dereferenced/ghes-3.16.deref.yaml	census 8	enumeration.tsv.gz
anyof-oneof-variant	document	descriptions/ghes-3.17/dereferenced/ghes-3.17.2022-11-28.deref.json	census 8	enumeration.tsv.gz
anyof-oneof-variant	document	descriptions/ghes-3.17/dereferenced/ghes-3.17.2022-11-28.deref.yaml	census 8	enumeration.tsv.gz
anyof-oneof-variant	document	descriptions/ghes-3.17/dereferenced/ghes-3.17.deref.json	census 8	enumeration.tsv.gz
anyof-oneof-variant	document	descriptions/ghes-3.17/dereferenced/ghes-3.17.deref.yaml	census 8	enumeration.tsv.gz
anyof-oneof-variant	document	descriptions/ghes-3.18/dereferenced/ghes-3.18.2022-11-28.deref.json	census 8	enumeration.tsv.gz
anyof-oneof-variant	document	descriptions/ghes-3.18/dereferenced/ghes-3.18.2022-11-28.deref.yaml	census 8	enumeration.tsv.gz
anyof-oneof-variant	document	descriptions/ghes-3.18/dereferenced/ghes-3.18.deref.json	census 8	enumeration.tsv.gz
anyof-oneof-variant	document	descriptions/ghes-3.18/dereferenced/ghes-3.18.deref.yaml	census 8	enumeration.tsv.gz
anyof-oneof-variant	document	descriptions/ghes-3.19/dereferenced/ghes-3.19.2022-11-28.deref.json	census 8	enumeration.tsv.gz
anyof-oneof-variant	document	descriptions/ghes-3.19/dereferenced/ghes-3.19.2022-11-28.deref.yaml	census 8	enumeration.tsv.gz
anyof-oneof-variant	document	descriptions/ghes-3.19/dereferenced/ghes-3.19.deref.json	census 8	enumeration.tsv.gz
anyof-oneof-variant	document	descriptions/ghes-3.19/dereferenced/ghes-3.19.deref.yaml	census 8	enumeration.tsv.gz
anyof-oneof-variant	document	descriptions/ghes-3.20/dereferenced/ghes-3.20.2022-11-28.deref.json	census 8	enumeration.tsv.gz
anyof-oneof-variant	document	descriptions/ghes-3.20/dereferenced/ghes-3.20.2022-11-28.deref.yaml	census 8	enumeration.tsv.gz
anyof-oneof-variant	document	descriptions/ghes-3.20/dereferenced/ghes-3.20.deref.json	census 8	enumeration.tsv.gz
anyof-oneof-variant	document	descriptions/ghes-3.20/dereferenced/ghes-3.20.deref.yaml	census 8	enumeration.tsv.gz
anyof-oneof-variant	document	descriptions/ghes-3.21/dereferenced/ghes-3.21.2022-11-28.deref.json	census 8	enumeration.tsv.gz
anyof-oneof-variant	document	descriptions/ghes-3.21/dereferenced/ghes-3.21.2022-11-28.deref.yaml	census 8	enumeration.tsv.gz
anyof-oneof-variant	document	descriptions/ghes-3.21/dereferenced/ghes-3.21.2026-03-10.deref.json	census 8	enumeration.tsv.gz
anyof-oneof-variant	document	descriptions/ghes-3.21/dereferenced/ghes-3.21.2026-03-10.deref.yaml	census 8	enumeration.tsv.gz
anyof-oneof-variant	document	descriptions/ghes-3.21/dereferenced/ghes-3.21.deref.json	census 8	enumeration.tsv.gz
anyof-oneof-variant	document	descriptions/ghes-3.21/dereferenced/ghes-3.21.deref.yaml	census 8	enumeration.tsv.gz
anyof-oneof-variant	document	descriptions/ghes-3.22/dereferenced/ghes-3.22.2022-11-28.deref.json	census 8	enumeration.tsv.gz
anyof-oneof-variant	document	descriptions/ghes-3.22/dereferenced/ghes-3.22.2022-11-28.deref.yaml	census 8	enumeration.tsv.gz
anyof-oneof-variant	document	descriptions/ghes-3.22/dereferenced/ghes-3.22.2026-03-10.deref.json	census 8	enumeration.tsv.gz
anyof-oneof-variant	document	descriptions/ghes-3.22/dereferenced/ghes-3.22.2026-03-10.deref.yaml	census 8	enumeration.tsv.gz
anyof-oneof-variant	document	descriptions/ghes-3.22/dereferenced/ghes-3.22.deref.json	census 8	enumeration.tsv.gz
anyof-oneof-variant	document	descriptions/ghes-3.22/dereferenced/ghes-3.22.deref.yaml	census 8	enumeration.tsv.gz
anyof-oneof-variant	document	docs/openapi.yaml	census 1	enumeration.tsv.gz
anyof-oneof-variant	document	openapi-specs/prisma-airs-model-security/management/mgmt-plane.yml	census 3	enumeration.tsv.gz
anyof-oneof-variant	document	openapi-specs/prisma-airs-redteam/management/mp-openapi.yaml	census 17	enumeration.tsv.gz
anyof-oneof-variant	document	openapi-specs/scm/config/cloudngfw/objects/objects_R3.yaml	census 2	enumeration.tsv.gz
anyof-oneof-variant	document	openapi-specs/scm/config/ngfw/network/network-services _R3_v1.2.yaml	census 9	enumeration.tsv.gz
anyof-oneof-variant	document	openapi-specs/scm/config/ngfw/objects/objects_R3.yaml	census 2	enumeration.tsv.gz
anyof-oneof-variant	document	openapi-specs/scm/config/sase/network/network-services _R3_v1.2.yaml	census 9	enumeration.tsv.gz
anyof-oneof-variant	document	openapi-specs/scm/config/sase/objects/objects_R3.yaml	census 2	enumeration.tsv.gz
anyof-oneof-variant	document	protocol/openapi.json	census 2	enumeration.tsv.gz
anyof-oneof-variant	walk	Adyen/adyen-openapi@f82d1fe674e536cc2c6b0d7946e0e827873a4fbf	258	pins.tsv
anyof-oneof-variant	walk	Alia5/steaminputdb.com@a2bd0c37fd3d22e6b9e153b49e9a6e7de5a00393	30	pins.tsv
anyof-oneof-variant	walk	BreydenSummers/Waypoint@6eaa6f3ada167561c8d620d3f5148d4b22b65497	79	pins.tsv
anyof-oneof-variant	walk	Chocobozzz/PeerTube@faa76bad2c1969a088ef1df38dc666dfe7259b5c	285	pins.tsv
anyof-oneof-variant	walk	ChurchSuite/churchsuite-api@8464fbfc6290b6d84a71e728e802d693a7d8ffc2	12	pins.tsv
anyof-oneof-variant	walk	Cosmian/kms@d3e5d8693ab7fee328a2185e53fda76efd09e8d9	226	pins.tsv
anyof-oneof-variant	walk	Helicone/helicone@067d9290acb4f1fc9320e902fc67b4b399b50363	327	pins.tsv
anyof-oneof-variant	walk	Lifetron710/atlas@4613aac6d5da72cce831c79157af9d495dfd25b8	12	pins.tsv
anyof-oneof-variant	walk	OpenBanking-Brasil/specs-directory@37423cbc93982e05eac255db6226ed599a5baace	2	pins.tsv
anyof-oneof-variant	walk	PaloAltoNetworks/pan.dev@4e989cdd4bbda669dc73c0d3f5db90bb4989bee3	441	pins.tsv
anyof-oneof-variant	walk	PaulKov/dpone@7da0e0e6b873eedacb097ddbf1ddb2a961fa1ebb	1307	pins.tsv
anyof-oneof-variant	walk	VinhDat267/ATI_Project@cd26cea1a236e7f5a2514ce54cab73ed409f3c69	193	pins.tsv
anyof-oneof-variant	walk	WithSecureOpenSource/gdpr-subject-rights-api@0d2775dbf1c0830671a9efd878f03ae1eaf97995	1	pins.tsv
anyof-oneof-variant	walk	agenticdriver/agenticdriver@fb851f577341699decf232d1f556a73b545758bf	24	pins.tsv
anyof-oneof-variant	walk	apostrophecms/apostrophe@14eab51cfa6114f9d98b6c6acb600564fc734587	258	pins.tsv
anyof-oneof-variant	walk	apostrophecms/docs@125bb97075a87d8a1dffe5e765ebeb05af0c4c13	5	pins.tsv
anyof-oneof-variant	walk	auto-agent-protocol/auto-agent-protocol@5d31c27b11c36a018754f34830954d836a55afe5	525	pins.tsv
anyof-oneof-variant	walk	cnorlander/BuildRelay@e5f47309d1ca6fd28267de041e7ed2f61e477723	4	pins.tsv
anyof-oneof-variant	walk	emergentmethods/flowdapt@e8f34d411564e6c0e6542fe67d0604c23de1cf91	23	pins.tsv
anyof-oneof-variant	walk	github/rest-api-description@3cef12e8a02d612ad032473d4fb87266f2befeae	384	pins.tsv
anyof-oneof-variant	walk	kubernetes/kubernetes@b0e6417568f530e79579c5bcd6bbeac799a47669	65	pins.tsv
anyof-oneof-variant	walk	kushin77/agent-orchestrator@9ae4441d1aca473286be9de0e69f87ab9b8daa25	564	pins.tsv
anyof-oneof-variant	walk	kytos-ng/sdntrace_cp@269f4482ecd4125dc1c115e059dbce26b7269216	2	pins.tsv
anyof-oneof-variant	walk	livepeer/ai-runner@50a742cee7c5789ef4a10f8117f30de3758366a9	26	pins.tsv
anyof-oneof-variant	walk	magrathean-uk/teslatlas-protocol@e33a296d26fcef3936ccaf61ccc73b0f7469b7a2	118	pins.tsv
anyof-oneof-variant	walk	magrathean-uk/teslatlas-sdk-typescript@beb79c922d130722c88ffd009300a00f20ea0a1b	128	pins.tsv
anyof-oneof-variant	walk	mongodb/openapi@1e4aeea7d2d63f749bcae619cf836fbe52c62447	63	pins.tsv
anyof-oneof-variant	walk	roryqueue/cowards-game@1e368dd81d96dcb458ff78975a107c2d9b260ef9	528	pins.tsv
anyof-oneof-variant	walk	truefoundry/trueforge@5adde289683b642203b06b39ca687e9d977ca7a5	69	pins.tsv
anyof-oneof-variant	walk	twilio/twilio-oai@5aa7f31977ce5812f7b7bc1f46a38555ebaa2888	120	pins.tsv
anyof-sole-member	candidate	descriptions-next/ghes-3.1/dereferenced/ghes-3.1.deref.json	census 1	probe.jsonl
anyof-sole-member	candidate	descriptions-next/ghes-3.1/dereferenced/ghes-3.1.deref.yaml	census 1	probe.jsonl
anyof-sole-member	candidate	descriptions-next/ghes-3.1/ghes-3.1.json	census 1	probe.jsonl
anyof-sole-member	candidate	descriptions-next/ghes-3.1/ghes-3.1.yaml	census 1	probe.jsonl
anyof-sole-member	document	descriptions-next/ghes-3.1/dereferenced/ghes-3.1.deref.json	census 1	enumeration.tsv.gz
anyof-sole-member	document	descriptions-next/ghes-3.1/dereferenced/ghes-3.1.deref.yaml	census 1	enumeration.tsv.gz
anyof-sole-member	document	descriptions-next/ghes-3.1/ghes-3.1.json	census 1	enumeration.tsv.gz
anyof-sole-member	document	descriptions-next/ghes-3.1/ghes-3.1.yaml	census 1	enumeration.tsv.gz
anyof-sole-member	document	descriptions-next/ghes-3.14/dereferenced/ghes-3.14.2022-11-28.deref.json	census 1	enumeration.tsv.gz
anyof-sole-member	document	descriptions-next/ghes-3.14/dereferenced/ghes-3.14.2022-11-28.deref.yaml	census 1	enumeration.tsv.gz
anyof-sole-member	document	descriptions-next/ghes-3.14/dereferenced/ghes-3.14.deref.json	census 1	enumeration.tsv.gz
anyof-sole-member	document	descriptions-next/ghes-3.14/dereferenced/ghes-3.14.deref.yaml	census 1	enumeration.tsv.gz
anyof-sole-member	document	descriptions-next/ghes-3.14/ghes-3.14.2022-11-28.json	census 1	enumeration.tsv.gz
anyof-sole-member	document	descriptions-next/ghes-3.14/ghes-3.14.2022-11-28.yaml	census 1	enumeration.tsv.gz
anyof-sole-member	document	descriptions-next/ghes-3.14/ghes-3.14.json	census 1	enumeration.tsv.gz
anyof-sole-member	document	descriptions-next/ghes-3.14/ghes-3.14.yaml	census 1	enumeration.tsv.gz
anyof-sole-member	document	descriptions-next/ghes-3.15/dereferenced/ghes-3.15.2022-11-28.deref.json	census 1	enumeration.tsv.gz
anyof-sole-member	document	descriptions-next/ghes-3.15/dereferenced/ghes-3.15.2022-11-28.deref.yaml	census 1	enumeration.tsv.gz
anyof-sole-member	document	descriptions-next/ghes-3.15/dereferenced/ghes-3.15.deref.json	census 1	enumeration.tsv.gz
anyof-sole-member	document	descriptions-next/ghes-3.15/dereferenced/ghes-3.15.deref.yaml	census 1	enumeration.tsv.gz
anyof-sole-member	document	descriptions-next/ghes-3.15/ghes-3.15.2022-11-28.json	census 1	enumeration.tsv.gz
anyof-sole-member	document	descriptions-next/ghes-3.15/ghes-3.15.2022-11-28.yaml	census 1	enumeration.tsv.gz
anyof-sole-member	document	descriptions-next/ghes-3.15/ghes-3.15.json	census 1	enumeration.tsv.gz
anyof-sole-member	document	descriptions-next/ghes-3.15/ghes-3.15.yaml	census 1	enumeration.tsv.gz
anyof-sole-member	document	descriptions-next/ghes-3.16/dereferenced/ghes-3.16.2022-11-28.deref.json	census 1	enumeration.tsv.gz
anyof-sole-member	document	descriptions-next/ghes-3.16/dereferenced/ghes-3.16.2022-11-28.deref.yaml	census 1	enumeration.tsv.gz
anyof-sole-member	document	descriptions-next/ghes-3.16/dereferenced/ghes-3.16.deref.json	census 1	enumeration.tsv.gz
anyof-sole-member	document	descriptions-next/ghes-3.16/dereferenced/ghes-3.16.deref.yaml	census 1	enumeration.tsv.gz
anyof-sole-member	document	descriptions-next/ghes-3.16/ghes-3.16.2022-11-28.json	census 1	enumeration.tsv.gz
anyof-sole-member	document	descriptions-next/ghes-3.16/ghes-3.16.2022-11-28.yaml	census 1	enumeration.tsv.gz
anyof-sole-member	document	descriptions-next/ghes-3.16/ghes-3.16.json	census 1	enumeration.tsv.gz
anyof-sole-member	document	descriptions-next/ghes-3.16/ghes-3.16.yaml	census 1	enumeration.tsv.gz
anyof-sole-member	document	descriptions-next/ghes-3.17/dereferenced/ghes-3.17.2022-11-28.deref.json	census 1	enumeration.tsv.gz
anyof-sole-member	document	descriptions-next/ghes-3.17/dereferenced/ghes-3.17.2022-11-28.deref.yaml	census 1	enumeration.tsv.gz
anyof-sole-member	document	descriptions-next/ghes-3.17/dereferenced/ghes-3.17.deref.json	census 1	enumeration.tsv.gz
anyof-sole-member	document	descriptions-next/ghes-3.17/dereferenced/ghes-3.17.deref.yaml	census 1	enumeration.tsv.gz
anyof-sole-member	document	descriptions-next/ghes-3.17/ghes-3.17.2022-11-28.json	census 1	enumeration.tsv.gz
anyof-sole-member	document	descriptions-next/ghes-3.17/ghes-3.17.2022-11-28.yaml	census 1	enumeration.tsv.gz
anyof-sole-member	document	descriptions-next/ghes-3.17/ghes-3.17.json	census 1	enumeration.tsv.gz
anyof-sole-member	document	descriptions-next/ghes-3.17/ghes-3.17.yaml	census 1	enumeration.tsv.gz
anyof-sole-member	document	descriptions-next/ghes-3.18/dereferenced/ghes-3.18.2022-11-28.deref.json	census 1	enumeration.tsv.gz
anyof-sole-member	document	descriptions-next/ghes-3.18/dereferenced/ghes-3.18.2022-11-28.deref.yaml	census 1	enumeration.tsv.gz
anyof-sole-member	document	descriptions-next/ghes-3.18/dereferenced/ghes-3.18.deref.json	census 1	enumeration.tsv.gz
anyof-sole-member	document	descriptions-next/ghes-3.18/dereferenced/ghes-3.18.deref.yaml	census 1	enumeration.tsv.gz
anyof-sole-member	document	descriptions-next/ghes-3.18/ghes-3.18.2022-11-28.json	census 1	enumeration.tsv.gz
anyof-sole-member	document	descriptions-next/ghes-3.18/ghes-3.18.2022-11-28.yaml	census 1	enumeration.tsv.gz
anyof-sole-member	document	descriptions-next/ghes-3.18/ghes-3.18.json	census 1	enumeration.tsv.gz
anyof-sole-member	document	descriptions-next/ghes-3.18/ghes-3.18.yaml	census 1	enumeration.tsv.gz
anyof-sole-member	document	descriptions-next/ghes-3.19/dereferenced/ghes-3.19.2022-11-28.deref.json	census 1	enumeration.tsv.gz
anyof-sole-member	document	descriptions-next/ghes-3.19/dereferenced/ghes-3.19.2022-11-28.deref.yaml	census 1	enumeration.tsv.gz
anyof-sole-member	document	descriptions-next/ghes-3.19/dereferenced/ghes-3.19.deref.json	census 1	enumeration.tsv.gz
anyof-sole-member	document	descriptions-next/ghes-3.19/dereferenced/ghes-3.19.deref.yaml	census 1	enumeration.tsv.gz
anyof-sole-member	document	descriptions-next/ghes-3.19/ghes-3.19.2022-11-28.json	census 1	enumeration.tsv.gz
anyof-sole-member	document	descriptions-next/ghes-3.19/ghes-3.19.2022-11-28.yaml	census 1	enumeration.tsv.gz
anyof-sole-member	document	descriptions-next/ghes-3.19/ghes-3.19.json	census 1	enumeration.tsv.gz
anyof-sole-member	document	descriptions-next/ghes-3.19/ghes-3.19.yaml	census 1	enumeration.tsv.gz
anyof-sole-member	document	descriptions/ghes-3.1/dereferenced/ghes-3.1.deref.json	census 1	enumeration.tsv.gz
anyof-sole-member	document	descriptions/ghes-3.1/dereferenced/ghes-3.1.deref.yaml	census 1	enumeration.tsv.gz
anyof-sole-member	document	descriptions/ghes-3.1/ghes-3.1.json	census 1	enumeration.tsv.gz
anyof-sole-member	document	descriptions/ghes-3.1/ghes-3.1.yaml	census 1	enumeration.tsv.gz
anyof-sole-member	document	descriptions/ghes-3.14/dereferenced/ghes-3.14.2022-11-28.deref.json	census 1	enumeration.tsv.gz
anyof-sole-member	document	descriptions/ghes-3.14/dereferenced/ghes-3.14.2022-11-28.deref.yaml	census 1	enumeration.tsv.gz
anyof-sole-member	document	descriptions/ghes-3.14/dereferenced/ghes-3.14.deref.json	census 1	enumeration.tsv.gz
anyof-sole-member	document	descriptions/ghes-3.14/dereferenced/ghes-3.14.deref.yaml	census 1	enumeration.tsv.gz
anyof-sole-member	document	descriptions/ghes-3.14/ghes-3.14.2022-11-28.json	census 1	enumeration.tsv.gz
anyof-sole-member	document	descriptions/ghes-3.14/ghes-3.14.2022-11-28.yaml	census 1	enumeration.tsv.gz
anyof-sole-member	document	descriptions/ghes-3.14/ghes-3.14.json	census 1	enumeration.tsv.gz
anyof-sole-member	document	descriptions/ghes-3.14/ghes-3.14.yaml	census 1	enumeration.tsv.gz
anyof-sole-member	document	descriptions/ghes-3.15/dereferenced/ghes-3.15.2022-11-28.deref.json	census 1	enumeration.tsv.gz
anyof-sole-member	document	descriptions/ghes-3.15/dereferenced/ghes-3.15.2022-11-28.deref.yaml	census 1	enumeration.tsv.gz
anyof-sole-member	document	descriptions/ghes-3.15/dereferenced/ghes-3.15.deref.json	census 1	enumeration.tsv.gz
anyof-sole-member	document	descriptions/ghes-3.15/dereferenced/ghes-3.15.deref.yaml	census 1	enumeration.tsv.gz
anyof-sole-member	document	descriptions/ghes-3.15/ghes-3.15.2022-11-28.json	census 1	enumeration.tsv.gz
anyof-sole-member	document	descriptions/ghes-3.15/ghes-3.15.2022-11-28.yaml	census 1	enumeration.tsv.gz
anyof-sole-member	document	descriptions/ghes-3.15/ghes-3.15.json	census 1	enumeration.tsv.gz
anyof-sole-member	document	descriptions/ghes-3.15/ghes-3.15.yaml	census 1	enumeration.tsv.gz
anyof-sole-member	document	descriptions/ghes-3.16/dereferenced/ghes-3.16.2022-11-28.deref.json	census 1	enumeration.tsv.gz
anyof-sole-member	document	descriptions/ghes-3.16/dereferenced/ghes-3.16.2022-11-28.deref.yaml	census 1	enumeration.tsv.gz
anyof-sole-member	document	descriptions/ghes-3.16/dereferenced/ghes-3.16.deref.json	census 1	enumeration.tsv.gz
anyof-sole-member	document	descriptions/ghes-3.16/dereferenced/ghes-3.16.deref.yaml	census 1	enumeration.tsv.gz
anyof-sole-member	document	descriptions/ghes-3.16/ghes-3.16.2022-11-28.json	census 1	enumeration.tsv.gz
anyof-sole-member	document	descriptions/ghes-3.16/ghes-3.16.2022-11-28.yaml	census 1	enumeration.tsv.gz
anyof-sole-member	document	descriptions/ghes-3.16/ghes-3.16.json	census 1	enumeration.tsv.gz
anyof-sole-member	document	descriptions/ghes-3.16/ghes-3.16.yaml	census 1	enumeration.tsv.gz
anyof-sole-member	document	descriptions/ghes-3.17/dereferenced/ghes-3.17.2022-11-28.deref.json	census 1	enumeration.tsv.gz
anyof-sole-member	document	descriptions/ghes-3.17/dereferenced/ghes-3.17.2022-11-28.deref.yaml	census 1	enumeration.tsv.gz
anyof-sole-member	document	descriptions/ghes-3.17/dereferenced/ghes-3.17.deref.json	census 1	enumeration.tsv.gz
anyof-sole-member	document	descriptions/ghes-3.17/dereferenced/ghes-3.17.deref.yaml	census 1	enumeration.tsv.gz
anyof-sole-member	document	descriptions/ghes-3.17/ghes-3.17.2022-11-28.json	census 1	enumeration.tsv.gz
anyof-sole-member	document	descriptions/ghes-3.17/ghes-3.17.2022-11-28.yaml	census 1	enumeration.tsv.gz
anyof-sole-member	document	descriptions/ghes-3.17/ghes-3.17.json	census 1	enumeration.tsv.gz
anyof-sole-member	document	descriptions/ghes-3.17/ghes-3.17.yaml	census 1	enumeration.tsv.gz
anyof-sole-member	document	descriptions/ghes-3.18/dereferenced/ghes-3.18.2022-11-28.deref.json	census 1	enumeration.tsv.gz
anyof-sole-member	document	descriptions/ghes-3.18/dereferenced/ghes-3.18.2022-11-28.deref.yaml	census 1	enumeration.tsv.gz
anyof-sole-member	document	descriptions/ghes-3.18/dereferenced/ghes-3.18.deref.json	census 1	enumeration.tsv.gz
anyof-sole-member	document	descriptions/ghes-3.18/dereferenced/ghes-3.18.deref.yaml	census 1	enumeration.tsv.gz
anyof-sole-member	document	descriptions/ghes-3.18/ghes-3.18.2022-11-28.json	census 1	enumeration.tsv.gz
anyof-sole-member	document	descriptions/ghes-3.18/ghes-3.18.2022-11-28.yaml	census 1	enumeration.tsv.gz
anyof-sole-member	document	descriptions/ghes-3.18/ghes-3.18.json	census 1	enumeration.tsv.gz
anyof-sole-member	document	descriptions/ghes-3.18/ghes-3.18.yaml	census 1	enumeration.tsv.gz
anyof-sole-member	document	descriptions/ghes-3.19/dereferenced/ghes-3.19.2022-11-28.deref.json	census 1	enumeration.tsv.gz
anyof-sole-member	document	descriptions/ghes-3.19/dereferenced/ghes-3.19.2022-11-28.deref.yaml	census 1	enumeration.tsv.gz
anyof-sole-member	document	descriptions/ghes-3.19/dereferenced/ghes-3.19.deref.json	census 1	enumeration.tsv.gz
anyof-sole-member	document	descriptions/ghes-3.19/dereferenced/ghes-3.19.deref.yaml	census 1	enumeration.tsv.gz
anyof-sole-member	document	descriptions/ghes-3.19/ghes-3.19.2022-11-28.json	census 1	enumeration.tsv.gz
anyof-sole-member	document	descriptions/ghes-3.19/ghes-3.19.2022-11-28.yaml	census 1	enumeration.tsv.gz
anyof-sole-member	document	descriptions/ghes-3.19/ghes-3.19.json	census 1	enumeration.tsv.gz
anyof-sole-member	document	descriptions/ghes-3.19/ghes-3.19.yaml	census 1	enumeration.tsv.gz
anyof-sole-member	document	openapi-specs/sase/mt-monitor/paloaltonetworks-MSP_Monitoring.yaml	census 1	enumeration.tsv.gz
anyof-sole-member	document	openapi-specs/scm/config/ngfw/network/network-services _R3_v1.2.yaml	census 1	enumeration.tsv.gz
anyof-sole-member	document	openapi-specs/scm/config/sase/network/network-services _R3_v1.2.yaml	census 1	enumeration.tsv.gz
anyof-sole-member	document	support/doc/api/openapi.yaml	census 1	enumeration.tsv.gz
anyof-sole-member	screen	descriptions-next/ghes-3.1/dereferenced/ghes-3.1.deref.json fern	failed: Fern CLI 5.67.1 / python-sdk 5.20.0 check reports 38 errors, e.g. Expected example to be an object. Example is: undefined	screens.jsonl
anyof-sole-member	screen	descriptions-next/ghes-3.1/dereferenced/ghes-3.1.deref.json licence	passed	screens.jsonl
anyof-sole-member	screen	descriptions-next/ghes-3.1/dereferenced/ghes-3.1.deref.json ref	passed	screens.jsonl
anyof-sole-member	screen	descriptions-next/ghes-3.1/dereferenced/ghes-3.1.deref.yaml fern	failed: Fern CLI 5.67.1 / python-sdk 5.20.0 check reports 38 errors, e.g. Expected example to be an object. Example is: undefined	screens.jsonl
anyof-sole-member	screen	descriptions-next/ghes-3.1/dereferenced/ghes-3.1.deref.yaml licence	passed	screens.jsonl
anyof-sole-member	screen	descriptions-next/ghes-3.1/dereferenced/ghes-3.1.deref.yaml ref	passed	screens.jsonl
anyof-sole-member	screen	descriptions-next/ghes-3.1/ghes-3.1.json fern	failed: Fern CLI 5.67.1 / python-sdk 5.20.0 check reports 24 errors, e.g. Expected example to be an object. Example is: undefined	screens.jsonl
anyof-sole-member	screen	descriptions-next/ghes-3.1/ghes-3.1.json licence	passed	screens.jsonl
anyof-sole-member	screen	descriptions-next/ghes-3.1/ghes-3.1.json ref	passed	screens.jsonl
anyof-sole-member	screen	descriptions-next/ghes-3.1/ghes-3.1.yaml fern	failed: Fern CLI 5.67.1 / python-sdk 5.20.0 check reports 24 errors, e.g. Expected example to be an object. Example is: undefined	screens.jsonl
anyof-sole-member	screen	descriptions-next/ghes-3.1/ghes-3.1.yaml licence	passed	screens.jsonl
anyof-sole-member	screen	descriptions-next/ghes-3.1/ghes-3.1.yaml ref	passed	screens.jsonl
anyof-sole-member	walk	Adyen/adyen-openapi@f82d1fe674e536cc2c6b0d7946e0e827873a4fbf	258	pins.tsv
anyof-sole-member	walk	Alia5/steaminputdb.com@a2bd0c37fd3d22e6b9e153b49e9a6e7de5a00393	30	pins.tsv
anyof-sole-member	walk	BreydenSummers/Waypoint@6eaa6f3ada167561c8d620d3f5148d4b22b65497	79	pins.tsv
anyof-sole-member	walk	Chocobozzz/PeerTube@faa76bad2c1969a088ef1df38dc666dfe7259b5c	285	pins.tsv
anyof-sole-member	walk	ChurchSuite/churchsuite-api@8464fbfc6290b6d84a71e728e802d693a7d8ffc2	12	pins.tsv
anyof-sole-member	walk	Cosmian/kms@d3e5d8693ab7fee328a2185e53fda76efd09e8d9	226	pins.tsv
anyof-sole-member	walk	Helicone/helicone@067d9290acb4f1fc9320e902fc67b4b399b50363	327	pins.tsv
anyof-sole-member	walk	Lifetron710/atlas@4613aac6d5da72cce831c79157af9d495dfd25b8	12	pins.tsv
anyof-sole-member	walk	OpenBanking-Brasil/specs-directory@37423cbc93982e05eac255db6226ed599a5baace	2	pins.tsv
anyof-sole-member	walk	PaloAltoNetworks/pan.dev@4e989cdd4bbda669dc73c0d3f5db90bb4989bee3	441	pins.tsv
anyof-sole-member	walk	PaulKov/dpone@7da0e0e6b873eedacb097ddbf1ddb2a961fa1ebb	1307	pins.tsv
anyof-sole-member	walk	VinhDat267/ATI_Project@cd26cea1a236e7f5a2514ce54cab73ed409f3c69	193	pins.tsv
anyof-sole-member	walk	WithSecureOpenSource/gdpr-subject-rights-api@0d2775dbf1c0830671a9efd878f03ae1eaf97995	1	pins.tsv
anyof-sole-member	walk	agenticdriver/agenticdriver@fb851f577341699decf232d1f556a73b545758bf	24	pins.tsv
anyof-sole-member	walk	apostrophecms/apostrophe@14eab51cfa6114f9d98b6c6acb600564fc734587	258	pins.tsv
anyof-sole-member	walk	apostrophecms/docs@125bb97075a87d8a1dffe5e765ebeb05af0c4c13	5	pins.tsv
anyof-sole-member	walk	auto-agent-protocol/auto-agent-protocol@5d31c27b11c36a018754f34830954d836a55afe5	525	pins.tsv
anyof-sole-member	walk	cnorlander/BuildRelay@e5f47309d1ca6fd28267de041e7ed2f61e477723	4	pins.tsv
anyof-sole-member	walk	emergentmethods/flowdapt@e8f34d411564e6c0e6542fe67d0604c23de1cf91	23	pins.tsv
anyof-sole-member	walk	github/rest-api-description@3cef12e8a02d612ad032473d4fb87266f2befeae	384	pins.tsv
anyof-sole-member	walk	kubernetes/kubernetes@b0e6417568f530e79579c5bcd6bbeac799a47669	65	pins.tsv
anyof-sole-member	walk	kushin77/agent-orchestrator@9ae4441d1aca473286be9de0e69f87ab9b8daa25	564	pins.tsv
anyof-sole-member	walk	kytos-ng/sdntrace_cp@269f4482ecd4125dc1c115e059dbce26b7269216	2	pins.tsv
anyof-sole-member	walk	livepeer/ai-runner@50a742cee7c5789ef4a10f8117f30de3758366a9	26	pins.tsv
anyof-sole-member	walk	magrathean-uk/teslatlas-protocol@e33a296d26fcef3936ccaf61ccc73b0f7469b7a2	118	pins.tsv
anyof-sole-member	walk	magrathean-uk/teslatlas-sdk-typescript@beb79c922d130722c88ffd009300a00f20ea0a1b	128	pins.tsv
anyof-sole-member	walk	mongodb/openapi@1e4aeea7d2d63f749bcae619cf836fbe52c62447	63	pins.tsv
anyof-sole-member	walk	roryqueue/cowards-game@1e368dd81d96dcb458ff78975a107c2d9b260ef9	528	pins.tsv
anyof-sole-member	walk	truefoundry/trueforge@5adde289683b642203b06b39ca687e9d977ca7a5	69	pins.tsv
anyof-sole-member	walk	twilio/twilio-oai@5aa7f31977ce5812f7b7bc1f46a38555ebaa2888	120	pins.tsv
format-uri-template	document	descriptions-next/api.github.com/api.github.com.2022-11-28.json	census 3756	enumeration.tsv.gz
format-uri-template	document	descriptions-next/api.github.com/api.github.com.2022-11-28.yaml	census 3756	enumeration.tsv.gz
format-uri-template	document	descriptions-next/api.github.com/api.github.com.2026-03-10.json	census 3754	enumeration.tsv.gz
format-uri-template	document	descriptions-next/api.github.com/api.github.com.2026-03-10.yaml	census 3754	enumeration.tsv.gz
format-uri-template	document	descriptions-next/api.github.com/api.github.com.json	census 3756	enumeration.tsv.gz
format-uri-template	document	descriptions-next/api.github.com/api.github.com.yaml	census 3756	enumeration.tsv.gz
format-uri-template	document	descriptions-next/api.github.com/dereferenced/api.github.com.2022-11-28.deref.json	census 4544	enumeration.tsv.gz
format-uri-template	document	descriptions-next/api.github.com/dereferenced/api.github.com.2022-11-28.deref.yaml	census 4544	enumeration.tsv.gz
format-uri-template	document	descriptions-next/api.github.com/dereferenced/api.github.com.2026-03-10.deref.json	census 4542	enumeration.tsv.gz
format-uri-template	document	descriptions-next/api.github.com/dereferenced/api.github.com.2026-03-10.deref.yaml	census 4542	enumeration.tsv.gz
format-uri-template	document	descriptions-next/api.github.com/dereferenced/api.github.com.deref.json	census 4544	enumeration.tsv.gz
format-uri-template	document	descriptions-next/api.github.com/dereferenced/api.github.com.deref.yaml	census 4544	enumeration.tsv.gz
format-uri-template	document	descriptions-next/ghec/dereferenced/ghec.2022-11-28.deref.json	census 4544	enumeration.tsv.gz
format-uri-template	document	descriptions-next/ghec/dereferenced/ghec.2022-11-28.deref.yaml	census 4544	enumeration.tsv.gz
format-uri-template	document	descriptions-next/ghec/dereferenced/ghec.2026-03-10.deref.json	census 4542	enumeration.tsv.gz
format-uri-template	document	descriptions-next/ghec/dereferenced/ghec.2026-03-10.deref.yaml	census 4542	enumeration.tsv.gz
format-uri-template	document	descriptions-next/ghec/dereferenced/ghec.deref.json	census 4544	enumeration.tsv.gz
format-uri-template	document	descriptions-next/ghec/dereferenced/ghec.deref.yaml	census 4544	enumeration.tsv.gz
format-uri-template	document	descriptions-next/ghec/ghec.2022-11-28.json	census 3756	enumeration.tsv.gz
format-uri-template	document	descriptions-next/ghec/ghec.2022-11-28.yaml	census 3756	enumeration.tsv.gz
format-uri-template	document	descriptions-next/ghec/ghec.2026-03-10.json	census 3754	enumeration.tsv.gz
format-uri-template	document	descriptions-next/ghec/ghec.2026-03-10.yaml	census 3754	enumeration.tsv.gz
format-uri-template	document	descriptions-next/ghec/ghec.json	census 3756	enumeration.tsv.gz
format-uri-template	document	descriptions-next/ghec/ghec.yaml	census 3756	enumeration.tsv.gz
format-uri-template	document	descriptions-next/ghes-3.0/dereferenced/ghes-3.0.deref.json	census 33	enumeration.tsv.gz
format-uri-template	document	descriptions-next/ghes-3.0/dereferenced/ghes-3.0.deref.yaml	census 33	enumeration.tsv.gz
format-uri-template	document	descriptions-next/ghes-3.0/ghes-3.0.json	census 33	enumeration.tsv.gz
format-uri-template	document	descriptions-next/ghes-3.0/ghes-3.0.yaml	census 33	enumeration.tsv.gz
format-uri-template	document	descriptions-next/ghes-3.1/dereferenced/ghes-3.1.deref.json	census 33	enumeration.tsv.gz
format-uri-template	document	descriptions-next/ghes-3.1/dereferenced/ghes-3.1.deref.yaml	census 33	enumeration.tsv.gz
format-uri-template	document	descriptions-next/ghes-3.1/ghes-3.1.json	census 33	enumeration.tsv.gz
format-uri-template	document	descriptions-next/ghes-3.1/ghes-3.1.yaml	census 33	enumeration.tsv.gz
format-uri-template	document	descriptions-next/ghes-3.10/dereferenced/ghes-3.10.2022-11-28.deref.json	census 3954	enumeration.tsv.gz
format-uri-template	document	descriptions-next/ghes-3.10/dereferenced/ghes-3.10.2022-11-28.deref.yaml	census 3954	enumeration.tsv.gz
format-uri-template	document	descriptions-next/ghes-3.10/dereferenced/ghes-3.10.deref.json	census 3954	enumeration.tsv.gz
format-uri-template	document	descriptions-next/ghes-3.10/dereferenced/ghes-3.10.deref.yaml	census 3954	enumeration.tsv.gz
format-uri-template	document	descriptions-next/ghes-3.10/ghes-3.10.2022-11-28.json	census 3386	enumeration.tsv.gz
format-uri-template	document	descriptions-next/ghes-3.10/ghes-3.10.2022-11-28.yaml	census 3386	enumeration.tsv.gz
format-uri-template	document	descriptions-next/ghes-3.10/ghes-3.10.json	census 3386	enumeration.tsv.gz
format-uri-template	document	descriptions-next/ghes-3.10/ghes-3.10.yaml	census 3386	enumeration.tsv.gz
format-uri-template	document	descriptions-next/ghes-3.11/dereferenced/ghes-3.11.2022-11-28.deref.json	census 3954	enumeration.tsv.gz
format-uri-template	document	descriptions-next/ghes-3.11/dereferenced/ghes-3.11.2022-11-28.deref.yaml	census 3954	enumeration.tsv.gz
format-uri-template	document	descriptions-next/ghes-3.11/dereferenced/ghes-3.11.deref.json	census 3954	enumeration.tsv.gz
format-uri-template	document	descriptions-next/ghes-3.11/dereferenced/ghes-3.11.deref.yaml	census 3954	enumeration.tsv.gz
format-uri-template	document	descriptions-next/ghes-3.11/ghes-3.11.2022-11-28.json	census 3386	enumeration.tsv.gz
format-uri-template	document	descriptions-next/ghes-3.11/ghes-3.11.2022-11-28.yaml	census 3386	enumeration.tsv.gz
format-uri-template	document	descriptions-next/ghes-3.11/ghes-3.11.json	census 3386	enumeration.tsv.gz
format-uri-template	document	descriptions-next/ghes-3.11/ghes-3.11.yaml	census 3386	enumeration.tsv.gz
format-uri-template	document	descriptions-next/ghes-3.12/dereferenced/ghes-3.12.2022-11-28.deref.json	census 3954	enumeration.tsv.gz
format-uri-template	document	descriptions-next/ghes-3.12/dereferenced/ghes-3.12.2022-11-28.deref.yaml	census 3954	enumeration.tsv.gz
format-uri-template	document	descriptions-next/ghes-3.12/dereferenced/ghes-3.12.deref.json	census 3954	enumeration.tsv.gz
format-uri-template	document	descriptions-next/ghes-3.12/dereferenced/ghes-3.12.deref.yaml	census 3954	enumeration.tsv.gz
format-uri-template	document	descriptions-next/ghes-3.12/ghes-3.12.2022-11-28.json	census 3386	enumeration.tsv.gz
format-uri-template	document	descriptions-next/ghes-3.12/ghes-3.12.2022-11-28.yaml	census 3386	enumeration.tsv.gz
format-uri-template	document	descriptions-next/ghes-3.12/ghes-3.12.json	census 3386	enumeration.tsv.gz
format-uri-template	document	descriptions-next/ghes-3.12/ghes-3.12.yaml	census 3386	enumeration.tsv.gz
format-uri-template	document	descriptions-next/ghes-3.13/dereferenced/ghes-3.13.2022-11-28.deref.json	census 3954	enumeration.tsv.gz
format-uri-template	document	descriptions-next/ghes-3.13/dereferenced/ghes-3.13.2022-11-28.deref.yaml	census 3954	enumeration.tsv.gz
format-uri-template	document	descriptions-next/ghes-3.13/dereferenced/ghes-3.13.deref.json	census 3954	enumeration.tsv.gz
format-uri-template	document	descriptions-next/ghes-3.13/dereferenced/ghes-3.13.deref.yaml	census 3954	enumeration.tsv.gz
format-uri-template	document	descriptions-next/ghes-3.13/ghes-3.13.2022-11-28.json	census 3386	enumeration.tsv.gz
format-uri-template	document	descriptions-next/ghes-3.13/ghes-3.13.2022-11-28.yaml	census 3386	enumeration.tsv.gz
format-uri-template	document	descriptions-next/ghes-3.13/ghes-3.13.json	census 3386	enumeration.tsv.gz
format-uri-template	document	descriptions-next/ghes-3.13/ghes-3.13.yaml	census 3386	enumeration.tsv.gz
format-uri-template	document	descriptions-next/ghes-3.14/dereferenced/ghes-3.14.2022-11-28.deref.json	census 4017	enumeration.tsv.gz
format-uri-template	document	descriptions-next/ghes-3.14/dereferenced/ghes-3.14.2022-11-28.deref.yaml	census 4017	enumeration.tsv.gz
format-uri-template	document	descriptions-next/ghes-3.14/dereferenced/ghes-3.14.deref.json	census 4017	enumeration.tsv.gz
format-uri-template	document	descriptions-next/ghes-3.14/dereferenced/ghes-3.14.deref.yaml	census 4017	enumeration.tsv.gz
format-uri-template	document	descriptions-next/ghes-3.14/ghes-3.14.2022-11-28.json	census 3393	enumeration.tsv.gz
format-uri-template	document	descriptions-next/ghes-3.14/ghes-3.14.2022-11-28.yaml	census 3393	enumeration.tsv.gz
format-uri-template	document	descriptions-next/ghes-3.14/ghes-3.14.json	census 3393	enumeration.tsv.gz
format-uri-template	document	descriptions-next/ghes-3.14/ghes-3.14.yaml	census 3393	enumeration.tsv.gz
format-uri-template	document	descriptions-next/ghes-3.15/dereferenced/ghes-3.15.2022-11-28.deref.json	census 4017	enumeration.tsv.gz
format-uri-template	document	descriptions-next/ghes-3.15/dereferenced/ghes-3.15.2022-11-28.deref.yaml	census 4017	enumeration.tsv.gz
format-uri-template	document	descriptions-next/ghes-3.15/dereferenced/ghes-3.15.deref.json	census 4017	enumeration.tsv.gz
format-uri-template	document	descriptions-next/ghes-3.15/dereferenced/ghes-3.15.deref.yaml	census 4017	enumeration.tsv.gz
format-uri-template	document	descriptions-next/ghes-3.15/ghes-3.15.2022-11-28.json	census 3393	enumeration.tsv.gz
format-uri-template	document	descriptions-next/ghes-3.15/ghes-3.15.2022-11-28.yaml	census 3393	enumeration.tsv.gz
format-uri-template	document	descriptions-next/ghes-3.15/ghes-3.15.json	census 3393	enumeration.tsv.gz
format-uri-template	document	descriptions-next/ghes-3.15/ghes-3.15.yaml	census 3393	enumeration.tsv.gz
format-uri-template	document	descriptions-next/ghes-3.16/dereferenced/ghes-3.16.2022-11-28.deref.json	census 4017	enumeration.tsv.gz
format-uri-template	document	descriptions-next/ghes-3.16/dereferenced/ghes-3.16.2022-11-28.deref.yaml	census 4017	enumeration.tsv.gz
format-uri-template	document	descriptions-next/ghes-3.16/dereferenced/ghes-3.16.deref.json	census 4017	enumeration.tsv.gz
format-uri-template	document	descriptions-next/ghes-3.16/dereferenced/ghes-3.16.deref.yaml	census 4017	enumeration.tsv.gz
format-uri-template	document	descriptions-next/ghes-3.16/ghes-3.16.2022-11-28.json	census 3393	enumeration.tsv.gz
format-uri-template	document	descriptions-next/ghes-3.16/ghes-3.16.2022-11-28.yaml	census 3393	enumeration.tsv.gz
format-uri-template	document	descriptions-next/ghes-3.16/ghes-3.16.json	census 3393	enumeration.tsv.gz
format-uri-template	document	descriptions-next/ghes-3.16/ghes-3.16.yaml	census 3393	enumeration.tsv.gz
format-uri-template	document	descriptions-next/ghes-3.17/dereferenced/ghes-3.17.2022-11-28.deref.json	census 4017	enumeration.tsv.gz
format-uri-template	document	descriptions-next/ghes-3.17/dereferenced/ghes-3.17.2022-11-28.deref.yaml	census 4017	enumeration.tsv.gz
format-uri-template	document	descriptions-next/ghes-3.17/dereferenced/ghes-3.17.deref.json	census 4017	enumeration.tsv.gz
format-uri-template	document	descriptions-next/ghes-3.17/dereferenced/ghes-3.17.deref.yaml	census 4017	enumeration.tsv.gz
format-uri-template	document	descriptions-next/ghes-3.17/ghes-3.17.2022-11-28.json	census 3393	enumeration.tsv.gz
format-uri-template	document	descriptions-next/ghes-3.17/ghes-3.17.2022-11-28.yaml	census 3393	enumeration.tsv.gz
format-uri-template	document	descriptions-next/ghes-3.17/ghes-3.17.json	census 3393	enumeration.tsv.gz
format-uri-template	document	descriptions-next/ghes-3.17/ghes-3.17.yaml	census 3393	enumeration.tsv.gz
format-uri-template	document	descriptions-next/ghes-3.18/dereferenced/ghes-3.18.2022-11-28.deref.json	census 4017	enumeration.tsv.gz
format-uri-template	document	descriptions-next/ghes-3.18/dereferenced/ghes-3.18.2022-11-28.deref.yaml	census 4017	enumeration.tsv.gz
format-uri-template	document	descriptions-next/ghes-3.18/dereferenced/ghes-3.18.deref.json	census 4017	enumeration.tsv.gz
format-uri-template	document	descriptions-next/ghes-3.18/dereferenced/ghes-3.18.deref.yaml	census 4017	enumeration.tsv.gz
format-uri-template	document	descriptions-next/ghes-3.18/ghes-3.18.2022-11-28.json	census 3393	enumeration.tsv.gz
format-uri-template	document	descriptions-next/ghes-3.18/ghes-3.18.2022-11-28.yaml	census 3393	enumeration.tsv.gz
format-uri-template	document	descriptions-next/ghes-3.18/ghes-3.18.json	census 3393	enumeration.tsv.gz
format-uri-template	document	descriptions-next/ghes-3.18/ghes-3.18.yaml	census 3393	enumeration.tsv.gz
format-uri-template	document	descriptions-next/ghes-3.19/dereferenced/ghes-3.19.2022-11-28.deref.json	census 4017	enumeration.tsv.gz
format-uri-template	document	descriptions-next/ghes-3.19/dereferenced/ghes-3.19.2022-11-28.deref.yaml	census 4017	enumeration.tsv.gz
format-uri-template	document	descriptions-next/ghes-3.19/dereferenced/ghes-3.19.deref.json	census 4017	enumeration.tsv.gz
format-uri-template	document	descriptions-next/ghes-3.19/dereferenced/ghes-3.19.deref.yaml	census 4017	enumeration.tsv.gz
format-uri-template	document	descriptions-next/ghes-3.19/ghes-3.19.2022-11-28.json	census 3393	enumeration.tsv.gz
format-uri-template	document	descriptions-next/ghes-3.19/ghes-3.19.2022-11-28.yaml	census 3393	enumeration.tsv.gz
format-uri-template	document	descriptions-next/ghes-3.19/ghes-3.19.json	census 3393	enumeration.tsv.gz
format-uri-template	document	descriptions-next/ghes-3.19/ghes-3.19.yaml	census 3393	enumeration.tsv.gz
format-uri-template	document	descriptions-next/ghes-3.2/dereferenced/ghes-3.2.deref.json	census 33	enumeration.tsv.gz
format-uri-template	document	descriptions-next/ghes-3.2/dereferenced/ghes-3.2.deref.yaml	census 33	enumeration.tsv.gz
format-uri-template	document	descriptions-next/ghes-3.2/ghes-3.2.json	census 33	enumeration.tsv.gz
format-uri-template	document	descriptions-next/ghes-3.2/ghes-3.2.yaml	census 33	enumeration.tsv.gz
format-uri-template	document	descriptions-next/ghes-3.20/dereferenced/ghes-3.20.2022-11-28.deref.json	census 4021	enumeration.tsv.gz
format-uri-template	document	descriptions-next/ghes-3.20/dereferenced/ghes-3.20.2022-11-28.deref.yaml	census 4021	enumeration.tsv.gz
format-uri-template	document	descriptions-next/ghes-3.20/dereferenced/ghes-3.20.deref.json	census 4021	enumeration.tsv.gz
format-uri-template	document	descriptions-next/ghes-3.20/dereferenced/ghes-3.20.deref.yaml	census 4021	enumeration.tsv.gz
format-uri-template	document	descriptions-next/ghes-3.20/ghes-3.20.2022-11-28.json	census 3397	enumeration.tsv.gz
format-uri-template	document	descriptions-next/ghes-3.20/ghes-3.20.2022-11-28.yaml	census 3397	enumeration.tsv.gz
format-uri-template	document	descriptions-next/ghes-3.20/ghes-3.20.json	census 3397	enumeration.tsv.gz
format-uri-template	document	descriptions-next/ghes-3.20/ghes-3.20.yaml	census 3397	enumeration.tsv.gz
format-uri-template	document	descriptions-next/ghes-3.21/dereferenced/ghes-3.21.2022-11-28.deref.json	census 4079	enumeration.tsv.gz
format-uri-template	document	descriptions-next/ghes-3.21/dereferenced/ghes-3.21.2022-11-28.deref.yaml	census 4079	enumeration.tsv.gz
format-uri-template	document	descriptions-next/ghes-3.21/dereferenced/ghes-3.21.2026-03-10.deref.json	census 4077	enumeration.tsv.gz
format-uri-template	document	descriptions-next/ghes-3.21/dereferenced/ghes-3.21.2026-03-10.deref.yaml	census 4077	enumeration.tsv.gz
format-uri-template	document	descriptions-next/ghes-3.21/dereferenced/ghes-3.21.deref.json	census 4079	enumeration.tsv.gz
format-uri-template	document	descriptions-next/ghes-3.21/dereferenced/ghes-3.21.deref.yaml	census 4079	enumeration.tsv.gz
format-uri-template	document	descriptions-next/ghes-3.21/ghes-3.21.2022-11-28.json	census 3447	enumeration.tsv.gz
format-uri-template	document	descriptions-next/ghes-3.21/ghes-3.21.2022-11-28.yaml	census 3447	enumeration.tsv.gz
format-uri-template	document	descriptions-next/ghes-3.21/ghes-3.21.2026-03-10.json	census 3445	enumeration.tsv.gz
format-uri-template	document	descriptions-next/ghes-3.21/ghes-3.21.2026-03-10.yaml	census 3445	enumeration.tsv.gz
format-uri-template	document	descriptions-next/ghes-3.21/ghes-3.21.json	census 3447	enumeration.tsv.gz
format-uri-template	document	descriptions-next/ghes-3.21/ghes-3.21.yaml	census 3447	enumeration.tsv.gz
format-uri-template	document	descriptions-next/ghes-3.22/dereferenced/ghes-3.22.2022-11-28.deref.json	census 4079	enumeration.tsv.gz
format-uri-template	document	descriptions-next/ghes-3.22/dereferenced/ghes-3.22.2022-11-28.deref.yaml	census 4079	enumeration.tsv.gz
format-uri-template	document	descriptions-next/ghes-3.22/dereferenced/ghes-3.22.2026-03-10.deref.json	census 4077	enumeration.tsv.gz
format-uri-template	document	descriptions-next/ghes-3.22/dereferenced/ghes-3.22.2026-03-10.deref.yaml	census 4077	enumeration.tsv.gz
format-uri-template	document	descriptions-next/ghes-3.22/dereferenced/ghes-3.22.deref.json	census 4079	enumeration.tsv.gz
format-uri-template	document	descriptions-next/ghes-3.22/dereferenced/ghes-3.22.deref.yaml	census 4079	enumeration.tsv.gz
format-uri-template	document	descriptions-next/ghes-3.22/ghes-3.22.2022-11-28.json	census 3447	enumeration.tsv.gz
format-uri-template	document	descriptions-next/ghes-3.22/ghes-3.22.2022-11-28.yaml	census 3447	enumeration.tsv.gz
format-uri-template	document	descriptions-next/ghes-3.22/ghes-3.22.2026-03-10.json	census 3445	enumeration.tsv.gz
format-uri-template	document	descriptions-next/ghes-3.22/ghes-3.22.2026-03-10.yaml	census 3445	enumeration.tsv.gz
format-uri-template	document	descriptions-next/ghes-3.22/ghes-3.22.json	census 3447	enumeration.tsv.gz
format-uri-template	document	descriptions-next/ghes-3.22/ghes-3.22.yaml	census 3447	enumeration.tsv.gz
format-uri-template	document	descriptions-next/ghes-3.3/dereferenced/ghes-3.3.deref.json	census 33	enumeration.tsv.gz
format-uri-template	document	descriptions-next/ghes-3.3/dereferenced/ghes-3.3.deref.yaml	census 33	enumeration.tsv.gz
format-uri-template	document	descriptions-next/ghes-3.3/ghes-3.3.json	census 33	enumeration.tsv.gz
format-uri-template	document	descriptions-next/ghes-3.3/ghes-3.3.yaml	census 33	enumeration.tsv.gz
format-uri-template	document	descriptions-next/ghes-3.4/dereferenced/ghes-3.4.deref.json	census 33	enumeration.tsv.gz
format-uri-template	document	descriptions-next/ghes-3.4/dereferenced/ghes-3.4.deref.yaml	census 33	enumeration.tsv.gz
format-uri-template	document	descriptions-next/ghes-3.4/ghes-3.4.json	census 33	enumeration.tsv.gz
format-uri-template	document	descriptions-next/ghes-3.4/ghes-3.4.yaml	census 33	enumeration.tsv.gz
format-uri-template	document	descriptions-next/ghes-3.5/dereferenced/ghes-3.5.deref.json	census 33	enumeration.tsv.gz
format-uri-template	document	descriptions-next/ghes-3.5/dereferenced/ghes-3.5.deref.yaml	census 33	enumeration.tsv.gz
format-uri-template	document	descriptions-next/ghes-3.5/ghes-3.5.json	census 33	enumeration.tsv.gz
format-uri-template	document	descriptions-next/ghes-3.5/ghes-3.5.yaml	census 33	enumeration.tsv.gz
format-uri-template	document	descriptions-next/ghes-3.6/dereferenced/ghes-3.6.deref.json	census 33	enumeration.tsv.gz
format-uri-template	document	descriptions-next/ghes-3.6/dereferenced/ghes-3.6.deref.yaml	census 33	enumeration.tsv.gz
format-uri-template	document	descriptions-next/ghes-3.6/ghes-3.6.json	census 33	enumeration.tsv.gz
format-uri-template	document	descriptions-next/ghes-3.6/ghes-3.6.yaml	census 33	enumeration.tsv.gz
format-uri-template	document	descriptions-next/ghes-3.7/dereferenced/ghes-3.7.deref.json	census 3946	enumeration.tsv.gz
format-uri-template	document	descriptions-next/ghes-3.7/dereferenced/ghes-3.7.deref.yaml	census 3946	enumeration.tsv.gz
format-uri-template	document	descriptions-next/ghes-3.7/ghes-3.7.json	census 3826	enumeration.tsv.gz
format-uri-template	document	descriptions-next/ghes-3.7/ghes-3.7.yaml	census 3826	enumeration.tsv.gz
format-uri-template	document	descriptions-next/ghes-3.8/dereferenced/ghes-3.8.deref.json	census 3946	enumeration.tsv.gz
format-uri-template	document	descriptions-next/ghes-3.8/dereferenced/ghes-3.8.deref.yaml	census 3946	enumeration.tsv.gz
format-uri-template	document	descriptions-next/ghes-3.8/ghes-3.8.json	census 3826	enumeration.tsv.gz
format-uri-template	document	descriptions-next/ghes-3.8/ghes-3.8.yaml	census 3826	enumeration.tsv.gz
format-uri-template	document	descriptions-next/ghes-3.9/dereferenced/ghes-3.9.2022-11-28.deref.json	census 3950	enumeration.tsv.gz
format-uri-template	document	descriptions-next/ghes-3.9/dereferenced/ghes-3.9.2022-11-28.deref.yaml	census 3950	enumeration.tsv.gz
format-uri-template	document	descriptions-next/ghes-3.9/dereferenced/ghes-3.9.deref.json	census 3950	enumeration.tsv.gz
format-uri-template	document	descriptions-next/ghes-3.9/dereferenced/ghes-3.9.deref.yaml	census 3950	enumeration.tsv.gz
format-uri-template	document	descriptions-next/ghes-3.9/ghes-3.9.2022-11-28.json	census 3382	enumeration.tsv.gz
format-uri-template	document	descriptions-next/ghes-3.9/ghes-3.9.2022-11-28.yaml	census 3382	enumeration.tsv.gz
format-uri-template	document	descriptions-next/ghes-3.9/ghes-3.9.json	census 3382	enumeration.tsv.gz
format-uri-template	document	descriptions-next/ghes-3.9/ghes-3.9.yaml	census 3382	enumeration.tsv.gz
format-uri-template	document	descriptions-next/github.ae/dereferenced/github.ae.deref.json	census 3926	enumeration.tsv.gz
format-uri-template	document	descriptions-next/github.ae/dereferenced/github.ae.deref.yaml	census 3926	enumeration.tsv.gz
format-uri-template	document	descriptions-next/github.ae/github.ae.json	census 3806	enumeration.tsv.gz
format-uri-template	document	descriptions-next/github.ae/github.ae.yaml	census 3806	enumeration.tsv.gz
format-uri-template	document	descriptions/api.github.com/api.github.com.2022-11-28.json	census 3756	enumeration.tsv.gz
format-uri-template	document	descriptions/api.github.com/api.github.com.2022-11-28.yaml	census 3756	enumeration.tsv.gz
format-uri-template	document	descriptions/api.github.com/api.github.com.2026-03-10.json	census 3754	enumeration.tsv.gz
format-uri-template	document	descriptions/api.github.com/api.github.com.2026-03-10.yaml	census 3754	enumeration.tsv.gz
format-uri-template	document	descriptions/api.github.com/api.github.com.json	census 3756	enumeration.tsv.gz
format-uri-template	document	descriptions/api.github.com/api.github.com.yaml	census 3756	enumeration.tsv.gz
format-uri-template	document	descriptions/api.github.com/dereferenced/api.github.com.2022-11-28.deref.json	census 168	enumeration.tsv.gz
format-uri-template	document	descriptions/api.github.com/dereferenced/api.github.com.2022-11-28.deref.yaml	census 168	enumeration.tsv.gz
format-uri-template	document	descriptions/api.github.com/dereferenced/api.github.com.2026-03-10.deref.json	census 166	enumeration.tsv.gz
format-uri-template	document	descriptions/api.github.com/dereferenced/api.github.com.2026-03-10.deref.yaml	census 166	enumeration.tsv.gz
format-uri-template	document	descriptions/api.github.com/dereferenced/api.github.com.deref.json	census 168	enumeration.tsv.gz
format-uri-template	document	descriptions/api.github.com/dereferenced/api.github.com.deref.yaml	census 168	enumeration.tsv.gz
format-uri-template	document	descriptions/ghec/dereferenced/ghec.2022-11-28.deref.json	census 168	enumeration.tsv.gz
format-uri-template	document	descriptions/ghec/dereferenced/ghec.2022-11-28.deref.yaml	census 168	enumeration.tsv.gz
format-uri-template	document	descriptions/ghec/dereferenced/ghec.2026-03-10.deref.json	census 166	enumeration.tsv.gz
format-uri-template	document	descriptions/ghec/dereferenced/ghec.2026-03-10.deref.yaml	census 166	enumeration.tsv.gz
format-uri-template	document	descriptions/ghec/dereferenced/ghec.deref.json	census 168	enumeration.tsv.gz
format-uri-template	document	descriptions/ghec/dereferenced/ghec.deref.yaml	census 168	enumeration.tsv.gz
format-uri-template	document	descriptions/ghec/ghec.2022-11-28.json	census 3756	enumeration.tsv.gz
format-uri-template	document	descriptions/ghec/ghec.2022-11-28.yaml	census 3756	enumeration.tsv.gz
format-uri-template	document	descriptions/ghec/ghec.2026-03-10.json	census 3754	enumeration.tsv.gz
format-uri-template	document	descriptions/ghec/ghec.2026-03-10.yaml	census 3754	enumeration.tsv.gz
format-uri-template	document	descriptions/ghec/ghec.json	census 3756	enumeration.tsv.gz
format-uri-template	document	descriptions/ghec/ghec.yaml	census 3756	enumeration.tsv.gz
format-uri-template	document	descriptions/ghes-2.18/dereferenced/ghes-2.18.deref.json	census 33	enumeration.tsv.gz
format-uri-template	document	descriptions/ghes-2.18/dereferenced/ghes-2.18.deref.yaml	census 33	enumeration.tsv.gz
format-uri-template	document	descriptions/ghes-2.18/ghes-2.18.json	census 33	enumeration.tsv.gz
format-uri-template	document	descriptions/ghes-2.18/ghes-2.18.yaml	census 33	enumeration.tsv.gz
format-uri-template	document	descriptions/ghes-2.19/dereferenced/ghes-2.19.deref.json	census 33	enumeration.tsv.gz
format-uri-template	document	descriptions/ghes-2.19/dereferenced/ghes-2.19.deref.yaml	census 33	enumeration.tsv.gz
format-uri-template	document	descriptions/ghes-2.19/ghes-2.19.json	census 33	enumeration.tsv.gz
format-uri-template	document	descriptions/ghes-2.19/ghes-2.19.yaml	census 33	enumeration.tsv.gz
format-uri-template	document	descriptions/ghes-2.20/dereferenced/ghes-2.20.deref.json	census 33	enumeration.tsv.gz
format-uri-template	document	descriptions/ghes-2.20/dereferenced/ghes-2.20.deref.yaml	census 33	enumeration.tsv.gz
format-uri-template	document	descriptions/ghes-2.20/ghes-2.20.json	census 33	enumeration.tsv.gz
format-uri-template	document	descriptions/ghes-2.20/ghes-2.20.yaml	census 33	enumeration.tsv.gz
format-uri-template	document	descriptions/ghes-2.21/dereferenced/ghes-2.21.deref.json	census 33	enumeration.tsv.gz
format-uri-template	document	descriptions/ghes-2.21/dereferenced/ghes-2.21.deref.yaml	census 33	enumeration.tsv.gz
format-uri-template	document	descriptions/ghes-2.21/ghes-2.21.json	census 33	enumeration.tsv.gz
format-uri-template	document	descriptions/ghes-2.21/ghes-2.21.yaml	census 33	enumeration.tsv.gz
format-uri-template	document	descriptions/ghes-2.22/dereferenced/ghes-2.22.deref.json	census 33	enumeration.tsv.gz
format-uri-template	document	descriptions/ghes-2.22/dereferenced/ghes-2.22.deref.yaml	census 33	enumeration.tsv.gz
format-uri-template	document	descriptions/ghes-2.22/ghes-2.22.json	census 33	enumeration.tsv.gz
format-uri-template	document	descriptions/ghes-2.22/ghes-2.22.yaml	census 33	enumeration.tsv.gz
format-uri-template	document	descriptions/ghes-3.0/dereferenced/ghes-3.0.deref.json	census 33	enumeration.tsv.gz
format-uri-template	document	descriptions/ghes-3.0/dereferenced/ghes-3.0.deref.yaml	census 33	enumeration.tsv.gz
format-uri-template	document	descriptions/ghes-3.0/ghes-3.0.json	census 33	enumeration.tsv.gz
format-uri-template	document	descriptions/ghes-3.0/ghes-3.0.yaml	census 33	enumeration.tsv.gz
format-uri-template	document	descriptions/ghes-3.1/dereferenced/ghes-3.1.deref.json	census 33	enumeration.tsv.gz
format-uri-template	document	descriptions/ghes-3.1/dereferenced/ghes-3.1.deref.yaml	census 33	enumeration.tsv.gz
format-uri-template	document	descriptions/ghes-3.1/ghes-3.1.json	census 33	enumeration.tsv.gz
format-uri-template	document	descriptions/ghes-3.1/ghes-3.1.yaml	census 33	enumeration.tsv.gz
format-uri-template	document	descriptions/ghes-3.10/dereferenced/ghes-3.10.2022-11-28.deref.json	census 33	enumeration.tsv.gz
format-uri-template	document	descriptions/ghes-3.10/dereferenced/ghes-3.10.2022-11-28.deref.yaml	census 33	enumeration.tsv.gz
format-uri-template	document	descriptions/ghes-3.10/dereferenced/ghes-3.10.deref.json	census 33	enumeration.tsv.gz
format-uri-template	document	descriptions/ghes-3.10/dereferenced/ghes-3.10.deref.yaml	census 33	enumeration.tsv.gz
format-uri-template	document	descriptions/ghes-3.10/ghes-3.10.2022-11-28.json	census 3386	enumeration.tsv.gz
format-uri-template	document	descriptions/ghes-3.10/ghes-3.10.2022-11-28.yaml	census 3386	enumeration.tsv.gz
format-uri-template	document	descriptions/ghes-3.10/ghes-3.10.json	census 3386	enumeration.tsv.gz
format-uri-template	document	descriptions/ghes-3.10/ghes-3.10.yaml	census 3386	enumeration.tsv.gz
format-uri-template	document	descriptions/ghes-3.11/dereferenced/ghes-3.11.2022-11-28.deref.json	census 33	enumeration.tsv.gz
format-uri-template	document	descriptions/ghes-3.11/dereferenced/ghes-3.11.2022-11-28.deref.yaml	census 33	enumeration.tsv.gz
format-uri-template	document	descriptions/ghes-3.11/dereferenced/ghes-3.11.deref.json	census 33	enumeration.tsv.gz
format-uri-template	document	descriptions/ghes-3.11/dereferenced/ghes-3.11.deref.yaml	census 33	enumeration.tsv.gz
format-uri-template	document	descriptions/ghes-3.11/ghes-3.11.2022-11-28.json	census 3386	enumeration.tsv.gz
format-uri-template	document	descriptions/ghes-3.11/ghes-3.11.2022-11-28.yaml	census 3386	enumeration.tsv.gz
format-uri-template	document	descriptions/ghes-3.11/ghes-3.11.json	census 3386	enumeration.tsv.gz
format-uri-template	document	descriptions/ghes-3.11/ghes-3.11.yaml	census 3386	enumeration.tsv.gz
format-uri-template	document	descriptions/ghes-3.12/dereferenced/ghes-3.12.2022-11-28.deref.json	census 33	enumeration.tsv.gz
format-uri-template	document	descriptions/ghes-3.12/dereferenced/ghes-3.12.2022-11-28.deref.yaml	census 33	enumeration.tsv.gz
format-uri-template	document	descriptions/ghes-3.12/dereferenced/ghes-3.12.deref.json	census 33	enumeration.tsv.gz
format-uri-template	document	descriptions/ghes-3.12/dereferenced/ghes-3.12.deref.yaml	census 33	enumeration.tsv.gz
format-uri-template	document	descriptions/ghes-3.12/ghes-3.12.2022-11-28.json	census 3386	enumeration.tsv.gz
format-uri-template	document	descriptions/ghes-3.12/ghes-3.12.2022-11-28.yaml	census 3386	enumeration.tsv.gz
format-uri-template	document	descriptions/ghes-3.12/ghes-3.12.json	census 3386	enumeration.tsv.gz
format-uri-template	document	descriptions/ghes-3.12/ghes-3.12.yaml	census 3386	enumeration.tsv.gz
format-uri-template	document	descriptions/ghes-3.13/dereferenced/ghes-3.13.2022-11-28.deref.json	census 33	enumeration.tsv.gz
format-uri-template	document	descriptions/ghes-3.13/dereferenced/ghes-3.13.2022-11-28.deref.yaml	census 33	enumeration.tsv.gz
format-uri-template	document	descriptions/ghes-3.13/dereferenced/ghes-3.13.deref.json	census 33	enumeration.tsv.gz
format-uri-template	document	descriptions/ghes-3.13/dereferenced/ghes-3.13.deref.yaml	census 33	enumeration.tsv.gz
format-uri-template	document	descriptions/ghes-3.13/ghes-3.13.2022-11-28.json	census 3386	enumeration.tsv.gz
format-uri-template	document	descriptions/ghes-3.13/ghes-3.13.2022-11-28.yaml	census 3386	enumeration.tsv.gz
format-uri-template	document	descriptions/ghes-3.13/ghes-3.13.json	census 3386	enumeration.tsv.gz
format-uri-template	document	descriptions/ghes-3.13/ghes-3.13.yaml	census 3386	enumeration.tsv.gz
format-uri-template	document	descriptions/ghes-3.14/dereferenced/ghes-3.14.2022-11-28.deref.json	census 96	enumeration.tsv.gz
format-uri-template	document	descriptions/ghes-3.14/dereferenced/ghes-3.14.2022-11-28.deref.yaml	census 96	enumeration.tsv.gz
format-uri-template	document	descriptions/ghes-3.14/dereferenced/ghes-3.14.deref.json	census 96	enumeration.tsv.gz
format-uri-template	document	descriptions/ghes-3.14/dereferenced/ghes-3.14.deref.yaml	census 96	enumeration.tsv.gz
format-uri-template	document	descriptions/ghes-3.14/ghes-3.14.2022-11-28.json	census 3393	enumeration.tsv.gz
format-uri-template	document	descriptions/ghes-3.14/ghes-3.14.2022-11-28.yaml	census 3393	enumeration.tsv.gz
format-uri-template	document	descriptions/ghes-3.14/ghes-3.14.json	census 3393	enumeration.tsv.gz
format-uri-template	document	descriptions/ghes-3.14/ghes-3.14.yaml	census 3393	enumeration.tsv.gz
format-uri-template	document	descriptions/ghes-3.15/dereferenced/ghes-3.15.2022-11-28.deref.json	census 96	enumeration.tsv.gz
format-uri-template	document	descriptions/ghes-3.15/dereferenced/ghes-3.15.2022-11-28.deref.yaml	census 96	enumeration.tsv.gz
format-uri-template	document	descriptions/ghes-3.15/dereferenced/ghes-3.15.deref.json	census 96	enumeration.tsv.gz
format-uri-template	document	descriptions/ghes-3.15/dereferenced/ghes-3.15.deref.yaml	census 96	enumeration.tsv.gz
format-uri-template	document	descriptions/ghes-3.15/ghes-3.15.2022-11-28.json	census 3393	enumeration.tsv.gz
format-uri-template	document	descriptions/ghes-3.15/ghes-3.15.2022-11-28.yaml	census 3393	enumeration.tsv.gz
format-uri-template	document	descriptions/ghes-3.15/ghes-3.15.json	census 3393	enumeration.tsv.gz
format-uri-template	document	descriptions/ghes-3.15/ghes-3.15.yaml	census 3393	enumeration.tsv.gz
format-uri-template	document	descriptions/ghes-3.16/dereferenced/ghes-3.16.2022-11-28.deref.json	census 96	enumeration.tsv.gz
format-uri-template	document	descriptions/ghes-3.16/dereferenced/ghes-3.16.2022-11-28.deref.yaml	census 96	enumeration.tsv.gz
format-uri-template	document	descriptions/ghes-3.16/dereferenced/ghes-3.16.deref.json	census 96	enumeration.tsv.gz
format-uri-template	document	descriptions/ghes-3.16/dereferenced/ghes-3.16.deref.yaml	census 96	enumeration.tsv.gz
format-uri-template	document	descriptions/ghes-3.16/ghes-3.16.2022-11-28.json	census 3393	enumeration.tsv.gz
format-uri-template	document	descriptions/ghes-3.16/ghes-3.16.2022-11-28.yaml	census 3393	enumeration.tsv.gz
format-uri-template	document	descriptions/ghes-3.16/ghes-3.16.json	census 3393	enumeration.tsv.gz
format-uri-template	document	descriptions/ghes-3.16/ghes-3.16.yaml	census 3393	enumeration.tsv.gz
format-uri-template	document	descriptions/ghes-3.17/dereferenced/ghes-3.17.2022-11-28.deref.json	census 96	enumeration.tsv.gz
format-uri-template	document	descriptions/ghes-3.17/dereferenced/ghes-3.17.2022-11-28.deref.yaml	census 96	enumeration.tsv.gz
format-uri-template	document	descriptions/ghes-3.17/dereferenced/ghes-3.17.deref.json	census 96	enumeration.tsv.gz
format-uri-template	document	descriptions/ghes-3.17/dereferenced/ghes-3.17.deref.yaml	census 96	enumeration.tsv.gz
format-uri-template	document	descriptions/ghes-3.17/ghes-3.17.2022-11-28.json	census 3393	enumeration.tsv.gz
format-uri-template	document	descriptions/ghes-3.17/ghes-3.17.2022-11-28.yaml	census 3393	enumeration.tsv.gz
format-uri-template	document	descriptions/ghes-3.17/ghes-3.17.json	census 3393	enumeration.tsv.gz
format-uri-template	document	descriptions/ghes-3.17/ghes-3.17.yaml	census 3393	enumeration.tsv.gz
format-uri-template	document	descriptions/ghes-3.18/dereferenced/ghes-3.18.2022-11-28.deref.json	census 96	enumeration.tsv.gz
format-uri-template	document	descriptions/ghes-3.18/dereferenced/ghes-3.18.2022-11-28.deref.yaml	census 96	enumeration.tsv.gz
format-uri-template	document	descriptions/ghes-3.18/dereferenced/ghes-3.18.deref.json	census 96	enumeration.tsv.gz
format-uri-template	document	descriptions/ghes-3.18/dereferenced/ghes-3.18.deref.yaml	census 96	enumeration.tsv.gz
format-uri-template	document	descriptions/ghes-3.18/ghes-3.18.2022-11-28.json	census 3393	enumeration.tsv.gz
format-uri-template	document	descriptions/ghes-3.18/ghes-3.18.2022-11-28.yaml	census 3393	enumeration.tsv.gz
format-uri-template	document	descriptions/ghes-3.18/ghes-3.18.json	census 3393	enumeration.tsv.gz
format-uri-template	document	descriptions/ghes-3.18/ghes-3.18.yaml	census 3393	enumeration.tsv.gz
format-uri-template	document	descriptions/ghes-3.19/dereferenced/ghes-3.19.2022-11-28.deref.json	census 96	enumeration.tsv.gz
format-uri-template	document	descriptions/ghes-3.19/dereferenced/ghes-3.19.2022-11-28.deref.yaml	census 96	enumeration.tsv.gz
format-uri-template	document	descriptions/ghes-3.19/dereferenced/ghes-3.19.deref.json	census 96	enumeration.tsv.gz
format-uri-template	document	descriptions/ghes-3.19/dereferenced/ghes-3.19.deref.yaml	census 96	enumeration.tsv.gz
format-uri-template	document	descriptions/ghes-3.19/ghes-3.19.2022-11-28.json	census 3393	enumeration.tsv.gz
format-uri-template	document	descriptions/ghes-3.19/ghes-3.19.2022-11-28.yaml	census 3393	enumeration.tsv.gz
format-uri-template	document	descriptions/ghes-3.19/ghes-3.19.json	census 3393	enumeration.tsv.gz
format-uri-template	document	descriptions/ghes-3.19/ghes-3.19.yaml	census 3393	enumeration.tsv.gz
format-uri-template	document	descriptions/ghes-3.2/dereferenced/ghes-3.2.deref.json	census 33	enumeration.tsv.gz
format-uri-template	document	descriptions/ghes-3.2/dereferenced/ghes-3.2.deref.yaml	census 33	enumeration.tsv.gz
format-uri-template	document	descriptions/ghes-3.2/ghes-3.2.json	census 33	enumeration.tsv.gz
format-uri-template	document	descriptions/ghes-3.2/ghes-3.2.yaml	census 33	enumeration.tsv.gz
format-uri-template	document	descriptions/ghes-3.20/dereferenced/ghes-3.20.2022-11-28.deref.json	census 96	enumeration.tsv.gz
format-uri-template	document	descriptions/ghes-3.20/dereferenced/ghes-3.20.2022-11-28.deref.yaml	census 96	enumeration.tsv.gz
format-uri-template	document	descriptions/ghes-3.20/dereferenced/ghes-3.20.deref.json	census 96	enumeration.tsv.gz
format-uri-template	document	descriptions/ghes-3.20/dereferenced/ghes-3.20.deref.yaml	census 96	enumeration.tsv.gz
format-uri-template	document	descriptions/ghes-3.20/ghes-3.20.2022-11-28.json	census 3397	enumeration.tsv.gz
format-uri-template	document	descriptions/ghes-3.20/ghes-3.20.2022-11-28.yaml	census 3397	enumeration.tsv.gz
format-uri-template	document	descriptions/ghes-3.20/ghes-3.20.json	census 3397	enumeration.tsv.gz
format-uri-template	document	descriptions/ghes-3.20/ghes-3.20.yaml	census 3397	enumeration.tsv.gz
format-uri-template	document	descriptions/ghes-3.21/dereferenced/ghes-3.21.2022-11-28.deref.json	census 96	enumeration.tsv.gz
format-uri-template	document	descriptions/ghes-3.21/dereferenced/ghes-3.21.2022-11-28.deref.yaml	census 96	enumeration.tsv.gz
format-uri-template	document	descriptions/ghes-3.21/dereferenced/ghes-3.21.2026-03-10.deref.json	census 94	enumeration.tsv.gz
format-uri-template	document	descriptions/ghes-3.21/dereferenced/ghes-3.21.2026-03-10.deref.yaml	census 94	enumeration.tsv.gz
format-uri-template	document	descriptions/ghes-3.21/dereferenced/ghes-3.21.deref.json	census 96	enumeration.tsv.gz
format-uri-template	document	descriptions/ghes-3.21/dereferenced/ghes-3.21.deref.yaml	census 96	enumeration.tsv.gz
format-uri-template	document	descriptions/ghes-3.21/ghes-3.21.2022-11-28.json	census 3447	enumeration.tsv.gz
format-uri-template	document	descriptions/ghes-3.21/ghes-3.21.2022-11-28.yaml	census 3447	enumeration.tsv.gz
format-uri-template	document	descriptions/ghes-3.21/ghes-3.21.2026-03-10.json	census 3445	enumeration.tsv.gz
format-uri-template	document	descriptions/ghes-3.21/ghes-3.21.2026-03-10.yaml	census 3445	enumeration.tsv.gz
format-uri-template	document	descriptions/ghes-3.21/ghes-3.21.json	census 3447	enumeration.tsv.gz
format-uri-template	document	descriptions/ghes-3.21/ghes-3.21.yaml	census 3447	enumeration.tsv.gz
format-uri-template	document	descriptions/ghes-3.22/dereferenced/ghes-3.22.2022-11-28.deref.json	census 96	enumeration.tsv.gz
format-uri-template	document	descriptions/ghes-3.22/dereferenced/ghes-3.22.2022-11-28.deref.yaml	census 96	enumeration.tsv.gz
format-uri-template	document	descriptions/ghes-3.22/dereferenced/ghes-3.22.2026-03-10.deref.json	census 94	enumeration.tsv.gz
format-uri-template	document	descriptions/ghes-3.22/dereferenced/ghes-3.22.2026-03-10.deref.yaml	census 94	enumeration.tsv.gz
format-uri-template	document	descriptions/ghes-3.22/dereferenced/ghes-3.22.deref.json	census 96	enumeration.tsv.gz
format-uri-template	document	descriptions/ghes-3.22/dereferenced/ghes-3.22.deref.yaml	census 96	enumeration.tsv.gz
format-uri-template	document	descriptions/ghes-3.22/ghes-3.22.2022-11-28.json	census 3447	enumeration.tsv.gz
format-uri-template	document	descriptions/ghes-3.22/ghes-3.22.2022-11-28.yaml	census 3447	enumeration.tsv.gz
format-uri-template	document	descriptions/ghes-3.22/ghes-3.22.2026-03-10.json	census 3445	enumeration.tsv.gz
format-uri-template	document	descriptions/ghes-3.22/ghes-3.22.2026-03-10.yaml	census 3445	enumeration.tsv.gz
format-uri-template	document	descriptions/ghes-3.22/ghes-3.22.json	census 3447	enumeration.tsv.gz
format-uri-template	document	descriptions/ghes-3.22/ghes-3.22.yaml	census 3447	enumeration.tsv.gz
format-uri-template	document	descriptions/ghes-3.3/dereferenced/ghes-3.3.deref.json	census 33	enumeration.tsv.gz
format-uri-template	document	descriptions/ghes-3.3/dereferenced/ghes-3.3.deref.yaml	census 33	enumeration.tsv.gz
format-uri-template	document	descriptions/ghes-3.3/ghes-3.3.json	census 33	enumeration.tsv.gz
format-uri-template	document	descriptions/ghes-3.3/ghes-3.3.yaml	census 33	enumeration.tsv.gz
format-uri-template	document	descriptions/ghes-3.4/dereferenced/ghes-3.4.deref.json	census 33	enumeration.tsv.gz
format-uri-template	document	descriptions/ghes-3.4/dereferenced/ghes-3.4.deref.yaml	census 33	enumeration.tsv.gz
format-uri-template	document	descriptions/ghes-3.4/ghes-3.4.json	census 33	enumeration.tsv.gz
format-uri-template	document	descriptions/ghes-3.4/ghes-3.4.yaml	census 33	enumeration.tsv.gz
format-uri-template	document	descriptions/ghes-3.5/dereferenced/ghes-3.5.deref.json	census 33	enumeration.tsv.gz
format-uri-template	document	descriptions/ghes-3.5/dereferenced/ghes-3.5.deref.yaml	census 33	enumeration.tsv.gz
format-uri-template	document	descriptions/ghes-3.5/ghes-3.5.json	census 33	enumeration.tsv.gz
format-uri-template	document	descriptions/ghes-3.5/ghes-3.5.yaml	census 33	enumeration.tsv.gz
format-uri-template	document	descriptions/ghes-3.6/dereferenced/ghes-3.6.deref.json	census 33	enumeration.tsv.gz
format-uri-template	document	descriptions/ghes-3.6/dereferenced/ghes-3.6.deref.yaml	census 33	enumeration.tsv.gz
format-uri-template	document	descriptions/ghes-3.6/ghes-3.6.json	census 33	enumeration.tsv.gz
format-uri-template	document	descriptions/ghes-3.6/ghes-3.6.yaml	census 33	enumeration.tsv.gz
format-uri-template	document	descriptions/ghes-3.7/dereferenced/ghes-3.7.deref.json	census 33	enumeration.tsv.gz
format-uri-template	document	descriptions/ghes-3.7/dereferenced/ghes-3.7.deref.yaml	census 33	enumeration.tsv.gz
format-uri-template	document	descriptions/ghes-3.7/ghes-3.7.json	census 3826	enumeration.tsv.gz
format-uri-template	document	descriptions/ghes-3.7/ghes-3.7.yaml	census 3826	enumeration.tsv.gz
format-uri-template	document	descriptions/ghes-3.8/dereferenced/ghes-3.8.deref.json	census 33	enumeration.tsv.gz
format-uri-template	document	descriptions/ghes-3.8/dereferenced/ghes-3.8.deref.yaml	census 33	enumeration.tsv.gz
format-uri-template	document	descriptions/ghes-3.8/ghes-3.8.json	census 3826	enumeration.tsv.gz
format-uri-template	document	descriptions/ghes-3.8/ghes-3.8.yaml	census 3826	enumeration.tsv.gz
format-uri-template	document	descriptions/ghes-3.9/dereferenced/ghes-3.9.2022-11-28.deref.json	census 33	enumeration.tsv.gz
format-uri-template	document	descriptions/ghes-3.9/dereferenced/ghes-3.9.2022-11-28.deref.yaml	census 33	enumeration.tsv.gz
format-uri-template	document	descriptions/ghes-3.9/dereferenced/ghes-3.9.deref.json	census 33	enumeration.tsv.gz
format-uri-template	document	descriptions/ghes-3.9/dereferenced/ghes-3.9.deref.yaml	census 33	enumeration.tsv.gz
format-uri-template	document	descriptions/ghes-3.9/ghes-3.9.2022-11-28.json	census 3382	enumeration.tsv.gz
format-uri-template	document	descriptions/ghes-3.9/ghes-3.9.2022-11-28.yaml	census 3382	enumeration.tsv.gz
format-uri-template	document	descriptions/ghes-3.9/ghes-3.9.json	census 3382	enumeration.tsv.gz
format-uri-template	document	descriptions/ghes-3.9/ghes-3.9.yaml	census 3382	enumeration.tsv.gz
format-uri-template	walk	Adyen/adyen-openapi@f82d1fe674e536cc2c6b0d7946e0e827873a4fbf	258	pins.tsv
format-uri-template	walk	Alia5/steaminputdb.com@a2bd0c37fd3d22e6b9e153b49e9a6e7de5a00393	30	pins.tsv
format-uri-template	walk	BreydenSummers/Waypoint@6eaa6f3ada167561c8d620d3f5148d4b22b65497	79	pins.tsv
format-uri-template	walk	Chocobozzz/PeerTube@faa76bad2c1969a088ef1df38dc666dfe7259b5c	285	pins.tsv
format-uri-template	walk	ChurchSuite/churchsuite-api@8464fbfc6290b6d84a71e728e802d693a7d8ffc2	12	pins.tsv
format-uri-template	walk	Cosmian/kms@d3e5d8693ab7fee328a2185e53fda76efd09e8d9	226	pins.tsv
format-uri-template	walk	Helicone/helicone@067d9290acb4f1fc9320e902fc67b4b399b50363	327	pins.tsv
format-uri-template	walk	Lifetron710/atlas@4613aac6d5da72cce831c79157af9d495dfd25b8	12	pins.tsv
format-uri-template	walk	OpenBanking-Brasil/specs-directory@37423cbc93982e05eac255db6226ed599a5baace	2	pins.tsv
format-uri-template	walk	PaloAltoNetworks/pan.dev@4e989cdd4bbda669dc73c0d3f5db90bb4989bee3	441	pins.tsv
format-uri-template	walk	PaulKov/dpone@7da0e0e6b873eedacb097ddbf1ddb2a961fa1ebb	1307	pins.tsv
format-uri-template	walk	VinhDat267/ATI_Project@cd26cea1a236e7f5a2514ce54cab73ed409f3c69	193	pins.tsv
format-uri-template	walk	WithSecureOpenSource/gdpr-subject-rights-api@0d2775dbf1c0830671a9efd878f03ae1eaf97995	1	pins.tsv
format-uri-template	walk	agenticdriver/agenticdriver@fb851f577341699decf232d1f556a73b545758bf	24	pins.tsv
format-uri-template	walk	apostrophecms/apostrophe@14eab51cfa6114f9d98b6c6acb600564fc734587	258	pins.tsv
format-uri-template	walk	apostrophecms/docs@125bb97075a87d8a1dffe5e765ebeb05af0c4c13	5	pins.tsv
format-uri-template	walk	auto-agent-protocol/auto-agent-protocol@5d31c27b11c36a018754f34830954d836a55afe5	525	pins.tsv
format-uri-template	walk	cnorlander/BuildRelay@e5f47309d1ca6fd28267de041e7ed2f61e477723	4	pins.tsv
format-uri-template	walk	emergentmethods/flowdapt@e8f34d411564e6c0e6542fe67d0604c23de1cf91	23	pins.tsv
format-uri-template	walk	github/rest-api-description@3cef12e8a02d612ad032473d4fb87266f2befeae	384	pins.tsv
format-uri-template	walk	kubernetes/kubernetes@b0e6417568f530e79579c5bcd6bbeac799a47669	65	pins.tsv
format-uri-template	walk	kushin77/agent-orchestrator@9ae4441d1aca473286be9de0e69f87ab9b8daa25	564	pins.tsv
format-uri-template	walk	kytos-ng/sdntrace_cp@269f4482ecd4125dc1c115e059dbce26b7269216	2	pins.tsv
format-uri-template	walk	livepeer/ai-runner@50a742cee7c5789ef4a10f8117f30de3758366a9	26	pins.tsv
format-uri-template	walk	magrathean-uk/teslatlas-protocol@e33a296d26fcef3936ccaf61ccc73b0f7469b7a2	118	pins.tsv
format-uri-template	walk	magrathean-uk/teslatlas-sdk-typescript@beb79c922d130722c88ffd009300a00f20ea0a1b	128	pins.tsv
format-uri-template	walk	mongodb/openapi@1e4aeea7d2d63f749bcae619cf836fbe52c62447	63	pins.tsv
format-uri-template	walk	roryqueue/cowards-game@1e368dd81d96dcb458ff78975a107c2d9b260ef9	528	pins.tsv
format-uri-template	walk	truefoundry/trueforge@5adde289683b642203b06b39ca687e9d977ca7a5	69	pins.tsv
format-uri-template	walk	twilio/twilio-oai@5aa7f31977ce5812f7b7bc1f46a38555ebaa2888	120	pins.tsv
items-oneof-element	document	contracts/http/openapi.yaml	census 1	enumeration.tsv.gz
items-oneof-element	document	descriptions-next/api.github.com/api.github.com.2022-11-28.json	census 36	enumeration.tsv.gz
items-oneof-element	document	descriptions-next/api.github.com/api.github.com.2022-11-28.yaml	census 36	enumeration.tsv.gz
items-oneof-element	document	descriptions-next/api.github.com/api.github.com.2026-03-10.json	census 36	enumeration.tsv.gz
items-oneof-element	document	descriptions-next/api.github.com/api.github.com.2026-03-10.yaml	census 36	enumeration.tsv.gz
items-oneof-element	document	descriptions-next/api.github.com/api.github.com.json	census 36	enumeration.tsv.gz
items-oneof-element	document	descriptions-next/api.github.com/api.github.com.yaml	census 36	enumeration.tsv.gz
items-oneof-element	document	descriptions-next/api.github.com/dereferenced/api.github.com.2022-11-28.deref.json	census 114	enumeration.tsv.gz
items-oneof-element	document	descriptions-next/api.github.com/dereferenced/api.github.com.2022-11-28.deref.yaml	census 114	enumeration.tsv.gz
items-oneof-element	document	descriptions-next/api.github.com/dereferenced/api.github.com.2026-03-10.deref.json	census 114	enumeration.tsv.gz
items-oneof-element	document	descriptions-next/api.github.com/dereferenced/api.github.com.2026-03-10.deref.yaml	census 114	enumeration.tsv.gz
items-oneof-element	document	descriptions-next/api.github.com/dereferenced/api.github.com.deref.json	census 114	enumeration.tsv.gz
items-oneof-element	document	descriptions-next/api.github.com/dereferenced/api.github.com.deref.yaml	census 114	enumeration.tsv.gz
items-oneof-element	document	descriptions-next/ghec/dereferenced/ghec.2022-11-28.deref.json	census 119	enumeration.tsv.gz
items-oneof-element	document	descriptions-next/ghec/dereferenced/ghec.2022-11-28.deref.yaml	census 119	enumeration.tsv.gz
items-oneof-element	document	descriptions-next/ghec/dereferenced/ghec.2026-03-10.deref.json	census 119	enumeration.tsv.gz
items-oneof-element	document	descriptions-next/ghec/dereferenced/ghec.2026-03-10.deref.yaml	census 119	enumeration.tsv.gz
items-oneof-element	document	descriptions-next/ghec/dereferenced/ghec.deref.json	census 119	enumeration.tsv.gz
items-oneof-element	document	descriptions-next/ghec/dereferenced/ghec.deref.yaml	census 119	enumeration.tsv.gz
items-oneof-element	document	descriptions-next/ghec/ghec.2022-11-28.json	census 36	enumeration.tsv.gz
items-oneof-element	document	descriptions-next/ghec/ghec.2022-11-28.yaml	census 36	enumeration.tsv.gz
items-oneof-element	document	descriptions-next/ghec/ghec.2026-03-10.json	census 36	enumeration.tsv.gz
items-oneof-element	document	descriptions-next/ghec/ghec.2026-03-10.yaml	census 36	enumeration.tsv.gz
items-oneof-element	document	descriptions-next/ghec/ghec.json	census 36	enumeration.tsv.gz
items-oneof-element	document	descriptions-next/ghec/ghec.yaml	census 36	enumeration.tsv.gz
items-oneof-element	document	descriptions-next/ghes-3.0/dereferenced/ghes-3.0.deref.json	census 23	enumeration.tsv.gz
items-oneof-element	document	descriptions-next/ghes-3.0/dereferenced/ghes-3.0.deref.yaml	census 23	enumeration.tsv.gz
items-oneof-element	document	descriptions-next/ghes-3.0/ghes-3.0.json	census 3	enumeration.tsv.gz
items-oneof-element	document	descriptions-next/ghes-3.0/ghes-3.0.yaml	census 3	enumeration.tsv.gz
items-oneof-element	document	descriptions-next/ghes-3.1/dereferenced/ghes-3.1.deref.json	census 23	enumeration.tsv.gz
items-oneof-element	document	descriptions-next/ghes-3.1/dereferenced/ghes-3.1.deref.yaml	census 23	enumeration.tsv.gz
items-oneof-element	document	descriptions-next/ghes-3.1/ghes-3.1.json	census 3	enumeration.tsv.gz
items-oneof-element	document	descriptions-next/ghes-3.1/ghes-3.1.yaml	census 3	enumeration.tsv.gz
items-oneof-element	document	descriptions-next/ghes-3.10/dereferenced/ghes-3.10.2022-11-28.deref.json	census 46	enumeration.tsv.gz
items-oneof-element	document	descriptions-next/ghes-3.10/dereferenced/ghes-3.10.2022-11-28.deref.yaml	census 46	enumeration.tsv.gz
items-oneof-element	document	descriptions-next/ghes-3.10/dereferenced/ghes-3.10.deref.json	census 46	enumeration.tsv.gz
items-oneof-element	document	descriptions-next/ghes-3.10/dereferenced/ghes-3.10.deref.yaml	census 46	enumeration.tsv.gz
items-oneof-element	document	descriptions-next/ghes-3.10/ghes-3.10.2022-11-28.json	census 25	enumeration.tsv.gz
items-oneof-element	document	descriptions-next/ghes-3.10/ghes-3.10.2022-11-28.yaml	census 25	enumeration.tsv.gz
items-oneof-element	document	descriptions-next/ghes-3.10/ghes-3.10.json	census 25	enumeration.tsv.gz
items-oneof-element	document	descriptions-next/ghes-3.10/ghes-3.10.yaml	census 25	enumeration.tsv.gz
items-oneof-element	document	descriptions-next/ghes-3.11/dereferenced/ghes-3.11.2022-11-28.deref.json	census 64	enumeration.tsv.gz
items-oneof-element	document	descriptions-next/ghes-3.11/dereferenced/ghes-3.11.2022-11-28.deref.yaml	census 64	enumeration.tsv.gz
items-oneof-element	document	descriptions-next/ghes-3.11/dereferenced/ghes-3.11.deref.json	census 64	enumeration.tsv.gz
items-oneof-element	document	descriptions-next/ghes-3.11/dereferenced/ghes-3.11.deref.yaml	census 64	enumeration.tsv.gz
items-oneof-element	document	descriptions-next/ghes-3.11/ghes-3.11.2022-11-28.json	census 25	enumeration.tsv.gz
items-oneof-element	document	descriptions-next/ghes-3.11/ghes-3.11.2022-11-28.yaml	census 25	enumeration.tsv.gz
items-oneof-element	document	descriptions-next/ghes-3.11/ghes-3.11.json	census 25	enumeration.tsv.gz
items-oneof-element	document	descriptions-next/ghes-3.11/ghes-3.11.yaml	census 25	enumeration.tsv.gz
items-oneof-element	document	descriptions-next/ghes-3.12/dereferenced/ghes-3.12.2022-11-28.deref.json	census 64	enumeration.tsv.gz
items-oneof-element	document	descriptions-next/ghes-3.12/dereferenced/ghes-3.12.2022-11-28.deref.yaml	census 64	enumeration.tsv.gz
items-oneof-element	document	descriptions-next/ghes-3.12/dereferenced/ghes-3.12.deref.json	census 64	enumeration.tsv.gz
items-oneof-element	document	descriptions-next/ghes-3.12/dereferenced/ghes-3.12.deref.yaml	census 64	enumeration.tsv.gz
items-oneof-element	document	descriptions-next/ghes-3.12/ghes-3.12.2022-11-28.json	census 25	enumeration.tsv.gz
items-oneof-element	document	descriptions-next/ghes-3.12/ghes-3.12.2022-11-28.yaml	census 25	enumeration.tsv.gz
items-oneof-element	document	descriptions-next/ghes-3.12/ghes-3.12.json	census 25	enumeration.tsv.gz
items-oneof-element	document	descriptions-next/ghes-3.12/ghes-3.12.yaml	census 25	enumeration.tsv.gz
items-oneof-element	document	descriptions-next/ghes-3.13/dereferenced/ghes-3.13.2022-11-28.deref.json	census 64	enumeration.tsv.gz
items-oneof-element	document	descriptions-next/ghes-3.13/dereferenced/ghes-3.13.2022-11-28.deref.yaml	census 64	enumeration.tsv.gz
items-oneof-element	document	descriptions-next/ghes-3.13/dereferenced/ghes-3.13.deref.json	census 64	enumeration.tsv.gz
items-oneof-element	document	descriptions-next/ghes-3.13/dereferenced/ghes-3.13.deref.yaml	census 64	enumeration.tsv.gz
items-oneof-element	document	descriptions-next/ghes-3.13/ghes-3.13.2022-11-28.json	census 25	enumeration.tsv.gz
items-oneof-element	document	descriptions-next/ghes-3.13/ghes-3.13.2022-11-28.yaml	census 25	enumeration.tsv.gz
items-oneof-element	document	descriptions-next/ghes-3.13/ghes-3.13.json	census 25	enumeration.tsv.gz
items-oneof-element	document	descriptions-next/ghes-3.13/ghes-3.13.yaml	census 25	enumeration.tsv.gz
items-oneof-element	document	descriptions-next/ghes-3.14/dereferenced/ghes-3.14.2022-11-28.deref.json	census 73	enumeration.tsv.gz
items-oneof-element	document	descriptions-next/ghes-3.14/dereferenced/ghes-3.14.2022-11-28.deref.yaml	census 73	enumeration.tsv.gz
items-oneof-element	document	descriptions-next/ghes-3.14/dereferenced/ghes-3.14.deref.json	census 73	enumeration.tsv.gz
items-oneof-element	document	descriptions-next/ghes-3.14/dereferenced/ghes-3.14.deref.yaml	census 73	enumeration.tsv.gz
items-oneof-element	document	descriptions-next/ghes-3.14/ghes-3.14.2022-11-28.json	census 25	enumeration.tsv.gz
items-oneof-element	document	descriptions-next/ghes-3.14/ghes-3.14.2022-11-28.yaml	census 25	enumeration.tsv.gz
items-oneof-element	document	descriptions-next/ghes-3.14/ghes-3.14.json	census 25	enumeration.tsv.gz
items-oneof-element	document	descriptions-next/ghes-3.14/ghes-3.14.yaml	census 25	enumeration.tsv.gz
items-oneof-element	document	descriptions-next/ghes-3.15/dereferenced/ghes-3.15.2022-11-28.deref.json	census 73	enumeration.tsv.gz
items-oneof-element	document	descriptions-next/ghes-3.15/dereferenced/ghes-3.15.2022-11-28.deref.yaml	census 73	enumeration.tsv.gz
items-oneof-element	document	descriptions-next/ghes-3.15/dereferenced/ghes-3.15.deref.json	census 73	enumeration.tsv.gz
items-oneof-element	document	descriptions-next/ghes-3.15/dereferenced/ghes-3.15.deref.yaml	census 73	enumeration.tsv.gz
items-oneof-element	document	descriptions-next/ghes-3.15/ghes-3.15.2022-11-28.json	census 25	enumeration.tsv.gz
items-oneof-element	document	descriptions-next/ghes-3.15/ghes-3.15.2022-11-28.yaml	census 25	enumeration.tsv.gz
items-oneof-element	document	descriptions-next/ghes-3.15/ghes-3.15.json	census 25	enumeration.tsv.gz
items-oneof-element	document	descriptions-next/ghes-3.15/ghes-3.15.yaml	census 25	enumeration.tsv.gz
items-oneof-element	document	descriptions-next/ghes-3.16/dereferenced/ghes-3.16.2022-11-28.deref.json	census 73	enumeration.tsv.gz
items-oneof-element	document	descriptions-next/ghes-3.16/dereferenced/ghes-3.16.2022-11-28.deref.yaml	census 73	enumeration.tsv.gz
items-oneof-element	document	descriptions-next/ghes-3.16/dereferenced/ghes-3.16.deref.json	census 73	enumeration.tsv.gz
items-oneof-element	document	descriptions-next/ghes-3.16/dereferenced/ghes-3.16.deref.yaml	census 73	enumeration.tsv.gz
items-oneof-element	document	descriptions-next/ghes-3.16/ghes-3.16.2022-11-28.json	census 25	enumeration.tsv.gz
items-oneof-element	document	descriptions-next/ghes-3.16/ghes-3.16.2022-11-28.yaml	census 25	enumeration.tsv.gz
items-oneof-element	document	descriptions-next/ghes-3.16/ghes-3.16.json	census 25	enumeration.tsv.gz
items-oneof-element	document	descriptions-next/ghes-3.16/ghes-3.16.yaml	census 25	enumeration.tsv.gz
items-oneof-element	document	descriptions-next/ghes-3.17/dereferenced/ghes-3.17.2022-11-28.deref.json	census 76	enumeration.tsv.gz
items-oneof-element	document	descriptions-next/ghes-3.17/dereferenced/ghes-3.17.2022-11-28.deref.yaml	census 76	enumeration.tsv.gz
items-oneof-element	document	descriptions-next/ghes-3.17/dereferenced/ghes-3.17.deref.json	census 76	enumeration.tsv.gz
items-oneof-element	document	descriptions-next/ghes-3.17/dereferenced/ghes-3.17.deref.yaml	census 76	enumeration.tsv.gz
items-oneof-element	document	descriptions-next/ghes-3.17/ghes-3.17.2022-11-28.json	census 28	enumeration.tsv.gz
items-oneof-element	document	descriptions-next/ghes-3.17/ghes-3.17.2022-11-28.yaml	census 28	enumeration.tsv.gz
items-oneof-element	document	descriptions-next/ghes-3.17/ghes-3.17.json	census 28	enumeration.tsv.gz
items-oneof-element	document	descriptions-next/ghes-3.17/ghes-3.17.yaml	census 28	enumeration.tsv.gz
items-oneof-element	document	descriptions-next/ghes-3.18/dereferenced/ghes-3.18.2022-11-28.deref.json	census 76	enumeration.tsv.gz
items-oneof-element	document	descriptions-next/ghes-3.18/dereferenced/ghes-3.18.2022-11-28.deref.yaml	census 76	enumeration.tsv.gz
items-oneof-element	document	descriptions-next/ghes-3.18/dereferenced/ghes-3.18.deref.json	census 76	enumeration.tsv.gz
items-oneof-element	document	descriptions-next/ghes-3.18/dereferenced/ghes-3.18.deref.yaml	census 76	enumeration.tsv.gz
items-oneof-element	document	descriptions-next/ghes-3.18/ghes-3.18.2022-11-28.json	census 28	enumeration.tsv.gz
items-oneof-element	document	descriptions-next/ghes-3.18/ghes-3.18.2022-11-28.yaml	census 28	enumeration.tsv.gz
items-oneof-element	document	descriptions-next/ghes-3.18/ghes-3.18.json	census 28	enumeration.tsv.gz
items-oneof-element	document	descriptions-next/ghes-3.18/ghes-3.18.yaml	census 28	enumeration.tsv.gz
items-oneof-element	document	descriptions-next/ghes-3.19/dereferenced/ghes-3.19.2022-11-28.deref.json	census 88	enumeration.tsv.gz
items-oneof-element	document	descriptions-next/ghes-3.19/dereferenced/ghes-3.19.2022-11-28.deref.yaml	census 88	enumeration.tsv.gz
items-oneof-element	document	descriptions-next/ghes-3.19/dereferenced/ghes-3.19.deref.json	census 88	enumeration.tsv.gz
items-oneof-element	document	descriptions-next/ghes-3.19/dereferenced/ghes-3.19.deref.yaml	census 88	enumeration.tsv.gz
items-oneof-element	document	descriptions-next/ghes-3.19/ghes-3.19.2022-11-28.json	census 28	enumeration.tsv.gz
items-oneof-element	document	descriptions-next/ghes-3.19/ghes-3.19.2022-11-28.yaml	census 28	enumeration.tsv.gz
items-oneof-element	document	descriptions-next/ghes-3.19/ghes-3.19.json	census 28	enumeration.tsv.gz
items-oneof-element	document	descriptions-next/ghes-3.19/ghes-3.19.yaml	census 28	enumeration.tsv.gz
items-oneof-element	document	descriptions-next/ghes-3.2/dereferenced/ghes-3.2.deref.json	census 23	enumeration.tsv.gz
items-oneof-element	document	descriptions-next/ghes-3.2/dereferenced/ghes-3.2.deref.yaml	census 23	enumeration.tsv.gz
items-oneof-element	document	descriptions-next/ghes-3.2/ghes-3.2.json	census 3	enumeration.tsv.gz
items-oneof-element	document	descriptions-next/ghes-3.2/ghes-3.2.yaml	census 3	enumeration.tsv.gz
items-oneof-element	document	descriptions-next/ghes-3.20/dereferenced/ghes-3.20.2022-11-28.deref.json	census 96	enumeration.tsv.gz
items-oneof-element	document	descriptions-next/ghes-3.20/dereferenced/ghes-3.20.2022-11-28.deref.yaml	census 96	enumeration.tsv.gz
items-oneof-element	document	descriptions-next/ghes-3.20/dereferenced/ghes-3.20.deref.json	census 96	enumeration.tsv.gz
items-oneof-element	document	descriptions-next/ghes-3.20/dereferenced/ghes-3.20.deref.yaml	census 96	enumeration.tsv.gz
items-oneof-element	document	descriptions-next/ghes-3.20/ghes-3.20.2022-11-28.json	census 31	enumeration.tsv.gz
items-oneof-element	document	descriptions-next/ghes-3.20/ghes-3.20.2022-11-28.yaml	census 31	enumeration.tsv.gz
items-oneof-element	document	descriptions-next/ghes-3.20/ghes-3.20.json	census 31	enumeration.tsv.gz
items-oneof-element	document	descriptions-next/ghes-3.20/ghes-3.20.yaml	census 31	enumeration.tsv.gz
items-oneof-element	document	descriptions-next/ghes-3.21/dereferenced/ghes-3.21.2022-11-28.deref.json	census 96	enumeration.tsv.gz
items-oneof-element	document	descriptions-next/ghes-3.21/dereferenced/ghes-3.21.2022-11-28.deref.yaml	census 96	enumeration.tsv.gz
items-oneof-element	document	descriptions-next/ghes-3.21/dereferenced/ghes-3.21.2026-03-10.deref.json	census 96	enumeration.tsv.gz
items-oneof-element	document	descriptions-next/ghes-3.21/dereferenced/ghes-3.21.2026-03-10.deref.yaml	census 96	enumeration.tsv.gz
items-oneof-element	document	descriptions-next/ghes-3.21/dereferenced/ghes-3.21.deref.json	census 96	enumeration.tsv.gz
items-oneof-element	document	descriptions-next/ghes-3.21/dereferenced/ghes-3.21.deref.yaml	census 96	enumeration.tsv.gz
items-oneof-element	document	descriptions-next/ghes-3.21/ghes-3.21.2022-11-28.json	census 31	enumeration.tsv.gz
items-oneof-element	document	descriptions-next/ghes-3.21/ghes-3.21.2022-11-28.yaml	census 31	enumeration.tsv.gz
items-oneof-element	document	descriptions-next/ghes-3.21/ghes-3.21.2026-03-10.json	census 31	enumeration.tsv.gz
items-oneof-element	document	descriptions-next/ghes-3.21/ghes-3.21.2026-03-10.yaml	census 31	enumeration.tsv.gz
items-oneof-element	document	descriptions-next/ghes-3.21/ghes-3.21.json	census 31	enumeration.tsv.gz
items-oneof-element	document	descriptions-next/ghes-3.21/ghes-3.21.yaml	census 31	enumeration.tsv.gz
items-oneof-element	document	descriptions-next/ghes-3.22/dereferenced/ghes-3.22.2022-11-28.deref.json	census 96	enumeration.tsv.gz
items-oneof-element	document	descriptions-next/ghes-3.22/dereferenced/ghes-3.22.2022-11-28.deref.yaml	census 96	enumeration.tsv.gz
items-oneof-element	document	descriptions-next/ghes-3.22/dereferenced/ghes-3.22.2026-03-10.deref.json	census 96	enumeration.tsv.gz
items-oneof-element	document	descriptions-next/ghes-3.22/dereferenced/ghes-3.22.2026-03-10.deref.yaml	census 96	enumeration.tsv.gz
items-oneof-element	document	descriptions-next/ghes-3.22/dereferenced/ghes-3.22.deref.json	census 96	enumeration.tsv.gz
items-oneof-element	document	descriptions-next/ghes-3.22/dereferenced/ghes-3.22.deref.yaml	census 96	enumeration.tsv.gz
items-oneof-element	document	descriptions-next/ghes-3.22/ghes-3.22.2022-11-28.json	census 31	enumeration.tsv.gz
items-oneof-element	document	descriptions-next/ghes-3.22/ghes-3.22.2022-11-28.yaml	census 31	enumeration.tsv.gz
items-oneof-element	document	descriptions-next/ghes-3.22/ghes-3.22.2026-03-10.json	census 31	enumeration.tsv.gz
items-oneof-element	document	descriptions-next/ghes-3.22/ghes-3.22.2026-03-10.yaml	census 31	enumeration.tsv.gz
items-oneof-element	document	descriptions-next/ghes-3.22/ghes-3.22.json	census 31	enumeration.tsv.gz
items-oneof-element	document	descriptions-next/ghes-3.22/ghes-3.22.yaml	census 31	enumeration.tsv.gz
items-oneof-element	document	descriptions-next/ghes-3.3/dereferenced/ghes-3.3.deref.json	census 23	enumeration.tsv.gz
items-oneof-element	document	descriptions-next/ghes-3.3/dereferenced/ghes-3.3.deref.yaml	census 23	enumeration.tsv.gz
items-oneof-element	document	descriptions-next/ghes-3.3/ghes-3.3.json	census 3	enumeration.tsv.gz
items-oneof-element	document	descriptions-next/ghes-3.3/ghes-3.3.yaml	census 3	enumeration.tsv.gz
items-oneof-element	document	descriptions-next/ghes-3.4/dereferenced/ghes-3.4.deref.json	census 23	enumeration.tsv.gz
items-oneof-element	document	descriptions-next/ghes-3.4/dereferenced/ghes-3.4.deref.yaml	census 23	enumeration.tsv.gz
items-oneof-element	document	descriptions-next/ghes-3.4/ghes-3.4.json	census 3	enumeration.tsv.gz
items-oneof-element	document	descriptions-next/ghes-3.4/ghes-3.4.yaml	census 3	enumeration.tsv.gz
items-oneof-element	document	descriptions-next/ghes-3.5/dereferenced/ghes-3.5.deref.json	census 23	enumeration.tsv.gz
items-oneof-element	document	descriptions-next/ghes-3.5/dereferenced/ghes-3.5.deref.yaml	census 23	enumeration.tsv.gz
items-oneof-element	document	descriptions-next/ghes-3.5/ghes-3.5.json	census 3	enumeration.tsv.gz
items-oneof-element	document	descriptions-next/ghes-3.5/ghes-3.5.yaml	census 3	enumeration.tsv.gz
items-oneof-element	document	descriptions-next/ghes-3.6/dereferenced/ghes-3.6.deref.json	census 23	enumeration.tsv.gz
items-oneof-element	document	descriptions-next/ghes-3.6/dereferenced/ghes-3.6.deref.yaml	census 23	enumeration.tsv.gz
items-oneof-element	document	descriptions-next/ghes-3.6/ghes-3.6.json	census 3	enumeration.tsv.gz
items-oneof-element	document	descriptions-next/ghes-3.6/ghes-3.6.yaml	census 3	enumeration.tsv.gz
items-oneof-element	document	descriptions-next/ghes-3.7/dereferenced/ghes-3.7.deref.json	census 46	enumeration.tsv.gz
items-oneof-element	document	descriptions-next/ghes-3.7/dereferenced/ghes-3.7.deref.yaml	census 46	enumeration.tsv.gz
items-oneof-element	document	descriptions-next/ghes-3.7/ghes-3.7.json	census 26	enumeration.tsv.gz
items-oneof-element	document	descriptions-next/ghes-3.7/ghes-3.7.yaml	census 26	enumeration.tsv.gz
items-oneof-element	document	descriptions-next/ghes-3.8/dereferenced/ghes-3.8.deref.json	census 46	enumeration.tsv.gz
items-oneof-element	document	descriptions-next/ghes-3.8/dereferenced/ghes-3.8.deref.yaml	census 46	enumeration.tsv.gz
items-oneof-element	document	descriptions-next/ghes-3.8/ghes-3.8.json	census 26	enumeration.tsv.gz
items-oneof-element	document	descriptions-next/ghes-3.8/ghes-3.8.yaml	census 26	enumeration.tsv.gz
items-oneof-element	document	descriptions-next/ghes-3.9/dereferenced/ghes-3.9.2022-11-28.deref.json	census 46	enumeration.tsv.gz
items-oneof-element	document	descriptions-next/ghes-3.9/dereferenced/ghes-3.9.2022-11-28.deref.yaml	census 46	enumeration.tsv.gz
items-oneof-element	document	descriptions-next/ghes-3.9/dereferenced/ghes-3.9.deref.json	census 46	enumeration.tsv.gz
items-oneof-element	document	descriptions-next/ghes-3.9/dereferenced/ghes-3.9.deref.yaml	census 46	enumeration.tsv.gz
items-oneof-element	document	descriptions-next/ghes-3.9/ghes-3.9.2022-11-28.json	census 25	enumeration.tsv.gz
items-oneof-element	document	descriptions-next/ghes-3.9/ghes-3.9.2022-11-28.yaml	census 25	enumeration.tsv.gz
items-oneof-element	document	descriptions-next/ghes-3.9/ghes-3.9.json	census 25	enumeration.tsv.gz
items-oneof-element	document	descriptions-next/ghes-3.9/ghes-3.9.yaml	census 25	enumeration.tsv.gz
items-oneof-element	document	descriptions-next/github.ae/dereferenced/github.ae.deref.json	census 40	enumeration.tsv.gz
items-oneof-element	document	descriptions-next/github.ae/dereferenced/github.ae.deref.yaml	census 40	enumeration.tsv.gz
items-oneof-element	document	descriptions-next/github.ae/github.ae.json	census 26	enumeration.tsv.gz
items-oneof-element	document	descriptions-next/github.ae/github.ae.yaml	census 26	enumeration.tsv.gz
items-oneof-element	document	descriptions/api.github.com/api.github.com.2022-11-28.json	census 37	enumeration.tsv.gz
items-oneof-element	document	descriptions/api.github.com/api.github.com.2022-11-28.yaml	census 37	enumeration.tsv.gz
items-oneof-element	document	descriptions/api.github.com/api.github.com.2026-03-10.json	census 37	enumeration.tsv.gz
items-oneof-element	document	descriptions/api.github.com/api.github.com.2026-03-10.yaml	census 37	enumeration.tsv.gz
items-oneof-element	document	descriptions/api.github.com/api.github.com.json	census 37	enumeration.tsv.gz
items-oneof-element	document	descriptions/api.github.com/api.github.com.yaml	census 37	enumeration.tsv.gz
items-oneof-element	document	descriptions/api.github.com/dereferenced/api.github.com.2022-11-28.deref.json	census 67	enumeration.tsv.gz
items-oneof-element	document	descriptions/api.github.com/dereferenced/api.github.com.2022-11-28.deref.yaml	census 67	enumeration.tsv.gz
items-oneof-element	document	descriptions/api.github.com/dereferenced/api.github.com.2026-03-10.deref.json	census 67	enumeration.tsv.gz
items-oneof-element	document	descriptions/api.github.com/dereferenced/api.github.com.2026-03-10.deref.yaml	census 67	enumeration.tsv.gz
items-oneof-element	document	descriptions/api.github.com/dereferenced/api.github.com.deref.json	census 67	enumeration.tsv.gz
items-oneof-element	document	descriptions/api.github.com/dereferenced/api.github.com.deref.yaml	census 67	enumeration.tsv.gz
items-oneof-element	document	descriptions/ghec/dereferenced/ghec.2022-11-28.deref.json	census 72	enumeration.tsv.gz
items-oneof-element	document	descriptions/ghec/dereferenced/ghec.2022-11-28.deref.yaml	census 72	enumeration.tsv.gz
items-oneof-element	document	descriptions/ghec/dereferenced/ghec.2026-03-10.deref.json	census 72	enumeration.tsv.gz
items-oneof-element	document	descriptions/ghec/dereferenced/ghec.2026-03-10.deref.yaml	census 72	enumeration.tsv.gz
items-oneof-element	document	descriptions/ghec/dereferenced/ghec.deref.json	census 72	enumeration.tsv.gz
items-oneof-element	document	descriptions/ghec/dereferenced/ghec.deref.yaml	census 72	enumeration.tsv.gz
items-oneof-element	document	descriptions/ghec/ghec.2022-11-28.json	census 37	enumeration.tsv.gz
items-oneof-element	document	descriptions/ghec/ghec.2022-11-28.yaml	census 37	enumeration.tsv.gz
items-oneof-element	document	descriptions/ghec/ghec.2026-03-10.json	census 37	enumeration.tsv.gz
items-oneof-element	document	descriptions/ghec/ghec.2026-03-10.yaml	census 37	enumeration.tsv.gz
items-oneof-element	document	descriptions/ghec/ghec.json	census 37	enumeration.tsv.gz
items-oneof-element	document	descriptions/ghec/ghec.yaml	census 37	enumeration.tsv.gz
items-oneof-element	document	descriptions/ghes-2.18/dereferenced/ghes-2.18.deref.json	census 8	enumeration.tsv.gz
items-oneof-element	document	descriptions/ghes-2.18/dereferenced/ghes-2.18.deref.yaml	census 8	enumeration.tsv.gz
items-oneof-element	document	descriptions/ghes-2.18/ghes-2.18.json	census 3	enumeration.tsv.gz
items-oneof-element	document	descriptions/ghes-2.18/ghes-2.18.yaml	census 3	enumeration.tsv.gz
items-oneof-element	document	descriptions/ghes-2.19/dereferenced/ghes-2.19.deref.json	census 8	enumeration.tsv.gz
items-oneof-element	document	descriptions/ghes-2.19/dereferenced/ghes-2.19.deref.yaml	census 8	enumeration.tsv.gz
items-oneof-element	document	descriptions/ghes-2.19/ghes-2.19.json	census 3	enumeration.tsv.gz
items-oneof-element	document	descriptions/ghes-2.19/ghes-2.19.yaml	census 3	enumeration.tsv.gz
items-oneof-element	document	descriptions/ghes-2.20/dereferenced/ghes-2.20.deref.json	census 8	enumeration.tsv.gz
items-oneof-element	document	descriptions/ghes-2.20/dereferenced/ghes-2.20.deref.yaml	census 8	enumeration.tsv.gz
items-oneof-element	document	descriptions/ghes-2.20/ghes-2.20.json	census 3	enumeration.tsv.gz
items-oneof-element	document	descriptions/ghes-2.20/ghes-2.20.yaml	census 3	enumeration.tsv.gz
items-oneof-element	document	descriptions/ghes-2.21/dereferenced/ghes-2.21.deref.json	census 8	enumeration.tsv.gz
items-oneof-element	document	descriptions/ghes-2.21/dereferenced/ghes-2.21.deref.yaml	census 8	enumeration.tsv.gz
items-oneof-element	document	descriptions/ghes-2.21/ghes-2.21.json	census 3	enumeration.tsv.gz
items-oneof-element	document	descriptions/ghes-2.21/ghes-2.21.yaml	census 3	enumeration.tsv.gz
items-oneof-element	document	descriptions/ghes-2.22/dereferenced/ghes-2.22.deref.json	census 23	enumeration.tsv.gz
items-oneof-element	document	descriptions/ghes-2.22/dereferenced/ghes-2.22.deref.yaml	census 23	enumeration.tsv.gz
items-oneof-element	document	descriptions/ghes-2.22/ghes-2.22.json	census 4	enumeration.tsv.gz
items-oneof-element	document	descriptions/ghes-2.22/ghes-2.22.yaml	census 4	enumeration.tsv.gz
items-oneof-element	document	descriptions/ghes-3.0/dereferenced/ghes-3.0.deref.json	census 23	enumeration.tsv.gz
items-oneof-element	document	descriptions/ghes-3.0/dereferenced/ghes-3.0.deref.yaml	census 23	enumeration.tsv.gz
items-oneof-element	document	descriptions/ghes-3.0/ghes-3.0.json	census 4	enumeration.tsv.gz
items-oneof-element	document	descriptions/ghes-3.0/ghes-3.0.yaml	census 4	enumeration.tsv.gz
items-oneof-element	document	descriptions/ghes-3.1/dereferenced/ghes-3.1.deref.json	census 23	enumeration.tsv.gz
items-oneof-element	document	descriptions/ghes-3.1/dereferenced/ghes-3.1.deref.yaml	census 23	enumeration.tsv.gz
items-oneof-element	document	descriptions/ghes-3.1/ghes-3.1.json	census 4	enumeration.tsv.gz
items-oneof-element	document	descriptions/ghes-3.1/ghes-3.1.yaml	census 4	enumeration.tsv.gz
items-oneof-element	document	descriptions/ghes-3.10/dereferenced/ghes-3.10.2022-11-28.deref.json	census 23	enumeration.tsv.gz
items-oneof-element	document	descriptions/ghes-3.10/dereferenced/ghes-3.10.2022-11-28.deref.yaml	census 23	enumeration.tsv.gz
items-oneof-element	document	descriptions/ghes-3.10/dereferenced/ghes-3.10.deref.json	census 23	enumeration.tsv.gz
items-oneof-element	document	descriptions/ghes-3.10/dereferenced/ghes-3.10.deref.yaml	census 23	enumeration.tsv.gz
items-oneof-element	document	descriptions/ghes-3.10/ghes-3.10.2022-11-28.json	census 26	enumeration.tsv.gz
items-oneof-element	document	descriptions/ghes-3.10/ghes-3.10.2022-11-28.yaml	census 26	enumeration.tsv.gz
items-oneof-element	document	descriptions/ghes-3.10/ghes-3.10.json	census 26	enumeration.tsv.gz
items-oneof-element	document	descriptions/ghes-3.10/ghes-3.10.yaml	census 26	enumeration.tsv.gz
items-oneof-element	document	descriptions/ghes-3.11/dereferenced/ghes-3.11.2022-11-28.deref.json	census 36	enumeration.tsv.gz
items-oneof-element	document	descriptions/ghes-3.11/dereferenced/ghes-3.11.2022-11-28.deref.yaml	census 36	enumeration.tsv.gz
items-oneof-element	document	descriptions/ghes-3.11/dereferenced/ghes-3.11.deref.json	census 36	enumeration.tsv.gz
items-oneof-element	document	descriptions/ghes-3.11/dereferenced/ghes-3.11.deref.yaml	census 36	enumeration.tsv.gz
items-oneof-element	document	descriptions/ghes-3.11/ghes-3.11.2022-11-28.json	census 26	enumeration.tsv.gz
items-oneof-element	document	descriptions/ghes-3.11/ghes-3.11.2022-11-28.yaml	census 26	enumeration.tsv.gz
items-oneof-element	document	descriptions/ghes-3.11/ghes-3.11.json	census 26	enumeration.tsv.gz
items-oneof-element	document	descriptions/ghes-3.11/ghes-3.11.yaml	census 26	enumeration.tsv.gz
items-oneof-element	document	descriptions/ghes-3.12/dereferenced/ghes-3.12.2022-11-28.deref.json	census 36	enumeration.tsv.gz
items-oneof-element	document	descriptions/ghes-3.12/dereferenced/ghes-3.12.2022-11-28.deref.yaml	census 36	enumeration.tsv.gz
items-oneof-element	document	descriptions/ghes-3.12/dereferenced/ghes-3.12.deref.json	census 36	enumeration.tsv.gz
items-oneof-element	document	descriptions/ghes-3.12/dereferenced/ghes-3.12.deref.yaml	census 36	enumeration.tsv.gz
items-oneof-element	document	descriptions/ghes-3.12/ghes-3.12.2022-11-28.json	census 26	enumeration.tsv.gz
items-oneof-element	document	descriptions/ghes-3.12/ghes-3.12.2022-11-28.yaml	census 26	enumeration.tsv.gz
items-oneof-element	document	descriptions/ghes-3.12/ghes-3.12.json	census 26	enumeration.tsv.gz
items-oneof-element	document	descriptions/ghes-3.12/ghes-3.12.yaml	census 26	enumeration.tsv.gz
items-oneof-element	document	descriptions/ghes-3.13/dereferenced/ghes-3.13.2022-11-28.deref.json	census 36	enumeration.tsv.gz
items-oneof-element	document	descriptions/ghes-3.13/dereferenced/ghes-3.13.2022-11-28.deref.yaml	census 36	enumeration.tsv.gz
items-oneof-element	document	descriptions/ghes-3.13/dereferenced/ghes-3.13.deref.json	census 36	enumeration.tsv.gz
items-oneof-element	document	descriptions/ghes-3.13/dereferenced/ghes-3.13.deref.yaml	census 36	enumeration.tsv.gz
items-oneof-element	document	descriptions/ghes-3.13/ghes-3.13.2022-11-28.json	census 26	enumeration.tsv.gz
items-oneof-element	document	descriptions/ghes-3.13/ghes-3.13.2022-11-28.yaml	census 26	enumeration.tsv.gz
items-oneof-element	document	descriptions/ghes-3.13/ghes-3.13.json	census 26	enumeration.tsv.gz
items-oneof-element	document	descriptions/ghes-3.13/ghes-3.13.yaml	census 26	enumeration.tsv.gz
items-oneof-element	document	descriptions/ghes-3.14/dereferenced/ghes-3.14.2022-11-28.deref.json	census 45	enumeration.tsv.gz
items-oneof-element	document	descriptions/ghes-3.14/dereferenced/ghes-3.14.2022-11-28.deref.yaml	census 45	enumeration.tsv.gz
items-oneof-element	document	descriptions/ghes-3.14/dereferenced/ghes-3.14.deref.json	census 45	enumeration.tsv.gz
items-oneof-element	document	descriptions/ghes-3.14/dereferenced/ghes-3.14.deref.yaml	census 45	enumeration.tsv.gz
items-oneof-element	document	descriptions/ghes-3.14/ghes-3.14.2022-11-28.json	census 26	enumeration.tsv.gz
items-oneof-element	document	descriptions/ghes-3.14/ghes-3.14.2022-11-28.yaml	census 26	enumeration.tsv.gz
items-oneof-element	document	descriptions/ghes-3.14/ghes-3.14.json	census 26	enumeration.tsv.gz
items-oneof-element	document	descriptions/ghes-3.14/ghes-3.14.yaml	census 26	enumeration.tsv.gz
items-oneof-element	document	descriptions/ghes-3.15/dereferenced/ghes-3.15.2022-11-28.deref.json	census 45	enumeration.tsv.gz
items-oneof-element	document	descriptions/ghes-3.15/dereferenced/ghes-3.15.2022-11-28.deref.yaml	census 45	enumeration.tsv.gz
items-oneof-element	document	descriptions/ghes-3.15/dereferenced/ghes-3.15.deref.json	census 45	enumeration.tsv.gz
items-oneof-element	document	descriptions/ghes-3.15/dereferenced/ghes-3.15.deref.yaml	census 45	enumeration.tsv.gz
items-oneof-element	document	descriptions/ghes-3.15/ghes-3.15.2022-11-28.json	census 26	enumeration.tsv.gz
items-oneof-element	document	descriptions/ghes-3.15/ghes-3.15.2022-11-28.yaml	census 26	enumeration.tsv.gz
items-oneof-element	document	descriptions/ghes-3.15/ghes-3.15.json	census 26	enumeration.tsv.gz
items-oneof-element	document	descriptions/ghes-3.15/ghes-3.15.yaml	census 26	enumeration.tsv.gz
items-oneof-element	document	descriptions/ghes-3.16/dereferenced/ghes-3.16.2022-11-28.deref.json	census 45	enumeration.tsv.gz
items-oneof-element	document	descriptions/ghes-3.16/dereferenced/ghes-3.16.2022-11-28.deref.yaml	census 45	enumeration.tsv.gz
items-oneof-element	document	descriptions/ghes-3.16/dereferenced/ghes-3.16.deref.json	census 45	enumeration.tsv.gz
items-oneof-element	document	descriptions/ghes-3.16/dereferenced/ghes-3.16.deref.yaml	census 45	enumeration.tsv.gz
items-oneof-element	document	descriptions/ghes-3.16/ghes-3.16.2022-11-28.json	census 26	enumeration.tsv.gz
items-oneof-element	document	descriptions/ghes-3.16/ghes-3.16.2022-11-28.yaml	census 26	enumeration.tsv.gz
items-oneof-element	document	descriptions/ghes-3.16/ghes-3.16.json	census 26	enumeration.tsv.gz
items-oneof-element	document	descriptions/ghes-3.16/ghes-3.16.yaml	census 26	enumeration.tsv.gz
items-oneof-element	document	descriptions/ghes-3.17/dereferenced/ghes-3.17.2022-11-28.deref.json	census 48	enumeration.tsv.gz
items-oneof-element	document	descriptions/ghes-3.17/dereferenced/ghes-3.17.2022-11-28.deref.yaml	census 48	enumeration.tsv.gz
items-oneof-element	document	descriptions/ghes-3.17/dereferenced/ghes-3.17.deref.json	census 48	enumeration.tsv.gz
items-oneof-element	document	descriptions/ghes-3.17/dereferenced/ghes-3.17.deref.yaml	census 48	enumeration.tsv.gz
items-oneof-element	document	descriptions/ghes-3.17/ghes-3.17.2022-11-28.json	census 29	enumeration.tsv.gz
items-oneof-element	document	descriptions/ghes-3.17/ghes-3.17.2022-11-28.yaml	census 29	enumeration.tsv.gz
items-oneof-element	document	descriptions/ghes-3.17/ghes-3.17.json	census 29	enumeration.tsv.gz
items-oneof-element	document	descriptions/ghes-3.17/ghes-3.17.yaml	census 29	enumeration.tsv.gz
items-oneof-element	document	descriptions/ghes-3.18/dereferenced/ghes-3.18.2022-11-28.deref.json	census 48	enumeration.tsv.gz
items-oneof-element	document	descriptions/ghes-3.18/dereferenced/ghes-3.18.2022-11-28.deref.yaml	census 48	enumeration.tsv.gz
items-oneof-element	document	descriptions/ghes-3.18/dereferenced/ghes-3.18.deref.json	census 48	enumeration.tsv.gz
items-oneof-element	document	descriptions/ghes-3.18/dereferenced/ghes-3.18.deref.yaml	census 48	enumeration.tsv.gz
items-oneof-element	document	descriptions/ghes-3.18/ghes-3.18.2022-11-28.json	census 29	enumeration.tsv.gz
items-oneof-element	document	descriptions/ghes-3.18/ghes-3.18.2022-11-28.yaml	census 29	enumeration.tsv.gz
items-oneof-element	document	descriptions/ghes-3.18/ghes-3.18.json	census 29	enumeration.tsv.gz
items-oneof-element	document	descriptions/ghes-3.18/ghes-3.18.yaml	census 29	enumeration.tsv.gz
items-oneof-element	document	descriptions/ghes-3.19/dereferenced/ghes-3.19.2022-11-28.deref.json	census 52	enumeration.tsv.gz
items-oneof-element	document	descriptions/ghes-3.19/dereferenced/ghes-3.19.2022-11-28.deref.yaml	census 52	enumeration.tsv.gz
items-oneof-element	document	descriptions/ghes-3.19/dereferenced/ghes-3.19.deref.json	census 52	enumeration.tsv.gz
items-oneof-element	document	descriptions/ghes-3.19/dereferenced/ghes-3.19.deref.yaml	census 52	enumeration.tsv.gz
items-oneof-element	document	descriptions/ghes-3.19/ghes-3.19.2022-11-28.json	census 29	enumeration.tsv.gz
items-oneof-element	document	descriptions/ghes-3.19/ghes-3.19.2022-11-28.yaml	census 29	enumeration.tsv.gz
items-oneof-element	document	descriptions/ghes-3.19/ghes-3.19.json	census 29	enumeration.tsv.gz
items-oneof-element	document	descriptions/ghes-3.19/ghes-3.19.yaml	census 29	enumeration.tsv.gz
items-oneof-element	document	descriptions/ghes-3.2/dereferenced/ghes-3.2.deref.json	census 23	enumeration.tsv.gz
items-oneof-element	document	descriptions/ghes-3.2/dereferenced/ghes-3.2.deref.yaml	census 23	enumeration.tsv.gz
items-oneof-element	document	descriptions/ghes-3.2/ghes-3.2.json	census 4	enumeration.tsv.gz
items-oneof-element	document	descriptions/ghes-3.2/ghes-3.2.yaml	census 4	enumeration.tsv.gz
items-oneof-element	document	descriptions/ghes-3.20/dereferenced/ghes-3.20.2022-11-28.deref.json	census 60	enumeration.tsv.gz
items-oneof-element	document	descriptions/ghes-3.20/dereferenced/ghes-3.20.2022-11-28.deref.yaml	census 60	enumeration.tsv.gz
items-oneof-element	document	descriptions/ghes-3.20/dereferenced/ghes-3.20.deref.json	census 60	enumeration.tsv.gz
items-oneof-element	document	descriptions/ghes-3.20/dereferenced/ghes-3.20.deref.yaml	census 60	enumeration.tsv.gz
items-oneof-element	document	descriptions/ghes-3.20/ghes-3.20.2022-11-28.json	census 32	enumeration.tsv.gz
items-oneof-element	document	descriptions/ghes-3.20/ghes-3.20.2022-11-28.yaml	census 32	enumeration.tsv.gz
items-oneof-element	document	descriptions/ghes-3.20/ghes-3.20.json	census 32	enumeration.tsv.gz
items-oneof-element	document	descriptions/ghes-3.20/ghes-3.20.yaml	census 32	enumeration.tsv.gz
items-oneof-element	document	descriptions/ghes-3.21/dereferenced/ghes-3.21.2022-11-28.deref.json	census 60	enumeration.tsv.gz
items-oneof-element	document	descriptions/ghes-3.21/dereferenced/ghes-3.21.2022-11-28.deref.yaml	census 60	enumeration.tsv.gz
items-oneof-element	document	descriptions/ghes-3.21/dereferenced/ghes-3.21.2026-03-10.deref.json	census 60	enumeration.tsv.gz
items-oneof-element	document	descriptions/ghes-3.21/dereferenced/ghes-3.21.2026-03-10.deref.yaml	census 60	enumeration.tsv.gz
items-oneof-element	document	descriptions/ghes-3.21/dereferenced/ghes-3.21.deref.json	census 60	enumeration.tsv.gz
items-oneof-element	document	descriptions/ghes-3.21/dereferenced/ghes-3.21.deref.yaml	census 60	enumeration.tsv.gz
items-oneof-element	document	descriptions/ghes-3.21/ghes-3.21.2022-11-28.json	census 32	enumeration.tsv.gz
items-oneof-element	document	descriptions/ghes-3.21/ghes-3.21.2022-11-28.yaml	census 32	enumeration.tsv.gz
items-oneof-element	document	descriptions/ghes-3.21/ghes-3.21.2026-03-10.json	census 32	enumeration.tsv.gz
items-oneof-element	document	descriptions/ghes-3.21/ghes-3.21.2026-03-10.yaml	census 32	enumeration.tsv.gz
items-oneof-element	document	descriptions/ghes-3.21/ghes-3.21.json	census 32	enumeration.tsv.gz
items-oneof-element	document	descriptions/ghes-3.21/ghes-3.21.yaml	census 32	enumeration.tsv.gz
items-oneof-element	document	descriptions/ghes-3.22/dereferenced/ghes-3.22.2022-11-28.deref.json	census 60	enumeration.tsv.gz
items-oneof-element	document	descriptions/ghes-3.22/dereferenced/ghes-3.22.2022-11-28.deref.yaml	census 60	enumeration.tsv.gz
items-oneof-element	document	descriptions/ghes-3.22/dereferenced/ghes-3.22.2026-03-10.deref.json	census 60	enumeration.tsv.gz
items-oneof-element	document	descriptions/ghes-3.22/dereferenced/ghes-3.22.2026-03-10.deref.yaml	census 60	enumeration.tsv.gz
items-oneof-element	document	descriptions/ghes-3.22/dereferenced/ghes-3.22.deref.json	census 60	enumeration.tsv.gz
items-oneof-element	document	descriptions/ghes-3.22/dereferenced/ghes-3.22.deref.yaml	census 60	enumeration.tsv.gz
items-oneof-element	document	descriptions/ghes-3.22/ghes-3.22.2022-11-28.json	census 32	enumeration.tsv.gz
items-oneof-element	document	descriptions/ghes-3.22/ghes-3.22.2022-11-28.yaml	census 32	enumeration.tsv.gz
items-oneof-element	document	descriptions/ghes-3.22/ghes-3.22.2026-03-10.json	census 32	enumeration.tsv.gz
items-oneof-element	document	descriptions/ghes-3.22/ghes-3.22.2026-03-10.yaml	census 32	enumeration.tsv.gz
items-oneof-element	document	descriptions/ghes-3.22/ghes-3.22.json	census 32	enumeration.tsv.gz
items-oneof-element	document	descriptions/ghes-3.22/ghes-3.22.yaml	census 32	enumeration.tsv.gz
items-oneof-element	document	descriptions/ghes-3.3/dereferenced/ghes-3.3.deref.json	census 23	enumeration.tsv.gz
items-oneof-element	document	descriptions/ghes-3.3/dereferenced/ghes-3.3.deref.yaml	census 23	enumeration.tsv.gz
items-oneof-element	document	descriptions/ghes-3.3/ghes-3.3.json	census 4	enumeration.tsv.gz
items-oneof-element	document	descriptions/ghes-3.3/ghes-3.3.yaml	census 4	enumeration.tsv.gz
items-oneof-element	document	descriptions/ghes-3.4/dereferenced/ghes-3.4.deref.json	census 23	enumeration.tsv.gz
items-oneof-element	document	descriptions/ghes-3.4/dereferenced/ghes-3.4.deref.yaml	census 23	enumeration.tsv.gz
items-oneof-element	document	descriptions/ghes-3.4/ghes-3.4.json	census 4	enumeration.tsv.gz
items-oneof-element	document	descriptions/ghes-3.4/ghes-3.4.yaml	census 4	enumeration.tsv.gz
items-oneof-element	document	descriptions/ghes-3.5/dereferenced/ghes-3.5.deref.json	census 23	enumeration.tsv.gz
items-oneof-element	document	descriptions/ghes-3.5/dereferenced/ghes-3.5.deref.yaml	census 23	enumeration.tsv.gz
items-oneof-element	document	descriptions/ghes-3.5/ghes-3.5.json	census 4	enumeration.tsv.gz
items-oneof-element	document	descriptions/ghes-3.5/ghes-3.5.yaml	census 4	enumeration.tsv.gz
items-oneof-element	document	descriptions/ghes-3.6/dereferenced/ghes-3.6.deref.json	census 23	enumeration.tsv.gz
items-oneof-element	document	descriptions/ghes-3.6/dereferenced/ghes-3.6.deref.yaml	census 23	enumeration.tsv.gz
items-oneof-element	document	descriptions/ghes-3.6/ghes-3.6.json	census 4	enumeration.tsv.gz
items-oneof-element	document	descriptions/ghes-3.6/ghes-3.6.yaml	census 4	enumeration.tsv.gz
items-oneof-element	document	descriptions/ghes-3.7/dereferenced/ghes-3.7.deref.json	census 23	enumeration.tsv.gz
items-oneof-element	document	descriptions/ghes-3.7/dereferenced/ghes-3.7.deref.yaml	census 23	enumeration.tsv.gz
items-oneof-element	document	descriptions/ghes-3.7/ghes-3.7.json	census 27	enumeration.tsv.gz
items-oneof-element	document	descriptions/ghes-3.7/ghes-3.7.yaml	census 27	enumeration.tsv.gz
items-oneof-element	document	descriptions/ghes-3.8/dereferenced/ghes-3.8.deref.json	census 23	enumeration.tsv.gz
items-oneof-element	document	descriptions/ghes-3.8/dereferenced/ghes-3.8.deref.yaml	census 23	enumeration.tsv.gz
items-oneof-element	document	descriptions/ghes-3.8/ghes-3.8.json	census 27	enumeration.tsv.gz
items-oneof-element	document	descriptions/ghes-3.8/ghes-3.8.yaml	census 27	enumeration.tsv.gz
items-oneof-element	document	descriptions/ghes-3.9/dereferenced/ghes-3.9.2022-11-28.deref.json	census 23	enumeration.tsv.gz
items-oneof-element	document	descriptions/ghes-3.9/dereferenced/ghes-3.9.2022-11-28.deref.yaml	census 23	enumeration.tsv.gz
items-oneof-element	document	descriptions/ghes-3.9/dereferenced/ghes-3.9.deref.json	census 23	enumeration.tsv.gz
items-oneof-element	document	descriptions/ghes-3.9/dereferenced/ghes-3.9.deref.yaml	census 23	enumeration.tsv.gz
items-oneof-element	document	descriptions/ghes-3.9/ghes-3.9.2022-11-28.json	census 26	enumeration.tsv.gz
items-oneof-element	document	descriptions/ghes-3.9/ghes-3.9.2022-11-28.yaml	census 26	enumeration.tsv.gz
items-oneof-element	document	descriptions/ghes-3.9/ghes-3.9.json	census 26	enumeration.tsv.gz
items-oneof-element	document	descriptions/ghes-3.9/ghes-3.9.yaml	census 26	enumeration.tsv.gz
items-oneof-element	document	docs/openapi.yaml	census 1	enumeration.tsv.gz
items-oneof-element	document	docs/public/apostrophecms-openapi.yaml	census 3	enumeration.tsv.gz
items-oneof-element	document	integrations/erp/api/openapi.json	census 1	enumeration.tsv.gz
items-oneof-element	document	json/BalancePlatformConfigurationNotification-v1.json	census 1	enumeration.tsv.gz
items-oneof-element	document	json/BalancePlatformConfigurationNotification-v2.json	census 1	enumeration.tsv.gz
items-oneof-element	document	json/BalancePlatformRelayedAuthorisationNotification-v1.json	census 1	enumeration.tsv.gz
items-oneof-element	document	json/BalancePlatformRelayedAuthorisationNotification-v2.json	census 1	enumeration.tsv.gz
items-oneof-element	document	json/BalancePlatformRelayedAuthorisationNotification-v4.json	census 1	enumeration.tsv.gz
items-oneof-element	document	json/BalancePlatformService-v1.json	census 3	enumeration.tsv.gz
items-oneof-element	document	json/BalancePlatformService-v2.json	census 3	enumeration.tsv.gz
items-oneof-element	document	json/BalancePlatformTransferNotification-v4.json	census 1	enumeration.tsv.gz
items-oneof-element	document	json/TransferService-v4.json	census 1	enumeration.tsv.gz
items-oneof-element	document	openapi-specs/dlp/DataProfiles.yaml	census 2	enumeration.tsv.gz
items-oneof-element	document	openapi-specs/prisma-airs-model-security/management/mgmt-plane.yml	census 2	enumeration.tsv.gz
items-oneof-element	document	openapi-specs/scm/config/ngfw/device/device-settings.yaml	census 1	enumeration.tsv.gz
items-oneof-element	document	openapi-specs/scm/config/ngfw/device/device-settings_R3.yaml	census 1	enumeration.tsv.gz
items-oneof-element	document	openapi-specs/scm/config/ngfw/network/network-services _R3_v1.2.yaml	census 2	enumeration.tsv.gz
items-oneof-element	document	openapi-specs/scm/config/sase/network/network-services _R3_v1.2.yaml	census 2	enumeration.tsv.gz
items-oneof-element	document	openapi/.raw/v2.json	census 1	enumeration.tsv.gz
items-oneof-element	document	openapi/v1-deprecated/v1.json	census 1	enumeration.tsv.gz
items-oneof-element	document	openapi/v1-deprecated/v1.yaml	census 1	enumeration.tsv.gz
items-oneof-element	document	openapi/v2.json	census 1	enumeration.tsv.gz
items-oneof-element	document	openapi/v2/openapi-2023-01-01.json	census 1	enumeration.tsv.gz
items-oneof-element	document	openapi/v2/openapi-2023-01-01.yaml	census 1	enumeration.tsv.gz
items-oneof-element	document	openapi/v2/openapi-2023-02-01.json	census 1	enumeration.tsv.gz
items-oneof-element	document	openapi/v2/openapi-2023-02-01.yaml	census 1	enumeration.tsv.gz
items-oneof-element	document	openapi/v2/openapi-2023-10-01.json	census 1	enumeration.tsv.gz
items-oneof-element	document	openapi/v2/openapi-2023-10-01.yaml	census 1	enumeration.tsv.gz
items-oneof-element	document	openapi/v2/openapi-2023-11-15.json	census 1	enumeration.tsv.gz
items-oneof-element	document	openapi/v2/openapi-2023-11-15.yaml	census 1	enumeration.tsv.gz
items-oneof-element	document	openapi/v2/openapi-2024-05-30.json	census 1	enumeration.tsv.gz
items-oneof-element	document	openapi/v2/openapi-2024-05-30.yaml	census 1	enumeration.tsv.gz
items-oneof-element	document	openapi/v2/openapi-2024-08-05.json	census 1	enumeration.tsv.gz
items-oneof-element	document	openapi/v2/openapi-2024-08-05.yaml	census 1	enumeration.tsv.gz
items-oneof-element	document	openapi/v2/openapi-2024-10-23.json	census 1	enumeration.tsv.gz
items-oneof-element	document	openapi/v2/openapi-2024-10-23.yaml	census 1	enumeration.tsv.gz
items-oneof-element	document	openapi/v2/openapi-2024-11-13.json	census 1	enumeration.tsv.gz
items-oneof-element	document	openapi/v2/openapi-2024-11-13.yaml	census 1	enumeration.tsv.gz
items-oneof-element	document	openapi/v2/openapi-2025-02-19.json	census 1	enumeration.tsv.gz
items-oneof-element	document	openapi/v2/openapi-2025-02-19.yaml	census 1	enumeration.tsv.gz
items-oneof-element	document	openapi/v2/openapi-2025-03-12.json	census 1	enumeration.tsv.gz
items-oneof-element	document	openapi/v2/private/openapi-private-preview-aws-transit-gateway.json	census 1	enumeration.tsv.gz
items-oneof-element	document	openapi/v2/private/openapi-private-preview-aws-transit-gateway.yaml	census 1	enumeration.tsv.gz
items-oneof-element	document	openapi/v2/private/openapi-private-preview-stream-connection.json	census 1	enumeration.tsv.gz
items-oneof-element	document	openapi/v2/private/openapi-private-preview-stream-connection.yaml	census 1	enumeration.tsv.gz
items-oneof-element	document	outputs/v2-dev.json	census 1	enumeration.tsv.gz
items-oneof-element	document	packages/apostrophecms-openapi/apostrophecms-openapi.yaml	census 3	enumeration.tsv.gz
items-oneof-element	document	packages/apostrophecms-openapi/examples/apostrophecms-piece-examples.yaml	census 3	enumeration.tsv.gz
items-oneof-element	document	packages/openapi-generator/templates/base-spec.yaml	census 3	enumeration.tsv.gz
items-oneof-element	document	src/addressbook.yaml	census 1	enumeration.tsv.gz
items-oneof-element	document	src/bookings.yaml	census 1	enumeration.tsv.gz
items-oneof-element	document	src/calendar.yaml	census 2	enumeration.tsv.gz
items-oneof-element	document	src/children.yaml	census 1	enumeration.tsv.gz
items-oneof-element	document	src/openapi.yaml	census 5	enumeration.tsv.gz
items-oneof-element	document	yaml/BalancePlatformConfigurationNotification-v1.yaml	census 1	enumeration.tsv.gz
items-oneof-element	document	yaml/BalancePlatformConfigurationNotification-v2.yaml	census 1	enumeration.tsv.gz
items-oneof-element	document	yaml/BalancePlatformRelayedAuthorisationNotification-v1.yaml	census 1	enumeration.tsv.gz
items-oneof-element	document	yaml/BalancePlatformRelayedAuthorisationNotification-v2.yaml	census 1	enumeration.tsv.gz
items-oneof-element	document	yaml/BalancePlatformRelayedAuthorisationNotification-v4.yaml	census 1	enumeration.tsv.gz
items-oneof-element	document	yaml/BalancePlatformService-v1.yaml	census 3	enumeration.tsv.gz
items-oneof-element	document	yaml/BalancePlatformService-v2.yaml	census 3	enumeration.tsv.gz
items-oneof-element	document	yaml/BalancePlatformTransferNotification-v4.yaml	census 1	enumeration.tsv.gz
items-oneof-element	document	yaml/TransferService-v4.yaml	census 1	enumeration.tsv.gz
items-oneof-element	walk	Adyen/adyen-openapi@f82d1fe674e536cc2c6b0d7946e0e827873a4fbf	258	pins.tsv
items-oneof-element	walk	Alia5/steaminputdb.com@a2bd0c37fd3d22e6b9e153b49e9a6e7de5a00393	30	pins.tsv
items-oneof-element	walk	BreydenSummers/Waypoint@6eaa6f3ada167561c8d620d3f5148d4b22b65497	79	pins.tsv
items-oneof-element	walk	Chocobozzz/PeerTube@faa76bad2c1969a088ef1df38dc666dfe7259b5c	285	pins.tsv
items-oneof-element	walk	ChurchSuite/churchsuite-api@8464fbfc6290b6d84a71e728e802d693a7d8ffc2	12	pins.tsv
items-oneof-element	walk	Cosmian/kms@d3e5d8693ab7fee328a2185e53fda76efd09e8d9	226	pins.tsv
items-oneof-element	walk	Helicone/helicone@067d9290acb4f1fc9320e902fc67b4b399b50363	327	pins.tsv
items-oneof-element	walk	Lifetron710/atlas@4613aac6d5da72cce831c79157af9d495dfd25b8	12	pins.tsv
items-oneof-element	walk	OpenBanking-Brasil/specs-directory@37423cbc93982e05eac255db6226ed599a5baace	2	pins.tsv
items-oneof-element	walk	PaloAltoNetworks/pan.dev@4e989cdd4bbda669dc73c0d3f5db90bb4989bee3	441	pins.tsv
items-oneof-element	walk	PaulKov/dpone@7da0e0e6b873eedacb097ddbf1ddb2a961fa1ebb	1307	pins.tsv
items-oneof-element	walk	VinhDat267/ATI_Project@cd26cea1a236e7f5a2514ce54cab73ed409f3c69	193	pins.tsv
items-oneof-element	walk	WithSecureOpenSource/gdpr-subject-rights-api@0d2775dbf1c0830671a9efd878f03ae1eaf97995	1	pins.tsv
items-oneof-element	walk	agenticdriver/agenticdriver@fb851f577341699decf232d1f556a73b545758bf	24	pins.tsv
items-oneof-element	walk	apostrophecms/apostrophe@14eab51cfa6114f9d98b6c6acb600564fc734587	258	pins.tsv
items-oneof-element	walk	apostrophecms/docs@125bb97075a87d8a1dffe5e765ebeb05af0c4c13	5	pins.tsv
items-oneof-element	walk	auto-agent-protocol/auto-agent-protocol@5d31c27b11c36a018754f34830954d836a55afe5	525	pins.tsv
items-oneof-element	walk	cnorlander/BuildRelay@e5f47309d1ca6fd28267de041e7ed2f61e477723	4	pins.tsv
items-oneof-element	walk	emergentmethods/flowdapt@e8f34d411564e6c0e6542fe67d0604c23de1cf91	23	pins.tsv
items-oneof-element	walk	github/rest-api-description@3cef12e8a02d612ad032473d4fb87266f2befeae	384	pins.tsv
items-oneof-element	walk	kubernetes/kubernetes@b0e6417568f530e79579c5bcd6bbeac799a47669	65	pins.tsv
items-oneof-element	walk	kushin77/agent-orchestrator@9ae4441d1aca473286be9de0e69f87ab9b8daa25	564	pins.tsv
items-oneof-element	walk	kytos-ng/sdntrace_cp@269f4482ecd4125dc1c115e059dbce26b7269216	2	pins.tsv
items-oneof-element	walk	livepeer/ai-runner@50a742cee7c5789ef4a10f8117f30de3758366a9	26	pins.tsv
items-oneof-element	walk	magrathean-uk/teslatlas-protocol@e33a296d26fcef3936ccaf61ccc73b0f7469b7a2	118	pins.tsv
items-oneof-element	walk	magrathean-uk/teslatlas-sdk-typescript@beb79c922d130722c88ffd009300a00f20ea0a1b	128	pins.tsv
items-oneof-element	walk	mongodb/openapi@1e4aeea7d2d63f749bcae619cf836fbe52c62447	63	pins.tsv
items-oneof-element	walk	roryqueue/cowards-game@1e368dd81d96dcb458ff78975a107c2d9b260ef9	528	pins.tsv
items-oneof-element	walk	truefoundry/trueforge@5adde289683b642203b06b39ca687e9d977ca7a5	69	pins.tsv
items-oneof-element	walk	twilio/twilio-oai@5aa7f31977ce5812f7b7bc1f46a38555ebaa2888	120	pins.tsv
media-type-key-parameters	document	api/openapi-spec/v3/api__v1_openapi.json	census 140	enumeration.tsv.gz
media-type-key-parameters	document	api/openapi-spec/v3/apis__admissionregistration.k8s.io__v1_openapi.json	census 36	enumeration.tsv.gz
media-type-key-parameters	document	api/openapi-spec/v3/apis__admissionregistration.k8s.io__v1alpha1_openapi.json	census 12	enumeration.tsv.gz
media-type-key-parameters	document	api/openapi-spec/v3/apis__admissionregistration.k8s.io__v1beta1_openapi.json	census 12	enumeration.tsv.gz
media-type-key-parameters	document	api/openapi-spec/v3/apis__apiextensions.k8s.io__v1_openapi.json	census 6	enumeration.tsv.gz
media-type-key-parameters	document	api/openapi-spec/v3/apis__apiregistration.k8s.io__v1_openapi.json	census 6	enumeration.tsv.gz
media-type-key-parameters	document	api/openapi-spec/v3/apis__apps__v1_openapi.json	census 50	enumeration.tsv.gz
media-type-key-parameters	document	api/openapi-spec/v3/apis__autoscaling__v1_openapi.json	census 10	enumeration.tsv.gz
media-type-key-parameters	document	api/openapi-spec/v3/apis__autoscaling__v2_openapi.json	census 10	enumeration.tsv.gz
media-type-key-parameters	document	api/openapi-spec/v3/apis__batch__v1_openapi.json	census 20	enumeration.tsv.gz
media-type-key-parameters	document	api/openapi-spec/v3/apis__certificates.k8s.io__v1_openapi.json	census 22	enumeration.tsv.gz
media-type-key-parameters	document	api/openapi-spec/v3/apis__certificates.k8s.io__v1beta1_openapi.json	census 16	enumeration.tsv.gz
media-type-key-parameters	document	api/openapi-spec/v3/apis__coordination.k8s.io__v1_openapi.json	census 10	enumeration.tsv.gz
media-type-key-parameters	document	api/openapi-spec/v3/apis__coordination.k8s.io__v1alpha2_openapi.json	census 10	enumeration.tsv.gz
media-type-key-parameters	document	api/openapi-spec/v3/apis__coordination.k8s.io__v1beta1_openapi.json	census 10	enumeration.tsv.gz
media-type-key-parameters	document	api/openapi-spec/v3/apis__discovery.k8s.io__v1_openapi.json	census 10	enumeration.tsv.gz
media-type-key-parameters	document	api/openapi-spec/v3/apis__events.k8s.io__v1_openapi.json	census 10	enumeration.tsv.gz
media-type-key-parameters	document	api/openapi-spec/v3/apis__flowcontrol.apiserver.k8s.io__v1_openapi.json	census 12	enumeration.tsv.gz
media-type-key-parameters	document	api/openapi-spec/v3/apis__internal.apiserver.k8s.io__v1alpha1_openapi.json	census 6	enumeration.tsv.gz
media-type-key-parameters	document	api/openapi-spec/v3/apis__lifecycle.k8s.io__v1alpha1_openapi.json	census 20	enumeration.tsv.gz
media-type-key-parameters	document	api/openapi-spec/v3/apis__networking.k8s.io__v1_openapi.json	census 38	enumeration.tsv.gz
media-type-key-parameters	document	api/openapi-spec/v3/apis__node.k8s.io__v1_openapi.json	census 6	enumeration.tsv.gz
media-type-key-parameters	document	api/openapi-spec/v3/apis__policy__v1_openapi.json	census 10	enumeration.tsv.gz
media-type-key-parameters	document	api/openapi-spec/v3/apis__rbac.authorization.k8s.io__v1_openapi.json	census 32	enumeration.tsv.gz
media-type-key-parameters	document	api/openapi-spec/v3/apis__resource.k8s.io__v1_openapi.json	census 38	enumeration.tsv.gz
media-type-key-parameters	document	api/openapi-spec/v3/apis__resource.k8s.io__v1alpha3_openapi.json	census 12	enumeration.tsv.gz
media-type-key-parameters	document	api/openapi-spec/v3/apis__resource.k8s.io__v1beta1_openapi.json	census 32	enumeration.tsv.gz
media-type-key-parameters	document	api/openapi-spec/v3/apis__resource.k8s.io__v1beta2_openapi.json	census 38	enumeration.tsv.gz
media-type-key-parameters	document	api/openapi-spec/v3/apis__scheduling.k8s.io__v1_openapi.json	census 6	enumeration.tsv.gz
media-type-key-parameters	document	api/openapi-spec/v3/apis__scheduling.k8s.io__v1alpha3_openapi.json	census 30	enumeration.tsv.gz
media-type-key-parameters	document	api/openapi-spec/v3/apis__scheduling.k8s.io__v1beta1_openapi.json	census 20	enumeration.tsv.gz
media-type-key-parameters	document	api/openapi-spec/v3/apis__storage.k8s.io__v1_openapi.json	census 40	enumeration.tsv.gz
media-type-key-parameters	document	api/openapi-spec/v3/apis__storagemigration.k8s.io__v1_openapi.json	census 6	enumeration.tsv.gz
media-type-key-parameters	document	api/openapi-spec/v3/apis__storagemigration.k8s.io__v1beta1_openapi.json	census 6	enumeration.tsv.gz
media-type-key-parameters	document	openapi-specs/action-plan/arya-action-plan.yml	census 29	enumeration.tsv.gz
media-type-key-parameters	document	openapi-specs/cspm/AccountGroups.json	census 5	enumeration.tsv.gz
media-type-key-parameters	document	openapi-specs/cspm/AdoptionAdvisor.json	census 7	enumeration.tsv.gz
media-type-key-parameters	document	openapi-specs/cspm/AlertRules.json	census 7	enumeration.tsv.gz
media-type-key-parameters	document	openapi-specs/cspm/Alerts.json	census 18	enumeration.tsv.gz
media-type-key-parameters	document	openapi-specs/cspm/AlertsNotificationMicroService.json	census 2	enumeration.tsv.gz
media-type-key-parameters	document	openapi-specs/cspm/AnomaliesMicroService.json	census 30	enumeration.tsv.gz
media-type-key-parameters	document	openapi-specs/cspm/AssetExplorer.json	census 2	enumeration.tsv.gz
media-type-key-parameters	document	openapi-specs/cspm/AssetInventory.json	census 13	enumeration.tsv.gz
media-type-key-parameters	document	openapi-specs/cspm/AuditLogs.json	census 1	enumeration.tsv.gz
media-type-key-parameters	document	openapi-specs/cspm/CloudAccountOnboardingMicroServices.json	census 36	enumeration.tsv.gz
media-type-key-parameters	document	openapi-specs/cspm/CloudAccounts(AWS).json	census 9	enumeration.tsv.gz
media-type-key-parameters	document	openapi-specs/cspm/CollectionsMicroservice.json	census 10	enumeration.tsv.gz
media-type-key-parameters	document	openapi-specs/cspm/CompliancePosture.json	census 16	enumeration.tsv.gz
media-type-key-parameters	document	openapi-specs/cspm/ComplianceStandards.json	census 2	enumeration.tsv.gz
media-type-key-parameters	document	openapi-specs/cspm/DataSecurityDashboard.json	census 15	enumeration.tsv.gz
media-type-key-parameters	document	openapi-specs/cspm/DataSecurityInventory.json	census 27	enumeration.tsv.gz
media-type-key-parameters	document	openapi-specs/cspm/DataSecuritySettings.json	census 38	enumeration.tsv.gz
media-type-key-parameters	document	openapi-specs/cspm/IPAllowList.json	census 10	enumeration.tsv.gz
media-type-key-parameters	document	openapi-specs/cspm/IntegrationsPull.json	census 8	enumeration.tsv.gz
media-type-key-parameters	document	openapi-specs/cspm/LicensingMicroService.json	census 16	enumeration.tsv.gz
media-type-key-parameters	document	openapi-specs/cspm/Login.json	census 2	enumeration.tsv.gz
media-type-key-parameters	document	openapi-specs/cspm/OnboardingAWSS3FlowLogs.json	census 1	enumeration.tsv.gz
media-type-key-parameters	document	openapi-specs/cspm/Policy.json	census 14	enumeration.tsv.gz
media-type-key-parameters	document	openapi-specs/cspm/Reports.json	census 13	enumeration.tsv.gz
media-type-key-parameters	document	openapi-specs/cspm/ResourceExplorer.json	census 16	enumeration.tsv.gz
media-type-key-parameters	document	openapi-specs/cspm/ResourceLists.json	census 7	enumeration.tsv.gz
media-type-key-parameters	document	openapi-specs/cspm/SearchManager.json	census 3	enumeration.tsv.gz
media-type-key-parameters	document	openapi-specs/cspm/SearchMicroService.json	census 32	enumeration.tsv.gz
media-type-key-parameters	document	openapi-specs/cspm/System.json	census 1	enumeration.tsv.gz
media-type-key-parameters	document	openapi-specs/cspm/Widgets.json	census 3	enumeration.tsv.gz
media-type-key-parameters	document	openapi-specs/cspm/consolidated_spec/cspm_spec.json	census 315	enumeration.tsv.gz
media-type-key-parameters	document	openapi-specs/mssp/mssp-spec.json	census 31	enumeration.tsv.gz
media-type-key-parameters	walk	Adyen/adyen-openapi@f82d1fe674e536cc2c6b0d7946e0e827873a4fbf	258	pins.tsv
media-type-key-parameters	walk	Alia5/steaminputdb.com@a2bd0c37fd3d22e6b9e153b49e9a6e7de5a00393	30	pins.tsv
media-type-key-parameters	walk	BreydenSummers/Waypoint@6eaa6f3ada167561c8d620d3f5148d4b22b65497	79	pins.tsv
media-type-key-parameters	walk	Chocobozzz/PeerTube@faa76bad2c1969a088ef1df38dc666dfe7259b5c	285	pins.tsv
media-type-key-parameters	walk	ChurchSuite/churchsuite-api@8464fbfc6290b6d84a71e728e802d693a7d8ffc2	12	pins.tsv
media-type-key-parameters	walk	Cosmian/kms@d3e5d8693ab7fee328a2185e53fda76efd09e8d9	226	pins.tsv
media-type-key-parameters	walk	Helicone/helicone@067d9290acb4f1fc9320e902fc67b4b399b50363	327	pins.tsv
media-type-key-parameters	walk	Lifetron710/atlas@4613aac6d5da72cce831c79157af9d495dfd25b8	12	pins.tsv
media-type-key-parameters	walk	OpenBanking-Brasil/specs-directory@37423cbc93982e05eac255db6226ed599a5baace	2	pins.tsv
media-type-key-parameters	walk	PaloAltoNetworks/pan.dev@4e989cdd4bbda669dc73c0d3f5db90bb4989bee3	441	pins.tsv
media-type-key-parameters	walk	PaulKov/dpone@7da0e0e6b873eedacb097ddbf1ddb2a961fa1ebb	1307	pins.tsv
media-type-key-parameters	walk	VinhDat267/ATI_Project@cd26cea1a236e7f5a2514ce54cab73ed409f3c69	193	pins.tsv
media-type-key-parameters	walk	WithSecureOpenSource/gdpr-subject-rights-api@0d2775dbf1c0830671a9efd878f03ae1eaf97995	1	pins.tsv
media-type-key-parameters	walk	agenticdriver/agenticdriver@fb851f577341699decf232d1f556a73b545758bf	24	pins.tsv
media-type-key-parameters	walk	apostrophecms/apostrophe@14eab51cfa6114f9d98b6c6acb600564fc734587	258	pins.tsv
media-type-key-parameters	walk	apostrophecms/docs@125bb97075a87d8a1dffe5e765ebeb05af0c4c13	5	pins.tsv
media-type-key-parameters	walk	auto-agent-protocol/auto-agent-protocol@5d31c27b11c36a018754f34830954d836a55afe5	525	pins.tsv
media-type-key-parameters	walk	cnorlander/BuildRelay@e5f47309d1ca6fd28267de041e7ed2f61e477723	4	pins.tsv
media-type-key-parameters	walk	emergentmethods/flowdapt@e8f34d411564e6c0e6542fe67d0604c23de1cf91	23	pins.tsv
media-type-key-parameters	walk	github/rest-api-description@3cef12e8a02d612ad032473d4fb87266f2befeae	384	pins.tsv
media-type-key-parameters	walk	kubernetes/kubernetes@b0e6417568f530e79579c5bcd6bbeac799a47669	65	pins.tsv
media-type-key-parameters	walk	kushin77/agent-orchestrator@9ae4441d1aca473286be9de0e69f87ab9b8daa25	564	pins.tsv
media-type-key-parameters	walk	kytos-ng/sdntrace_cp@269f4482ecd4125dc1c115e059dbce26b7269216	2	pins.tsv
media-type-key-parameters	walk	livepeer/ai-runner@50a742cee7c5789ef4a10f8117f30de3758366a9	26	pins.tsv
media-type-key-parameters	walk	magrathean-uk/teslatlas-protocol@e33a296d26fcef3936ccaf61ccc73b0f7469b7a2	118	pins.tsv
media-type-key-parameters	walk	magrathean-uk/teslatlas-sdk-typescript@beb79c922d130722c88ffd009300a00f20ea0a1b	128	pins.tsv
media-type-key-parameters	walk	mongodb/openapi@1e4aeea7d2d63f749bcae619cf836fbe52c62447	63	pins.tsv
media-type-key-parameters	walk	roryqueue/cowards-game@1e368dd81d96dcb458ff78975a107c2d9b260ef9	528	pins.tsv
media-type-key-parameters	walk	truefoundry/trueforge@5adde289683b642203b06b39ca687e9d977ca7a5	69	pins.tsv
media-type-key-parameters	walk	twilio/twilio-oai@5aa7f31977ce5812f7b7bc1f46a38555ebaa2888	120	pins.tsv
oneof-discriminated-union	document	.github/fern/openapi/openapi.json	census 19	enumeration.tsv.gz
oneof-discriminated-union	document	descriptions-next/api.github.com/api.github.com.2022-11-28.json	census 6	enumeration.tsv.gz
oneof-discriminated-union	document	descriptions-next/api.github.com/api.github.com.2022-11-28.yaml	census 6	enumeration.tsv.gz
oneof-discriminated-union	document	descriptions-next/api.github.com/api.github.com.2026-03-10.json	census 6	enumeration.tsv.gz
oneof-discriminated-union	document	descriptions-next/api.github.com/api.github.com.2026-03-10.yaml	census 6	enumeration.tsv.gz
oneof-discriminated-union	document	descriptions-next/api.github.com/api.github.com.json	census 6	enumeration.tsv.gz
oneof-discriminated-union	document	descriptions-next/api.github.com/api.github.com.yaml	census 6	enumeration.tsv.gz
oneof-discriminated-union	document	descriptions-next/api.github.com/dereferenced/api.github.com.2022-11-28.deref.json	census 18	enumeration.tsv.gz
oneof-discriminated-union	document	descriptions-next/api.github.com/dereferenced/api.github.com.2022-11-28.deref.yaml	census 18	enumeration.tsv.gz
oneof-discriminated-union	document	descriptions-next/api.github.com/dereferenced/api.github.com.2026-03-10.deref.json	census 18	enumeration.tsv.gz
oneof-discriminated-union	document	descriptions-next/api.github.com/dereferenced/api.github.com.2026-03-10.deref.yaml	census 18	enumeration.tsv.gz
oneof-discriminated-union	document	descriptions-next/api.github.com/dereferenced/api.github.com.deref.json	census 18	enumeration.tsv.gz
oneof-discriminated-union	document	descriptions-next/api.github.com/dereferenced/api.github.com.deref.yaml	census 18	enumeration.tsv.gz
oneof-discriminated-union	document	descriptions-next/ghec/dereferenced/ghec.2022-11-28.deref.json	census 43	enumeration.tsv.gz
oneof-discriminated-union	document	descriptions-next/ghec/dereferenced/ghec.2022-11-28.deref.yaml	census 43	enumeration.tsv.gz
oneof-discriminated-union	document	descriptions-next/ghec/dereferenced/ghec.2026-03-10.deref.json	census 43	enumeration.tsv.gz
oneof-discriminated-union	document	descriptions-next/ghec/dereferenced/ghec.2026-03-10.deref.yaml	census 43	enumeration.tsv.gz
oneof-discriminated-union	document	descriptions-next/ghec/dereferenced/ghec.deref.json	census 43	enumeration.tsv.gz
oneof-discriminated-union	document	descriptions-next/ghec/dereferenced/ghec.deref.yaml	census 43	enumeration.tsv.gz
oneof-discriminated-union	document	descriptions-next/ghec/ghec.2022-11-28.json	census 7	enumeration.tsv.gz
oneof-discriminated-union	document	descriptions-next/ghec/ghec.2022-11-28.yaml	census 7	enumeration.tsv.gz
oneof-discriminated-union	document	descriptions-next/ghec/ghec.2026-03-10.json	census 7	enumeration.tsv.gz
oneof-discriminated-union	document	descriptions-next/ghec/ghec.2026-03-10.yaml	census 7	enumeration.tsv.gz
oneof-discriminated-union	document	descriptions-next/ghec/ghec.json	census 7	enumeration.tsv.gz
oneof-discriminated-union	document	descriptions-next/ghec/ghec.yaml	census 7	enumeration.tsv.gz
oneof-discriminated-union	document	descriptions-next/ghes-3.10/ghes-3.10.2022-11-28.json	census 4	enumeration.tsv.gz
oneof-discriminated-union	document	descriptions-next/ghes-3.10/ghes-3.10.2022-11-28.yaml	census 4	enumeration.tsv.gz
oneof-discriminated-union	document	descriptions-next/ghes-3.10/ghes-3.10.json	census 4	enumeration.tsv.gz
oneof-discriminated-union	document	descriptions-next/ghes-3.10/ghes-3.10.yaml	census 4	enumeration.tsv.gz
oneof-discriminated-union	document	descriptions-next/ghes-3.11/dereferenced/ghes-3.11.2022-11-28.deref.json	census 18	enumeration.tsv.gz
oneof-discriminated-union	document	descriptions-next/ghes-3.11/dereferenced/ghes-3.11.2022-11-28.deref.yaml	census 18	enumeration.tsv.gz
oneof-discriminated-union	document	descriptions-next/ghes-3.11/dereferenced/ghes-3.11.deref.json	census 18	enumeration.tsv.gz
oneof-discriminated-union	document	descriptions-next/ghes-3.11/dereferenced/ghes-3.11.deref.yaml	census 18	enumeration.tsv.gz
oneof-discriminated-union	document	descriptions-next/ghes-3.11/ghes-3.11.2022-11-28.json	census 5	enumeration.tsv.gz
oneof-discriminated-union	document	descriptions-next/ghes-3.11/ghes-3.11.2022-11-28.yaml	census 5	enumeration.tsv.gz
oneof-discriminated-union	document	descriptions-next/ghes-3.11/ghes-3.11.json	census 5	enumeration.tsv.gz
oneof-discriminated-union	document	descriptions-next/ghes-3.11/ghes-3.11.yaml	census 5	enumeration.tsv.gz
oneof-discriminated-union	document	descriptions-next/ghes-3.12/dereferenced/ghes-3.12.2022-11-28.deref.json	census 18	enumeration.tsv.gz
oneof-discriminated-union	document	descriptions-next/ghes-3.12/dereferenced/ghes-3.12.2022-11-28.deref.yaml	census 18	enumeration.tsv.gz
oneof-discriminated-union	document	descriptions-next/ghes-3.12/dereferenced/ghes-3.12.deref.json	census 18	enumeration.tsv.gz
oneof-discriminated-union	document	descriptions-next/ghes-3.12/dereferenced/ghes-3.12.deref.yaml	census 18	enumeration.tsv.gz
oneof-discriminated-union	document	descriptions-next/ghes-3.12/ghes-3.12.2022-11-28.json	census 5	enumeration.tsv.gz
oneof-discriminated-union	document	descriptions-next/ghes-3.12/ghes-3.12.2022-11-28.yaml	census 5	enumeration.tsv.gz
oneof-discriminated-union	document	descriptions-next/ghes-3.12/ghes-3.12.json	census 5	enumeration.tsv.gz
oneof-discriminated-union	document	descriptions-next/ghes-3.12/ghes-3.12.yaml	census 5	enumeration.tsv.gz
oneof-discriminated-union	document	descriptions-next/ghes-3.13/dereferenced/ghes-3.13.2022-11-28.deref.json	census 18	enumeration.tsv.gz
oneof-discriminated-union	document	descriptions-next/ghes-3.13/dereferenced/ghes-3.13.2022-11-28.deref.yaml	census 18	enumeration.tsv.gz
oneof-discriminated-union	document	descriptions-next/ghes-3.13/dereferenced/ghes-3.13.deref.json	census 18	enumeration.tsv.gz
oneof-discriminated-union	document	descriptions-next/ghes-3.13/dereferenced/ghes-3.13.deref.yaml	census 18	enumeration.tsv.gz
oneof-discriminated-union	document	descriptions-next/ghes-3.13/ghes-3.13.2022-11-28.json	census 6	enumeration.tsv.gz
oneof-discriminated-union	document	descriptions-next/ghes-3.13/ghes-3.13.2022-11-28.yaml	census 6	enumeration.tsv.gz
oneof-discriminated-union	document	descriptions-next/ghes-3.13/ghes-3.13.json	census 6	enumeration.tsv.gz
oneof-discriminated-union	document	descriptions-next/ghes-3.13/ghes-3.13.yaml	census 6	enumeration.tsv.gz
oneof-discriminated-union	document	descriptions-next/ghes-3.14/dereferenced/ghes-3.14.2022-11-28.deref.json	census 23	enumeration.tsv.gz
oneof-discriminated-union	document	descriptions-next/ghes-3.14/dereferenced/ghes-3.14.2022-11-28.deref.yaml	census 23	enumeration.tsv.gz
oneof-discriminated-union	document	descriptions-next/ghes-3.14/dereferenced/ghes-3.14.deref.json	census 23	enumeration.tsv.gz
oneof-discriminated-union	document	descriptions-next/ghes-3.14/dereferenced/ghes-3.14.deref.yaml	census 23	enumeration.tsv.gz
oneof-discriminated-union	document	descriptions-next/ghes-3.14/ghes-3.14.2022-11-28.json	census 6	enumeration.tsv.gz
oneof-discriminated-union	document	descriptions-next/ghes-3.14/ghes-3.14.2022-11-28.yaml	census 6	enumeration.tsv.gz
oneof-discriminated-union	document	descriptions-next/ghes-3.14/ghes-3.14.json	census 6	enumeration.tsv.gz
oneof-discriminated-union	document	descriptions-next/ghes-3.14/ghes-3.14.yaml	census 6	enumeration.tsv.gz
oneof-discriminated-union	document	descriptions-next/ghes-3.15/dereferenced/ghes-3.15.2022-11-28.deref.json	census 23	enumeration.tsv.gz
oneof-discriminated-union	document	descriptions-next/ghes-3.15/dereferenced/ghes-3.15.2022-11-28.deref.yaml	census 23	enumeration.tsv.gz
oneof-discriminated-union	document	descriptions-next/ghes-3.15/dereferenced/ghes-3.15.deref.json	census 23	enumeration.tsv.gz
oneof-discriminated-union	document	descriptions-next/ghes-3.15/dereferenced/ghes-3.15.deref.yaml	census 23	enumeration.tsv.gz
oneof-discriminated-union	document	descriptions-next/ghes-3.15/ghes-3.15.2022-11-28.json	census 6	enumeration.tsv.gz
oneof-discriminated-union	document	descriptions-next/ghes-3.15/ghes-3.15.2022-11-28.yaml	census 6	enumeration.tsv.gz
oneof-discriminated-union	document	descriptions-next/ghes-3.15/ghes-3.15.json	census 6	enumeration.tsv.gz
oneof-discriminated-union	document	descriptions-next/ghes-3.15/ghes-3.15.yaml	census 6	enumeration.tsv.gz
oneof-discriminated-union	document	descriptions-next/ghes-3.16/dereferenced/ghes-3.16.2022-11-28.deref.json	census 28	enumeration.tsv.gz
oneof-discriminated-union	document	descriptions-next/ghes-3.16/dereferenced/ghes-3.16.2022-11-28.deref.yaml	census 28	enumeration.tsv.gz
oneof-discriminated-union	document	descriptions-next/ghes-3.16/dereferenced/ghes-3.16.deref.json	census 28	enumeration.tsv.gz
oneof-discriminated-union	document	descriptions-next/ghes-3.16/dereferenced/ghes-3.16.deref.yaml	census 28	enumeration.tsv.gz
oneof-discriminated-union	document	descriptions-next/ghes-3.16/ghes-3.16.2022-11-28.json	census 6	enumeration.tsv.gz
oneof-discriminated-union	document	descriptions-next/ghes-3.16/ghes-3.16.2022-11-28.yaml	census 6	enumeration.tsv.gz
oneof-discriminated-union	document	descriptions-next/ghes-3.16/ghes-3.16.json	census 6	enumeration.tsv.gz
oneof-discriminated-union	document	descriptions-next/ghes-3.16/ghes-3.16.yaml	census 6	enumeration.tsv.gz
oneof-discriminated-union	document	descriptions-next/ghes-3.17/dereferenced/ghes-3.17.2022-11-28.deref.json	census 38	enumeration.tsv.gz
oneof-discriminated-union	document	descriptions-next/ghes-3.17/dereferenced/ghes-3.17.2022-11-28.deref.yaml	census 38	enumeration.tsv.gz
oneof-discriminated-union	document	descriptions-next/ghes-3.17/dereferenced/ghes-3.17.deref.json	census 38	enumeration.tsv.gz
oneof-discriminated-union	document	descriptions-next/ghes-3.17/dereferenced/ghes-3.17.deref.yaml	census 38	enumeration.tsv.gz
oneof-discriminated-union	document	descriptions-next/ghes-3.17/ghes-3.17.2022-11-28.json	census 6	enumeration.tsv.gz
oneof-discriminated-union	document	descriptions-next/ghes-3.17/ghes-3.17.2022-11-28.yaml	census 6	enumeration.tsv.gz
oneof-discriminated-union	document	descriptions-next/ghes-3.17/ghes-3.17.json	census 6	enumeration.tsv.gz
oneof-discriminated-union	document	descriptions-next/ghes-3.17/ghes-3.17.yaml	census 6	enumeration.tsv.gz
oneof-discriminated-union	document	descriptions-next/ghes-3.18/dereferenced/ghes-3.18.2022-11-28.deref.json	census 38	enumeration.tsv.gz
oneof-discriminated-union	document	descriptions-next/ghes-3.18/dereferenced/ghes-3.18.2022-11-28.deref.yaml	census 38	enumeration.tsv.gz
oneof-discriminated-union	document	descriptions-next/ghes-3.18/dereferenced/ghes-3.18.deref.json	census 38	enumeration.tsv.gz
oneof-discriminated-union	document	descriptions-next/ghes-3.18/dereferenced/ghes-3.18.deref.yaml	census 38	enumeration.tsv.gz
oneof-discriminated-union	document	descriptions-next/ghes-3.18/ghes-3.18.2022-11-28.json	census 6	enumeration.tsv.gz
oneof-discriminated-union	document	descriptions-next/ghes-3.18/ghes-3.18.2022-11-28.yaml	census 6	enumeration.tsv.gz
oneof-discriminated-union	document	descriptions-next/ghes-3.18/ghes-3.18.json	census 6	enumeration.tsv.gz
oneof-discriminated-union	document	descriptions-next/ghes-3.18/ghes-3.18.yaml	census 6	enumeration.tsv.gz
oneof-discriminated-union	document	descriptions-next/ghes-3.19/dereferenced/ghes-3.19.2022-11-28.deref.json	census 38	enumeration.tsv.gz
oneof-discriminated-union	document	descriptions-next/ghes-3.19/dereferenced/ghes-3.19.2022-11-28.deref.yaml	census 38	enumeration.tsv.gz
oneof-discriminated-union	document	descriptions-next/ghes-3.19/dereferenced/ghes-3.19.deref.json	census 38	enumeration.tsv.gz
oneof-discriminated-union	document	descriptions-next/ghes-3.19/dereferenced/ghes-3.19.deref.yaml	census 38	enumeration.tsv.gz
oneof-discriminated-union	document	descriptions-next/ghes-3.19/ghes-3.19.2022-11-28.json	census 6	enumeration.tsv.gz
oneof-discriminated-union	document	descriptions-next/ghes-3.19/ghes-3.19.2022-11-28.yaml	census 6	enumeration.tsv.gz
oneof-discriminated-union	document	descriptions-next/ghes-3.19/ghes-3.19.json	census 6	enumeration.tsv.gz
oneof-discriminated-union	document	descriptions-next/ghes-3.19/ghes-3.19.yaml	census 6	enumeration.tsv.gz
oneof-discriminated-union	document	descriptions-next/ghes-3.20/dereferenced/ghes-3.20.2022-11-28.deref.json	census 38	enumeration.tsv.gz
oneof-discriminated-union	document	descriptions-next/ghes-3.20/dereferenced/ghes-3.20.2022-11-28.deref.yaml	census 38	enumeration.tsv.gz
oneof-discriminated-union	document	descriptions-next/ghes-3.20/dereferenced/ghes-3.20.deref.json	census 38	enumeration.tsv.gz
oneof-discriminated-union	document	descriptions-next/ghes-3.20/dereferenced/ghes-3.20.deref.yaml	census 38	enumeration.tsv.gz
oneof-discriminated-union	document	descriptions-next/ghes-3.20/ghes-3.20.2022-11-28.json	census 6	enumeration.tsv.gz
oneof-discriminated-union	document	descriptions-next/ghes-3.20/ghes-3.20.2022-11-28.yaml	census 6	enumeration.tsv.gz
oneof-discriminated-union	document	descriptions-next/ghes-3.20/ghes-3.20.json	census 6	enumeration.tsv.gz
oneof-discriminated-union	document	descriptions-next/ghes-3.20/ghes-3.20.yaml	census 6	enumeration.tsv.gz
oneof-discriminated-union	document	descriptions-next/ghes-3.21/dereferenced/ghes-3.21.2022-11-28.deref.json	census 38	enumeration.tsv.gz
oneof-discriminated-union	document	descriptions-next/ghes-3.21/dereferenced/ghes-3.21.2022-11-28.deref.yaml	census 38	enumeration.tsv.gz
oneof-discriminated-union	document	descriptions-next/ghes-3.21/dereferenced/ghes-3.21.2026-03-10.deref.json	census 38	enumeration.tsv.gz
oneof-discriminated-union	document	descriptions-next/ghes-3.21/dereferenced/ghes-3.21.2026-03-10.deref.yaml	census 38	enumeration.tsv.gz
oneof-discriminated-union	document	descriptions-next/ghes-3.21/dereferenced/ghes-3.21.deref.json	census 38	enumeration.tsv.gz
oneof-discriminated-union	document	descriptions-next/ghes-3.21/dereferenced/ghes-3.21.deref.yaml	census 38	enumeration.tsv.gz
oneof-discriminated-union	document	descriptions-next/ghes-3.21/ghes-3.21.2022-11-28.json	census 6	enumeration.tsv.gz
oneof-discriminated-union	document	descriptions-next/ghes-3.21/ghes-3.21.2022-11-28.yaml	census 6	enumeration.tsv.gz
oneof-discriminated-union	document	descriptions-next/ghes-3.21/ghes-3.21.2026-03-10.json	census 6	enumeration.tsv.gz
oneof-discriminated-union	document	descriptions-next/ghes-3.21/ghes-3.21.2026-03-10.yaml	census 6	enumeration.tsv.gz
oneof-discriminated-union	document	descriptions-next/ghes-3.21/ghes-3.21.json	census 6	enumeration.tsv.gz
oneof-discriminated-union	document	descriptions-next/ghes-3.21/ghes-3.21.yaml	census 6	enumeration.tsv.gz
oneof-discriminated-union	document	descriptions-next/ghes-3.22/dereferenced/ghes-3.22.2022-11-28.deref.json	census 38	enumeration.tsv.gz
oneof-discriminated-union	document	descriptions-next/ghes-3.22/dereferenced/ghes-3.22.2022-11-28.deref.yaml	census 38	enumeration.tsv.gz
oneof-discriminated-union	document	descriptions-next/ghes-3.22/dereferenced/ghes-3.22.2026-03-10.deref.json	census 38	enumeration.tsv.gz
oneof-discriminated-union	document	descriptions-next/ghes-3.22/dereferenced/ghes-3.22.2026-03-10.deref.yaml	census 38	enumeration.tsv.gz
oneof-discriminated-union	document	descriptions-next/ghes-3.22/dereferenced/ghes-3.22.deref.json	census 38	enumeration.tsv.gz
oneof-discriminated-union	document	descriptions-next/ghes-3.22/dereferenced/ghes-3.22.deref.yaml	census 38	enumeration.tsv.gz
oneof-discriminated-union	document	descriptions-next/ghes-3.22/ghes-3.22.2022-11-28.json	census 6	enumeration.tsv.gz
oneof-discriminated-union	document	descriptions-next/ghes-3.22/ghes-3.22.2022-11-28.yaml	census 6	enumeration.tsv.gz
oneof-discriminated-union	document	descriptions-next/ghes-3.22/ghes-3.22.2026-03-10.json	census 6	enumeration.tsv.gz
oneof-discriminated-union	document	descriptions-next/ghes-3.22/ghes-3.22.2026-03-10.yaml	census 6	enumeration.tsv.gz
oneof-discriminated-union	document	descriptions-next/ghes-3.22/ghes-3.22.json	census 6	enumeration.tsv.gz
oneof-discriminated-union	document	descriptions-next/ghes-3.22/ghes-3.22.yaml	census 6	enumeration.tsv.gz
oneof-discriminated-union	document	descriptions/api.github.com/api.github.com.2022-11-28.json	census 6	enumeration.tsv.gz
oneof-discriminated-union	document	descriptions/api.github.com/api.github.com.2022-11-28.yaml	census 6	enumeration.tsv.gz
oneof-discriminated-union	document	descriptions/api.github.com/api.github.com.2026-03-10.json	census 6	enumeration.tsv.gz
oneof-discriminated-union	document	descriptions/api.github.com/api.github.com.2026-03-10.yaml	census 6	enumeration.tsv.gz
oneof-discriminated-union	document	descriptions/api.github.com/api.github.com.json	census 6	enumeration.tsv.gz
oneof-discriminated-union	document	descriptions/api.github.com/api.github.com.yaml	census 6	enumeration.tsv.gz
oneof-discriminated-union	document	descriptions/api.github.com/dereferenced/api.github.com.2022-11-28.deref.json	census 12	enumeration.tsv.gz
oneof-discriminated-union	document	descriptions/api.github.com/dereferenced/api.github.com.2022-11-28.deref.yaml	census 12	enumeration.tsv.gz
oneof-discriminated-union	document	descriptions/api.github.com/dereferenced/api.github.com.2026-03-10.deref.json	census 12	enumeration.tsv.gz
oneof-discriminated-union	document	descriptions/api.github.com/dereferenced/api.github.com.2026-03-10.deref.yaml	census 12	enumeration.tsv.gz
oneof-discriminated-union	document	descriptions/api.github.com/dereferenced/api.github.com.deref.json	census 12	enumeration.tsv.gz
oneof-discriminated-union	document	descriptions/api.github.com/dereferenced/api.github.com.deref.yaml	census 12	enumeration.tsv.gz
oneof-discriminated-union	document	descriptions/ghec/dereferenced/ghec.2022-11-28.deref.json	census 17	enumeration.tsv.gz
oneof-discriminated-union	document	descriptions/ghec/dereferenced/ghec.2022-11-28.deref.yaml	census 17	enumeration.tsv.gz
oneof-discriminated-union	document	descriptions/ghec/dereferenced/ghec.2026-03-10.deref.json	census 17	enumeration.tsv.gz
oneof-discriminated-union	document	descriptions/ghec/dereferenced/ghec.2026-03-10.deref.yaml	census 17	enumeration.tsv.gz
oneof-discriminated-union	document	descriptions/ghec/dereferenced/ghec.deref.json	census 17	enumeration.tsv.gz
oneof-discriminated-union	document	descriptions/ghec/dereferenced/ghec.deref.yaml	census 17	enumeration.tsv.gz
oneof-discriminated-union	document	descriptions/ghec/ghec.2022-11-28.json	census 7	enumeration.tsv.gz
oneof-discriminated-union	document	descriptions/ghec/ghec.2022-11-28.yaml	census 7	enumeration.tsv.gz
oneof-discriminated-union	document	descriptions/ghec/ghec.2026-03-10.json	census 7	enumeration.tsv.gz
oneof-discriminated-union	document	descriptions/ghec/ghec.2026-03-10.yaml	census 7	enumeration.tsv.gz
oneof-discriminated-union	document	descriptions/ghec/ghec.json	census 7	enumeration.tsv.gz
oneof-discriminated-union	document	descriptions/ghec/ghec.yaml	census 7	enumeration.tsv.gz
oneof-discriminated-union	document	descriptions/ghes-3.10/ghes-3.10.2022-11-28.json	census 4	enumeration.tsv.gz
oneof-discriminated-union	document	descriptions/ghes-3.10/ghes-3.10.2022-11-28.yaml	census 4	enumeration.tsv.gz
oneof-discriminated-union	document	descriptions/ghes-3.10/ghes-3.10.json	census 4	enumeration.tsv.gz
oneof-discriminated-union	document	descriptions/ghes-3.10/ghes-3.10.yaml	census 4	enumeration.tsv.gz
oneof-discriminated-union	document	descriptions/ghes-3.11/dereferenced/ghes-3.11.2022-11-28.deref.json	census 12	enumeration.tsv.gz
oneof-discriminated-union	document	descriptions/ghes-3.11/dereferenced/ghes-3.11.2022-11-28.deref.yaml	census 12	enumeration.tsv.gz
oneof-discriminated-union	document	descriptions/ghes-3.11/dereferenced/ghes-3.11.deref.json	census 12	enumeration.tsv.gz
oneof-discriminated-union	document	descriptions/ghes-3.11/dereferenced/ghes-3.11.deref.yaml	census 12	enumeration.tsv.gz
oneof-discriminated-union	document	descriptions/ghes-3.11/ghes-3.11.2022-11-28.json	census 5	enumeration.tsv.gz
oneof-discriminated-union	document	descriptions/ghes-3.11/ghes-3.11.2022-11-28.yaml	census 5	enumeration.tsv.gz
oneof-discriminated-union	document	descriptions/ghes-3.11/ghes-3.11.json	census 5	enumeration.tsv.gz
oneof-discriminated-union	document	descriptions/ghes-3.11/ghes-3.11.yaml	census 5	enumeration.tsv.gz
oneof-discriminated-union	document	descriptions/ghes-3.12/dereferenced/ghes-3.12.2022-11-28.deref.json	census 12	enumeration.tsv.gz
oneof-discriminated-union	document	descriptions/ghes-3.12/dereferenced/ghes-3.12.2022-11-28.deref.yaml	census 12	enumeration.tsv.gz
oneof-discriminated-union	document	descriptions/ghes-3.12/dereferenced/ghes-3.12.deref.json	census 12	enumeration.tsv.gz
oneof-discriminated-union	document	descriptions/ghes-3.12/dereferenced/ghes-3.12.deref.yaml	census 12	enumeration.tsv.gz
oneof-discriminated-union	document	descriptions/ghes-3.12/ghes-3.12.2022-11-28.json	census 5	enumeration.tsv.gz
oneof-discriminated-union	document	descriptions/ghes-3.12/ghes-3.12.2022-11-28.yaml	census 5	enumeration.tsv.gz
oneof-discriminated-union	document	descriptions/ghes-3.12/ghes-3.12.json	census 5	enumeration.tsv.gz
oneof-discriminated-union	document	descriptions/ghes-3.12/ghes-3.12.yaml	census 5	enumeration.tsv.gz
oneof-discriminated-union	document	descriptions/ghes-3.13/dereferenced/ghes-3.13.2022-11-28.deref.json	census 12	enumeration.tsv.gz
oneof-discriminated-union	document	descriptions/ghes-3.13/dereferenced/ghes-3.13.2022-11-28.deref.yaml	census 12	enumeration.tsv.gz
oneof-discriminated-union	document	descriptions/ghes-3.13/dereferenced/ghes-3.13.deref.json	census 12	enumeration.tsv.gz
oneof-discriminated-union	document	descriptions/ghes-3.13/dereferenced/ghes-3.13.deref.yaml	census 12	enumeration.tsv.gz
oneof-discriminated-union	document	descriptions/ghes-3.13/ghes-3.13.2022-11-28.json	census 6	enumeration.tsv.gz
oneof-discriminated-union	document	descriptions/ghes-3.13/ghes-3.13.2022-11-28.yaml	census 6	enumeration.tsv.gz
oneof-discriminated-union	document	descriptions/ghes-3.13/ghes-3.13.json	census 6	enumeration.tsv.gz
oneof-discriminated-union	document	descriptions/ghes-3.13/ghes-3.13.yaml	census 6	enumeration.tsv.gz
oneof-discriminated-union	document	descriptions/ghes-3.14/dereferenced/ghes-3.14.2022-11-28.deref.json	census 12	enumeration.tsv.gz
oneof-discriminated-union	document	descriptions/ghes-3.14/dereferenced/ghes-3.14.2022-11-28.deref.yaml	census 12	enumeration.tsv.gz
oneof-discriminated-union	document	descriptions/ghes-3.14/dereferenced/ghes-3.14.deref.json	census 12	enumeration.tsv.gz
oneof-discriminated-union	document	descriptions/ghes-3.14/dereferenced/ghes-3.14.deref.yaml	census 12	enumeration.tsv.gz
oneof-discriminated-union	document	descriptions/ghes-3.14/ghes-3.14.2022-11-28.json	census 6	enumeration.tsv.gz
oneof-discriminated-union	document	descriptions/ghes-3.14/ghes-3.14.2022-11-28.yaml	census 6	enumeration.tsv.gz
oneof-discriminated-union	document	descriptions/ghes-3.14/ghes-3.14.json	census 6	enumeration.tsv.gz
oneof-discriminated-union	document	descriptions/ghes-3.14/ghes-3.14.yaml	census 6	enumeration.tsv.gz
oneof-discriminated-union	document	descriptions/ghes-3.15/dereferenced/ghes-3.15.2022-11-28.deref.json	census 12	enumeration.tsv.gz
oneof-discriminated-union	document	descriptions/ghes-3.15/dereferenced/ghes-3.15.2022-11-28.deref.yaml	census 12	enumeration.tsv.gz
oneof-discriminated-union	document	descriptions/ghes-3.15/dereferenced/ghes-3.15.deref.json	census 12	enumeration.tsv.gz
oneof-discriminated-union	document	descriptions/ghes-3.15/dereferenced/ghes-3.15.deref.yaml	census 12	enumeration.tsv.gz
oneof-discriminated-union	document	descriptions/ghes-3.15/ghes-3.15.2022-11-28.json	census 6	enumeration.tsv.gz
oneof-discriminated-union	document	descriptions/ghes-3.15/ghes-3.15.2022-11-28.yaml	census 6	enumeration.tsv.gz
oneof-discriminated-union	document	descriptions/ghes-3.15/ghes-3.15.json	census 6	enumeration.tsv.gz
oneof-discriminated-union	document	descriptions/ghes-3.15/ghes-3.15.yaml	census 6	enumeration.tsv.gz
oneof-discriminated-union	document	descriptions/ghes-3.16/dereferenced/ghes-3.16.2022-11-28.deref.json	census 12	enumeration.tsv.gz
oneof-discriminated-union	document	descriptions/ghes-3.16/dereferenced/ghes-3.16.2022-11-28.deref.yaml	census 12	enumeration.tsv.gz
oneof-discriminated-union	document	descriptions/ghes-3.16/dereferenced/ghes-3.16.deref.json	census 12	enumeration.tsv.gz
oneof-discriminated-union	document	descriptions/ghes-3.16/dereferenced/ghes-3.16.deref.yaml	census 12	enumeration.tsv.gz
oneof-discriminated-union	document	descriptions/ghes-3.16/ghes-3.16.2022-11-28.json	census 6	enumeration.tsv.gz
oneof-discriminated-union	document	descriptions/ghes-3.16/ghes-3.16.2022-11-28.yaml	census 6	enumeration.tsv.gz
oneof-discriminated-union	document	descriptions/ghes-3.16/ghes-3.16.json	census 6	enumeration.tsv.gz
oneof-discriminated-union	document	descriptions/ghes-3.16/ghes-3.16.yaml	census 6	enumeration.tsv.gz
oneof-discriminated-union	document	descriptions/ghes-3.17/dereferenced/ghes-3.17.2022-11-28.deref.json	census 12	enumeration.tsv.gz
oneof-discriminated-union	document	descriptions/ghes-3.17/dereferenced/ghes-3.17.2022-11-28.deref.yaml	census 12	enumeration.tsv.gz
oneof-discriminated-union	document	descriptions/ghes-3.17/dereferenced/ghes-3.17.deref.json	census 12	enumeration.tsv.gz
oneof-discriminated-union	document	descriptions/ghes-3.17/dereferenced/ghes-3.17.deref.yaml	census 12	enumeration.tsv.gz
oneof-discriminated-union	document	descriptions/ghes-3.17/ghes-3.17.2022-11-28.json	census 6	enumeration.tsv.gz
oneof-discriminated-union	document	descriptions/ghes-3.17/ghes-3.17.2022-11-28.yaml	census 6	enumeration.tsv.gz
oneof-discriminated-union	document	descriptions/ghes-3.17/ghes-3.17.json	census 6	enumeration.tsv.gz
oneof-discriminated-union	document	descriptions/ghes-3.17/ghes-3.17.yaml	census 6	enumeration.tsv.gz
oneof-discriminated-union	document	descriptions/ghes-3.18/dereferenced/ghes-3.18.2022-11-28.deref.json	census 12	enumeration.tsv.gz
oneof-discriminated-union	document	descriptions/ghes-3.18/dereferenced/ghes-3.18.2022-11-28.deref.yaml	census 12	enumeration.tsv.gz
oneof-discriminated-union	document	descriptions/ghes-3.18/dereferenced/ghes-3.18.deref.json	census 12	enumeration.tsv.gz
oneof-discriminated-union	document	descriptions/ghes-3.18/dereferenced/ghes-3.18.deref.yaml	census 12	enumeration.tsv.gz
oneof-discriminated-union	document	descriptions/ghes-3.18/ghes-3.18.2022-11-28.json	census 6	enumeration.tsv.gz
oneof-discriminated-union	document	descriptions/ghes-3.18/ghes-3.18.2022-11-28.yaml	census 6	enumeration.tsv.gz
oneof-discriminated-union	document	descriptions/ghes-3.18/ghes-3.18.json	census 6	enumeration.tsv.gz
oneof-discriminated-union	document	descriptions/ghes-3.18/ghes-3.18.yaml	census 6	enumeration.tsv.gz
oneof-discriminated-union	document	descriptions/ghes-3.19/dereferenced/ghes-3.19.2022-11-28.deref.json	census 12	enumeration.tsv.gz
oneof-discriminated-union	document	descriptions/ghes-3.19/dereferenced/ghes-3.19.2022-11-28.deref.yaml	census 12	enumeration.tsv.gz
oneof-discriminated-union	document	descriptions/ghes-3.19/dereferenced/ghes-3.19.deref.json	census 12	enumeration.tsv.gz
oneof-discriminated-union	document	descriptions/ghes-3.19/dereferenced/ghes-3.19.deref.yaml	census 12	enumeration.tsv.gz
oneof-discriminated-union	document	descriptions/ghes-3.19/ghes-3.19.2022-11-28.json	census 6	enumeration.tsv.gz
oneof-discriminated-union	document	descriptions/ghes-3.19/ghes-3.19.2022-11-28.yaml	census 6	enumeration.tsv.gz
oneof-discriminated-union	document	descriptions/ghes-3.19/ghes-3.19.json	census 6	enumeration.tsv.gz
oneof-discriminated-union	document	descriptions/ghes-3.19/ghes-3.19.yaml	census 6	enumeration.tsv.gz
oneof-discriminated-union	document	descriptions/ghes-3.20/dereferenced/ghes-3.20.2022-11-28.deref.json	census 12	enumeration.tsv.gz
oneof-discriminated-union	document	descriptions/ghes-3.20/dereferenced/ghes-3.20.2022-11-28.deref.yaml	census 12	enumeration.tsv.gz
oneof-discriminated-union	document	descriptions/ghes-3.20/dereferenced/ghes-3.20.deref.json	census 12	enumeration.tsv.gz
oneof-discriminated-union	document	descriptions/ghes-3.20/dereferenced/ghes-3.20.deref.yaml	census 12	enumeration.tsv.gz
oneof-discriminated-union	document	descriptions/ghes-3.20/ghes-3.20.2022-11-28.json	census 6	enumeration.tsv.gz
oneof-discriminated-union	document	descriptions/ghes-3.20/ghes-3.20.2022-11-28.yaml	census 6	enumeration.tsv.gz
oneof-discriminated-union	document	descriptions/ghes-3.20/ghes-3.20.json	census 6	enumeration.tsv.gz
oneof-discriminated-union	document	descriptions/ghes-3.20/ghes-3.20.yaml	census 6	enumeration.tsv.gz
oneof-discriminated-union	document	descriptions/ghes-3.21/dereferenced/ghes-3.21.2022-11-28.deref.json	census 12	enumeration.tsv.gz
oneof-discriminated-union	document	descriptions/ghes-3.21/dereferenced/ghes-3.21.2022-11-28.deref.yaml	census 12	enumeration.tsv.gz
oneof-discriminated-union	document	descriptions/ghes-3.21/dereferenced/ghes-3.21.2026-03-10.deref.json	census 12	enumeration.tsv.gz
oneof-discriminated-union	document	descriptions/ghes-3.21/dereferenced/ghes-3.21.2026-03-10.deref.yaml	census 12	enumeration.tsv.gz
oneof-discriminated-union	document	descriptions/ghes-3.21/dereferenced/ghes-3.21.deref.json	census 12	enumeration.tsv.gz
oneof-discriminated-union	document	descriptions/ghes-3.21/dereferenced/ghes-3.21.deref.yaml	census 12	enumeration.tsv.gz
oneof-discriminated-union	document	descriptions/ghes-3.21/ghes-3.21.2022-11-28.json	census 6	enumeration.tsv.gz
oneof-discriminated-union	document	descriptions/ghes-3.21/ghes-3.21.2022-11-28.yaml	census 6	enumeration.tsv.gz
oneof-discriminated-union	document	descriptions/ghes-3.21/ghes-3.21.2026-03-10.json	census 6	enumeration.tsv.gz
oneof-discriminated-union	document	descriptions/ghes-3.21/ghes-3.21.2026-03-10.yaml	census 6	enumeration.tsv.gz
oneof-discriminated-union	document	descriptions/ghes-3.21/ghes-3.21.json	census 6	enumeration.tsv.gz
oneof-discriminated-union	document	descriptions/ghes-3.21/ghes-3.21.yaml	census 6	enumeration.tsv.gz
oneof-discriminated-union	document	descriptions/ghes-3.22/dereferenced/ghes-3.22.2022-11-28.deref.json	census 12	enumeration.tsv.gz
oneof-discriminated-union	document	descriptions/ghes-3.22/dereferenced/ghes-3.22.2022-11-28.deref.yaml	census 12	enumeration.tsv.gz
oneof-discriminated-union	document	descriptions/ghes-3.22/dereferenced/ghes-3.22.2026-03-10.deref.json	census 12	enumeration.tsv.gz
oneof-discriminated-union	document	descriptions/ghes-3.22/dereferenced/ghes-3.22.2026-03-10.deref.yaml	census 12	enumeration.tsv.gz
oneof-discriminated-union	document	descriptions/ghes-3.22/dereferenced/ghes-3.22.deref.json	census 12	enumeration.tsv.gz
oneof-discriminated-union	document	descriptions/ghes-3.22/dereferenced/ghes-3.22.deref.yaml	census 12	enumeration.tsv.gz
oneof-discriminated-union	document	descriptions/ghes-3.22/ghes-3.22.2022-11-28.json	census 6	enumeration.tsv.gz
oneof-discriminated-union	document	descriptions/ghes-3.22/ghes-3.22.2022-11-28.yaml	census 6	enumeration.tsv.gz
oneof-discriminated-union	document	descriptions/ghes-3.22/ghes-3.22.2026-03-10.json	census 6	enumeration.tsv.gz
oneof-discriminated-union	document	descriptions/ghes-3.22/ghes-3.22.2026-03-10.yaml	census 6	enumeration.tsv.gz
oneof-discriminated-union	document	descriptions/ghes-3.22/ghes-3.22.json	census 6	enumeration.tsv.gz
oneof-discriminated-union	document	descriptions/ghes-3.22/ghes-3.22.yaml	census 6	enumeration.tsv.gz
oneof-discriminated-union	document	docs/openapi.json	census 19	enumeration.tsv.gz
oneof-discriminated-union	document	docs/openapi.yaml	census 4	enumeration.tsv.gz
oneof-discriminated-union	document	docs/public/apostrophecms-openapi.yaml	census 1	enumeration.tsv.gz
oneof-discriminated-union	document	integrations/erp/api/openapi.json	census 1	enumeration.tsv.gz
oneof-discriminated-union	document	json/BalancePlatformConfigurationNotification-v1.json	census 2	enumeration.tsv.gz
oneof-discriminated-union	document	json/BalancePlatformConfigurationNotification-v2.json	census 2	enumeration.tsv.gz
oneof-discriminated-union	document	json/BalancePlatformRelayedAuthorisationNotification-v1.json	census 1	enumeration.tsv.gz
oneof-discriminated-union	document	json/BalancePlatformRelayedAuthorisationNotification-v2.json	census 1	enumeration.tsv.gz
oneof-discriminated-union	document	json/BalancePlatformRelayedAuthorisationNotification-v4.json	census 1	enumeration.tsv.gz
oneof-discriminated-union	document	json/BalancePlatformService-v1.json	census 3	enumeration.tsv.gz
oneof-discriminated-union	document	json/BalancePlatformService-v2.json	census 5	enumeration.tsv.gz
oneof-discriminated-union	document	json/BalancePlatformTransactionNotification-v4.json	census 1	enumeration.tsv.gz
oneof-discriminated-union	document	json/BalancePlatformTransferNotification-v3.json	census 3	enumeration.tsv.gz
oneof-discriminated-union	document	json/BalancePlatformTransferNotification-v4.json	census 7	enumeration.tsv.gz
oneof-discriminated-union	document	json/CheckoutService-v40.json	census 2	enumeration.tsv.gz
oneof-discriminated-union	document	json/CheckoutService-v41.json	census 2	enumeration.tsv.gz
oneof-discriminated-union	document	json/CheckoutService-v46.json	census 2	enumeration.tsv.gz
oneof-discriminated-union	document	json/CheckoutService-v49.json	census 4	enumeration.tsv.gz
oneof-discriminated-union	document	json/CheckoutService-v50.json	census 4	enumeration.tsv.gz
oneof-discriminated-union	document	json/CheckoutService-v51.json	census 4	enumeration.tsv.gz
oneof-discriminated-union	document	json/CheckoutService-v52.json	census 4	enumeration.tsv.gz
oneof-discriminated-union	document	json/CheckoutService-v53.json	census 4	enumeration.tsv.gz
oneof-discriminated-union	document	json/CheckoutService-v64.json	census 4	enumeration.tsv.gz
oneof-discriminated-union	document	json/CheckoutService-v65.json	census 4	enumeration.tsv.gz
oneof-discriminated-union	document	json/CheckoutService-v66.json	census 4	enumeration.tsv.gz
oneof-discriminated-union	document	json/CheckoutService-v67.json	census 4	enumeration.tsv.gz
oneof-discriminated-union	document	json/CheckoutService-v68.json	census 4	enumeration.tsv.gz
oneof-discriminated-union	document	json/CheckoutService-v69.json	census 4	enumeration.tsv.gz
oneof-discriminated-union	document	json/CheckoutService-v70.json	census 4	enumeration.tsv.gz
oneof-discriminated-union	document	json/CheckoutService-v71.json	census 4	enumeration.tsv.gz
oneof-discriminated-union	document	json/CheckoutService-v72.json	census 4	enumeration.tsv.gz
oneof-discriminated-union	document	json/ManagementService-v1.json	census 2	enumeration.tsv.gz
oneof-discriminated-union	document	json/ManagementService-v3.json	census 2	enumeration.tsv.gz
oneof-discriminated-union	document	json/TransferService-v3.json	census 1	enumeration.tsv.gz
oneof-discriminated-union	document	json/TransferService-v4.json	census 9	enumeration.tsv.gz
oneof-discriminated-union	document	openapi-specs/cspm/Alerts.json	census 1	enumeration.tsv.gz
oneof-discriminated-union	document	openapi-specs/cspm/AssetExplorer.json	census 1	enumeration.tsv.gz
oneof-discriminated-union	document	openapi-specs/cspm/AssetInventory.json	census 1	enumeration.tsv.gz
oneof-discriminated-union	document	openapi-specs/cspm/CompliancePosture.json	census 1	enumeration.tsv.gz
oneof-discriminated-union	document	openapi-specs/cspm/DataSecurityDashboard.json	census 1	enumeration.tsv.gz
oneof-discriminated-union	document	openapi-specs/cspm/DataSecurityInventory.json	census 1	enumeration.tsv.gz
oneof-discriminated-union	document	openapi-specs/cspm/DataSecuritySettings.json	census 1	enumeration.tsv.gz
oneof-discriminated-union	document	openapi-specs/cspm/Reports.json	census 1	enumeration.tsv.gz
oneof-discriminated-union	document	openapi-specs/cspm/SearchManager.json	census 1	enumeration.tsv.gz
oneof-discriminated-union	document	openapi-specs/cspm/Widgets.json	census 1	enumeration.tsv.gz
oneof-discriminated-union	document	openapi-specs/cspm/consolidated_spec/cspm_spec.json	census 1	enumeration.tsv.gz
oneof-discriminated-union	document	openapi-specs/prisma-airs-redteam/management/mp-openapi.yaml	census 12	enumeration.tsv.gz
oneof-discriminated-union	document	openapi-specs/prisma-browser/PrismaAccess-Browser-Management-latest.yaml	census 16	enumeration.tsv.gz
oneof-discriminated-union	document	openapi-specs/scm/config/cloudngfw/security/security-services_R3.yaml	census 1	enumeration.tsv.gz
oneof-discriminated-union	document	openapi-specs/scm/config/ngfw/security/security-services_R3.yaml	census 1	enumeration.tsv.gz
oneof-discriminated-union	document	openapi-specs/scm/config/ngts/tlsprotect-cloud.json	census 2	enumeration.tsv.gz
oneof-discriminated-union	document	openapi-specs/scm/config/sase/security/security-services_R3.yaml	census 1	enumeration.tsv.gz
oneof-discriminated-union	document	openapi-specs/sdwan/legacy/open_api_legacy.json	census 2	enumeration.tsv.gz
oneof-discriminated-union	document	openapi-specs/sdwan/unified/open_api_unified.json	census 2	enumeration.tsv.gz
oneof-discriminated-union	document	openapi/.raw/v2.json	census 38	enumeration.tsv.gz
oneof-discriminated-union	document	openapi/v1-deprecated/v1.json	census 20	enumeration.tsv.gz
oneof-discriminated-union	document	openapi/v1-deprecated/v1.yaml	census 20	enumeration.tsv.gz
oneof-discriminated-union	document	openapi/v2.json	census 33	enumeration.tsv.gz
oneof-discriminated-union	document	openapi/v2/openapi-2023-01-01.json	census 19	enumeration.tsv.gz
oneof-discriminated-union	document	openapi/v2/openapi-2023-01-01.yaml	census 19	enumeration.tsv.gz
oneof-discriminated-union	document	openapi/v2/openapi-2023-02-01.json	census 22	enumeration.tsv.gz
oneof-discriminated-union	document	openapi/v2/openapi-2023-02-01.yaml	census 22	enumeration.tsv.gz
oneof-discriminated-union	document	openapi/v2/openapi-2023-10-01.json	census 22	enumeration.tsv.gz
oneof-discriminated-union	document	openapi/v2/openapi-2023-10-01.yaml	census 22	enumeration.tsv.gz
oneof-discriminated-union	document	openapi/v2/openapi-2023-11-15.json	census 22	enumeration.tsv.gz
oneof-discriminated-union	document	openapi/v2/openapi-2023-11-15.yaml	census 22	enumeration.tsv.gz
oneof-discriminated-union	document	openapi/v2/openapi-2024-05-30.json	census 22	enumeration.tsv.gz
oneof-discriminated-union	document	openapi/v2/openapi-2024-05-30.yaml	census 22	enumeration.tsv.gz
oneof-discriminated-union	document	openapi/v2/openapi-2024-08-05.json	census 22	enumeration.tsv.gz
oneof-discriminated-union	document	openapi/v2/openapi-2024-08-05.yaml	census 22	enumeration.tsv.gz
oneof-discriminated-union	document	openapi/v2/openapi-2024-10-23.json	census 22	enumeration.tsv.gz
oneof-discriminated-union	document	openapi/v2/openapi-2024-10-23.yaml	census 22	enumeration.tsv.gz
oneof-discriminated-union	document	openapi/v2/openapi-2024-11-13.json	census 23	enumeration.tsv.gz
oneof-discriminated-union	document	openapi/v2/openapi-2024-11-13.yaml	census 23	enumeration.tsv.gz
oneof-discriminated-union	document	openapi/v2/openapi-2025-02-19.json	census 25	enumeration.tsv.gz
oneof-discriminated-union	document	openapi/v2/openapi-2025-02-19.yaml	census 25	enumeration.tsv.gz
oneof-discriminated-union	document	openapi/v2/openapi-2025-03-12.json	census 29	enumeration.tsv.gz
oneof-discriminated-union	document	openapi/v2/openapi-preview.json	census 3	enumeration.tsv.gz
oneof-discriminated-union	document	openapi/v2/openapi-preview.yaml	census 3	enumeration.tsv.gz
oneof-discriminated-union	document	openapi/v2/private/openapi-private-preview-aws-transit-gateway.json	census 12	enumeration.tsv.gz
oneof-discriminated-union	document	openapi/v2/private/openapi-private-preview-aws-transit-gateway.yaml	census 12	enumeration.tsv.gz
oneof-discriminated-union	document	openapi/v2/private/openapi-private-preview-lifecycle-management.json	census 4	enumeration.tsv.gz
oneof-discriminated-union	document	openapi/v2/private/openapi-private-preview-lifecycle-management.yaml	census 4	enumeration.tsv.gz
oneof-discriminated-union	document	openapi/v2/private/openapi-private-preview-regional-failover.json	census 2	enumeration.tsv.gz
oneof-discriminated-union	document	openapi/v2/private/openapi-private-preview-regional-failover.yaml	census 2	enumeration.tsv.gz
oneof-discriminated-union	document	openapi/v2/private/openapi-private-preview-sandbox-resource.json	census 1	enumeration.tsv.gz
oneof-discriminated-union	document	openapi/v2/private/openapi-private-preview-sandbox-resource.yaml	census 1	enumeration.tsv.gz
oneof-discriminated-union	document	openapi/v2/private/openapi-private-preview-stream-connection.json	census 18	enumeration.tsv.gz
oneof-discriminated-union	document	openapi/v2/private/openapi-private-preview-stream-connection.yaml	census 18	enumeration.tsv.gz
oneof-discriminated-union	document	outputs/v2-dev.json	census 16	enumeration.tsv.gz
oneof-discriminated-union	document	packages/apostrophecms-openapi/apostrophecms-openapi.yaml	census 1	enumeration.tsv.gz
oneof-discriminated-union	document	packages/apostrophecms-openapi/examples/apostrophecms-piece-examples.yaml	census 1	enumeration.tsv.gz
oneof-discriminated-union	document	packages/openapi-generator/templates/base-spec.yaml	census 1	enumeration.tsv.gz
oneof-discriminated-union	document	packages/spec/artifacts/service-api-v1.8.openapi.json	census 1	enumeration.tsv.gz
oneof-discriminated-union	document	protocol/openapi.json	census 2	enumeration.tsv.gz
oneof-discriminated-union	document	spec/json/twilio_conversations_v2.json	census 7	enumeration.tsv.gz
oneof-discriminated-union	document	spec/json/twilio_intelligence_v3.json	census 1	enumeration.tsv.gz
oneof-discriminated-union	document	spec/json/twilio_knowledge_v2.json	census 2	enumeration.tsv.gz
oneof-discriminated-union	document	spec/json/twilio_memory_v1.json	census 6	enumeration.tsv.gz
oneof-discriminated-union	document	spec/json/twilio_messaging_v3.json	census 1	enumeration.tsv.gz
oneof-discriminated-union	document	spec/json/twilio_voice_v3.json	census 1	enumeration.tsv.gz
oneof-discriminated-union	document	spec/yaml/twilio_conversations_v2.yaml	census 7	enumeration.tsv.gz
oneof-discriminated-union	document	spec/yaml/twilio_intelligence_v3.yaml	census 1	enumeration.tsv.gz
oneof-discriminated-union	document	spec/yaml/twilio_knowledge_v2.yaml	census 2	enumeration.tsv.gz
oneof-discriminated-union	document	spec/yaml/twilio_memory_v1.yaml	census 6	enumeration.tsv.gz
oneof-discriminated-union	document	spec/yaml/twilio_messaging_v3.yaml	census 1	enumeration.tsv.gz
oneof-discriminated-union	document	spec/yaml/twilio_voice_v3.yaml	census 1	enumeration.tsv.gz
oneof-discriminated-union	document	src/addressbook.yaml	census 1	enumeration.tsv.gz
oneof-discriminated-union	document	src/calendar.yaml	census 1	enumeration.tsv.gz
oneof-discriminated-union	document	src/children.yaml	census 1	enumeration.tsv.gz
oneof-discriminated-union	document	src/openapi.yaml	census 3	enumeration.tsv.gz
oneof-discriminated-union	document	support/doc/api/openapi.yaml	census 1	enumeration.tsv.gz
oneof-discriminated-union	document	yaml/BalancePlatformConfigurationNotification-v1.yaml	census 2	enumeration.tsv.gz
oneof-discriminated-union	document	yaml/BalancePlatformConfigurationNotification-v2.yaml	census 2	enumeration.tsv.gz
oneof-discriminated-union	document	yaml/BalancePlatformRelayedAuthorisationNotification-v1.yaml	census 1	enumeration.tsv.gz
oneof-discriminated-union	document	yaml/BalancePlatformRelayedAuthorisationNotification-v2.yaml	census 1	enumeration.tsv.gz
oneof-discriminated-union	document	yaml/BalancePlatformRelayedAuthorisationNotification-v4.yaml	census 1	enumeration.tsv.gz
oneof-discriminated-union	document	yaml/BalancePlatformService-v1.yaml	census 3	enumeration.tsv.gz
oneof-discriminated-union	document	yaml/BalancePlatformService-v2.yaml	census 5	enumeration.tsv.gz
oneof-discriminated-union	document	yaml/BalancePlatformTransactionNotification-v4.yaml	census 1	enumeration.tsv.gz
oneof-discriminated-union	document	yaml/BalancePlatformTransferNotification-v3.yaml	census 3	enumeration.tsv.gz
oneof-discriminated-union	document	yaml/BalancePlatformTransferNotification-v4.yaml	census 7	enumeration.tsv.gz
oneof-discriminated-union	document	yaml/CheckoutService-v40.yaml	census 2	enumeration.tsv.gz
oneof-discriminated-union	document	yaml/CheckoutService-v41.yaml	census 2	enumeration.tsv.gz
oneof-discriminated-union	document	yaml/CheckoutService-v46.yaml	census 2	enumeration.tsv.gz
oneof-discriminated-union	document	yaml/CheckoutService-v49.yaml	census 4	enumeration.tsv.gz
oneof-discriminated-union	document	yaml/CheckoutService-v50.yaml	census 4	enumeration.tsv.gz
oneof-discriminated-union	document	yaml/CheckoutService-v51.yaml	census 4	enumeration.tsv.gz
oneof-discriminated-union	document	yaml/CheckoutService-v52.yaml	census 4	enumeration.tsv.gz
oneof-discriminated-union	document	yaml/CheckoutService-v53.yaml	census 4	enumeration.tsv.gz
oneof-discriminated-union	document	yaml/CheckoutService-v64.yaml	census 4	enumeration.tsv.gz
oneof-discriminated-union	document	yaml/CheckoutService-v65.yaml	census 4	enumeration.tsv.gz
oneof-discriminated-union	document	yaml/CheckoutService-v66.yaml	census 4	enumeration.tsv.gz
oneof-discriminated-union	document	yaml/CheckoutService-v67.yaml	census 4	enumeration.tsv.gz
oneof-discriminated-union	document	yaml/CheckoutService-v68.yaml	census 4	enumeration.tsv.gz
oneof-discriminated-union	document	yaml/CheckoutService-v69.yaml	census 4	enumeration.tsv.gz
oneof-discriminated-union	document	yaml/CheckoutService-v70.yaml	census 4	enumeration.tsv.gz
oneof-discriminated-union	document	yaml/CheckoutService-v71.yaml	census 4	enumeration.tsv.gz
oneof-discriminated-union	document	yaml/CheckoutService-v72.yaml	census 4	enumeration.tsv.gz
oneof-discriminated-union	document	yaml/TransferService-v3.yaml	census 1	enumeration.tsv.gz
oneof-discriminated-union	document	yaml/TransferService-v4.yaml	census 9	enumeration.tsv.gz
oneof-discriminated-union	walk	Adyen/adyen-openapi@f82d1fe674e536cc2c6b0d7946e0e827873a4fbf	258	pins.tsv
oneof-discriminated-union	walk	Alia5/steaminputdb.com@a2bd0c37fd3d22e6b9e153b49e9a6e7de5a00393	30	pins.tsv
oneof-discriminated-union	walk	BreydenSummers/Waypoint@6eaa6f3ada167561c8d620d3f5148d4b22b65497	79	pins.tsv
oneof-discriminated-union	walk	Chocobozzz/PeerTube@faa76bad2c1969a088ef1df38dc666dfe7259b5c	285	pins.tsv
oneof-discriminated-union	walk	ChurchSuite/churchsuite-api@8464fbfc6290b6d84a71e728e802d693a7d8ffc2	12	pins.tsv
oneof-discriminated-union	walk	Cosmian/kms@d3e5d8693ab7fee328a2185e53fda76efd09e8d9	226	pins.tsv
oneof-discriminated-union	walk	Helicone/helicone@067d9290acb4f1fc9320e902fc67b4b399b50363	327	pins.tsv
oneof-discriminated-union	walk	Lifetron710/atlas@4613aac6d5da72cce831c79157af9d495dfd25b8	12	pins.tsv
oneof-discriminated-union	walk	OpenBanking-Brasil/specs-directory@37423cbc93982e05eac255db6226ed599a5baace	2	pins.tsv
oneof-discriminated-union	walk	PaloAltoNetworks/pan.dev@4e989cdd4bbda669dc73c0d3f5db90bb4989bee3	441	pins.tsv
oneof-discriminated-union	walk	PaulKov/dpone@7da0e0e6b873eedacb097ddbf1ddb2a961fa1ebb	1307	pins.tsv
oneof-discriminated-union	walk	VinhDat267/ATI_Project@cd26cea1a236e7f5a2514ce54cab73ed409f3c69	193	pins.tsv
oneof-discriminated-union	walk	WithSecureOpenSource/gdpr-subject-rights-api@0d2775dbf1c0830671a9efd878f03ae1eaf97995	1	pins.tsv
oneof-discriminated-union	walk	agenticdriver/agenticdriver@fb851f577341699decf232d1f556a73b545758bf	24	pins.tsv
oneof-discriminated-union	walk	apostrophecms/apostrophe@14eab51cfa6114f9d98b6c6acb600564fc734587	258	pins.tsv
oneof-discriminated-union	walk	apostrophecms/docs@125bb97075a87d8a1dffe5e765ebeb05af0c4c13	5	pins.tsv
oneof-discriminated-union	walk	auto-agent-protocol/auto-agent-protocol@5d31c27b11c36a018754f34830954d836a55afe5	525	pins.tsv
oneof-discriminated-union	walk	cnorlander/BuildRelay@e5f47309d1ca6fd28267de041e7ed2f61e477723	4	pins.tsv
oneof-discriminated-union	walk	emergentmethods/flowdapt@e8f34d411564e6c0e6542fe67d0604c23de1cf91	23	pins.tsv
oneof-discriminated-union	walk	github/rest-api-description@3cef12e8a02d612ad032473d4fb87266f2befeae	384	pins.tsv
oneof-discriminated-union	walk	kubernetes/kubernetes@b0e6417568f530e79579c5bcd6bbeac799a47669	65	pins.tsv
oneof-discriminated-union	walk	kushin77/agent-orchestrator@9ae4441d1aca473286be9de0e69f87ab9b8daa25	564	pins.tsv
oneof-discriminated-union	walk	kytos-ng/sdntrace_cp@269f4482ecd4125dc1c115e059dbce26b7269216	2	pins.tsv
oneof-discriminated-union	walk	livepeer/ai-runner@50a742cee7c5789ef4a10f8117f30de3758366a9	26	pins.tsv
oneof-discriminated-union	walk	magrathean-uk/teslatlas-protocol@e33a296d26fcef3936ccaf61ccc73b0f7469b7a2	118	pins.tsv
oneof-discriminated-union	walk	magrathean-uk/teslatlas-sdk-typescript@beb79c922d130722c88ffd009300a00f20ea0a1b	128	pins.tsv
oneof-discriminated-union	walk	mongodb/openapi@1e4aeea7d2d63f749bcae619cf836fbe52c62447	63	pins.tsv
oneof-discriminated-union	walk	roryqueue/cowards-game@1e368dd81d96dcb458ff78975a107c2d9b260ef9	528	pins.tsv
oneof-discriminated-union	walk	truefoundry/trueforge@5adde289683b642203b06b39ca687e9d977ca7a5	69	pins.tsv
oneof-discriminated-union	walk	twilio/twilio-oai@5aa7f31977ce5812f7b7bc1f46a38555ebaa2888	120	pins.tsv
property-anyof-discriminated-union	document	docs/ai-gateway.openapi.json	census 4	enumeration.tsv.gz
property-anyof-discriminated-union	document	packages/spec/artifacts/service-api-v1.8.openapi.json	census 4	enumeration.tsv.gz
property-anyof-discriminated-union	document	protocol/openapi.json	census 1	enumeration.tsv.gz
property-anyof-discriminated-union	document	valhalla/jawn/src/tsoa-build/private/swagger.json	census 1	enumeration.tsv.gz
property-anyof-discriminated-union	document	web/lib/clients/jawnTypes/private.json	census 1	enumeration.tsv.gz
property-anyof-discriminated-union	walk	Adyen/adyen-openapi@f82d1fe674e536cc2c6b0d7946e0e827873a4fbf	258	pins.tsv
property-anyof-discriminated-union	walk	Alia5/steaminputdb.com@a2bd0c37fd3d22e6b9e153b49e9a6e7de5a00393	30	pins.tsv
property-anyof-discriminated-union	walk	BreydenSummers/Waypoint@6eaa6f3ada167561c8d620d3f5148d4b22b65497	79	pins.tsv
property-anyof-discriminated-union	walk	Chocobozzz/PeerTube@faa76bad2c1969a088ef1df38dc666dfe7259b5c	285	pins.tsv
property-anyof-discriminated-union	walk	ChurchSuite/churchsuite-api@8464fbfc6290b6d84a71e728e802d693a7d8ffc2	12	pins.tsv
property-anyof-discriminated-union	walk	Cosmian/kms@d3e5d8693ab7fee328a2185e53fda76efd09e8d9	226	pins.tsv
property-anyof-discriminated-union	walk	Helicone/helicone@067d9290acb4f1fc9320e902fc67b4b399b50363	327	pins.tsv
property-anyof-discriminated-union	walk	Lifetron710/atlas@4613aac6d5da72cce831c79157af9d495dfd25b8	12	pins.tsv
property-anyof-discriminated-union	walk	OpenBanking-Brasil/specs-directory@37423cbc93982e05eac255db6226ed599a5baace	2	pins.tsv
property-anyof-discriminated-union	walk	PaloAltoNetworks/pan.dev@4e989cdd4bbda669dc73c0d3f5db90bb4989bee3	441	pins.tsv
property-anyof-discriminated-union	walk	PaulKov/dpone@7da0e0e6b873eedacb097ddbf1ddb2a961fa1ebb	1307	pins.tsv
property-anyof-discriminated-union	walk	VinhDat267/ATI_Project@cd26cea1a236e7f5a2514ce54cab73ed409f3c69	193	pins.tsv
property-anyof-discriminated-union	walk	WithSecureOpenSource/gdpr-subject-rights-api@0d2775dbf1c0830671a9efd878f03ae1eaf97995	1	pins.tsv
property-anyof-discriminated-union	walk	agenticdriver/agenticdriver@fb851f577341699decf232d1f556a73b545758bf	24	pins.tsv
property-anyof-discriminated-union	walk	apostrophecms/apostrophe@14eab51cfa6114f9d98b6c6acb600564fc734587	258	pins.tsv
property-anyof-discriminated-union	walk	apostrophecms/docs@125bb97075a87d8a1dffe5e765ebeb05af0c4c13	5	pins.tsv
property-anyof-discriminated-union	walk	auto-agent-protocol/auto-agent-protocol@5d31c27b11c36a018754f34830954d836a55afe5	525	pins.tsv
property-anyof-discriminated-union	walk	cnorlander/BuildRelay@e5f47309d1ca6fd28267de041e7ed2f61e477723	4	pins.tsv
property-anyof-discriminated-union	walk	emergentmethods/flowdapt@e8f34d411564e6c0e6542fe67d0604c23de1cf91	23	pins.tsv
property-anyof-discriminated-union	walk	github/rest-api-description@3cef12e8a02d612ad032473d4fb87266f2befeae	384	pins.tsv
property-anyof-discriminated-union	walk	kubernetes/kubernetes@b0e6417568f530e79579c5bcd6bbeac799a47669	65	pins.tsv
property-anyof-discriminated-union	walk	kushin77/agent-orchestrator@9ae4441d1aca473286be9de0e69f87ab9b8daa25	564	pins.tsv
property-anyof-discriminated-union	walk	kytos-ng/sdntrace_cp@269f4482ecd4125dc1c115e059dbce26b7269216	2	pins.tsv
property-anyof-discriminated-union	walk	livepeer/ai-runner@50a742cee7c5789ef4a10f8117f30de3758366a9	26	pins.tsv
property-anyof-discriminated-union	walk	magrathean-uk/teslatlas-protocol@e33a296d26fcef3936ccaf61ccc73b0f7469b7a2	118	pins.tsv
property-anyof-discriminated-union	walk	magrathean-uk/teslatlas-sdk-typescript@beb79c922d130722c88ffd009300a00f20ea0a1b	128	pins.tsv
property-anyof-discriminated-union	walk	mongodb/openapi@1e4aeea7d2d63f749bcae619cf836fbe52c62447	63	pins.tsv
property-anyof-discriminated-union	walk	roryqueue/cowards-game@1e368dd81d96dcb458ff78975a107c2d9b260ef9	528	pins.tsv
property-anyof-discriminated-union	walk	truefoundry/trueforge@5adde289683b642203b06b39ca687e9d977ca7a5	69	pins.tsv
property-anyof-discriminated-union	walk	twilio/twilio-oai@5aa7f31977ce5812f7b7bc1f46a38555ebaa2888	120	pins.tsv
ref-pointer-composition-index	walk	Adyen/adyen-openapi@f82d1fe674e536cc2c6b0d7946e0e827873a4fbf	258	pins.tsv
ref-pointer-composition-index	walk	Alia5/steaminputdb.com@a2bd0c37fd3d22e6b9e153b49e9a6e7de5a00393	30	pins.tsv
ref-pointer-composition-index	walk	BreydenSummers/Waypoint@6eaa6f3ada167561c8d620d3f5148d4b22b65497	79	pins.tsv
ref-pointer-composition-index	walk	Chocobozzz/PeerTube@faa76bad2c1969a088ef1df38dc666dfe7259b5c	285	pins.tsv
ref-pointer-composition-index	walk	ChurchSuite/churchsuite-api@8464fbfc6290b6d84a71e728e802d693a7d8ffc2	12	pins.tsv
ref-pointer-composition-index	walk	Cosmian/kms@d3e5d8693ab7fee328a2185e53fda76efd09e8d9	226	pins.tsv
ref-pointer-composition-index	walk	Helicone/helicone@067d9290acb4f1fc9320e902fc67b4b399b50363	327	pins.tsv
ref-pointer-composition-index	walk	Lifetron710/atlas@4613aac6d5da72cce831c79157af9d495dfd25b8	12	pins.tsv
ref-pointer-composition-index	walk	OpenBanking-Brasil/specs-directory@37423cbc93982e05eac255db6226ed599a5baace	2	pins.tsv
ref-pointer-composition-index	walk	PaloAltoNetworks/pan.dev@4e989cdd4bbda669dc73c0d3f5db90bb4989bee3	441	pins.tsv
ref-pointer-composition-index	walk	PaulKov/dpone@7da0e0e6b873eedacb097ddbf1ddb2a961fa1ebb	1307	pins.tsv
ref-pointer-composition-index	walk	VinhDat267/ATI_Project@cd26cea1a236e7f5a2514ce54cab73ed409f3c69	193	pins.tsv
ref-pointer-composition-index	walk	WithSecureOpenSource/gdpr-subject-rights-api@0d2775dbf1c0830671a9efd878f03ae1eaf97995	1	pins.tsv
ref-pointer-composition-index	walk	agenticdriver/agenticdriver@fb851f577341699decf232d1f556a73b545758bf	24	pins.tsv
ref-pointer-composition-index	walk	apostrophecms/apostrophe@14eab51cfa6114f9d98b6c6acb600564fc734587	258	pins.tsv
ref-pointer-composition-index	walk	apostrophecms/docs@125bb97075a87d8a1dffe5e765ebeb05af0c4c13	5	pins.tsv
ref-pointer-composition-index	walk	auto-agent-protocol/auto-agent-protocol@5d31c27b11c36a018754f34830954d836a55afe5	525	pins.tsv
ref-pointer-composition-index	walk	cnorlander/BuildRelay@e5f47309d1ca6fd28267de041e7ed2f61e477723	4	pins.tsv
ref-pointer-composition-index	walk	emergentmethods/flowdapt@e8f34d411564e6c0e6542fe67d0604c23de1cf91	23	pins.tsv
ref-pointer-composition-index	walk	github/rest-api-description@3cef12e8a02d612ad032473d4fb87266f2befeae	384	pins.tsv
ref-pointer-composition-index	walk	kubernetes/kubernetes@b0e6417568f530e79579c5bcd6bbeac799a47669	65	pins.tsv
ref-pointer-composition-index	walk	kushin77/agent-orchestrator@9ae4441d1aca473286be9de0e69f87ab9b8daa25	564	pins.tsv
ref-pointer-composition-index	walk	kytos-ng/sdntrace_cp@269f4482ecd4125dc1c115e059dbce26b7269216	2	pins.tsv
ref-pointer-composition-index	walk	livepeer/ai-runner@50a742cee7c5789ef4a10f8117f30de3758366a9	26	pins.tsv
ref-pointer-composition-index	walk	magrathean-uk/teslatlas-protocol@e33a296d26fcef3936ccaf61ccc73b0f7469b7a2	118	pins.tsv
ref-pointer-composition-index	walk	magrathean-uk/teslatlas-sdk-typescript@beb79c922d130722c88ffd009300a00f20ea0a1b	128	pins.tsv
ref-pointer-composition-index	walk	mongodb/openapi@1e4aeea7d2d63f749bcae619cf836fbe52c62447	63	pins.tsv
ref-pointer-composition-index	walk	roryqueue/cowards-game@1e368dd81d96dcb458ff78975a107c2d9b260ef9	528	pins.tsv
ref-pointer-composition-index	walk	truefoundry/trueforge@5adde289683b642203b06b39ca687e9d977ca7a5	69	pins.tsv
ref-pointer-composition-index	walk	twilio/twilio-oai@5aa7f31977ce5812f7b7bc1f46a38555ebaa2888	120	pins.tsv
x-fern-or-crozier-ignore	document	.github/fern/openapi/openapi.json	census 7	enumeration.tsv.gz
x-fern-or-crozier-ignore	document	docs/openapi.json	census 7	enumeration.tsv.gz
x-fern-or-crozier-ignore	walk	Adyen/adyen-openapi@f82d1fe674e536cc2c6b0d7946e0e827873a4fbf	258	pins.tsv
x-fern-or-crozier-ignore	walk	Alia5/steaminputdb.com@a2bd0c37fd3d22e6b9e153b49e9a6e7de5a00393	30	pins.tsv
x-fern-or-crozier-ignore	walk	BreydenSummers/Waypoint@6eaa6f3ada167561c8d620d3f5148d4b22b65497	79	pins.tsv
x-fern-or-crozier-ignore	walk	Chocobozzz/PeerTube@faa76bad2c1969a088ef1df38dc666dfe7259b5c	285	pins.tsv
x-fern-or-crozier-ignore	walk	ChurchSuite/churchsuite-api@8464fbfc6290b6d84a71e728e802d693a7d8ffc2	12	pins.tsv
x-fern-or-crozier-ignore	walk	Cosmian/kms@d3e5d8693ab7fee328a2185e53fda76efd09e8d9	226	pins.tsv
x-fern-or-crozier-ignore	walk	Helicone/helicone@067d9290acb4f1fc9320e902fc67b4b399b50363	327	pins.tsv
x-fern-or-crozier-ignore	walk	Lifetron710/atlas@4613aac6d5da72cce831c79157af9d495dfd25b8	12	pins.tsv
x-fern-or-crozier-ignore	walk	OpenBanking-Brasil/specs-directory@37423cbc93982e05eac255db6226ed599a5baace	2	pins.tsv
x-fern-or-crozier-ignore	walk	PaloAltoNetworks/pan.dev@4e989cdd4bbda669dc73c0d3f5db90bb4989bee3	441	pins.tsv
x-fern-or-crozier-ignore	walk	PaulKov/dpone@7da0e0e6b873eedacb097ddbf1ddb2a961fa1ebb	1307	pins.tsv
x-fern-or-crozier-ignore	walk	VinhDat267/ATI_Project@cd26cea1a236e7f5a2514ce54cab73ed409f3c69	193	pins.tsv
x-fern-or-crozier-ignore	walk	WithSecureOpenSource/gdpr-subject-rights-api@0d2775dbf1c0830671a9efd878f03ae1eaf97995	1	pins.tsv
x-fern-or-crozier-ignore	walk	agenticdriver/agenticdriver@fb851f577341699decf232d1f556a73b545758bf	24	pins.tsv
x-fern-or-crozier-ignore	walk	apostrophecms/apostrophe@14eab51cfa6114f9d98b6c6acb600564fc734587	258	pins.tsv
x-fern-or-crozier-ignore	walk	apostrophecms/docs@125bb97075a87d8a1dffe5e765ebeb05af0c4c13	5	pins.tsv
x-fern-or-crozier-ignore	walk	auto-agent-protocol/auto-agent-protocol@5d31c27b11c36a018754f34830954d836a55afe5	525	pins.tsv
x-fern-or-crozier-ignore	walk	cnorlander/BuildRelay@e5f47309d1ca6fd28267de041e7ed2f61e477723	4	pins.tsv
x-fern-or-crozier-ignore	walk	emergentmethods/flowdapt@e8f34d411564e6c0e6542fe67d0604c23de1cf91	23	pins.tsv
x-fern-or-crozier-ignore	walk	github/rest-api-description@3cef12e8a02d612ad032473d4fb87266f2befeae	384	pins.tsv
x-fern-or-crozier-ignore	walk	kubernetes/kubernetes@b0e6417568f530e79579c5bcd6bbeac799a47669	65	pins.tsv
x-fern-or-crozier-ignore	walk	kushin77/agent-orchestrator@9ae4441d1aca473286be9de0e69f87ab9b8daa25	564	pins.tsv
x-fern-or-crozier-ignore	walk	kytos-ng/sdntrace_cp@269f4482ecd4125dc1c115e059dbce26b7269216	2	pins.tsv
x-fern-or-crozier-ignore	walk	livepeer/ai-runner@50a742cee7c5789ef4a10f8117f30de3758366a9	26	pins.tsv
x-fern-or-crozier-ignore	walk	magrathean-uk/teslatlas-protocol@e33a296d26fcef3936ccaf61ccc73b0f7469b7a2	118	pins.tsv
x-fern-or-crozier-ignore	walk	magrathean-uk/teslatlas-sdk-typescript@beb79c922d130722c88ffd009300a00f20ea0a1b	128	pins.tsv
x-fern-or-crozier-ignore	walk	mongodb/openapi@1e4aeea7d2d63f749bcae619cf836fbe52c62447	63	pins.tsv
x-fern-or-crozier-ignore	walk	roryqueue/cowards-game@1e368dd81d96dcb458ff78975a107c2d9b260ef9	528	pins.tsv
x-fern-or-crozier-ignore	walk	truefoundry/trueforge@5adde289683b642203b06b39ca687e9d977ca7a5	69	pins.tsv
x-fern-or-crozier-ignore	walk	twilio/twilio-oai@5aa7f31977ce5812f7b7bc1f46a38555ebaa2888	120	pins.tsv
