key	kind	subject	result	file
annotated-ref-shape	document	apis/openapi/affinda.com/main/v3/meta/import/input-bundle.json	census 1	enumeration.tsv.gz
annotated-ref-shape	document	apis/openapi/affinda.com/main/v3/meta/import/input-entry.json	census 1	enumeration.tsv.gz
annotated-ref-shape	document	apis/openapi/affinda.com/main/v3/meta/import/output-bundle.json	census 1	enumeration.tsv.gz
annotated-ref-shape	document	apis/openapi/affinda.com/main/v3/meta/import/output-entry.json	census 1	enumeration.tsv.gz
annotated-ref-shape	document	apis/openapi/affinda.com/main/v3/openapi.json	census 1	enumeration.tsv.gz
annotated-ref-shape	document	apis/openapi/amazonaws.com/acm/2015-12-08/meta/import/input-bundle.json	census 119	enumeration.tsv.gz
annotated-ref-shape	document	apis/openapi/amazonaws.com/acm/2015-12-08/meta/import/input-entry.json	census 119	enumeration.tsv.gz
annotated-ref-shape	document	apis/openapi/amazonaws.com/acm/2015-12-08/meta/import/output-bundle.json	census 119	enumeration.tsv.gz
annotated-ref-shape	document	apis/openapi/amazonaws.com/acm/2015-12-08/meta/import/output-entry.json	census 119	enumeration.tsv.gz
annotated-ref-shape	document	apis/openapi/amazonaws.com/acm/2015-12-08/openapi.json	census 119	enumeration.tsv.gz
annotated-ref-shape	document	apis/openapi/amazonaws.com/alexaforbusiness/2017-11-09/meta/import/input-bundle.json	census 601	enumeration.tsv.gz
annotated-ref-shape	document	apis/openapi/amazonaws.com/alexaforbusiness/2017-11-09/meta/import/input-entry.json	census 601	enumeration.tsv.gz
annotated-ref-shape	document	apis/openapi/amazonaws.com/alexaforbusiness/2017-11-09/meta/import/output-bundle.json	census 601	enumeration.tsv.gz
annotated-ref-shape	document	apis/openapi/amazonaws.com/alexaforbusiness/2017-11-09/meta/import/output-entry.json	census 601	enumeration.tsv.gz
annotated-ref-shape	document	apis/openapi/amazonaws.com/alexaforbusiness/2017-11-09/openapi.json	census 601	enumeration.tsv.gz
annotated-ref-shape	document	apis/openapi/amazonaws.com/amp/2020-08-01/meta/import/input-bundle.json	census 85	enumeration.tsv.gz
annotated-ref-shape	document	apis/openapi/amazonaws.com/amp/2020-08-01/meta/import/input-entry.json	census 85	enumeration.tsv.gz
annotated-ref-shape	document	apis/openapi/amazonaws.com/amp/2020-08-01/meta/import/output-bundle.json	census 85	enumeration.tsv.gz
annotated-ref-shape	document	apis/openapi/amazonaws.com/amp/2020-08-01/meta/import/output-entry.json	census 85	enumeration.tsv.gz
annotated-ref-shape	document	apis/openapi/amazonaws.com/amp/2020-08-01/openapi.json	census 85	enumeration.tsv.gz
annotated-ref-shape	document	apis/openapi/amazonaws.com/amplify/2017-07-25/meta/import/input-bundle.json	census 276	enumeration.tsv.gz
annotated-ref-shape	document	apis/openapi/amazonaws.com/amplify/2017-07-25/meta/import/input-entry.json	census 276	enumeration.tsv.gz
annotated-ref-shape	document	apis/openapi/amazonaws.com/amplify/2017-07-25/meta/import/output-bundle.json	census 276	enumeration.tsv.gz
annotated-ref-shape	document	apis/openapi/amazonaws.com/amplify/2017-07-25/meta/import/output-entry.json	census 276	enumeration.tsv.gz
annotated-ref-shape	document	apis/openapi/amazonaws.com/amplify/2017-07-25/openapi.json	census 276	enumeration.tsv.gz
annotated-ref-shape	document	apis/openapi/amazonaws.com/amplifybackend/2020-08-11/meta/import/input-bundle.json	census 349	enumeration.tsv.gz
annotated-ref-shape	document	apis/openapi/amazonaws.com/amplifybackend/2020-08-11/meta/import/input-entry.json	census 349	enumeration.tsv.gz
annotated-ref-shape	document	apis/openapi/amazonaws.com/amplifybackend/2020-08-11/meta/import/output-bundle.json	census 349	enumeration.tsv.gz
annotated-ref-shape	document	apis/openapi/amazonaws.com/amplifybackend/2020-08-11/meta/import/output-entry.json	census 349	enumeration.tsv.gz
annotated-ref-shape	document	apis/openapi/amazonaws.com/amplifybackend/2020-08-11/openapi.json	census 349	enumeration.tsv.gz
annotated-ref-shape	document	apis/openapi/amazonaws.com/apigateway/2015-07-09/meta/import/input-bundle.json	census 442	enumeration.tsv.gz
annotated-ref-shape	document	apis/openapi/amazonaws.com/apigateway/2015-07-09/meta/import/input-entry.json	census 442	enumeration.tsv.gz
annotated-ref-shape	document	apis/openapi/amazonaws.com/apigateway/2015-07-09/meta/import/output-bundle.json	census 442	enumeration.tsv.gz
annotated-ref-shape	document	apis/openapi/amazonaws.com/apigateway/2015-07-09/meta/import/output-entry.json	census 442	enumeration.tsv.gz
annotated-ref-shape	document	apis/openapi/amazonaws.com/apigateway/2015-07-09/openapi.json	census 442	enumeration.tsv.gz
annotated-ref-shape	document	apis/openapi/amazonaws.com/apigatewaymanagementapi/2018-11-29/meta/import/input-bundle.json	census 6	enumeration.tsv.gz
annotated-ref-shape	document	apis/openapi/amazonaws.com/apigatewaymanagementapi/2018-11-29/meta/import/input-entry.json	census 6	enumeration.tsv.gz
annotated-ref-shape	document	apis/openapi/amazonaws.com/apigatewaymanagementapi/2018-11-29/meta/import/output-bundle.json	census 6	enumeration.tsv.gz
annotated-ref-shape	document	apis/openapi/amazonaws.com/apigatewaymanagementapi/2018-11-29/meta/import/output-entry.json	census 6	enumeration.tsv.gz
annotated-ref-shape	document	apis/openapi/amazonaws.com/apigatewaymanagementapi/2018-11-29/openapi.json	census 6	enumeration.tsv.gz
annotated-ref-shape	document	apis/openapi/amazonaws.com/apigatewayv2/2018-11-29/meta/import/input-bundle.json	census 750	enumeration.tsv.gz
annotated-ref-shape	document	apis/openapi/amazonaws.com/apigatewayv2/2018-11-29/meta/import/input-entry.json	census 750	enumeration.tsv.gz
annotated-ref-shape	document	apis/openapi/amazonaws.com/apigatewayv2/2018-11-29/meta/import/output-bundle.json	census 750	enumeration.tsv.gz
annotated-ref-shape	document	apis/openapi/amazonaws.com/apigatewayv2/2018-11-29/meta/import/output-entry.json	census 750	enumeration.tsv.gz
annotated-ref-shape	document	apis/openapi/amazonaws.com/apigatewayv2/2018-11-29/openapi.json	census 750	enumeration.tsv.gz
annotated-ref-shape	document	apis/openapi/amazonaws.com/appconfig/2019-10-09/meta/import/input-bundle.json	census 194	enumeration.tsv.gz
annotated-ref-shape	document	apis/openapi/amazonaws.com/appconfig/2019-10-09/meta/import/input-entry.json	census 194	enumeration.tsv.gz
annotated-ref-shape	document	apis/openapi/amazonaws.com/appconfig/2019-10-09/meta/import/output-bundle.json	census 194	enumeration.tsv.gz
annotated-ref-shape	document	apis/openapi/amazonaws.com/appconfig/2019-10-09/meta/import/output-entry.json	census 194	enumeration.tsv.gz
annotated-ref-shape	document	apis/openapi/amazonaws.com/appconfig/2019-10-09/openapi.json	census 194	enumeration.tsv.gz
annotated-ref-shape	document	apis/openapi/amazonaws.com/appflow/2020-08-23/meta/import/input-bundle.json	census 625	enumeration.tsv.gz
annotated-ref-shape	document	apis/openapi/amazonaws.com/appflow/2020-08-23/meta/import/input-entry.json	census 625	enumeration.tsv.gz
annotated-ref-shape	document	apis/openapi/amazonaws.com/appflow/2020-08-23/meta/import/output-bundle.json	census 625	enumeration.tsv.gz
annotated-ref-shape	document	apis/openapi/amazonaws.com/appflow/2020-08-23/meta/import/output-entry.json	census 625	enumeration.tsv.gz
annotated-ref-shape	document	apis/openapi/amazonaws.com/appflow/2020-08-23/openapi.json	census 625	enumeration.tsv.gz
annotated-ref-shape	document	apis/openapi/amazonaws.com/application-insights/2018-11-25/meta/import/input-bundle.json	census 204	enumeration.tsv.gz
annotated-ref-shape	document	apis/openapi/amazonaws.com/application-insights/2018-11-25/meta/import/input-entry.json	census 204	enumeration.tsv.gz
annotated-ref-shape	document	apis/openapi/amazonaws.com/application-insights/2018-11-25/meta/import/output-bundle.json	census 204	enumeration.tsv.gz
annotated-ref-shape	document	apis/openapi/amazonaws.com/application-insights/2018-11-25/meta/import/output-entry.json	census 204	enumeration.tsv.gz
annotated-ref-shape	document	apis/openapi/amazonaws.com/application-insights/2018-11-25/openapi.json	census 204	enumeration.tsv.gz
annotated-ref-shape	document	apis/openapi/amazonaws.com/applicationcostprofiler/2020-09-10/meta/import/input-bundle.json	census 42	enumeration.tsv.gz
annotated-ref-shape	document	apis/openapi/amazonaws.com/applicationcostprofiler/2020-09-10/meta/import/input-entry.json	census 42	enumeration.tsv.gz
annotated-ref-shape	document	apis/openapi/amazonaws.com/applicationcostprofiler/2020-09-10/meta/import/output-bundle.json	census 42	enumeration.tsv.gz
annotated-ref-shape	document	apis/openapi/amazonaws.com/applicationcostprofiler/2020-09-10/meta/import/output-entry.json	census 42	enumeration.tsv.gz
annotated-ref-shape	document	apis/openapi/amazonaws.com/applicationcostprofiler/2020-09-10/openapi.json	census 42	enumeration.tsv.gz
annotated-ref-shape	document	apis/openapi/amazonaws.com/appmesh/2019-01-25/meta/import/input-bundle.json	census 506	enumeration.tsv.gz
annotated-ref-shape	document	apis/openapi/amazonaws.com/appmesh/2019-01-25/meta/import/input-entry.json	census 506	enumeration.tsv.gz
annotated-ref-shape	document	apis/openapi/amazonaws.com/appmesh/2019-01-25/meta/import/output-bundle.json	census 506	enumeration.tsv.gz
annotated-ref-shape	document	apis/openapi/amazonaws.com/appmesh/2019-01-25/meta/import/output-entry.json	census 506	enumeration.tsv.gz
annotated-ref-shape	document	apis/openapi/amazonaws.com/appmesh/2019-01-25/openapi.json	census 506	enumeration.tsv.gz
annotated-ref-shape	document	apis/openapi/amazonaws.com/apprunner/2020-05-15/meta/import/input-bundle.json	census 283	enumeration.tsv.gz
annotated-ref-shape	document	apis/openapi/amazonaws.com/apprunner/2020-05-15/meta/import/input-entry.json	census 283	enumeration.tsv.gz
annotated-ref-shape	document	apis/openapi/amazonaws.com/apprunner/2020-05-15/meta/import/output-bundle.json	census 283	enumeration.tsv.gz
annotated-ref-shape	document	apis/openapi/amazonaws.com/apprunner/2020-05-15/meta/import/output-entry.json	census 283	enumeration.tsv.gz
annotated-ref-shape	document	apis/openapi/amazonaws.com/apprunner/2020-05-15/openapi.json	census 283	enumeration.tsv.gz
annotated-ref-shape	document	apis/openapi/amazonaws.com/appstream/2016-12-01/meta/import/input-bundle.json	census 503	enumeration.tsv.gz
annotated-ref-shape	document	apis/openapi/amazonaws.com/appstream/2016-12-01/meta/import/input-entry.json	census 503	enumeration.tsv.gz
annotated-ref-shape	document	apis/openapi/amazonaws.com/appstream/2016-12-01/meta/import/output-bundle.json	census 503	enumeration.tsv.gz
annotated-ref-shape	document	apis/openapi/amazonaws.com/appstream/2016-12-01/meta/import/output-entry.json	census 503	enumeration.tsv.gz
annotated-ref-shape	document	apis/openapi/amazonaws.com/appstream/2016-12-01/openapi.json	census 503	enumeration.tsv.gz
annotated-ref-shape	document	apis/openapi/amazonaws.com/appsync/2017-07-25/meta/import/input-bundle.json	census 377	enumeration.tsv.gz
annotated-ref-shape	document	apis/openapi/amazonaws.com/appsync/2017-07-25/meta/import/input-entry.json	census 377	enumeration.tsv.gz
annotated-ref-shape	document	apis/openapi/amazonaws.com/appsync/2017-07-25/meta/import/output-bundle.json	census 377	enumeration.tsv.gz
annotated-ref-shape	document	apis/openapi/amazonaws.com/appsync/2017-07-25/meta/import/output-entry.json	census 377	enumeration.tsv.gz
annotated-ref-shape	document	apis/openapi/amazonaws.com/appsync/2017-07-25/openapi.json	census 377	enumeration.tsv.gz
annotated-ref-shape	document	apis/openapi/amazonaws.com/athena/2017-05-18/meta/import/input-bundle.json	census 457	enumeration.tsv.gz
annotated-ref-shape	document	apis/openapi/amazonaws.com/athena/2017-05-18/meta/import/input-entry.json	census 457	enumeration.tsv.gz
annotated-ref-shape	document	apis/openapi/amazonaws.com/athena/2017-05-18/meta/import/output-bundle.json	census 457	enumeration.tsv.gz
annotated-ref-shape	document	apis/openapi/amazonaws.com/athena/2017-05-18/meta/import/output-entry.json	census 457	enumeration.tsv.gz
annotated-ref-shape	document	apis/openapi/amazonaws.com/athena/2017-05-18/openapi.json	census 457	enumeration.tsv.gz
annotated-ref-shape	document	apis/openapi/amazonaws.com/auditmanager/2017-07-25/meta/import/input-bundle.json	census 447	enumeration.tsv.gz
annotated-ref-shape	document	apis/openapi/amazonaws.com/auditmanager/2017-07-25/meta/import/input-entry.json	census 447	enumeration.tsv.gz
annotated-ref-shape	document	apis/openapi/amazonaws.com/auditmanager/2017-07-25/meta/import/output-bundle.json	census 447	enumeration.tsv.gz
annotated-ref-shape	document	apis/openapi/amazonaws.com/auditmanager/2017-07-25/meta/import/output-entry.json	census 447	enumeration.tsv.gz
annotated-ref-shape	document	apis/openapi/amazonaws.com/auditmanager/2017-07-25/openapi.json	census 447	enumeration.tsv.gz
annotated-ref-shape	document	apis/openapi/amazonaws.com/autoscaling/2011-01-01/meta/import/input-bundle.json	census 676	enumeration.tsv.gz
annotated-ref-shape	document	apis/openapi/amazonaws.com/autoscaling/2011-01-01/meta/import/input-entry.json	census 676	enumeration.tsv.gz
annotated-ref-shape	document	apis/openapi/amazonaws.com/autoscaling/2011-01-01/meta/import/output-bundle.json	census 676	enumeration.tsv.gz
annotated-ref-shape	document	apis/openapi/amazonaws.com/autoscaling/2011-01-01/meta/import/output-entry.json	census 676	enumeration.tsv.gz
annotated-ref-shape	document	apis/openapi/amazonaws.com/autoscaling/2011-01-01/openapi.json	census 676	enumeration.tsv.gz
annotated-ref-shape	document	apis/openapi/amazonaws.com/awsmigrationhub/2017-05-31/meta/import/input-bundle.json	census 93	enumeration.tsv.gz
annotated-ref-shape	document	apis/openapi/amazonaws.com/awsmigrationhub/2017-05-31/meta/import/input-entry.json	census 93	enumeration.tsv.gz
annotated-ref-shape	document	apis/openapi/amazonaws.com/awsmigrationhub/2017-05-31/meta/import/output-bundle.json	census 93	enumeration.tsv.gz
annotated-ref-shape	document	apis/openapi/amazonaws.com/awsmigrationhub/2017-05-31/meta/import/output-entry.json	census 93	enumeration.tsv.gz
annotated-ref-shape	document	apis/openapi/amazonaws.com/awsmigrationhub/2017-05-31/openapi.json	census 93	enumeration.tsv.gz
annotated-ref-shape	document	apis/openapi/amazonaws.com/backup/2018-11-15/meta/import/input-bundle.json	census 540	enumeration.tsv.gz
annotated-ref-shape	document	apis/openapi/amazonaws.com/backup/2018-11-15/meta/import/input-entry.json	census 540	enumeration.tsv.gz
annotated-ref-shape	document	apis/openapi/amazonaws.com/backup/2018-11-15/meta/import/output-bundle.json	census 540	enumeration.tsv.gz
annotated-ref-shape	document	apis/openapi/amazonaws.com/backup/2018-11-15/meta/import/output-entry.json	census 540	enumeration.tsv.gz
annotated-ref-shape	document	apis/openapi/amazonaws.com/backup/2018-11-15/openapi.json	census 540	enumeration.tsv.gz
annotated-ref-shape	document	apis/openapi/amazonaws.com/batch/2016-08-10/meta/import/input-bundle.json	census 552	enumeration.tsv.gz
annotated-ref-shape	document	apis/openapi/amazonaws.com/batch/2016-08-10/meta/import/input-entry.json	census 552	enumeration.tsv.gz
annotated-ref-shape	document	apis/openapi/amazonaws.com/batch/2016-08-10/meta/import/output-bundle.json	census 552	enumeration.tsv.gz
annotated-ref-shape	document	apis/openapi/amazonaws.com/batch/2016-08-10/meta/import/output-entry.json	census 552	enumeration.tsv.gz
annotated-ref-shape	document	apis/openapi/amazonaws.com/batch/2016-08-10/openapi.json	census 552	enumeration.tsv.gz
annotated-ref-shape	document	apis/openapi/amazonaws.com/budgets/2016-10-20/meta/import/input-bundle.json	census 147	enumeration.tsv.gz
annotated-ref-shape	document	apis/openapi/amazonaws.com/budgets/2016-10-20/meta/import/input-entry.json	census 147	enumeration.tsv.gz
annotated-ref-shape	document	apis/openapi/amazonaws.com/budgets/2016-10-20/meta/import/output-bundle.json	census 147	enumeration.tsv.gz
annotated-ref-shape	document	apis/openapi/amazonaws.com/budgets/2016-10-20/meta/import/output-entry.json	census 147	enumeration.tsv.gz
annotated-ref-shape	document	apis/openapi/amazonaws.com/budgets/2016-10-20/openapi.json	census 147	enumeration.tsv.gz
annotated-ref-shape	document	apis/openapi/amazonaws.com/ce/2017-10-25/meta/import/input-bundle.json	census 592	enumeration.tsv.gz
annotated-ref-shape	document	apis/openapi/amazonaws.com/ce/2017-10-25/meta/import/input-entry.json	census 592	enumeration.tsv.gz
annotated-ref-shape	document	apis/openapi/amazonaws.com/ce/2017-10-25/meta/import/output-bundle.json	census 592	enumeration.tsv.gz
annotated-ref-shape	document	apis/openapi/amazonaws.com/ce/2017-10-25/meta/import/output-entry.json	census 592	enumeration.tsv.gz
annotated-ref-shape	document	apis/openapi/amazonaws.com/ce/2017-10-25/openapi.json	census 592	enumeration.tsv.gz
annotated-ref-shape	document	apis/openapi/amazonaws.com/cloud9/2017-09-23/meta/import/input-bundle.json	census 68	enumeration.tsv.gz
annotated-ref-shape	document	apis/openapi/amazonaws.com/cloud9/2017-09-23/meta/import/input-entry.json	census 68	enumeration.tsv.gz
annotated-ref-shape	document	apis/openapi/amazonaws.com/cloud9/2017-09-23/meta/import/output-bundle.json	census 68	enumeration.tsv.gz
annotated-ref-shape	document	apis/openapi/amazonaws.com/cloud9/2017-09-23/meta/import/output-entry.json	census 68	enumeration.tsv.gz
annotated-ref-shape	document	apis/openapi/amazonaws.com/cloud9/2017-09-23/openapi.json	census 68	enumeration.tsv.gz
annotated-ref-shape	document	apis/openapi/amazonaws.com/clouddirectory/2017-01-11/meta/import/input-bundle.json	census 552	enumeration.tsv.gz
annotated-ref-shape	document	apis/openapi/amazonaws.com/clouddirectory/2017-01-11/meta/import/input-entry.json	census 552	enumeration.tsv.gz
annotated-ref-shape	document	apis/openapi/amazonaws.com/clouddirectory/2017-01-11/meta/import/output-bundle.json	census 552	enumeration.tsv.gz
annotated-ref-shape	document	apis/openapi/amazonaws.com/clouddirectory/2017-01-11/meta/import/output-entry.json	census 552	enumeration.tsv.gz
annotated-ref-shape	document	apis/openapi/amazonaws.com/clouddirectory/2017-01-11/openapi.json	census 552	enumeration.tsv.gz
annotated-ref-shape	document	apis/openapi/amazonaws.com/cloudhsmv2/2017-04-28/meta/import/input-bundle.json	census 101	enumeration.tsv.gz
annotated-ref-shape	document	apis/openapi/amazonaws.com/cloudhsmv2/2017-04-28/meta/import/input-entry.json	census 101	enumeration.tsv.gz
annotated-ref-shape	document	apis/openapi/amazonaws.com/cloudhsmv2/2017-04-28/meta/import/output-bundle.json	census 101	enumeration.tsv.gz
annotated-ref-shape	document	apis/openapi/amazonaws.com/cloudhsmv2/2017-04-28/meta/import/output-entry.json	census 101	enumeration.tsv.gz
annotated-ref-shape	document	apis/openapi/amazonaws.com/cloudhsmv2/2017-04-28/openapi.json	census 101	enumeration.tsv.gz
annotated-ref-shape	document	apis/openapi/amazonaws.com/cloudtrail/2013-11-01/meta/import/input-bundle.json	census 400	enumeration.tsv.gz
annotated-ref-shape	document	apis/openapi/amazonaws.com/cloudtrail/2013-11-01/meta/import/input-entry.json	census 400	enumeration.tsv.gz
annotated-ref-shape	document	apis/openapi/amazonaws.com/cloudtrail/2013-11-01/meta/import/output-bundle.json	census 400	enumeration.tsv.gz
annotated-ref-shape	document	apis/openapi/amazonaws.com/cloudtrail/2013-11-01/meta/import/output-entry.json	census 400	enumeration.tsv.gz
annotated-ref-shape	document	apis/openapi/amazonaws.com/cloudtrail/2013-11-01/openapi.json	census 400	enumeration.tsv.gz
annotated-ref-shape	document	apis/openapi/amazonaws.com/codeartifact/2018-09-22/meta/import/input-bundle.json	census 191	enumeration.tsv.gz
annotated-ref-shape	document	apis/openapi/amazonaws.com/codeartifact/2018-09-22/meta/import/input-entry.json	census 191	enumeration.tsv.gz
annotated-ref-shape	document	apis/openapi/amazonaws.com/codeartifact/2018-09-22/meta/import/output-bundle.json	census 191	enumeration.tsv.gz
annotated-ref-shape	document	apis/openapi/amazonaws.com/codeartifact/2018-09-22/meta/import/output-entry.json	census 191	enumeration.tsv.gz
annotated-ref-shape	document	apis/openapi/amazonaws.com/codeartifact/2018-09-22/openapi.json	census 191	enumeration.tsv.gz
annotated-ref-shape	document	apis/openapi/amazonaws.com/codecommit/2015-04-13/meta/import/input-bundle.json	census 653	enumeration.tsv.gz
annotated-ref-shape	document	apis/openapi/amazonaws.com/codecommit/2015-04-13/meta/import/input-entry.json	census 653	enumeration.tsv.gz
annotated-ref-shape	document	apis/openapi/amazonaws.com/codecommit/2015-04-13/meta/import/output-bundle.json	census 653	enumeration.tsv.gz
annotated-ref-shape	document	apis/openapi/amazonaws.com/codecommit/2015-04-13/meta/import/output-entry.json	census 653	enumeration.tsv.gz
annotated-ref-shape	document	apis/openapi/amazonaws.com/codecommit/2015-04-13/openapi.json	census 653	enumeration.tsv.gz
annotated-ref-shape	document	apis/openapi/amazonaws.com/codedeploy/2014-10-06/meta/import/input-bundle.json	census 415	enumeration.tsv.gz
annotated-ref-shape	document	apis/openapi/amazonaws.com/codedeploy/2014-10-06/meta/import/input-entry.json	census 415	enumeration.tsv.gz
annotated-ref-shape	document	apis/openapi/amazonaws.com/codedeploy/2014-10-06/meta/import/output-bundle.json	census 415	enumeration.tsv.gz
annotated-ref-shape	document	apis/openapi/amazonaws.com/codedeploy/2014-10-06/meta/import/output-entry.json	census 415	enumeration.tsv.gz
annotated-ref-shape	document	apis/openapi/amazonaws.com/codedeploy/2014-10-06/openapi.json	census 415	enumeration.tsv.gz
annotated-ref-shape	document	apis/openapi/amazonaws.com/codeguru-reviewer/2019-09-19/meta/import/input-bundle.json	census 146	enumeration.tsv.gz
annotated-ref-shape	document	apis/openapi/amazonaws.com/codeguru-reviewer/2019-09-19/meta/import/input-entry.json	census 146	enumeration.tsv.gz
annotated-ref-shape	document	apis/openapi/amazonaws.com/codeguru-reviewer/2019-09-19/meta/import/output-bundle.json	census 146	enumeration.tsv.gz
annotated-ref-shape	document	apis/openapi/amazonaws.com/codeguru-reviewer/2019-09-19/meta/import/output-entry.json	census 146	enumeration.tsv.gz
annotated-ref-shape	document	apis/openapi/amazonaws.com/codeguru-reviewer/2019-09-19/openapi.json	census 146	enumeration.tsv.gz
annotated-ref-shape	document	apis/openapi/amazonaws.com/codepipeline/2015-07-09/meta/import/input-bundle.json	census 394	enumeration.tsv.gz
annotated-ref-shape	document	apis/openapi/amazonaws.com/codepipeline/2015-07-09/meta/import/input-entry.json	census 394	enumeration.tsv.gz
annotated-ref-shape	document	apis/openapi/amazonaws.com/codepipeline/2015-07-09/meta/import/output-bundle.json	census 394	enumeration.tsv.gz
annotated-ref-shape	document	apis/openapi/amazonaws.com/codepipeline/2015-07-09/meta/import/output-entry.json	census 394	enumeration.tsv.gz
annotated-ref-shape	document	apis/openapi/amazonaws.com/codepipeline/2015-07-09/openapi.json	census 394	enumeration.tsv.gz
annotated-ref-shape	document	apis/openapi/amazonaws.com/codestar-connections/2019-12-01/meta/import/input-bundle.json	census 59	enumeration.tsv.gz
annotated-ref-shape	document	apis/openapi/amazonaws.com/codestar-connections/2019-12-01/meta/import/input-entry.json	census 59	enumeration.tsv.gz
annotated-ref-shape	document	apis/openapi/amazonaws.com/codestar-connections/2019-12-01/meta/import/output-bundle.json	census 59	enumeration.tsv.gz
annotated-ref-shape	document	apis/openapi/amazonaws.com/codestar-connections/2019-12-01/meta/import/output-entry.json	census 59	enumeration.tsv.gz
annotated-ref-shape	document	apis/openapi/amazonaws.com/codestar-connections/2019-12-01/openapi.json	census 59	enumeration.tsv.gz
annotated-ref-shape	document	apis/openapi/amazonaws.com/codestar-notifications/2019-10-15/meta/import/input-bundle.json	census 76	enumeration.tsv.gz
annotated-ref-shape	document	apis/openapi/amazonaws.com/codestar-notifications/2019-10-15/meta/import/input-entry.json	census 76	enumeration.tsv.gz
annotated-ref-shape	document	apis/openapi/amazonaws.com/codestar-notifications/2019-10-15/meta/import/output-bundle.json	census 76	enumeration.tsv.gz
annotated-ref-shape	document	apis/openapi/amazonaws.com/codestar-notifications/2019-10-15/meta/import/output-entry.json	census 76	enumeration.tsv.gz
annotated-ref-shape	document	apis/openapi/amazonaws.com/codestar-notifications/2019-10-15/openapi.json	census 76	enumeration.tsv.gz
annotated-ref-shape	document	apis/openapi/amazonaws.com/codestar/2017-04-19/meta/import/input-bundle.json	census 132	enumeration.tsv.gz
annotated-ref-shape	document	apis/openapi/amazonaws.com/codestar/2017-04-19/meta/import/input-entry.json	census 132	enumeration.tsv.gz
annotated-ref-shape	document	apis/openapi/amazonaws.com/codestar/2017-04-19/meta/import/output-bundle.json	census 132	enumeration.tsv.gz
annotated-ref-shape	document	apis/openapi/amazonaws.com/codestar/2017-04-19/meta/import/output-entry.json	census 132	enumeration.tsv.gz
annotated-ref-shape	document	apis/openapi/amazonaws.com/codestar/2017-04-19/openapi.json	census 132	enumeration.tsv.gz
annotated-ref-shape	document	apis/openapi/amazonaws.com/cognito-identity/2014-06-30/meta/import/input-bundle.json	census 125	enumeration.tsv.gz
annotated-ref-shape	document	apis/openapi/amazonaws.com/cognito-identity/2014-06-30/meta/import/input-entry.json	census 125	enumeration.tsv.gz
annotated-ref-shape	document	apis/openapi/amazonaws.com/cognito-identity/2014-06-30/meta/import/output-bundle.json	census 125	enumeration.tsv.gz
annotated-ref-shape	document	apis/openapi/amazonaws.com/cognito-identity/2014-06-30/meta/import/output-entry.json	census 125	enumeration.tsv.gz
annotated-ref-shape	document	apis/openapi/amazonaws.com/cognito-identity/2014-06-30/openapi.json	census 125	enumeration.tsv.gz
annotated-ref-shape	document	apis/openapi/amazonaws.com/cognito-sync/2014-06-30/meta/import/input-bundle.json	census 80	enumeration.tsv.gz
annotated-ref-shape	document	apis/openapi/amazonaws.com/cognito-sync/2014-06-30/meta/import/input-entry.json	census 80	enumeration.tsv.gz
annotated-ref-shape	document	apis/openapi/amazonaws.com/cognito-sync/2014-06-30/meta/import/output-bundle.json	census 80	enumeration.tsv.gz
annotated-ref-shape	document	apis/openapi/amazonaws.com/cognito-sync/2014-06-30/meta/import/output-entry.json	census 80	enumeration.tsv.gz
annotated-ref-shape	document	apis/openapi/amazonaws.com/cognito-sync/2014-06-30/openapi.json	census 80	enumeration.tsv.gz
annotated-ref-shape	document	apis/openapi/amazonaws.com/comprehend/2017-11-27/meta/import/input-bundle.json	census 884	enumeration.tsv.gz
annotated-ref-shape	document	apis/openapi/amazonaws.com/comprehend/2017-11-27/meta/import/input-entry.json	census 884	enumeration.tsv.gz
annotated-ref-shape	document	apis/openapi/amazonaws.com/comprehend/2017-11-27/meta/import/output-bundle.json	census 884	enumeration.tsv.gz
annotated-ref-shape	document	apis/openapi/amazonaws.com/comprehend/2017-11-27/meta/import/output-entry.json	census 884	enumeration.tsv.gz
annotated-ref-shape	document	apis/openapi/amazonaws.com/comprehend/2017-11-27/openapi.json	census 884	enumeration.tsv.gz
annotated-ref-shape	document	apis/openapi/amazonaws.com/compute-optimizer/2019-11-01/meta/import/input-bundle.json	census 337	enumeration.tsv.gz
annotated-ref-shape	document	apis/openapi/amazonaws.com/compute-optimizer/2019-11-01/meta/import/input-entry.json	census 337	enumeration.tsv.gz
annotated-ref-shape	document	apis/openapi/amazonaws.com/compute-optimizer/2019-11-01/meta/import/output-bundle.json	census 337	enumeration.tsv.gz
annotated-ref-shape	document	apis/openapi/amazonaws.com/compute-optimizer/2019-11-01/meta/import/output-entry.json	census 337	enumeration.tsv.gz
annotated-ref-shape	document	apis/openapi/amazonaws.com/compute-optimizer/2019-11-01/openapi.json	census 337	enumeration.tsv.gz
annotated-ref-shape	document	apis/openapi/amazonaws.com/connect/2017-08-08/meta/import/input-bundle.json	census 1154	enumeration.tsv.gz
annotated-ref-shape	document	apis/openapi/amazonaws.com/connect/2017-08-08/meta/import/input-entry.json	census 1154	enumeration.tsv.gz
annotated-ref-shape	document	apis/openapi/amazonaws.com/connect/2017-08-08/meta/import/output-bundle.json	census 1154	enumeration.tsv.gz
annotated-ref-shape	document	apis/openapi/amazonaws.com/connect/2017-08-08/meta/import/output-entry.json	census 1154	enumeration.tsv.gz
annotated-ref-shape	document	apis/openapi/amazonaws.com/connect/2017-08-08/openapi.json	census 1154	enumeration.tsv.gz
annotated-ref-shape	document	apis/openapi/amazonaws.com/connectparticipant/2018-09-07/meta/import/input-bundle.json	census 69	enumeration.tsv.gz
annotated-ref-shape	document	apis/openapi/amazonaws.com/connectparticipant/2018-09-07/meta/import/input-entry.json	census 69	enumeration.tsv.gz
annotated-ref-shape	document	apis/openapi/amazonaws.com/connectparticipant/2018-09-07/meta/import/output-bundle.json	census 69	enumeration.tsv.gz
annotated-ref-shape	document	apis/openapi/amazonaws.com/connectparticipant/2018-09-07/meta/import/output-entry.json	census 69	enumeration.tsv.gz
annotated-ref-shape	document	apis/openapi/amazonaws.com/connectparticipant/2018-09-07/openapi.json	census 69	enumeration.tsv.gz
annotated-ref-shape	document	apis/openapi/amazonaws.com/cur/2017-01-06/meta/import/input-bundle.json	census 8	enumeration.tsv.gz
annotated-ref-shape	document	apis/openapi/amazonaws.com/cur/2017-01-06/meta/import/input-entry.json	census 8	enumeration.tsv.gz
annotated-ref-shape	document	apis/openapi/amazonaws.com/cur/2017-01-06/meta/import/output-bundle.json	census 8	enumeration.tsv.gz
annotated-ref-shape	document	apis/openapi/amazonaws.com/cur/2017-01-06/meta/import/output-entry.json	census 8	enumeration.tsv.gz
annotated-ref-shape	document	apis/openapi/amazonaws.com/cur/2017-01-06/openapi.json	census 8	enumeration.tsv.gz
annotated-ref-shape	document	apis/openapi/amazonaws.com/databrew/2017-07-25/meta/import/input-bundle.json	census 494	enumeration.tsv.gz
annotated-ref-shape	document	apis/openapi/amazonaws.com/databrew/2017-07-25/meta/import/input-entry.json	census 494	enumeration.tsv.gz
annotated-ref-shape	document	apis/openapi/amazonaws.com/databrew/2017-07-25/meta/import/output-bundle.json	census 494	enumeration.tsv.gz
annotated-ref-shape	document	apis/openapi/amazonaws.com/databrew/2017-07-25/meta/import/output-entry.json	census 494	enumeration.tsv.gz
annotated-ref-shape	document	apis/openapi/amazonaws.com/databrew/2017-07-25/openapi.json	census 494	enumeration.tsv.gz
annotated-ref-shape	document	apis/openapi/amazonaws.com/dataexchange/2017-07-25/meta/import/input-bundle.json	census 397	enumeration.tsv.gz
annotated-ref-shape	document	apis/openapi/amazonaws.com/dataexchange/2017-07-25/meta/import/input-entry.json	census 397	enumeration.tsv.gz
annotated-ref-shape	document	apis/openapi/amazonaws.com/dataexchange/2017-07-25/meta/import/output-bundle.json	census 397	enumeration.tsv.gz
annotated-ref-shape	document	apis/openapi/amazonaws.com/dataexchange/2017-07-25/meta/import/output-entry.json	census 397	enumeration.tsv.gz
annotated-ref-shape	document	apis/openapi/amazonaws.com/dataexchange/2017-07-25/openapi.json	census 397	enumeration.tsv.gz
annotated-ref-shape	document	apis/openapi/amazonaws.com/datapipeline/2012-10-29/meta/import/input-bundle.json	census 113	enumeration.tsv.gz
annotated-ref-shape	document	apis/openapi/amazonaws.com/datapipeline/2012-10-29/meta/import/input-entry.json	census 113	enumeration.tsv.gz
annotated-ref-shape	document	apis/openapi/amazonaws.com/datapipeline/2012-10-29/meta/import/output-bundle.json	census 113	enumeration.tsv.gz
annotated-ref-shape	document	apis/openapi/amazonaws.com/datapipeline/2012-10-29/meta/import/output-entry.json	census 113	enumeration.tsv.gz
annotated-ref-shape	document	apis/openapi/amazonaws.com/datapipeline/2012-10-29/openapi.json	census 113	enumeration.tsv.gz
annotated-ref-shape	document	apis/openapi/amazonaws.com/dax/2017-04-19/meta/import/input-bundle.json	census 163	enumeration.tsv.gz
annotated-ref-shape	document	apis/openapi/amazonaws.com/dax/2017-04-19/meta/import/input-entry.json	census 163	enumeration.tsv.gz
annotated-ref-shape	document	apis/openapi/amazonaws.com/dax/2017-04-19/meta/import/output-bundle.json	census 163	enumeration.tsv.gz
annotated-ref-shape	document	apis/openapi/amazonaws.com/dax/2017-04-19/meta/import/output-entry.json	census 163	enumeration.tsv.gz
annotated-ref-shape	document	apis/openapi/amazonaws.com/dax/2017-04-19/openapi.json	census 163	enumeration.tsv.gz
annotated-ref-shape	document	apis/openapi/amazonaws.com/detective/2018-10-26/meta/import/input-bundle.json	census 95	enumeration.tsv.gz
annotated-ref-shape	document	apis/openapi/amazonaws.com/detective/2018-10-26/meta/import/input-entry.json	census 95	enumeration.tsv.gz
annotated-ref-shape	document	apis/openapi/amazonaws.com/detective/2018-10-26/meta/import/output-bundle.json	census 95	enumeration.tsv.gz
annotated-ref-shape	document	apis/openapi/amazonaws.com/detective/2018-10-26/meta/import/output-entry.json	census 95	enumeration.tsv.gz
annotated-ref-shape	document	apis/openapi/amazonaws.com/detective/2018-10-26/openapi.json	census 95	enumeration.tsv.gz
annotated-ref-shape	document	apis/openapi/amazonaws.com/devicefarm/2015-06-23/meta/import/input-bundle.json	census 598	enumeration.tsv.gz
annotated-ref-shape	document	apis/openapi/amazonaws.com/devicefarm/2015-06-23/meta/import/input-entry.json	census 598	enumeration.tsv.gz
annotated-ref-shape	document	apis/openapi/amazonaws.com/devicefarm/2015-06-23/meta/import/output-bundle.json	census 598	enumeration.tsv.gz
annotated-ref-shape	document	apis/openapi/amazonaws.com/devicefarm/2015-06-23/meta/import/output-entry.json	census 598	enumeration.tsv.gz
annotated-ref-shape	document	apis/openapi/amazonaws.com/devicefarm/2015-06-23/openapi.json	census 598	enumeration.tsv.gz
annotated-ref-shape	document	apis/openapi/amazonaws.com/devops-guru/2020-12-01/meta/import/input-bundle.json	census 420	enumeration.tsv.gz
annotated-ref-shape	document	apis/openapi/amazonaws.com/devops-guru/2020-12-01/meta/import/input-entry.json	census 420	enumeration.tsv.gz
annotated-ref-shape	document	apis/openapi/amazonaws.com/devops-guru/2020-12-01/meta/import/output-bundle.json	census 420	enumeration.tsv.gz
annotated-ref-shape	document	apis/openapi/amazonaws.com/devops-guru/2020-12-01/meta/import/output-entry.json	census 420	enumeration.tsv.gz
annotated-ref-shape	document	apis/openapi/amazonaws.com/devops-guru/2020-12-01/openapi.json	census 420	enumeration.tsv.gz
annotated-ref-shape	document	apis/openapi/amazonaws.com/directconnect/2012-10-25/meta/import/input-bundle.json	census 440	enumeration.tsv.gz
annotated-ref-shape	document	apis/openapi/amazonaws.com/directconnect/2012-10-25/meta/import/input-entry.json	census 440	enumeration.tsv.gz
annotated-ref-shape	document	apis/openapi/amazonaws.com/directconnect/2012-10-25/meta/import/output-bundle.json	census 440	enumeration.tsv.gz
annotated-ref-shape	document	apis/openapi/amazonaws.com/directconnect/2012-10-25/meta/import/output-entry.json	census 440	enumeration.tsv.gz
annotated-ref-shape	document	apis/openapi/amazonaws.com/directconnect/2012-10-25/openapi.json	census 440	enumeration.tsv.gz
annotated-ref-shape	document	apis/openapi/amazonaws.com/dlm/2018-01-12/meta/import/input-bundle.json	census 114	enumeration.tsv.gz
annotated-ref-shape	document	apis/openapi/amazonaws.com/dlm/2018-01-12/meta/import/input-entry.json	census 114	enumeration.tsv.gz
annotated-ref-shape	document	apis/openapi/amazonaws.com/dlm/2018-01-12/meta/import/output-bundle.json	census 114	enumeration.tsv.gz
annotated-ref-shape	document	apis/openapi/amazonaws.com/dlm/2018-01-12/meta/import/output-entry.json	census 114	enumeration.tsv.gz
annotated-ref-shape	document	apis/openapi/amazonaws.com/dlm/2018-01-12/openapi.json	census 114	enumeration.tsv.gz
annotated-ref-shape	document	apis/openapi/amazonaws.com/dms/2016-01-01/meta/import/input-bundle.json	census 991	enumeration.tsv.gz
annotated-ref-shape	document	apis/openapi/amazonaws.com/dms/2016-01-01/meta/import/input-entry.json	census 991	enumeration.tsv.gz
annotated-ref-shape	document	apis/openapi/amazonaws.com/dms/2016-01-01/meta/import/output-bundle.json	census 991	enumeration.tsv.gz
annotated-ref-shape	document	apis/openapi/amazonaws.com/dms/2016-01-01/meta/import/output-entry.json	census 991	enumeration.tsv.gz
annotated-ref-shape	document	apis/openapi/amazonaws.com/dms/2016-01-01/openapi.json	census 991	enumeration.tsv.gz
annotated-ref-shape	document	apis/openapi/amazonaws.com/docdb/2014-10-31/meta/import/input-bundle.json	census 560	enumeration.tsv.gz
annotated-ref-shape	document	apis/openapi/amazonaws.com/docdb/2014-10-31/meta/import/input-entry.json	census 560	enumeration.tsv.gz
annotated-ref-shape	document	apis/openapi/amazonaws.com/docdb/2014-10-31/meta/import/output-bundle.json	census 560	enumeration.tsv.gz
annotated-ref-shape	document	apis/openapi/amazonaws.com/docdb/2014-10-31/meta/import/output-entry.json	census 560	enumeration.tsv.gz
annotated-ref-shape	document	apis/openapi/amazonaws.com/docdb/2014-10-31/openapi.json	census 560	enumeration.tsv.gz
annotated-ref-shape	document	apis/openapi/amazonaws.com/ebs/2019-11-02/meta/import/input-bundle.json	census 38	enumeration.tsv.gz
annotated-ref-shape	document	apis/openapi/amazonaws.com/ebs/2019-11-02/meta/import/input-entry.json	census 38	enumeration.tsv.gz
annotated-ref-shape	document	apis/openapi/amazonaws.com/ebs/2019-11-02/meta/import/output-bundle.json	census 38	enumeration.tsv.gz
annotated-ref-shape	document	apis/openapi/amazonaws.com/ebs/2019-11-02/meta/import/output-entry.json	census 38	enumeration.tsv.gz
annotated-ref-shape	document	apis/openapi/amazonaws.com/ebs/2019-11-02/openapi.json	census 38	enumeration.tsv.gz
annotated-ref-shape	document	apis/openapi/amazonaws.com/ec2/2016-11-15/meta/import/input-bundle.json	census 8549	enumeration.tsv.gz
annotated-ref-shape	document	apis/openapi/amazonaws.com/ec2/2016-11-15/meta/import/input-entry.json	census 8549	enumeration.tsv.gz
annotated-ref-shape	document	apis/openapi/amazonaws.com/ec2/2016-11-15/meta/import/output-bundle.json	census 8549	enumeration.tsv.gz
annotated-ref-shape	document	apis/openapi/amazonaws.com/ec2/2016-11-15/meta/import/output-entry.json	census 8549	enumeration.tsv.gz
annotated-ref-shape	document	apis/openapi/amazonaws.com/ec2/2016-11-15/openapi.json	census 8549	enumeration.tsv.gz
annotated-ref-shape	document	apis/openapi/amazonaws.com/eks/2017-11-01/meta/import/input-bundle.json	census 346	enumeration.tsv.gz
annotated-ref-shape	document	apis/openapi/amazonaws.com/eks/2017-11-01/meta/import/input-entry.json	census 346	enumeration.tsv.gz
annotated-ref-shape	document	apis/openapi/amazonaws.com/eks/2017-11-01/meta/import/output-bundle.json	census 346	enumeration.tsv.gz
annotated-ref-shape	document	apis/openapi/amazonaws.com/eks/2017-11-01/meta/import/output-entry.json	census 346	enumeration.tsv.gz
annotated-ref-shape	document	apis/openapi/amazonaws.com/eks/2017-11-01/openapi.json	census 346	enumeration.tsv.gz
annotated-ref-shape	document	apis/openapi/amazonaws.com/elasticloadbalancingv2/2015-12-01/meta/import/input-bundle.json	census 305	enumeration.tsv.gz
annotated-ref-shape	document	apis/openapi/amazonaws.com/elasticloadbalancingv2/2015-12-01/meta/import/input-entry.json	census 305	enumeration.tsv.gz
annotated-ref-shape	document	apis/openapi/amazonaws.com/elasticloadbalancingv2/2015-12-01/meta/import/output-bundle.json	census 305	enumeration.tsv.gz
annotated-ref-shape	document	apis/openapi/amazonaws.com/elasticloadbalancingv2/2015-12-01/meta/import/output-entry.json	census 305	enumeration.tsv.gz
annotated-ref-shape	document	apis/openapi/amazonaws.com/elasticloadbalancingv2/2015-12-01/openapi.json	census 305	enumeration.tsv.gz
annotated-ref-shape	document	apis/openapi/amazonaws.com/email/2010-12-01/meta/import/input-bundle.json	census 369	enumeration.tsv.gz
annotated-ref-shape	document	apis/openapi/amazonaws.com/email/2010-12-01/meta/import/input-entry.json	census 369	enumeration.tsv.gz
annotated-ref-shape	document	apis/openapi/amazonaws.com/email/2010-12-01/meta/import/output-bundle.json	census 369	enumeration.tsv.gz
annotated-ref-shape	document	apis/openapi/amazonaws.com/email/2010-12-01/meta/import/output-entry.json	census 369	enumeration.tsv.gz
annotated-ref-shape	document	apis/openapi/amazonaws.com/email/2010-12-01/openapi.json	census 369	enumeration.tsv.gz
annotated-ref-shape	document	apis/openapi/amazonaws.com/emr-containers/2020-10-01/meta/import/input-bundle.json	census 170	enumeration.tsv.gz
annotated-ref-shape	document	apis/openapi/amazonaws.com/emr-containers/2020-10-01/meta/import/input-entry.json	census 170	enumeration.tsv.gz
annotated-ref-shape	document	apis/openapi/amazonaws.com/emr-containers/2020-10-01/meta/import/output-bundle.json	census 170	enumeration.tsv.gz
annotated-ref-shape	document	apis/openapi/amazonaws.com/emr-containers/2020-10-01/meta/import/output-entry.json	census 170	enumeration.tsv.gz
annotated-ref-shape	document	apis/openapi/amazonaws.com/emr-containers/2020-10-01/openapi.json	census 170	enumeration.tsv.gz
annotated-ref-shape	document	apis/openapi/amazonaws.com/es/2015-01-01/meta/import/input-bundle.json	census 500	enumeration.tsv.gz
annotated-ref-shape	document	apis/openapi/amazonaws.com/es/2015-01-01/meta/import/input-entry.json	census 500	enumeration.tsv.gz
annotated-ref-shape	document	apis/openapi/amazonaws.com/es/2015-01-01/meta/import/output-bundle.json	census 500	enumeration.tsv.gz
annotated-ref-shape	document	apis/openapi/amazonaws.com/es/2015-01-01/meta/import/output-entry.json	census 500	enumeration.tsv.gz
annotated-ref-shape	document	apis/openapi/amazonaws.com/es/2015-01-01/openapi.json	census 500	enumeration.tsv.gz
annotated-ref-shape	document	apis/openapi/amazonaws.com/events/2015-10-07/meta/import/input-bundle.json	census 492	enumeration.tsv.gz
annotated-ref-shape	document	apis/openapi/amazonaws.com/events/2015-10-07/meta/import/input-entry.json	census 492	enumeration.tsv.gz
annotated-ref-shape	document	apis/openapi/amazonaws.com/events/2015-10-07/meta/import/output-bundle.json	census 492	enumeration.tsv.gz
annotated-ref-shape	document	apis/openapi/amazonaws.com/events/2015-10-07/meta/import/output-entry.json	census 492	enumeration.tsv.gz
annotated-ref-shape	document	apis/openapi/amazonaws.com/events/2015-10-07/openapi.json	census 492	enumeration.tsv.gz
annotated-ref-shape	document	apis/openapi/amazonaws.com/finspace-data/2020-07-13/meta/import/input-bundle.json	census 247	enumeration.tsv.gz
annotated-ref-shape	document	apis/openapi/amazonaws.com/finspace-data/2020-07-13/meta/import/input-entry.json	census 247	enumeration.tsv.gz
annotated-ref-shape	document	apis/openapi/amazonaws.com/finspace-data/2020-07-13/meta/import/output-bundle.json	census 247	enumeration.tsv.gz
annotated-ref-shape	document	apis/openapi/amazonaws.com/finspace-data/2020-07-13/meta/import/output-entry.json	census 247	enumeration.tsv.gz
annotated-ref-shape	document	apis/openapi/amazonaws.com/finspace-data/2020-07-13/openapi.json	census 247	enumeration.tsv.gz
annotated-ref-shape	document	apis/openapi/amazonaws.com/finspace/2021-03-12/meta/import/input-bundle.json	census 56	enumeration.tsv.gz
annotated-ref-shape	document	apis/openapi/amazonaws.com/finspace/2021-03-12/meta/import/input-entry.json	census 56	enumeration.tsv.gz
annotated-ref-shape	document	apis/openapi/amazonaws.com/finspace/2021-03-12/meta/import/output-bundle.json	census 56	enumeration.tsv.gz
annotated-ref-shape	document	apis/openapi/amazonaws.com/finspace/2021-03-12/meta/import/output-entry.json	census 56	enumeration.tsv.gz
annotated-ref-shape	document	apis/openapi/amazonaws.com/finspace/2021-03-12/openapi.json	census 56	enumeration.tsv.gz
annotated-ref-shape	document	apis/openapi/amazonaws.com/forecastquery/2018-06-26/meta/import/input-bundle.json	census 14	enumeration.tsv.gz
annotated-ref-shape	document	apis/openapi/amazonaws.com/forecastquery/2018-06-26/meta/import/input-entry.json	census 14	enumeration.tsv.gz
annotated-ref-shape	document	apis/openapi/amazonaws.com/forecastquery/2018-06-26/meta/import/output-bundle.json	census 14	enumeration.tsv.gz
annotated-ref-shape	document	apis/openapi/amazonaws.com/forecastquery/2018-06-26/meta/import/output-entry.json	census 14	enumeration.tsv.gz
annotated-ref-shape	document	apis/openapi/amazonaws.com/forecastquery/2018-06-26/openapi.json	census 14	enumeration.tsv.gz
annotated-ref-shape	document	apis/openapi/amazonaws.com/gamelift/2015-10-01/meta/import/input-bundle.json	census 833	enumeration.tsv.gz
annotated-ref-shape	document	apis/openapi/amazonaws.com/gamelift/2015-10-01/meta/import/input-entry.json	census 833	enumeration.tsv.gz
annotated-ref-shape	document	apis/openapi/amazonaws.com/gamelift/2015-10-01/meta/import/output-bundle.json	census 833	enumeration.tsv.gz
annotated-ref-shape	document	apis/openapi/amazonaws.com/gamelift/2015-10-01/meta/import/output-entry.json	census 833	enumeration.tsv.gz
annotated-ref-shape	document	apis/openapi/amazonaws.com/gamelift/2015-10-01/openapi.json	census 833	enumeration.tsv.gz
annotated-ref-shape	document	apis/openapi/amazonaws.com/globalaccelerator/2018-08-08/meta/import/input-bundle.json	census 280	enumeration.tsv.gz
annotated-ref-shape	document	apis/openapi/amazonaws.com/globalaccelerator/2018-08-08/meta/import/input-entry.json	census 280	enumeration.tsv.gz
annotated-ref-shape	document	apis/openapi/amazonaws.com/globalaccelerator/2018-08-08/meta/import/output-bundle.json	census 280	enumeration.tsv.gz
annotated-ref-shape	document	apis/openapi/amazonaws.com/globalaccelerator/2018-08-08/meta/import/output-entry.json	census 280	enumeration.tsv.gz
annotated-ref-shape	document	apis/openapi/amazonaws.com/globalaccelerator/2018-08-08/openapi.json	census 280	enumeration.tsv.gz
annotated-ref-shape	document	apis/openapi/amazonaws.com/greengrass/2017-06-07/meta/import/input-bundle.json	census 481	enumeration.tsv.gz
annotated-ref-shape	document	apis/openapi/amazonaws.com/greengrass/2017-06-07/meta/import/input-entry.json	census 481	enumeration.tsv.gz
annotated-ref-shape	document	apis/openapi/amazonaws.com/greengrass/2017-06-07/meta/import/output-bundle.json	census 481	enumeration.tsv.gz
annotated-ref-shape	document	apis/openapi/amazonaws.com/greengrass/2017-06-07/meta/import/output-entry.json	census 481	enumeration.tsv.gz
annotated-ref-shape	document	apis/openapi/amazonaws.com/greengrass/2017-06-07/openapi.json	census 481	enumeration.tsv.gz
annotated-ref-shape	document	apis/openapi/amazonaws.com/guardduty/2017-11-28/meta/import/input-bundle.json	census 772	enumeration.tsv.gz
annotated-ref-shape	document	apis/openapi/amazonaws.com/guardduty/2017-11-28/meta/import/input-entry.json	census 772	enumeration.tsv.gz
annotated-ref-shape	document	apis/openapi/amazonaws.com/guardduty/2017-11-28/meta/import/output-bundle.json	census 772	enumeration.tsv.gz
annotated-ref-shape	document	apis/openapi/amazonaws.com/guardduty/2017-11-28/meta/import/output-entry.json	census 772	enumeration.tsv.gz
annotated-ref-shape	document	apis/openapi/amazonaws.com/guardduty/2017-11-28/openapi.json	census 772	enumeration.tsv.gz
annotated-ref-shape	document	apis/openapi/amazonaws.com/healthlake/2017-07-01/meta/import/input-bundle.json	census 109	enumeration.tsv.gz
annotated-ref-shape	document	apis/openapi/amazonaws.com/healthlake/2017-07-01/meta/import/input-entry.json	census 109	enumeration.tsv.gz
annotated-ref-shape	document	apis/openapi/amazonaws.com/healthlake/2017-07-01/meta/import/output-bundle.json	census 109	enumeration.tsv.gz
annotated-ref-shape	document	apis/openapi/amazonaws.com/healthlake/2017-07-01/meta/import/output-entry.json	census 109	enumeration.tsv.gz
annotated-ref-shape	document	apis/openapi/amazonaws.com/healthlake/2017-07-01/openapi.json	census 109	enumeration.tsv.gz
annotated-ref-shape	document	apis/openapi/amazonaws.com/identitystore/2020-06-15/meta/import/input-bundle.json	census 168	enumeration.tsv.gz
annotated-ref-shape	document	apis/openapi/amazonaws.com/identitystore/2020-06-15/meta/import/input-entry.json	census 168	enumeration.tsv.gz
annotated-ref-shape	document	apis/openapi/amazonaws.com/identitystore/2020-06-15/meta/import/output-bundle.json	census 168	enumeration.tsv.gz
annotated-ref-shape	document	apis/openapi/amazonaws.com/identitystore/2020-06-15/meta/import/output-entry.json	census 168	enumeration.tsv.gz
annotated-ref-shape	document	apis/openapi/amazonaws.com/identitystore/2020-06-15/openapi.json	census 168	enumeration.tsv.gz
annotated-ref-shape	document	apis/openapi/amazonaws.com/iot-data/2015-05-28/meta/import/input-bundle.json	census 19	enumeration.tsv.gz
annotated-ref-shape	document	apis/openapi/amazonaws.com/iot-data/2015-05-28/meta/import/input-entry.json	census 19	enumeration.tsv.gz
annotated-ref-shape	document	apis/openapi/amazonaws.com/iot-data/2015-05-28/meta/import/output-bundle.json	census 19	enumeration.tsv.gz
annotated-ref-shape	document	apis/openapi/amazonaws.com/iot-data/2015-05-28/meta/import/output-entry.json	census 19	enumeration.tsv.gz
annotated-ref-shape	document	apis/openapi/amazonaws.com/iot-data/2015-05-28/openapi.json	census 19	enumeration.tsv.gz
annotated-ref-shape	document	apis/openapi/amazonaws.com/iot-jobs-data/2017-09-29/meta/import/input-bundle.json	census 35	enumeration.tsv.gz
annotated-ref-shape	document	apis/openapi/amazonaws.com/iot-jobs-data/2017-09-29/meta/import/input-entry.json	census 35	enumeration.tsv.gz
annotated-ref-shape	document	apis/openapi/amazonaws.com/iot-jobs-data/2017-09-29/meta/import/output-bundle.json	census 35	enumeration.tsv.gz
annotated-ref-shape	document	apis/openapi/amazonaws.com/iot-jobs-data/2017-09-29/meta/import/output-entry.json	census 35	enumeration.tsv.gz
annotated-ref-shape	document	apis/openapi/amazonaws.com/iot-jobs-data/2017-09-29/openapi.json	census 35	enumeration.tsv.gz
annotated-ref-shape	document	apis/openapi/amazonaws.com/iot1click-devices/2018-05-14/meta/import/input-bundle.json	census 34	enumeration.tsv.gz
annotated-ref-shape	document	apis/openapi/amazonaws.com/iot1click-devices/2018-05-14/meta/import/input-entry.json	census 34	enumeration.tsv.gz
annotated-ref-shape	document	apis/openapi/amazonaws.com/iot1click-devices/2018-05-14/meta/import/output-bundle.json	census 34	enumeration.tsv.gz
annotated-ref-shape	document	apis/openapi/amazonaws.com/iot1click-devices/2018-05-14/meta/import/output-entry.json	census 34	enumeration.tsv.gz
annotated-ref-shape	document	apis/openapi/amazonaws.com/iot1click-devices/2018-05-14/openapi.json	census 34	enumeration.tsv.gz
annotated-ref-shape	document	apis/openapi/amazonaws.com/iot1click-projects/2018-05-14/meta/import/input-bundle.json	census 48	enumeration.tsv.gz
annotated-ref-shape	document	apis/openapi/amazonaws.com/iot1click-projects/2018-05-14/meta/import/input-entry.json	census 48	enumeration.tsv.gz
annotated-ref-shape	document	apis/openapi/amazonaws.com/iot1click-projects/2018-05-14/meta/import/output-bundle.json	census 48	enumeration.tsv.gz
annotated-ref-shape	document	apis/openapi/amazonaws.com/iot1click-projects/2018-05-14/meta/import/output-entry.json	census 48	enumeration.tsv.gz
annotated-ref-shape	document	apis/openapi/amazonaws.com/iot1click-projects/2018-05-14/openapi.json	census 48	enumeration.tsv.gz
annotated-ref-shape	document	apis/openapi/amazonaws.com/iotevents/2018-07-27/meta/import/input-bundle.json	census 285	enumeration.tsv.gz
annotated-ref-shape	document	apis/openapi/amazonaws.com/iotevents/2018-07-27/meta/import/input-entry.json	census 285	enumeration.tsv.gz
annotated-ref-shape	document	apis/openapi/amazonaws.com/iotevents/2018-07-27/meta/import/output-bundle.json	census 285	enumeration.tsv.gz
annotated-ref-shape	document	apis/openapi/amazonaws.com/iotevents/2018-07-27/meta/import/output-entry.json	census 285	enumeration.tsv.gz
annotated-ref-shape	document	apis/openapi/amazonaws.com/iotevents/2018-07-27/openapi.json	census 285	enumeration.tsv.gz
annotated-ref-shape	document	apis/openapi/amazonaws.com/iotsitewise/2019-12-02/meta/import/input-bundle.json	census 614	enumeration.tsv.gz
annotated-ref-shape	document	apis/openapi/amazonaws.com/iotsitewise/2019-12-02/meta/import/input-entry.json	census 614	enumeration.tsv.gz
annotated-ref-shape	document	apis/openapi/amazonaws.com/iotsitewise/2019-12-02/meta/import/output-bundle.json	census 614	enumeration.tsv.gz
annotated-ref-shape	document	apis/openapi/amazonaws.com/iotsitewise/2019-12-02/meta/import/output-entry.json	census 614	enumeration.tsv.gz
annotated-ref-shape	document	apis/openapi/amazonaws.com/iotsitewise/2019-12-02/openapi.json	census 614	enumeration.tsv.gz
annotated-ref-shape	document	apis/openapi/amazonaws.com/ivs/2020-07-14/meta/import/input-bundle.json	census 182	enumeration.tsv.gz
annotated-ref-shape	document	apis/openapi/amazonaws.com/ivs/2020-07-14/meta/import/input-entry.json	census 182	enumeration.tsv.gz
annotated-ref-shape	document	apis/openapi/amazonaws.com/ivs/2020-07-14/meta/import/output-bundle.json	census 182	enumeration.tsv.gz
annotated-ref-shape	document	apis/openapi/amazonaws.com/ivs/2020-07-14/meta/import/output-entry.json	census 182	enumeration.tsv.gz
annotated-ref-shape	document	apis/openapi/amazonaws.com/ivs/2020-07-14/openapi.json	census 182	enumeration.tsv.gz
annotated-ref-shape	document	apis/openapi/amazonaws.com/kafka/2018-11-14/meta/import/input-bundle.json	census 353	enumeration.tsv.gz
annotated-ref-shape	document	apis/openapi/amazonaws.com/kafka/2018-11-14/meta/import/input-entry.json	census 353	enumeration.tsv.gz
annotated-ref-shape	document	apis/openapi/amazonaws.com/kafka/2018-11-14/meta/import/output-bundle.json	census 353	enumeration.tsv.gz
annotated-ref-shape	document	apis/openapi/amazonaws.com/kafka/2018-11-14/meta/import/output-entry.json	census 353	enumeration.tsv.gz
annotated-ref-shape	document	apis/openapi/amazonaws.com/kafka/2018-11-14/openapi.json	census 353	enumeration.tsv.gz
annotated-ref-shape	document	apis/openapi/amazonaws.com/kendra/2019-02-03/meta/import/input-bundle.json	census 1001	enumeration.tsv.gz
annotated-ref-shape	document	apis/openapi/amazonaws.com/kendra/2019-02-03/meta/import/input-entry.json	census 1001	enumeration.tsv.gz
annotated-ref-shape	document	apis/openapi/amazonaws.com/kendra/2019-02-03/meta/import/output-bundle.json	census 1001	enumeration.tsv.gz
annotated-ref-shape	document	apis/openapi/amazonaws.com/kendra/2019-02-03/meta/import/output-entry.json	census 1001	enumeration.tsv.gz
annotated-ref-shape	document	apis/openapi/amazonaws.com/kendra/2019-02-03/openapi.json	census 1001	enumeration.tsv.gz
annotated-ref-shape	document	apis/openapi/amazonaws.com/kinesis-video-archived-media/2017-09-30/meta/import/input-bundle.json	census 80	enumeration.tsv.gz
annotated-ref-shape	document	apis/openapi/amazonaws.com/kinesis-video-archived-media/2017-09-30/meta/import/input-entry.json	census 80	enumeration.tsv.gz
annotated-ref-shape	document	apis/openapi/amazonaws.com/kinesis-video-archived-media/2017-09-30/meta/import/output-bundle.json	census 80	enumeration.tsv.gz
annotated-ref-shape	document	apis/openapi/amazonaws.com/kinesis-video-archived-media/2017-09-30/meta/import/output-entry.json	census 80	enumeration.tsv.gz
annotated-ref-shape	document	apis/openapi/amazonaws.com/kinesis-video-archived-media/2017-09-30/openapi.json	census 80	enumeration.tsv.gz
annotated-ref-shape	document	apis/openapi/amazonaws.com/kinesisanalytics/2015-08-14/meta/import/input-bundle.json	census 218	enumeration.tsv.gz
annotated-ref-shape	document	apis/openapi/amazonaws.com/kinesisanalytics/2015-08-14/meta/import/input-entry.json	census 218	enumeration.tsv.gz
annotated-ref-shape	document	apis/openapi/amazonaws.com/kinesisanalytics/2015-08-14/meta/import/output-bundle.json	census 218	enumeration.tsv.gz
annotated-ref-shape	document	apis/openapi/amazonaws.com/kinesisanalytics/2015-08-14/meta/import/output-entry.json	census 218	enumeration.tsv.gz
annotated-ref-shape	document	apis/openapi/amazonaws.com/kinesisanalytics/2015-08-14/openapi.json	census 218	enumeration.tsv.gz
annotated-ref-shape	document	apis/openapi/amazonaws.com/lambda/2015-03-31/meta/import/input-bundle.json	census 509	enumeration.tsv.gz
annotated-ref-shape	document	apis/openapi/amazonaws.com/lambda/2015-03-31/meta/import/input-entry.json	census 509	enumeration.tsv.gz
annotated-ref-shape	document	apis/openapi/amazonaws.com/lambda/2015-03-31/meta/import/output-bundle.json	census 509	enumeration.tsv.gz
annotated-ref-shape	document	apis/openapi/amazonaws.com/lambda/2015-03-31/meta/import/output-entry.json	census 509	enumeration.tsv.gz
annotated-ref-shape	document	apis/openapi/amazonaws.com/lambda/2015-03-31/openapi.json	census 509	enumeration.tsv.gz
annotated-ref-shape	document	apis/openapi/amazonaws.com/lex-models/2017-04-19/meta/import/input-bundle.json	census 425	enumeration.tsv.gz
annotated-ref-shape	document	apis/openapi/amazonaws.com/lex-models/2017-04-19/meta/import/input-entry.json	census 425	enumeration.tsv.gz
annotated-ref-shape	document	apis/openapi/amazonaws.com/lex-models/2017-04-19/meta/import/output-bundle.json	census 425	enumeration.tsv.gz
annotated-ref-shape	document	apis/openapi/amazonaws.com/lex-models/2017-04-19/meta/import/output-entry.json	census 425	enumeration.tsv.gz
annotated-ref-shape	document	apis/openapi/amazonaws.com/lex-models/2017-04-19/openapi.json	census 425	enumeration.tsv.gz
annotated-ref-shape	document	apis/openapi/amazonaws.com/license-manager/2018-08-01/meta/import/input-bundle.json	census 467	enumeration.tsv.gz
annotated-ref-shape	document	apis/openapi/amazonaws.com/license-manager/2018-08-01/meta/import/input-entry.json	census 467	enumeration.tsv.gz
annotated-ref-shape	document	apis/openapi/amazonaws.com/license-manager/2018-08-01/meta/import/output-bundle.json	census 467	enumeration.tsv.gz
annotated-ref-shape	document	apis/openapi/amazonaws.com/license-manager/2018-08-01/meta/import/output-entry.json	census 467	enumeration.tsv.gz
annotated-ref-shape	document	apis/openapi/amazonaws.com/license-manager/2018-08-01/openapi.json	census 467	enumeration.tsv.gz
annotated-ref-shape	document	apis/openapi/amazonaws.com/logs/2014-03-28/meta/import/input-bundle.json	census 265	enumeration.tsv.gz
annotated-ref-shape	document	apis/openapi/amazonaws.com/logs/2014-03-28/meta/import/input-entry.json	census 265	enumeration.tsv.gz
annotated-ref-shape	document	apis/openapi/amazonaws.com/logs/2014-03-28/meta/import/output-bundle.json	census 265	enumeration.tsv.gz
annotated-ref-shape	document	apis/openapi/amazonaws.com/logs/2014-03-28/meta/import/output-entry.json	census 265	enumeration.tsv.gz
annotated-ref-shape	document	apis/openapi/amazonaws.com/logs/2014-03-28/openapi.json	census 265	enumeration.tsv.gz
annotated-ref-shape	document	apis/openapi/amazonaws.com/lookoutmetrics/2017-07-25/meta/import/input-bundle.json	census 365	enumeration.tsv.gz
annotated-ref-shape	document	apis/openapi/amazonaws.com/lookoutmetrics/2017-07-25/meta/import/input-entry.json	census 365	enumeration.tsv.gz
annotated-ref-shape	document	apis/openapi/amazonaws.com/lookoutmetrics/2017-07-25/meta/import/output-bundle.json	census 365	enumeration.tsv.gz
annotated-ref-shape	document	apis/openapi/amazonaws.com/lookoutmetrics/2017-07-25/meta/import/output-entry.json	census 365	enumeration.tsv.gz
annotated-ref-shape	document	apis/openapi/amazonaws.com/lookoutmetrics/2017-07-25/openapi.json	census 365	enumeration.tsv.gz
annotated-ref-shape	document	apis/openapi/amazonaws.com/managedblockchain/2018-09-24/meta/import/input-bundle.json	census 222	enumeration.tsv.gz
annotated-ref-shape	document	apis/openapi/amazonaws.com/managedblockchain/2018-09-24/meta/import/input-entry.json	census 222	enumeration.tsv.gz
annotated-ref-shape	document	apis/openapi/amazonaws.com/managedblockchain/2018-09-24/meta/import/output-bundle.json	census 222	enumeration.tsv.gz
annotated-ref-shape	document	apis/openapi/amazonaws.com/managedblockchain/2018-09-24/meta/import/output-entry.json	census 222	enumeration.tsv.gz
annotated-ref-shape	document	apis/openapi/amazonaws.com/managedblockchain/2018-09-24/openapi.json	census 222	enumeration.tsv.gz
annotated-ref-shape	document	apis/openapi/amazonaws.com/marketplace-catalog/2018-09-17/meta/import/input-bundle.json	census 86	enumeration.tsv.gz
annotated-ref-shape	document	apis/openapi/amazonaws.com/marketplace-catalog/2018-09-17/meta/import/input-entry.json	census 86	enumeration.tsv.gz
annotated-ref-shape	document	apis/openapi/amazonaws.com/marketplace-catalog/2018-09-17/meta/import/output-bundle.json	census 86	enumeration.tsv.gz
annotated-ref-shape	document	apis/openapi/amazonaws.com/marketplace-catalog/2018-09-17/meta/import/output-entry.json	census 86	enumeration.tsv.gz
annotated-ref-shape	document	apis/openapi/amazonaws.com/marketplace-catalog/2018-09-17/openapi.json	census 86	enumeration.tsv.gz
annotated-ref-shape	document	apis/openapi/amazonaws.com/mediapackage-vod/2018-11-07/meta/import/input-bundle.json	census 198	enumeration.tsv.gz
annotated-ref-shape	document	apis/openapi/amazonaws.com/mediapackage-vod/2018-11-07/meta/import/input-entry.json	census 198	enumeration.tsv.gz
annotated-ref-shape	document	apis/openapi/amazonaws.com/mediapackage-vod/2018-11-07/meta/import/output-bundle.json	census 198	enumeration.tsv.gz
annotated-ref-shape	document	apis/openapi/amazonaws.com/mediapackage-vod/2018-11-07/meta/import/output-entry.json	census 198	enumeration.tsv.gz
annotated-ref-shape	document	apis/openapi/amazonaws.com/mediapackage-vod/2018-11-07/openapi.json	census 198	enumeration.tsv.gz
annotated-ref-shape	document	apis/openapi/amazonaws.com/mediastore/2017-09-01/meta/import/input-bundle.json	census 55	enumeration.tsv.gz
annotated-ref-shape	document	apis/openapi/amazonaws.com/mediastore/2017-09-01/meta/import/input-entry.json	census 55	enumeration.tsv.gz
annotated-ref-shape	document	apis/openapi/amazonaws.com/mediastore/2017-09-01/meta/import/output-bundle.json	census 55	enumeration.tsv.gz
annotated-ref-shape	document	apis/openapi/amazonaws.com/mediastore/2017-09-01/meta/import/output-entry.json	census 55	enumeration.tsv.gz
annotated-ref-shape	document	apis/openapi/amazonaws.com/mediastore/2017-09-01/openapi.json	census 55	enumeration.tsv.gz
annotated-ref-shape	document	apis/openapi/amazonaws.com/mediatailor/2018-04-23/meta/import/input-bundle.json	census 455	enumeration.tsv.gz
annotated-ref-shape	document	apis/openapi/amazonaws.com/mediatailor/2018-04-23/meta/import/input-entry.json	census 455	enumeration.tsv.gz
annotated-ref-shape	document	apis/openapi/amazonaws.com/mediatailor/2018-04-23/meta/import/output-bundle.json	census 455	enumeration.tsv.gz
annotated-ref-shape	document	apis/openapi/amazonaws.com/mediatailor/2018-04-23/meta/import/output-entry.json	census 455	enumeration.tsv.gz
annotated-ref-shape	document	apis/openapi/amazonaws.com/mediatailor/2018-04-23/openapi.json	census 455	enumeration.tsv.gz
annotated-ref-shape	document	apis/openapi/amazonaws.com/meteringmarketplace/2016-01-14/meta/import/input-bundle.json	census 32	enumeration.tsv.gz
annotated-ref-shape	document	apis/openapi/amazonaws.com/meteringmarketplace/2016-01-14/meta/import/input-entry.json	census 32	enumeration.tsv.gz
annotated-ref-shape	document	apis/openapi/amazonaws.com/meteringmarketplace/2016-01-14/meta/import/output-bundle.json	census 32	enumeration.tsv.gz
annotated-ref-shape	document	apis/openapi/amazonaws.com/meteringmarketplace/2016-01-14/meta/import/output-entry.json	census 32	enumeration.tsv.gz
annotated-ref-shape	document	apis/openapi/amazonaws.com/meteringmarketplace/2016-01-14/openapi.json	census 32	enumeration.tsv.gz
annotated-ref-shape	document	apis/openapi/amazonaws.com/mgn/2020-02-26/meta/import/input-bundle.json	census 594	enumeration.tsv.gz
annotated-ref-shape	document	apis/openapi/amazonaws.com/mgn/2020-02-26/meta/import/input-entry.json	census 594	enumeration.tsv.gz
annotated-ref-shape	document	apis/openapi/amazonaws.com/mgn/2020-02-26/meta/import/output-bundle.json	census 594	enumeration.tsv.gz
annotated-ref-shape	document	apis/openapi/amazonaws.com/mgn/2020-02-26/meta/import/output-entry.json	census 594	enumeration.tsv.gz
annotated-ref-shape	document	apis/openapi/amazonaws.com/mgn/2020-02-26/openapi.json	census 594	enumeration.tsv.gz
annotated-ref-shape	document	apis/openapi/amazonaws.com/migrationhub-config/2019-06-30/meta/import/input-bundle.json	census 18	enumeration.tsv.gz
annotated-ref-shape	document	apis/openapi/amazonaws.com/migrationhub-config/2019-06-30/meta/import/input-entry.json	census 18	enumeration.tsv.gz
annotated-ref-shape	document	apis/openapi/amazonaws.com/migrationhub-config/2019-06-30/meta/import/output-bundle.json	census 18	enumeration.tsv.gz
annotated-ref-shape	document	apis/openapi/amazonaws.com/migrationhub-config/2019-06-30/meta/import/output-entry.json	census 18	enumeration.tsv.gz
annotated-ref-shape	document	apis/openapi/amazonaws.com/migrationhub-config/2019-06-30/openapi.json	census 18	enumeration.tsv.gz
annotated-ref-shape	document	apis/openapi/amazonaws.com/mobile/2017-07-01/meta/import/input-bundle.json	census 18	enumeration.tsv.gz
annotated-ref-shape	document	apis/openapi/amazonaws.com/mobile/2017-07-01/meta/import/input-entry.json	census 18	enumeration.tsv.gz
annotated-ref-shape	document	apis/openapi/amazonaws.com/mobile/2017-07-01/meta/import/output-bundle.json	census 18	enumeration.tsv.gz
annotated-ref-shape	document	apis/openapi/amazonaws.com/mobile/2017-07-01/meta/import/output-entry.json	census 18	enumeration.tsv.gz
annotated-ref-shape	document	apis/openapi/amazonaws.com/mobile/2017-07-01/openapi.json	census 18	enumeration.tsv.gz
annotated-ref-shape	document	apis/openapi/amazonaws.com/mobileanalytics/2014-06-05/meta/import/input-bundle.json	census 12	enumeration.tsv.gz
annotated-ref-shape	document	apis/openapi/amazonaws.com/mobileanalytics/2014-06-05/meta/import/input-entry.json	census 12	enumeration.tsv.gz
annotated-ref-shape	document	apis/openapi/amazonaws.com/mobileanalytics/2014-06-05/meta/import/output-bundle.json	census 12	enumeration.tsv.gz
annotated-ref-shape	document	apis/openapi/amazonaws.com/mobileanalytics/2014-06-05/meta/import/output-entry.json	census 12	enumeration.tsv.gz
annotated-ref-shape	document	apis/openapi/amazonaws.com/mobileanalytics/2014-06-05/openapi.json	census 12	enumeration.tsv.gz
annotated-ref-shape	document	apis/openapi/amazonaws.com/modelslexv2/2020-08-07/meta/import/input-bundle.json	census 1130	enumeration.tsv.gz
annotated-ref-shape	document	apis/openapi/amazonaws.com/modelslexv2/2020-08-07/meta/import/input-entry.json	census 1130	enumeration.tsv.gz
annotated-ref-shape	document	apis/openapi/amazonaws.com/modelslexv2/2020-08-07/meta/import/output-bundle.json	census 1130	enumeration.tsv.gz
annotated-ref-shape	document	apis/openapi/amazonaws.com/modelslexv2/2020-08-07/meta/import/output-entry.json	census 1130	enumeration.tsv.gz
annotated-ref-shape	document	apis/openapi/amazonaws.com/modelslexv2/2020-08-07/openapi.json	census 1130	enumeration.tsv.gz
annotated-ref-shape	document	apis/openapi/amazonaws.com/monitoring/2010-08-01/meta/import/input-bundle.json	census 391	enumeration.tsv.gz
annotated-ref-shape	document	apis/openapi/amazonaws.com/monitoring/2010-08-01/meta/import/input-entry.json	census 391	enumeration.tsv.gz
annotated-ref-shape	document	apis/openapi/amazonaws.com/monitoring/2010-08-01/meta/import/output-bundle.json	census 391	enumeration.tsv.gz
annotated-ref-shape	document	apis/openapi/amazonaws.com/monitoring/2010-08-01/meta/import/output-entry.json	census 391	enumeration.tsv.gz
annotated-ref-shape	document	apis/openapi/amazonaws.com/monitoring/2010-08-01/openapi.json	census 391	enumeration.tsv.gz
annotated-ref-shape	document	apis/openapi/amazonaws.com/mq/2017-11-27/meta/import/input-bundle.json	census 261	enumeration.tsv.gz
annotated-ref-shape	document	apis/openapi/amazonaws.com/mq/2017-11-27/meta/import/input-entry.json	census 261	enumeration.tsv.gz
annotated-ref-shape	document	apis/openapi/amazonaws.com/mq/2017-11-27/meta/import/output-bundle.json	census 261	enumeration.tsv.gz
annotated-ref-shape	document	apis/openapi/amazonaws.com/mq/2017-11-27/meta/import/output-entry.json	census 261	enumeration.tsv.gz
annotated-ref-shape	document	apis/openapi/amazonaws.com/mq/2017-11-27/openapi.json	census 261	enumeration.tsv.gz
annotated-ref-shape	document	apis/openapi/amazonaws.com/mturk-requester/2017-01-17/meta/import/input-bundle.json	census 271	enumeration.tsv.gz
annotated-ref-shape	document	apis/openapi/amazonaws.com/mturk-requester/2017-01-17/meta/import/input-entry.json	census 271	enumeration.tsv.gz
annotated-ref-shape	document	apis/openapi/amazonaws.com/mturk-requester/2017-01-17/meta/import/output-bundle.json	census 271	enumeration.tsv.gz
annotated-ref-shape	document	apis/openapi/amazonaws.com/mturk-requester/2017-01-17/meta/import/output-entry.json	census 271	enumeration.tsv.gz
annotated-ref-shape	document	apis/openapi/amazonaws.com/mturk-requester/2017-01-17/openapi.json	census 271	enumeration.tsv.gz
annotated-ref-shape	document	apis/openapi/amazonaws.com/network-firewall/2020-11-12/meta/import/input-bundle.json	census 377	enumeration.tsv.gz
annotated-ref-shape	document	apis/openapi/amazonaws.com/network-firewall/2020-11-12/meta/import/input-entry.json	census 377	enumeration.tsv.gz
annotated-ref-shape	document	apis/openapi/amazonaws.com/network-firewall/2020-11-12/meta/import/output-bundle.json	census 377	enumeration.tsv.gz
annotated-ref-shape	document	apis/openapi/amazonaws.com/network-firewall/2020-11-12/meta/import/output-entry.json	census 377	enumeration.tsv.gz
annotated-ref-shape	document	apis/openapi/amazonaws.com/network-firewall/2020-11-12/openapi.json	census 377	enumeration.tsv.gz
annotated-ref-shape	document	apis/openapi/amazonaws.com/nimble/2020-08-01/meta/import/input-bundle.json	census 367	enumeration.tsv.gz
annotated-ref-shape	document	apis/openapi/amazonaws.com/nimble/2020-08-01/meta/import/input-entry.json	census 367	enumeration.tsv.gz
annotated-ref-shape	document	apis/openapi/amazonaws.com/nimble/2020-08-01/meta/import/output-bundle.json	census 367	enumeration.tsv.gz
annotated-ref-shape	document	apis/openapi/amazonaws.com/nimble/2020-08-01/meta/import/output-entry.json	census 367	enumeration.tsv.gz
annotated-ref-shape	document	apis/openapi/amazonaws.com/nimble/2020-08-01/openapi.json	census 367	enumeration.tsv.gz
annotated-ref-shape	document	apis/openapi/amazonaws.com/opsworks/2013-02-18/meta/import/input-bundle.json	census 644	enumeration.tsv.gz
annotated-ref-shape	document	apis/openapi/amazonaws.com/opsworks/2013-02-18/meta/import/input-entry.json	census 644	enumeration.tsv.gz
annotated-ref-shape	document	apis/openapi/amazonaws.com/opsworks/2013-02-18/meta/import/output-bundle.json	census 644	enumeration.tsv.gz
annotated-ref-shape	document	apis/openapi/amazonaws.com/opsworks/2013-02-18/meta/import/output-entry.json	census 644	enumeration.tsv.gz
annotated-ref-shape	document	apis/openapi/amazonaws.com/opsworks/2013-02-18/openapi.json	census 644	enumeration.tsv.gz
annotated-ref-shape	document	apis/openapi/amazonaws.com/opsworkscm/2016-11-01/meta/import/input-bundle.json	census 145	enumeration.tsv.gz
annotated-ref-shape	document	apis/openapi/amazonaws.com/opsworkscm/2016-11-01/meta/import/input-entry.json	census 145	enumeration.tsv.gz
annotated-ref-shape	document	apis/openapi/amazonaws.com/opsworkscm/2016-11-01/meta/import/output-bundle.json	census 145	enumeration.tsv.gz
annotated-ref-shape	document	apis/openapi/amazonaws.com/opsworkscm/2016-11-01/meta/import/output-entry.json	census 145	enumeration.tsv.gz
annotated-ref-shape	document	apis/openapi/amazonaws.com/opsworkscm/2016-11-01/openapi.json	census 145	enumeration.tsv.gz
annotated-ref-shape	document	apis/openapi/amazonaws.com/personalize-runtime/2018-05-22/meta/import/input-bundle.json	census 26	enumeration.tsv.gz
annotated-ref-shape	document	apis/openapi/amazonaws.com/personalize-runtime/2018-05-22/meta/import/input-entry.json	census 26	enumeration.tsv.gz
annotated-ref-shape	document	apis/openapi/amazonaws.com/personalize-runtime/2018-05-22/meta/import/output-bundle.json	census 26	enumeration.tsv.gz
annotated-ref-shape	document	apis/openapi/amazonaws.com/personalize-runtime/2018-05-22/meta/import/output-entry.json	census 26	enumeration.tsv.gz
annotated-ref-shape	document	apis/openapi/amazonaws.com/personalize-runtime/2018-05-22/openapi.json	census 26	enumeration.tsv.gz
annotated-ref-shape	document	apis/openapi/amazonaws.com/pi/2018-02-27/meta/import/input-bundle.json	census 84	enumeration.tsv.gz
annotated-ref-shape	document	apis/openapi/amazonaws.com/pi/2018-02-27/meta/import/input-entry.json	census 84	enumeration.tsv.gz
annotated-ref-shape	document	apis/openapi/amazonaws.com/pi/2018-02-27/meta/import/output-bundle.json	census 84	enumeration.tsv.gz
annotated-ref-shape	document	apis/openapi/amazonaws.com/pi/2018-02-27/meta/import/output-entry.json	census 84	enumeration.tsv.gz
annotated-ref-shape	document	apis/openapi/amazonaws.com/pi/2018-02-27/openapi.json	census 84	enumeration.tsv.gz
annotated-ref-shape	document	apis/openapi/amazonaws.com/pinpoint-email/2018-07-26/meta/import/input-bundle.json	census 232	enumeration.tsv.gz
annotated-ref-shape	document	apis/openapi/amazonaws.com/pinpoint-email/2018-07-26/meta/import/input-entry.json	census 232	enumeration.tsv.gz
annotated-ref-shape	document	apis/openapi/amazonaws.com/pinpoint-email/2018-07-26/meta/import/output-bundle.json	census 232	enumeration.tsv.gz
annotated-ref-shape	document	apis/openapi/amazonaws.com/pinpoint-email/2018-07-26/meta/import/output-entry.json	census 232	enumeration.tsv.gz
annotated-ref-shape	document	apis/openapi/amazonaws.com/pinpoint-email/2018-07-26/openapi.json	census 232	enumeration.tsv.gz
annotated-ref-shape	document	apis/openapi/amazonaws.com/polly/2016-06-10/meta/import/input-bundle.json	census 65	enumeration.tsv.gz
annotated-ref-shape	document	apis/openapi/amazonaws.com/polly/2016-06-10/meta/import/input-entry.json	census 65	enumeration.tsv.gz
annotated-ref-shape	document	apis/openapi/amazonaws.com/polly/2016-06-10/meta/import/output-bundle.json	census 65	enumeration.tsv.gz
annotated-ref-shape	document	apis/openapi/amazonaws.com/polly/2016-06-10/meta/import/output-entry.json	census 65	enumeration.tsv.gz
annotated-ref-shape	document	apis/openapi/amazonaws.com/polly/2016-06-10/openapi.json	census 65	enumeration.tsv.gz
annotated-ref-shape	document	apis/openapi/amazonaws.com/pricing/2017-10-15/meta/import/input-bundle.json	census 42	enumeration.tsv.gz
annotated-ref-shape	document	apis/openapi/amazonaws.com/pricing/2017-10-15/meta/import/input-entry.json	census 42	enumeration.tsv.gz
annotated-ref-shape	document	apis/openapi/amazonaws.com/pricing/2017-10-15/meta/import/output-bundle.json	census 42	enumeration.tsv.gz
annotated-ref-shape	document	apis/openapi/amazonaws.com/pricing/2017-10-15/meta/import/output-entry.json	census 42	enumeration.tsv.gz
annotated-ref-shape	document	apis/openapi/amazonaws.com/pricing/2017-10-15/openapi.json	census 42	enumeration.tsv.gz
annotated-ref-shape	document	apis/openapi/amazonaws.com/qldb-session/2019-07-11/meta/import/input-bundle.json	census 46	enumeration.tsv.gz
annotated-ref-shape	document	apis/openapi/amazonaws.com/qldb-session/2019-07-11/meta/import/input-entry.json	census 46	enumeration.tsv.gz
annotated-ref-shape	document	apis/openapi/amazonaws.com/qldb-session/2019-07-11/meta/import/output-bundle.json	census 46	enumeration.tsv.gz
annotated-ref-shape	document	apis/openapi/amazonaws.com/qldb-session/2019-07-11/meta/import/output-entry.json	census 46	enumeration.tsv.gz
annotated-ref-shape	document	apis/openapi/amazonaws.com/qldb-session/2019-07-11/openapi.json	census 46	enumeration.tsv.gz
annotated-ref-shape	document	apis/openapi/amazonaws.com/ram/2018-01-04/meta/import/input-bundle.json	census 277	enumeration.tsv.gz
annotated-ref-shape	document	apis/openapi/amazonaws.com/ram/2018-01-04/meta/import/input-entry.json	census 277	enumeration.tsv.gz
annotated-ref-shape	document	apis/openapi/amazonaws.com/ram/2018-01-04/meta/import/output-bundle.json	census 277	enumeration.tsv.gz
annotated-ref-shape	document	apis/openapi/amazonaws.com/ram/2018-01-04/meta/import/output-entry.json	census 277	enumeration.tsv.gz
annotated-ref-shape	document	apis/openapi/amazonaws.com/ram/2018-01-04/openapi.json	census 277	enumeration.tsv.gz
annotated-ref-shape	document	apis/openapi/amazonaws.com/rds-data/2018-08-01/meta/import/input-bundle.json	census 95	enumeration.tsv.gz
annotated-ref-shape	document	apis/openapi/amazonaws.com/rds-data/2018-08-01/meta/import/input-entry.json	census 95	enumeration.tsv.gz
annotated-ref-shape	document	apis/openapi/amazonaws.com/rds-data/2018-08-01/meta/import/output-bundle.json	census 95	enumeration.tsv.gz
annotated-ref-shape	document	apis/openapi/amazonaws.com/rds-data/2018-08-01/meta/import/output-entry.json	census 95	enumeration.tsv.gz
annotated-ref-shape	document	apis/openapi/amazonaws.com/rds-data/2018-08-01/openapi.json	census 95	enumeration.tsv.gz
annotated-ref-shape	document	apis/openapi/amazonaws.com/redshift-data/2019-12-20/meta/import/input-bundle.json	census 158	enumeration.tsv.gz
annotated-ref-shape	document	apis/openapi/amazonaws.com/redshift-data/2019-12-20/meta/import/input-entry.json	census 158	enumeration.tsv.gz
annotated-ref-shape	document	apis/openapi/amazonaws.com/redshift-data/2019-12-20/meta/import/output-bundle.json	census 158	enumeration.tsv.gz
annotated-ref-shape	document	apis/openapi/amazonaws.com/redshift-data/2019-12-20/meta/import/output-entry.json	census 158	enumeration.tsv.gz
annotated-ref-shape	document	apis/openapi/amazonaws.com/redshift-data/2019-12-20/openapi.json	census 158	enumeration.tsv.gz
annotated-ref-shape	document	apis/openapi/amazonaws.com/rekognition/2016-06-27/meta/import/input-bundle.json	census 677	enumeration.tsv.gz
annotated-ref-shape	document	apis/openapi/amazonaws.com/rekognition/2016-06-27/meta/import/input-entry.json	census 677	enumeration.tsv.gz
annotated-ref-shape	document	apis/openapi/amazonaws.com/rekognition/2016-06-27/meta/import/output-bundle.json	census 677	enumeration.tsv.gz
annotated-ref-shape	document	apis/openapi/amazonaws.com/rekognition/2016-06-27/meta/import/output-entry.json	census 677	enumeration.tsv.gz
annotated-ref-shape	document	apis/openapi/amazonaws.com/rekognition/2016-06-27/openapi.json	census 677	enumeration.tsv.gz
annotated-ref-shape	document	apis/openapi/amazonaws.com/resource-groups/2017-11-27/meta/import/input-bundle.json	census 110	enumeration.tsv.gz
annotated-ref-shape	document	apis/openapi/amazonaws.com/resource-groups/2017-11-27/meta/import/input-entry.json	census 110	enumeration.tsv.gz
annotated-ref-shape	document	apis/openapi/amazonaws.com/resource-groups/2017-11-27/meta/import/output-bundle.json	census 110	enumeration.tsv.gz
annotated-ref-shape	document	apis/openapi/amazonaws.com/resource-groups/2017-11-27/meta/import/output-entry.json	census 110	enumeration.tsv.gz
annotated-ref-shape	document	apis/openapi/amazonaws.com/resource-groups/2017-11-27/openapi.json	census 110	enumeration.tsv.gz
annotated-ref-shape	document	apis/openapi/amazonaws.com/resourcegroupstaggingapi/2017-01-26/meta/import/input-bundle.json	census 55	enumeration.tsv.gz
annotated-ref-shape	document	apis/openapi/amazonaws.com/resourcegroupstaggingapi/2017-01-26/meta/import/input-entry.json	census 55	enumeration.tsv.gz
annotated-ref-shape	document	apis/openapi/amazonaws.com/resourcegroupstaggingapi/2017-01-26/meta/import/output-bundle.json	census 55	enumeration.tsv.gz
annotated-ref-shape	document	apis/openapi/amazonaws.com/resourcegroupstaggingapi/2017-01-26/meta/import/output-entry.json	census 55	enumeration.tsv.gz
annotated-ref-shape	document	apis/openapi/amazonaws.com/resourcegroupstaggingapi/2017-01-26/openapi.json	census 55	enumeration.tsv.gz
annotated-ref-shape	document	apis/openapi/amazonaws.com/robomaker/2018-06-29/meta/import/input-bundle.json	census 699	enumeration.tsv.gz
annotated-ref-shape	document	apis/openapi/amazonaws.com/robomaker/2018-06-29/meta/import/input-entry.json	census 699	enumeration.tsv.gz
annotated-ref-shape	document	apis/openapi/amazonaws.com/robomaker/2018-06-29/meta/import/output-bundle.json	census 699	enumeration.tsv.gz
annotated-ref-shape	document	apis/openapi/amazonaws.com/robomaker/2018-06-29/meta/import/output-entry.json	census 699	enumeration.tsv.gz
annotated-ref-shape	document	apis/openapi/amazonaws.com/robomaker/2018-06-29/openapi.json	census 699	enumeration.tsv.gz
annotated-ref-shape	document	apis/openapi/amazonaws.com/route53/2013-04-01/meta/import/input-bundle.json	census 411	enumeration.tsv.gz
annotated-ref-shape	document	apis/openapi/amazonaws.com/route53/2013-04-01/meta/import/input-entry.json	census 411	enumeration.tsv.gz
annotated-ref-shape	document	apis/openapi/amazonaws.com/route53/2013-04-01/meta/import/output-bundle.json	census 411	enumeration.tsv.gz
annotated-ref-shape	document	apis/openapi/amazonaws.com/route53/2013-04-01/meta/import/output-entry.json	census 411	enumeration.tsv.gz
annotated-ref-shape	document	apis/openapi/amazonaws.com/route53/2013-04-01/openapi.json	census 411	enumeration.tsv.gz
annotated-ref-shape	document	apis/openapi/amazonaws.com/runtimelexv2/2020-08-07/meta/import/input-bundle.json	census 85	enumeration.tsv.gz
annotated-ref-shape	document	apis/openapi/amazonaws.com/runtimelexv2/2020-08-07/meta/import/input-entry.json	census 85	enumeration.tsv.gz
annotated-ref-shape	document	apis/openapi/amazonaws.com/runtimelexv2/2020-08-07/meta/import/output-bundle.json	census 85	enumeration.tsv.gz
annotated-ref-shape	document	apis/openapi/amazonaws.com/runtimelexv2/2020-08-07/meta/import/output-entry.json	census 85	enumeration.tsv.gz
annotated-ref-shape	document	apis/openapi/amazonaws.com/runtimelexv2/2020-08-07/openapi.json	census 85	enumeration.tsv.gz
annotated-ref-shape	document	apis/openapi/amazonaws.com/sagemaker-a2i-runtime/2019-11-07/meta/import/input-bundle.json	census 26	enumeration.tsv.gz
annotated-ref-shape	document	apis/openapi/amazonaws.com/sagemaker-a2i-runtime/2019-11-07/meta/import/input-entry.json	census 26	enumeration.tsv.gz
annotated-ref-shape	document	apis/openapi/amazonaws.com/sagemaker-a2i-runtime/2019-11-07/meta/import/output-bundle.json	census 26	enumeration.tsv.gz
annotated-ref-shape	document	apis/openapi/amazonaws.com/sagemaker-a2i-runtime/2019-11-07/meta/import/output-entry.json	census 26	enumeration.tsv.gz
annotated-ref-shape	document	apis/openapi/amazonaws.com/sagemaker-a2i-runtime/2019-11-07/openapi.json	census 26	enumeration.tsv.gz
annotated-ref-shape	document	apis/openapi/amazonaws.com/sagemaker-edge/2020-09-23/meta/import/input-bundle.json	census 52	enumeration.tsv.gz
annotated-ref-shape	document	apis/openapi/amazonaws.com/sagemaker-edge/2020-09-23/meta/import/input-entry.json	census 52	enumeration.tsv.gz
annotated-ref-shape	document	apis/openapi/amazonaws.com/sagemaker-edge/2020-09-23/meta/import/output-bundle.json	census 52	enumeration.tsv.gz
annotated-ref-shape	document	apis/openapi/amazonaws.com/sagemaker-edge/2020-09-23/meta/import/output-entry.json	census 52	enumeration.tsv.gz
annotated-ref-shape	document	apis/openapi/amazonaws.com/sagemaker-edge/2020-09-23/openapi.json	census 52	enumeration.tsv.gz
annotated-ref-shape	document	apis/openapi/amazonaws.com/sagemaker/2017-07-24/meta/import/input-bundle.json	census 4108	enumeration.tsv.gz
annotated-ref-shape	document	apis/openapi/amazonaws.com/sagemaker/2017-07-24/meta/import/input-entry.json	census 4108	enumeration.tsv.gz
annotated-ref-shape	document	apis/openapi/amazonaws.com/sagemaker/2017-07-24/meta/import/output-bundle.json	census 4108	enumeration.tsv.gz
annotated-ref-shape	document	apis/openapi/amazonaws.com/sagemaker/2017-07-24/meta/import/output-entry.json	census 4108	enumeration.tsv.gz
annotated-ref-shape	document	apis/openapi/amazonaws.com/sagemaker/2017-07-24/openapi.json	census 4108	enumeration.tsv.gz
annotated-ref-shape	document	apis/openapi/amazonaws.com/savingsplans/2019-06-28/meta/import/input-bundle.json	census 118	enumeration.tsv.gz
annotated-ref-shape	document	apis/openapi/amazonaws.com/savingsplans/2019-06-28/meta/import/input-entry.json	census 118	enumeration.tsv.gz
annotated-ref-shape	document	apis/openapi/amazonaws.com/savingsplans/2019-06-28/meta/import/output-bundle.json	census 118	enumeration.tsv.gz
annotated-ref-shape	document	apis/openapi/amazonaws.com/savingsplans/2019-06-28/meta/import/output-entry.json	census 118	enumeration.tsv.gz
annotated-ref-shape	document	apis/openapi/amazonaws.com/savingsplans/2019-06-28/openapi.json	census 118	enumeration.tsv.gz
annotated-ref-shape	document	apis/openapi/amazonaws.com/schemas/2019-12-02/meta/import/input-bundle.json	census 133	enumeration.tsv.gz
annotated-ref-shape	document	apis/openapi/amazonaws.com/schemas/2019-12-02/meta/import/input-entry.json	census 133	enumeration.tsv.gz
annotated-ref-shape	document	apis/openapi/amazonaws.com/schemas/2019-12-02/meta/import/output-bundle.json	census 133	enumeration.tsv.gz
annotated-ref-shape	document	apis/openapi/amazonaws.com/schemas/2019-12-02/meta/import/output-entry.json	census 133	enumeration.tsv.gz
annotated-ref-shape	document	apis/openapi/amazonaws.com/schemas/2019-12-02/openapi.json	census 133	enumeration.tsv.gz
annotated-ref-shape	document	apis/openapi/amazonaws.com/sdb/2009-04-15/meta/import/input-bundle.json	census 73	enumeration.tsv.gz
annotated-ref-shape	document	apis/openapi/amazonaws.com/sdb/2009-04-15/meta/import/input-entry.json	census 73	enumeration.tsv.gz
annotated-ref-shape	document	apis/openapi/amazonaws.com/sdb/2009-04-15/meta/import/output-bundle.json	census 73	enumeration.tsv.gz
annotated-ref-shape	document	apis/openapi/amazonaws.com/sdb/2009-04-15/meta/import/output-entry.json	census 73	enumeration.tsv.gz
annotated-ref-shape	document	apis/openapi/amazonaws.com/sdb/2009-04-15/openapi.json	census 73	enumeration.tsv.gz
annotated-ref-shape	document	apis/openapi/amazonaws.com/securityhub/2018-10-26/meta/import/input-bundle.json	census 3223	enumeration.tsv.gz
annotated-ref-shape	document	apis/openapi/amazonaws.com/securityhub/2018-10-26/meta/import/input-entry.json	census 3223	enumeration.tsv.gz
annotated-ref-shape	document	apis/openapi/amazonaws.com/securityhub/2018-10-26/meta/import/output-bundle.json	census 3223	enumeration.tsv.gz
annotated-ref-shape	document	apis/openapi/amazonaws.com/securityhub/2018-10-26/meta/import/output-entry.json	census 3223	enumeration.tsv.gz
annotated-ref-shape	document	apis/openapi/amazonaws.com/securityhub/2018-10-26/openapi.json	census 3223	enumeration.tsv.gz
annotated-ref-shape	document	apis/openapi/amazonaws.com/servicecatalog-appregistry/2020-06-24/meta/import/input-bundle.json	census 112	enumeration.tsv.gz
annotated-ref-shape	document	apis/openapi/amazonaws.com/servicecatalog-appregistry/2020-06-24/meta/import/input-entry.json	census 112	enumeration.tsv.gz
annotated-ref-shape	document	apis/openapi/amazonaws.com/servicecatalog-appregistry/2020-06-24/meta/import/output-bundle.json	census 112	enumeration.tsv.gz
annotated-ref-shape	document	apis/openapi/amazonaws.com/servicecatalog-appregistry/2020-06-24/meta/import/output-entry.json	census 112	enumeration.tsv.gz
annotated-ref-shape	document	apis/openapi/amazonaws.com/servicecatalog-appregistry/2020-06-24/openapi.json	census 112	enumeration.tsv.gz
annotated-ref-shape	document	apis/openapi/amazonaws.com/servicediscovery/2017-03-14/meta/import/input-bundle.json	census 208	enumeration.tsv.gz
annotated-ref-shape	document	apis/openapi/amazonaws.com/servicediscovery/2017-03-14/meta/import/input-entry.json	census 208	enumeration.tsv.gz
annotated-ref-shape	document	apis/openapi/amazonaws.com/servicediscovery/2017-03-14/meta/import/output-bundle.json	census 208	enumeration.tsv.gz
annotated-ref-shape	document	apis/openapi/amazonaws.com/servicediscovery/2017-03-14/meta/import/output-entry.json	census 208	enumeration.tsv.gz
annotated-ref-shape	document	apis/openapi/amazonaws.com/servicediscovery/2017-03-14/openapi.json	census 208	enumeration.tsv.gz
annotated-ref-shape	document	apis/openapi/amazonaws.com/snowball/2016-06-30/meta/import/input-bundle.json	census 248	enumeration.tsv.gz
annotated-ref-shape	document	apis/openapi/amazonaws.com/snowball/2016-06-30/meta/import/input-entry.json	census 248	enumeration.tsv.gz
annotated-ref-shape	document	apis/openapi/amazonaws.com/snowball/2016-06-30/meta/import/output-bundle.json	census 248	enumeration.tsv.gz
annotated-ref-shape	document	apis/openapi/amazonaws.com/snowball/2016-06-30/meta/import/output-entry.json	census 248	enumeration.tsv.gz
annotated-ref-shape	document	apis/openapi/amazonaws.com/snowball/2016-06-30/openapi.json	census 248	enumeration.tsv.gz
annotated-ref-shape	document	apis/openapi/amazonaws.com/ssm-incidents/2018-05-10/meta/import/input-bundle.json	census 248	enumeration.tsv.gz
annotated-ref-shape	document	apis/openapi/amazonaws.com/ssm-incidents/2018-05-10/meta/import/input-entry.json	census 248	enumeration.tsv.gz
annotated-ref-shape	document	apis/openapi/amazonaws.com/ssm-incidents/2018-05-10/meta/import/output-bundle.json	census 248	enumeration.tsv.gz
annotated-ref-shape	document	apis/openapi/amazonaws.com/ssm-incidents/2018-05-10/meta/import/output-entry.json	census 248	enumeration.tsv.gz
annotated-ref-shape	document	apis/openapi/amazonaws.com/ssm-incidents/2018-05-10/openapi.json	census 248	enumeration.tsv.gz
annotated-ref-shape	document	apis/openapi/amazonaws.com/sso-admin/2020-07-20/meta/import/input-bundle.json	census 199	enumeration.tsv.gz
annotated-ref-shape	document	apis/openapi/amazonaws.com/sso-admin/2020-07-20/meta/import/input-entry.json	census 199	enumeration.tsv.gz
annotated-ref-shape	document	apis/openapi/amazonaws.com/sso-admin/2020-07-20/meta/import/output-bundle.json	census 199	enumeration.tsv.gz
annotated-ref-shape	document	apis/openapi/amazonaws.com/sso-admin/2020-07-20/meta/import/output-entry.json	census 199	enumeration.tsv.gz
annotated-ref-shape	document	apis/openapi/amazonaws.com/sso-admin/2020-07-20/openapi.json	census 199	enumeration.tsv.gz
annotated-ref-shape	document	apis/openapi/amazonaws.com/sso-oidc/2019-06-10/meta/import/input-bundle.json	census 31	enumeration.tsv.gz
annotated-ref-shape	document	apis/openapi/amazonaws.com/sso-oidc/2019-06-10/meta/import/input-entry.json	census 31	enumeration.tsv.gz
annotated-ref-shape	document	apis/openapi/amazonaws.com/sso-oidc/2019-06-10/meta/import/output-bundle.json	census 31	enumeration.tsv.gz
annotated-ref-shape	document	apis/openapi/amazonaws.com/sso-oidc/2019-06-10/meta/import/output-entry.json	census 31	enumeration.tsv.gz
annotated-ref-shape	document	apis/openapi/amazonaws.com/sso-oidc/2019-06-10/openapi.json	census 31	enumeration.tsv.gz
annotated-ref-shape	document	apis/openapi/amazonaws.com/sso/2019-06-10/meta/import/input-bundle.json	census 14	enumeration.tsv.gz
annotated-ref-shape	document	apis/openapi/amazonaws.com/sso/2019-06-10/meta/import/input-entry.json	census 14	enumeration.tsv.gz
annotated-ref-shape	document	apis/openapi/amazonaws.com/sso/2019-06-10/meta/import/output-bundle.json	census 14	enumeration.tsv.gz
annotated-ref-shape	document	apis/openapi/amazonaws.com/sso/2019-06-10/meta/import/output-entry.json	census 14	enumeration.tsv.gz
annotated-ref-shape	document	apis/openapi/amazonaws.com/sso/2019-06-10/openapi.json	census 14	enumeration.tsv.gz
annotated-ref-shape	document	apis/openapi/amazonaws.com/states/2016-11-23/meta/import/input-bundle.json	census 296	enumeration.tsv.gz
annotated-ref-shape	document	apis/openapi/amazonaws.com/states/2016-11-23/meta/import/input-entry.json	census 296	enumeration.tsv.gz
annotated-ref-shape	document	apis/openapi/amazonaws.com/states/2016-11-23/meta/import/output-bundle.json	census 296	enumeration.tsv.gz
annotated-ref-shape	document	apis/openapi/amazonaws.com/states/2016-11-23/meta/import/output-entry.json	census 296	enumeration.tsv.gz
annotated-ref-shape	document	apis/openapi/amazonaws.com/states/2016-11-23/openapi.json	census 296	enumeration.tsv.gz
annotated-ref-shape	document	apis/openapi/amazonaws.com/sts/2011-06-15/meta/import/input-bundle.json	census 74	enumeration.tsv.gz
annotated-ref-shape	document	apis/openapi/amazonaws.com/sts/2011-06-15/meta/import/input-entry.json	census 74	enumeration.tsv.gz
annotated-ref-shape	document	apis/openapi/amazonaws.com/sts/2011-06-15/meta/import/output-bundle.json	census 74	enumeration.tsv.gz
annotated-ref-shape	document	apis/openapi/amazonaws.com/sts/2011-06-15/meta/import/output-entry.json	census 74	enumeration.tsv.gz
annotated-ref-shape	document	apis/openapi/amazonaws.com/sts/2011-06-15/openapi.json	census 74	enumeration.tsv.gz
annotated-ref-shape	document	apis/openapi/amazonaws.com/support/2013-04-15/meta/import/input-bundle.json	census 118	enumeration.tsv.gz
annotated-ref-shape	document	apis/openapi/amazonaws.com/support/2013-04-15/meta/import/input-entry.json	census 118	enumeration.tsv.gz
annotated-ref-shape	document	apis/openapi/amazonaws.com/support/2013-04-15/meta/import/output-bundle.json	census 118	enumeration.tsv.gz
annotated-ref-shape	document	apis/openapi/amazonaws.com/support/2013-04-15/meta/import/output-entry.json	census 118	enumeration.tsv.gz
annotated-ref-shape	document	apis/openapi/amazonaws.com/support/2013-04-15/openapi.json	census 118	enumeration.tsv.gz
annotated-ref-shape	document	apis/openapi/amazonaws.com/swf/2012-01-25/meta/import/input-bundle.json	census 592	enumeration.tsv.gz
annotated-ref-shape	document	apis/openapi/amazonaws.com/swf/2012-01-25/meta/import/input-entry.json	census 592	enumeration.tsv.gz
annotated-ref-shape	document	apis/openapi/amazonaws.com/swf/2012-01-25/meta/import/output-bundle.json	census 592	enumeration.tsv.gz
annotated-ref-shape	document	apis/openapi/amazonaws.com/swf/2012-01-25/meta/import/output-entry.json	census 592	enumeration.tsv.gz
annotated-ref-shape	document	apis/openapi/amazonaws.com/swf/2012-01-25/openapi.json	census 592	enumeration.tsv.gz
annotated-ref-shape	document	apis/openapi/amazonaws.com/textract/2018-06-27/meta/import/input-bundle.json	census 191	enumeration.tsv.gz
annotated-ref-shape	document	apis/openapi/amazonaws.com/textract/2018-06-27/meta/import/input-entry.json	census 191	enumeration.tsv.gz
annotated-ref-shape	document	apis/openapi/amazonaws.com/textract/2018-06-27/meta/import/output-bundle.json	census 191	enumeration.tsv.gz
annotated-ref-shape	document	apis/openapi/amazonaws.com/textract/2018-06-27/meta/import/output-entry.json	census 191	enumeration.tsv.gz
annotated-ref-shape	document	apis/openapi/amazonaws.com/textract/2018-06-27/openapi.json	census 191	enumeration.tsv.gz
annotated-ref-shape	document	apis/openapi/amazonaws.com/timestream-query/2018-11-01/meta/import/input-bundle.json	census 143	enumeration.tsv.gz
annotated-ref-shape	document	apis/openapi/amazonaws.com/timestream-query/2018-11-01/meta/import/input-entry.json	census 143	enumeration.tsv.gz
annotated-ref-shape	document	apis/openapi/amazonaws.com/timestream-query/2018-11-01/meta/import/output-bundle.json	census 143	enumeration.tsv.gz
annotated-ref-shape	document	apis/openapi/amazonaws.com/timestream-query/2018-11-01/meta/import/output-entry.json	census 143	enumeration.tsv.gz
annotated-ref-shape	document	apis/openapi/amazonaws.com/timestream-query/2018-11-01/openapi.json	census 143	enumeration.tsv.gz
annotated-ref-shape	document	apis/openapi/amazonaws.com/transcribe/2017-10-26/meta/import/input-bundle.json	census 390	enumeration.tsv.gz
annotated-ref-shape	document	apis/openapi/amazonaws.com/transcribe/2017-10-26/meta/import/input-entry.json	census 390	enumeration.tsv.gz
annotated-ref-shape	document	apis/openapi/amazonaws.com/transcribe/2017-10-26/meta/import/output-bundle.json	census 390	enumeration.tsv.gz
annotated-ref-shape	document	apis/openapi/amazonaws.com/transcribe/2017-10-26/meta/import/output-entry.json	census 390	enumeration.tsv.gz
annotated-ref-shape	document	apis/openapi/amazonaws.com/transcribe/2017-10-26/openapi.json	census 390	enumeration.tsv.gz
annotated-ref-shape	document	apis/openapi/amazonaws.com/waf/2015-08-24/meta/import/input-bundle.json	census 412	enumeration.tsv.gz
annotated-ref-shape	document	apis/openapi/amazonaws.com/waf/2015-08-24/meta/import/input-entry.json	census 412	enumeration.tsv.gz
annotated-ref-shape	document	apis/openapi/amazonaws.com/waf/2015-08-24/meta/import/output-bundle.json	census 412	enumeration.tsv.gz
annotated-ref-shape	document	apis/openapi/amazonaws.com/waf/2015-08-24/meta/import/output-entry.json	census 412	enumeration.tsv.gz
annotated-ref-shape	document	apis/openapi/amazonaws.com/waf/2015-08-24/openapi.json	census 412	enumeration.tsv.gz
annotated-ref-shape	document	apis/openapi/amazonaws.com/wellarchitected/2020-03-31/meta/import/input-bundle.json	census 125	enumeration.tsv.gz
annotated-ref-shape	document	apis/openapi/amazonaws.com/wellarchitected/2020-03-31/meta/import/input-entry.json	census 125	enumeration.tsv.gz
annotated-ref-shape	document	apis/openapi/amazonaws.com/wellarchitected/2020-03-31/meta/import/output-bundle.json	census 125	enumeration.tsv.gz
annotated-ref-shape	document	apis/openapi/amazonaws.com/wellarchitected/2020-03-31/meta/import/output-entry.json	census 125	enumeration.tsv.gz
annotated-ref-shape	document	apis/openapi/amazonaws.com/wellarchitected/2020-03-31/openapi.json	census 125	enumeration.tsv.gz
annotated-ref-shape	document	apis/openapi/amazonaws.com/worklink/2018-09-25/meta/import/input-bundle.json	census 138	enumeration.tsv.gz
annotated-ref-shape	document	apis/openapi/amazonaws.com/worklink/2018-09-25/meta/import/input-entry.json	census 138	enumeration.tsv.gz
annotated-ref-shape	document	apis/openapi/amazonaws.com/worklink/2018-09-25/meta/import/output-bundle.json	census 138	enumeration.tsv.gz
annotated-ref-shape	document	apis/openapi/amazonaws.com/worklink/2018-09-25/meta/import/output-entry.json	census 138	enumeration.tsv.gz
annotated-ref-shape	document	apis/openapi/amazonaws.com/worklink/2018-09-25/openapi.json	census 138	enumeration.tsv.gz
annotated-ref-shape	document	apis/openapi/amazonaws.com/xray/2016-04-12/meta/import/input-bundle.json	census 410	enumeration.tsv.gz
annotated-ref-shape	document	apis/openapi/amazonaws.com/xray/2016-04-12/meta/import/input-entry.json	census 410	enumeration.tsv.gz
annotated-ref-shape	document	apis/openapi/amazonaws.com/xray/2016-04-12/meta/import/output-bundle.json	census 410	enumeration.tsv.gz
annotated-ref-shape	document	apis/openapi/amazonaws.com/xray/2016-04-12/meta/import/output-entry.json	census 410	enumeration.tsv.gz
annotated-ref-shape	document	apis/openapi/amazonaws.com/xray/2016-04-12/openapi.json	census 410	enumeration.tsv.gz
annotated-ref-shape	document	apis/openapi/anrok.com/main/1.1/meta/import/input-bundle.json	census 3	enumeration.tsv.gz
annotated-ref-shape	document	apis/openapi/anrok.com/main/1.1/meta/import/input-entry.json	census 3	enumeration.tsv.gz
annotated-ref-shape	document	apis/openapi/anrok.com/main/1.1/meta/import/output-bundle.json	census 3	enumeration.tsv.gz
annotated-ref-shape	document	apis/openapi/anrok.com/main/1.1/meta/import/output-entry.json	census 3	enumeration.tsv.gz
annotated-ref-shape	document	apis/openapi/anrok.com/main/1.1/openapi.json	census 3	enumeration.tsv.gz
annotated-ref-shape	document	apis/openapi/apify.com/main/1.0/meta/import/input-bundled.json	census 31	enumeration.tsv.gz
annotated-ref-shape	document	apis/openapi/apify.com/main/1.0/meta/import/input-entry.json	census 31	enumeration.tsv.gz
annotated-ref-shape	document	apis/openapi/apify.com/main/1.0/meta/import/output-bundled.json	census 31	enumeration.tsv.gz
annotated-ref-shape	document	apis/openapi/apify.com/main/1.0/meta/import/output-entry.json	census 31	enumeration.tsv.gz
annotated-ref-shape	document	apis/openapi/apify.com/main/1.0/openapi.json	census 31	enumeration.tsv.gz
annotated-ref-shape	document	apis/openapi/asana.com/main/1.0/meta/import/input-bundled.json	census 6	enumeration.tsv.gz
annotated-ref-shape	document	apis/openapi/asana.com/main/1.0/meta/import/input-entry.json	census 6	enumeration.tsv.gz
annotated-ref-shape	document	apis/openapi/asana.com/main/1.0/meta/import/output-bundled.json	census 6	enumeration.tsv.gz
annotated-ref-shape	document	apis/openapi/asana.com/main/1.0/meta/import/output-entry.json	census 6	enumeration.tsv.gz
annotated-ref-shape	document	apis/openapi/asana.com/main/1.0/openapi.json	census 6	enumeration.tsv.gz
annotated-ref-shape	document	apis/openapi/beezup.com/main/2.0/meta/import/input-bundled.json	census 183	enumeration.tsv.gz
annotated-ref-shape	document	apis/openapi/beezup.com/main/2.0/meta/import/input-entry.json	census 183	enumeration.tsv.gz
annotated-ref-shape	document	apis/openapi/beezup.com/main/2.0/meta/import/output-bundled.json	census 183	enumeration.tsv.gz
annotated-ref-shape	document	apis/openapi/beezup.com/main/2.0/meta/import/output-entry.json	census 183	enumeration.tsv.gz
annotated-ref-shape	document	apis/openapi/beezup.com/main/2.0/openapi.json	census 183	enumeration.tsv.gz
annotated-ref-shape	document	apis/openapi/bill.com/connect-events-api/1/meta/import/input-bundle.json	census 15	enumeration.tsv.gz
annotated-ref-shape	document	apis/openapi/bill.com/connect-events-api/1/meta/import/input-entry.json	census 15	enumeration.tsv.gz
annotated-ref-shape	document	apis/openapi/bill.com/connect-events-api/1/meta/import/output-bundle.json	census 15	enumeration.tsv.gz
annotated-ref-shape	document	apis/openapi/bill.com/connect-events-api/1/meta/import/output-entry.json	census 15	enumeration.tsv.gz
annotated-ref-shape	document	apis/openapi/bill.com/connect-events-api/1/openapi.json	census 15	enumeration.tsv.gz
annotated-ref-shape	document	apis/openapi/bill.com/main/1/meta/import/input-bundle.json	census 15	enumeration.tsv.gz
annotated-ref-shape	document	apis/openapi/bill.com/main/1/meta/import/input-entry.json	census 15	enumeration.tsv.gz
annotated-ref-shape	document	apis/openapi/bill.com/main/1/meta/import/output-bundle.json	census 15	enumeration.tsv.gz
annotated-ref-shape	document	apis/openapi/bill.com/main/1/meta/import/output-entry.json	census 15	enumeration.tsv.gz
annotated-ref-shape	document	apis/openapi/bill.com/main/1/openapi.json	census 15	enumeration.tsv.gz
annotated-ref-shape	document	apis/openapi/box.com/main/2024.0/meta/import/input-bundle.json	census 119	enumeration.tsv.gz
annotated-ref-shape	document	apis/openapi/box.com/main/2024.0/meta/import/input-entry.json	census 119	enumeration.tsv.gz
annotated-ref-shape	document	apis/openapi/box.com/main/2024.0/meta/import/output-bundle.json	census 119	enumeration.tsv.gz
annotated-ref-shape	document	apis/openapi/box.com/main/2024.0/meta/import/output-entry.json	census 119	enumeration.tsv.gz
annotated-ref-shape	document	apis/openapi/box.com/main/2024.0/openapi.json	census 119	enumeration.tsv.gz
annotated-ref-shape	document	apis/openapi/braintrust.dev/main/1.0.0/meta/import/input-bundle.json	census 10	enumeration.tsv.gz
annotated-ref-shape	document	apis/openapi/braintrust.dev/main/1.0.0/meta/import/input-entry.json	census 10	enumeration.tsv.gz
annotated-ref-shape	document	apis/openapi/braintrust.dev/main/1.0.0/meta/import/output-bundle.json	census 10	enumeration.tsv.gz
annotated-ref-shape	document	apis/openapi/braintrust.dev/main/1.0.0/meta/import/output-entry.json	census 10	enumeration.tsv.gz
annotated-ref-shape	document	apis/openapi/braintrust.dev/main/1.0.0/openapi.json	census 10	enumeration.tsv.gz
annotated-ref-shape	document	apis/openapi/cloud.ibm.com/main/1.0/meta/import/input-bundle.json	census 16	enumeration.tsv.gz
annotated-ref-shape	document	apis/openapi/cloud.ibm.com/main/1.0/meta/import/input-entry.json	census 16	enumeration.tsv.gz
annotated-ref-shape	document	apis/openapi/cloud.ibm.com/main/1.0/meta/import/output-bundle.json	census 16	enumeration.tsv.gz
annotated-ref-shape	document	apis/openapi/cloud.ibm.com/main/1.0/meta/import/output-entry.json	census 16	enumeration.tsv.gz
annotated-ref-shape	document	apis/openapi/cloud.ibm.com/main/1.0/openapi.json	census 16	enumeration.tsv.gz
annotated-ref-shape	document	apis/openapi/cloudflare.com/main/4.0.0/meta/import/input-bundle.json	census 66	enumeration.tsv.gz
annotated-ref-shape	document	apis/openapi/cloudflare.com/main/4.0.0/meta/import/input-entry.json	census 66	enumeration.tsv.gz
annotated-ref-shape	document	apis/openapi/cloudflare.com/main/4.0.0/meta/import/output-bundle.json	census 66	enumeration.tsv.gz
annotated-ref-shape	document	apis/openapi/cloudflare.com/main/4.0.0/meta/import/output-entry.json	census 66	enumeration.tsv.gz
annotated-ref-shape	document	apis/openapi/cloudflare.com/main/4.0.0/openapi.json	census 66	enumeration.tsv.gz
annotated-ref-shape	document	apis/openapi/codat.io/accounting/3.0.0/meta/import/input-bundled.json	census 37	enumeration.tsv.gz
annotated-ref-shape	document	apis/openapi/codat.io/accounting/3.0.0/meta/import/input-entry.json	census 37	enumeration.tsv.gz
annotated-ref-shape	document	apis/openapi/codat.io/accounting/3.0.0/meta/import/output-bundled.json	census 37	enumeration.tsv.gz
annotated-ref-shape	document	apis/openapi/codat.io/accounting/3.0.0/meta/import/output-entry.json	census 37	enumeration.tsv.gz
annotated-ref-shape	document	apis/openapi/codat.io/accounting/3.0.0/openapi.json	census 37	enumeration.tsv.gz
annotated-ref-shape	document	apis/openapi/codat.io/assess/1.0/meta/import/input-bundled.json	census 2	enumeration.tsv.gz
annotated-ref-shape	document	apis/openapi/codat.io/assess/1.0/meta/import/input-entry.json	census 2	enumeration.tsv.gz
annotated-ref-shape	document	apis/openapi/codat.io/assess/1.0/meta/import/output-bundled.json	census 2	enumeration.tsv.gz
annotated-ref-shape	document	apis/openapi/codat.io/assess/1.0/meta/import/output-entry.json	census 2	enumeration.tsv.gz
annotated-ref-shape	document	apis/openapi/codat.io/assess/1.0/openapi.json	census 2	enumeration.tsv.gz
annotated-ref-shape	document	apis/openapi/codat.io/bank-feeds/3.0.0/meta/import/input-bundled.json	census 3	enumeration.tsv.gz
annotated-ref-shape	document	apis/openapi/codat.io/bank-feeds/3.0.0/meta/import/input-entry.json	census 3	enumeration.tsv.gz
annotated-ref-shape	document	apis/openapi/codat.io/bank-feeds/3.0.0/meta/import/output-bundled.json	census 3	enumeration.tsv.gz
annotated-ref-shape	document	apis/openapi/codat.io/bank-feeds/3.0.0/meta/import/output-entry.json	census 3	enumeration.tsv.gz
annotated-ref-shape	document	apis/openapi/codat.io/bank-feeds/3.0.0/openapi.json	census 3	enumeration.tsv.gz
annotated-ref-shape	document	apis/openapi/codat.io/banking/3.0.0/meta/import/input-bundled.json	census 2	enumeration.tsv.gz
annotated-ref-shape	document	apis/openapi/codat.io/banking/3.0.0/meta/import/input-entry.json	census 2	enumeration.tsv.gz
annotated-ref-shape	document	apis/openapi/codat.io/banking/3.0.0/meta/import/output-bundled.json	census 2	enumeration.tsv.gz
annotated-ref-shape	document	apis/openapi/codat.io/banking/3.0.0/meta/import/output-entry.json	census 2	enumeration.tsv.gz
annotated-ref-shape	document	apis/openapi/codat.io/banking/3.0.0/openapi.json	census 2	enumeration.tsv.gz
annotated-ref-shape	document	apis/openapi/codat.io/commerce/3.0.0/meta/import/input-bundled.json	census 4	enumeration.tsv.gz
annotated-ref-shape	document	apis/openapi/codat.io/commerce/3.0.0/meta/import/input-entry.json	census 4	enumeration.tsv.gz
annotated-ref-shape	document	apis/openapi/codat.io/commerce/3.0.0/meta/import/output-bundled.json	census 4	enumeration.tsv.gz
annotated-ref-shape	document	apis/openapi/codat.io/commerce/3.0.0/meta/import/output-entry.json	census 4	enumeration.tsv.gz
annotated-ref-shape	document	apis/openapi/codat.io/commerce/3.0.0/openapi.json	census 4	enumeration.tsv.gz
annotated-ref-shape	document	apis/openapi/couchbase.com/main/v4.0/meta/import/input-bundle.json	census 1	enumeration.tsv.gz
annotated-ref-shape	document	apis/openapi/couchbase.com/main/v4.0/meta/import/input-entry.json	census 1	enumeration.tsv.gz
annotated-ref-shape	document	apis/openapi/couchbase.com/main/v4.0/meta/import/output-bundle.json	census 1	enumeration.tsv.gz
annotated-ref-shape	document	apis/openapi/couchbase.com/main/v4.0/meta/import/output-entry.json	census 1	enumeration.tsv.gz
annotated-ref-shape	document	apis/openapi/couchbase.com/main/v4.0/openapi.json	census 1	enumeration.tsv.gz
annotated-ref-shape	document	apis/openapi/cryptomkt.com/main/3.0/meta/import/input-bundle.json	census 6	enumeration.tsv.gz
annotated-ref-shape	document	apis/openapi/cryptomkt.com/main/3.0/meta/import/input-entry.json	census 6	enumeration.tsv.gz
annotated-ref-shape	document	apis/openapi/cryptomkt.com/main/3.0/meta/import/output-bundle.json	census 6	enumeration.tsv.gz
annotated-ref-shape	document	apis/openapi/cryptomkt.com/main/3.0/meta/import/output-entry.json	census 6	enumeration.tsv.gz
annotated-ref-shape	document	apis/openapi/cryptomkt.com/main/3.0/openapi.json	census 6	enumeration.tsv.gz
annotated-ref-shape	document	apis/openapi/cvent.com/main/ea/meta/import/input-bundle.json	census 14	enumeration.tsv.gz
annotated-ref-shape	document	apis/openapi/cvent.com/main/ea/meta/import/input-entry.json	census 14	enumeration.tsv.gz
annotated-ref-shape	document	apis/openapi/cvent.com/main/ea/meta/import/output-bundle.json	census 14	enumeration.tsv.gz
annotated-ref-shape	document	apis/openapi/cvent.com/main/ea/meta/import/output-entry.json	census 14	enumeration.tsv.gz
annotated-ref-shape	document	apis/openapi/cvent.com/main/ea/openapi.json	census 14	enumeration.tsv.gz
annotated-ref-shape	document	apis/openapi/digitalocean.com/main/2.0/meta/import/input-bundle.json	census 26	enumeration.tsv.gz
annotated-ref-shape	document	apis/openapi/digitalocean.com/main/2.0/meta/import/input-entry.json	census 26	enumeration.tsv.gz
annotated-ref-shape	document	apis/openapi/digitalocean.com/main/2.0/meta/import/output-bundle.json	census 26	enumeration.tsv.gz
annotated-ref-shape	document	apis/openapi/digitalocean.com/main/2.0/meta/import/output-entry.json	census 26	enumeration.tsv.gz
annotated-ref-shape	document	apis/openapi/digitalocean.com/main/2.0/openapi.json	census 26	enumeration.tsv.gz
annotated-ref-shape	document	apis/openapi/docs.digitalocean.com/main/2.0/meta/import/input-bundle.json	census 71	enumeration.tsv.gz
annotated-ref-shape	document	apis/openapi/docs.digitalocean.com/main/2.0/meta/import/input-entry.json	census 71	enumeration.tsv.gz
annotated-ref-shape	document	apis/openapi/docs.digitalocean.com/main/2.0/meta/import/output-bundle.json	census 71	enumeration.tsv.gz
annotated-ref-shape	document	apis/openapi/docs.digitalocean.com/main/2.0/meta/import/output-entry.json	census 71	enumeration.tsv.gz
annotated-ref-shape	document	apis/openapi/docs.digitalocean.com/main/2.0/openapi.json	census 71	enumeration.tsv.gz
annotated-ref-shape	document	apis/openapi/elastic.co/kibana/1.0/meta/import/input-bundle.json	census 2	enumeration.tsv.gz
annotated-ref-shape	document	apis/openapi/elastic.co/kibana/1.0/meta/import/input-entry.json	census 2	enumeration.tsv.gz
annotated-ref-shape	document	apis/openapi/elastic.co/kibana/1.0/meta/import/output-bundle.json	census 2	enumeration.tsv.gz
annotated-ref-shape	document	apis/openapi/elastic.co/kibana/1.0/meta/import/output-entry.json	census 2	enumeration.tsv.gz
annotated-ref-shape	document	apis/openapi/elastic.co/kibana/1.0/openapi.json	census 2	enumeration.tsv.gz
annotated-ref-shape	document	apis/openapi/gcore.com/main/1.0.0/meta/import/input-bundle.json	census 27	enumeration.tsv.gz
annotated-ref-shape	document	apis/openapi/gcore.com/main/1.0.0/meta/import/input-entry.json	census 27	enumeration.tsv.gz
annotated-ref-shape	document	apis/openapi/gcore.com/main/1.0.0/meta/import/output-bundle.json	census 27	enumeration.tsv.gz
annotated-ref-shape	document	apis/openapi/gcore.com/main/1.0.0/meta/import/output-entry.json	census 27	enumeration.tsv.gz
annotated-ref-shape	document	apis/openapi/gcore.com/main/1.0.0/openapi.json	census 27	enumeration.tsv.gz
annotated-ref-shape	document	apis/openapi/geocapture.net/main/1.1.0/meta/import/input-bundle.json	census 221	enumeration.tsv.gz
annotated-ref-shape	document	apis/openapi/geocapture.net/main/1.1.0/meta/import/input-entry.json	census 221	enumeration.tsv.gz
annotated-ref-shape	document	apis/openapi/geocapture.net/main/1.1.0/meta/import/output-bundle.json	census 221	enumeration.tsv.gz
annotated-ref-shape	document	apis/openapi/geocapture.net/main/1.1.0/meta/import/output-entry.json	census 221	enumeration.tsv.gz
annotated-ref-shape	document	apis/openapi/geocapture.net/main/1.1.0/openapi.json	census 221	enumeration.tsv.gz
annotated-ref-shape	document	apis/openapi/giphy.com/main/1.0/meta/import/input-bundled.json	census 20	enumeration.tsv.gz
annotated-ref-shape	document	apis/openapi/giphy.com/main/1.0/meta/import/input-entry.json	census 20	enumeration.tsv.gz
annotated-ref-shape	document	apis/openapi/giphy.com/main/1.0/meta/import/output-bundled.json	census 20	enumeration.tsv.gz
annotated-ref-shape	document	apis/openapi/giphy.com/main/1.0/meta/import/output-entry.json	census 20	enumeration.tsv.gz
annotated-ref-shape	document	apis/openapi/giphy.com/main/1.0/openapi.json	census 20	enumeration.tsv.gz
annotated-ref-shape	document	apis/openapi/goshippo.com/main/2018-02-08/meta/import/input-bundle.json	census 3	enumeration.tsv.gz
annotated-ref-shape	document	apis/openapi/goshippo.com/main/2018-02-08/meta/import/input-entry.json	census 3	enumeration.tsv.gz
annotated-ref-shape	document	apis/openapi/goshippo.com/main/2018-02-08/meta/import/output-bundle.json	census 3	enumeration.tsv.gz
annotated-ref-shape	document	apis/openapi/goshippo.com/main/2018-02-08/meta/import/output-entry.json	census 3	enumeration.tsv.gz
annotated-ref-shape	document	apis/openapi/goshippo.com/main/2018-02-08/openapi.json	census 3	enumeration.tsv.gz
annotated-ref-shape	document	apis/openapi/graphhopper.com/graphhopper-directions-api/1.0.0/meta/import/input-bundle.json	census 4	enumeration.tsv.gz
annotated-ref-shape	document	apis/openapi/graphhopper.com/graphhopper-directions-api/1.0.0/meta/import/input-entry.json	census 4	enumeration.tsv.gz
annotated-ref-shape	document	apis/openapi/graphhopper.com/graphhopper-directions-api/1.0.0/meta/import/output-bundle.json	census 4	enumeration.tsv.gz
annotated-ref-shape	document	apis/openapi/graphhopper.com/graphhopper-directions-api/1.0.0/meta/import/output-entry.json	census 4	enumeration.tsv.gz
annotated-ref-shape	document	apis/openapi/graphhopper.com/graphhopper-directions-api/1.0.0/openapi.json	census 4	enumeration.tsv.gz
annotated-ref-shape	document	apis/openapi/groupe-psa.io/main/3.19.2/meta/import/input-bundle.json	census 9	enumeration.tsv.gz
annotated-ref-shape	document	apis/openapi/groupe-psa.io/main/3.19.2/meta/import/input-entry.json	census 9	enumeration.tsv.gz
annotated-ref-shape	document	apis/openapi/groupe-psa.io/main/3.19.2/meta/import/output-bundle.json	census 9	enumeration.tsv.gz
annotated-ref-shape	document	apis/openapi/groupe-psa.io/main/3.19.2/meta/import/output-entry.json	census 9	enumeration.tsv.gz
annotated-ref-shape	document	apis/openapi/groupe-psa.io/main/3.19.2/openapi.json	census 9	enumeration.tsv.gz
annotated-ref-shape	document	apis/openapi/gusto-demo.com/gusto-app-integrations/2024-04-01/meta/import/input-bundle.json	census 1	enumeration.tsv.gz
annotated-ref-shape	document	apis/openapi/gusto-demo.com/gusto-app-integrations/2024-04-01/meta/import/input-entry.json	census 1	enumeration.tsv.gz
annotated-ref-shape	document	apis/openapi/gusto-demo.com/gusto-app-integrations/2024-04-01/meta/import/output-bundle.json	census 1	enumeration.tsv.gz
annotated-ref-shape	document	apis/openapi/gusto-demo.com/gusto-app-integrations/2024-04-01/meta/import/output-entry.json	census 1	enumeration.tsv.gz
annotated-ref-shape	document	apis/openapi/gusto-demo.com/gusto-app-integrations/2024-04-01/openapi.json	census 1	enumeration.tsv.gz
annotated-ref-shape	document	apis/openapi/gusto-demo.com/gusto-embedded-payroll/2024-03-01/meta/import/input-bundle.json	census 1	enumeration.tsv.gz
annotated-ref-shape	document	apis/openapi/gusto-demo.com/gusto-embedded-payroll/2024-03-01/meta/import/input-entry.json	census 1	enumeration.tsv.gz
annotated-ref-shape	document	apis/openapi/gusto-demo.com/gusto-embedded-payroll/2024-03-01/meta/import/output-bundle.json	census 1	enumeration.tsv.gz
annotated-ref-shape	document	apis/openapi/gusto-demo.com/gusto-embedded-payroll/2024-03-01/meta/import/output-entry.json	census 1	enumeration.tsv.gz
annotated-ref-shape	document	apis/openapi/gusto-demo.com/gusto-embedded-payroll/2024-03-01/openapi.json	census 1	enumeration.tsv.gz
annotated-ref-shape	document	apis/openapi/icarusapi.keatext.ai/main/2.0.0/meta/import/input-bundle.json	census 6	enumeration.tsv.gz
annotated-ref-shape	document	apis/openapi/icarusapi.keatext.ai/main/2.0.0/meta/import/input-entry.json	census 6	enumeration.tsv.gz
annotated-ref-shape	document	apis/openapi/icarusapi.keatext.ai/main/2.0.0/meta/import/output-bundle.json	census 6	enumeration.tsv.gz
annotated-ref-shape	document	apis/openapi/icarusapi.keatext.ai/main/2.0.0/meta/import/output-entry.json	census 6	enumeration.tsv.gz
annotated-ref-shape	document	apis/openapi/icarusapi.keatext.ai/main/2.0.0/openapi.json	census 6	enumeration.tsv.gz
annotated-ref-shape	document	apis/openapi/impala.travel/impala-hotel-booking-api/1.003/meta/import/input-bundle.json	census 1	enumeration.tsv.gz
annotated-ref-shape	document	apis/openapi/impala.travel/impala-hotel-booking-api/1.003/meta/import/input-entry.json	census 1	enumeration.tsv.gz
annotated-ref-shape	document	apis/openapi/impala.travel/impala-hotel-booking-api/1.003/meta/import/output-bundle.json	census 1	enumeration.tsv.gz
annotated-ref-shape	document	apis/openapi/impala.travel/impala-hotel-booking-api/1.003/meta/import/output-entry.json	census 1	enumeration.tsv.gz
annotated-ref-shape	document	apis/openapi/impala.travel/impala-hotel-booking-api/1.003/openapi.json	census 1	enumeration.tsv.gz
annotated-ref-shape	document	apis/openapi/lucca.fr/main/1.0/meta/import/input-bundle.json	census 53	enumeration.tsv.gz
annotated-ref-shape	document	apis/openapi/lucca.fr/main/1.0/meta/import/input-entry.json	census 53	enumeration.tsv.gz
annotated-ref-shape	document	apis/openapi/lucca.fr/main/1.0/meta/import/output-bundle.json	census 53	enumeration.tsv.gz
annotated-ref-shape	document	apis/openapi/lucca.fr/main/1.0/meta/import/output-entry.json	census 53	enumeration.tsv.gz
annotated-ref-shape	document	apis/openapi/lucca.fr/main/1.0/openapi.json	census 53	enumeration.tsv.gz
annotated-ref-shape	document	apis/openapi/mangadex.org/main/5.13.1/meta/import/input-bundle.json	census 4	enumeration.tsv.gz
annotated-ref-shape	document	apis/openapi/mangadex.org/main/5.13.1/meta/import/input-entry.json	census 4	enumeration.tsv.gz
annotated-ref-shape	document	apis/openapi/mangadex.org/main/5.13.1/meta/import/output-bundle.json	census 4	enumeration.tsv.gz
annotated-ref-shape	document	apis/openapi/mangadex.org/main/5.13.1/meta/import/output-entry.json	census 4	enumeration.tsv.gz
annotated-ref-shape	document	apis/openapi/mangadex.org/main/5.13.1/openapi.json	census 4	enumeration.tsv.gz
annotated-ref-shape	document	apis/openapi/monto.ai/main/v1/meta/import/input-bundle.json	census 110	enumeration.tsv.gz
annotated-ref-shape	document	apis/openapi/monto.ai/main/v1/meta/import/input-entry.json	census 110	enumeration.tsv.gz
annotated-ref-shape	document	apis/openapi/monto.ai/main/v1/meta/import/output-bundle.json	census 110	enumeration.tsv.gz
annotated-ref-shape	document	apis/openapi/monto.ai/main/v1/meta/import/output-entry.json	census 110	enumeration.tsv.gz
annotated-ref-shape	document	apis/openapi/monto.ai/main/v1/openapi.json	census 110	enumeration.tsv.gz
annotated-ref-shape	document	apis/openapi/mural.co/main/1.0.0/meta/import/input-bundle.json	census 109	enumeration.tsv.gz
annotated-ref-shape	document	apis/openapi/mural.co/main/1.0.0/meta/import/input-entry.json	census 109	enumeration.tsv.gz
annotated-ref-shape	document	apis/openapi/mural.co/main/1.0.0/meta/import/output-bundle.json	census 109	enumeration.tsv.gz
annotated-ref-shape	document	apis/openapi/mural.co/main/1.0.0/meta/import/output-entry.json	census 109	enumeration.tsv.gz
annotated-ref-shape	document	apis/openapi/mural.co/main/1.0.0/openapi.json	census 109	enumeration.tsv.gz
annotated-ref-shape	document	apis/openapi/myanimelist.net/main/2/meta/import/input-bundle.json	census 1	enumeration.tsv.gz
annotated-ref-shape	document	apis/openapi/myanimelist.net/main/2/meta/import/input-entry.json	census 1	enumeration.tsv.gz
annotated-ref-shape	document	apis/openapi/myanimelist.net/main/2/meta/import/output-bundle.json	census 1	enumeration.tsv.gz
annotated-ref-shape	document	apis/openapi/myanimelist.net/main/2/meta/import/output-entry.json	census 1	enumeration.tsv.gz
annotated-ref-shape	document	apis/openapi/myanimelist.net/main/2/openapi.json	census 1	enumeration.tsv.gz
annotated-ref-shape	document	apis/openapi/ndhm.gov.in/gateway/0.5/meta/import/input-bundle.json	census 8	enumeration.tsv.gz
annotated-ref-shape	document	apis/openapi/ndhm.gov.in/gateway/0.5/meta/import/input-entry.json	census 8	enumeration.tsv.gz
annotated-ref-shape	document	apis/openapi/ndhm.gov.in/gateway/0.5/meta/import/output-bundle.json	census 8	enumeration.tsv.gz
annotated-ref-shape	document	apis/openapi/ndhm.gov.in/gateway/0.5/meta/import/output-entry.json	census 8	enumeration.tsv.gz
annotated-ref-shape	document	apis/openapi/ndhm.gov.in/gateway/0.5/openapi.json	census 8	enumeration.tsv.gz
annotated-ref-shape	document	apis/openapi/ndhm.gov.in/health-data-consent-manager/0.5/meta/import/input-bundle.json	census 3	enumeration.tsv.gz
annotated-ref-shape	document	apis/openapi/ndhm.gov.in/health-data-consent-manager/0.5/meta/import/input-entry.json	census 3	enumeration.tsv.gz
annotated-ref-shape	document	apis/openapi/ndhm.gov.in/health-data-consent-manager/0.5/meta/import/output-bundle.json	census 3	enumeration.tsv.gz
annotated-ref-shape	document	apis/openapi/ndhm.gov.in/health-data-consent-manager/0.5/meta/import/output-entry.json	census 3	enumeration.tsv.gz
annotated-ref-shape	document	apis/openapi/ndhm.gov.in/health-data-consent-manager/0.5/openapi.json	census 3	enumeration.tsv.gz
annotated-ref-shape	document	apis/openapi/ndhm.gov.in/health-repository-provider-specifications-for-hip/0.5/meta/import/input-bundle.json	census 2	enumeration.tsv.gz
annotated-ref-shape	document	apis/openapi/ndhm.gov.in/health-repository-provider-specifications-for-hip/0.5/meta/import/input-entry.json	census 2	enumeration.tsv.gz
annotated-ref-shape	document	apis/openapi/ndhm.gov.in/health-repository-provider-specifications-for-hip/0.5/meta/import/output-bundle.json	census 2	enumeration.tsv.gz
annotated-ref-shape	document	apis/openapi/ndhm.gov.in/health-repository-provider-specifications-for-hip/0.5/meta/import/output-entry.json	census 2	enumeration.tsv.gz
annotated-ref-shape	document	apis/openapi/ndhm.gov.in/health-repository-provider-specifications-for-hip/0.5/openapi.json	census 2	enumeration.tsv.gz
annotated-ref-shape	document	apis/openapi/ndhm.gov.in/health-repository-provider-specifications-for-hiu/0.5/meta/import/input-bundle.json	census 6	enumeration.tsv.gz
annotated-ref-shape	document	apis/openapi/ndhm.gov.in/health-repository-provider-specifications-for-hiu/0.5/meta/import/input-entry.json	census 6	enumeration.tsv.gz
annotated-ref-shape	document	apis/openapi/ndhm.gov.in/health-repository-provider-specifications-for-hiu/0.5/meta/import/output-bundle.json	census 6	enumeration.tsv.gz
annotated-ref-shape	document	apis/openapi/ndhm.gov.in/health-repository-provider-specifications-for-hiu/0.5/meta/import/output-entry.json	census 6	enumeration.tsv.gz
annotated-ref-shape	document	apis/openapi/ndhm.gov.in/health-repository-provider-specifications-for-hiu/0.5/openapi.json	census 6	enumeration.tsv.gz
annotated-ref-shape	document	apis/openapi/ndhm.gov.in/ndhm-cm/0.5/meta/import/input-bundle.json	census 3	enumeration.tsv.gz
annotated-ref-shape	document	apis/openapi/ndhm.gov.in/ndhm-cm/0.5/meta/import/input-entry.json	census 3	enumeration.tsv.gz
annotated-ref-shape	document	apis/openapi/ndhm.gov.in/ndhm-cm/0.5/meta/import/output-bundle.json	census 3	enumeration.tsv.gz
annotated-ref-shape	document	apis/openapi/ndhm.gov.in/ndhm-cm/0.5/meta/import/output-entry.json	census 3	enumeration.tsv.gz
annotated-ref-shape	document	apis/openapi/ndhm.gov.in/ndhm-cm/0.5/openapi.json	census 3	enumeration.tsv.gz
annotated-ref-shape	document	apis/openapi/ndhm.gov.in/ndhm-gateway/0.5/meta/import/input-bundle.json	census 8	enumeration.tsv.gz
annotated-ref-shape	document	apis/openapi/ndhm.gov.in/ndhm-gateway/0.5/meta/import/input-entry.json	census 8	enumeration.tsv.gz
annotated-ref-shape	document	apis/openapi/ndhm.gov.in/ndhm-gateway/0.5/meta/import/output-bundle.json	census 8	enumeration.tsv.gz
annotated-ref-shape	document	apis/openapi/ndhm.gov.in/ndhm-gateway/0.5/meta/import/output-entry.json	census 8	enumeration.tsv.gz
annotated-ref-shape	document	apis/openapi/ndhm.gov.in/ndhm-gateway/0.5/openapi.json	census 8	enumeration.tsv.gz
annotated-ref-shape	document	apis/openapi/ndhm.gov.in/ndhm-hip/0.5/meta/import/input-bundle.json	census 2	enumeration.tsv.gz
annotated-ref-shape	document	apis/openapi/ndhm.gov.in/ndhm-hip/0.5/meta/import/input-entry.json	census 2	enumeration.tsv.gz
annotated-ref-shape	document	apis/openapi/ndhm.gov.in/ndhm-hip/0.5/meta/import/output-bundle.json	census 2	enumeration.tsv.gz
annotated-ref-shape	document	apis/openapi/ndhm.gov.in/ndhm-hip/0.5/meta/import/output-entry.json	census 2	enumeration.tsv.gz
annotated-ref-shape	document	apis/openapi/ndhm.gov.in/ndhm-hip/0.5/openapi.json	census 2	enumeration.tsv.gz
annotated-ref-shape	document	apis/openapi/ndhm.gov.in/ndhm-hiu/0.5/meta/import/input-bundle.json	census 6	enumeration.tsv.gz
annotated-ref-shape	document	apis/openapi/ndhm.gov.in/ndhm-hiu/0.5/meta/import/input-entry.json	census 6	enumeration.tsv.gz
annotated-ref-shape	document	apis/openapi/ndhm.gov.in/ndhm-hiu/0.5/meta/import/output-bundle.json	census 6	enumeration.tsv.gz
annotated-ref-shape	document	apis/openapi/ndhm.gov.in/ndhm-hiu/0.5/meta/import/output-entry.json	census 6	enumeration.tsv.gz
annotated-ref-shape	document	apis/openapi/ndhm.gov.in/ndhm-hiu/0.5/openapi.json	census 6	enumeration.tsv.gz
annotated-ref-shape	document	apis/openapi/nedzo.ai/main/1.0.0/meta/import/input-bundle.json	census 3	enumeration.tsv.gz
annotated-ref-shape	document	apis/openapi/nedzo.ai/main/1.0.0/meta/import/input-entry.json	census 3	enumeration.tsv.gz
annotated-ref-shape	document	apis/openapi/nedzo.ai/main/1.0.0/meta/import/output-bundle.json	census 3	enumeration.tsv.gz
annotated-ref-shape	document	apis/openapi/nedzo.ai/main/1.0.0/meta/import/output-entry.json	census 3	enumeration.tsv.gz
annotated-ref-shape	document	apis/openapi/nedzo.ai/main/1.0.0/openapi.json	census 3	enumeration.tsv.gz
annotated-ref-shape	document	apis/openapi/nexmo.com/reports-api/2.2.2/meta/import/input-bundle.json	census 1	enumeration.tsv.gz
annotated-ref-shape	document	apis/openapi/nexmo.com/reports-api/2.2.2/meta/import/input-entry.json	census 1	enumeration.tsv.gz
annotated-ref-shape	document	apis/openapi/nexmo.com/reports-api/2.2.2/meta/import/output-bundle.json	census 1	enumeration.tsv.gz
annotated-ref-shape	document	apis/openapi/nexmo.com/reports-api/2.2.2/meta/import/output-entry.json	census 1	enumeration.tsv.gz
annotated-ref-shape	document	apis/openapi/nexmo.com/reports-api/2.2.2/openapi.json	census 1	enumeration.tsv.gz
annotated-ref-shape	document	apis/openapi/nexmo.com/reports/2.2.2/meta/import/input-bundle.json	census 1	enumeration.tsv.gz
annotated-ref-shape	document	apis/openapi/nexmo.com/reports/2.2.2/meta/import/input-entry.json	census 1	enumeration.tsv.gz
annotated-ref-shape	document	apis/openapi/nexmo.com/reports/2.2.2/meta/import/output-bundle.json	census 1	enumeration.tsv.gz
annotated-ref-shape	document	apis/openapi/nexmo.com/reports/2.2.2/meta/import/output-entry.json	census 1	enumeration.tsv.gz
annotated-ref-shape	document	apis/openapi/nexmo.com/reports/2.2.2/openapi.json	census 1	enumeration.tsv.gz
annotated-ref-shape	document	apis/openapi/okta.com/main/2026.03.0/meta/import/input-bundle.json	census 125	enumeration.tsv.gz
annotated-ref-shape	document	apis/openapi/okta.com/main/2026.03.0/meta/import/input-entry.json	census 125	enumeration.tsv.gz
annotated-ref-shape	document	apis/openapi/okta.com/main/2026.03.0/meta/import/output-bundle.json	census 125	enumeration.tsv.gz
annotated-ref-shape	document	apis/openapi/okta.com/main/2026.03.0/meta/import/output-entry.json	census 125	enumeration.tsv.gz
annotated-ref-shape	document	apis/openapi/okta.com/main/2026.03.0/openapi.json	census 125	enumeration.tsv.gz
annotated-ref-shape	document	apis/openapi/openai.com/main/2.3.0/meta/import/input-bundled.json	census 8	enumeration.tsv.gz
annotated-ref-shape	document	apis/openapi/openai.com/main/2.3.0/meta/import/input-entry.json	census 8	enumeration.tsv.gz
annotated-ref-shape	document	apis/openapi/openai.com/main/2.3.0/meta/import/output-bundled.json	census 8	enumeration.tsv.gz
annotated-ref-shape	document	apis/openapi/openai.com/main/2.3.0/meta/import/output-entry.json	census 8	enumeration.tsv.gz
annotated-ref-shape	document	apis/openapi/openai.com/main/2.3.0/openapi.json	census 8	enumeration.tsv.gz
annotated-ref-shape	document	apis/openapi/openrouter.ai/main/1.0.0/meta/import/input-bundle.json	census 47	enumeration.tsv.gz
annotated-ref-shape	document	apis/openapi/openrouter.ai/main/1.0.0/meta/import/input-entry.json	census 47	enumeration.tsv.gz
annotated-ref-shape	document	apis/openapi/openrouter.ai/main/1.0.0/meta/import/output-bundle.json	census 47	enumeration.tsv.gz
annotated-ref-shape	document	apis/openapi/openrouter.ai/main/1.0.0/meta/import/output-entry.json	census 47	enumeration.tsv.gz
annotated-ref-shape	document	apis/openapi/openrouter.ai/main/1.0.0/openapi.json	census 47	enumeration.tsv.gz
annotated-ref-shape	document	apis/openapi/opensearch.org/main/0.2.0/meta/import/input-bundle.json	census 1	enumeration.tsv.gz
annotated-ref-shape	document	apis/openapi/opensearch.org/main/0.2.0/meta/import/input-entry.json	census 1	enumeration.tsv.gz
annotated-ref-shape	document	apis/openapi/opensearch.org/main/0.2.0/meta/import/output-bundle.json	census 1	enumeration.tsv.gz
annotated-ref-shape	document	apis/openapi/opensearch.org/main/0.2.0/meta/import/output-entry.json	census 1	enumeration.tsv.gz
annotated-ref-shape	document	apis/openapi/opensearch.org/main/0.2.0/openapi.json	census 1	enumeration.tsv.gz
annotated-ref-shape	document	apis/openapi/organization.gladly.com/gladly/1.0/meta/import/input-bundle.json	census 1	enumeration.tsv.gz
annotated-ref-shape	document	apis/openapi/organization.gladly.com/gladly/1.0/meta/import/input-entry.json	census 1	enumeration.tsv.gz
annotated-ref-shape	document	apis/openapi/organization.gladly.com/gladly/1.0/meta/import/output-bundle.json	census 1	enumeration.tsv.gz
annotated-ref-shape	document	apis/openapi/organization.gladly.com/gladly/1.0/meta/import/output-entry.json	census 1	enumeration.tsv.gz
annotated-ref-shape	document	apis/openapi/organization.gladly.com/gladly/1.0/openapi.json	census 1	enumeration.tsv.gz
annotated-ref-shape	document	apis/openapi/pagerduty.com/pagerduty-api/2.0.0/meta/import/input-bundle.json	census 3	enumeration.tsv.gz
annotated-ref-shape	document	apis/openapi/pagerduty.com/pagerduty-api/2.0.0/meta/import/input-entry.json	census 3	enumeration.tsv.gz
annotated-ref-shape	document	apis/openapi/pagerduty.com/pagerduty-api/2.0.0/meta/import/output-bundle.json	census 3	enumeration.tsv.gz
annotated-ref-shape	document	apis/openapi/pagerduty.com/pagerduty-api/2.0.0/meta/import/output-entry.json	census 3	enumeration.tsv.gz
annotated-ref-shape	document	apis/openapi/pagerduty.com/pagerduty-api/2.0.0/openapi.json	census 3	enumeration.tsv.gz
annotated-ref-shape	document	apis/openapi/pandadoc.com/main/7.18.1/meta/import/input-bundle.json	census 5	enumeration.tsv.gz
annotated-ref-shape	document	apis/openapi/pandadoc.com/main/7.18.1/meta/import/input-entry.json	census 5	enumeration.tsv.gz
annotated-ref-shape	document	apis/openapi/pandadoc.com/main/7.18.1/meta/import/output-bundle.json	census 5	enumeration.tsv.gz
annotated-ref-shape	document	apis/openapi/pandadoc.com/main/7.18.1/meta/import/output-entry.json	census 5	enumeration.tsv.gz
annotated-ref-shape	document	apis/openapi/pandadoc.com/main/7.18.1/openapi.json	census 5	enumeration.tsv.gz
annotated-ref-shape	document	apis/openapi/pandascore.co/main/2.23.1/meta/import/input-bundle.json	census 245	enumeration.tsv.gz
annotated-ref-shape	document	apis/openapi/pandascore.co/main/2.23.1/meta/import/input-entry.json	census 245	enumeration.tsv.gz
annotated-ref-shape	document	apis/openapi/pandascore.co/main/2.23.1/meta/import/output-bundle.json	census 245	enumeration.tsv.gz
annotated-ref-shape	document	apis/openapi/pandascore.co/main/2.23.1/meta/import/output-entry.json	census 245	enumeration.tsv.gz
annotated-ref-shape	document	apis/openapi/pandascore.co/main/2.23.1/openapi.json	census 245	enumeration.tsv.gz
annotated-ref-shape	document	apis/openapi/pandascore.co/pandascore-rest-api-for-all-videogames/2.23.1/meta/import/input-bundle.json	census 245	enumeration.tsv.gz
annotated-ref-shape	document	apis/openapi/pandascore.co/pandascore-rest-api-for-all-videogames/2.23.1/meta/import/input-entry.json	census 245	enumeration.tsv.gz
annotated-ref-shape	document	apis/openapi/pandascore.co/pandascore-rest-api-for-all-videogames/2.23.1/meta/import/output-bundle.json	census 245	enumeration.tsv.gz
annotated-ref-shape	document	apis/openapi/pandascore.co/pandascore-rest-api-for-all-videogames/2.23.1/meta/import/output-entry.json	census 245	enumeration.tsv.gz
annotated-ref-shape	document	apis/openapi/pandascore.co/pandascore-rest-api-for-all-videogames/2.23.1/openapi.json	census 245	enumeration.tsv.gz
annotated-ref-shape	document	apis/openapi/paypal.com/paypal-orders-api-v2/2.25/meta/import/input-bundle.json	census 1	enumeration.tsv.gz
annotated-ref-shape	document	apis/openapi/paypal.com/paypal-orders-api-v2/2.25/meta/import/input-entry.json	census 1	enumeration.tsv.gz
annotated-ref-shape	document	apis/openapi/paypal.com/paypal-orders-api-v2/2.25/meta/import/output-bundle.json	census 1	enumeration.tsv.gz
annotated-ref-shape	document	apis/openapi/paypal.com/paypal-orders-api-v2/2.25/meta/import/output-entry.json	census 1	enumeration.tsv.gz
annotated-ref-shape	document	apis/openapi/paypal.com/paypal-orders-api-v2/2.25/openapi.json	census 1	enumeration.tsv.gz
annotated-ref-shape	document	apis/openapi/pinterest.com/main/5.23.0/meta/import/input-bundle.json	census 7	enumeration.tsv.gz
annotated-ref-shape	document	apis/openapi/pinterest.com/main/5.23.0/meta/import/input-entry.json	census 7	enumeration.tsv.gz
annotated-ref-shape	document	apis/openapi/pinterest.com/main/5.23.0/meta/import/output-bundle.json	census 7	enumeration.tsv.gz
annotated-ref-shape	document	apis/openapi/pinterest.com/main/5.23.0/meta/import/output-entry.json	census 7	enumeration.tsv.gz
annotated-ref-shape	document	apis/openapi/pinterest.com/main/5.23.0/openapi.json	census 7	enumeration.tsv.gz
annotated-ref-shape	document	apis/openapi/plaid.com/main/2020-09-14_1.631.0/meta/import/input-bundled.json	census 3	enumeration.tsv.gz
annotated-ref-shape	document	apis/openapi/plaid.com/main/2020-09-14_1.631.0/meta/import/input-entry.json	census 3	enumeration.tsv.gz
annotated-ref-shape	document	apis/openapi/plaid.com/main/2020-09-14_1.631.0/meta/import/output-bundled.json	census 3	enumeration.tsv.gz
annotated-ref-shape	document	apis/openapi/plaid.com/main/2020-09-14_1.631.0/meta/import/output-entry.json	census 3	enumeration.tsv.gz
annotated-ref-shape	document	apis/openapi/plaid.com/main/2020-09-14_1.631.0/openapi.json	census 3	enumeration.tsv.gz
annotated-ref-shape	document	apis/openapi/plaid.com/main/2020-09-14_1.658.0/meta/import/input-bundled.json	census 6	enumeration.tsv.gz
annotated-ref-shape	document	apis/openapi/plaid.com/main/2020-09-14_1.658.0/meta/import/input-entry.json	census 6	enumeration.tsv.gz
annotated-ref-shape	document	apis/openapi/plaid.com/main/2020-09-14_1.658.0/meta/import/output-bundled.json	census 6	enumeration.tsv.gz
annotated-ref-shape	document	apis/openapi/plaid.com/main/2020-09-14_1.658.0/meta/import/output-entry.json	census 6	enumeration.tsv.gz
annotated-ref-shape	document	apis/openapi/plaid.com/main/2020-09-14_1.658.0/openapi.json	census 6	enumeration.tsv.gz
annotated-ref-shape	document	apis/openapi/printful.com/main/1.0/meta/import/input-bundle.json	census 4	enumeration.tsv.gz
annotated-ref-shape	document	apis/openapi/printful.com/main/1.0/meta/import/input-entry.json	census 4	enumeration.tsv.gz
annotated-ref-shape	document	apis/openapi/printful.com/main/1.0/meta/import/output-bundle.json	census 4	enumeration.tsv.gz
annotated-ref-shape	document	apis/openapi/printful.com/main/1.0/meta/import/output-entry.json	census 4	enumeration.tsv.gz
annotated-ref-shape	document	apis/openapi/printful.com/main/1.0/openapi.json	census 4	enumeration.tsv.gz
annotated-ref-shape	document	apis/openapi/prolific.com/main/1.0/meta/import/input-bundle.json	census 1	enumeration.tsv.gz
annotated-ref-shape	document	apis/openapi/prolific.com/main/1.0/meta/import/input-entry.json	census 1	enumeration.tsv.gz
annotated-ref-shape	document	apis/openapi/prolific.com/main/1.0/meta/import/output-bundle.json	census 1	enumeration.tsv.gz
annotated-ref-shape	document	apis/openapi/prolific.com/main/1.0/meta/import/output-entry.json	census 1	enumeration.tsv.gz
annotated-ref-shape	document	apis/openapi/prolific.com/main/1.0/openapi.json	census 1	enumeration.tsv.gz
annotated-ref-shape	document	apis/openapi/realcube.com/main/1.0.0/meta/import/input-bundle.json	census 22	enumeration.tsv.gz
annotated-ref-shape	document	apis/openapi/realcube.com/main/1.0.0/meta/import/input-entry.json	census 22	enumeration.tsv.gz
annotated-ref-shape	document	apis/openapi/realcube.com/main/1.0.0/meta/import/output-bundle.json	census 22	enumeration.tsv.gz
annotated-ref-shape	document	apis/openapi/realcube.com/main/1.0.0/meta/import/output-entry.json	census 22	enumeration.tsv.gz
annotated-ref-shape	document	apis/openapi/realcube.com/main/1.0.0/openapi.json	census 22	enumeration.tsv.gz
annotated-ref-shape	document	apis/openapi/resend.com/main/1.5.0/meta/import/input-bundle.json	census 1	enumeration.tsv.gz
annotated-ref-shape	document	apis/openapi/resend.com/main/1.5.0/meta/import/input-entry.json	census 1	enumeration.tsv.gz
annotated-ref-shape	document	apis/openapi/resend.com/main/1.5.0/meta/import/output-bundle.json	census 1	enumeration.tsv.gz
annotated-ref-shape	document	apis/openapi/resend.com/main/1.5.0/meta/import/output-entry.json	census 1	enumeration.tsv.gz
annotated-ref-shape	document	apis/openapi/resend.com/main/1.5.0/openapi.json	census 1	enumeration.tsv.gz
annotated-ref-shape	document	apis/openapi/ringcentral.com/main/1.0.58-20240529-47eda8bd/meta/import/input-bundle.json	census 1	enumeration.tsv.gz
annotated-ref-shape	document	apis/openapi/ringcentral.com/main/1.0.58-20240529-47eda8bd/meta/import/input-entry.json	census 1	enumeration.tsv.gz
annotated-ref-shape	document	apis/openapi/ringcentral.com/main/1.0.58-20240529-47eda8bd/meta/import/output-bundle.json	census 1	enumeration.tsv.gz
annotated-ref-shape	document	apis/openapi/ringcentral.com/main/1.0.58-20240529-47eda8bd/meta/import/output-entry.json	census 1	enumeration.tsv.gz
annotated-ref-shape	document	apis/openapi/ringcentral.com/main/1.0.58-20240529-47eda8bd/openapi.json	census 1	enumeration.tsv.gz
annotated-ref-shape	document	apis/openapi/salesforce.com/main/1.6.1/meta/import/input-bundle.json	census 1	enumeration.tsv.gz
annotated-ref-shape	document	apis/openapi/salesforce.com/main/1.6.1/meta/import/input-entry.json	census 1	enumeration.tsv.gz
annotated-ref-shape	document	apis/openapi/salesforce.com/main/1.6.1/meta/import/output-bundle.json	census 1	enumeration.tsv.gz
annotated-ref-shape	document	apis/openapi/salesforce.com/main/1.6.1/meta/import/output-entry.json	census 1	enumeration.tsv.gz
annotated-ref-shape	document	apis/openapi/salesforce.com/main/1.6.1/openapi.json	census 1	enumeration.tsv.gz
annotated-ref-shape	document	apis/openapi/setlist.fm/main/1.0/meta/import/input-bundled.json	census 5	enumeration.tsv.gz
annotated-ref-shape	document	apis/openapi/setlist.fm/main/1.0/meta/import/input-entry.json	census 5	enumeration.tsv.gz
annotated-ref-shape	document	apis/openapi/setlist.fm/main/1.0/meta/import/output-bundled.json	census 5	enumeration.tsv.gz
annotated-ref-shape	document	apis/openapi/setlist.fm/main/1.0/meta/import/output-entry.json	census 5	enumeration.tsv.gz
annotated-ref-shape	document	apis/openapi/setlist.fm/main/1.0/openapi.json	census 5	enumeration.tsv.gz
annotated-ref-shape	document	apis/openapi/setu.co/main/1.0.0/meta/import/input-bundle.json	census 30	enumeration.tsv.gz
annotated-ref-shape	document	apis/openapi/setu.co/main/1.0.0/meta/import/input-entry.json	census 30	enumeration.tsv.gz
annotated-ref-shape	document	apis/openapi/setu.co/main/1.0.0/meta/import/output-bundle.json	census 30	enumeration.tsv.gz
annotated-ref-shape	document	apis/openapi/setu.co/main/1.0.0/meta/import/output-entry.json	census 30	enumeration.tsv.gz
annotated-ref-shape	document	apis/openapi/setu.co/main/1.0.0/openapi.json	census 30	enumeration.tsv.gz
annotated-ref-shape	document	apis/openapi/shipmondo.com/shipmondo-api/3/meta/import/input-bundle.json	census 6	enumeration.tsv.gz
annotated-ref-shape	document	apis/openapi/shipmondo.com/shipmondo-api/3/meta/import/input-entry.json	census 6	enumeration.tsv.gz
annotated-ref-shape	document	apis/openapi/shipmondo.com/shipmondo-api/3/meta/import/output-bundle.json	census 6	enumeration.tsv.gz
annotated-ref-shape	document	apis/openapi/shipmondo.com/shipmondo-api/3/meta/import/output-entry.json	census 6	enumeration.tsv.gz
annotated-ref-shape	document	apis/openapi/shipmondo.com/shipmondo-api/3/openapi.json	census 6	enumeration.tsv.gz
annotated-ref-shape	document	apis/openapi/shlink.io/main/3.0/meta/import/input-bundle.json	census 1	enumeration.tsv.gz
annotated-ref-shape	document	apis/openapi/shlink.io/main/3.0/meta/import/input-entry.json	census 1	enumeration.tsv.gz
annotated-ref-shape	document	apis/openapi/shlink.io/main/3.0/meta/import/output-bundle.json	census 1	enumeration.tsv.gz
annotated-ref-shape	document	apis/openapi/shlink.io/main/3.0/meta/import/output-entry.json	census 1	enumeration.tsv.gz
annotated-ref-shape	document	apis/openapi/shlink.io/main/3.0/openapi.json	census 1	enumeration.tsv.gz
annotated-ref-shape	document	apis/openapi/spot.io/main/1.0/meta/import/input-bundle.json	census 3	enumeration.tsv.gz
annotated-ref-shape	document	apis/openapi/spot.io/main/1.0/meta/import/input-entry.json	census 3	enumeration.tsv.gz
annotated-ref-shape	document	apis/openapi/spot.io/main/1.0/meta/import/output-bundle.json	census 3	enumeration.tsv.gz
annotated-ref-shape	document	apis/openapi/spot.io/main/1.0/meta/import/output-entry.json	census 3	enumeration.tsv.gz
annotated-ref-shape	document	apis/openapi/spot.io/main/1.0/openapi.json	census 3	enumeration.tsv.gz
annotated-ref-shape	document	apis/openapi/surfly.com/main/2.0/meta/import/input-bundle.json	census 40	enumeration.tsv.gz
annotated-ref-shape	document	apis/openapi/surfly.com/main/2.0/meta/import/input-entry.json	census 40	enumeration.tsv.gz
annotated-ref-shape	document	apis/openapi/surfly.com/main/2.0/meta/import/output-bundle.json	census 40	enumeration.tsv.gz
annotated-ref-shape	document	apis/openapi/surfly.com/main/2.0/meta/import/output-entry.json	census 40	enumeration.tsv.gz
annotated-ref-shape	document	apis/openapi/surfly.com/main/2.0/openapi.json	census 40	enumeration.tsv.gz
annotated-ref-shape	document	apis/openapi/surveysparrow.com/main/1.0.0/meta/import/input-bundle.json	census 11	enumeration.tsv.gz
annotated-ref-shape	document	apis/openapi/surveysparrow.com/main/1.0.0/meta/import/input-entry.json	census 11	enumeration.tsv.gz
annotated-ref-shape	document	apis/openapi/surveysparrow.com/main/1.0.0/meta/import/output-bundle.json	census 11	enumeration.tsv.gz
annotated-ref-shape	document	apis/openapi/surveysparrow.com/main/1.0.0/meta/import/output-entry.json	census 11	enumeration.tsv.gz
annotated-ref-shape	document	apis/openapi/surveysparrow.com/main/1.0.0/openapi.json	census 11	enumeration.tsv.gz
annotated-ref-shape	document	apis/openapi/swaggerhub.hmcts-dts/api-cp-ai-rag/0.0.9/meta/import/input-bundle.json	census 4	enumeration.tsv.gz
annotated-ref-shape	document	apis/openapi/swaggerhub.hmcts-dts/api-cp-ai-rag/0.0.9/meta/import/input-entry.json	census 4	enumeration.tsv.gz
annotated-ref-shape	document	apis/openapi/swaggerhub.hmcts-dts/api-cp-ai-rag/0.0.9/meta/import/output-bundle.json	census 4	enumeration.tsv.gz
annotated-ref-shape	document	apis/openapi/swaggerhub.hmcts-dts/api-cp-ai-rag/0.0.9/meta/import/output-entry.json	census 4	enumeration.tsv.gz
annotated-ref-shape	document	apis/openapi/swaggerhub.hmcts-dts/api-cp-ai-rag/0.0.9/openapi.json	census 4	enumeration.tsv.gz
annotated-ref-shape	document	apis/openapi/swaggerhub.hmcts-dts/api-cp-crime-caseadmin-dcs-fulfilment/0.3.3/meta/import/input-bundle.json	census 5	enumeration.tsv.gz
annotated-ref-shape	document	apis/openapi/swaggerhub.hmcts-dts/api-cp-crime-caseadmin-dcs-fulfilment/0.3.3/meta/import/input-entry.json	census 5	enumeration.tsv.gz
annotated-ref-shape	document	apis/openapi/swaggerhub.hmcts-dts/api-cp-crime-caseadmin-dcs-fulfilment/0.3.3/meta/import/output-bundle.json	census 5	enumeration.tsv.gz
annotated-ref-shape	document	apis/openapi/swaggerhub.hmcts-dts/api-cp-crime-caseadmin-dcs-fulfilment/0.3.3/meta/import/output-entry.json	census 5	enumeration.tsv.gz
annotated-ref-shape	document	apis/openapi/swaggerhub.hmcts-dts/api-cp-crime-caseadmin-dcs-fulfilment/0.3.3/openapi.json	census 5	enumeration.tsv.gz
annotated-ref-shape	document	apis/openapi/swaggerhub.hmcts-dts/api-dcs-crime-caseadmin/0.9.3/meta/import/input-bundle.json	census 24	enumeration.tsv.gz
annotated-ref-shape	document	apis/openapi/swaggerhub.hmcts-dts/api-dcs-crime-caseadmin/0.9.3/meta/import/input-entry.json	census 24	enumeration.tsv.gz
annotated-ref-shape	document	apis/openapi/swaggerhub.hmcts-dts/api-dcs-crime-caseadmin/0.9.3/meta/import/output-bundle.json	census 24	enumeration.tsv.gz
annotated-ref-shape	document	apis/openapi/swaggerhub.hmcts-dts/api-dcs-crime-caseadmin/0.9.3/meta/import/output-entry.json	census 24	enumeration.tsv.gz
annotated-ref-shape	document	apis/openapi/swaggerhub.hmcts-dts/api-dcs-crime-caseadmin/0.9.3/openapi.json	census 24	enumeration.tsv.gz
annotated-ref-shape	document	apis/openapi/swaggerhub.skatteetaten/arbeidsgiveravgift-api/1.1.1/meta/import/input-bundle.json	census 1	enumeration.tsv.gz
annotated-ref-shape	document	apis/openapi/swaggerhub.skatteetaten/arbeidsgiveravgift-api/1.1.1/meta/import/input-entry.json	census 1	enumeration.tsv.gz
annotated-ref-shape	document	apis/openapi/swaggerhub.skatteetaten/arbeidsgiveravgift-api/1.1.1/meta/import/output-bundle.json	census 1	enumeration.tsv.gz
annotated-ref-shape	document	apis/openapi/swaggerhub.skatteetaten/arbeidsgiveravgift-api/1.1.1/meta/import/output-entry.json	census 1	enumeration.tsv.gz
annotated-ref-shape	document	apis/openapi/swaggerhub.skatteetaten/arbeidsgiveravgift-api/1.1.1/openapi.json	census 1	enumeration.tsv.gz
annotated-ref-shape	document	apis/openapi/swaggerhub.triquestra/accounts-receivable/1.0.10/meta/import/input-bundle.json	census 2	enumeration.tsv.gz
annotated-ref-shape	document	apis/openapi/swaggerhub.triquestra/accounts-receivable/1.0.10/meta/import/input-entry.json	census 2	enumeration.tsv.gz
annotated-ref-shape	document	apis/openapi/swaggerhub.triquestra/accounts-receivable/1.0.10/meta/import/output-bundle.json	census 2	enumeration.tsv.gz
annotated-ref-shape	document	apis/openapi/swaggerhub.triquestra/accounts-receivable/1.0.10/meta/import/output-entry.json	census 2	enumeration.tsv.gz
annotated-ref-shape	document	apis/openapi/swaggerhub.triquestra/accounts-receivable/1.0.10/openapi.json	census 2	enumeration.tsv.gz
annotated-ref-shape	document	apis/openapi/swaggerhub.triquestra/agency-gateway/3.1/meta/import/input-bundle.json	census 2	enumeration.tsv.gz
annotated-ref-shape	document	apis/openapi/swaggerhub.triquestra/agency-gateway/3.1/meta/import/input-entry.json	census 2	enumeration.tsv.gz
annotated-ref-shape	document	apis/openapi/swaggerhub.triquestra/agency-gateway/3.1/meta/import/output-bundle.json	census 2	enumeration.tsv.gz
annotated-ref-shape	document	apis/openapi/swaggerhub.triquestra/agency-gateway/3.1/meta/import/output-entry.json	census 2	enumeration.tsv.gz
annotated-ref-shape	document	apis/openapi/swaggerhub.triquestra/agency-gateway/3.1/openapi.json	census 2	enumeration.tsv.gz
annotated-ref-shape	document	apis/openapi/swaggerhub.viking-sasquatch/24-seven-fees-estimates-experience-api/1.0.0/meta/import/input-bundle.json	census 9	enumeration.tsv.gz
annotated-ref-shape	document	apis/openapi/swaggerhub.viking-sasquatch/24-seven-fees-estimates-experience-api/1.0.0/meta/import/input-entry.json	census 9	enumeration.tsv.gz
annotated-ref-shape	document	apis/openapi/swaggerhub.viking-sasquatch/24-seven-fees-estimates-experience-api/1.0.0/meta/import/output-bundle.json	census 9	enumeration.tsv.gz
annotated-ref-shape	document	apis/openapi/swaggerhub.viking-sasquatch/24-seven-fees-estimates-experience-api/1.0.0/meta/import/output-entry.json	census 9	enumeration.tsv.gz
annotated-ref-shape	document	apis/openapi/swaggerhub.viking-sasquatch/24-seven-fees-estimates-experience-api/1.0.0/openapi.json	census 9	enumeration.tsv.gz
annotated-ref-shape	document	apis/openapi/swaggerhub.viking-sasquatch/24-seven-fees-ramquest-experience-api/1.0.0/meta/import/input-bundle.json	census 9	enumeration.tsv.gz
annotated-ref-shape	document	apis/openapi/swaggerhub.viking-sasquatch/24-seven-fees-ramquest-experience-api/1.0.0/meta/import/input-entry.json	census 9	enumeration.tsv.gz
annotated-ref-shape	document	apis/openapi/swaggerhub.viking-sasquatch/24-seven-fees-ramquest-experience-api/1.0.0/meta/import/output-bundle.json	census 9	enumeration.tsv.gz
annotated-ref-shape	document	apis/openapi/swaggerhub.viking-sasquatch/24-seven-fees-ramquest-experience-api/1.0.0/meta/import/output-entry.json	census 9	enumeration.tsv.gz
annotated-ref-shape	document	apis/openapi/swaggerhub.viking-sasquatch/24-seven-fees-ramquest-experience-api/1.0.0/openapi.json	census 9	enumeration.tsv.gz
annotated-ref-shape	document	apis/openapi/twinehealth.com/main/v7.78.1/meta/import/input-bundled.json	census 1	enumeration.tsv.gz
annotated-ref-shape	document	apis/openapi/twinehealth.com/main/v7.78.1/meta/import/input-entry.json	census 1	enumeration.tsv.gz
annotated-ref-shape	document	apis/openapi/twinehealth.com/main/v7.78.1/meta/import/output-bundled.json	census 1	enumeration.tsv.gz
annotated-ref-shape	document	apis/openapi/twinehealth.com/main/v7.78.1/meta/import/output-entry.json	census 1	enumeration.tsv.gz
annotated-ref-shape	document	apis/openapi/twinehealth.com/main/v7.78.1/openapi.json	census 1	enumeration.tsv.gz
annotated-ref-shape	document	apis/openapi/wildapricot.com/main/9.6.1/meta/import/input-bundle.json	census 24	enumeration.tsv.gz
annotated-ref-shape	document	apis/openapi/wildapricot.com/main/9.6.1/meta/import/input-entry.json	census 24	enumeration.tsv.gz
annotated-ref-shape	document	apis/openapi/wildapricot.com/main/9.6.1/meta/import/output-bundle.json	census 24	enumeration.tsv.gz
annotated-ref-shape	document	apis/openapi/wildapricot.com/main/9.6.1/meta/import/output-entry.json	census 24	enumeration.tsv.gz
annotated-ref-shape	document	apis/openapi/wildapricot.com/main/9.6.1/openapi.json	census 24	enumeration.tsv.gz
annotated-ref-shape	document	apis/openapi/wiremock.org/admin/3.12.1/meta/import/input-bundled.json	census 1	enumeration.tsv.gz
annotated-ref-shape	document	apis/openapi/wiremock.org/admin/3.12.1/meta/import/input-entry.json	census 1	enumeration.tsv.gz
annotated-ref-shape	document	apis/openapi/wiremock.org/admin/3.12.1/meta/import/output-bundled.json	census 1	enumeration.tsv.gz
annotated-ref-shape	document	apis/openapi/wiremock.org/admin/3.12.1/meta/import/output-entry.json	census 1	enumeration.tsv.gz
annotated-ref-shape	document	apis/openapi/wiremock.org/admin/3.12.1/openapi.json	census 1	enumeration.tsv.gz
annotated-ref-shape	document	apis/openapi/workday.com/main/v2/openapi.json	census 46	enumeration.tsv.gz
annotated-ref-shape	document	apis/openapi/workday.com/main/v2/orig/workday.com.yaml	census 46	enumeration.tsv.gz
annotated-ref-shape	document	apis/openapi/workday.com/workday-performance-enablement/v5/meta/import/input-bundle.json	census 41	enumeration.tsv.gz
annotated-ref-shape	document	apis/openapi/workday.com/workday-performance-enablement/v5/meta/import/input-entry.json	census 41	enumeration.tsv.gz
annotated-ref-shape	document	apis/openapi/workday.com/workday-performance-enablement/v5/meta/import/output-bundle.json	census 41	enumeration.tsv.gz
annotated-ref-shape	document	apis/openapi/workday.com/workday-performance-enablement/v5/meta/import/output-entry.json	census 41	enumeration.tsv.gz
annotated-ref-shape	document	apis/openapi/workday.com/workday-performance-enablement/v5/openapi.json	census 41	enumeration.tsv.gz
annotated-ref-shape	document	apis/openapi/workday.com/workday-person/v4/meta/import/input-bundle.json	census 97	enumeration.tsv.gz
annotated-ref-shape	document	apis/openapi/workday.com/workday-person/v4/meta/import/input-entry.json	census 97	enumeration.tsv.gz
annotated-ref-shape	document	apis/openapi/workday.com/workday-person/v4/meta/import/output-bundle.json	census 97	enumeration.tsv.gz
annotated-ref-shape	document	apis/openapi/workday.com/workday-person/v4/meta/import/output-entry.json	census 97	enumeration.tsv.gz
annotated-ref-shape	document	apis/openapi/workday.com/workday-person/v4/openapi.json	census 97	enumeration.tsv.gz
annotated-ref-shape	document	apis/openapi/workday.com/workday-staffing/v6/meta/import/input-bundle.json	census 88	enumeration.tsv.gz
annotated-ref-shape	document	apis/openapi/workday.com/workday-staffing/v6/meta/import/input-entry.json	census 88	enumeration.tsv.gz
annotated-ref-shape	document	apis/openapi/workday.com/workday-staffing/v6/meta/import/output-bundle.json	census 88	enumeration.tsv.gz
annotated-ref-shape	document	apis/openapi/workday.com/workday-staffing/v6/meta/import/output-entry.json	census 88	enumeration.tsv.gz
annotated-ref-shape	document	apis/openapi/workday.com/workday-staffing/v6/openapi.json	census 88	enumeration.tsv.gz
annotated-ref-shape	document	apis/openapi/youneedabudget.com/main/1.0.0/meta/import/input-bundle.json	census 1	enumeration.tsv.gz
annotated-ref-shape	document	apis/openapi/youneedabudget.com/main/1.0.0/meta/import/input-entry.json	census 1	enumeration.tsv.gz
annotated-ref-shape	document	apis/openapi/youneedabudget.com/main/1.0.0/meta/import/output-bundle.json	census 1	enumeration.tsv.gz
annotated-ref-shape	document	apis/openapi/youneedabudget.com/main/1.0.0/meta/import/output-entry.json	census 1	enumeration.tsv.gz
annotated-ref-shape	document	apis/openapi/youneedabudget.com/main/1.0.0/openapi.json	census 1	enumeration.tsv.gz
annotated-ref-shape	document	apis/openapi/youneedabudget.com/ynab-api-endpoints/1.0.0/meta/import/input-bundle.json	census 1	enumeration.tsv.gz
annotated-ref-shape	document	apis/openapi/youneedabudget.com/ynab-api-endpoints/1.0.0/meta/import/input-entry.json	census 1	enumeration.tsv.gz
annotated-ref-shape	document	apis/openapi/youneedabudget.com/ynab-api-endpoints/1.0.0/meta/import/output-bundle.json	census 1	enumeration.tsv.gz
annotated-ref-shape	document	apis/openapi/youneedabudget.com/ynab-api-endpoints/1.0.0/meta/import/output-entry.json	census 1	enumeration.tsv.gz
annotated-ref-shape	document	apis/openapi/youneedabudget.com/ynab-api-endpoints/1.0.0/openapi.json	census 1	enumeration.tsv.gz
annotated-ref-shape	document	apis/openapi/zulip.com/zulip/1.0.0/meta/import/input-bundle.json	census 232	enumeration.tsv.gz
annotated-ref-shape	document	apis/openapi/zulip.com/zulip/1.0.0/meta/import/input-entry.json	census 232	enumeration.tsv.gz
annotated-ref-shape	document	apis/openapi/zulip.com/zulip/1.0.0/meta/import/output-bundle.json	census 232	enumeration.tsv.gz
annotated-ref-shape	document	apis/openapi/zulip.com/zulip/1.0.0/meta/import/output-entry.json	census 232	enumeration.tsv.gz
annotated-ref-shape	document	apis/openapi/zulip.com/zulip/1.0.0/openapi.json	census 232	enumeration.tsv.gz
annotated-ref-shape	walk	jentic/jentic-public-apis@eb9d12a2684b0fbcb5aecf51e8ae54dba0929743	74240	enumeration.tsv.gz
anyof-allof-variant	candidate	apis/openapi/digitalocean.com/main/2.0/meta/import/input-bundle.json	census 9	probe.jsonl
anyof-allof-variant	candidate	apis/openapi/digitalocean.com/main/2.0/meta/import/input-entry.json	census 9	probe.jsonl
anyof-allof-variant	candidate	apis/openapi/digitalocean.com/main/2.0/meta/import/output-bundle.json	census 9	probe.jsonl
anyof-allof-variant	candidate	apis/openapi/digitalocean.com/main/2.0/meta/import/output-entry.json	census 9	probe.jsonl
anyof-allof-variant	candidate	apis/openapi/digitalocean.com/main/2.0/openapi.json	census 9	probe.jsonl
anyof-allof-variant	candidate	apis/openapi/elastic.co/kibana/1.0/meta/import/input-bundle.json	census 2	probe.jsonl
anyof-allof-variant	candidate	apis/openapi/elastic.co/kibana/1.0/meta/import/input-entry.json	census 2	probe.jsonl
anyof-allof-variant	candidate	apis/openapi/elastic.co/kibana/1.0/meta/import/output-bundle.json	census 2	probe.jsonl
anyof-allof-variant	candidate	apis/openapi/elastic.co/kibana/1.0/meta/import/output-entry.json	census 2	probe.jsonl
anyof-allof-variant	candidate	apis/openapi/elastic.co/kibana/1.0/openapi.json	census 2	probe.jsonl
anyof-allof-variant	candidate	apis/openapi/nem.io/main/1.0.5/meta/import/input-bundle.json	census 21	probe.jsonl
anyof-allof-variant	candidate	apis/openapi/nem.io/main/1.0.5/meta/import/input-entry.json	census 21	probe.jsonl
anyof-allof-variant	candidate	apis/openapi/nem.io/main/1.0.5/meta/import/output-bundle.json	census 21	probe.jsonl
anyof-allof-variant	candidate	apis/openapi/nem.io/main/1.0.5/meta/import/output-entry.json	census 21	probe.jsonl
anyof-allof-variant	candidate	apis/openapi/nem.io/main/1.0.5/openapi.json	census 21	probe.jsonl
anyof-allof-variant	candidate	apis/openapi/opensearch.org/main/0.2.0/meta/import/input-bundle.json	census 17	probe.jsonl
anyof-allof-variant	candidate	apis/openapi/opensearch.org/main/0.2.0/meta/import/input-entry.json	census 17	probe.jsonl
anyof-allof-variant	candidate	apis/openapi/opensearch.org/main/0.2.0/meta/import/output-bundle.json	census 17	probe.jsonl
anyof-allof-variant	candidate	apis/openapi/opensearch.org/main/0.2.0/meta/import/output-entry.json	census 17	probe.jsonl
anyof-allof-variant	candidate	apis/openapi/opensearch.org/main/0.2.0/openapi.json	census 17	probe.jsonl
anyof-allof-variant	document	apis/openapi/braintrust.dev/main/1.0.0/meta/import/input-bundle.json	census 4	enumeration.tsv.gz
anyof-allof-variant	document	apis/openapi/braintrust.dev/main/1.0.0/meta/import/input-entry.json	census 4	enumeration.tsv.gz
anyof-allof-variant	document	apis/openapi/braintrust.dev/main/1.0.0/meta/import/output-bundle.json	census 4	enumeration.tsv.gz
anyof-allof-variant	document	apis/openapi/braintrust.dev/main/1.0.0/meta/import/output-entry.json	census 4	enumeration.tsv.gz
anyof-allof-variant	document	apis/openapi/braintrust.dev/main/1.0.0/openapi.json	census 4	enumeration.tsv.gz
anyof-allof-variant	document	apis/openapi/cloudflare.com/main/4.0.0/meta/import/input-bundle.json	census 3	enumeration.tsv.gz
anyof-allof-variant	document	apis/openapi/cloudflare.com/main/4.0.0/meta/import/input-entry.json	census 3	enumeration.tsv.gz
anyof-allof-variant	document	apis/openapi/cloudflare.com/main/4.0.0/meta/import/output-bundle.json	census 3	enumeration.tsv.gz
anyof-allof-variant	document	apis/openapi/cloudflare.com/main/4.0.0/meta/import/output-entry.json	census 3	enumeration.tsv.gz
anyof-allof-variant	document	apis/openapi/cloudflare.com/main/4.0.0/openapi.json	census 3	enumeration.tsv.gz
anyof-allof-variant	document	apis/openapi/cvent.com/main/ea/meta/import/input-bundle.json	census 3	enumeration.tsv.gz
anyof-allof-variant	document	apis/openapi/cvent.com/main/ea/meta/import/input-entry.json	census 3	enumeration.tsv.gz
anyof-allof-variant	document	apis/openapi/cvent.com/main/ea/meta/import/output-bundle.json	census 3	enumeration.tsv.gz
anyof-allof-variant	document	apis/openapi/cvent.com/main/ea/meta/import/output-entry.json	census 3	enumeration.tsv.gz
anyof-allof-variant	document	apis/openapi/cvent.com/main/ea/openapi.json	census 3	enumeration.tsv.gz
anyof-allof-variant	document	apis/openapi/digitalocean.com/main/2.0/meta/import/input-bundle.json	census 9	enumeration.tsv.gz
anyof-allof-variant	document	apis/openapi/digitalocean.com/main/2.0/meta/import/input-entry.json	census 9	enumeration.tsv.gz
anyof-allof-variant	document	apis/openapi/digitalocean.com/main/2.0/meta/import/output-bundle.json	census 9	enumeration.tsv.gz
anyof-allof-variant	document	apis/openapi/digitalocean.com/main/2.0/meta/import/output-entry.json	census 9	enumeration.tsv.gz
anyof-allof-variant	document	apis/openapi/digitalocean.com/main/2.0/openapi.json	census 9	enumeration.tsv.gz
anyof-allof-variant	document	apis/openapi/elastic.co/kibana/1.0/meta/import/input-bundle.json	census 2	enumeration.tsv.gz
anyof-allof-variant	document	apis/openapi/elastic.co/kibana/1.0/meta/import/input-entry.json	census 2	enumeration.tsv.gz
anyof-allof-variant	document	apis/openapi/elastic.co/kibana/1.0/meta/import/output-bundle.json	census 2	enumeration.tsv.gz
anyof-allof-variant	document	apis/openapi/elastic.co/kibana/1.0/meta/import/output-entry.json	census 2	enumeration.tsv.gz
anyof-allof-variant	document	apis/openapi/elastic.co/kibana/1.0/openapi.json	census 2	enumeration.tsv.gz
anyof-allof-variant	document	apis/openapi/gcore.com/main/1.0.0/meta/import/input-bundle.json	census 7	enumeration.tsv.gz
anyof-allof-variant	document	apis/openapi/gcore.com/main/1.0.0/meta/import/input-entry.json	census 7	enumeration.tsv.gz
anyof-allof-variant	document	apis/openapi/gcore.com/main/1.0.0/meta/import/output-bundle.json	census 7	enumeration.tsv.gz
anyof-allof-variant	document	apis/openapi/gcore.com/main/1.0.0/meta/import/output-entry.json	census 7	enumeration.tsv.gz
anyof-allof-variant	document	apis/openapi/gcore.com/main/1.0.0/openapi.json	census 7	enumeration.tsv.gz
anyof-allof-variant	document	apis/openapi/metabase.com/main/v0.57.1-SNAPSHOT/meta/import/input-bundle.json	census 4	enumeration.tsv.gz
anyof-allof-variant	document	apis/openapi/metabase.com/main/v0.57.1-SNAPSHOT/meta/import/input-entry.json	census 4	enumeration.tsv.gz
anyof-allof-variant	document	apis/openapi/metabase.com/main/v0.57.1-SNAPSHOT/meta/import/output-bundle.json	census 4	enumeration.tsv.gz
anyof-allof-variant	document	apis/openapi/metabase.com/main/v0.57.1-SNAPSHOT/meta/import/output-entry.json	census 4	enumeration.tsv.gz
anyof-allof-variant	document	apis/openapi/metabase.com/main/v0.57.1-SNAPSHOT/openapi.json	census 4	enumeration.tsv.gz
anyof-allof-variant	document	apis/openapi/nem.io/main/1.0.5/meta/import/input-bundle.json	census 21	enumeration.tsv.gz
anyof-allof-variant	document	apis/openapi/nem.io/main/1.0.5/meta/import/input-entry.json	census 21	enumeration.tsv.gz
anyof-allof-variant	document	apis/openapi/nem.io/main/1.0.5/meta/import/output-bundle.json	census 21	enumeration.tsv.gz
anyof-allof-variant	document	apis/openapi/nem.io/main/1.0.5/meta/import/output-entry.json	census 21	enumeration.tsv.gz
anyof-allof-variant	document	apis/openapi/nem.io/main/1.0.5/openapi.json	census 21	enumeration.tsv.gz
anyof-allof-variant	document	apis/openapi/openrouter.ai/main/1.0.0/meta/import/input-bundle.json	census 2	enumeration.tsv.gz
anyof-allof-variant	document	apis/openapi/openrouter.ai/main/1.0.0/meta/import/input-entry.json	census 2	enumeration.tsv.gz
anyof-allof-variant	document	apis/openapi/openrouter.ai/main/1.0.0/meta/import/output-bundle.json	census 2	enumeration.tsv.gz
anyof-allof-variant	document	apis/openapi/openrouter.ai/main/1.0.0/meta/import/output-entry.json	census 2	enumeration.tsv.gz
anyof-allof-variant	document	apis/openapi/openrouter.ai/main/1.0.0/openapi.json	census 2	enumeration.tsv.gz
anyof-allof-variant	document	apis/openapi/opensearch.org/main/0.2.0/meta/import/input-bundle.json	census 17	enumeration.tsv.gz
anyof-allof-variant	document	apis/openapi/opensearch.org/main/0.2.0/meta/import/input-entry.json	census 17	enumeration.tsv.gz
anyof-allof-variant	document	apis/openapi/opensearch.org/main/0.2.0/meta/import/output-bundle.json	census 17	enumeration.tsv.gz
anyof-allof-variant	document	apis/openapi/opensearch.org/main/0.2.0/meta/import/output-entry.json	census 17	enumeration.tsv.gz
anyof-allof-variant	document	apis/openapi/opensearch.org/main/0.2.0/openapi.json	census 17	enumeration.tsv.gz
anyof-allof-variant	document	apis/openapi/sellsy.com/main/2.128.0/meta/import/input-bundle.json	census 8	enumeration.tsv.gz
anyof-allof-variant	document	apis/openapi/sellsy.com/main/2.128.0/meta/import/input-entry.json	census 8	enumeration.tsv.gz
anyof-allof-variant	document	apis/openapi/sellsy.com/main/2.128.0/meta/import/output-bundle.json	census 8	enumeration.tsv.gz
anyof-allof-variant	document	apis/openapi/sellsy.com/main/2.128.0/meta/import/output-entry.json	census 8	enumeration.tsv.gz
anyof-allof-variant	document	apis/openapi/sellsy.com/main/2.128.0/openapi.json	census 8	enumeration.tsv.gz
anyof-allof-variant	screen	apis/openapi/digitalocean.com/main/2.0/meta/import/input-bundle.json fern	passed	screens.jsonl
anyof-allof-variant	screen	apis/openapi/digitalocean.com/main/2.0/meta/import/input-bundle.json licence	passed	screens.jsonl
anyof-allof-variant	screen	apis/openapi/digitalocean.com/main/2.0/meta/import/input-bundle.json ref	passed	screens.jsonl
anyof-allof-variant	screen	apis/openapi/digitalocean.com/main/2.0/meta/import/input-entry.json fern	passed	screens.jsonl
anyof-allof-variant	screen	apis/openapi/digitalocean.com/main/2.0/meta/import/input-entry.json licence	passed	screens.jsonl
anyof-allof-variant	screen	apis/openapi/digitalocean.com/main/2.0/meta/import/input-entry.json ref	passed	screens.jsonl
anyof-allof-variant	screen	apis/openapi/digitalocean.com/main/2.0/meta/import/output-bundle.json fern	passed	screens.jsonl
anyof-allof-variant	screen	apis/openapi/digitalocean.com/main/2.0/meta/import/output-bundle.json licence	passed	screens.jsonl
anyof-allof-variant	screen	apis/openapi/digitalocean.com/main/2.0/meta/import/output-bundle.json ref	passed	screens.jsonl
anyof-allof-variant	screen	apis/openapi/digitalocean.com/main/2.0/meta/import/output-entry.json fern	passed	screens.jsonl
anyof-allof-variant	screen	apis/openapi/digitalocean.com/main/2.0/meta/import/output-entry.json licence	passed	screens.jsonl
anyof-allof-variant	screen	apis/openapi/digitalocean.com/main/2.0/meta/import/output-entry.json ref	passed	screens.jsonl
anyof-allof-variant	screen	apis/openapi/digitalocean.com/main/2.0/openapi.json fern	passed	screens.jsonl
anyof-allof-variant	screen	apis/openapi/digitalocean.com/main/2.0/openapi.json licence	passed	screens.jsonl
anyof-allof-variant	screen	apis/openapi/digitalocean.com/main/2.0/openapi.json ref	passed	screens.jsonl
anyof-allof-variant	screen	apis/openapi/elastic.co/kibana/1.0/meta/import/input-bundle.json fern	failed: Fern CLI 5.67.1 / python-sdk 5.20.0 check reports 40 errors, e.g. Endpoint description for POST /api/agent_builder/converse/async contains '---' which will be interpreted as a	screens.jsonl
anyof-allof-variant	screen	apis/openapi/elastic.co/kibana/1.0/meta/import/input-bundle.json licence	passed	screens.jsonl
anyof-allof-variant	screen	apis/openapi/elastic.co/kibana/1.0/meta/import/input-bundle.json ref	passed	screens.jsonl
anyof-allof-variant	screen	apis/openapi/elastic.co/kibana/1.0/meta/import/input-entry.json fern	failed: Fern CLI 5.67.1 / python-sdk 5.20.0 check reports 40 errors, e.g. Endpoint description for POST /api/agent_builder/converse/async contains '---' which will be interpreted as a	screens.jsonl
anyof-allof-variant	screen	apis/openapi/elastic.co/kibana/1.0/meta/import/input-entry.json licence	passed	screens.jsonl
anyof-allof-variant	screen	apis/openapi/elastic.co/kibana/1.0/meta/import/input-entry.json ref	passed	screens.jsonl
anyof-allof-variant	screen	apis/openapi/elastic.co/kibana/1.0/meta/import/output-bundle.json fern	failed: Fern CLI 5.67.1 / python-sdk 5.20.0 check reports 40 errors, e.g. Endpoint description for POST /api/agent_builder/converse/async contains '---' which will be interpreted as a	screens.jsonl
anyof-allof-variant	screen	apis/openapi/elastic.co/kibana/1.0/meta/import/output-bundle.json licence	passed	screens.jsonl
anyof-allof-variant	screen	apis/openapi/elastic.co/kibana/1.0/meta/import/output-bundle.json ref	passed	screens.jsonl
anyof-allof-variant	screen	apis/openapi/elastic.co/kibana/1.0/meta/import/output-entry.json fern	failed: Fern CLI 5.67.1 / python-sdk 5.20.0 check reports 40 errors, e.g. Endpoint description for POST /api/agent_builder/converse/async contains '---' which will be interpreted as a	screens.jsonl
anyof-allof-variant	screen	apis/openapi/elastic.co/kibana/1.0/meta/import/output-entry.json licence	passed	screens.jsonl
anyof-allof-variant	screen	apis/openapi/elastic.co/kibana/1.0/meta/import/output-entry.json ref	passed	screens.jsonl
anyof-allof-variant	screen	apis/openapi/elastic.co/kibana/1.0/openapi.json fern	failed: Fern CLI 5.67.1 / python-sdk 5.20.0 check reports 40 errors, e.g. Endpoint description for POST /api/agent_builder/converse/async contains '---' which will be interpreted as a	screens.jsonl
anyof-allof-variant	screen	apis/openapi/elastic.co/kibana/1.0/openapi.json licence	passed	screens.jsonl
anyof-allof-variant	screen	apis/openapi/elastic.co/kibana/1.0/openapi.json ref	passed	screens.jsonl
anyof-allof-variant	screen	apis/openapi/nem.io/main/1.0.5/meta/import/input-bundle.json fern	failed: Fern CLI 5.67.1 / python-sdk 5.20.0 check reports 17 errors, e.g. Service requires auth, but no auth is defined.	screens.jsonl
anyof-allof-variant	screen	apis/openapi/nem.io/main/1.0.5/meta/import/input-bundle.json licence	passed	screens.jsonl
anyof-allof-variant	screen	apis/openapi/nem.io/main/1.0.5/meta/import/input-bundle.json ref	passed	screens.jsonl
anyof-allof-variant	screen	apis/openapi/nem.io/main/1.0.5/meta/import/input-entry.json fern	failed: Fern CLI 5.67.1 / python-sdk 5.20.0 check reports 17 errors, e.g. Service requires auth, but no auth is defined.	screens.jsonl
anyof-allof-variant	screen	apis/openapi/nem.io/main/1.0.5/meta/import/input-entry.json licence	passed	screens.jsonl
anyof-allof-variant	screen	apis/openapi/nem.io/main/1.0.5/meta/import/input-entry.json ref	passed	screens.jsonl
anyof-allof-variant	screen	apis/openapi/nem.io/main/1.0.5/meta/import/output-bundle.json fern	failed: Fern CLI 5.67.1 / python-sdk 5.20.0 check reports 17 errors, e.g. Service requires auth, but no auth is defined.	screens.jsonl
anyof-allof-variant	screen	apis/openapi/nem.io/main/1.0.5/meta/import/output-bundle.json licence	passed	screens.jsonl
anyof-allof-variant	screen	apis/openapi/nem.io/main/1.0.5/meta/import/output-bundle.json ref	passed	screens.jsonl
anyof-allof-variant	screen	apis/openapi/nem.io/main/1.0.5/meta/import/output-entry.json fern	failed: Fern CLI 5.67.1 / python-sdk 5.20.0 check reports 17 errors, e.g. Service requires auth, but no auth is defined.	screens.jsonl
anyof-allof-variant	screen	apis/openapi/nem.io/main/1.0.5/meta/import/output-entry.json licence	passed	screens.jsonl
anyof-allof-variant	screen	apis/openapi/nem.io/main/1.0.5/meta/import/output-entry.json ref	passed	screens.jsonl
anyof-allof-variant	screen	apis/openapi/nem.io/main/1.0.5/openapi.json fern	failed: Fern CLI 5.67.1 / python-sdk 5.20.0 check reports 17 errors, e.g. Service requires auth, but no auth is defined.	screens.jsonl
anyof-allof-variant	screen	apis/openapi/nem.io/main/1.0.5/openapi.json licence	passed	screens.jsonl
anyof-allof-variant	screen	apis/openapi/nem.io/main/1.0.5/openapi.json ref	passed	screens.jsonl
anyof-allof-variant	screen	apis/openapi/opensearch.org/main/0.2.0/meta/import/input-bundle.json fern	failed: Fern CLI 5.67.1 / python-sdk 5.20.0 check reports 85 errors, e.g. Parameters path parameter 'fields', query parameter 'fields' all normalize to 'fields' in generated SDKs. This	screens.jsonl
anyof-allof-variant	screen	apis/openapi/opensearch.org/main/0.2.0/meta/import/input-bundle.json licence	passed	screens.jsonl
anyof-allof-variant	screen	apis/openapi/opensearch.org/main/0.2.0/meta/import/input-bundle.json ref	passed	screens.jsonl
anyof-allof-variant	screen	apis/openapi/opensearch.org/main/0.2.0/meta/import/input-entry.json fern	failed: Fern CLI 5.67.1 / python-sdk 5.20.0 check reports 85 errors, e.g. Parameters path parameter 'fields', query parameter 'fields' all normalize to 'fields' in generated SDKs. This	screens.jsonl
anyof-allof-variant	screen	apis/openapi/opensearch.org/main/0.2.0/meta/import/input-entry.json licence	passed	screens.jsonl
anyof-allof-variant	screen	apis/openapi/opensearch.org/main/0.2.0/meta/import/input-entry.json ref	passed	screens.jsonl
anyof-allof-variant	screen	apis/openapi/opensearch.org/main/0.2.0/meta/import/output-bundle.json fern	failed: Fern CLI 5.67.1 / python-sdk 5.20.0 check reports 85 errors, e.g. Parameters path parameter 'fields', query parameter 'fields' all normalize to 'fields' in generated SDKs. This	screens.jsonl
anyof-allof-variant	screen	apis/openapi/opensearch.org/main/0.2.0/meta/import/output-bundle.json licence	passed	screens.jsonl
anyof-allof-variant	screen	apis/openapi/opensearch.org/main/0.2.0/meta/import/output-bundle.json ref	passed	screens.jsonl
anyof-allof-variant	screen	apis/openapi/opensearch.org/main/0.2.0/meta/import/output-entry.json fern	failed: Fern CLI 5.67.1 / python-sdk 5.20.0 check reports 85 errors, e.g. Parameters path parameter 'fields', query parameter 'fields' all normalize to 'fields' in generated SDKs. This	screens.jsonl
anyof-allof-variant	screen	apis/openapi/opensearch.org/main/0.2.0/meta/import/output-entry.json licence	passed	screens.jsonl
anyof-allof-variant	screen	apis/openapi/opensearch.org/main/0.2.0/meta/import/output-entry.json ref	passed	screens.jsonl
anyof-allof-variant	screen	apis/openapi/opensearch.org/main/0.2.0/openapi.json fern	failed: Fern CLI 5.67.1 / python-sdk 5.20.0 check reports 85 errors, e.g. Parameters path parameter 'fields', query parameter 'fields' all normalize to 'fields' in generated SDKs. This	screens.jsonl
anyof-allof-variant	screen	apis/openapi/opensearch.org/main/0.2.0/openapi.json licence	passed	screens.jsonl
anyof-allof-variant	screen	apis/openapi/opensearch.org/main/0.2.0/openapi.json ref	passed	screens.jsonl
anyof-allof-variant	walk	jentic/jentic-public-apis@eb9d12a2684b0fbcb5aecf51e8ae54dba0929743	74240	enumeration.tsv.gz
anyof-array-variant-annotated-ref-item	document	apis/openapi/braintrust.dev/main/1.0.0/meta/import/input-bundle.json	census 1	enumeration.tsv.gz
anyof-array-variant-annotated-ref-item	document	apis/openapi/braintrust.dev/main/1.0.0/meta/import/input-entry.json	census 1	enumeration.tsv.gz
anyof-array-variant-annotated-ref-item	document	apis/openapi/braintrust.dev/main/1.0.0/meta/import/output-bundle.json	census 1	enumeration.tsv.gz
anyof-array-variant-annotated-ref-item	document	apis/openapi/braintrust.dev/main/1.0.0/meta/import/output-entry.json	census 1	enumeration.tsv.gz
anyof-array-variant-annotated-ref-item	document	apis/openapi/braintrust.dev/main/1.0.0/openapi.json	census 1	enumeration.tsv.gz
anyof-array-variant-annotated-ref-item	walk	jentic/jentic-public-apis@eb9d12a2684b0fbcb5aecf51e8ae54dba0929743	74240	enumeration.tsv.gz
anyof-array-variant-composed-item	document	apis/openapi/braintrust.dev/main/1.0.0/meta/import/input-bundle.json	census 1	enumeration.tsv.gz
anyof-array-variant-composed-item	document	apis/openapi/braintrust.dev/main/1.0.0/meta/import/input-entry.json	census 1	enumeration.tsv.gz
anyof-array-variant-composed-item	document	apis/openapi/braintrust.dev/main/1.0.0/meta/import/output-bundle.json	census 1	enumeration.tsv.gz
anyof-array-variant-composed-item	document	apis/openapi/braintrust.dev/main/1.0.0/meta/import/output-entry.json	census 1	enumeration.tsv.gz
anyof-array-variant-composed-item	document	apis/openapi/braintrust.dev/main/1.0.0/openapi.json	census 1	enumeration.tsv.gz
anyof-array-variant-composed-item	document	apis/openapi/metabase.com/main/v0.57.1-SNAPSHOT/meta/import/input-bundle.json	census 1	enumeration.tsv.gz
anyof-array-variant-composed-item	document	apis/openapi/metabase.com/main/v0.57.1-SNAPSHOT/meta/import/input-entry.json	census 1	enumeration.tsv.gz
anyof-array-variant-composed-item	document	apis/openapi/metabase.com/main/v0.57.1-SNAPSHOT/meta/import/output-bundle.json	census 1	enumeration.tsv.gz
anyof-array-variant-composed-item	document	apis/openapi/metabase.com/main/v0.57.1-SNAPSHOT/meta/import/output-entry.json	census 1	enumeration.tsv.gz
anyof-array-variant-composed-item	document	apis/openapi/metabase.com/main/v0.57.1-SNAPSHOT/openapi.json	census 1	enumeration.tsv.gz
anyof-array-variant-composed-item	document	apis/openapi/penpot.app/main/2.14/meta/import/input-bundle.json	census 36	enumeration.tsv.gz
anyof-array-variant-composed-item	document	apis/openapi/penpot.app/main/2.14/meta/import/input-entry.json	census 36	enumeration.tsv.gz
anyof-array-variant-composed-item	document	apis/openapi/penpot.app/main/2.14/meta/import/output-bundle.json	census 36	enumeration.tsv.gz
anyof-array-variant-composed-item	document	apis/openapi/penpot.app/main/2.14/meta/import/output-entry.json	census 36	enumeration.tsv.gz
anyof-array-variant-composed-item	document	apis/openapi/penpot.app/main/2.14/openapi.json	census 36	enumeration.tsv.gz
anyof-array-variant-composed-item	walk	jentic/jentic-public-apis@eb9d12a2684b0fbcb5aecf51e8ae54dba0929743	74240	enumeration.tsv.gz
anyof-discriminated-union	candidate	apis/openapi/elastic.co/kibana/1.0/meta/import/input-bundle.json	census 8	probe.jsonl
anyof-discriminated-union	candidate	apis/openapi/elastic.co/kibana/1.0/meta/import/input-entry.json	census 8	probe.jsonl
anyof-discriminated-union	candidate	apis/openapi/elastic.co/kibana/1.0/meta/import/output-bundle.json	census 8	probe.jsonl
anyof-discriminated-union	candidate	apis/openapi/elastic.co/kibana/1.0/meta/import/output-entry.json	census 8	probe.jsonl
anyof-discriminated-union	candidate	apis/openapi/elastic.co/kibana/1.0/openapi.json	census 8	probe.jsonl
anyof-discriminated-union	candidate	apis/openapi/gcore.com/main/1.0.0/meta/import/input-bundle.json	census 1	probe.jsonl
anyof-discriminated-union	candidate	apis/openapi/gcore.com/main/1.0.0/meta/import/input-entry.json	census 1	probe.jsonl
anyof-discriminated-union	candidate	apis/openapi/gcore.com/main/1.0.0/meta/import/output-bundle.json	census 1	probe.jsonl
anyof-discriminated-union	candidate	apis/openapi/gcore.com/main/1.0.0/meta/import/output-entry.json	census 1	probe.jsonl
anyof-discriminated-union	candidate	apis/openapi/gcore.com/main/1.0.0/openapi.json	census 1	probe.jsonl
anyof-discriminated-union	document	apis/openapi/anthropic.com/anthropic-api/2024-10-22/meta/import/input-bundle.json	census 20	enumeration.tsv.gz
anyof-discriminated-union	document	apis/openapi/anthropic.com/anthropic-api/2024-10-22/meta/import/input-entry.json	census 20	enumeration.tsv.gz
anyof-discriminated-union	document	apis/openapi/anthropic.com/anthropic-api/2024-10-22/meta/import/output-bundle.json	census 20	enumeration.tsv.gz
anyof-discriminated-union	document	apis/openapi/anthropic.com/anthropic-api/2024-10-22/meta/import/output-entry.json	census 20	enumeration.tsv.gz
anyof-discriminated-union	document	apis/openapi/anthropic.com/anthropic-api/2024-10-22/openapi.json	census 20	enumeration.tsv.gz
anyof-discriminated-union	document	apis/openapi/api.0x.org/main/v2/meta/import/input-bundle.json	census 33	enumeration.tsv.gz
anyof-discriminated-union	document	apis/openapi/api.0x.org/main/v2/meta/import/input-entry.json	census 33	enumeration.tsv.gz
anyof-discriminated-union	document	apis/openapi/api.0x.org/main/v2/meta/import/output-bundle.json	census 33	enumeration.tsv.gz
anyof-discriminated-union	document	apis/openapi/api.0x.org/main/v2/meta/import/output-entry.json	census 33	enumeration.tsv.gz
anyof-discriminated-union	document	apis/openapi/api.0x.org/main/v2/openapi.json	census 33	enumeration.tsv.gz
anyof-discriminated-union	document	apis/openapi/api.github.com/main/1.1.4/meta/import/input-bundle.json	census 1	enumeration.tsv.gz
anyof-discriminated-union	document	apis/openapi/api.github.com/main/1.1.4/meta/import/input-entry.json	census 1	enumeration.tsv.gz
anyof-discriminated-union	document	apis/openapi/api.github.com/main/1.1.4/meta/import/output-bundle.json	census 1	enumeration.tsv.gz
anyof-discriminated-union	document	apis/openapi/api.github.com/main/1.1.4/meta/import/output-entry.json	census 1	enumeration.tsv.gz
anyof-discriminated-union	document	apis/openapi/api.github.com/main/1.1.4/openapi.json	census 1	enumeration.tsv.gz
anyof-discriminated-union	document	apis/openapi/askmiso.com/main/1.1.4/meta/import/input-bundle.json	census 7	enumeration.tsv.gz
anyof-discriminated-union	document	apis/openapi/askmiso.com/main/1.1.4/meta/import/input-entry.json	census 7	enumeration.tsv.gz
anyof-discriminated-union	document	apis/openapi/askmiso.com/main/1.1.4/meta/import/output-bundle.json	census 7	enumeration.tsv.gz
anyof-discriminated-union	document	apis/openapi/askmiso.com/main/1.1.4/meta/import/output-entry.json	census 7	enumeration.tsv.gz
anyof-discriminated-union	document	apis/openapi/askmiso.com/main/1.1.4/openapi.json	census 7	enumeration.tsv.gz
anyof-discriminated-union	document	apis/openapi/attio.com/main/2.0.0/meta/import/input-bundle.json	census 12	enumeration.tsv.gz
anyof-discriminated-union	document	apis/openapi/attio.com/main/2.0.0/meta/import/input-entry.json	census 12	enumeration.tsv.gz
anyof-discriminated-union	document	apis/openapi/attio.com/main/2.0.0/meta/import/output-bundle.json	census 12	enumeration.tsv.gz
anyof-discriminated-union	document	apis/openapi/attio.com/main/2.0.0/meta/import/output-entry.json	census 12	enumeration.tsv.gz
anyof-discriminated-union	document	apis/openapi/attio.com/main/2.0.0/openapi.json	census 12	enumeration.tsv.gz
anyof-discriminated-union	document	apis/openapi/braintrust.dev/main/1.0.0/meta/import/input-bundle.json	census 11	enumeration.tsv.gz
anyof-discriminated-union	document	apis/openapi/braintrust.dev/main/1.0.0/meta/import/input-entry.json	census 11	enumeration.tsv.gz
anyof-discriminated-union	document	apis/openapi/braintrust.dev/main/1.0.0/meta/import/output-bundle.json	census 11	enumeration.tsv.gz
anyof-discriminated-union	document	apis/openapi/braintrust.dev/main/1.0.0/meta/import/output-entry.json	census 11	enumeration.tsv.gz
anyof-discriminated-union	document	apis/openapi/braintrust.dev/main/1.0.0/openapi.json	census 11	enumeration.tsv.gz
anyof-discriminated-union	document	apis/openapi/brandfolder.com/main/v4/meta/import/input-bundle.json	census 3	enumeration.tsv.gz
anyof-discriminated-union	document	apis/openapi/brandfolder.com/main/v4/meta/import/input-entry.json	census 3	enumeration.tsv.gz
anyof-discriminated-union	document	apis/openapi/brandfolder.com/main/v4/meta/import/output-bundle.json	census 3	enumeration.tsv.gz
anyof-discriminated-union	document	apis/openapi/brandfolder.com/main/v4/meta/import/output-entry.json	census 3	enumeration.tsv.gz
anyof-discriminated-union	document	apis/openapi/brandfolder.com/main/v4/openapi.json	census 3	enumeration.tsv.gz
anyof-discriminated-union	document	apis/openapi/climate.api.nvidia.com/main/0.1.0/meta/import/input-bundle.json	census 2	enumeration.tsv.gz
anyof-discriminated-union	document	apis/openapi/climate.api.nvidia.com/main/0.1.0/meta/import/input-entry.json	census 2	enumeration.tsv.gz
anyof-discriminated-union	document	apis/openapi/climate.api.nvidia.com/main/0.1.0/meta/import/output-bundle.json	census 2	enumeration.tsv.gz
anyof-discriminated-union	document	apis/openapi/climate.api.nvidia.com/main/0.1.0/meta/import/output-entry.json	census 2	enumeration.tsv.gz
anyof-discriminated-union	document	apis/openapi/climate.api.nvidia.com/main/0.1.0/openapi.json	census 2	enumeration.tsv.gz
anyof-discriminated-union	document	apis/openapi/cloudflare.com/main/4.0.0/meta/import/input-bundle.json	census 5	enumeration.tsv.gz
anyof-discriminated-union	document	apis/openapi/cloudflare.com/main/4.0.0/meta/import/input-entry.json	census 5	enumeration.tsv.gz
anyof-discriminated-union	document	apis/openapi/cloudflare.com/main/4.0.0/meta/import/output-bundle.json	census 5	enumeration.tsv.gz
anyof-discriminated-union	document	apis/openapi/cloudflare.com/main/4.0.0/meta/import/output-entry.json	census 5	enumeration.tsv.gz
anyof-discriminated-union	document	apis/openapi/cloudflare.com/main/4.0.0/openapi.json	census 5	enumeration.tsv.gz
anyof-discriminated-union	document	apis/openapi/concordnow.com/main/Concord API v1.0/meta/import/input-bundle.json	census 1	enumeration.tsv.gz
anyof-discriminated-union	document	apis/openapi/concordnow.com/main/Concord API v1.0/meta/import/input-entry.json	census 1	enumeration.tsv.gz
anyof-discriminated-union	document	apis/openapi/concordnow.com/main/Concord API v1.0/meta/import/output-bundle.json	census 1	enumeration.tsv.gz
anyof-discriminated-union	document	apis/openapi/concordnow.com/main/Concord API v1.0/meta/import/output-entry.json	census 1	enumeration.tsv.gz
anyof-discriminated-union	document	apis/openapi/concordnow.com/main/Concord API v1.0/openapi.json	census 1	enumeration.tsv.gz
anyof-discriminated-union	document	apis/openapi/count.co/main/1.0/meta/import/input-bundle.json	census 1	enumeration.tsv.gz
anyof-discriminated-union	document	apis/openapi/count.co/main/1.0/meta/import/input-entry.json	census 1	enumeration.tsv.gz
anyof-discriminated-union	document	apis/openapi/count.co/main/1.0/meta/import/output-bundle.json	census 1	enumeration.tsv.gz
anyof-discriminated-union	document	apis/openapi/count.co/main/1.0/meta/import/output-entry.json	census 1	enumeration.tsv.gz
anyof-discriminated-union	document	apis/openapi/count.co/main/1.0/openapi.json	census 1	enumeration.tsv.gz
anyof-discriminated-union	document	apis/openapi/cpy.re/peertube/7.1.0/meta/import/input-bundled.json	census 1	enumeration.tsv.gz
anyof-discriminated-union	document	apis/openapi/cpy.re/peertube/7.1.0/meta/import/input-entry.json	census 1	enumeration.tsv.gz
anyof-discriminated-union	document	apis/openapi/cpy.re/peertube/7.1.0/meta/import/output-bundled.json	census 1	enumeration.tsv.gz
anyof-discriminated-union	document	apis/openapi/cpy.re/peertube/7.1.0/meta/import/output-entry.json	census 1	enumeration.tsv.gz
anyof-discriminated-union	document	apis/openapi/cpy.re/peertube/7.1.0/openapi.json	census 1	enumeration.tsv.gz
anyof-discriminated-union	document	apis/openapi/cvent.com/main/ea/meta/import/input-bundle.json	census 2	enumeration.tsv.gz
anyof-discriminated-union	document	apis/openapi/cvent.com/main/ea/meta/import/output-bundle.json	census 2	enumeration.tsv.gz
anyof-discriminated-union	document	apis/openapi/cvent.com/main/ea/openapi.json	census 2	enumeration.tsv.gz
anyof-discriminated-union	document	apis/openapi/doc.concordnow.com/main/Concord API v1.0/meta/import/input-bundle.json	census 1	enumeration.tsv.gz
anyof-discriminated-union	document	apis/openapi/doc.concordnow.com/main/Concord API v1.0/meta/import/input-entry.json	census 1	enumeration.tsv.gz
anyof-discriminated-union	document	apis/openapi/doc.concordnow.com/main/Concord API v1.0/meta/import/output-bundle.json	census 1	enumeration.tsv.gz
anyof-discriminated-union	document	apis/openapi/doc.concordnow.com/main/Concord API v1.0/meta/import/output-entry.json	census 1	enumeration.tsv.gz
anyof-discriminated-union	document	apis/openapi/doc.concordnow.com/main/Concord API v1.0/openapi.json	census 1	enumeration.tsv.gz
anyof-discriminated-union	document	apis/openapi/elastic.co/kibana/1.0/meta/import/input-bundle.json	census 8	enumeration.tsv.gz
anyof-discriminated-union	document	apis/openapi/elastic.co/kibana/1.0/meta/import/input-entry.json	census 8	enumeration.tsv.gz
anyof-discriminated-union	document	apis/openapi/elastic.co/kibana/1.0/meta/import/output-bundle.json	census 8	enumeration.tsv.gz
anyof-discriminated-union	document	apis/openapi/elastic.co/kibana/1.0/meta/import/output-entry.json	census 8	enumeration.tsv.gz
anyof-discriminated-union	document	apis/openapi/elastic.co/kibana/1.0/openapi.json	census 8	enumeration.tsv.gz
anyof-discriminated-union	document	apis/openapi/elevenlabs.io/main/1.0/meta/import/input-bundled.json	census 7	enumeration.tsv.gz
anyof-discriminated-union	document	apis/openapi/elevenlabs.io/main/1.0/meta/import/input-entry.json	census 7	enumeration.tsv.gz
anyof-discriminated-union	document	apis/openapi/elevenlabs.io/main/1.0/meta/import/output-bundled.json	census 7	enumeration.tsv.gz
anyof-discriminated-union	document	apis/openapi/elevenlabs.io/main/1.0/meta/import/output-entry.json	census 7	enumeration.tsv.gz
anyof-discriminated-union	document	apis/openapi/elevenlabs.io/main/1.0/openapi.json	census 7	enumeration.tsv.gz
anyof-discriminated-union	document	apis/openapi/fordefi.com/main/0.2.0/meta/import/input-bundle.json	census 2	enumeration.tsv.gz
anyof-discriminated-union	document	apis/openapi/fordefi.com/main/0.2.0/meta/import/input-entry.json	census 2	enumeration.tsv.gz
anyof-discriminated-union	document	apis/openapi/fordefi.com/main/0.2.0/meta/import/output-bundle.json	census 2	enumeration.tsv.gz
anyof-discriminated-union	document	apis/openapi/fordefi.com/main/0.2.0/meta/import/output-entry.json	census 2	enumeration.tsv.gz
anyof-discriminated-union	document	apis/openapi/fordefi.com/main/0.2.0/openapi.json	census 2	enumeration.tsv.gz
anyof-discriminated-union	document	apis/openapi/gcore.com/main/1.0.0/meta/import/input-bundle.json	census 1	enumeration.tsv.gz
anyof-discriminated-union	document	apis/openapi/gcore.com/main/1.0.0/meta/import/input-entry.json	census 1	enumeration.tsv.gz
anyof-discriminated-union	document	apis/openapi/gcore.com/main/1.0.0/meta/import/output-bundle.json	census 1	enumeration.tsv.gz
anyof-discriminated-union	document	apis/openapi/gcore.com/main/1.0.0/meta/import/output-entry.json	census 1	enumeration.tsv.gz
anyof-discriminated-union	document	apis/openapi/gcore.com/main/1.0.0/openapi.json	census 1	enumeration.tsv.gz
anyof-discriminated-union	document	apis/openapi/github.com/api.github.com/1.1.4/meta/import/input-bundled.json	census 1	enumeration.tsv.gz
anyof-discriminated-union	document	apis/openapi/github.com/api.github.com/1.1.4/meta/import/input-entry.json	census 1	enumeration.tsv.gz
anyof-discriminated-union	document	apis/openapi/github.com/api.github.com/1.1.4/meta/import/output-bundled.json	census 1	enumeration.tsv.gz
anyof-discriminated-union	document	apis/openapi/github.com/api.github.com/1.1.4/meta/import/output-entry.json	census 1	enumeration.tsv.gz
anyof-discriminated-union	document	apis/openapi/github.com/api.github.com/1.1.4/openapi.json	census 1	enumeration.tsv.gz
anyof-discriminated-union	document	apis/openapi/github.com/ghec/1.1.4/meta/import/input-bundled.json	census 1	enumeration.tsv.gz
anyof-discriminated-union	document	apis/openapi/github.com/ghec/1.1.4/meta/import/input-entry.json	census 1	enumeration.tsv.gz
anyof-discriminated-union	document	apis/openapi/github.com/ghec/1.1.4/meta/import/output-bundled.json	census 1	enumeration.tsv.gz
anyof-discriminated-union	document	apis/openapi/github.com/ghec/1.1.4/meta/import/output-entry.json	census 1	enumeration.tsv.gz
anyof-discriminated-union	document	apis/openapi/github.com/ghec/1.1.4/openapi.json	census 1	enumeration.tsv.gz
anyof-discriminated-union	document	apis/openapi/go.v7labs.com/main/0.1.0/meta/import/input-bundle.json	census 2	enumeration.tsv.gz
anyof-discriminated-union	document	apis/openapi/go.v7labs.com/main/0.1.0/meta/import/input-entry.json	census 2	enumeration.tsv.gz
anyof-discriminated-union	document	apis/openapi/go.v7labs.com/main/0.1.0/meta/import/output-bundle.json	census 2	enumeration.tsv.gz
anyof-discriminated-union	document	apis/openapi/go.v7labs.com/main/0.1.0/meta/import/output-entry.json	census 2	enumeration.tsv.gz
anyof-discriminated-union	document	apis/openapi/go.v7labs.com/main/0.1.0/openapi.json	census 2	enumeration.tsv.gz
anyof-discriminated-union	document	apis/openapi/griffin.com/main/1.0/meta/import/input-bundle.json	census 31	enumeration.tsv.gz
anyof-discriminated-union	document	apis/openapi/griffin.com/main/1.0/meta/import/input-entry.json	census 31	enumeration.tsv.gz
anyof-discriminated-union	document	apis/openapi/griffin.com/main/1.0/meta/import/output-bundle.json	census 31	enumeration.tsv.gz
anyof-discriminated-union	document	apis/openapi/griffin.com/main/1.0/meta/import/output-entry.json	census 31	enumeration.tsv.gz
anyof-discriminated-union	document	apis/openapi/griffin.com/main/1.0/openapi.json	census 31	enumeration.tsv.gz
anyof-discriminated-union	document	apis/openapi/hookdeck.com/main/1.0.0/meta/import/input-bundle.json	census 3	enumeration.tsv.gz
anyof-discriminated-union	document	apis/openapi/hookdeck.com/main/1.0.0/meta/import/input-entry.json	census 3	enumeration.tsv.gz
anyof-discriminated-union	document	apis/openapi/hookdeck.com/main/1.0.0/meta/import/output-bundle.json	census 3	enumeration.tsv.gz
anyof-discriminated-union	document	apis/openapi/hookdeck.com/main/1.0.0/meta/import/output-entry.json	census 3	enumeration.tsv.gz
anyof-discriminated-union	document	apis/openapi/hookdeck.com/main/1.0.0/openapi.json	census 3	enumeration.tsv.gz
anyof-discriminated-union	document	apis/openapi/huggingface.co/main/0.0.1/meta/import/input-bundle.json	census 102	enumeration.tsv.gz
anyof-discriminated-union	document	apis/openapi/huggingface.co/main/0.0.1/meta/import/input-entry.json	census 102	enumeration.tsv.gz
anyof-discriminated-union	document	apis/openapi/huggingface.co/main/0.0.1/meta/import/output-bundle.json	census 102	enumeration.tsv.gz
anyof-discriminated-union	document	apis/openapi/huggingface.co/main/0.0.1/meta/import/output-entry.json	census 102	enumeration.tsv.gz
anyof-discriminated-union	document	apis/openapi/huggingface.co/main/0.0.1/openapi.json	census 102	enumeration.tsv.gz
anyof-discriminated-union	document	apis/openapi/increase.com/main/0.0.1/meta/import/input-bundled.json	census 1	enumeration.tsv.gz
anyof-discriminated-union	document	apis/openapi/increase.com/main/0.0.1/meta/import/input-entry.json	census 1	enumeration.tsv.gz
anyof-discriminated-union	document	apis/openapi/increase.com/main/0.0.1/meta/import/output-bundled.json	census 1	enumeration.tsv.gz
anyof-discriminated-union	document	apis/openapi/increase.com/main/0.0.1/meta/import/output-entry.json	census 1	enumeration.tsv.gz
anyof-discriminated-union	document	apis/openapi/increase.com/main/0.0.1/openapi.json	census 1	enumeration.tsv.gz
anyof-discriminated-union	document	apis/openapi/luma.com/main/1.0.0/meta/import/input-bundle.json	census 19	enumeration.tsv.gz
anyof-discriminated-union	document	apis/openapi/luma.com/main/1.0.0/meta/import/input-entry.json	census 19	enumeration.tsv.gz
anyof-discriminated-union	document	apis/openapi/luma.com/main/1.0.0/meta/import/output-bundle.json	census 19	enumeration.tsv.gz
anyof-discriminated-union	document	apis/openapi/luma.com/main/1.0.0/meta/import/output-entry.json	census 19	enumeration.tsv.gz
anyof-discriminated-union	document	apis/openapi/luma.com/main/1.0.0/openapi.json	census 19	enumeration.tsv.gz
anyof-discriminated-union	document	apis/openapi/metabase.com/main/v0.57.1-SNAPSHOT/meta/import/input-bundle.json	census 1	enumeration.tsv.gz
anyof-discriminated-union	document	apis/openapi/metabase.com/main/v0.57.1-SNAPSHOT/meta/import/input-entry.json	census 1	enumeration.tsv.gz
anyof-discriminated-union	document	apis/openapi/metabase.com/main/v0.57.1-SNAPSHOT/meta/import/output-bundle.json	census 1	enumeration.tsv.gz
anyof-discriminated-union	document	apis/openapi/metabase.com/main/v0.57.1-SNAPSHOT/meta/import/output-entry.json	census 1	enumeration.tsv.gz
anyof-discriminated-union	document	apis/openapi/metabase.com/main/v0.57.1-SNAPSHOT/openapi.json	census 1	enumeration.tsv.gz
anyof-discriminated-union	document	apis/openapi/mongodb.com/main/2.0/meta/import/input-bundle.json	census 1	enumeration.tsv.gz
anyof-discriminated-union	document	apis/openapi/mongodb.com/main/2.0/meta/import/input-entry.json	census 1	enumeration.tsv.gz
anyof-discriminated-union	document	apis/openapi/mongodb.com/main/2.0/meta/import/output-bundle.json	census 1	enumeration.tsv.gz
anyof-discriminated-union	document	apis/openapi/mongodb.com/main/2.0/meta/import/output-entry.json	census 1	enumeration.tsv.gz
anyof-discriminated-union	document	apis/openapi/mongodb.com/main/2.0/openapi.json	census 1	enumeration.tsv.gz
anyof-discriminated-union	document	apis/openapi/nedzo.ai/main/1.0.0/meta/import/input-bundle.json	census 1	enumeration.tsv.gz
anyof-discriminated-union	document	apis/openapi/nedzo.ai/main/1.0.0/meta/import/input-entry.json	census 1	enumeration.tsv.gz
anyof-discriminated-union	document	apis/openapi/nedzo.ai/main/1.0.0/meta/import/output-bundle.json	census 1	enumeration.tsv.gz
anyof-discriminated-union	document	apis/openapi/nedzo.ai/main/1.0.0/meta/import/output-entry.json	census 1	enumeration.tsv.gz
anyof-discriminated-union	document	apis/openapi/nedzo.ai/main/1.0.0/openapi.json	census 1	enumeration.tsv.gz
anyof-discriminated-union	document	apis/openapi/netlas.io/main/v1/meta/import/input-bundle.json	census 1	enumeration.tsv.gz
anyof-discriminated-union	document	apis/openapi/netlas.io/main/v1/meta/import/input-entry.json	census 1	enumeration.tsv.gz
anyof-discriminated-union	document	apis/openapi/netlas.io/main/v1/meta/import/output-bundle.json	census 1	enumeration.tsv.gz
anyof-discriminated-union	document	apis/openapi/netlas.io/main/v1/meta/import/output-entry.json	census 1	enumeration.tsv.gz
anyof-discriminated-union	document	apis/openapi/netlas.io/main/v1/openapi.json	census 1	enumeration.tsv.gz
anyof-discriminated-union	document	apis/openapi/openrouter.ai/main/1.0.0/meta/import/input-bundle.json	census 13	enumeration.tsv.gz
anyof-discriminated-union	document	apis/openapi/openrouter.ai/main/1.0.0/meta/import/input-entry.json	census 13	enumeration.tsv.gz
anyof-discriminated-union	document	apis/openapi/openrouter.ai/main/1.0.0/meta/import/output-bundle.json	census 13	enumeration.tsv.gz
anyof-discriminated-union	document	apis/openapi/openrouter.ai/main/1.0.0/meta/import/output-entry.json	census 13	enumeration.tsv.gz
anyof-discriminated-union	document	apis/openapi/openrouter.ai/main/1.0.0/openapi.json	census 13	enumeration.tsv.gz
anyof-discriminated-union	document	apis/openapi/packetfabric.com/main/2.0.0/meta/import/input-bundle.json	census 1	enumeration.tsv.gz
anyof-discriminated-union	document	apis/openapi/packetfabric.com/main/2.0.0/meta/import/input-entry.json	census 1	enumeration.tsv.gz
anyof-discriminated-union	document	apis/openapi/packetfabric.com/main/2.0.0/meta/import/output-bundle.json	census 1	enumeration.tsv.gz
anyof-discriminated-union	document	apis/openapi/packetfabric.com/main/2.0.0/meta/import/output-entry.json	census 1	enumeration.tsv.gz
anyof-discriminated-union	document	apis/openapi/packetfabric.com/main/2.0.0/openapi.json	census 1	enumeration.tsv.gz
anyof-discriminated-union	document	apis/openapi/paypal.com/paypal-catalog-products-v1/1.0/meta/import/input-bundle.json	census 8	enumeration.tsv.gz
anyof-discriminated-union	document	apis/openapi/paypal.com/paypal-catalog-products-v1/1.0/meta/import/input-entry.json	census 8	enumeration.tsv.gz
anyof-discriminated-union	document	apis/openapi/paypal.com/paypal-catalog-products-v1/1.0/meta/import/output-bundle.json	census 8	enumeration.tsv.gz
anyof-discriminated-union	document	apis/openapi/paypal.com/paypal-catalog-products-v1/1.0/meta/import/output-entry.json	census 8	enumeration.tsv.gz
anyof-discriminated-union	document	apis/openapi/paypal.com/paypal-catalog-products-v1/1.0/openapi.json	census 8	enumeration.tsv.gz
anyof-discriminated-union	document	apis/openapi/paypal.com/paypal-invoicing-api-v2/2.6/meta/import/input-bundle.json	census 18	enumeration.tsv.gz
anyof-discriminated-union	document	apis/openapi/paypal.com/paypal-invoicing-api-v2/2.6/meta/import/input-entry.json	census 18	enumeration.tsv.gz
anyof-discriminated-union	document	apis/openapi/paypal.com/paypal-invoicing-api-v2/2.6/meta/import/output-bundle.json	census 18	enumeration.tsv.gz
anyof-discriminated-union	document	apis/openapi/paypal.com/paypal-invoicing-api-v2/2.6/meta/import/output-entry.json	census 18	enumeration.tsv.gz
anyof-discriminated-union	document	apis/openapi/paypal.com/paypal-invoicing-api-v2/2.6/openapi.json	census 18	enumeration.tsv.gz
anyof-discriminated-union	document	apis/openapi/paypal.com/paypal-orders-api-v2/2.25/meta/import/input-bundle.json	census 20	enumeration.tsv.gz
anyof-discriminated-union	document	apis/openapi/paypal.com/paypal-orders-api-v2/2.25/meta/import/input-entry.json	census 20	enumeration.tsv.gz
anyof-discriminated-union	document	apis/openapi/paypal.com/paypal-orders-api-v2/2.25/meta/import/output-bundle.json	census 20	enumeration.tsv.gz
anyof-discriminated-union	document	apis/openapi/paypal.com/paypal-orders-api-v2/2.25/meta/import/output-entry.json	census 20	enumeration.tsv.gz
anyof-discriminated-union	document	apis/openapi/paypal.com/paypal-orders-api-v2/2.25/openapi.json	census 20	enumeration.tsv.gz
anyof-discriminated-union	document	apis/openapi/paypal.com/paypal-partner-referrals-v2/2.5/meta/import/input-bundle.json	census 4	enumeration.tsv.gz
anyof-discriminated-union	document	apis/openapi/paypal.com/paypal-partner-referrals-v2/2.5/meta/import/input-entry.json	census 4	enumeration.tsv.gz
anyof-discriminated-union	document	apis/openapi/paypal.com/paypal-partner-referrals-v2/2.5/meta/import/output-bundle.json	census 4	enumeration.tsv.gz
anyof-discriminated-union	document	apis/openapi/paypal.com/paypal-partner-referrals-v2/2.5/meta/import/output-entry.json	census 4	enumeration.tsv.gz
anyof-discriminated-union	document	apis/openapi/paypal.com/paypal-partner-referrals-v2/2.5/openapi.json	census 4	enumeration.tsv.gz
anyof-discriminated-union	document	apis/openapi/paypal.com/paypal-payments-api-v2/2.8/meta/import/input-bundle.json	census 10	enumeration.tsv.gz
anyof-discriminated-union	document	apis/openapi/paypal.com/paypal-payments-api-v2/2.8/meta/import/input-entry.json	census 10	enumeration.tsv.gz
anyof-discriminated-union	document	apis/openapi/paypal.com/paypal-payments-api-v2/2.8/meta/import/output-bundle.json	census 10	enumeration.tsv.gz
anyof-discriminated-union	document	apis/openapi/paypal.com/paypal-payments-api-v2/2.8/meta/import/output-entry.json	census 10	enumeration.tsv.gz
anyof-discriminated-union	document	apis/openapi/paypal.com/paypal-payments-api-v2/2.8/openapi.json	census 10	enumeration.tsv.gz
anyof-discriminated-union	document	apis/openapi/paypal.com/paypal-payments/2.8/meta/import/input-bundle.json	census 10	enumeration.tsv.gz
anyof-discriminated-union	document	apis/openapi/paypal.com/paypal-payments/2.8/meta/import/input-entry.json	census 10	enumeration.tsv.gz
anyof-discriminated-union	document	apis/openapi/paypal.com/paypal-payments/2.8/meta/import/output-bundle.json	census 10	enumeration.tsv.gz
anyof-discriminated-union	document	apis/openapi/paypal.com/paypal-payments/2.8/meta/import/output-entry.json	census 10	enumeration.tsv.gz
anyof-discriminated-union	document	apis/openapi/paypal.com/paypal-payments/2.8/openapi.json	census 10	enumeration.tsv.gz
anyof-discriminated-union	document	apis/openapi/paypal.com/paypal-subscriptions-api-v1/1.8/meta/import/input-bundle.json	census 27	enumeration.tsv.gz
anyof-discriminated-union	document	apis/openapi/paypal.com/paypal-subscriptions-api-v1/1.8/meta/import/input-entry.json	census 27	enumeration.tsv.gz
anyof-discriminated-union	document	apis/openapi/paypal.com/paypal-subscriptions-api-v1/1.8/meta/import/output-bundle.json	census 27	enumeration.tsv.gz
anyof-discriminated-union	document	apis/openapi/paypal.com/paypal-subscriptions-api-v1/1.8/meta/import/output-entry.json	census 27	enumeration.tsv.gz
anyof-discriminated-union	document	apis/openapi/paypal.com/paypal-subscriptions-api-v1/1.8/openapi.json	census 27	enumeration.tsv.gz
anyof-discriminated-union	document	apis/openapi/pipedrive.com/pipedrive.readme.io/1.0.0/meta/import/input-bundle.json	census 1	enumeration.tsv.gz
anyof-discriminated-union	document	apis/openapi/pipedrive.com/pipedrive.readme.io/1.0.0/meta/import/input-entry.json	census 1	enumeration.tsv.gz
anyof-discriminated-union	document	apis/openapi/pipedrive.com/pipedrive.readme.io/1.0.0/meta/import/output-bundle.json	census 1	enumeration.tsv.gz
anyof-discriminated-union	document	apis/openapi/pipedrive.com/pipedrive.readme.io/1.0.0/meta/import/output-entry.json	census 1	enumeration.tsv.gz
anyof-discriminated-union	document	apis/openapi/pipedrive.com/pipedrive.readme.io/1.0.0/openapi.json	census 1	enumeration.tsv.gz
anyof-discriminated-union	document	apis/openapi/prolific.com/main/1.0/meta/import/input-bundle.json	census 1	enumeration.tsv.gz
anyof-discriminated-union	document	apis/openapi/prolific.com/main/1.0/meta/import/input-entry.json	census 1	enumeration.tsv.gz
anyof-discriminated-union	document	apis/openapi/prolific.com/main/1.0/meta/import/output-bundle.json	census 1	enumeration.tsv.gz
anyof-discriminated-union	document	apis/openapi/prolific.com/main/1.0/meta/import/output-entry.json	census 1	enumeration.tsv.gz
anyof-discriminated-union	document	apis/openapi/prolific.com/main/1.0/openapi.json	census 1	enumeration.tsv.gz
anyof-discriminated-union	document	apis/openapi/rebilly.com/main/2.1/meta/import/input-bundle.json	census 18	enumeration.tsv.gz
anyof-discriminated-union	document	apis/openapi/rebilly.com/main/2.1/meta/import/input-entry.json	census 18	enumeration.tsv.gz
anyof-discriminated-union	document	apis/openapi/rebilly.com/main/2.1/meta/import/output-bundle.json	census 18	enumeration.tsv.gz
anyof-discriminated-union	document	apis/openapi/rebilly.com/main/2.1/meta/import/output-entry.json	census 18	enumeration.tsv.gz
anyof-discriminated-union	document	apis/openapi/rebilly.com/main/2.1/openapi.json	census 18	enumeration.tsv.gz
anyof-discriminated-union	document	apis/openapi/rebilly.com/rebilly-rest-api/2.1/meta/import/input-bundle.json	census 18	enumeration.tsv.gz
anyof-discriminated-union	document	apis/openapi/rebilly.com/rebilly-rest-api/2.1/meta/import/input-entry.json	census 18	enumeration.tsv.gz
anyof-discriminated-union	document	apis/openapi/rebilly.com/rebilly-rest-api/2.1/meta/import/output-bundle.json	census 18	enumeration.tsv.gz
anyof-discriminated-union	document	apis/openapi/rebilly.com/rebilly-rest-api/2.1/meta/import/output-entry.json	census 18	enumeration.tsv.gz
anyof-discriminated-union	document	apis/openapi/rebilly.com/rebilly-rest-api/2.1/openapi.json	census 18	enumeration.tsv.gz
anyof-discriminated-union	document	apis/openapi/remote.com/main/1.0.0/meta/import/input-bundle.json	census 5	enumeration.tsv.gz
anyof-discriminated-union	document	apis/openapi/remote.com/main/1.0.0/meta/import/input-entry.json	census 5	enumeration.tsv.gz
anyof-discriminated-union	document	apis/openapi/remote.com/main/1.0.0/meta/import/output-bundle.json	census 5	enumeration.tsv.gz
anyof-discriminated-union	document	apis/openapi/remote.com/main/1.0.0/meta/import/output-entry.json	census 5	enumeration.tsv.gz
anyof-discriminated-union	document	apis/openapi/remote.com/main/1.0.0/openapi.json	census 5	enumeration.tsv.gz
anyof-discriminated-union	document	apis/openapi/respond.io/respond-io-api/2.0.0/meta/import/input-bundle.json	census 5	enumeration.tsv.gz
anyof-discriminated-union	document	apis/openapi/respond.io/respond-io-api/2.0.0/meta/import/input-entry.json	census 5	enumeration.tsv.gz
anyof-discriminated-union	document	apis/openapi/respond.io/respond-io-api/2.0.0/meta/import/output-bundle.json	census 5	enumeration.tsv.gz
anyof-discriminated-union	document	apis/openapi/respond.io/respond-io-api/2.0.0/meta/import/output-entry.json	census 5	enumeration.tsv.gz
anyof-discriminated-union	document	apis/openapi/respond.io/respond-io-api/2.0.0/openapi.json	census 5	enumeration.tsv.gz
anyof-discriminated-union	document	apis/openapi/rivery.io/rivery/1.0.0/meta/import/input-bundle.json	census 3	enumeration.tsv.gz
anyof-discriminated-union	document	apis/openapi/rivery.io/rivery/1.0.0/meta/import/input-entry.json	census 3	enumeration.tsv.gz
anyof-discriminated-union	document	apis/openapi/rivery.io/rivery/1.0.0/meta/import/output-bundle.json	census 3	enumeration.tsv.gz
anyof-discriminated-union	document	apis/openapi/rivery.io/rivery/1.0.0/meta/import/output-entry.json	census 3	enumeration.tsv.gz
anyof-discriminated-union	document	apis/openapi/rivery.io/rivery/1.0.0/openapi.json	census 3	enumeration.tsv.gz
anyof-discriminated-union	document	apis/openapi/sandbox.moffin.mx/main/0.1.0/meta/import/input-bundle.json	census 1	enumeration.tsv.gz
anyof-discriminated-union	document	apis/openapi/sandbox.moffin.mx/main/0.1.0/meta/import/input-entry.json	census 1	enumeration.tsv.gz
anyof-discriminated-union	document	apis/openapi/sandbox.moffin.mx/main/0.1.0/meta/import/output-bundle.json	census 1	enumeration.tsv.gz
anyof-discriminated-union	document	apis/openapi/sandbox.moffin.mx/main/0.1.0/meta/import/output-entry.json	census 1	enumeration.tsv.gz
anyof-discriminated-union	document	apis/openapi/sandbox.moffin.mx/main/0.1.0/openapi.json	census 1	enumeration.tsv.gz
anyof-discriminated-union	document	apis/openapi/shutterstock.com/main/1.2.0/meta/import/input-bundled.json	census 2	enumeration.tsv.gz
anyof-discriminated-union	document	apis/openapi/shutterstock.com/main/1.2.0/meta/import/input-entry.json	census 2	enumeration.tsv.gz
anyof-discriminated-union	document	apis/openapi/shutterstock.com/main/1.2.0/meta/import/output-bundled.json	census 2	enumeration.tsv.gz
anyof-discriminated-union	document	apis/openapi/shutterstock.com/main/1.2.0/meta/import/output-entry.json	census 2	enumeration.tsv.gz
anyof-discriminated-union	document	apis/openapi/shutterstock.com/main/1.2.0/openapi.json	census 2	enumeration.tsv.gz
anyof-discriminated-union	document	apis/openapi/slack.com/main/1.7.0/meta/import/input-bundled.json	census 4	enumeration.tsv.gz
anyof-discriminated-union	document	apis/openapi/slack.com/main/1.7.0/meta/import/input-entry.json	census 4	enumeration.tsv.gz
anyof-discriminated-union	document	apis/openapi/slack.com/main/1.7.0/meta/import/output-bundled.json	census 4	enumeration.tsv.gz
anyof-discriminated-union	document	apis/openapi/slack.com/main/1.7.0/meta/import/output-entry.json	census 4	enumeration.tsv.gz
anyof-discriminated-union	document	apis/openapi/slack.com/main/1.7.0/openapi.json	census 4	enumeration.tsv.gz
anyof-discriminated-union	document	apis/openapi/spot.io/main/1.0/meta/import/input-bundle.json	census 2	enumeration.tsv.gz
anyof-discriminated-union	document	apis/openapi/spot.io/main/1.0/meta/import/input-entry.json	census 2	enumeration.tsv.gz
anyof-discriminated-union	document	apis/openapi/spot.io/main/1.0/meta/import/output-bundle.json	census 2	enumeration.tsv.gz
anyof-discriminated-union	document	apis/openapi/spot.io/main/1.0/meta/import/output-entry.json	census 2	enumeration.tsv.gz
anyof-discriminated-union	document	apis/openapi/spot.io/main/1.0/openapi.json	census 2	enumeration.tsv.gz
anyof-discriminated-union	document	apis/openapi/stripe.com/main/2025-03-31.basil/meta/import/input-bundled.json	census 28	enumeration.tsv.gz
anyof-discriminated-union	document	apis/openapi/stripe.com/main/2025-03-31.basil/meta/import/input-entry.json	census 28	enumeration.tsv.gz
anyof-discriminated-union	document	apis/openapi/stripe.com/main/2025-03-31.basil/meta/import/output-bundled.json	census 28	enumeration.tsv.gz
anyof-discriminated-union	document	apis/openapi/stripe.com/main/2025-03-31.basil/meta/import/output-entry.json	census 28	enumeration.tsv.gz
anyof-discriminated-union	document	apis/openapi/stripe.com/main/2025-03-31.basil/openapi.json	census 28	enumeration.tsv.gz
anyof-discriminated-union	document	apis/openapi/stripe.com/stripe/2026-03-25.dahlia/openapi.json	census 27	enumeration.tsv.gz
anyof-discriminated-union	document	apis/openapi/swaggerhub.feedyou/bot-messages/1.0.3/meta/import/input-bundle.json	census 2	enumeration.tsv.gz
anyof-discriminated-union	document	apis/openapi/swaggerhub.feedyou/bot-messages/1.0.3/meta/import/input-entry.json	census 2	enumeration.tsv.gz
anyof-discriminated-union	document	apis/openapi/swaggerhub.feedyou/bot-messages/1.0.3/meta/import/output-bundle.json	census 2	enumeration.tsv.gz
anyof-discriminated-union	document	apis/openapi/swaggerhub.feedyou/bot-messages/1.0.3/meta/import/output-entry.json	census 2	enumeration.tsv.gz
anyof-discriminated-union	document	apis/openapi/swaggerhub.feedyou/bot-messages/1.0.3/openapi.json	census 2	enumeration.tsv.gz
anyof-discriminated-union	document	apis/openapi/swaggerhub.openpayments/aspspinformationservice/v1/meta/import/input-bundle.json	census 8	enumeration.tsv.gz
anyof-discriminated-union	document	apis/openapi/swaggerhub.openpayments/aspspinformationservice/v1/meta/import/input-entry.json	census 8	enumeration.tsv.gz
anyof-discriminated-union	document	apis/openapi/swaggerhub.openpayments/aspspinformationservice/v1/meta/import/output-bundle.json	census 8	enumeration.tsv.gz
anyof-discriminated-union	document	apis/openapi/swaggerhub.openpayments/aspspinformationservice/v1/meta/import/output-entry.json	census 8	enumeration.tsv.gz
anyof-discriminated-union	document	apis/openapi/swaggerhub.openpayments/aspspinformationservice/v1/openapi.json	census 8	enumeration.tsv.gz
anyof-discriminated-union	document	apis/openapi/terminal49.com/main/0.2.0/meta/import/input-bundle.json	census 4	enumeration.tsv.gz
anyof-discriminated-union	document	apis/openapi/terminal49.com/main/0.2.0/meta/import/input-entry.json	census 4	enumeration.tsv.gz
anyof-discriminated-union	document	apis/openapi/terminal49.com/main/0.2.0/meta/import/output-bundle.json	census 4	enumeration.tsv.gz
anyof-discriminated-union	document	apis/openapi/terminal49.com/main/0.2.0/meta/import/output-entry.json	census 4	enumeration.tsv.gz
anyof-discriminated-union	document	apis/openapi/terminal49.com/main/0.2.0/openapi.json	census 4	enumeration.tsv.gz
anyof-discriminated-union	document	apis/openapi/vercel.com/main/0.0.1/meta/import/input-bundled.json	census 1	enumeration.tsv.gz
anyof-discriminated-union	document	apis/openapi/vercel.com/main/0.0.1/meta/import/input-entry.json	census 1	enumeration.tsv.gz
anyof-discriminated-union	document	apis/openapi/vercel.com/main/0.0.1/meta/import/output-bundled.json	census 1	enumeration.tsv.gz
anyof-discriminated-union	document	apis/openapi/vercel.com/main/0.0.1/meta/import/output-entry.json	census 1	enumeration.tsv.gz
anyof-discriminated-union	document	apis/openapi/vercel.com/main/0.0.1/openapi.json	census 1	enumeration.tsv.gz
anyof-discriminated-union	screen	apis/openapi/elastic.co/kibana/1.0/meta/import/input-bundle.json fern	failed: Fern CLI 5.67.1 / python-sdk 5.20.0 check reports 40 errors, e.g. Endpoint description for POST /api/agent_builder/converse/async contains '---' which will be interpreted as a	screens.jsonl
anyof-discriminated-union	screen	apis/openapi/elastic.co/kibana/1.0/meta/import/input-bundle.json licence	passed	screens.jsonl
anyof-discriminated-union	screen	apis/openapi/elastic.co/kibana/1.0/meta/import/input-bundle.json ref	passed	screens.jsonl
anyof-discriminated-union	screen	apis/openapi/elastic.co/kibana/1.0/meta/import/input-entry.json fern	failed: Fern CLI 5.67.1 / python-sdk 5.20.0 check reports 40 errors, e.g. Endpoint description for POST /api/agent_builder/converse/async contains '---' which will be interpreted as a	screens.jsonl
anyof-discriminated-union	screen	apis/openapi/elastic.co/kibana/1.0/meta/import/input-entry.json licence	passed	screens.jsonl
anyof-discriminated-union	screen	apis/openapi/elastic.co/kibana/1.0/meta/import/input-entry.json ref	passed	screens.jsonl
anyof-discriminated-union	screen	apis/openapi/elastic.co/kibana/1.0/meta/import/output-bundle.json fern	failed: Fern CLI 5.67.1 / python-sdk 5.20.0 check reports 40 errors, e.g. Endpoint description for POST /api/agent_builder/converse/async contains '---' which will be interpreted as a	screens.jsonl
anyof-discriminated-union	screen	apis/openapi/elastic.co/kibana/1.0/meta/import/output-bundle.json licence	passed	screens.jsonl
anyof-discriminated-union	screen	apis/openapi/elastic.co/kibana/1.0/meta/import/output-bundle.json ref	passed	screens.jsonl
anyof-discriminated-union	screen	apis/openapi/elastic.co/kibana/1.0/meta/import/output-entry.json fern	failed: Fern CLI 5.67.1 / python-sdk 5.20.0 check reports 40 errors, e.g. Endpoint description for POST /api/agent_builder/converse/async contains '---' which will be interpreted as a	screens.jsonl
anyof-discriminated-union	screen	apis/openapi/elastic.co/kibana/1.0/meta/import/output-entry.json licence	passed	screens.jsonl
anyof-discriminated-union	screen	apis/openapi/elastic.co/kibana/1.0/meta/import/output-entry.json ref	passed	screens.jsonl
anyof-discriminated-union	screen	apis/openapi/elastic.co/kibana/1.0/openapi.json fern	failed: Fern CLI 5.67.1 / python-sdk 5.20.0 check reports 40 errors, e.g. Endpoint description for POST /api/agent_builder/converse/async contains '---' which will be interpreted as a	screens.jsonl
anyof-discriminated-union	screen	apis/openapi/elastic.co/kibana/1.0/openapi.json licence	passed	screens.jsonl
anyof-discriminated-union	screen	apis/openapi/elastic.co/kibana/1.0/openapi.json ref	passed	screens.jsonl
anyof-discriminated-union	screen	apis/openapi/gcore.com/main/1.0.0/meta/import/input-bundle.json fern	failed: Fern CLI 5.67.1 / python-sdk 5.20.0 check reports 274 errors, e.g. ConflictError is already declared in this file	screens.jsonl
anyof-discriminated-union	screen	apis/openapi/gcore.com/main/1.0.0/meta/import/input-bundle.json licence	passed	screens.jsonl
anyof-discriminated-union	screen	apis/openapi/gcore.com/main/1.0.0/meta/import/input-bundle.json ref	passed	screens.jsonl
anyof-discriminated-union	screen	apis/openapi/gcore.com/main/1.0.0/meta/import/input-entry.json fern	failed: Fern CLI 5.67.1 / python-sdk 5.20.0 check reports 274 errors, e.g. ConflictError is already declared in this file	screens.jsonl
anyof-discriminated-union	screen	apis/openapi/gcore.com/main/1.0.0/meta/import/input-entry.json licence	passed	screens.jsonl
anyof-discriminated-union	screen	apis/openapi/gcore.com/main/1.0.0/meta/import/input-entry.json ref	passed	screens.jsonl
anyof-discriminated-union	screen	apis/openapi/gcore.com/main/1.0.0/meta/import/output-bundle.json fern	failed: Fern CLI 5.67.1 / python-sdk 5.20.0 check reports 274 errors, e.g. ConflictError is already declared in this file	screens.jsonl
anyof-discriminated-union	screen	apis/openapi/gcore.com/main/1.0.0/meta/import/output-bundle.json licence	passed	screens.jsonl
anyof-discriminated-union	screen	apis/openapi/gcore.com/main/1.0.0/meta/import/output-bundle.json ref	passed	screens.jsonl
anyof-discriminated-union	screen	apis/openapi/gcore.com/main/1.0.0/meta/import/output-entry.json fern	failed: Fern CLI 5.67.1 / python-sdk 5.20.0 check reports 274 errors, e.g. ConflictError is already declared in this file	screens.jsonl
anyof-discriminated-union	screen	apis/openapi/gcore.com/main/1.0.0/meta/import/output-entry.json licence	passed	screens.jsonl
anyof-discriminated-union	screen	apis/openapi/gcore.com/main/1.0.0/meta/import/output-entry.json ref	passed	screens.jsonl
anyof-discriminated-union	screen	apis/openapi/gcore.com/main/1.0.0/openapi.json fern	failed: Fern CLI 5.67.1 / python-sdk 5.20.0 check reports 274 errors, e.g. ConflictError is already declared in this file	screens.jsonl
anyof-discriminated-union	screen	apis/openapi/gcore.com/main/1.0.0/openapi.json licence	passed	screens.jsonl
anyof-discriminated-union	screen	apis/openapi/gcore.com/main/1.0.0/openapi.json ref	passed	screens.jsonl
anyof-discriminated-union	walk	jentic/jentic-public-apis@eb9d12a2684b0fbcb5aecf51e8ae54dba0929743	74240	enumeration.tsv.gz
anyof-oneof-variant	candidate	apis/openapi/cloudflare.com/main/4.0.0/openapi.json	census 5	probe.jsonl
anyof-oneof-variant	candidate	apis/openapi/mistral.ai/main/1.0.0/meta/import/input-bundle.json	census 1	probe.jsonl
anyof-oneof-variant	candidate	apis/openapi/mistral.ai/main/1.0.0/meta/import/input-entry.json	census 1	probe.jsonl
anyof-oneof-variant	candidate	apis/openapi/mistral.ai/main/1.0.0/meta/import/output-bundle.json	census 1	probe.jsonl
anyof-oneof-variant	candidate	apis/openapi/mistral.ai/main/1.0.0/meta/import/output-entry.json	census 1	probe.jsonl
anyof-oneof-variant	candidate	apis/openapi/mistral.ai/main/1.0.0/openapi.json	census 1	probe.jsonl
anyof-oneof-variant	document	apis/openapi/anthropic.com/anthropic-api/2024-10-22/meta/import/input-bundle.json	census 1	enumeration.tsv.gz
anyof-oneof-variant	document	apis/openapi/anthropic.com/anthropic-api/2024-10-22/meta/import/input-entry.json	census 1	enumeration.tsv.gz
anyof-oneof-variant	document	apis/openapi/anthropic.com/anthropic-api/2024-10-22/meta/import/output-bundle.json	census 1	enumeration.tsv.gz
anyof-oneof-variant	document	apis/openapi/anthropic.com/anthropic-api/2024-10-22/meta/import/output-entry.json	census 1	enumeration.tsv.gz
anyof-oneof-variant	document	apis/openapi/anthropic.com/anthropic-api/2024-10-22/openapi.json	census 1	enumeration.tsv.gz
anyof-oneof-variant	document	apis/openapi/cloudflare.com/main/4.0.0/meta/import/input-bundle.json	census 5	enumeration.tsv.gz
anyof-oneof-variant	document	apis/openapi/cloudflare.com/main/4.0.0/meta/import/input-entry.json	census 5	enumeration.tsv.gz
anyof-oneof-variant	document	apis/openapi/cloudflare.com/main/4.0.0/meta/import/output-bundle.json	census 5	enumeration.tsv.gz
anyof-oneof-variant	document	apis/openapi/cloudflare.com/main/4.0.0/meta/import/output-entry.json	census 5	enumeration.tsv.gz
anyof-oneof-variant	document	apis/openapi/cloudflare.com/main/4.0.0/openapi.json	census 5	enumeration.tsv.gz
anyof-oneof-variant	document	apis/openapi/elevenlabs.io/main/1.0/meta/import/input-bundled.json	census 1	enumeration.tsv.gz
anyof-oneof-variant	document	apis/openapi/elevenlabs.io/main/1.0/meta/import/input-entry.json	census 1	enumeration.tsv.gz
anyof-oneof-variant	document	apis/openapi/elevenlabs.io/main/1.0/meta/import/output-bundled.json	census 1	enumeration.tsv.gz
anyof-oneof-variant	document	apis/openapi/elevenlabs.io/main/1.0/meta/import/output-entry.json	census 1	enumeration.tsv.gz
anyof-oneof-variant	document	apis/openapi/elevenlabs.io/main/1.0/openapi.json	census 1	enumeration.tsv.gz
anyof-oneof-variant	document	apis/openapi/exa.ai/main/2.0.0/meta/import/input-bundle.json	census 8	enumeration.tsv.gz
anyof-oneof-variant	document	apis/openapi/exa.ai/main/2.0.0/meta/import/input-entry.json	census 8	enumeration.tsv.gz
anyof-oneof-variant	document	apis/openapi/exa.ai/main/2.0.0/meta/import/output-bundle.json	census 8	enumeration.tsv.gz
anyof-oneof-variant	document	apis/openapi/exa.ai/main/2.0.0/meta/import/output-entry.json	census 8	enumeration.tsv.gz
anyof-oneof-variant	document	apis/openapi/exa.ai/main/2.0.0/openapi.json	census 8	enumeration.tsv.gz
anyof-oneof-variant	document	apis/openapi/intellifi.nl/main/2.27.2+0.gd5006bf.dirty/meta/import/input-bundled.json	census 1	enumeration.tsv.gz
anyof-oneof-variant	document	apis/openapi/intellifi.nl/main/2.27.2+0.gd5006bf.dirty/meta/import/input-entry.json	census 1	enumeration.tsv.gz
anyof-oneof-variant	document	apis/openapi/intellifi.nl/main/2.27.2+0.gd5006bf.dirty/meta/import/output-bundled.json	census 1	enumeration.tsv.gz
anyof-oneof-variant	document	apis/openapi/intellifi.nl/main/2.27.2+0.gd5006bf.dirty/meta/import/output-entry.json	census 1	enumeration.tsv.gz
anyof-oneof-variant	document	apis/openapi/intellifi.nl/main/2.27.2+0.gd5006bf.dirty/openapi.json	census 1	enumeration.tsv.gz
anyof-oneof-variant	document	apis/openapi/luma.com/main/1.0.0/meta/import/input-bundle.json	census 10	enumeration.tsv.gz
anyof-oneof-variant	document	apis/openapi/luma.com/main/1.0.0/meta/import/input-entry.json	census 10	enumeration.tsv.gz
anyof-oneof-variant	document	apis/openapi/luma.com/main/1.0.0/meta/import/output-bundle.json	census 10	enumeration.tsv.gz
anyof-oneof-variant	document	apis/openapi/luma.com/main/1.0.0/meta/import/output-entry.json	census 10	enumeration.tsv.gz
anyof-oneof-variant	document	apis/openapi/luma.com/main/1.0.0/openapi.json	census 10	enumeration.tsv.gz
anyof-oneof-variant	document	apis/openapi/metabase.com/main/v0.57.1-SNAPSHOT/meta/import/input-bundle.json	census 2	enumeration.tsv.gz
anyof-oneof-variant	document	apis/openapi/metabase.com/main/v0.57.1-SNAPSHOT/meta/import/input-entry.json	census 2	enumeration.tsv.gz
anyof-oneof-variant	document	apis/openapi/metabase.com/main/v0.57.1-SNAPSHOT/meta/import/output-bundle.json	census 2	enumeration.tsv.gz
anyof-oneof-variant	document	apis/openapi/metabase.com/main/v0.57.1-SNAPSHOT/meta/import/output-entry.json	census 2	enumeration.tsv.gz
anyof-oneof-variant	document	apis/openapi/metabase.com/main/v0.57.1-SNAPSHOT/openapi.json	census 2	enumeration.tsv.gz
anyof-oneof-variant	document	apis/openapi/mistral.ai/main/1.0.0/meta/import/input-bundle.json	census 1	enumeration.tsv.gz
anyof-oneof-variant	document	apis/openapi/mistral.ai/main/1.0.0/meta/import/input-entry.json	census 1	enumeration.tsv.gz
anyof-oneof-variant	document	apis/openapi/mistral.ai/main/1.0.0/meta/import/output-bundle.json	census 1	enumeration.tsv.gz
anyof-oneof-variant	document	apis/openapi/mistral.ai/main/1.0.0/meta/import/output-entry.json	census 1	enumeration.tsv.gz
anyof-oneof-variant	document	apis/openapi/mistral.ai/main/1.0.0/openapi.json	census 1	enumeration.tsv.gz
anyof-oneof-variant	document	apis/openapi/smith.langchain.com/langsmith-api/0.1.0/meta/import/input-bundle.json	census 2	enumeration.tsv.gz
anyof-oneof-variant	document	apis/openapi/smith.langchain.com/langsmith-api/0.1.0/meta/import/input-entry.json	census 2	enumeration.tsv.gz
anyof-oneof-variant	document	apis/openapi/smith.langchain.com/langsmith-api/0.1.0/meta/import/output-bundle.json	census 2	enumeration.tsv.gz
anyof-oneof-variant	document	apis/openapi/smith.langchain.com/langsmith-api/0.1.0/meta/import/output-entry.json	census 2	enumeration.tsv.gz
anyof-oneof-variant	document	apis/openapi/smith.langchain.com/langsmith-api/0.1.0/openapi.json	census 2	enumeration.tsv.gz
anyof-oneof-variant	screen	apis/openapi/cloudflare.com/main/4.0.0/openapi.json fern	failed: Fern CLI 5.67.1 / python-sdk 5.20.0 check reports 150 errors, e.g. Example is missing required property 'response.body.messages'	screens.jsonl
anyof-oneof-variant	screen	apis/openapi/cloudflare.com/main/4.0.0/openapi.json licence	passed	screens.jsonl
anyof-oneof-variant	screen	apis/openapi/cloudflare.com/main/4.0.0/openapi.json ref	passed	screens.jsonl
anyof-oneof-variant	screen	apis/openapi/mistral.ai/main/1.0.0/meta/import/input-bundle.json fern	failed: Fern CLI 5.67.1 / python-sdk 5.20.0 check reports 12 errors, e.g. Object has multiple properties named 'stream':	screens.jsonl
anyof-oneof-variant	screen	apis/openapi/mistral.ai/main/1.0.0/meta/import/input-bundle.json licence	passed	screens.jsonl
anyof-oneof-variant	screen	apis/openapi/mistral.ai/main/1.0.0/meta/import/input-bundle.json ref	passed	screens.jsonl
anyof-oneof-variant	screen	apis/openapi/mistral.ai/main/1.0.0/meta/import/input-entry.json fern	failed: Fern CLI 5.67.1 / python-sdk 5.20.0 check reports 12 errors, e.g. Object has multiple properties named 'stream':	screens.jsonl
anyof-oneof-variant	screen	apis/openapi/mistral.ai/main/1.0.0/meta/import/input-entry.json licence	passed	screens.jsonl
anyof-oneof-variant	screen	apis/openapi/mistral.ai/main/1.0.0/meta/import/input-entry.json ref	passed	screens.jsonl
anyof-oneof-variant	screen	apis/openapi/mistral.ai/main/1.0.0/meta/import/output-bundle.json fern	failed: Fern CLI 5.67.1 / python-sdk 5.20.0 check reports 12 errors, e.g. Object has multiple properties named 'stream':	screens.jsonl
anyof-oneof-variant	screen	apis/openapi/mistral.ai/main/1.0.0/meta/import/output-bundle.json licence	passed	screens.jsonl
anyof-oneof-variant	screen	apis/openapi/mistral.ai/main/1.0.0/meta/import/output-bundle.json ref	passed	screens.jsonl
anyof-oneof-variant	screen	apis/openapi/mistral.ai/main/1.0.0/meta/import/output-entry.json fern	failed: Fern CLI 5.67.1 / python-sdk 5.20.0 check reports 12 errors, e.g. Object has multiple properties named 'stream':	screens.jsonl
anyof-oneof-variant	screen	apis/openapi/mistral.ai/main/1.0.0/meta/import/output-entry.json licence	passed	screens.jsonl
anyof-oneof-variant	screen	apis/openapi/mistral.ai/main/1.0.0/meta/import/output-entry.json ref	passed	screens.jsonl
anyof-oneof-variant	screen	apis/openapi/mistral.ai/main/1.0.0/openapi.json fern	failed: Fern CLI 5.67.1 / python-sdk 5.20.0 check reports 12 errors, e.g. Object has multiple properties named 'stream':	screens.jsonl
anyof-oneof-variant	screen	apis/openapi/mistral.ai/main/1.0.0/openapi.json licence	passed	screens.jsonl
anyof-oneof-variant	screen	apis/openapi/mistral.ai/main/1.0.0/openapi.json ref	passed	screens.jsonl
anyof-oneof-variant	walk	jentic/jentic-public-apis@eb9d12a2684b0fbcb5aecf51e8ae54dba0929743	74240	enumeration.tsv.gz
anyof-sole-member	document	apis/openapi/7shifts.com/7-shifts/2023-05-01/meta/import/input-bundle.json	census 27	enumeration.tsv.gz
anyof-sole-member	document	apis/openapi/7shifts.com/7-shifts/2023-05-01/meta/import/input-entry.json	census 27	enumeration.tsv.gz
anyof-sole-member	document	apis/openapi/7shifts.com/7-shifts/2023-05-01/meta/import/output-bundle.json	census 27	enumeration.tsv.gz
anyof-sole-member	document	apis/openapi/7shifts.com/7-shifts/2023-05-01/meta/import/output-entry.json	census 27	enumeration.tsv.gz
anyof-sole-member	document	apis/openapi/7shifts.com/7-shifts/2023-05-01/openapi.json	census 27	enumeration.tsv.gz
anyof-sole-member	document	apis/openapi/api-{region}.sesametime.com/sesame-hr/3.0.0/meta/import/input-bundle.json	census 55	enumeration.tsv.gz
anyof-sole-member	document	apis/openapi/api-{region}.sesametime.com/sesame-hr/3.0.0/meta/import/input-entry.json	census 55	enumeration.tsv.gz
anyof-sole-member	document	apis/openapi/api-{region}.sesametime.com/sesame-hr/3.0.0/meta/import/output-bundle.json	census 55	enumeration.tsv.gz
anyof-sole-member	document	apis/openapi/api-{region}.sesametime.com/sesame-hr/3.0.0/meta/import/output-entry.json	census 55	enumeration.tsv.gz
anyof-sole-member	document	apis/openapi/api-{region}.sesametime.com/sesame-hr/3.0.0/openapi.json	census 55	enumeration.tsv.gz
anyof-sole-member	document	apis/openapi/api.0x.org/main/v2/meta/import/input-bundle.json	census 10	enumeration.tsv.gz
anyof-sole-member	document	apis/openapi/api.0x.org/main/v2/meta/import/input-entry.json	census 10	enumeration.tsv.gz
anyof-sole-member	document	apis/openapi/api.0x.org/main/v2/meta/import/output-bundle.json	census 10	enumeration.tsv.gz
anyof-sole-member	document	apis/openapi/api.0x.org/main/v2/meta/import/output-entry.json	census 10	enumeration.tsv.gz
anyof-sole-member	document	apis/openapi/api.0x.org/main/v2/openapi.json	census 10	enumeration.tsv.gz
anyof-sole-member	document	apis/openapi/attentivemobile.com/main/1.0.0/meta/import/input-bundle.json	census 1	enumeration.tsv.gz
anyof-sole-member	document	apis/openapi/attentivemobile.com/main/1.0.0/meta/import/input-entry.json	census 1	enumeration.tsv.gz
anyof-sole-member	document	apis/openapi/attentivemobile.com/main/1.0.0/meta/import/output-bundle.json	census 1	enumeration.tsv.gz
anyof-sole-member	document	apis/openapi/attentivemobile.com/main/1.0.0/meta/import/output-entry.json	census 1	enumeration.tsv.gz
anyof-sole-member	document	apis/openapi/attentivemobile.com/main/1.0.0/openapi.json	census 1	enumeration.tsv.gz
anyof-sole-member	document	apis/openapi/clockodo.com/clockodo-api/2026-03-24/meta/import/input-bundle.json	census 3	enumeration.tsv.gz
anyof-sole-member	document	apis/openapi/clockodo.com/clockodo-api/2026-03-24/meta/import/input-entry.json	census 3	enumeration.tsv.gz
anyof-sole-member	document	apis/openapi/clockodo.com/clockodo-api/2026-03-24/meta/import/output-bundle.json	census 3	enumeration.tsv.gz
anyof-sole-member	document	apis/openapi/clockodo.com/clockodo-api/2026-03-24/meta/import/output-entry.json	census 3	enumeration.tsv.gz
anyof-sole-member	document	apis/openapi/clockodo.com/clockodo-api/2026-03-24/openapi.json	census 3	enumeration.tsv.gz
anyof-sole-member	document	apis/openapi/cloudflare.com/main/4.0.0/meta/import/input-bundle.json	census 23	enumeration.tsv.gz
anyof-sole-member	document	apis/openapi/cloudflare.com/main/4.0.0/meta/import/input-entry.json	census 23	enumeration.tsv.gz
anyof-sole-member	document	apis/openapi/cloudflare.com/main/4.0.0/meta/import/output-bundle.json	census 23	enumeration.tsv.gz
anyof-sole-member	document	apis/openapi/cloudflare.com/main/4.0.0/meta/import/output-entry.json	census 23	enumeration.tsv.gz
anyof-sole-member	document	apis/openapi/cloudflare.com/main/4.0.0/openapi.json	census 23	enumeration.tsv.gz
anyof-sole-member	document	apis/openapi/count.co/main/1.0/meta/import/input-bundle.json	census 1	enumeration.tsv.gz
anyof-sole-member	document	apis/openapi/count.co/main/1.0/meta/import/input-entry.json	census 1	enumeration.tsv.gz
anyof-sole-member	document	apis/openapi/count.co/main/1.0/meta/import/output-bundle.json	census 1	enumeration.tsv.gz
anyof-sole-member	document	apis/openapi/count.co/main/1.0/meta/import/output-entry.json	census 1	enumeration.tsv.gz
anyof-sole-member	document	apis/openapi/count.co/main/1.0/openapi.json	census 1	enumeration.tsv.gz
anyof-sole-member	document	apis/openapi/cpy.re/peertube/7.1.0/meta/import/input-bundled.json	census 1	enumeration.tsv.gz
anyof-sole-member	document	apis/openapi/cpy.re/peertube/7.1.0/meta/import/input-entry.json	census 1	enumeration.tsv.gz
anyof-sole-member	document	apis/openapi/cpy.re/peertube/7.1.0/meta/import/output-bundled.json	census 1	enumeration.tsv.gz
anyof-sole-member	document	apis/openapi/cpy.re/peertube/7.1.0/meta/import/output-entry.json	census 1	enumeration.tsv.gz
anyof-sole-member	document	apis/openapi/cpy.re/peertube/7.1.0/openapi.json	census 1	enumeration.tsv.gz
anyof-sole-member	document	apis/openapi/cvent.com/main/ea/meta/import/input-bundle.json	census 3	enumeration.tsv.gz
anyof-sole-member	document	apis/openapi/cvent.com/main/ea/meta/import/input-entry.json	census 3	enumeration.tsv.gz
anyof-sole-member	document	apis/openapi/cvent.com/main/ea/meta/import/output-bundle.json	census 3	enumeration.tsv.gz
anyof-sole-member	document	apis/openapi/cvent.com/main/ea/meta/import/output-entry.json	census 3	enumeration.tsv.gz
anyof-sole-member	document	apis/openapi/cvent.com/main/ea/openapi.json	census 3	enumeration.tsv.gz
anyof-sole-member	document	apis/openapi/gcore.com/main/1.0.0/meta/import/input-bundle.json	census 9	enumeration.tsv.gz
anyof-sole-member	document	apis/openapi/gcore.com/main/1.0.0/meta/import/input-entry.json	census 9	enumeration.tsv.gz
anyof-sole-member	document	apis/openapi/gcore.com/main/1.0.0/meta/import/output-bundle.json	census 9	enumeration.tsv.gz
anyof-sole-member	document	apis/openapi/gcore.com/main/1.0.0/meta/import/output-entry.json	census 9	enumeration.tsv.gz
anyof-sole-member	document	apis/openapi/gcore.com/main/1.0.0/openapi.json	census 9	enumeration.tsv.gz
anyof-sole-member	document	apis/openapi/go.v7labs.com/main/0.1.0/meta/import/input-bundle.json	census 1	enumeration.tsv.gz
anyof-sole-member	document	apis/openapi/go.v7labs.com/main/0.1.0/meta/import/input-entry.json	census 1	enumeration.tsv.gz
anyof-sole-member	document	apis/openapi/go.v7labs.com/main/0.1.0/meta/import/output-bundle.json	census 1	enumeration.tsv.gz
anyof-sole-member	document	apis/openapi/go.v7labs.com/main/0.1.0/meta/import/output-entry.json	census 1	enumeration.tsv.gz
anyof-sole-member	document	apis/openapi/go.v7labs.com/main/0.1.0/openapi.json	census 1	enumeration.tsv.gz
anyof-sole-member	document	apis/openapi/griffin.com/main/1.0/meta/import/input-bundle.json	census 3	enumeration.tsv.gz
anyof-sole-member	document	apis/openapi/griffin.com/main/1.0/meta/import/input-entry.json	census 3	enumeration.tsv.gz
anyof-sole-member	document	apis/openapi/griffin.com/main/1.0/meta/import/output-bundle.json	census 3	enumeration.tsv.gz
anyof-sole-member	document	apis/openapi/griffin.com/main/1.0/meta/import/output-entry.json	census 3	enumeration.tsv.gz
anyof-sole-member	document	apis/openapi/griffin.com/main/1.0/openapi.json	census 3	enumeration.tsv.gz
anyof-sole-member	document	apis/openapi/huggingface.co/main/0.0.1/meta/import/input-bundle.json	census 1	enumeration.tsv.gz
anyof-sole-member	document	apis/openapi/huggingface.co/main/0.0.1/meta/import/input-entry.json	census 1	enumeration.tsv.gz
anyof-sole-member	document	apis/openapi/huggingface.co/main/0.0.1/meta/import/output-bundle.json	census 1	enumeration.tsv.gz
anyof-sole-member	document	apis/openapi/huggingface.co/main/0.0.1/meta/import/output-entry.json	census 1	enumeration.tsv.gz
anyof-sole-member	document	apis/openapi/huggingface.co/main/0.0.1/openapi.json	census 1	enumeration.tsv.gz
anyof-sole-member	document	apis/openapi/nansen.ai/main/1.0.0/meta/import/input-bundle.json	census 845	enumeration.tsv.gz
anyof-sole-member	document	apis/openapi/nansen.ai/main/1.0.0/meta/import/input-entry.json	census 845	enumeration.tsv.gz
anyof-sole-member	document	apis/openapi/nansen.ai/main/1.0.0/meta/import/output-bundle.json	census 845	enumeration.tsv.gz
anyof-sole-member	document	apis/openapi/nansen.ai/main/1.0.0/meta/import/output-entry.json	census 845	enumeration.tsv.gz
anyof-sole-member	document	apis/openapi/nansen.ai/main/1.0.0/openapi.json	census 845	enumeration.tsv.gz
anyof-sole-member	document	apis/openapi/opensearch.org/main/0.2.0/meta/import/input-bundle.json	census 2	enumeration.tsv.gz
anyof-sole-member	document	apis/openapi/opensearch.org/main/0.2.0/meta/import/input-entry.json	census 2	enumeration.tsv.gz
anyof-sole-member	document	apis/openapi/opensearch.org/main/0.2.0/meta/import/output-bundle.json	census 2	enumeration.tsv.gz
anyof-sole-member	document	apis/openapi/opensearch.org/main/0.2.0/meta/import/output-entry.json	census 2	enumeration.tsv.gz
anyof-sole-member	document	apis/openapi/opensearch.org/main/0.2.0/openapi.json	census 2	enumeration.tsv.gz
anyof-sole-member	document	apis/openapi/packetfabric.com/main/2.0.0/meta/import/input-bundle.json	census 8	enumeration.tsv.gz
anyof-sole-member	document	apis/openapi/packetfabric.com/main/2.0.0/meta/import/input-entry.json	census 8	enumeration.tsv.gz
anyof-sole-member	document	apis/openapi/packetfabric.com/main/2.0.0/meta/import/output-bundle.json	census 8	enumeration.tsv.gz
anyof-sole-member	document	apis/openapi/packetfabric.com/main/2.0.0/meta/import/output-entry.json	census 8	enumeration.tsv.gz
anyof-sole-member	document	apis/openapi/packetfabric.com/main/2.0.0/openapi.json	census 8	enumeration.tsv.gz
anyof-sole-member	document	apis/openapi/pagerduty.com/pagerduty-api/2.0.0/meta/import/input-bundle.json	census 4	enumeration.tsv.gz
anyof-sole-member	document	apis/openapi/pagerduty.com/pagerduty-api/2.0.0/meta/import/input-entry.json	census 4	enumeration.tsv.gz
anyof-sole-member	document	apis/openapi/pagerduty.com/pagerduty-api/2.0.0/meta/import/output-bundle.json	census 4	enumeration.tsv.gz
anyof-sole-member	document	apis/openapi/pagerduty.com/pagerduty-api/2.0.0/meta/import/output-entry.json	census 4	enumeration.tsv.gz
anyof-sole-member	document	apis/openapi/pagerduty.com/pagerduty-api/2.0.0/openapi.json	census 4	enumeration.tsv.gz
anyof-sole-member	document	apis/openapi/paypal.com/paypal-catalog-products-v1/1.0/meta/import/input-bundle.json	census 4	enumeration.tsv.gz
anyof-sole-member	document	apis/openapi/paypal.com/paypal-catalog-products-v1/1.0/meta/import/input-entry.json	census 4	enumeration.tsv.gz
anyof-sole-member	document	apis/openapi/paypal.com/paypal-catalog-products-v1/1.0/meta/import/output-bundle.json	census 4	enumeration.tsv.gz
anyof-sole-member	document	apis/openapi/paypal.com/paypal-catalog-products-v1/1.0/meta/import/output-entry.json	census 4	enumeration.tsv.gz
anyof-sole-member	document	apis/openapi/paypal.com/paypal-catalog-products-v1/1.0/openapi.json	census 4	enumeration.tsv.gz
anyof-sole-member	document	apis/openapi/paypal.com/paypal-invoicing-api-v2/2.6/meta/import/input-bundle.json	census 6	enumeration.tsv.gz
anyof-sole-member	document	apis/openapi/paypal.com/paypal-invoicing-api-v2/2.6/meta/import/input-entry.json	census 6	enumeration.tsv.gz
anyof-sole-member	document	apis/openapi/paypal.com/paypal-invoicing-api-v2/2.6/meta/import/output-bundle.json	census 6	enumeration.tsv.gz
anyof-sole-member	document	apis/openapi/paypal.com/paypal-invoicing-api-v2/2.6/meta/import/output-entry.json	census 6	enumeration.tsv.gz
anyof-sole-member	document	apis/openapi/paypal.com/paypal-invoicing-api-v2/2.6/openapi.json	census 6	enumeration.tsv.gz
anyof-sole-member	document	apis/openapi/paypal.com/paypal-orders-api-v2/2.25/meta/import/input-bundle.json	census 5	enumeration.tsv.gz
anyof-sole-member	document	apis/openapi/paypal.com/paypal-orders-api-v2/2.25/meta/import/input-entry.json	census 5	enumeration.tsv.gz
anyof-sole-member	document	apis/openapi/paypal.com/paypal-orders-api-v2/2.25/meta/import/output-bundle.json	census 5	enumeration.tsv.gz
anyof-sole-member	document	apis/openapi/paypal.com/paypal-orders-api-v2/2.25/meta/import/output-entry.json	census 5	enumeration.tsv.gz
anyof-sole-member	document	apis/openapi/paypal.com/paypal-orders-api-v2/2.25/openapi.json	census 5	enumeration.tsv.gz
anyof-sole-member	document	apis/openapi/paypal.com/paypal-partner-referrals-v2/2.5/meta/import/input-bundle.json	census 2	enumeration.tsv.gz
anyof-sole-member	document	apis/openapi/paypal.com/paypal-partner-referrals-v2/2.5/meta/import/input-entry.json	census 2	enumeration.tsv.gz
anyof-sole-member	document	apis/openapi/paypal.com/paypal-partner-referrals-v2/2.5/meta/import/output-bundle.json	census 2	enumeration.tsv.gz
anyof-sole-member	document	apis/openapi/paypal.com/paypal-partner-referrals-v2/2.5/meta/import/output-entry.json	census 2	enumeration.tsv.gz
anyof-sole-member	document	apis/openapi/paypal.com/paypal-partner-referrals-v2/2.5/openapi.json	census 2	enumeration.tsv.gz
anyof-sole-member	document	apis/openapi/paypal.com/paypal-payments-api-v2/2.8/meta/import/input-bundle.json	census 4	enumeration.tsv.gz
anyof-sole-member	document	apis/openapi/paypal.com/paypal-payments-api-v2/2.8/meta/import/input-entry.json	census 4	enumeration.tsv.gz
anyof-sole-member	document	apis/openapi/paypal.com/paypal-payments-api-v2/2.8/meta/import/output-bundle.json	census 4	enumeration.tsv.gz
anyof-sole-member	document	apis/openapi/paypal.com/paypal-payments-api-v2/2.8/meta/import/output-entry.json	census 4	enumeration.tsv.gz
anyof-sole-member	document	apis/openapi/paypal.com/paypal-payments-api-v2/2.8/openapi.json	census 4	enumeration.tsv.gz
anyof-sole-member	document	apis/openapi/paypal.com/paypal-payments/2.8/meta/import/input-bundle.json	census 4	enumeration.tsv.gz
anyof-sole-member	document	apis/openapi/paypal.com/paypal-payments/2.8/meta/import/input-entry.json	census 4	enumeration.tsv.gz
anyof-sole-member	document	apis/openapi/paypal.com/paypal-payments/2.8/meta/import/output-bundle.json	census 4	enumeration.tsv.gz
anyof-sole-member	document	apis/openapi/paypal.com/paypal-payments/2.8/meta/import/output-entry.json	census 4	enumeration.tsv.gz
anyof-sole-member	document	apis/openapi/paypal.com/paypal-payments/2.8/openapi.json	census 4	enumeration.tsv.gz
anyof-sole-member	document	apis/openapi/paypal.com/paypal-subscriptions-api-v1/1.8/meta/import/input-bundle.json	census 8	enumeration.tsv.gz
anyof-sole-member	document	apis/openapi/paypal.com/paypal-subscriptions-api-v1/1.8/meta/import/input-entry.json	census 8	enumeration.tsv.gz
anyof-sole-member	document	apis/openapi/paypal.com/paypal-subscriptions-api-v1/1.8/meta/import/output-bundle.json	census 8	enumeration.tsv.gz
anyof-sole-member	document	apis/openapi/paypal.com/paypal-subscriptions-api-v1/1.8/meta/import/output-entry.json	census 8	enumeration.tsv.gz
anyof-sole-member	document	apis/openapi/paypal.com/paypal-subscriptions-api-v1/1.8/openapi.json	census 8	enumeration.tsv.gz
anyof-sole-member	document	apis/openapi/pdq.com/main/0.01-beta/meta/import/input-bundle.json	census 2	enumeration.tsv.gz
anyof-sole-member	document	apis/openapi/pdq.com/main/0.01-beta/meta/import/input-entry.json	census 2	enumeration.tsv.gz
anyof-sole-member	document	apis/openapi/pdq.com/main/0.01-beta/meta/import/output-bundle.json	census 2	enumeration.tsv.gz
anyof-sole-member	document	apis/openapi/pdq.com/main/0.01-beta/meta/import/output-entry.json	census 2	enumeration.tsv.gz
anyof-sole-member	document	apis/openapi/pdq.com/main/0.01-beta/openapi.json	census 2	enumeration.tsv.gz
anyof-sole-member	document	apis/openapi/rebilly.com/main/2.1/meta/import/input-bundle.json	census 17	enumeration.tsv.gz
anyof-sole-member	document	apis/openapi/rebilly.com/main/2.1/meta/import/input-entry.json	census 17	enumeration.tsv.gz
anyof-sole-member	document	apis/openapi/rebilly.com/main/2.1/meta/import/output-bundle.json	census 17	enumeration.tsv.gz
anyof-sole-member	document	apis/openapi/rebilly.com/main/2.1/meta/import/output-entry.json	census 17	enumeration.tsv.gz
anyof-sole-member	document	apis/openapi/rebilly.com/main/2.1/openapi.json	census 17	enumeration.tsv.gz
anyof-sole-member	document	apis/openapi/rebilly.com/rebilly-rest-api/2.1/meta/import/input-bundle.json	census 17	enumeration.tsv.gz
anyof-sole-member	document	apis/openapi/rebilly.com/rebilly-rest-api/2.1/meta/import/input-entry.json	census 17	enumeration.tsv.gz
anyof-sole-member	document	apis/openapi/rebilly.com/rebilly-rest-api/2.1/meta/import/output-bundle.json	census 17	enumeration.tsv.gz
anyof-sole-member	document	apis/openapi/rebilly.com/rebilly-rest-api/2.1/meta/import/output-entry.json	census 17	enumeration.tsv.gz
anyof-sole-member	document	apis/openapi/rebilly.com/rebilly-rest-api/2.1/openapi.json	census 17	enumeration.tsv.gz
anyof-sole-member	document	apis/openapi/render.com/main/1.0.0/meta/import/input-bundle.json	census 1	enumeration.tsv.gz
anyof-sole-member	document	apis/openapi/render.com/main/1.0.0/meta/import/input-entry.json	census 1	enumeration.tsv.gz
anyof-sole-member	document	apis/openapi/render.com/main/1.0.0/meta/import/output-bundle.json	census 1	enumeration.tsv.gz
anyof-sole-member	document	apis/openapi/render.com/main/1.0.0/meta/import/output-entry.json	census 1	enumeration.tsv.gz
anyof-sole-member	document	apis/openapi/render.com/main/1.0.0/openapi.json	census 1	enumeration.tsv.gz
anyof-sole-member	document	apis/openapi/respond.io/respond-io-api/2.0.0/meta/import/input-bundle.json	census 10	enumeration.tsv.gz
anyof-sole-member	document	apis/openapi/respond.io/respond-io-api/2.0.0/meta/import/input-entry.json	census 10	enumeration.tsv.gz
anyof-sole-member	document	apis/openapi/respond.io/respond-io-api/2.0.0/meta/import/output-bundle.json	census 10	enumeration.tsv.gz
anyof-sole-member	document	apis/openapi/respond.io/respond-io-api/2.0.0/meta/import/output-entry.json	census 10	enumeration.tsv.gz
anyof-sole-member	document	apis/openapi/respond.io/respond-io-api/2.0.0/openapi.json	census 10	enumeration.tsv.gz
anyof-sole-member	document	apis/openapi/runzero.com/main/4.0.250606.0/meta/import/input-bundled.json	census 1	enumeration.tsv.gz
anyof-sole-member	document	apis/openapi/runzero.com/main/4.0.250606.0/meta/import/input-entry.json	census 1	enumeration.tsv.gz
anyof-sole-member	document	apis/openapi/runzero.com/main/4.0.250606.0/meta/import/output-bundled.json	census 1	enumeration.tsv.gz
anyof-sole-member	document	apis/openapi/runzero.com/main/4.0.250606.0/meta/import/output-entry.json	census 1	enumeration.tsv.gz
anyof-sole-member	document	apis/openapi/runzero.com/main/4.0.250606.0/openapi.json	census 1	enumeration.tsv.gz
anyof-sole-member	document	apis/openapi/sandbox.linkcy.cloud/linkcy/1.78.0/meta/import/input-bundle.json	census 5	enumeration.tsv.gz
anyof-sole-member	document	apis/openapi/sandbox.linkcy.cloud/linkcy/1.78.0/meta/import/input-entry.json	census 5	enumeration.tsv.gz
anyof-sole-member	document	apis/openapi/sandbox.linkcy.cloud/linkcy/1.78.0/meta/import/output-bundle.json	census 5	enumeration.tsv.gz
anyof-sole-member	document	apis/openapi/sandbox.linkcy.cloud/linkcy/1.78.0/meta/import/output-entry.json	census 5	enumeration.tsv.gz
anyof-sole-member	document	apis/openapi/sandbox.linkcy.cloud/linkcy/1.78.0/openapi.json	census 5	enumeration.tsv.gz
anyof-sole-member	document	apis/openapi/shotstack.io/main/v1/meta/import/input-bundle.json	census 1	enumeration.tsv.gz
anyof-sole-member	document	apis/openapi/shotstack.io/main/v1/meta/import/input-entry.json	census 1	enumeration.tsv.gz
anyof-sole-member	document	apis/openapi/shotstack.io/main/v1/meta/import/output-bundle.json	census 1	enumeration.tsv.gz
anyof-sole-member	document	apis/openapi/shotstack.io/main/v1/meta/import/output-entry.json	census 1	enumeration.tsv.gz
anyof-sole-member	document	apis/openapi/shotstack.io/main/v1/openapi.json	census 1	enumeration.tsv.gz
anyof-sole-member	document	apis/openapi/shotstack.io/shotstack/v1/meta/import/input-bundle.json	census 1	enumeration.tsv.gz
anyof-sole-member	document	apis/openapi/shotstack.io/shotstack/v1/meta/import/input-entry.json	census 1	enumeration.tsv.gz
anyof-sole-member	document	apis/openapi/shotstack.io/shotstack/v1/meta/import/output-bundle.json	census 1	enumeration.tsv.gz
anyof-sole-member	document	apis/openapi/shotstack.io/shotstack/v1/meta/import/output-entry.json	census 1	enumeration.tsv.gz
anyof-sole-member	document	apis/openapi/shotstack.io/shotstack/v1/openapi.json	census 1	enumeration.tsv.gz
anyof-sole-member	document	apis/openapi/soundcloud.com/main/1.0.0/meta/import/input-bundled.json	census 3	enumeration.tsv.gz
anyof-sole-member	document	apis/openapi/soundcloud.com/main/1.0.0/meta/import/input-entry.json	census 3	enumeration.tsv.gz
anyof-sole-member	document	apis/openapi/soundcloud.com/main/1.0.0/meta/import/output-bundled.json	census 3	enumeration.tsv.gz
anyof-sole-member	document	apis/openapi/soundcloud.com/main/1.0.0/meta/import/output-entry.json	census 3	enumeration.tsv.gz
anyof-sole-member	document	apis/openapi/soundcloud.com/main/1.0.0/openapi.json	census 3	enumeration.tsv.gz
anyof-sole-member	document	apis/openapi/spot.io/main/1.0/meta/import/input-bundle.json	census 3	enumeration.tsv.gz
anyof-sole-member	document	apis/openapi/spot.io/main/1.0/meta/import/input-entry.json	census 3	enumeration.tsv.gz
anyof-sole-member	document	apis/openapi/spot.io/main/1.0/meta/import/output-bundle.json	census 3	enumeration.tsv.gz
anyof-sole-member	document	apis/openapi/spot.io/main/1.0/meta/import/output-entry.json	census 3	enumeration.tsv.gz
anyof-sole-member	document	apis/openapi/spot.io/main/1.0/openapi.json	census 3	enumeration.tsv.gz
anyof-sole-member	document	apis/openapi/stripe.com/main/2025-03-31.basil/meta/import/input-bundled.json	census 344	enumeration.tsv.gz
anyof-sole-member	document	apis/openapi/stripe.com/main/2025-03-31.basil/meta/import/input-entry.json	census 344	enumeration.tsv.gz
anyof-sole-member	document	apis/openapi/stripe.com/main/2025-03-31.basil/meta/import/output-bundled.json	census 344	enumeration.tsv.gz
anyof-sole-member	document	apis/openapi/stripe.com/main/2025-03-31.basil/meta/import/output-entry.json	census 344	enumeration.tsv.gz
anyof-sole-member	document	apis/openapi/stripe.com/main/2025-03-31.basil/openapi.json	census 344	enumeration.tsv.gz
anyof-sole-member	document	apis/openapi/stripe.com/stripe/2026-03-25.dahlia/openapi.json	census 393	enumeration.tsv.gz
anyof-sole-member	document	apis/openapi/swaggerhub.bluesheets/bluesheetsapi/2.0.7/meta/import/input-bundle.json	census 1	enumeration.tsv.gz
anyof-sole-member	document	apis/openapi/swaggerhub.bluesheets/bluesheetsapi/2.0.7/meta/import/input-entry.json	census 1	enumeration.tsv.gz
anyof-sole-member	document	apis/openapi/swaggerhub.bluesheets/bluesheetsapi/2.0.7/meta/import/output-bundle.json	census 1	enumeration.tsv.gz
anyof-sole-member	document	apis/openapi/swaggerhub.bluesheets/bluesheetsapi/2.0.7/meta/import/output-entry.json	census 1	enumeration.tsv.gz
anyof-sole-member	document	apis/openapi/swaggerhub.bluesheets/bluesheetsapi/2.0.7/openapi.json	census 1	enumeration.tsv.gz
anyof-sole-member	document	apis/openapi/swaggerhub.openpayments/aspspinformationservice/v1/meta/import/input-bundle.json	census 5	enumeration.tsv.gz
anyof-sole-member	document	apis/openapi/swaggerhub.openpayments/aspspinformationservice/v1/meta/import/input-entry.json	census 5	enumeration.tsv.gz
anyof-sole-member	document	apis/openapi/swaggerhub.openpayments/aspspinformationservice/v1/meta/import/output-bundle.json	census 5	enumeration.tsv.gz
anyof-sole-member	document	apis/openapi/swaggerhub.openpayments/aspspinformationservice/v1/meta/import/output-entry.json	census 5	enumeration.tsv.gz
anyof-sole-member	document	apis/openapi/swaggerhub.openpayments/aspspinformationservice/v1/openapi.json	census 5	enumeration.tsv.gz
anyof-sole-member	document	apis/openapi/zendesk.com/main/2.0.0/meta/import/input-bundled.json	census 2	enumeration.tsv.gz
anyof-sole-member	document	apis/openapi/zendesk.com/main/2.0.0/meta/import/input-entry.json	census 2	enumeration.tsv.gz
anyof-sole-member	document	apis/openapi/zendesk.com/main/2.0.0/meta/import/output-bundled.json	census 2	enumeration.tsv.gz
anyof-sole-member	document	apis/openapi/zendesk.com/main/2.0.0/meta/import/output-entry.json	census 2	enumeration.tsv.gz
anyof-sole-member	document	apis/openapi/zendesk.com/main/2.0.0/openapi.json	census 2	enumeration.tsv.gz
anyof-sole-member	walk	jentic/jentic-public-apis@eb9d12a2684b0fbcb5aecf51e8ae54dba0929743	74240	enumeration.tsv.gz
format-uri-template	document	apis/openapi/api.github.com/main/1.1.4/meta/import/input-bundle.json	census 3653	enumeration.tsv.gz
format-uri-template	document	apis/openapi/api.github.com/main/1.1.4/meta/import/input-entry.json	census 3653	enumeration.tsv.gz
format-uri-template	document	apis/openapi/api.github.com/main/1.1.4/meta/import/output-bundle.json	census 3653	enumeration.tsv.gz
format-uri-template	document	apis/openapi/api.github.com/main/1.1.4/meta/import/output-entry.json	census 3653	enumeration.tsv.gz
format-uri-template	document	apis/openapi/api.github.com/main/1.1.4/openapi.json	census 3653	enumeration.tsv.gz
format-uri-template	document	apis/openapi/cloudflare.com/main/4.0.0/meta/import/input-bundle.json	census 1	enumeration.tsv.gz
format-uri-template	document	apis/openapi/cloudflare.com/main/4.0.0/meta/import/input-entry.json	census 1	enumeration.tsv.gz
format-uri-template	document	apis/openapi/cloudflare.com/main/4.0.0/meta/import/output-bundle.json	census 1	enumeration.tsv.gz
format-uri-template	document	apis/openapi/cloudflare.com/main/4.0.0/meta/import/output-entry.json	census 1	enumeration.tsv.gz
format-uri-template	document	apis/openapi/cloudflare.com/main/4.0.0/openapi.json	census 1	enumeration.tsv.gz
format-uri-template	document	apis/openapi/github.com/api.github.com/1.1.4/meta/import/input-bundled.json	census 3592	enumeration.tsv.gz
format-uri-template	document	apis/openapi/github.com/api.github.com/1.1.4/meta/import/input-entry.json	census 3592	enumeration.tsv.gz
format-uri-template	document	apis/openapi/github.com/api.github.com/1.1.4/meta/import/output-bundled.json	census 3592	enumeration.tsv.gz
format-uri-template	document	apis/openapi/github.com/api.github.com/1.1.4/meta/import/output-entry.json	census 3592	enumeration.tsv.gz
format-uri-template	document	apis/openapi/github.com/api.github.com/1.1.4/openapi.json	census 3592	enumeration.tsv.gz
format-uri-template	document	apis/openapi/github.com/ghec/1.1.4/meta/import/input-bundled.json	census 3592	enumeration.tsv.gz
format-uri-template	document	apis/openapi/github.com/ghec/1.1.4/meta/import/input-entry.json	census 3592	enumeration.tsv.gz
format-uri-template	document	apis/openapi/github.com/ghec/1.1.4/meta/import/output-bundled.json	census 3592	enumeration.tsv.gz
format-uri-template	document	apis/openapi/github.com/ghec/1.1.4/meta/import/output-entry.json	census 3592	enumeration.tsv.gz
format-uri-template	document	apis/openapi/github.com/ghec/1.1.4/openapi.json	census 3592	enumeration.tsv.gz
format-uri-template	document	apis/openapi/openlinksw.com/osdb-rest-api-v1/1.0.0/meta/import/input-bundle.json	census 1	enumeration.tsv.gz
format-uri-template	document	apis/openapi/openlinksw.com/osdb-rest-api-v1/1.0.0/meta/import/input-entry.json	census 1	enumeration.tsv.gz
format-uri-template	document	apis/openapi/openlinksw.com/osdb-rest-api-v1/1.0.0/meta/import/output-bundle.json	census 1	enumeration.tsv.gz
format-uri-template	document	apis/openapi/openlinksw.com/osdb-rest-api-v1/1.0.0/meta/import/output-entry.json	census 1	enumeration.tsv.gz
format-uri-template	document	apis/openapi/openlinksw.com/osdb-rest-api-v1/1.0.0/openapi.json	census 1	enumeration.tsv.gz
format-uri-template	document	apis/openapi/openlinksw.com/osdb/1.0.0/meta/import/input-bundle.json	census 1	enumeration.tsv.gz
format-uri-template	document	apis/openapi/openlinksw.com/osdb/1.0.0/meta/import/input-entry.json	census 1	enumeration.tsv.gz
format-uri-template	document	apis/openapi/openlinksw.com/osdb/1.0.0/meta/import/output-bundle.json	census 1	enumeration.tsv.gz
format-uri-template	document	apis/openapi/openlinksw.com/osdb/1.0.0/meta/import/output-entry.json	census 1	enumeration.tsv.gz
format-uri-template	document	apis/openapi/openlinksw.com/osdb/1.0.0/openapi.json	census 1	enumeration.tsv.gz
format-uri-template	walk	jentic/jentic-public-apis@eb9d12a2684b0fbcb5aecf51e8ae54dba0929743	74240	enumeration.tsv.gz
items-oneof-element	document	apis/openapi/100hires.com/main/2.0.0/meta/import/input-bundle.json	census 1	enumeration.tsv.gz
items-oneof-element	document	apis/openapi/100hires.com/main/2.0.0/meta/import/input-entry.json	census 1	enumeration.tsv.gz
items-oneof-element	document	apis/openapi/100hires.com/main/2.0.0/meta/import/output-bundle.json	census 1	enumeration.tsv.gz
items-oneof-element	document	apis/openapi/100hires.com/main/2.0.0/meta/import/output-entry.json	census 1	enumeration.tsv.gz
items-oneof-element	document	apis/openapi/100hires.com/main/2.0.0/openapi.json	census 1	enumeration.tsv.gz
items-oneof-element	document	apis/openapi/adyen.com/BalancePlatformConfigurationNotification-v1/1/meta/import/input-bundled.json	census 1	enumeration.tsv.gz
items-oneof-element	document	apis/openapi/adyen.com/BalancePlatformConfigurationNotification-v1/1/meta/import/input-entry.json	census 1	enumeration.tsv.gz
items-oneof-element	document	apis/openapi/adyen.com/BalancePlatformConfigurationNotification-v1/1/meta/import/output-bundled.json	census 1	enumeration.tsv.gz
items-oneof-element	document	apis/openapi/adyen.com/BalancePlatformConfigurationNotification-v1/1/meta/import/output-entry.json	census 1	enumeration.tsv.gz
items-oneof-element	document	apis/openapi/adyen.com/BalancePlatformConfigurationNotification-v1/1/openapi.json	census 1	enumeration.tsv.gz
items-oneof-element	document	apis/openapi/adyen.com/BalancePlatformService/2/meta/import/input-bundled.json	census 3	enumeration.tsv.gz
items-oneof-element	document	apis/openapi/adyen.com/BalancePlatformService/2/meta/import/input-entry.json	census 3	enumeration.tsv.gz
items-oneof-element	document	apis/openapi/adyen.com/BalancePlatformService/2/meta/import/output-bundled.json	census 3	enumeration.tsv.gz
items-oneof-element	document	apis/openapi/adyen.com/BalancePlatformService/2/meta/import/output-entry.json	census 3	enumeration.tsv.gz
items-oneof-element	document	apis/openapi/adyen.com/BalancePlatformService/2/openapi.json	census 3	enumeration.tsv.gz
items-oneof-element	document	apis/openapi/adyen.com/CheckoutService-v71/71/meta/import/input-bundled.json	census 1	enumeration.tsv.gz
items-oneof-element	document	apis/openapi/adyen.com/CheckoutService-v71/71/meta/import/input-entry.json	census 1	enumeration.tsv.gz
items-oneof-element	document	apis/openapi/adyen.com/CheckoutService-v71/71/meta/import/output-bundled.json	census 1	enumeration.tsv.gz
items-oneof-element	document	apis/openapi/adyen.com/CheckoutService-v71/71/meta/import/output-entry.json	census 1	enumeration.tsv.gz
items-oneof-element	document	apis/openapi/adyen.com/CheckoutService-v71/71/openapi.json	census 1	enumeration.tsv.gz
items-oneof-element	document	apis/openapi/adyen.com/CheckoutService/49/meta/import/input-bundled.json	census 1	enumeration.tsv.gz
items-oneof-element	document	apis/openapi/adyen.com/CheckoutService/49/meta/import/input-entry.json	census 1	enumeration.tsv.gz
items-oneof-element	document	apis/openapi/adyen.com/CheckoutService/49/meta/import/output-bundled.json	census 1	enumeration.tsv.gz
items-oneof-element	document	apis/openapi/adyen.com/CheckoutService/49/meta/import/output-entry.json	census 1	enumeration.tsv.gz
items-oneof-element	document	apis/openapi/adyen.com/CheckoutService/49/openapi.json	census 1	enumeration.tsv.gz
items-oneof-element	document	apis/openapi/adyen.com/CheckoutService/50/meta/import/input-bundled.json	census 1	enumeration.tsv.gz
items-oneof-element	document	apis/openapi/adyen.com/CheckoutService/50/meta/import/input-entry.json	census 1	enumeration.tsv.gz
items-oneof-element	document	apis/openapi/adyen.com/CheckoutService/50/meta/import/output-bundled.json	census 1	enumeration.tsv.gz
items-oneof-element	document	apis/openapi/adyen.com/CheckoutService/50/meta/import/output-entry.json	census 1	enumeration.tsv.gz
items-oneof-element	document	apis/openapi/adyen.com/CheckoutService/50/openapi.json	census 1	enumeration.tsv.gz
items-oneof-element	document	apis/openapi/adyen.com/CheckoutService/51/meta/import/input-bundled.json	census 1	enumeration.tsv.gz
items-oneof-element	document	apis/openapi/adyen.com/CheckoutService/51/meta/import/input-entry.json	census 1	enumeration.tsv.gz
items-oneof-element	document	apis/openapi/adyen.com/CheckoutService/51/meta/import/output-bundled.json	census 1	enumeration.tsv.gz
items-oneof-element	document	apis/openapi/adyen.com/CheckoutService/51/meta/import/output-entry.json	census 1	enumeration.tsv.gz
items-oneof-element	document	apis/openapi/adyen.com/CheckoutService/51/openapi.json	census 1	enumeration.tsv.gz
items-oneof-element	document	apis/openapi/adyen.com/CheckoutService/52/meta/import/input-bundled.json	census 1	enumeration.tsv.gz
items-oneof-element	document	apis/openapi/adyen.com/CheckoutService/52/meta/import/input-entry.json	census 1	enumeration.tsv.gz
items-oneof-element	document	apis/openapi/adyen.com/CheckoutService/52/meta/import/output-bundled.json	census 1	enumeration.tsv.gz
items-oneof-element	document	apis/openapi/adyen.com/CheckoutService/52/meta/import/output-entry.json	census 1	enumeration.tsv.gz
items-oneof-element	document	apis/openapi/adyen.com/CheckoutService/52/openapi.json	census 1	enumeration.tsv.gz
items-oneof-element	document	apis/openapi/adyen.com/CheckoutService/53/meta/import/input-bundled.json	census 1	enumeration.tsv.gz
items-oneof-element	document	apis/openapi/adyen.com/CheckoutService/53/meta/import/input-entry.json	census 1	enumeration.tsv.gz
items-oneof-element	document	apis/openapi/adyen.com/CheckoutService/53/meta/import/output-bundled.json	census 1	enumeration.tsv.gz
items-oneof-element	document	apis/openapi/adyen.com/CheckoutService/53/meta/import/output-entry.json	census 1	enumeration.tsv.gz
items-oneof-element	document	apis/openapi/adyen.com/CheckoutService/53/openapi.json	census 1	enumeration.tsv.gz
items-oneof-element	document	apis/openapi/adyen.com/CheckoutService/64/meta/import/input-bundled.json	census 1	enumeration.tsv.gz
items-oneof-element	document	apis/openapi/adyen.com/CheckoutService/64/meta/import/input-entry.json	census 1	enumeration.tsv.gz
items-oneof-element	document	apis/openapi/adyen.com/CheckoutService/64/meta/import/output-bundled.json	census 1	enumeration.tsv.gz
items-oneof-element	document	apis/openapi/adyen.com/CheckoutService/64/meta/import/output-entry.json	census 1	enumeration.tsv.gz
items-oneof-element	document	apis/openapi/adyen.com/CheckoutService/64/openapi.json	census 1	enumeration.tsv.gz
items-oneof-element	document	apis/openapi/adyen.com/CheckoutService/65/meta/import/input-bundled.json	census 1	enumeration.tsv.gz
items-oneof-element	document	apis/openapi/adyen.com/CheckoutService/65/meta/import/input-entry.json	census 1	enumeration.tsv.gz
items-oneof-element	document	apis/openapi/adyen.com/CheckoutService/65/meta/import/output-bundled.json	census 1	enumeration.tsv.gz
items-oneof-element	document	apis/openapi/adyen.com/CheckoutService/65/meta/import/output-entry.json	census 1	enumeration.tsv.gz
items-oneof-element	document	apis/openapi/adyen.com/CheckoutService/65/openapi.json	census 1	enumeration.tsv.gz
items-oneof-element	document	apis/openapi/adyen.com/CheckoutService/66/meta/import/input-bundled.json	census 1	enumeration.tsv.gz
items-oneof-element	document	apis/openapi/adyen.com/CheckoutService/66/meta/import/input-entry.json	census 1	enumeration.tsv.gz
items-oneof-element	document	apis/openapi/adyen.com/CheckoutService/66/meta/import/output-bundled.json	census 1	enumeration.tsv.gz
items-oneof-element	document	apis/openapi/adyen.com/CheckoutService/66/meta/import/output-entry.json	census 1	enumeration.tsv.gz
items-oneof-element	document	apis/openapi/adyen.com/CheckoutService/66/openapi.json	census 1	enumeration.tsv.gz
items-oneof-element	document	apis/openapi/adyen.com/CheckoutService/67/meta/import/input-bundled.json	census 1	enumeration.tsv.gz
items-oneof-element	document	apis/openapi/adyen.com/CheckoutService/67/meta/import/input-entry.json	census 1	enumeration.tsv.gz
items-oneof-element	document	apis/openapi/adyen.com/CheckoutService/67/meta/import/output-bundled.json	census 1	enumeration.tsv.gz
items-oneof-element	document	apis/openapi/adyen.com/CheckoutService/67/meta/import/output-entry.json	census 1	enumeration.tsv.gz
items-oneof-element	document	apis/openapi/adyen.com/CheckoutService/67/openapi.json	census 1	enumeration.tsv.gz
items-oneof-element	document	apis/openapi/adyen.com/CheckoutService/68/meta/import/input-bundled.json	census 1	enumeration.tsv.gz
items-oneof-element	document	apis/openapi/adyen.com/CheckoutService/68/meta/import/input-entry.json	census 1	enumeration.tsv.gz
items-oneof-element	document	apis/openapi/adyen.com/CheckoutService/68/meta/import/output-bundled.json	census 1	enumeration.tsv.gz
items-oneof-element	document	apis/openapi/adyen.com/CheckoutService/68/meta/import/output-entry.json	census 1	enumeration.tsv.gz
items-oneof-element	document	apis/openapi/adyen.com/CheckoutService/68/openapi.json	census 1	enumeration.tsv.gz
items-oneof-element	document	apis/openapi/adyen.com/CheckoutService/69/meta/import/input-bundled.json	census 1	enumeration.tsv.gz
items-oneof-element	document	apis/openapi/adyen.com/CheckoutService/69/meta/import/input-entry.json	census 1	enumeration.tsv.gz
items-oneof-element	document	apis/openapi/adyen.com/CheckoutService/69/meta/import/output-bundled.json	census 1	enumeration.tsv.gz
items-oneof-element	document	apis/openapi/adyen.com/CheckoutService/69/meta/import/output-entry.json	census 1	enumeration.tsv.gz
items-oneof-element	document	apis/openapi/adyen.com/CheckoutService/69/openapi.json	census 1	enumeration.tsv.gz
items-oneof-element	document	apis/openapi/adyen.com/CheckoutService/70/meta/import/input-bundled.json	census 1	enumeration.tsv.gz
items-oneof-element	document	apis/openapi/adyen.com/CheckoutService/70/meta/import/input-entry.json	census 1	enumeration.tsv.gz
items-oneof-element	document	apis/openapi/adyen.com/CheckoutService/70/meta/import/output-bundled.json	census 1	enumeration.tsv.gz
items-oneof-element	document	apis/openapi/adyen.com/CheckoutService/70/meta/import/output-entry.json	census 1	enumeration.tsv.gz
items-oneof-element	document	apis/openapi/adyen.com/CheckoutService/70/openapi.json	census 1	enumeration.tsv.gz
items-oneof-element	document	apis/openapi/adyen.com/TransferService-v4/4/meta/import/input-bundled.json	census 1	enumeration.tsv.gz
items-oneof-element	document	apis/openapi/adyen.com/TransferService-v4/4/meta/import/input-entry.json	census 1	enumeration.tsv.gz
items-oneof-element	document	apis/openapi/adyen.com/TransferService-v4/4/meta/import/output-bundled.json	census 1	enumeration.tsv.gz
items-oneof-element	document	apis/openapi/adyen.com/TransferService-v4/4/meta/import/output-entry.json	census 1	enumeration.tsv.gz
items-oneof-element	document	apis/openapi/adyen.com/TransferService-v4/4/openapi.json	census 1	enumeration.tsv.gz
items-oneof-element	document	apis/openapi/alisqi.com/main/1.0/meta/import/input-bundle.json	census 1	enumeration.tsv.gz
items-oneof-element	document	apis/openapi/alisqi.com/main/1.0/meta/import/input-entry.json	census 1	enumeration.tsv.gz
items-oneof-element	document	apis/openapi/alisqi.com/main/1.0/meta/import/output-bundle.json	census 1	enumeration.tsv.gz
items-oneof-element	document	apis/openapi/alisqi.com/main/1.0/meta/import/output-entry.json	census 1	enumeration.tsv.gz
items-oneof-element	document	apis/openapi/alisqi.com/main/1.0/openapi.json	census 1	enumeration.tsv.gz
items-oneof-element	document	apis/openapi/alpaca.markets/broker/1.1.1/meta/import/input-bundled.json	census 1	enumeration.tsv.gz
items-oneof-element	document	apis/openapi/alpaca.markets/broker/1.1.1/meta/import/input-entry.json	census 1	enumeration.tsv.gz
items-oneof-element	document	apis/openapi/alpaca.markets/broker/1.1.1/meta/import/output-bundled.json	census 1	enumeration.tsv.gz
items-oneof-element	document	apis/openapi/alpaca.markets/broker/1.1.1/meta/import/output-entry.json	census 1	enumeration.tsv.gz
items-oneof-element	document	apis/openapi/alpaca.markets/broker/1.1.1/openapi.json	census 1	enumeration.tsv.gz
items-oneof-element	document	apis/openapi/alpaca.markets/trading/2.0.1/meta/import/input-bundled.json	census 1	enumeration.tsv.gz
items-oneof-element	document	apis/openapi/alpaca.markets/trading/2.0.1/meta/import/input-entry.json	census 1	enumeration.tsv.gz
items-oneof-element	document	apis/openapi/alpaca.markets/trading/2.0.1/meta/import/output-bundled.json	census 1	enumeration.tsv.gz
items-oneof-element	document	apis/openapi/alpaca.markets/trading/2.0.1/meta/import/output-entry.json	census 1	enumeration.tsv.gz
items-oneof-element	document	apis/openapi/alpaca.markets/trading/2.0.1/openapi.json	census 1	enumeration.tsv.gz
items-oneof-element	document	apis/openapi/anrok.com/main/1.1/meta/import/input-bundle.json	census 1	enumeration.tsv.gz
items-oneof-element	document	apis/openapi/anrok.com/main/1.1/meta/import/input-entry.json	census 1	enumeration.tsv.gz
items-oneof-element	document	apis/openapi/anrok.com/main/1.1/meta/import/output-bundle.json	census 1	enumeration.tsv.gz
items-oneof-element	document	apis/openapi/anrok.com/main/1.1/meta/import/output-entry.json	census 1	enumeration.tsv.gz
items-oneof-element	document	apis/openapi/anrok.com/main/1.1/openapi.json	census 1	enumeration.tsv.gz
items-oneof-element	document	apis/openapi/anthropic.com/anthropic-api/2024-10-22/meta/import/input-bundle.json	census 16	enumeration.tsv.gz
items-oneof-element	document	apis/openapi/anthropic.com/anthropic-api/2024-10-22/meta/import/input-entry.json	census 16	enumeration.tsv.gz
items-oneof-element	document	apis/openapi/anthropic.com/anthropic-api/2024-10-22/meta/import/output-bundle.json	census 16	enumeration.tsv.gz
items-oneof-element	document	apis/openapi/anthropic.com/anthropic-api/2024-10-22/meta/import/output-entry.json	census 16	enumeration.tsv.gz
items-oneof-element	document	apis/openapi/anthropic.com/anthropic-api/2024-10-22/openapi.json	census 16	enumeration.tsv.gz
items-oneof-element	document	apis/openapi/api-test.agrimetrics.co.uk/main/1.0/meta/import/input-bundle.json	census 3	enumeration.tsv.gz
items-oneof-element	document	apis/openapi/api-test.agrimetrics.co.uk/main/1.0/meta/import/input-entry.json	census 3	enumeration.tsv.gz
items-oneof-element	document	apis/openapi/api-test.agrimetrics.co.uk/main/1.0/meta/import/output-bundle.json	census 3	enumeration.tsv.gz
items-oneof-element	document	apis/openapi/api-test.agrimetrics.co.uk/main/1.0/meta/import/output-entry.json	census 3	enumeration.tsv.gz
items-oneof-element	document	apis/openapi/api-test.agrimetrics.co.uk/main/1.0/openapi.json	census 3	enumeration.tsv.gz
items-oneof-element	document	apis/openapi/api.decidento.com/main/2.0/meta/import/input-bundle.json	census 2	enumeration.tsv.gz
items-oneof-element	document	apis/openapi/api.decidento.com/main/2.0/meta/import/input-entry.json	census 2	enumeration.tsv.gz
items-oneof-element	document	apis/openapi/api.decidento.com/main/2.0/meta/import/output-bundle.json	census 2	enumeration.tsv.gz
items-oneof-element	document	apis/openapi/api.decidento.com/main/2.0/meta/import/output-entry.json	census 2	enumeration.tsv.gz
items-oneof-element	document	apis/openapi/api.decidento.com/main/2.0/openapi.json	census 2	enumeration.tsv.gz
items-oneof-element	document	apis/openapi/api.docs.paigo.tech/main/v1.10/meta/import/input-bundle.json	census 1	enumeration.tsv.gz
items-oneof-element	document	apis/openapi/api.docs.paigo.tech/main/v1.10/meta/import/input-entry.json	census 1	enumeration.tsv.gz
items-oneof-element	document	apis/openapi/api.docs.paigo.tech/main/v1.10/meta/import/output-bundle.json	census 1	enumeration.tsv.gz
items-oneof-element	document	apis/openapi/api.docs.paigo.tech/main/v1.10/meta/import/output-entry.json	census 1	enumeration.tsv.gz
items-oneof-element	document	apis/openapi/api.docs.paigo.tech/main/v1.10/openapi.json	census 1	enumeration.tsv.gz
items-oneof-element	document	apis/openapi/api.github.com/main/1.1.4/meta/import/input-bundle.json	census 29	enumeration.tsv.gz
items-oneof-element	document	apis/openapi/api.github.com/main/1.1.4/meta/import/input-entry.json	census 29	enumeration.tsv.gz
items-oneof-element	document	apis/openapi/api.github.com/main/1.1.4/meta/import/output-bundle.json	census 29	enumeration.tsv.gz
items-oneof-element	document	apis/openapi/api.github.com/main/1.1.4/meta/import/output-entry.json	census 29	enumeration.tsv.gz
items-oneof-element	document	apis/openapi/api.github.com/main/1.1.4/openapi.json	census 29	enumeration.tsv.gz
items-oneof-element	document	apis/openapi/apideck.com/vault/10.14.0/meta/import/input-bundled.json	census 1	enumeration.tsv.gz
items-oneof-element	document	apis/openapi/apideck.com/vault/10.14.0/meta/import/input-entry.json	census 1	enumeration.tsv.gz
items-oneof-element	document	apis/openapi/apideck.com/vault/10.14.0/meta/import/output-bundled.json	census 1	enumeration.tsv.gz
items-oneof-element	document	apis/openapi/apideck.com/vault/10.14.0/meta/import/output-entry.json	census 1	enumeration.tsv.gz
items-oneof-element	document	apis/openapi/apideck.com/vault/10.14.0/openapi.json	census 1	enumeration.tsv.gz
items-oneof-element	document	apis/openapi/app.recruitis.io/main/1.14.1/meta/import/input-bundle.json	census 1	enumeration.tsv.gz
items-oneof-element	document	apis/openapi/app.recruitis.io/main/1.14.1/meta/import/input-entry.json	census 1	enumeration.tsv.gz
items-oneof-element	document	apis/openapi/app.recruitis.io/main/1.14.1/meta/import/output-bundle.json	census 1	enumeration.tsv.gz
items-oneof-element	document	apis/openapi/app.recruitis.io/main/1.14.1/meta/import/output-entry.json	census 1	enumeration.tsv.gz
items-oneof-element	document	apis/openapi/app.recruitis.io/main/1.14.1/openapi.json	census 1	enumeration.tsv.gz
items-oneof-element	document	apis/openapi/app.shortcut.com/main/3.0/meta/import/input-bundle.json	census 2	enumeration.tsv.gz
items-oneof-element	document	apis/openapi/app.shortcut.com/main/3.0/meta/import/input-entry.json	census 2	enumeration.tsv.gz
items-oneof-element	document	apis/openapi/app.shortcut.com/main/3.0/meta/import/output-bundle.json	census 2	enumeration.tsv.gz
items-oneof-element	document	apis/openapi/app.shortcut.com/main/3.0/meta/import/output-entry.json	census 2	enumeration.tsv.gz
items-oneof-element	document	apis/openapi/app.shortcut.com/main/3.0/openapi.json	census 2	enumeration.tsv.gz
items-oneof-element	document	apis/openapi/apple.com/app-store-connect-api/1.4.1/meta/import/input-bundle.json	census 22	enumeration.tsv.gz
items-oneof-element	document	apis/openapi/apple.com/app-store-connect-api/1.4.1/meta/import/input-entry.json	census 22	enumeration.tsv.gz
items-oneof-element	document	apis/openapi/apple.com/app-store-connect-api/1.4.1/meta/import/output-bundle.json	census 22	enumeration.tsv.gz
items-oneof-element	document	apis/openapi/apple.com/app-store-connect-api/1.4.1/meta/import/output-entry.json	census 22	enumeration.tsv.gz
items-oneof-element	document	apis/openapi/apple.com/app-store-connect-api/1.4.1/openapi.json	census 22	enumeration.tsv.gz
items-oneof-element	document	apis/openapi/apple.com/app-store-connect/1.4.1/meta/import/input-bundle.json	census 22	enumeration.tsv.gz
items-oneof-element	document	apis/openapi/apple.com/app-store-connect/1.4.1/meta/import/input-entry.json	census 22	enumeration.tsv.gz
items-oneof-element	document	apis/openapi/apple.com/app-store-connect/1.4.1/meta/import/output-bundle.json	census 22	enumeration.tsv.gz
items-oneof-element	document	apis/openapi/apple.com/app-store-connect/1.4.1/meta/import/output-entry.json	census 22	enumeration.tsv.gz
items-oneof-element	document	apis/openapi/apple.com/app-store-connect/1.4.1/openapi.json	census 22	enumeration.tsv.gz
items-oneof-element	document	apis/openapi/askmiso.com/main/1.1.4/meta/import/input-bundle.json	census 1	enumeration.tsv.gz
items-oneof-element	document	apis/openapi/askmiso.com/main/1.1.4/meta/import/input-entry.json	census 1	enumeration.tsv.gz
items-oneof-element	document	apis/openapi/askmiso.com/main/1.1.4/meta/import/output-bundle.json	census 1	enumeration.tsv.gz
items-oneof-element	document	apis/openapi/askmiso.com/main/1.1.4/meta/import/output-entry.json	census 1	enumeration.tsv.gz
items-oneof-element	document	apis/openapi/askmiso.com/main/1.1.4/openapi.json	census 1	enumeration.tsv.gz
items-oneof-element	document	apis/openapi/attentivemobile.com/main/1.0.0/meta/import/input-bundle.json	census 1	enumeration.tsv.gz
items-oneof-element	document	apis/openapi/attentivemobile.com/main/1.0.0/meta/import/input-entry.json	census 1	enumeration.tsv.gz
items-oneof-element	document	apis/openapi/attentivemobile.com/main/1.0.0/meta/import/output-bundle.json	census 1	enumeration.tsv.gz
items-oneof-element	document	apis/openapi/attentivemobile.com/main/1.0.0/meta/import/output-entry.json	census 1	enumeration.tsv.gz
items-oneof-element	document	apis/openapi/attentivemobile.com/main/1.0.0/openapi.json	census 1	enumeration.tsv.gz
items-oneof-element	document	apis/openapi/attio.com/main/2.0.0/meta/import/input-bundle.json	census 15	enumeration.tsv.gz
items-oneof-element	document	apis/openapi/attio.com/main/2.0.0/meta/import/input-entry.json	census 15	enumeration.tsv.gz
items-oneof-element	document	apis/openapi/attio.com/main/2.0.0/meta/import/output-bundle.json	census 15	enumeration.tsv.gz
items-oneof-element	document	apis/openapi/attio.com/main/2.0.0/meta/import/output-entry.json	census 15	enumeration.tsv.gz
items-oneof-element	document	apis/openapi/attio.com/main/2.0.0/openapi.json	census 15	enumeration.tsv.gz
items-oneof-element	document	apis/openapi/bbci.co.uk/main/1.0/meta/import/input-bundled.json	census 3	enumeration.tsv.gz
items-oneof-element	document	apis/openapi/bbci.co.uk/main/1.0/meta/import/input-entry.json	census 3	enumeration.tsv.gz
items-oneof-element	document	apis/openapi/bbci.co.uk/main/1.0/meta/import/output-bundled.json	census 3	enumeration.tsv.gz
items-oneof-element	document	apis/openapi/bbci.co.uk/main/1.0/meta/import/output-entry.json	census 3	enumeration.tsv.gz
items-oneof-element	document	apis/openapi/bbci.co.uk/main/1.0/openapi.json	census 3	enumeration.tsv.gz
items-oneof-element	document	apis/openapi/billingo.hu/main/3.0.7/meta/import/input-bundled.json	census 1	enumeration.tsv.gz
items-oneof-element	document	apis/openapi/billingo.hu/main/3.0.7/meta/import/input-entry.json	census 1	enumeration.tsv.gz
items-oneof-element	document	apis/openapi/billingo.hu/main/3.0.7/meta/import/output-bundled.json	census 1	enumeration.tsv.gz
items-oneof-element	document	apis/openapi/billingo.hu/main/3.0.7/meta/import/output-entry.json	census 1	enumeration.tsv.gz
items-oneof-element	document	apis/openapi/billingo.hu/main/3.0.7/openapi.json	census 1	enumeration.tsv.gz
items-oneof-element	document	apis/openapi/binance.com/main/1.0/meta/import/input-bundle.json	census 2	enumeration.tsv.gz
items-oneof-element	document	apis/openapi/binance.com/main/1.0/meta/import/input-entry.json	census 2	enumeration.tsv.gz
items-oneof-element	document	apis/openapi/binance.com/main/1.0/meta/import/output-bundle.json	census 2	enumeration.tsv.gz
items-oneof-element	document	apis/openapi/binance.com/main/1.0/meta/import/output-entry.json	census 2	enumeration.tsv.gz
items-oneof-element	document	apis/openapi/binance.com/main/1.0/openapi.json	census 2	enumeration.tsv.gz
items-oneof-element	document	apis/openapi/bloomerang.co/main/2.0.0/meta/import/input-bundle.json	census 586	enumeration.tsv.gz
items-oneof-element	document	apis/openapi/bloomerang.co/main/2.0.0/meta/import/input-entry.json	census 586	enumeration.tsv.gz
items-oneof-element	document	apis/openapi/bloomerang.co/main/2.0.0/meta/import/output-bundle.json	census 586	enumeration.tsv.gz
items-oneof-element	document	apis/openapi/bloomerang.co/main/2.0.0/meta/import/output-entry.json	census 586	enumeration.tsv.gz
items-oneof-element	document	apis/openapi/bloomerang.co/main/2.0.0/openapi.json	census 586	enumeration.tsv.gz
items-oneof-element	document	apis/openapi/blueink.com/main/2.11.0/meta/import/input-bundle.json	census 1	enumeration.tsv.gz
items-oneof-element	document	apis/openapi/blueink.com/main/2.11.0/meta/import/input-entry.json	census 1	enumeration.tsv.gz
items-oneof-element	document	apis/openapi/blueink.com/main/2.11.0/meta/import/output-bundle.json	census 1	enumeration.tsv.gz
items-oneof-element	document	apis/openapi/blueink.com/main/2.11.0/meta/import/output-entry.json	census 1	enumeration.tsv.gz
items-oneof-element	document	apis/openapi/blueink.com/main/2.11.0/openapi.json	census 1	enumeration.tsv.gz
items-oneof-element	document	apis/openapi/browse.ai/main/v2/meta/import/input-bundle.json	census 1	enumeration.tsv.gz
items-oneof-element	document	apis/openapi/browse.ai/main/v2/meta/import/input-entry.json	census 1	enumeration.tsv.gz
items-oneof-element	document	apis/openapi/browse.ai/main/v2/meta/import/output-bundle.json	census 1	enumeration.tsv.gz
items-oneof-element	document	apis/openapi/browse.ai/main/v2/meta/import/output-entry.json	census 1	enumeration.tsv.gz
items-oneof-element	document	apis/openapi/browse.ai/main/v2/openapi.json	census 1	enumeration.tsv.gz
items-oneof-element	document	apis/openapi/bugsnag.com/main/2/meta/import/input-bundle.json	census 2	enumeration.tsv.gz
items-oneof-element	document	apis/openapi/bugsnag.com/main/2/meta/import/input-entry.json	census 2	enumeration.tsv.gz
items-oneof-element	document	apis/openapi/bugsnag.com/main/2/meta/import/output-bundle.json	census 2	enumeration.tsv.gz
items-oneof-element	document	apis/openapi/bugsnag.com/main/2/meta/import/output-entry.json	census 2	enumeration.tsv.gz
items-oneof-element	document	apis/openapi/bugsnag.com/main/2/openapi.json	census 2	enumeration.tsv.gz
items-oneof-element	document	apis/openapi/bulkgate.com/main/2.0.0/meta/import/input-bundle.json	census 2	enumeration.tsv.gz
items-oneof-element	document	apis/openapi/bulkgate.com/main/2.0.0/meta/import/input-entry.json	census 2	enumeration.tsv.gz
items-oneof-element	document	apis/openapi/bulkgate.com/main/2.0.0/meta/import/output-bundle.json	census 2	enumeration.tsv.gz
items-oneof-element	document	apis/openapi/bulkgate.com/main/2.0.0/meta/import/output-entry.json	census 2	enumeration.tsv.gz
items-oneof-element	document	apis/openapi/bulkgate.com/main/2.0.0/openapi.json	census 2	enumeration.tsv.gz
items-oneof-element	document	apis/openapi/cloudflare.com/main/4.0.0/meta/import/input-bundle.json	census 98	enumeration.tsv.gz
items-oneof-element	document	apis/openapi/cloudflare.com/main/4.0.0/meta/import/input-entry.json	census 98	enumeration.tsv.gz
items-oneof-element	document	apis/openapi/cloudflare.com/main/4.0.0/meta/import/output-bundle.json	census 98	enumeration.tsv.gz
items-oneof-element	document	apis/openapi/cloudflare.com/main/4.0.0/meta/import/output-entry.json	census 98	enumeration.tsv.gz
items-oneof-element	document	apis/openapi/cloudflare.com/main/4.0.0/openapi.json	census 98	enumeration.tsv.gz
items-oneof-element	document	apis/openapi/clubhouse.io/main/3.0/meta/import/input-bundle.json	census 4	enumeration.tsv.gz
items-oneof-element	document	apis/openapi/clubhouse.io/main/3.0/meta/import/input-entry.json	census 4	enumeration.tsv.gz
items-oneof-element	document	apis/openapi/clubhouse.io/main/3.0/meta/import/output-bundle.json	census 4	enumeration.tsv.gz
items-oneof-element	document	apis/openapi/clubhouse.io/main/3.0/meta/import/output-entry.json	census 4	enumeration.tsv.gz
items-oneof-element	document	apis/openapi/clubhouse.io/main/3.0/openapi.json	census 4	enumeration.tsv.gz
items-oneof-element	document	apis/openapi/coda.io/main/1.5.0/meta/import/input-bundle.json	census 2	enumeration.tsv.gz
items-oneof-element	document	apis/openapi/coda.io/main/1.5.0/meta/import/input-entry.json	census 2	enumeration.tsv.gz
items-oneof-element	document	apis/openapi/coda.io/main/1.5.0/meta/import/output-bundle.json	census 2	enumeration.tsv.gz
items-oneof-element	document	apis/openapi/coda.io/main/1.5.0/meta/import/output-entry.json	census 2	enumeration.tsv.gz
items-oneof-element	document	apis/openapi/coda.io/main/1.5.0/openapi.json	census 2	enumeration.tsv.gz
items-oneof-element	document	apis/openapi/codat.io/bank-feeds/3.0.0/meta/import/input-bundled.json	census 3	enumeration.tsv.gz
items-oneof-element	document	apis/openapi/codat.io/bank-feeds/3.0.0/meta/import/input-entry.json	census 3	enumeration.tsv.gz
items-oneof-element	document	apis/openapi/codat.io/bank-feeds/3.0.0/meta/import/output-bundled.json	census 3	enumeration.tsv.gz
items-oneof-element	document	apis/openapi/codat.io/bank-feeds/3.0.0/meta/import/output-entry.json	census 3	enumeration.tsv.gz
items-oneof-element	document	apis/openapi/codat.io/bank-feeds/3.0.0/openapi.json	census 3	enumeration.tsv.gz
items-oneof-element	document	apis/openapi/connect.trimble.com/main/2.0/meta/import/input-bundle.json	census 1	enumeration.tsv.gz
items-oneof-element	document	apis/openapi/connect.trimble.com/main/2.0/meta/import/input-entry.json	census 1	enumeration.tsv.gz
items-oneof-element	document	apis/openapi/connect.trimble.com/main/2.0/meta/import/output-bundle.json	census 1	enumeration.tsv.gz
items-oneof-element	document	apis/openapi/connect.trimble.com/main/2.0/meta/import/output-entry.json	census 1	enumeration.tsv.gz
items-oneof-element	document	apis/openapi/connect.trimble.com/main/2.0/openapi.json	census 1	enumeration.tsv.gz
items-oneof-element	document	apis/openapi/contentgroove.com/main/1.0.0/meta/import/input-bundle.json	census 1	enumeration.tsv.gz
items-oneof-element	document	apis/openapi/contentgroove.com/main/1.0.0/meta/import/input-entry.json	census 1	enumeration.tsv.gz
items-oneof-element	document	apis/openapi/contentgroove.com/main/1.0.0/meta/import/output-bundle.json	census 1	enumeration.tsv.gz
items-oneof-element	document	apis/openapi/contentgroove.com/main/1.0.0/meta/import/output-entry.json	census 1	enumeration.tsv.gz
items-oneof-element	document	apis/openapi/contentgroove.com/main/1.0.0/openapi.json	census 1	enumeration.tsv.gz
items-oneof-element	document	apis/openapi/cov-spectrum.org/main/v0/meta/import/input-bundle.json	census 1	enumeration.tsv.gz
items-oneof-element	document	apis/openapi/cov-spectrum.org/main/v0/meta/import/input-entry.json	census 1	enumeration.tsv.gz
items-oneof-element	document	apis/openapi/cov-spectrum.org/main/v0/meta/import/output-bundle.json	census 1	enumeration.tsv.gz
items-oneof-element	document	apis/openapi/cov-spectrum.org/main/v0/meta/import/output-entry.json	census 1	enumeration.tsv.gz
items-oneof-element	document	apis/openapi/cov-spectrum.org/main/v0/openapi.json	census 1	enumeration.tsv.gz
items-oneof-element	document	apis/openapi/currencyalliance.com/main/3.0/meta/import/input-bundle.json	census 1	enumeration.tsv.gz
items-oneof-element	document	apis/openapi/currencyalliance.com/main/3.0/meta/import/input-entry.json	census 1	enumeration.tsv.gz
items-oneof-element	document	apis/openapi/currencyalliance.com/main/3.0/meta/import/output-bundle.json	census 1	enumeration.tsv.gz
items-oneof-element	document	apis/openapi/currencyalliance.com/main/3.0/meta/import/output-entry.json	census 1	enumeration.tsv.gz
items-oneof-element	document	apis/openapi/currencyalliance.com/main/3.0/openapi.json	census 1	enumeration.tsv.gz
items-oneof-element	document	apis/openapi/cvent.com/main/ea/meta/import/input-bundle.json	census 2	enumeration.tsv.gz
items-oneof-element	document	apis/openapi/cvent.com/main/ea/meta/import/input-entry.json	census 2	enumeration.tsv.gz
items-oneof-element	document	apis/openapi/cvent.com/main/ea/meta/import/output-bundle.json	census 2	enumeration.tsv.gz
items-oneof-element	document	apis/openapi/cvent.com/main/ea/meta/import/output-entry.json	census 2	enumeration.tsv.gz
items-oneof-element	document	apis/openapi/cvent.com/main/ea/openapi.json	census 2	enumeration.tsv.gz
items-oneof-element	document	apis/openapi/deepgram.com/main/1.0.0/meta/import/input-bundle.json	census 1	enumeration.tsv.gz
items-oneof-element	document	apis/openapi/deepgram.com/main/1.0.0/meta/import/input-entry.json	census 1	enumeration.tsv.gz
items-oneof-element	document	apis/openapi/deepgram.com/main/1.0.0/meta/import/output-bundle.json	census 1	enumeration.tsv.gz
items-oneof-element	document	apis/openapi/deepgram.com/main/1.0.0/meta/import/output-entry.json	census 1	enumeration.tsv.gz
items-oneof-element	document	apis/openapi/deepgram.com/main/1.0.0/openapi.json	census 1	enumeration.tsv.gz
items-oneof-element	document	apis/openapi/devopness.com/main/latest/meta/import/input-bundled.json	census 2	enumeration.tsv.gz
items-oneof-element	document	apis/openapi/devopness.com/main/latest/meta/import/input-entry.json	census 2	enumeration.tsv.gz
items-oneof-element	document	apis/openapi/devopness.com/main/latest/meta/import/output-bundled.json	census 2	enumeration.tsv.gz
items-oneof-element	document	apis/openapi/devopness.com/main/latest/meta/import/output-entry.json	census 2	enumeration.tsv.gz
items-oneof-element	document	apis/openapi/devopness.com/main/latest/openapi.json	census 2	enumeration.tsv.gz
items-oneof-element	document	apis/openapi/digitalocean.com/main/2.0/meta/import/input-bundle.json	census 1	enumeration.tsv.gz
items-oneof-element	document	apis/openapi/digitalocean.com/main/2.0/meta/import/input-entry.json	census 1	enumeration.tsv.gz
items-oneof-element	document	apis/openapi/digitalocean.com/main/2.0/meta/import/output-bundle.json	census 1	enumeration.tsv.gz
items-oneof-element	document	apis/openapi/digitalocean.com/main/2.0/meta/import/output-entry.json	census 1	enumeration.tsv.gz
items-oneof-element	document	apis/openapi/digitalocean.com/main/2.0/openapi.json	census 1	enumeration.tsv.gz
items-oneof-element	document	apis/openapi/discord.com/main/10/meta/import/input-bundled.json	census 56	enumeration.tsv.gz
items-oneof-element	document	apis/openapi/discord.com/main/10/meta/import/input-entry.json	census 56	enumeration.tsv.gz
items-oneof-element	document	apis/openapi/discord.com/main/10/meta/import/output-bundled.json	census 56	enumeration.tsv.gz
items-oneof-element	document	apis/openapi/discord.com/main/10/meta/import/output-entry.json	census 56	enumeration.tsv.gz
items-oneof-element	document	apis/openapi/discord.com/main/10/openapi.json	census 56	enumeration.tsv.gz
items-oneof-element	document	apis/openapi/dnd5eapi.co/main/0.1/meta/import/input-bundle.json	census 1	enumeration.tsv.gz
items-oneof-element	document	apis/openapi/dnd5eapi.co/main/0.1/meta/import/input-entry.json	census 1	enumeration.tsv.gz
items-oneof-element	document	apis/openapi/dnd5eapi.co/main/0.1/meta/import/output-bundle.json	census 1	enumeration.tsv.gz
items-oneof-element	document	apis/openapi/dnd5eapi.co/main/0.1/meta/import/output-entry.json	census 1	enumeration.tsv.gz
items-oneof-element	document	apis/openapi/dnd5eapi.co/main/0.1/openapi.json	census 1	enumeration.tsv.gz
items-oneof-element	document	apis/openapi/docs.digitalocean.com/main/2.0/meta/import/input-bundle.json	census 2	enumeration.tsv.gz
items-oneof-element	document	apis/openapi/docs.digitalocean.com/main/2.0/meta/import/input-entry.json	census 2	enumeration.tsv.gz
items-oneof-element	document	apis/openapi/docs.digitalocean.com/main/2.0/meta/import/output-bundle.json	census 2	enumeration.tsv.gz
items-oneof-element	document	apis/openapi/docs.digitalocean.com/main/2.0/meta/import/output-entry.json	census 2	enumeration.tsv.gz
items-oneof-element	document	apis/openapi/docs.digitalocean.com/main/2.0/openapi.json	census 2	enumeration.tsv.gz
items-oneof-element	document	apis/openapi/ducky.eco/ducky/3.0.0/meta/import/input-bundle.json	census 2	enumeration.tsv.gz
items-oneof-element	document	apis/openapi/ducky.eco/ducky/3.0.0/meta/import/input-entry.json	census 2	enumeration.tsv.gz
items-oneof-element	document	apis/openapi/ducky.eco/ducky/3.0.0/meta/import/output-bundle.json	census 2	enumeration.tsv.gz
items-oneof-element	document	apis/openapi/ducky.eco/ducky/3.0.0/meta/import/output-entry.json	census 2	enumeration.tsv.gz
items-oneof-element	document	apis/openapi/ducky.eco/ducky/3.0.0/openapi.json	census 2	enumeration.tsv.gz
items-oneof-element	document	apis/openapi/e-goi.com/e-goi/V3/meta/import/input-bundle.json	census 1	enumeration.tsv.gz
items-oneof-element	document	apis/openapi/e-goi.com/e-goi/V3/meta/import/input-entry.json	census 1	enumeration.tsv.gz
items-oneof-element	document	apis/openapi/e-goi.com/e-goi/V3/meta/import/output-bundle.json	census 1	enumeration.tsv.gz
items-oneof-element	document	apis/openapi/e-goi.com/e-goi/V3/meta/import/output-entry.json	census 1	enumeration.tsv.gz
items-oneof-element	document	apis/openapi/e-goi.com/e-goi/V3/openapi.json	census 1	enumeration.tsv.gz
items-oneof-element	document	apis/openapi/elastic.co/kibana/1.0/meta/import/input-bundle.json	census 12	enumeration.tsv.gz
items-oneof-element	document	apis/openapi/elastic.co/kibana/1.0/meta/import/input-entry.json	census 12	enumeration.tsv.gz
items-oneof-element	document	apis/openapi/elastic.co/kibana/1.0/meta/import/output-bundle.json	census 12	enumeration.tsv.gz
items-oneof-element	document	apis/openapi/elastic.co/kibana/1.0/meta/import/output-entry.json	census 12	enumeration.tsv.gz
items-oneof-element	document	apis/openapi/elastic.co/kibana/1.0/openapi.json	census 12	enumeration.tsv.gz
items-oneof-element	document	apis/openapi/elevenlabs.io/main/1.0/meta/import/input-bundled.json	census 8	enumeration.tsv.gz
items-oneof-element	document	apis/openapi/elevenlabs.io/main/1.0/meta/import/input-entry.json	census 8	enumeration.tsv.gz
items-oneof-element	document	apis/openapi/elevenlabs.io/main/1.0/meta/import/output-bundled.json	census 8	enumeration.tsv.gz
items-oneof-element	document	apis/openapi/elevenlabs.io/main/1.0/meta/import/output-entry.json	census 8	enumeration.tsv.gz
items-oneof-element	document	apis/openapi/elevenlabs.io/main/1.0/openapi.json	census 8	enumeration.tsv.gz
items-oneof-element	document	apis/openapi/etsy.com/main/3.0.0/meta/import/input-bundle.json	census 48	enumeration.tsv.gz
items-oneof-element	document	apis/openapi/etsy.com/main/3.0.0/meta/import/input-entry.json	census 48	enumeration.tsv.gz
items-oneof-element	document	apis/openapi/etsy.com/main/3.0.0/meta/import/output-bundle.json	census 48	enumeration.tsv.gz
items-oneof-element	document	apis/openapi/etsy.com/main/3.0.0/meta/import/output-entry.json	census 48	enumeration.tsv.gz
items-oneof-element	document	apis/openapi/etsy.com/main/3.0.0/openapi.json	census 48	enumeration.tsv.gz
items-oneof-element	document	apis/openapi/exa.ai/main/2.0.0/meta/import/input-bundle.json	census 1	enumeration.tsv.gz
items-oneof-element	document	apis/openapi/exa.ai/main/2.0.0/meta/import/input-entry.json	census 1	enumeration.tsv.gz
items-oneof-element	document	apis/openapi/exa.ai/main/2.0.0/meta/import/output-bundle.json	census 1	enumeration.tsv.gz
items-oneof-element	document	apis/openapi/exa.ai/main/2.0.0/meta/import/output-entry.json	census 1	enumeration.tsv.gz
items-oneof-element	document	apis/openapi/exa.ai/main/2.0.0/openapi.json	census 1	enumeration.tsv.gz
items-oneof-element	document	apis/openapi/eyepop.ai/eyepop-web-api/1.0.0/meta/import/input-bundle.json	census 2	enumeration.tsv.gz
items-oneof-element	document	apis/openapi/eyepop.ai/eyepop-web-api/1.0.0/meta/import/input-entry.json	census 2	enumeration.tsv.gz
items-oneof-element	document	apis/openapi/eyepop.ai/eyepop-web-api/1.0.0/meta/import/output-bundle.json	census 2	enumeration.tsv.gz
items-oneof-element	document	apis/openapi/eyepop.ai/eyepop-web-api/1.0.0/meta/import/output-entry.json	census 2	enumeration.tsv.gz
items-oneof-element	document	apis/openapi/eyepop.ai/eyepop-web-api/1.0.0/openapi.json	census 2	enumeration.tsv.gz
items-oneof-element	document	apis/openapi/filestack.com/filestack-api/3.0.0/meta/import/input-bundle.json	census 1	enumeration.tsv.gz
items-oneof-element	document	apis/openapi/filestack.com/filestack-api/3.0.0/meta/import/input-entry.json	census 1	enumeration.tsv.gz
items-oneof-element	document	apis/openapi/filestack.com/filestack-api/3.0.0/meta/import/output-bundle.json	census 1	enumeration.tsv.gz
items-oneof-element	document	apis/openapi/filestack.com/filestack-api/3.0.0/meta/import/output-entry.json	census 1	enumeration.tsv.gz
items-oneof-element	document	apis/openapi/filestack.com/filestack-api/3.0.0/openapi.json	census 1	enumeration.tsv.gz
items-oneof-element	document	apis/openapi/firecrawl.dev/main/1.0.0/meta/import/input-bundle.json	census 1	enumeration.tsv.gz
items-oneof-element	document	apis/openapi/firecrawl.dev/main/1.0.0/meta/import/input-entry.json	census 1	enumeration.tsv.gz
items-oneof-element	document	apis/openapi/firecrawl.dev/main/1.0.0/meta/import/output-bundle.json	census 1	enumeration.tsv.gz
items-oneof-element	document	apis/openapi/firecrawl.dev/main/1.0.0/meta/import/output-entry.json	census 1	enumeration.tsv.gz
items-oneof-element	document	apis/openapi/firecrawl.dev/main/1.0.0/openapi.json	census 1	enumeration.tsv.gz
items-oneof-element	document	apis/openapi/gcore.com/main/1.0.0/meta/import/input-bundle.json	census 4	enumeration.tsv.gz
items-oneof-element	document	apis/openapi/gcore.com/main/1.0.0/meta/import/input-entry.json	census 4	enumeration.tsv.gz
items-oneof-element	document	apis/openapi/gcore.com/main/1.0.0/meta/import/output-bundle.json	census 4	enumeration.tsv.gz
items-oneof-element	document	apis/openapi/gcore.com/main/1.0.0/meta/import/output-entry.json	census 4	enumeration.tsv.gz
items-oneof-element	document	apis/openapi/gcore.com/main/1.0.0/openapi.json	census 4	enumeration.tsv.gz
items-oneof-element	document	apis/openapi/geocod.io/main/1.12.0/meta/import/input-bundle.json	census 4	enumeration.tsv.gz
items-oneof-element	document	apis/openapi/geocod.io/main/1.12.0/meta/import/input-entry.json	census 4	enumeration.tsv.gz
items-oneof-element	document	apis/openapi/geocod.io/main/1.12.0/meta/import/output-bundle.json	census 4	enumeration.tsv.gz
items-oneof-element	document	apis/openapi/geocod.io/main/1.12.0/meta/import/output-entry.json	census 4	enumeration.tsv.gz
items-oneof-element	document	apis/openapi/geocod.io/main/1.12.0/openapi.json	census 4	enumeration.tsv.gz
items-oneof-element	document	apis/openapi/github.com/api.github.com/1.1.4/meta/import/input-bundled.json	census 28	enumeration.tsv.gz
items-oneof-element	document	apis/openapi/github.com/api.github.com/1.1.4/meta/import/input-entry.json	census 28	enumeration.tsv.gz
items-oneof-element	document	apis/openapi/github.com/api.github.com/1.1.4/meta/import/output-bundled.json	census 28	enumeration.tsv.gz
items-oneof-element	document	apis/openapi/github.com/api.github.com/1.1.4/meta/import/output-entry.json	census 28	enumeration.tsv.gz
items-oneof-element	document	apis/openapi/github.com/api.github.com/1.1.4/openapi.json	census 28	enumeration.tsv.gz
items-oneof-element	document	apis/openapi/github.com/ghec/1.1.4/meta/import/input-bundled.json	census 28	enumeration.tsv.gz
items-oneof-element	document	apis/openapi/github.com/ghec/1.1.4/meta/import/input-entry.json	census 28	enumeration.tsv.gz
items-oneof-element	document	apis/openapi/github.com/ghec/1.1.4/meta/import/output-bundled.json	census 28	enumeration.tsv.gz
items-oneof-element	document	apis/openapi/github.com/ghec/1.1.4/meta/import/output-entry.json	census 28	enumeration.tsv.gz
items-oneof-element	document	apis/openapi/github.com/ghec/1.1.4/openapi.json	census 28	enumeration.tsv.gz
items-oneof-element	document	apis/openapi/go.v7labs.com/main/0.1.0/meta/import/input-bundle.json	census 7	enumeration.tsv.gz
items-oneof-element	document	apis/openapi/go.v7labs.com/main/0.1.0/meta/import/input-entry.json	census 7	enumeration.tsv.gz
items-oneof-element	document	apis/openapi/go.v7labs.com/main/0.1.0/meta/import/output-bundle.json	census 7	enumeration.tsv.gz
items-oneof-element	document	apis/openapi/go.v7labs.com/main/0.1.0/meta/import/output-entry.json	census 7	enumeration.tsv.gz
items-oneof-element	document	apis/openapi/go.v7labs.com/main/0.1.0/openapi.json	census 7	enumeration.tsv.gz
items-oneof-element	document	apis/openapi/gorgias.com/gorgias-api/1.0.0/meta/import/input-bundle.json	census 22	enumeration.tsv.gz
items-oneof-element	document	apis/openapi/gorgias.com/gorgias-api/1.0.0/meta/import/input-entry.json	census 22	enumeration.tsv.gz
items-oneof-element	document	apis/openapi/gorgias.com/gorgias-api/1.0.0/meta/import/output-bundle.json	census 22	enumeration.tsv.gz
items-oneof-element	document	apis/openapi/gorgias.com/gorgias-api/1.0.0/meta/import/output-entry.json	census 22	enumeration.tsv.gz
items-oneof-element	document	apis/openapi/gorgias.com/gorgias-api/1.0.0/openapi.json	census 22	enumeration.tsv.gz
items-oneof-element	document	apis/openapi/goshippo.com/main/2018-02-08/meta/import/input-bundle.json	census 1	enumeration.tsv.gz
items-oneof-element	document	apis/openapi/goshippo.com/main/2018-02-08/meta/import/input-entry.json	census 1	enumeration.tsv.gz
items-oneof-element	document	apis/openapi/goshippo.com/main/2018-02-08/meta/import/output-bundle.json	census 1	enumeration.tsv.gz
items-oneof-element	document	apis/openapi/goshippo.com/main/2018-02-08/meta/import/output-entry.json	census 1	enumeration.tsv.gz
items-oneof-element	document	apis/openapi/goshippo.com/main/2018-02-08/openapi.json	census 1	enumeration.tsv.gz
items-oneof-element	document	apis/openapi/goteamup.com/main/0.0.0/meta/import/input-bundle.json	census 3	enumeration.tsv.gz
items-oneof-element	document	apis/openapi/goteamup.com/main/0.0.0/meta/import/input-entry.json	census 3	enumeration.tsv.gz
items-oneof-element	document	apis/openapi/goteamup.com/main/0.0.0/meta/import/output-bundle.json	census 3	enumeration.tsv.gz
items-oneof-element	document	apis/openapi/goteamup.com/main/0.0.0/meta/import/output-entry.json	census 3	enumeration.tsv.gz
items-oneof-element	document	apis/openapi/goteamup.com/main/0.0.0/openapi.json	census 3	enumeration.tsv.gz
items-oneof-element	document	apis/openapi/grocy.info/main/xxx/meta/import/input-bundle.json	census 1	enumeration.tsv.gz
items-oneof-element	document	apis/openapi/grocy.info/main/xxx/meta/import/input-entry.json	census 1	enumeration.tsv.gz
items-oneof-element	document	apis/openapi/grocy.info/main/xxx/meta/import/output-bundle.json	census 1	enumeration.tsv.gz
items-oneof-element	document	apis/openapi/grocy.info/main/xxx/meta/import/output-entry.json	census 1	enumeration.tsv.gz
items-oneof-element	document	apis/openapi/grocy.info/main/xxx/openapi.json	census 1	enumeration.tsv.gz
items-oneof-element	document	apis/openapi/hetzner.cloud/main/1.0.0/meta/import/input-bundled.json	census 2	enumeration.tsv.gz
items-oneof-element	document	apis/openapi/hetzner.cloud/main/1.0.0/meta/import/input-entry.json	census 2	enumeration.tsv.gz
items-oneof-element	document	apis/openapi/hetzner.cloud/main/1.0.0/meta/import/output-bundled.json	census 2	enumeration.tsv.gz
items-oneof-element	document	apis/openapi/hetzner.cloud/main/1.0.0/meta/import/output-entry.json	census 2	enumeration.tsv.gz
items-oneof-element	document	apis/openapi/hetzner.cloud/main/1.0.0/openapi.json	census 2	enumeration.tsv.gz
items-oneof-element	document	apis/openapi/hexfit.com/main/3.0.0/meta/import/input-bundle.json	census 1	enumeration.tsv.gz
items-oneof-element	document	apis/openapi/hexfit.com/main/3.0.0/meta/import/input-entry.json	census 1	enumeration.tsv.gz
items-oneof-element	document	apis/openapi/hexfit.com/main/3.0.0/meta/import/output-bundle.json	census 1	enumeration.tsv.gz
items-oneof-element	document	apis/openapi/hexfit.com/main/3.0.0/meta/import/output-entry.json	census 1	enumeration.tsv.gz
items-oneof-element	document	apis/openapi/hexfit.com/main/3.0.0/openapi.json	census 1	enumeration.tsv.gz
items-oneof-element	document	apis/openapi/hol.org/registry-broker/0.1.0/meta/import/input-bundle.json	census 1	enumeration.tsv.gz
items-oneof-element	document	apis/openapi/hol.org/registry-broker/0.1.0/meta/import/input-entry.json	census 1	enumeration.tsv.gz
items-oneof-element	document	apis/openapi/hol.org/registry-broker/0.1.0/meta/import/output-bundle.json	census 1	enumeration.tsv.gz
items-oneof-element	document	apis/openapi/hol.org/registry-broker/0.1.0/meta/import/output-entry.json	census 1	enumeration.tsv.gz
items-oneof-element	document	apis/openapi/hol.org/registry-broker/0.1.0/openapi.json	census 1	enumeration.tsv.gz
items-oneof-element	document	apis/openapi/hubapi.com/crm-cards/v3/meta/import/input-bundle.json	census 2	enumeration.tsv.gz
items-oneof-element	document	apis/openapi/hubapi.com/crm-cards/v3/meta/import/input-entry.json	census 2	enumeration.tsv.gz
items-oneof-element	document	apis/openapi/hubapi.com/crm-cards/v3/meta/import/output-bundle.json	census 2	enumeration.tsv.gz
items-oneof-element	document	apis/openapi/hubapi.com/crm-cards/v3/meta/import/output-entry.json	census 2	enumeration.tsv.gz
items-oneof-element	document	apis/openapi/hubapi.com/crm-cards/v3/openapi.json	census 2	enumeration.tsv.gz
items-oneof-element	document	apis/openapi/hubapi.com/custom-workflow-actions/v4/meta/import/input-bundle.json	census 3	enumeration.tsv.gz
items-oneof-element	document	apis/openapi/hubapi.com/custom-workflow-actions/v4/meta/import/input-entry.json	census 3	enumeration.tsv.gz
items-oneof-element	document	apis/openapi/hubapi.com/custom-workflow-actions/v4/meta/import/output-bundle.json	census 3	enumeration.tsv.gz
items-oneof-element	document	apis/openapi/hubapi.com/custom-workflow-actions/v4/meta/import/output-entry.json	census 3	enumeration.tsv.gz
items-oneof-element	document	apis/openapi/hubapi.com/custom-workflow-actions/v4/openapi.json	census 3	enumeration.tsv.gz
items-oneof-element	document	apis/openapi/hubapi.com/hubspot-automation-api/v4/meta/import/input-bundle.json	census 3	enumeration.tsv.gz
items-oneof-element	document	apis/openapi/hubapi.com/hubspot-automation-api/v4/meta/import/input-entry.json	census 3	enumeration.tsv.gz
items-oneof-element	document	apis/openapi/hubapi.com/hubspot-automation-api/v4/meta/import/output-bundle.json	census 3	enumeration.tsv.gz
items-oneof-element	document	apis/openapi/hubapi.com/hubspot-automation-api/v4/meta/import/output-entry.json	census 3	enumeration.tsv.gz
items-oneof-element	document	apis/openapi/hubapi.com/hubspot-automation-api/v4/openapi.json	census 3	enumeration.tsv.gz
items-oneof-element	document	apis/openapi/hubapi.com/hubspot-crm-api/v3/meta/import/input-bundle.json	census 2	enumeration.tsv.gz
items-oneof-element	document	apis/openapi/hubapi.com/hubspot-crm-api/v3/meta/import/input-entry.json	census 2	enumeration.tsv.gz
items-oneof-element	document	apis/openapi/hubapi.com/hubspot-crm-api/v3/meta/import/output-bundle.json	census 2	enumeration.tsv.gz
items-oneof-element	document	apis/openapi/hubapi.com/hubspot-crm-api/v3/meta/import/output-entry.json	census 2	enumeration.tsv.gz
items-oneof-element	document	apis/openapi/hubapi.com/hubspot-crm-api/v3/openapi.json	census 2	enumeration.tsv.gz
items-oneof-element	document	apis/openapi/hubspot.com/Automation-actionsV4/v4/meta/import/input-bundled.json	census 3	enumeration.tsv.gz
items-oneof-element	document	apis/openapi/hubspot.com/Automation-actionsV4/v4/meta/import/input-entry.json	census 3	enumeration.tsv.gz
items-oneof-element	document	apis/openapi/hubspot.com/Automation-actionsV4/v4/meta/import/output-bundled.json	census 3	enumeration.tsv.gz
items-oneof-element	document	apis/openapi/hubspot.com/Automation-actionsV4/v4/meta/import/output-entry.json	census 3	enumeration.tsv.gz
items-oneof-element	document	apis/openapi/hubspot.com/Automation-actionsV4/v4/openapi.json	census 3	enumeration.tsv.gz
items-oneof-element	document	apis/openapi/hubspot.com/Automation-automationV4/v4/meta/import/input-bundled.json	census 31	enumeration.tsv.gz
items-oneof-element	document	apis/openapi/hubspot.com/Automation-automationV4/v4/meta/import/input-entry.json	census 31	enumeration.tsv.gz
items-oneof-element	document	apis/openapi/hubspot.com/Automation-automationV4/v4/meta/import/output-bundled.json	census 31	enumeration.tsv.gz
items-oneof-element	document	apis/openapi/hubspot.com/Automation-automationV4/v4/meta/import/output-entry.json	census 31	enumeration.tsv.gz
items-oneof-element	document	apis/openapi/hubspot.com/Automation-automationV4/v4/openapi.json	census 31	enumeration.tsv.gz
items-oneof-element	document	apis/openapi/hubspot.com/CMS-mediaBridge/v1/meta/import/input-bundled.json	census 56	enumeration.tsv.gz
items-oneof-element	document	apis/openapi/hubspot.com/CMS-mediaBridge/v1/meta/import/input-entry.json	census 56	enumeration.tsv.gz
items-oneof-element	document	apis/openapi/hubspot.com/CMS-mediaBridge/v1/meta/import/output-bundled.json	census 56	enumeration.tsv.gz
items-oneof-element	document	apis/openapi/hubspot.com/CMS-mediaBridge/v1/meta/import/output-entry.json	census 56	enumeration.tsv.gz
items-oneof-element	document	apis/openapi/hubspot.com/CMS-mediaBridge/v1/openapi.json	census 56	enumeration.tsv.gz
items-oneof-element	document	apis/openapi/hubspot.com/CRM-lists/v3/meta/import/input-bundled.json	census 16	enumeration.tsv.gz
items-oneof-element	document	apis/openapi/hubspot.com/CRM-lists/v3/meta/import/input-entry.json	census 16	enumeration.tsv.gz
items-oneof-element	document	apis/openapi/hubspot.com/CRM-lists/v3/meta/import/output-bundled.json	census 16	enumeration.tsv.gz
items-oneof-element	document	apis/openapi/hubspot.com/CRM-lists/v3/meta/import/output-entry.json	census 16	enumeration.tsv.gz
items-oneof-element	document	apis/openapi/hubspot.com/CRM-lists/v3/openapi.json	census 16	enumeration.tsv.gz
items-oneof-element	document	apis/openapi/hubspot.com/CRM-publicAppCrmCards/v3/meta/import/input-bundled.json	census 2	enumeration.tsv.gz
items-oneof-element	document	apis/openapi/hubspot.com/CRM-publicAppCrmCards/v3/meta/import/input-entry.json	census 2	enumeration.tsv.gz
items-oneof-element	document	apis/openapi/hubspot.com/CRM-publicAppCrmCards/v3/meta/import/output-bundled.json	census 2	enumeration.tsv.gz
items-oneof-element	document	apis/openapi/hubspot.com/CRM-publicAppCrmCards/v3/meta/import/output-entry.json	census 2	enumeration.tsv.gz
items-oneof-element	document	apis/openapi/hubspot.com/CRM-publicAppCrmCards/v3/openapi.json	census 2	enumeration.tsv.gz
items-oneof-element	document	apis/openapi/hubspot.com/Conversations-conversationsInboxMessages/v3/meta/import/input-bundled.json	census 5	enumeration.tsv.gz
items-oneof-element	document	apis/openapi/hubspot.com/Conversations-conversationsInboxMessages/v3/meta/import/input-entry.json	census 5	enumeration.tsv.gz
items-oneof-element	document	apis/openapi/hubspot.com/Conversations-conversationsInboxMessages/v3/meta/import/output-bundled.json	census 5	enumeration.tsv.gz
items-oneof-element	document	apis/openapi/hubspot.com/Conversations-conversationsInboxMessages/v3/meta/import/output-entry.json	census 5	enumeration.tsv.gz
items-oneof-element	document	apis/openapi/hubspot.com/Conversations-conversationsInboxMessages/v3/openapi.json	census 5	enumeration.tsv.gz
items-oneof-element	document	apis/openapi/hubspot.com/Conversations-customChannels/v3/meta/import/input-bundled.json	census 2	enumeration.tsv.gz
items-oneof-element	document	apis/openapi/hubspot.com/Conversations-customChannels/v3/meta/import/input-entry.json	census 2	enumeration.tsv.gz
items-oneof-element	document	apis/openapi/hubspot.com/Conversations-customChannels/v3/meta/import/output-bundled.json	census 2	enumeration.tsv.gz
items-oneof-element	document	apis/openapi/hubspot.com/Conversations-customChannels/v3/meta/import/output-entry.json	census 2	enumeration.tsv.gz
items-oneof-element	document	apis/openapi/hubspot.com/Conversations-customChannels/v3/openapi.json	census 2	enumeration.tsv.gz
items-oneof-element	document	apis/openapi/hubspot.com/Marketing-forms/v3/meta/import/input-bundled.json	census 2	enumeration.tsv.gz
items-oneof-element	document	apis/openapi/hubspot.com/Marketing-forms/v3/meta/import/input-entry.json	census 2	enumeration.tsv.gz
items-oneof-element	document	apis/openapi/hubspot.com/Marketing-forms/v3/meta/import/output-bundled.json	census 2	enumeration.tsv.gz
items-oneof-element	document	apis/openapi/hubspot.com/Marketing-forms/v3/meta/import/output-entry.json	census 2	enumeration.tsv.gz
items-oneof-element	document	apis/openapi/hubspot.com/Marketing-forms/v3/openapi.json	census 2	enumeration.tsv.gz
items-oneof-element	document	apis/openapi/hypixel.net/hypixel/v2/openapi.json	census 1	enumeration.tsv.gz
items-oneof-element	document	apis/openapi/hypixel.net/main/v2/meta/import/input-bundle.json	census 1	enumeration.tsv.gz
items-oneof-element	document	apis/openapi/hypixel.net/main/v2/meta/import/input-entry.json	census 1	enumeration.tsv.gz
items-oneof-element	document	apis/openapi/hypixel.net/main/v2/meta/import/output-bundle.json	census 1	enumeration.tsv.gz
items-oneof-element	document	apis/openapi/hypixel.net/main/v2/meta/import/output-entry.json	census 1	enumeration.tsv.gz
items-oneof-element	document	apis/openapi/hypixel.net/main/v2/openapi.json	census 1	enumeration.tsv.gz
items-oneof-element	document	apis/openapi/ideal-postcodes.co.uk/main/3.7.0/meta/import/input-bundle.json	census 6	enumeration.tsv.gz
items-oneof-element	document	apis/openapi/ideal-postcodes.co.uk/main/3.7.0/meta/import/input-entry.json	census 6	enumeration.tsv.gz
items-oneof-element	document	apis/openapi/ideal-postcodes.co.uk/main/3.7.0/meta/import/output-bundle.json	census 6	enumeration.tsv.gz
items-oneof-element	document	apis/openapi/ideal-postcodes.co.uk/main/3.7.0/meta/import/output-entry.json	census 6	enumeration.tsv.gz
items-oneof-element	document	apis/openapi/ideal-postcodes.co.uk/main/3.7.0/openapi.json	census 6	enumeration.tsv.gz
items-oneof-element	document	apis/openapi/intercom.com/main/2.13/meta/import/input-bundled.json	census 2	enumeration.tsv.gz
items-oneof-element	document	apis/openapi/intercom.com/main/2.13/meta/import/input-entry.json	census 2	enumeration.tsv.gz
items-oneof-element	document	apis/openapi/intercom.com/main/2.13/meta/import/output-bundled.json	census 2	enumeration.tsv.gz
items-oneof-element	document	apis/openapi/intercom.com/main/2.13/meta/import/output-entry.json	census 2	enumeration.tsv.gz
items-oneof-element	document	apis/openapi/intercom.com/main/2.13/openapi.json	census 2	enumeration.tsv.gz
items-oneof-element	document	apis/openapi/ip-api/main/1.0.0/meta/import/input-bundle.json	census 1	enumeration.tsv.gz
items-oneof-element	document	apis/openapi/ip-api/main/1.0.0/meta/import/input-entry.json	census 1	enumeration.tsv.gz
items-oneof-element	document	apis/openapi/ip-api/main/1.0.0/meta/import/output-bundle.json	census 1	enumeration.tsv.gz
items-oneof-element	document	apis/openapi/ip-api/main/1.0.0/meta/import/output-entry.json	census 1	enumeration.tsv.gz
items-oneof-element	document	apis/openapi/ip-api/main/1.0.0/openapi.json	census 1	enumeration.tsv.gz
items-oneof-element	document	apis/openapi/iqualify.com/main/v1/meta/import/input-bundled.json	census 1	enumeration.tsv.gz
items-oneof-element	document	apis/openapi/iqualify.com/main/v1/meta/import/input-entry.json	census 1	enumeration.tsv.gz
items-oneof-element	document	apis/openapi/iqualify.com/main/v1/meta/import/output-bundled.json	census 1	enumeration.tsv.gz
items-oneof-element	document	apis/openapi/iqualify.com/main/v1/meta/import/output-entry.json	census 1	enumeration.tsv.gz
items-oneof-element	document	apis/openapi/iqualify.com/main/v1/openapi.json	census 1	enumeration.tsv.gz
items-oneof-element	document	apis/openapi/json2video.com/main/2.0.0/meta/import/input-bundled.json	census 2	enumeration.tsv.gz
items-oneof-element	document	apis/openapi/json2video.com/main/2.0.0/meta/import/input-entry.json	census 2	enumeration.tsv.gz
items-oneof-element	document	apis/openapi/json2video.com/main/2.0.0/meta/import/output-bundled.json	census 2	enumeration.tsv.gz
items-oneof-element	document	apis/openapi/json2video.com/main/2.0.0/meta/import/output-entry.json	census 2	enumeration.tsv.gz
items-oneof-element	document	apis/openapi/json2video.com/main/2.0.0/openapi.json	census 2	enumeration.tsv.gz
items-oneof-element	document	apis/openapi/just-eat.co.uk/just-eat-uk/1.0.0/meta/import/input-bundle.json	census 2	enumeration.tsv.gz
items-oneof-element	document	apis/openapi/just-eat.co.uk/just-eat-uk/1.0.0/meta/import/input-entry.json	census 2	enumeration.tsv.gz
items-oneof-element	document	apis/openapi/just-eat.co.uk/just-eat-uk/1.0.0/meta/import/output-bundle.json	census 2	enumeration.tsv.gz
items-oneof-element	document	apis/openapi/just-eat.co.uk/just-eat-uk/1.0.0/meta/import/output-entry.json	census 2	enumeration.tsv.gz
items-oneof-element	document	apis/openapi/just-eat.co.uk/just-eat-uk/1.0.0/openapi.json	census 2	enumeration.tsv.gz
items-oneof-element	document	apis/openapi/just-eat.co.uk/main/1.0.0/meta/import/input-bundle.json	census 2	enumeration.tsv.gz
items-oneof-element	document	apis/openapi/just-eat.co.uk/main/1.0.0/meta/import/input-entry.json	census 2	enumeration.tsv.gz
items-oneof-element	document	apis/openapi/just-eat.co.uk/main/1.0.0/meta/import/output-bundle.json	census 2	enumeration.tsv.gz
items-oneof-element	document	apis/openapi/just-eat.co.uk/main/1.0.0/meta/import/output-entry.json	census 2	enumeration.tsv.gz
items-oneof-element	document	apis/openapi/just-eat.co.uk/main/1.0.0/openapi.json	census 2	enumeration.tsv.gz
items-oneof-element	document	apis/openapi/klaviyo.com/main/2025-04-15/meta/import/input-bundled.json	census 35	enumeration.tsv.gz
items-oneof-element	document	apis/openapi/klaviyo.com/main/2025-04-15/meta/import/input-entry.json	census 35	enumeration.tsv.gz
items-oneof-element	document	apis/openapi/klaviyo.com/main/2025-04-15/meta/import/output-bundled.json	census 35	enumeration.tsv.gz
items-oneof-element	document	apis/openapi/klaviyo.com/main/2025-04-15/meta/import/output-entry.json	census 35	enumeration.tsv.gz
items-oneof-element	document	apis/openapi/klaviyo.com/main/2025-04-15/openapi.json	census 35	enumeration.tsv.gz
items-oneof-element	document	apis/openapi/letsdeel.com/main/1.25.0/meta/import/input-bundle.json	census 1	enumeration.tsv.gz
items-oneof-element	document	apis/openapi/letsdeel.com/main/1.25.0/meta/import/input-entry.json	census 1	enumeration.tsv.gz
items-oneof-element	document	apis/openapi/letsdeel.com/main/1.25.0/meta/import/output-bundle.json	census 1	enumeration.tsv.gz
items-oneof-element	document	apis/openapi/letsdeel.com/main/1.25.0/meta/import/output-entry.json	census 1	enumeration.tsv.gz
items-oneof-element	document	apis/openapi/letsdeel.com/main/1.25.0/openapi.json	census 1	enumeration.tsv.gz
items-oneof-element	document	apis/openapi/linode.com/linode-api/4.215.0/meta/import/input-bundle.json	census 6	enumeration.tsv.gz
items-oneof-element	document	apis/openapi/linode.com/linode-api/4.215.0/meta/import/input-entry.json	census 6	enumeration.tsv.gz
items-oneof-element	document	apis/openapi/linode.com/linode-api/4.215.0/meta/import/output-bundle.json	census 6	enumeration.tsv.gz
items-oneof-element	document	apis/openapi/linode.com/linode-api/4.215.0/meta/import/output-entry.json	census 6	enumeration.tsv.gz
items-oneof-element	document	apis/openapi/linode.com/linode-api/4.215.0/openapi.json	census 6	enumeration.tsv.gz
items-oneof-element	document	apis/openapi/listennotes.com/main/2.0/meta/import/input-bundled.json	census 1	enumeration.tsv.gz
items-oneof-element	document	apis/openapi/listennotes.com/main/2.0/meta/import/input-entry.json	census 1	enumeration.tsv.gz
items-oneof-element	document	apis/openapi/listennotes.com/main/2.0/meta/import/output-bundled.json	census 1	enumeration.tsv.gz
items-oneof-element	document	apis/openapi/listennotes.com/main/2.0/meta/import/output-entry.json	census 1	enumeration.tsv.gz
items-oneof-element	document	apis/openapi/listennotes.com/main/2.0/openapi.json	census 1	enumeration.tsv.gz
items-oneof-element	document	apis/openapi/logisticsosapi.com/main/3.0/meta/import/input-bundle.json	census 1	enumeration.tsv.gz
items-oneof-element	document	apis/openapi/logisticsosapi.com/main/3.0/meta/import/input-entry.json	census 1	enumeration.tsv.gz
items-oneof-element	document	apis/openapi/logisticsosapi.com/main/3.0/meta/import/output-bundle.json	census 1	enumeration.tsv.gz
items-oneof-element	document	apis/openapi/logisticsosapi.com/main/3.0/meta/import/output-entry.json	census 1	enumeration.tsv.gz
items-oneof-element	document	apis/openapi/logisticsosapi.com/main/3.0/openapi.json	census 1	enumeration.tsv.gz
items-oneof-element	document	apis/openapi/lula.com/gail-api/v1/meta/import/input-bundle.json	census 11	enumeration.tsv.gz
items-oneof-element	document	apis/openapi/lula.com/gail-api/v1/meta/import/input-entry.json	census 11	enumeration.tsv.gz
items-oneof-element	document	apis/openapi/lula.com/gail-api/v1/meta/import/output-bundle.json	census 11	enumeration.tsv.gz
items-oneof-element	document	apis/openapi/lula.com/gail-api/v1/meta/import/output-entry.json	census 11	enumeration.tsv.gz
items-oneof-element	document	apis/openapi/lula.com/gail-api/v1/openapi.json	census 11	enumeration.tsv.gz
items-oneof-element	document	apis/openapi/maif.local/otoroshi/1.5.0-dev/meta/import/input-bundled.json	census 1	enumeration.tsv.gz
items-oneof-element	document	apis/openapi/maif.local/otoroshi/1.5.0-dev/meta/import/input-entry.json	census 1	enumeration.tsv.gz
items-oneof-element	document	apis/openapi/maif.local/otoroshi/1.5.0-dev/meta/import/output-bundled.json	census 1	enumeration.tsv.gz
items-oneof-element	document	apis/openapi/maif.local/otoroshi/1.5.0-dev/meta/import/output-entry.json	census 1	enumeration.tsv.gz
items-oneof-element	document	apis/openapi/maif.local/otoroshi/1.5.0-dev/openapi.json	census 1	enumeration.tsv.gz
items-oneof-element	document	apis/openapi/mailchimp.com/main/3.0.55/meta/import/input-bundled.json	census 50	enumeration.tsv.gz
items-oneof-element	document	apis/openapi/mailchimp.com/main/3.0.55/meta/import/input-entry.json	census 50	enumeration.tsv.gz
items-oneof-element	document	apis/openapi/mailchimp.com/main/3.0.55/meta/import/output-bundled.json	census 50	enumeration.tsv.gz
items-oneof-element	document	apis/openapi/mailchimp.com/main/3.0.55/meta/import/output-entry.json	census 50	enumeration.tsv.gz
items-oneof-element	document	apis/openapi/mailchimp.com/main/3.0.55/openapi.json	census 50	enumeration.tsv.gz
items-oneof-element	document	apis/openapi/mailinabox.email/main/0.51.0/meta/import/input-bundle.json	census 2	enumeration.tsv.gz
items-oneof-element	document	apis/openapi/mailinabox.email/main/0.51.0/meta/import/input-entry.json	census 2	enumeration.tsv.gz
items-oneof-element	document	apis/openapi/mailinabox.email/main/0.51.0/meta/import/output-bundle.json	census 2	enumeration.tsv.gz
items-oneof-element	document	apis/openapi/mailinabox.email/main/0.51.0/meta/import/output-entry.json	census 2	enumeration.tsv.gz
items-oneof-element	document	apis/openapi/mailinabox.email/main/0.51.0/openapi.json	census 2	enumeration.tsv.gz
items-oneof-element	document	apis/openapi/manus.im/main/1.0.0/meta/import/input-bundle.json	census 1	enumeration.tsv.gz
items-oneof-element	document	apis/openapi/manus.im/main/1.0.0/meta/import/input-entry.json	census 1	enumeration.tsv.gz
items-oneof-element	document	apis/openapi/manus.im/main/1.0.0/meta/import/output-bundle.json	census 1	enumeration.tsv.gz
items-oneof-element	document	apis/openapi/manus.im/main/1.0.0/meta/import/output-entry.json	census 1	enumeration.tsv.gz
items-oneof-element	document	apis/openapi/manus.im/main/1.0.0/openapi.json	census 1	enumeration.tsv.gz
items-oneof-element	document	apis/openapi/melod.ie/main/1.0.0/meta/import/input-bundle.json	census 13	enumeration.tsv.gz
items-oneof-element	document	apis/openapi/melod.ie/main/1.0.0/meta/import/input-entry.json	census 13	enumeration.tsv.gz
items-oneof-element	document	apis/openapi/melod.ie/main/1.0.0/meta/import/output-bundle.json	census 13	enumeration.tsv.gz
items-oneof-element	document	apis/openapi/melod.ie/main/1.0.0/meta/import/output-entry.json	census 13	enumeration.tsv.gz
items-oneof-element	document	apis/openapi/melod.ie/main/1.0.0/openapi.json	census 13	enumeration.tsv.gz
items-oneof-element	document	apis/openapi/metronome.com/main/1.0.0/meta/import/input-bundle.json	census 1	enumeration.tsv.gz
items-oneof-element	document	apis/openapi/metronome.com/main/1.0.0/meta/import/input-entry.json	census 1	enumeration.tsv.gz
items-oneof-element	document	apis/openapi/metronome.com/main/1.0.0/meta/import/output-bundle.json	census 1	enumeration.tsv.gz
items-oneof-element	document	apis/openapi/metronome.com/main/1.0.0/meta/import/output-entry.json	census 1	enumeration.tsv.gz
items-oneof-element	document	apis/openapi/metronome.com/main/1.0.0/openapi.json	census 1	enumeration.tsv.gz
items-oneof-element	document	apis/openapi/mindee.com/main/0.1.0/meta/import/input-bundle.json	census 1	enumeration.tsv.gz
items-oneof-element	document	apis/openapi/mindee.com/main/0.1.0/meta/import/input-entry.json	census 1	enumeration.tsv.gz
items-oneof-element	document	apis/openapi/mindee.com/main/0.1.0/meta/import/output-bundle.json	census 1	enumeration.tsv.gz
items-oneof-element	document	apis/openapi/mindee.com/main/0.1.0/meta/import/output-entry.json	census 1	enumeration.tsv.gz
items-oneof-element	document	apis/openapi/mindee.com/main/0.1.0/openapi.json	census 1	enumeration.tsv.gz
items-oneof-element	document	apis/openapi/misp-project.org/main/2.5/meta/import/input-bundle.json	census 1	enumeration.tsv.gz
items-oneof-element	document	apis/openapi/misp-project.org/main/2.5/meta/import/input-entry.json	census 1	enumeration.tsv.gz
items-oneof-element	document	apis/openapi/misp-project.org/main/2.5/meta/import/output-bundle.json	census 1	enumeration.tsv.gz
items-oneof-element	document	apis/openapi/misp-project.org/main/2.5/meta/import/output-entry.json	census 1	enumeration.tsv.gz
items-oneof-element	document	apis/openapi/misp-project.org/main/2.5/openapi.json	census 1	enumeration.tsv.gz
items-oneof-element	document	apis/openapi/mistral.ai/main/1.0.0/meta/import/input-bundle.json	census 20	enumeration.tsv.gz
items-oneof-element	document	apis/openapi/mistral.ai/main/1.0.0/meta/import/input-entry.json	census 20	enumeration.tsv.gz
items-oneof-element	document	apis/openapi/mistral.ai/main/1.0.0/meta/import/output-bundle.json	census 20	enumeration.tsv.gz
items-oneof-element	document	apis/openapi/mistral.ai/main/1.0.0/meta/import/output-entry.json	census 20	enumeration.tsv.gz
items-oneof-element	document	apis/openapi/mistral.ai/main/1.0.0/openapi.json	census 20	enumeration.tsv.gz
items-oneof-element	document	apis/openapi/mixcloud.com/main/1.0.0/meta/import/input-bundle.json	census 1	enumeration.tsv.gz
items-oneof-element	document	apis/openapi/mixcloud.com/main/1.0.0/meta/import/input-entry.json	census 1	enumeration.tsv.gz
items-oneof-element	document	apis/openapi/mixcloud.com/main/1.0.0/meta/import/output-bundle.json	census 1	enumeration.tsv.gz
items-oneof-element	document	apis/openapi/mixcloud.com/main/1.0.0/meta/import/output-entry.json	census 1	enumeration.tsv.gz
items-oneof-element	document	apis/openapi/mixcloud.com/main/1.0.0/openapi.json	census 1	enumeration.tsv.gz
items-oneof-element	document	apis/openapi/mongodb.com/main/2.0/meta/import/input-bundle.json	census 1	enumeration.tsv.gz
items-oneof-element	document	apis/openapi/mongodb.com/main/2.0/meta/import/input-entry.json	census 1	enumeration.tsv.gz
items-oneof-element	document	apis/openapi/mongodb.com/main/2.0/meta/import/output-bundle.json	census 1	enumeration.tsv.gz
items-oneof-element	document	apis/openapi/mongodb.com/main/2.0/meta/import/output-entry.json	census 1	enumeration.tsv.gz
items-oneof-element	document	apis/openapi/mongodb.com/main/2.0/openapi.json	census 1	enumeration.tsv.gz
items-oneof-element	document	apis/openapi/monto.ai/main/v1/meta/import/input-bundle.json	census 1	enumeration.tsv.gz
items-oneof-element	document	apis/openapi/monto.ai/main/v1/meta/import/input-entry.json	census 1	enumeration.tsv.gz
items-oneof-element	document	apis/openapi/monto.ai/main/v1/meta/import/output-bundle.json	census 1	enumeration.tsv.gz
items-oneof-element	document	apis/openapi/monto.ai/main/v1/meta/import/output-entry.json	census 1	enumeration.tsv.gz
items-oneof-element	document	apis/openapi/monto.ai/main/v1/openapi.json	census 1	enumeration.tsv.gz
items-oneof-element	document	apis/openapi/mural.co/main/1.0.0/meta/import/input-bundle.json	census 3	enumeration.tsv.gz
items-oneof-element	document	apis/openapi/mural.co/main/1.0.0/meta/import/input-entry.json	census 3	enumeration.tsv.gz
items-oneof-element	document	apis/openapi/mural.co/main/1.0.0/meta/import/output-bundle.json	census 3	enumeration.tsv.gz
items-oneof-element	document	apis/openapi/mural.co/main/1.0.0/meta/import/output-entry.json	census 3	enumeration.tsv.gz
items-oneof-element	document	apis/openapi/mural.co/main/1.0.0/openapi.json	census 3	enumeration.tsv.gz
items-oneof-element	document	apis/openapi/netlas.io/main/v1/meta/import/input-bundle.json	census 1	enumeration.tsv.gz
items-oneof-element	document	apis/openapi/netlas.io/main/v1/meta/import/input-entry.json	census 1	enumeration.tsv.gz
items-oneof-element	document	apis/openapi/netlas.io/main/v1/meta/import/output-bundle.json	census 1	enumeration.tsv.gz
items-oneof-element	document	apis/openapi/netlas.io/main/v1/meta/import/output-entry.json	census 1	enumeration.tsv.gz
items-oneof-element	document	apis/openapi/netlas.io/main/v1/openapi.json	census 1	enumeration.tsv.gz
items-oneof-element	document	apis/openapi/nexmo.com/dispatch-api/0.3.4/meta/import/input-bundle.json	census 1	enumeration.tsv.gz
items-oneof-element	document	apis/openapi/nexmo.com/dispatch-api/0.3.4/meta/import/input-entry.json	census 1	enumeration.tsv.gz
items-oneof-element	document	apis/openapi/nexmo.com/dispatch-api/0.3.4/meta/import/output-bundle.json	census 1	enumeration.tsv.gz
items-oneof-element	document	apis/openapi/nexmo.com/dispatch-api/0.3.4/meta/import/output-entry.json	census 1	enumeration.tsv.gz
items-oneof-element	document	apis/openapi/nexmo.com/dispatch-api/0.3.4/openapi.json	census 1	enumeration.tsv.gz
items-oneof-element	document	apis/openapi/nexmo.com/dispatch/0.3.4/meta/import/input-bundle.json	census 1	enumeration.tsv.gz
items-oneof-element	document	apis/openapi/nexmo.com/dispatch/0.3.4/meta/import/input-entry.json	census 1	enumeration.tsv.gz
items-oneof-element	document	apis/openapi/nexmo.com/dispatch/0.3.4/meta/import/output-bundle.json	census 1	enumeration.tsv.gz
items-oneof-element	document	apis/openapi/nexmo.com/dispatch/0.3.4/meta/import/output-entry.json	census 1	enumeration.tsv.gz
items-oneof-element	document	apis/openapi/nexmo.com/dispatch/0.3.4/openapi.json	census 1	enumeration.tsv.gz
items-oneof-element	document	apis/openapi/nexmo.com/voice-api/1.3.10/meta/import/input-bundle.json	census 1	enumeration.tsv.gz
items-oneof-element	document	apis/openapi/nexmo.com/voice-api/1.3.10/meta/import/input-entry.json	census 1	enumeration.tsv.gz
items-oneof-element	document	apis/openapi/nexmo.com/voice-api/1.3.10/meta/import/output-bundle.json	census 1	enumeration.tsv.gz
items-oneof-element	document	apis/openapi/nexmo.com/voice-api/1.3.10/meta/import/output-entry.json	census 1	enumeration.tsv.gz
items-oneof-element	document	apis/openapi/nexmo.com/voice-api/1.3.10/openapi.json	census 1	enumeration.tsv.gz
items-oneof-element	document	apis/openapi/nexmo.com/voice/1.3.10/meta/import/input-bundle.json	census 1	enumeration.tsv.gz
items-oneof-element	document	apis/openapi/nexmo.com/voice/1.3.10/meta/import/input-entry.json	census 1	enumeration.tsv.gz
items-oneof-element	document	apis/openapi/nexmo.com/voice/1.3.10/meta/import/output-bundle.json	census 1	enumeration.tsv.gz
items-oneof-element	document	apis/openapi/nexmo.com/voice/1.3.10/meta/import/output-entry.json	census 1	enumeration.tsv.gz
items-oneof-element	document	apis/openapi/nexmo.com/voice/1.3.10/openapi.json	census 1	enumeration.tsv.gz
items-oneof-element	document	apis/openapi/novu.co/novu-api/3.14.0/meta/import/input-bundle.json	census 8	enumeration.tsv.gz
items-oneof-element	document	apis/openapi/novu.co/novu-api/3.14.0/meta/import/input-entry.json	census 8	enumeration.tsv.gz
items-oneof-element	document	apis/openapi/novu.co/novu-api/3.14.0/meta/import/output-bundle.json	census 8	enumeration.tsv.gz
items-oneof-element	document	apis/openapi/novu.co/novu-api/3.14.0/meta/import/output-entry.json	census 8	enumeration.tsv.gz
items-oneof-element	document	apis/openapi/novu.co/novu-api/3.14.0/openapi.json	census 8	enumeration.tsv.gz
items-oneof-element	document	apis/openapi/okta.com/main/2026.03.0/meta/import/input-bundle.json	census 5	enumeration.tsv.gz
items-oneof-element	document	apis/openapi/okta.com/main/2026.03.0/meta/import/input-entry.json	census 5	enumeration.tsv.gz
items-oneof-element	document	apis/openapi/okta.com/main/2026.03.0/meta/import/output-bundle.json	census 5	enumeration.tsv.gz
items-oneof-element	document	apis/openapi/okta.com/main/2026.03.0/meta/import/output-entry.json	census 5	enumeration.tsv.gz
items-oneof-element	document	apis/openapi/okta.com/main/2026.03.0/openapi.json	census 5	enumeration.tsv.gz
items-oneof-element	document	apis/openapi/ometria.com/data-api/2.0/meta/import/input-bundle.json	census 1	enumeration.tsv.gz
items-oneof-element	document	apis/openapi/ometria.com/data-api/2.0/meta/import/input-entry.json	census 1	enumeration.tsv.gz
items-oneof-element	document	apis/openapi/ometria.com/data-api/2.0/meta/import/output-bundle.json	census 1	enumeration.tsv.gz
items-oneof-element	document	apis/openapi/ometria.com/data-api/2.0/meta/import/output-entry.json	census 1	enumeration.tsv.gz
items-oneof-element	document	apis/openapi/ometria.com/data-api/2.0/openapi.json	census 1	enumeration.tsv.gz
items-oneof-element	document	apis/openapi/onesignal.com/onesignal-api/11.6/meta/import/input-bundle.json	census 6	enumeration.tsv.gz
items-oneof-element	document	apis/openapi/onesignal.com/onesignal-api/11.6/meta/import/input-entry.json	census 6	enumeration.tsv.gz
items-oneof-element	document	apis/openapi/onesignal.com/onesignal-api/11.6/meta/import/output-bundle.json	census 6	enumeration.tsv.gz
items-oneof-element	document	apis/openapi/onesignal.com/onesignal-api/11.6/meta/import/output-entry.json	census 6	enumeration.tsv.gz
items-oneof-element	document	apis/openapi/onesignal.com/onesignal-api/11.6/openapi.json	census 6	enumeration.tsv.gz
items-oneof-element	document	apis/openapi/openai.com/main/2.3.0/meta/import/input-bundled.json	census 25	enumeration.tsv.gz
items-oneof-element	document	apis/openapi/openai.com/main/2.3.0/meta/import/input-entry.json	census 25	enumeration.tsv.gz
items-oneof-element	document	apis/openapi/openai.com/main/2.3.0/meta/import/output-bundled.json	census 25	enumeration.tsv.gz
items-oneof-element	document	apis/openapi/openai.com/main/2.3.0/meta/import/output-entry.json	census 25	enumeration.tsv.gz
items-oneof-element	document	apis/openapi/openai.com/main/2.3.0/openapi.json	census 25	enumeration.tsv.gz
items-oneof-element	document	apis/openapi/opendatasoft.com/main/v2.0/meta/import/input-bundled.json	census 1	enumeration.tsv.gz
items-oneof-element	document	apis/openapi/opendatasoft.com/main/v2.0/meta/import/input-entry.json	census 1	enumeration.tsv.gz
items-oneof-element	document	apis/openapi/opendatasoft.com/main/v2.0/meta/import/output-bundled.json	census 1	enumeration.tsv.gz
items-oneof-element	document	apis/openapi/opendatasoft.com/main/v2.0/meta/import/output-entry.json	census 1	enumeration.tsv.gz
items-oneof-element	document	apis/openapi/opendatasoft.com/main/v2.0/openapi.json	census 1	enumeration.tsv.gz
items-oneof-element	document	apis/openapi/opendota.com/main/31.1.0/meta/import/input-bundle.json	census 1	enumeration.tsv.gz
items-oneof-element	document	apis/openapi/opendota.com/main/31.1.0/meta/import/input-entry.json	census 1	enumeration.tsv.gz
items-oneof-element	document	apis/openapi/opendota.com/main/31.1.0/meta/import/output-bundle.json	census 1	enumeration.tsv.gz
items-oneof-element	document	apis/openapi/opendota.com/main/31.1.0/meta/import/output-entry.json	census 1	enumeration.tsv.gz
items-oneof-element	document	apis/openapi/opendota.com/main/31.1.0/openapi.json	census 1	enumeration.tsv.gz
items-oneof-element	document	apis/openapi/openrouter.ai/main/1.0.0/meta/import/input-bundle.json	census 28	enumeration.tsv.gz
items-oneof-element	document	apis/openapi/openrouter.ai/main/1.0.0/meta/import/input-entry.json	census 28	enumeration.tsv.gz
items-oneof-element	document	apis/openapi/openrouter.ai/main/1.0.0/meta/import/output-bundle.json	census 28	enumeration.tsv.gz
items-oneof-element	document	apis/openapi/openrouter.ai/main/1.0.0/meta/import/output-entry.json	census 28	enumeration.tsv.gz
items-oneof-element	document	apis/openapi/openrouter.ai/main/1.0.0/openapi.json	census 28	enumeration.tsv.gz
items-oneof-element	document	apis/openapi/pagerduty.com/pagerduty-api/2.0.0/meta/import/input-bundle.json	census 7	enumeration.tsv.gz
items-oneof-element	document	apis/openapi/pagerduty.com/pagerduty-api/2.0.0/meta/import/input-entry.json	census 7	enumeration.tsv.gz
items-oneof-element	document	apis/openapi/pagerduty.com/pagerduty-api/2.0.0/meta/import/output-bundle.json	census 7	enumeration.tsv.gz
items-oneof-element	document	apis/openapi/pagerduty.com/pagerduty-api/2.0.0/meta/import/output-entry.json	census 7	enumeration.tsv.gz
items-oneof-element	document	apis/openapi/pagerduty.com/pagerduty-api/2.0.0/openapi.json	census 7	enumeration.tsv.gz
items-oneof-element	document	apis/openapi/pandadoc.com/main/7.18.1/meta/import/input-bundle.json	census 1	enumeration.tsv.gz
items-oneof-element	document	apis/openapi/pandadoc.com/main/7.18.1/meta/import/input-entry.json	census 1	enumeration.tsv.gz
items-oneof-element	document	apis/openapi/pandadoc.com/main/7.18.1/meta/import/output-bundle.json	census 1	enumeration.tsv.gz
items-oneof-element	document	apis/openapi/pandadoc.com/main/7.18.1/meta/import/output-entry.json	census 1	enumeration.tsv.gz
items-oneof-element	document	apis/openapi/pandadoc.com/main/7.18.1/openapi.json	census 1	enumeration.tsv.gz
items-oneof-element	document	apis/openapi/pappers.fr/main/2.13.0/meta/import/input-bundle.json	census 1	enumeration.tsv.gz
items-oneof-element	document	apis/openapi/pappers.fr/main/2.13.0/meta/import/input-entry.json	census 1	enumeration.tsv.gz
items-oneof-element	document	apis/openapi/pappers.fr/main/2.13.0/meta/import/output-bundle.json	census 1	enumeration.tsv.gz
items-oneof-element	document	apis/openapi/pappers.fr/main/2.13.0/meta/import/output-entry.json	census 1	enumeration.tsv.gz
items-oneof-element	document	apis/openapi/pappers.fr/main/2.13.0/openapi.json	census 1	enumeration.tsv.gz
items-oneof-element	document	apis/openapi/passentry.com/main/v1/meta/import/input-bundle.json	census 9	enumeration.tsv.gz
items-oneof-element	document	apis/openapi/passentry.com/main/v1/meta/import/input-entry.json	census 9	enumeration.tsv.gz
items-oneof-element	document	apis/openapi/passentry.com/main/v1/meta/import/output-bundle.json	census 9	enumeration.tsv.gz
items-oneof-element	document	apis/openapi/passentry.com/main/v1/meta/import/output-entry.json	census 9	enumeration.tsv.gz
items-oneof-element	document	apis/openapi/passentry.com/main/v1/openapi.json	census 9	enumeration.tsv.gz
items-oneof-element	document	apis/openapi/penpot.app/main/2.14/meta/import/input-bundle.json	census 33	enumeration.tsv.gz
items-oneof-element	document	apis/openapi/penpot.app/main/2.14/meta/import/input-entry.json	census 33	enumeration.tsv.gz
items-oneof-element	document	apis/openapi/penpot.app/main/2.14/meta/import/output-bundle.json	census 33	enumeration.tsv.gz
items-oneof-element	document	apis/openapi/penpot.app/main/2.14/meta/import/output-entry.json	census 33	enumeration.tsv.gz
items-oneof-element	document	apis/openapi/penpot.app/main/2.14/openapi.json	census 33	enumeration.tsv.gz
items-oneof-element	document	apis/openapi/pexels.com/main/1.0.0/meta/import/input-bundle.json	census 1	enumeration.tsv.gz
items-oneof-element	document	apis/openapi/pexels.com/main/1.0.0/meta/import/input-entry.json	census 1	enumeration.tsv.gz
items-oneof-element	document	apis/openapi/pexels.com/main/1.0.0/meta/import/output-bundle.json	census 1	enumeration.tsv.gz
items-oneof-element	document	apis/openapi/pexels.com/main/1.0.0/meta/import/output-entry.json	census 1	enumeration.tsv.gz
items-oneof-element	document	apis/openapi/pexels.com/main/1.0.0/openapi.json	census 1	enumeration.tsv.gz
items-oneof-element	document	apis/openapi/pinterest.com/main/5.23.0/meta/import/input-bundle.json	census 5	enumeration.tsv.gz
items-oneof-element	document	apis/openapi/pinterest.com/main/5.23.0/meta/import/input-entry.json	census 5	enumeration.tsv.gz
items-oneof-element	document	apis/openapi/pinterest.com/main/5.23.0/meta/import/output-bundle.json	census 5	enumeration.tsv.gz
items-oneof-element	document	apis/openapi/pinterest.com/main/5.23.0/meta/import/output-entry.json	census 5	enumeration.tsv.gz
items-oneof-element	document	apis/openapi/pinterest.com/main/5.23.0/openapi.json	census 5	enumeration.tsv.gz
items-oneof-element	document	apis/openapi/platform.dealpath.com/main/1.3/meta/import/input-bundle.json	census 1	enumeration.tsv.gz
items-oneof-element	document	apis/openapi/platform.dealpath.com/main/1.3/meta/import/input-entry.json	census 1	enumeration.tsv.gz
items-oneof-element	document	apis/openapi/platform.dealpath.com/main/1.3/meta/import/output-bundle.json	census 1	enumeration.tsv.gz
items-oneof-element	document	apis/openapi/platform.dealpath.com/main/1.3/meta/import/output-entry.json	census 1	enumeration.tsv.gz
items-oneof-element	document	apis/openapi/platform.dealpath.com/main/1.3/openapi.json	census 1	enumeration.tsv.gz
items-oneof-element	document	apis/openapi/portfoliooptimizer.io/main/1.0.10/meta/import/input-bundled.json	census 5	enumeration.tsv.gz
items-oneof-element	document	apis/openapi/portfoliooptimizer.io/main/1.0.10/meta/import/input-entry.json	census 5	enumeration.tsv.gz
items-oneof-element	document	apis/openapi/portfoliooptimizer.io/main/1.0.10/meta/import/output-bundled.json	census 5	enumeration.tsv.gz
items-oneof-element	document	apis/openapi/portfoliooptimizer.io/main/1.0.10/meta/import/output-entry.json	census 5	enumeration.tsv.gz
items-oneof-element	document	apis/openapi/portfoliooptimizer.io/main/1.0.10/openapi.json	census 5	enumeration.tsv.gz
items-oneof-element	document	apis/openapi/precisely.se/precisely/1.0.0/meta/import/input-bundle.json	census 2	enumeration.tsv.gz
items-oneof-element	document	apis/openapi/precisely.se/precisely/1.0.0/meta/import/input-entry.json	census 2	enumeration.tsv.gz
items-oneof-element	document	apis/openapi/precisely.se/precisely/1.0.0/meta/import/output-bundle.json	census 2	enumeration.tsv.gz
items-oneof-element	document	apis/openapi/precisely.se/precisely/1.0.0/meta/import/output-entry.json	census 2	enumeration.tsv.gz
items-oneof-element	document	apis/openapi/precisely.se/precisely/1.0.0/openapi.json	census 2	enumeration.tsv.gz
items-oneof-element	document	apis/openapi/presenton.ai/main/3.0.0/meta/import/input-bundle.json	census 1	enumeration.tsv.gz
items-oneof-element	document	apis/openapi/presenton.ai/main/3.0.0/meta/import/input-entry.json	census 1	enumeration.tsv.gz
items-oneof-element	document	apis/openapi/presenton.ai/main/3.0.0/meta/import/output-bundle.json	census 1	enumeration.tsv.gz
items-oneof-element	document	apis/openapi/presenton.ai/main/3.0.0/meta/import/output-entry.json	census 1	enumeration.tsv.gz
items-oneof-element	document	apis/openapi/presenton.ai/main/3.0.0/openapi.json	census 1	enumeration.tsv.gz
items-oneof-element	document	apis/openapi/probely.com/main/1.2.0/meta/import/input-bundled.json	census 1	enumeration.tsv.gz
items-oneof-element	document	apis/openapi/probely.com/main/1.2.0/meta/import/input-entry.json	census 1	enumeration.tsv.gz
items-oneof-element	document	apis/openapi/probely.com/main/1.2.0/meta/import/output-bundled.json	census 1	enumeration.tsv.gz
items-oneof-element	document	apis/openapi/probely.com/main/1.2.0/meta/import/output-entry.json	census 1	enumeration.tsv.gz
items-oneof-element	document	apis/openapi/probely.com/main/1.2.0/openapi.json	census 1	enumeration.tsv.gz
items-oneof-element	document	apis/openapi/pubnub.com/main/1.0.0/meta/import/input-bundle.json	census 1	enumeration.tsv.gz
items-oneof-element	document	apis/openapi/pubnub.com/main/1.0.0/meta/import/input-entry.json	census 1	enumeration.tsv.gz
items-oneof-element	document	apis/openapi/pubnub.com/main/1.0.0/meta/import/output-bundle.json	census 1	enumeration.tsv.gz
items-oneof-element	document	apis/openapi/pubnub.com/main/1.0.0/meta/import/output-entry.json	census 1	enumeration.tsv.gz
items-oneof-element	document	apis/openapi/pubnub.com/main/1.0.0/openapi.json	census 1	enumeration.tsv.gz
items-oneof-element	document	apis/openapi/qigu.app/main/1.0.0/meta/import/input-bundle.json	census 2	enumeration.tsv.gz
items-oneof-element	document	apis/openapi/qigu.app/main/1.0.0/meta/import/input-entry.json	census 2	enumeration.tsv.gz
items-oneof-element	document	apis/openapi/qigu.app/main/1.0.0/meta/import/output-bundle.json	census 2	enumeration.tsv.gz
items-oneof-element	document	apis/openapi/qigu.app/main/1.0.0/meta/import/output-entry.json	census 2	enumeration.tsv.gz
items-oneof-element	document	apis/openapi/qigu.app/main/1.0.0/openapi.json	census 2	enumeration.tsv.gz
items-oneof-element	document	apis/openapi/quickbase.com/main/1.0.0/meta/import/input-bundle.json	census 6	enumeration.tsv.gz
items-oneof-element	document	apis/openapi/quickbase.com/main/1.0.0/meta/import/input-entry.json	census 6	enumeration.tsv.gz
items-oneof-element	document	apis/openapi/quickbase.com/main/1.0.0/meta/import/output-bundle.json	census 6	enumeration.tsv.gz
items-oneof-element	document	apis/openapi/quickbase.com/main/1.0.0/meta/import/output-entry.json	census 6	enumeration.tsv.gz
items-oneof-element	document	apis/openapi/quickbase.com/main/1.0.0/openapi.json	census 6	enumeration.tsv.gz
items-oneof-element	document	apis/openapi/raia2.com/raia-api/1.0.0/meta/import/input-bundle.json	census 2	enumeration.tsv.gz
items-oneof-element	document	apis/openapi/raia2.com/raia-api/1.0.0/meta/import/input-entry.json	census 2	enumeration.tsv.gz
items-oneof-element	document	apis/openapi/raia2.com/raia-api/1.0.0/meta/import/output-bundle.json	census 2	enumeration.tsv.gz
items-oneof-element	document	apis/openapi/raia2.com/raia-api/1.0.0/meta/import/output-entry.json	census 2	enumeration.tsv.gz
items-oneof-element	document	apis/openapi/raia2.com/raia-api/1.0.0/openapi.json	census 2	enumeration.tsv.gz
items-oneof-element	document	apis/openapi/rebilly.com/main/2.1/meta/import/input-bundle.json	census 1	enumeration.tsv.gz
items-oneof-element	document	apis/openapi/rebilly.com/main/2.1/meta/import/input-entry.json	census 1	enumeration.tsv.gz
items-oneof-element	document	apis/openapi/rebilly.com/main/2.1/meta/import/output-bundle.json	census 1	enumeration.tsv.gz
items-oneof-element	document	apis/openapi/rebilly.com/main/2.1/meta/import/output-entry.json	census 1	enumeration.tsv.gz
items-oneof-element	document	apis/openapi/rebilly.com/main/2.1/openapi.json	census 1	enumeration.tsv.gz
items-oneof-element	document	apis/openapi/rebilly.com/rebilly-rest-api/2.1/meta/import/input-bundle.json	census 1	enumeration.tsv.gz
items-oneof-element	document	apis/openapi/rebilly.com/rebilly-rest-api/2.1/meta/import/input-entry.json	census 1	enumeration.tsv.gz
items-oneof-element	document	apis/openapi/rebilly.com/rebilly-rest-api/2.1/meta/import/output-bundle.json	census 1	enumeration.tsv.gz
items-oneof-element	document	apis/openapi/rebilly.com/rebilly-rest-api/2.1/meta/import/output-entry.json	census 1	enumeration.tsv.gz
items-oneof-element	document	apis/openapi/rebilly.com/rebilly-rest-api/2.1/openapi.json	census 1	enumeration.tsv.gz
items-oneof-element	document	apis/openapi/recruitis.io/main/1.14.1/meta/import/input-bundle.json	census 1	enumeration.tsv.gz
items-oneof-element	document	apis/openapi/recruitis.io/main/1.14.1/meta/import/input-entry.json	census 1	enumeration.tsv.gz
items-oneof-element	document	apis/openapi/recruitis.io/main/1.14.1/meta/import/output-bundle.json	census 1	enumeration.tsv.gz
items-oneof-element	document	apis/openapi/recruitis.io/main/1.14.1/meta/import/output-entry.json	census 1	enumeration.tsv.gz
items-oneof-element	document	apis/openapi/recruitis.io/main/1.14.1/openapi.json	census 1	enumeration.tsv.gz
items-oneof-element	document	apis/openapi/rillet.com/main/v3.0/meta/import/input-bundle.json	census 1	enumeration.tsv.gz
items-oneof-element	document	apis/openapi/rillet.com/main/v3.0/meta/import/input-entry.json	census 1	enumeration.tsv.gz
items-oneof-element	document	apis/openapi/rillet.com/main/v3.0/meta/import/output-bundle.json	census 1	enumeration.tsv.gz
items-oneof-element	document	apis/openapi/rillet.com/main/v3.0/meta/import/output-entry.json	census 1	enumeration.tsv.gz
items-oneof-element	document	apis/openapi/rillet.com/main/v3.0/openapi.json	census 1	enumeration.tsv.gz
items-oneof-element	document	apis/openapi/ringcentral.com/main/1.0.58-20240529-47eda8bd/meta/import/input-bundle.json	census 1	enumeration.tsv.gz
items-oneof-element	document	apis/openapi/ringcentral.com/main/1.0.58-20240529-47eda8bd/meta/import/input-entry.json	census 1	enumeration.tsv.gz
items-oneof-element	document	apis/openapi/ringcentral.com/main/1.0.58-20240529-47eda8bd/meta/import/output-bundle.json	census 1	enumeration.tsv.gz
items-oneof-element	document	apis/openapi/ringcentral.com/main/1.0.58-20240529-47eda8bd/meta/import/output-entry.json	census 1	enumeration.tsv.gz
items-oneof-element	document	apis/openapi/ringcentral.com/main/1.0.58-20240529-47eda8bd/openapi.json	census 1	enumeration.tsv.gz
items-oneof-element	document	apis/openapi/rivery.io/rivery/1.0.0/meta/import/input-bundle.json	census 29	enumeration.tsv.gz
items-oneof-element	document	apis/openapi/rivery.io/rivery/1.0.0/meta/import/input-entry.json	census 29	enumeration.tsv.gz
items-oneof-element	document	apis/openapi/rivery.io/rivery/1.0.0/meta/import/output-bundle.json	census 29	enumeration.tsv.gz
items-oneof-element	document	apis/openapi/rivery.io/rivery/1.0.0/meta/import/output-entry.json	census 29	enumeration.tsv.gz
items-oneof-element	document	apis/openapi/rivery.io/rivery/1.0.0/openapi.json	census 29	enumeration.tsv.gz
items-oneof-element	document	apis/openapi/rudder.example.local/main/20/meta/import/input-bundled.json	census 2	enumeration.tsv.gz
items-oneof-element	document	apis/openapi/rudder.example.local/main/20/meta/import/input-entry.json	census 2	enumeration.tsv.gz
items-oneof-element	document	apis/openapi/rudder.example.local/main/20/meta/import/output-bundled.json	census 2	enumeration.tsv.gz
items-oneof-element	document	apis/openapi/rudder.example.local/main/20/meta/import/output-entry.json	census 2	enumeration.tsv.gz
items-oneof-element	document	apis/openapi/rudder.example.local/main/20/openapi.json	census 2	enumeration.tsv.gz
items-oneof-element	document	apis/openapi/runzero.com/main/4.0.250606.0/meta/import/input-bundled.json	census 7	enumeration.tsv.gz
items-oneof-element	document	apis/openapi/runzero.com/main/4.0.250606.0/meta/import/input-entry.json	census 7	enumeration.tsv.gz
items-oneof-element	document	apis/openapi/runzero.com/main/4.0.250606.0/meta/import/output-bundled.json	census 7	enumeration.tsv.gz
items-oneof-element	document	apis/openapi/runzero.com/main/4.0.250606.0/meta/import/output-entry.json	census 7	enumeration.tsv.gz
items-oneof-element	document	apis/openapi/runzero.com/main/4.0.250606.0/openapi.json	census 7	enumeration.tsv.gz
items-oneof-element	document	apis/openapi/sales.app.redkik.com/main/2.0.0/meta/import/input-bundle.json	census 5	enumeration.tsv.gz
items-oneof-element	document	apis/openapi/sales.app.redkik.com/main/2.0.0/meta/import/input-entry.json	census 5	enumeration.tsv.gz
items-oneof-element	document	apis/openapi/sales.app.redkik.com/main/2.0.0/meta/import/output-bundle.json	census 5	enumeration.tsv.gz
items-oneof-element	document	apis/openapi/sales.app.redkik.com/main/2.0.0/meta/import/output-entry.json	census 5	enumeration.tsv.gz
items-oneof-element	document	apis/openapi/sales.app.redkik.com/main/2.0.0/openapi.json	census 5	enumeration.tsv.gz
items-oneof-element	document	apis/openapi/sandbox.belvo.com/belvo/1.106.0/meta/import/input-bundle.json	census 21	enumeration.tsv.gz
items-oneof-element	document	apis/openapi/sandbox.belvo.com/belvo/1.106.0/meta/import/input-entry.json	census 21	enumeration.tsv.gz
items-oneof-element	document	apis/openapi/sandbox.belvo.com/belvo/1.106.0/meta/import/output-bundle.json	census 21	enumeration.tsv.gz
items-oneof-element	document	apis/openapi/sandbox.belvo.com/belvo/1.106.0/meta/import/output-entry.json	census 21	enumeration.tsv.gz
items-oneof-element	document	apis/openapi/sandbox.belvo.com/belvo/1.106.0/openapi.json	census 21	enumeration.tsv.gz
items-oneof-element	document	apis/openapi/sandbox.linkcy.cloud/linkcy/1.78.0/meta/import/input-bundle.json	census 2	enumeration.tsv.gz
items-oneof-element	document	apis/openapi/sandbox.linkcy.cloud/linkcy/1.78.0/meta/import/input-entry.json	census 2	enumeration.tsv.gz
items-oneof-element	document	apis/openapi/sandbox.linkcy.cloud/linkcy/1.78.0/meta/import/output-bundle.json	census 2	enumeration.tsv.gz
items-oneof-element	document	apis/openapi/sandbox.linkcy.cloud/linkcy/1.78.0/meta/import/output-entry.json	census 2	enumeration.tsv.gz
items-oneof-element	document	apis/openapi/sandbox.linkcy.cloud/linkcy/1.78.0/openapi.json	census 2	enumeration.tsv.gz
items-oneof-element	document	apis/openapi/sellsy.com/main/2.128.0/meta/import/input-bundle.json	census 22	enumeration.tsv.gz
items-oneof-element	document	apis/openapi/sellsy.com/main/2.128.0/meta/import/input-entry.json	census 22	enumeration.tsv.gz
items-oneof-element	document	apis/openapi/sellsy.com/main/2.128.0/meta/import/output-bundle.json	census 22	enumeration.tsv.gz
items-oneof-element	document	apis/openapi/sellsy.com/main/2.128.0/meta/import/output-entry.json	census 22	enumeration.tsv.gz
items-oneof-element	document	apis/openapi/sellsy.com/main/2.128.0/openapi.json	census 22	enumeration.tsv.gz
items-oneof-element	document	apis/openapi/shadowserver.org/main/1.0.0/meta/import/input-bundle.json	census 1	enumeration.tsv.gz
items-oneof-element	document	apis/openapi/shadowserver.org/main/1.0.0/meta/import/input-entry.json	census 1	enumeration.tsv.gz
items-oneof-element	document	apis/openapi/shadowserver.org/main/1.0.0/meta/import/output-bundle.json	census 1	enumeration.tsv.gz
items-oneof-element	document	apis/openapi/shadowserver.org/main/1.0.0/meta/import/output-entry.json	census 1	enumeration.tsv.gz
items-oneof-element	document	apis/openapi/shadowserver.org/main/1.0.0/openapi.json	census 1	enumeration.tsv.gz
items-oneof-element	document	apis/openapi/signl4.com/main/1/meta/import/input-bundled.json	census 1	enumeration.tsv.gz
items-oneof-element	document	apis/openapi/signl4.com/main/1/meta/import/input-entry.json	census 1	enumeration.tsv.gz
items-oneof-element	document	apis/openapi/signl4.com/main/1/meta/import/output-bundled.json	census 1	enumeration.tsv.gz
items-oneof-element	document	apis/openapi/signl4.com/main/1/meta/import/output-entry.json	census 1	enumeration.tsv.gz
items-oneof-element	document	apis/openapi/signl4.com/main/1/openapi.json	census 1	enumeration.tsv.gz
items-oneof-element	document	apis/openapi/signwell.com/signwell/1/meta/import/input-bundle.json	census 5	enumeration.tsv.gz
items-oneof-element	document	apis/openapi/signwell.com/signwell/1/meta/import/input-entry.json	census 5	enumeration.tsv.gz
items-oneof-element	document	apis/openapi/signwell.com/signwell/1/meta/import/output-bundle.json	census 5	enumeration.tsv.gz
items-oneof-element	document	apis/openapi/signwell.com/signwell/1/meta/import/output-entry.json	census 5	enumeration.tsv.gz
items-oneof-element	document	apis/openapi/signwell.com/signwell/1/openapi.json	census 5	enumeration.tsv.gz
items-oneof-element	document	apis/openapi/smartrecruiters.com/smartrecruiters/201911.1/meta/import/input-bundle.json	census 2	enumeration.tsv.gz
items-oneof-element	document	apis/openapi/smartrecruiters.com/smartrecruiters/201911.1/meta/import/input-entry.json	census 2	enumeration.tsv.gz
items-oneof-element	document	apis/openapi/smartrecruiters.com/smartrecruiters/201911.1/meta/import/output-bundle.json	census 2	enumeration.tsv.gz
items-oneof-element	document	apis/openapi/smartrecruiters.com/smartrecruiters/201911.1/meta/import/output-entry.json	census 2	enumeration.tsv.gz
items-oneof-element	document	apis/openapi/smartrecruiters.com/smartrecruiters/201911.1/openapi.json	census 2	enumeration.tsv.gz
items-oneof-element	document	apis/openapi/smartsheet.com/main/2.0.0/meta/import/input-bundle.json	census 1	enumeration.tsv.gz
items-oneof-element	document	apis/openapi/smartsheet.com/main/2.0.0/meta/import/input-entry.json	census 1	enumeration.tsv.gz
items-oneof-element	document	apis/openapi/smartsheet.com/main/2.0.0/meta/import/output-bundle.json	census 1	enumeration.tsv.gz
items-oneof-element	document	apis/openapi/smartsheet.com/main/2.0.0/meta/import/output-entry.json	census 1	enumeration.tsv.gz
items-oneof-element	document	apis/openapi/smartsheet.com/main/2.0.0/openapi.json	census 1	enumeration.tsv.gz
items-oneof-element	document	apis/openapi/smith.langchain.com/langsmith-api/0.1.0/meta/import/input-bundle.json	census 2	enumeration.tsv.gz
items-oneof-element	document	apis/openapi/smith.langchain.com/langsmith-api/0.1.0/meta/import/input-entry.json	census 2	enumeration.tsv.gz
items-oneof-element	document	apis/openapi/smith.langchain.com/langsmith-api/0.1.0/meta/import/output-bundle.json	census 2	enumeration.tsv.gz
items-oneof-element	document	apis/openapi/smith.langchain.com/langsmith-api/0.1.0/meta/import/output-entry.json	census 2	enumeration.tsv.gz
items-oneof-element	document	apis/openapi/smith.langchain.com/langsmith-api/0.1.0/openapi.json	census 2	enumeration.tsv.gz
items-oneof-element	document	apis/openapi/snitcher.com/main/1.0.0/meta/import/input-bundle.json	census 1	enumeration.tsv.gz
items-oneof-element	document	apis/openapi/snitcher.com/main/1.0.0/meta/import/input-entry.json	census 1	enumeration.tsv.gz
items-oneof-element	document	apis/openapi/snitcher.com/main/1.0.0/meta/import/output-bundle.json	census 1	enumeration.tsv.gz
items-oneof-element	document	apis/openapi/snitcher.com/main/1.0.0/meta/import/output-entry.json	census 1	enumeration.tsv.gz
items-oneof-element	document	apis/openapi/snitcher.com/main/1.0.0/openapi.json	census 1	enumeration.tsv.gz
items-oneof-element	document	apis/openapi/snyk.io/main/1.0.0/meta/import/input-bundle.json	census 2	enumeration.tsv.gz
items-oneof-element	document	apis/openapi/snyk.io/main/1.0.0/meta/import/input-entry.json	census 2	enumeration.tsv.gz
items-oneof-element	document	apis/openapi/snyk.io/main/1.0.0/meta/import/output-bundle.json	census 2	enumeration.tsv.gz
items-oneof-element	document	apis/openapi/snyk.io/main/1.0.0/meta/import/output-entry.json	census 2	enumeration.tsv.gz
items-oneof-element	document	apis/openapi/snyk.io/main/1.0.0/openapi.json	census 2	enumeration.tsv.gz
items-oneof-element	document	apis/openapi/snyk.io/snyk-api/1.0.0/meta/import/input-bundle.json	census 2	enumeration.tsv.gz
items-oneof-element	document	apis/openapi/snyk.io/snyk-api/1.0.0/meta/import/input-entry.json	census 2	enumeration.tsv.gz
items-oneof-element	document	apis/openapi/snyk.io/snyk-api/1.0.0/meta/import/output-bundle.json	census 2	enumeration.tsv.gz
items-oneof-element	document	apis/openapi/snyk.io/snyk-api/1.0.0/meta/import/output-entry.json	census 2	enumeration.tsv.gz
items-oneof-element	document	apis/openapi/snyk.io/snyk-api/1.0.0/openapi.json	census 2	enumeration.tsv.gz
items-oneof-element	document	apis/openapi/spikeapi.com/spike-health-data/3.0.2/meta/import/input-bundle.json	census 303	enumeration.tsv.gz
items-oneof-element	document	apis/openapi/spikeapi.com/spike-health-data/3.0.2/meta/import/input-entry.json	census 303	enumeration.tsv.gz
items-oneof-element	document	apis/openapi/spikeapi.com/spike-health-data/3.0.2/meta/import/output-bundle.json	census 303	enumeration.tsv.gz
items-oneof-element	document	apis/openapi/spikeapi.com/spike-health-data/3.0.2/meta/import/output-entry.json	census 303	enumeration.tsv.gz
items-oneof-element	document	apis/openapi/spikeapi.com/spike-health-data/3.0.2/openapi.json	census 303	enumeration.tsv.gz
items-oneof-element	document	apis/openapi/spot.io/main/1.0/meta/import/input-bundle.json	census 3	enumeration.tsv.gz
items-oneof-element	document	apis/openapi/spot.io/main/1.0/meta/import/input-entry.json	census 3	enumeration.tsv.gz
items-oneof-element	document	apis/openapi/spot.io/main/1.0/meta/import/output-bundle.json	census 3	enumeration.tsv.gz
items-oneof-element	document	apis/openapi/spot.io/main/1.0/meta/import/output-entry.json	census 3	enumeration.tsv.gz
items-oneof-element	document	apis/openapi/spot.io/main/1.0/openapi.json	census 3	enumeration.tsv.gz
items-oneof-element	document	apis/openapi/spotify.com/sonallux/2025.5.18/meta/import/input-bundled.json	census 1	enumeration.tsv.gz
items-oneof-element	document	apis/openapi/spotify.com/sonallux/2025.5.18/meta/import/input-entry.json	census 1	enumeration.tsv.gz
items-oneof-element	document	apis/openapi/spotify.com/sonallux/2025.5.18/meta/import/output-bundled.json	census 1	enumeration.tsv.gz
items-oneof-element	document	apis/openapi/spotify.com/sonallux/2025.5.18/meta/import/output-entry.json	census 1	enumeration.tsv.gz
items-oneof-element	document	apis/openapi/spotify.com/sonallux/2025.5.18/openapi.json	census 1	enumeration.tsv.gz
items-oneof-element	document	apis/openapi/statsig.com/main/20240601.0.0/meta/import/input-bundle.json	census 10	enumeration.tsv.gz
items-oneof-element	document	apis/openapi/statsig.com/main/20240601.0.0/meta/import/input-entry.json	census 10	enumeration.tsv.gz
items-oneof-element	document	apis/openapi/statsig.com/main/20240601.0.0/meta/import/output-bundle.json	census 10	enumeration.tsv.gz
items-oneof-element	document	apis/openapi/statsig.com/main/20240601.0.0/meta/import/output-entry.json	census 10	enumeration.tsv.gz
items-oneof-element	document	apis/openapi/statsig.com/main/20240601.0.0/openapi.json	census 10	enumeration.tsv.gz
items-oneof-element	document	apis/openapi/swaggerhub.appgallop/activateorder/1.0.0-oas3/meta/import/input-bundle.json	census 5	enumeration.tsv.gz
items-oneof-element	document	apis/openapi/swaggerhub.appgallop/activateorder/1.0.0-oas3/meta/import/input-entry.json	census 5	enumeration.tsv.gz
items-oneof-element	document	apis/openapi/swaggerhub.appgallop/activateorder/1.0.0-oas3/meta/import/output-bundle.json	census 5	enumeration.tsv.gz
items-oneof-element	document	apis/openapi/swaggerhub.appgallop/activateorder/1.0.0-oas3/meta/import/output-entry.json	census 5	enumeration.tsv.gz
items-oneof-element	document	apis/openapi/swaggerhub.appgallop/activateorder/1.0.0-oas3/openapi.json	census 5	enumeration.tsv.gz
items-oneof-element	document	apis/openapi/swaggerhub.attentive-060/attentive-api/1.0.0/meta/import/input-bundle.json	census 1	enumeration.tsv.gz
items-oneof-element	document	apis/openapi/swaggerhub.attentive-060/attentive-api/1.0.0/meta/import/input-entry.json	census 1	enumeration.tsv.gz
items-oneof-element	document	apis/openapi/swaggerhub.attentive-060/attentive-api/1.0.0/meta/import/output-bundle.json	census 1	enumeration.tsv.gz
items-oneof-element	document	apis/openapi/swaggerhub.attentive-060/attentive-api/1.0.0/meta/import/output-entry.json	census 1	enumeration.tsv.gz
items-oneof-element	document	apis/openapi/swaggerhub.attentive-060/attentive-api/1.0.0/openapi.json	census 1	enumeration.tsv.gz
items-oneof-element	document	apis/openapi/swaggerhub.bluesheets/bluesheetsapi/2.0.7/meta/import/input-bundle.json	census 4	enumeration.tsv.gz
items-oneof-element	document	apis/openapi/swaggerhub.bluesheets/bluesheetsapi/2.0.7/meta/import/input-entry.json	census 4	enumeration.tsv.gz
items-oneof-element	document	apis/openapi/swaggerhub.bluesheets/bluesheetsapi/2.0.7/meta/import/output-bundle.json	census 4	enumeration.tsv.gz
items-oneof-element	document	apis/openapi/swaggerhub.bluesheets/bluesheetsapi/2.0.7/meta/import/output-entry.json	census 4	enumeration.tsv.gz
items-oneof-element	document	apis/openapi/swaggerhub.bluesheets/bluesheetsapi/2.0.7/openapi.json	census 4	enumeration.tsv.gz
items-oneof-element	document	apis/openapi/swaggerhub.cybernation/auid-generator/1.0/meta/import/input-bundle.json	census 1	enumeration.tsv.gz
items-oneof-element	document	apis/openapi/swaggerhub.cybernation/auid-generator/1.0/meta/import/input-entry.json	census 1	enumeration.tsv.gz
items-oneof-element	document	apis/openapi/swaggerhub.cybernation/auid-generator/1.0/meta/import/output-bundle.json	census 1	enumeration.tsv.gz
items-oneof-element	document	apis/openapi/swaggerhub.cybernation/auid-generator/1.0/meta/import/output-entry.json	census 1	enumeration.tsv.gz
items-oneof-element	document	apis/openapi/swaggerhub.cybernation/auid-generator/1.0/openapi.json	census 1	enumeration.tsv.gz
items-oneof-element	document	apis/openapi/swaggerhub.gmacem/bgk-info/1.0.1/meta/import/input-bundle.json	census 1	enumeration.tsv.gz
items-oneof-element	document	apis/openapi/swaggerhub.gmacem/bgk-info/1.0.1/meta/import/input-entry.json	census 1	enumeration.tsv.gz
items-oneof-element	document	apis/openapi/swaggerhub.gmacem/bgk-info/1.0.1/meta/import/output-bundle.json	census 1	enumeration.tsv.gz
items-oneof-element	document	apis/openapi/swaggerhub.gmacem/bgk-info/1.0.1/meta/import/output-entry.json	census 1	enumeration.tsv.gz
items-oneof-element	document	apis/openapi/swaggerhub.gmacem/bgk-info/1.0.1/openapi.json	census 1	enumeration.tsv.gz
items-oneof-element	document	apis/openapi/swaggerhub.gmf-tech/bidbr-middleware-proposal-apis/1.0.3/meta/import/input-bundle.json	census 1	enumeration.tsv.gz
items-oneof-element	document	apis/openapi/swaggerhub.gmf-tech/bidbr-middleware-proposal-apis/1.0.3/meta/import/input-entry.json	census 1	enumeration.tsv.gz
items-oneof-element	document	apis/openapi/swaggerhub.gmf-tech/bidbr-middleware-proposal-apis/1.0.3/meta/import/output-bundle.json	census 1	enumeration.tsv.gz
items-oneof-element	document	apis/openapi/swaggerhub.gmf-tech/bidbr-middleware-proposal-apis/1.0.3/meta/import/output-entry.json	census 1	enumeration.tsv.gz
items-oneof-element	document	apis/openapi/swaggerhub.gmf-tech/bidbr-middleware-proposal-apis/1.0.3/openapi.json	census 1	enumeration.tsv.gz
items-oneof-element	document	apis/openapi/swaggerhub.hmcts-dts/api-cp-crime-caseingestion-prosecutor/3.0.2/meta/import/input-bundle.json	census 3	enumeration.tsv.gz
items-oneof-element	document	apis/openapi/swaggerhub.hmcts-dts/api-cp-crime-caseingestion-prosecutor/3.0.2/meta/import/input-entry.json	census 3	enumeration.tsv.gz
items-oneof-element	document	apis/openapi/swaggerhub.hmcts-dts/api-cp-crime-caseingestion-prosecutor/3.0.2/meta/import/output-bundle.json	census 3	enumeration.tsv.gz
items-oneof-element	document	apis/openapi/swaggerhub.hmcts-dts/api-cp-crime-caseingestion-prosecutor/3.0.2/meta/import/output-entry.json	census 3	enumeration.tsv.gz
items-oneof-element	document	apis/openapi/swaggerhub.hmcts-dts/api-cp-crime-caseingestion-prosecutor/3.0.2/openapi.json	census 3	enumeration.tsv.gz
items-oneof-element	document	apis/openapi/swaggerhub.jsivori/aero-packs/1.7.2/meta/import/input-bundle.json	census 1	enumeration.tsv.gz
items-oneof-element	document	apis/openapi/swaggerhub.jsivori/aero-packs/1.7.2/meta/import/input-entry.json	census 1	enumeration.tsv.gz
items-oneof-element	document	apis/openapi/swaggerhub.jsivori/aero-packs/1.7.2/meta/import/output-bundle.json	census 1	enumeration.tsv.gz
items-oneof-element	document	apis/openapi/swaggerhub.jsivori/aero-packs/1.7.2/meta/import/output-entry.json	census 1	enumeration.tsv.gz
items-oneof-element	document	apis/openapi/swaggerhub.jsivori/aero-packs/1.7.2/openapi.json	census 1	enumeration.tsv.gz
items-oneof-element	document	apis/openapi/swaggerhub.scalalearning/api-pagos-inscripcion/1/meta/import/input-bundle.json	census 1	enumeration.tsv.gz
items-oneof-element	document	apis/openapi/swaggerhub.scalalearning/api-pagos-inscripcion/1/meta/import/input-entry.json	census 1	enumeration.tsv.gz
items-oneof-element	document	apis/openapi/swaggerhub.scalalearning/api-pagos-inscripcion/1/meta/import/output-bundle.json	census 1	enumeration.tsv.gz
items-oneof-element	document	apis/openapi/swaggerhub.scalalearning/api-pagos-inscripcion/1/meta/import/output-entry.json	census 1	enumeration.tsv.gz
items-oneof-element	document	apis/openapi/swaggerhub.scalalearning/api-pagos-inscripcion/1/openapi.json	census 1	enumeration.tsv.gz
items-oneof-element	document	apis/openapi/swaggerhub.smartersorting/boss-location-management/1.3.0/meta/import/input-bundle.json	census 1	enumeration.tsv.gz
items-oneof-element	document	apis/openapi/swaggerhub.smartersorting/boss-location-management/1.3.0/meta/import/input-entry.json	census 1	enumeration.tsv.gz
items-oneof-element	document	apis/openapi/swaggerhub.smartersorting/boss-location-management/1.3.0/meta/import/output-bundle.json	census 1	enumeration.tsv.gz
items-oneof-element	document	apis/openapi/swaggerhub.smartersorting/boss-location-management/1.3.0/meta/import/output-entry.json	census 1	enumeration.tsv.gz
items-oneof-element	document	apis/openapi/swaggerhub.smartersorting/boss-location-management/1.3.0/openapi.json	census 1	enumeration.tsv.gz
items-oneof-element	document	apis/openapi/swaggerhub.truckertools/addsmartroute/1.0.0/meta/import/input-bundle.json	census 1	enumeration.tsv.gz
items-oneof-element	document	apis/openapi/swaggerhub.truckertools/addsmartroute/1.0.0/meta/import/input-entry.json	census 1	enumeration.tsv.gz
items-oneof-element	document	apis/openapi/swaggerhub.truckertools/addsmartroute/1.0.0/meta/import/output-bundle.json	census 1	enumeration.tsv.gz
items-oneof-element	document	apis/openapi/swaggerhub.truckertools/addsmartroute/1.0.0/meta/import/output-entry.json	census 1	enumeration.tsv.gz
items-oneof-element	document	apis/openapi/swaggerhub.truckertools/addsmartroute/1.0.0/openapi.json	census 1	enumeration.tsv.gz
items-oneof-element	document	apis/openapi/telnyx.com/main/2.0.0/meta/import/input-bundled.json	census 5	enumeration.tsv.gz
items-oneof-element	document	apis/openapi/telnyx.com/main/2.0.0/meta/import/input-entry.json	census 5	enumeration.tsv.gz
items-oneof-element	document	apis/openapi/telnyx.com/main/2.0.0/meta/import/output-bundled.json	census 5	enumeration.tsv.gz
items-oneof-element	document	apis/openapi/telnyx.com/main/2.0.0/meta/import/output-entry.json	census 5	enumeration.tsv.gz
items-oneof-element	document	apis/openapi/telnyx.com/main/2.0.0/openapi.json	census 5	enumeration.tsv.gz
items-oneof-element	document	apis/openapi/thingsboard.io/main/4.3.0.3DEMO/meta/import/input-bundle.json	census 8	enumeration.tsv.gz
items-oneof-element	document	apis/openapi/thingsboard.io/main/4.3.0.3DEMO/meta/import/input-entry.json	census 8	enumeration.tsv.gz
items-oneof-element	document	apis/openapi/thingsboard.io/main/4.3.0.3DEMO/meta/import/output-bundle.json	census 8	enumeration.tsv.gz
items-oneof-element	document	apis/openapi/thingsboard.io/main/4.3.0.3DEMO/meta/import/output-entry.json	census 8	enumeration.tsv.gz
items-oneof-element	document	apis/openapi/thingsboard.io/main/4.3.0.3DEMO/openapi.json	census 8	enumeration.tsv.gz
items-oneof-element	document	apis/openapi/timecamp.com/main/1.0/meta/import/input-bundle.json	census 2	enumeration.tsv.gz
items-oneof-element	document	apis/openapi/timecamp.com/main/1.0/meta/import/input-entry.json	census 2	enumeration.tsv.gz
items-oneof-element	document	apis/openapi/timecamp.com/main/1.0/meta/import/output-bundle.json	census 2	enumeration.tsv.gz
items-oneof-element	document	apis/openapi/timecamp.com/main/1.0/meta/import/output-entry.json	census 2	enumeration.tsv.gz
items-oneof-element	document	apis/openapi/timecamp.com/main/1.0/openapi.json	census 2	enumeration.tsv.gz
items-oneof-element	document	apis/openapi/vercel.com/main/0.0.1/meta/import/input-bundled.json	census 37	enumeration.tsv.gz
items-oneof-element	document	apis/openapi/vercel.com/main/0.0.1/meta/import/input-entry.json	census 37	enumeration.tsv.gz
items-oneof-element	document	apis/openapi/vercel.com/main/0.0.1/meta/import/output-bundled.json	census 37	enumeration.tsv.gz
items-oneof-element	document	apis/openapi/vercel.com/main/0.0.1/meta/import/output-entry.json	census 37	enumeration.tsv.gz
items-oneof-element	document	apis/openapi/vercel.com/main/0.0.1/openapi.json	census 37	enumeration.tsv.gz
items-oneof-element	document	apis/openapi/vk.com/main/5.131/meta/import/input-bundle.json	census 1	enumeration.tsv.gz
items-oneof-element	document	apis/openapi/vk.com/main/5.131/meta/import/input-entry.json	census 1	enumeration.tsv.gz
items-oneof-element	document	apis/openapi/vk.com/main/5.131/meta/import/output-bundle.json	census 1	enumeration.tsv.gz
items-oneof-element	document	apis/openapi/vk.com/main/5.131/meta/import/output-entry.json	census 1	enumeration.tsv.gz
items-oneof-element	document	apis/openapi/vk.com/main/5.131/openapi.json	census 1	enumeration.tsv.gz
items-oneof-element	document	apis/openapi/zendesk.com/main/2.0.0/meta/import/input-bundled.json	census 6	enumeration.tsv.gz
items-oneof-element	document	apis/openapi/zendesk.com/main/2.0.0/meta/import/input-entry.json	census 6	enumeration.tsv.gz
items-oneof-element	document	apis/openapi/zendesk.com/main/2.0.0/meta/import/output-bundled.json	census 6	enumeration.tsv.gz
items-oneof-element	document	apis/openapi/zendesk.com/main/2.0.0/meta/import/output-entry.json	census 6	enumeration.tsv.gz
items-oneof-element	document	apis/openapi/zendesk.com/main/2.0.0/openapi.json	census 6	enumeration.tsv.gz
items-oneof-element	document	apis/openapi/zulip.com/zulip/1.0.0/meta/import/input-bundle.json	census 9	enumeration.tsv.gz
items-oneof-element	document	apis/openapi/zulip.com/zulip/1.0.0/meta/import/input-entry.json	census 9	enumeration.tsv.gz
items-oneof-element	document	apis/openapi/zulip.com/zulip/1.0.0/meta/import/output-bundle.json	census 9	enumeration.tsv.gz
items-oneof-element	document	apis/openapi/zulip.com/zulip/1.0.0/meta/import/output-entry.json	census 9	enumeration.tsv.gz
items-oneof-element	document	apis/openapi/zulip.com/zulip/1.0.0/openapi.json	census 9	enumeration.tsv.gz
items-oneof-element	walk	jentic/jentic-public-apis@eb9d12a2684b0fbcb5aecf51e8ae54dba0929743	74240	enumeration.tsv.gz
media-type-key-parameters	document	apis/openapi/1nceapi/main/v1/meta/import/input-bundle.json	census 20	enumeration.tsv.gz
media-type-key-parameters	document	apis/openapi/1nceapi/main/v1/meta/import/input-entry.json	census 20	enumeration.tsv.gz
media-type-key-parameters	document	apis/openapi/1nceapi/main/v1/meta/import/output-bundle.json	census 20	enumeration.tsv.gz
media-type-key-parameters	document	apis/openapi/1nceapi/main/v1/meta/import/output-entry.json	census 20	enumeration.tsv.gz
media-type-key-parameters	document	apis/openapi/1nceapi/main/v1/openapi.json	census 20	enumeration.tsv.gz
media-type-key-parameters	document	apis/openapi/api-test.agrimetrics.co.uk/main/1.0/meta/import/input-bundle.json	census 2	enumeration.tsv.gz
media-type-key-parameters	document	apis/openapi/api-test.agrimetrics.co.uk/main/1.0/meta/import/input-entry.json	census 2	enumeration.tsv.gz
media-type-key-parameters	document	apis/openapi/api-test.agrimetrics.co.uk/main/1.0/meta/import/output-bundle.json	census 2	enumeration.tsv.gz
media-type-key-parameters	document	apis/openapi/api-test.agrimetrics.co.uk/main/1.0/meta/import/output-entry.json	census 2	enumeration.tsv.gz
media-type-key-parameters	document	apis/openapi/api-test.agrimetrics.co.uk/main/1.0/openapi.json	census 2	enumeration.tsv.gz
media-type-key-parameters	document	apis/openapi/api.ebay.com/compliance-api/1.4.1/meta/import/input-bundle.json	census 2	enumeration.tsv.gz
media-type-key-parameters	document	apis/openapi/api.ebay.com/compliance-api/1.4.1/meta/import/input-entry.json	census 2	enumeration.tsv.gz
media-type-key-parameters	document	apis/openapi/api.ebay.com/compliance-api/1.4.1/meta/import/output-bundle.json	census 2	enumeration.tsv.gz
media-type-key-parameters	document	apis/openapi/api.ebay.com/compliance-api/1.4.1/meta/import/output-entry.json	census 2	enumeration.tsv.gz
media-type-key-parameters	document	apis/openapi/api.ebay.com/compliance-api/1.4.1/openapi.json	census 2	enumeration.tsv.gz
media-type-key-parameters	document	apis/openapi/api.ebay.com/sell-compliance/1.4.1/meta/import/input-bundle.json	census 2	enumeration.tsv.gz
media-type-key-parameters	document	apis/openapi/api.ebay.com/sell-compliance/1.4.1/meta/import/input-entry.json	census 2	enumeration.tsv.gz
media-type-key-parameters	document	apis/openapi/api.ebay.com/sell-compliance/1.4.1/meta/import/output-bundle.json	census 2	enumeration.tsv.gz
media-type-key-parameters	document	apis/openapi/api.ebay.com/sell-compliance/1.4.1/meta/import/output-entry.json	census 2	enumeration.tsv.gz
media-type-key-parameters	document	apis/openapi/api.ebay.com/sell-compliance/1.4.1/openapi.json	census 2	enumeration.tsv.gz
media-type-key-parameters	document	apis/openapi/app.clio.com/main/v4/meta/import/input-bundle.json	census 1508	enumeration.tsv.gz
media-type-key-parameters	document	apis/openapi/app.clio.com/main/v4/meta/import/input-entry.json	census 1508	enumeration.tsv.gz
media-type-key-parameters	document	apis/openapi/app.clio.com/main/v4/meta/import/output-bundle.json	census 1508	enumeration.tsv.gz
media-type-key-parameters	document	apis/openapi/app.clio.com/main/v4/meta/import/output-entry.json	census 1508	enumeration.tsv.gz
media-type-key-parameters	document	apis/openapi/app.clio.com/main/v4/openapi.json	census 1508	enumeration.tsv.gz
media-type-key-parameters	document	apis/openapi/au.app.clio.com/main/v4/meta/import/input-bundle.json	census 1508	enumeration.tsv.gz
media-type-key-parameters	document	apis/openapi/au.app.clio.com/main/v4/meta/import/input-entry.json	census 1508	enumeration.tsv.gz
media-type-key-parameters	document	apis/openapi/au.app.clio.com/main/v4/meta/import/output-bundle.json	census 1508	enumeration.tsv.gz
media-type-key-parameters	document	apis/openapi/au.app.clio.com/main/v4/meta/import/output-entry.json	census 1508	enumeration.tsv.gz
media-type-key-parameters	document	apis/openapi/au.app.clio.com/main/v4/openapi.json	census 1508	enumeration.tsv.gz
media-type-key-parameters	document	apis/openapi/azure.com/application-insights-data-plane/2018-04-20/meta/import/input-bundle.json	census 2	enumeration.tsv.gz
media-type-key-parameters	document	apis/openapi/azure.com/application-insights-data-plane/2018-04-20/meta/import/input-entry.json	census 2	enumeration.tsv.gz
media-type-key-parameters	document	apis/openapi/azure.com/application-insights-data-plane/2018-04-20/meta/import/output-bundle.json	census 2	enumeration.tsv.gz
media-type-key-parameters	document	apis/openapi/azure.com/application-insights-data-plane/2018-04-20/meta/import/output-entry.json	census 2	enumeration.tsv.gz
media-type-key-parameters	document	apis/openapi/azure.com/application-insights-data-plane/2018-04-20/openapi.json	census 2	enumeration.tsv.gz
media-type-key-parameters	document	apis/openapi/azure.com/azure-metrics/2018-09-01-preview/meta/import/input-bundle.json	census 1	enumeration.tsv.gz
media-type-key-parameters	document	apis/openapi/azure.com/azure-metrics/2018-09-01-preview/meta/import/input-entry.json	census 1	enumeration.tsv.gz
media-type-key-parameters	document	apis/openapi/azure.com/azure-metrics/2018-09-01-preview/meta/import/output-bundle.json	census 1	enumeration.tsv.gz
media-type-key-parameters	document	apis/openapi/azure.com/azure-metrics/2018-09-01-preview/meta/import/output-entry.json	census 1	enumeration.tsv.gz
media-type-key-parameters	document	apis/openapi/azure.com/azure-metrics/2018-09-01-preview/openapi.json	census 1	enumeration.tsv.gz
media-type-key-parameters	document	apis/openapi/billberry.ee/main/0.1.337/meta/import/input-bundle.json	census 76	enumeration.tsv.gz
media-type-key-parameters	document	apis/openapi/billberry.ee/main/0.1.337/meta/import/input-entry.json	census 76	enumeration.tsv.gz
media-type-key-parameters	document	apis/openapi/billberry.ee/main/0.1.337/meta/import/output-bundle.json	census 76	enumeration.tsv.gz
media-type-key-parameters	document	apis/openapi/billberry.ee/main/0.1.337/meta/import/output-entry.json	census 76	enumeration.tsv.gz
media-type-key-parameters	document	apis/openapi/billberry.ee/main/0.1.337/openapi.json	census 76	enumeration.tsv.gz
media-type-key-parameters	document	apis/openapi/boldsign.com/main/1/meta/import/input-bundle.json	census 3220	enumeration.tsv.gz
media-type-key-parameters	document	apis/openapi/boldsign.com/main/1/meta/import/input-entry.json	census 3220	enumeration.tsv.gz
media-type-key-parameters	document	apis/openapi/boldsign.com/main/1/meta/import/output-bundle.json	census 3220	enumeration.tsv.gz
media-type-key-parameters	document	apis/openapi/boldsign.com/main/1/meta/import/output-entry.json	census 3220	enumeration.tsv.gz
media-type-key-parameters	document	apis/openapi/boldsign.com/main/1/openapi.json	census 3220	enumeration.tsv.gz
media-type-key-parameters	document	apis/openapi/clever-cloud.com/main/1.0.0/meta/import/input-bundle.json	census 2	enumeration.tsv.gz
media-type-key-parameters	document	apis/openapi/clever-cloud.com/main/1.0.0/meta/import/input-entry.json	census 2	enumeration.tsv.gz
media-type-key-parameters	document	apis/openapi/clever-cloud.com/main/1.0.0/meta/import/output-bundle.json	census 2	enumeration.tsv.gz
media-type-key-parameters	document	apis/openapi/clever-cloud.com/main/1.0.0/meta/import/output-entry.json	census 2	enumeration.tsv.gz
media-type-key-parameters	document	apis/openapi/clever-cloud.com/main/1.0.0/openapi.json	census 2	enumeration.tsv.gz
media-type-key-parameters	document	apis/openapi/concordnow.com/main/Concord API v1.0/meta/import/input-bundle.json	census 2	enumeration.tsv.gz
media-type-key-parameters	document	apis/openapi/concordnow.com/main/Concord API v1.0/meta/import/input-entry.json	census 2	enumeration.tsv.gz
media-type-key-parameters	document	apis/openapi/concordnow.com/main/Concord API v1.0/meta/import/output-bundle.json	census 2	enumeration.tsv.gz
media-type-key-parameters	document	apis/openapi/concordnow.com/main/Concord API v1.0/meta/import/output-entry.json	census 2	enumeration.tsv.gz
media-type-key-parameters	document	apis/openapi/concordnow.com/main/Concord API v1.0/openapi.json	census 2	enumeration.tsv.gz
media-type-key-parameters	document	apis/openapi/data.rcsb.org/main/1.55.0/meta/import/input-bundle.json	census 39	enumeration.tsv.gz
media-type-key-parameters	document	apis/openapi/data.rcsb.org/main/1.55.0/meta/import/input-entry.json	census 39	enumeration.tsv.gz
media-type-key-parameters	document	apis/openapi/data.rcsb.org/main/1.55.0/meta/import/output-bundle.json	census 39	enumeration.tsv.gz
media-type-key-parameters	document	apis/openapi/data.rcsb.org/main/1.55.0/meta/import/output-entry.json	census 39	enumeration.tsv.gz
media-type-key-parameters	document	apis/openapi/data.rcsb.org/main/1.55.0/openapi.json	census 39	enumeration.tsv.gz
media-type-key-parameters	document	apis/openapi/dataflowkit.com/main/1.3/meta/import/input-bundled.json	census 23	enumeration.tsv.gz
media-type-key-parameters	document	apis/openapi/dataflowkit.com/main/1.3/meta/import/input-entry.json	census 23	enumeration.tsv.gz
media-type-key-parameters	document	apis/openapi/dataflowkit.com/main/1.3/meta/import/output-bundled.json	census 23	enumeration.tsv.gz
media-type-key-parameters	document	apis/openapi/dataflowkit.com/main/1.3/meta/import/output-entry.json	census 23	enumeration.tsv.gz
media-type-key-parameters	document	apis/openapi/dataflowkit.com/main/1.3/openapi.json	census 23	enumeration.tsv.gz
media-type-key-parameters	document	apis/openapi/doc.concordnow.com/main/Concord API v1.0/meta/import/input-bundle.json	census 2	enumeration.tsv.gz
media-type-key-parameters	document	apis/openapi/doc.concordnow.com/main/Concord API v1.0/meta/import/input-entry.json	census 2	enumeration.tsv.gz
media-type-key-parameters	document	apis/openapi/doc.concordnow.com/main/Concord API v1.0/meta/import/output-bundle.json	census 2	enumeration.tsv.gz
media-type-key-parameters	document	apis/openapi/doc.concordnow.com/main/Concord API v1.0/meta/import/output-entry.json	census 2	enumeration.tsv.gz
media-type-key-parameters	document	apis/openapi/doc.concordnow.com/main/Concord API v1.0/openapi.json	census 2	enumeration.tsv.gz
media-type-key-parameters	document	apis/openapi/ebay.com/sell-compliance/1.4.3/meta/import/input-bundled.json	census 2	enumeration.tsv.gz
media-type-key-parameters	document	apis/openapi/ebay.com/sell-compliance/1.4.3/meta/import/input-entry.json	census 2	enumeration.tsv.gz
media-type-key-parameters	document	apis/openapi/ebay.com/sell-compliance/1.4.3/meta/import/output-bundled.json	census 2	enumeration.tsv.gz
media-type-key-parameters	document	apis/openapi/ebay.com/sell-compliance/1.4.3/meta/import/output-entry.json	census 2	enumeration.tsv.gz
media-type-key-parameters	document	apis/openapi/ebay.com/sell-compliance/1.4.3/openapi.json	census 2	enumeration.tsv.gz
media-type-key-parameters	document	apis/openapi/ebay.com/sell-recommendation/v1.1.0/meta/import/input-bundled.json	census 1	enumeration.tsv.gz
media-type-key-parameters	document	apis/openapi/ebay.com/sell-recommendation/v1.1.0/meta/import/input-entry.json	census 1	enumeration.tsv.gz
media-type-key-parameters	document	apis/openapi/ebay.com/sell-recommendation/v1.1.0/meta/import/output-bundled.json	census 1	enumeration.tsv.gz
media-type-key-parameters	document	apis/openapi/ebay.com/sell-recommendation/v1.1.0/meta/import/output-entry.json	census 1	enumeration.tsv.gz
media-type-key-parameters	document	apis/openapi/ebay.com/sell-recommendation/v1.1.0/openapi.json	census 1	enumeration.tsv.gz
media-type-key-parameters	document	apis/openapi/eu.app.clio.com/clio-api/v4/meta/import/input-bundle.json	census 1508	enumeration.tsv.gz
media-type-key-parameters	document	apis/openapi/eu.app.clio.com/clio-api/v4/meta/import/input-entry.json	census 1508	enumeration.tsv.gz
media-type-key-parameters	document	apis/openapi/eu.app.clio.com/clio-api/v4/meta/import/output-bundle.json	census 1508	enumeration.tsv.gz
media-type-key-parameters	document	apis/openapi/eu.app.clio.com/clio-api/v4/meta/import/output-entry.json	census 1508	enumeration.tsv.gz
media-type-key-parameters	document	apis/openapi/eu.app.clio.com/clio-api/v4/openapi.json	census 1508	enumeration.tsv.gz
media-type-key-parameters	document	apis/openapi/external.pleo.io/bookkeeping-core-api/12.2.0/meta/import/input-bundle.json	census 3	enumeration.tsv.gz
media-type-key-parameters	document	apis/openapi/external.pleo.io/bookkeeping-core-api/12.2.0/meta/import/input-entry.json	census 3	enumeration.tsv.gz
media-type-key-parameters	document	apis/openapi/external.pleo.io/bookkeeping-core-api/12.2.0/meta/import/output-bundle.json	census 3	enumeration.tsv.gz
media-type-key-parameters	document	apis/openapi/external.pleo.io/bookkeeping-core-api/12.2.0/meta/import/output-entry.json	census 3	enumeration.tsv.gz
media-type-key-parameters	document	apis/openapi/external.pleo.io/bookkeeping-core-api/12.2.0/openapi.json	census 3	enumeration.tsv.gz
media-type-key-parameters	document	apis/openapi/fraudlabspro.com/fraudlabs-pro-fraud-detection/1.1/meta/import/input-bundle.json	census 2	enumeration.tsv.gz
media-type-key-parameters	document	apis/openapi/fraudlabspro.com/fraudlabs-pro-fraud-detection/1.1/meta/import/input-entry.json	census 2	enumeration.tsv.gz
media-type-key-parameters	document	apis/openapi/fraudlabspro.com/fraudlabs-pro-fraud-detection/1.1/meta/import/output-bundle.json	census 2	enumeration.tsv.gz
media-type-key-parameters	document	apis/openapi/fraudlabspro.com/fraudlabs-pro-fraud-detection/1.1/meta/import/output-entry.json	census 2	enumeration.tsv.gz
media-type-key-parameters	document	apis/openapi/fraudlabspro.com/fraudlabs-pro-fraud-detection/1.1/openapi.json	census 2	enumeration.tsv.gz
media-type-key-parameters	document	apis/openapi/fraudlabspro.com/fraudlabs-pro-sms-verification/1.0/meta/import/input-bundle.json	census 2	enumeration.tsv.gz
media-type-key-parameters	document	apis/openapi/fraudlabspro.com/fraudlabs-pro-sms-verification/1.0/meta/import/input-entry.json	census 2	enumeration.tsv.gz
media-type-key-parameters	document	apis/openapi/fraudlabspro.com/fraudlabs-pro-sms-verification/1.0/meta/import/output-bundle.json	census 2	enumeration.tsv.gz
media-type-key-parameters	document	apis/openapi/fraudlabspro.com/fraudlabs-pro-sms-verification/1.0/meta/import/output-entry.json	census 2	enumeration.tsv.gz
media-type-key-parameters	document	apis/openapi/fraudlabspro.com/fraudlabs-pro-sms-verification/1.0/openapi.json	census 2	enumeration.tsv.gz
media-type-key-parameters	document	apis/openapi/geodatasource.com/main/1.0/meta/import/input-bundle.json	census 1	enumeration.tsv.gz
media-type-key-parameters	document	apis/openapi/geodatasource.com/main/1.0/meta/import/input-entry.json	census 1	enumeration.tsv.gz
media-type-key-parameters	document	apis/openapi/geodatasource.com/main/1.0/meta/import/output-bundle.json	census 1	enumeration.tsv.gz
media-type-key-parameters	document	apis/openapi/geodatasource.com/main/1.0/meta/import/output-entry.json	census 1	enumeration.tsv.gz
media-type-key-parameters	document	apis/openapi/geodatasource.com/main/1.0/openapi.json	census 1	enumeration.tsv.gz
media-type-key-parameters	document	apis/openapi/globalgetnet.com/main/1.0.4/meta/import/input-bundle.json	census 38	enumeration.tsv.gz
media-type-key-parameters	document	apis/openapi/globalgetnet.com/main/1.0.4/meta/import/input-entry.json	census 38	enumeration.tsv.gz
media-type-key-parameters	document	apis/openapi/globalgetnet.com/main/1.0.4/meta/import/output-bundle.json	census 38	enumeration.tsv.gz
media-type-key-parameters	document	apis/openapi/globalgetnet.com/main/1.0.4/meta/import/output-entry.json	census 38	enumeration.tsv.gz
media-type-key-parameters	document	apis/openapi/globalgetnet.com/main/1.0.4/openapi.json	census 38	enumeration.tsv.gz
media-type-key-parameters	document	apis/openapi/gsmtasks.com/main/2.4.13/meta/import/input-bundled.json	census 469	enumeration.tsv.gz
media-type-key-parameters	document	apis/openapi/gsmtasks.com/main/2.4.13/meta/import/input-entry.json	census 469	enumeration.tsv.gz
media-type-key-parameters	document	apis/openapi/gsmtasks.com/main/2.4.13/meta/import/output-bundled.json	census 469	enumeration.tsv.gz
media-type-key-parameters	document	apis/openapi/gsmtasks.com/main/2.4.13/meta/import/output-entry.json	census 469	enumeration.tsv.gz
media-type-key-parameters	document	apis/openapi/gsmtasks.com/main/2.4.13/openapi.json	census 469	enumeration.tsv.gz
media-type-key-parameters	document	apis/openapi/hcltechsw.com/main/v4/meta/import/input-bundle.json	census 1050	enumeration.tsv.gz
media-type-key-parameters	document	apis/openapi/hcltechsw.com/main/v4/meta/import/input-entry.json	census 1050	enumeration.tsv.gz
media-type-key-parameters	document	apis/openapi/hcltechsw.com/main/v4/meta/import/output-bundle.json	census 1050	enumeration.tsv.gz
media-type-key-parameters	document	apis/openapi/hcltechsw.com/main/v4/meta/import/output-entry.json	census 1050	enumeration.tsv.gz
media-type-key-parameters	document	apis/openapi/hcltechsw.com/main/v4/openapi.json	census 1050	enumeration.tsv.gz
media-type-key-parameters	document	apis/openapi/import.io/data/1.0/meta/import/input-bundled.json	census 3	enumeration.tsv.gz
media-type-key-parameters	document	apis/openapi/import.io/data/1.0/meta/import/input-entry.json	census 3	enumeration.tsv.gz
media-type-key-parameters	document	apis/openapi/import.io/data/1.0/meta/import/output-bundled.json	census 3	enumeration.tsv.gz
media-type-key-parameters	document	apis/openapi/import.io/data/1.0/meta/import/output-entry.json	census 3	enumeration.tsv.gz
media-type-key-parameters	document	apis/openapi/import.io/data/1.0/openapi.json	census 3	enumeration.tsv.gz
media-type-key-parameters	document	apis/openapi/import.io/extraction/1.0/meta/import/input-bundled.json	census 3	enumeration.tsv.gz
media-type-key-parameters	document	apis/openapi/import.io/extraction/1.0/meta/import/input-entry.json	census 3	enumeration.tsv.gz
media-type-key-parameters	document	apis/openapi/import.io/extraction/1.0/meta/import/output-bundled.json	census 3	enumeration.tsv.gz
media-type-key-parameters	document	apis/openapi/import.io/extraction/1.0/meta/import/output-entry.json	census 3	enumeration.tsv.gz
media-type-key-parameters	document	apis/openapi/import.io/extraction/1.0/openapi.json	census 3	enumeration.tsv.gz
media-type-key-parameters	document	apis/openapi/import.io/run/1.0/meta/import/input-bundled.json	census 8	enumeration.tsv.gz
media-type-key-parameters	document	apis/openapi/import.io/run/1.0/meta/import/input-entry.json	census 8	enumeration.tsv.gz
media-type-key-parameters	document	apis/openapi/import.io/run/1.0/meta/import/output-bundled.json	census 8	enumeration.tsv.gz
media-type-key-parameters	document	apis/openapi/import.io/run/1.0/meta/import/output-entry.json	census 8	enumeration.tsv.gz
media-type-key-parameters	document	apis/openapi/import.io/run/1.0/openapi.json	census 8	enumeration.tsv.gz
media-type-key-parameters	document	apis/openapi/import.io/schedule/1.0/meta/import/input-bundled.json	census 12	enumeration.tsv.gz
media-type-key-parameters	document	apis/openapi/import.io/schedule/1.0/meta/import/input-entry.json	census 12	enumeration.tsv.gz
media-type-key-parameters	document	apis/openapi/import.io/schedule/1.0/meta/import/output-bundled.json	census 12	enumeration.tsv.gz
media-type-key-parameters	document	apis/openapi/import.io/schedule/1.0/meta/import/output-entry.json	census 12	enumeration.tsv.gz
media-type-key-parameters	document	apis/openapi/import.io/schedule/1.0/openapi.json	census 12	enumeration.tsv.gz
media-type-key-parameters	document	apis/openapi/ip2location.com/geolocation/1.0/meta/import/input-bundled.json	census 1	enumeration.tsv.gz
media-type-key-parameters	document	apis/openapi/ip2location.com/geolocation/1.0/meta/import/input-entry.json	census 1	enumeration.tsv.gz
media-type-key-parameters	document	apis/openapi/ip2location.com/geolocation/1.0/meta/import/output-bundled.json	census 1	enumeration.tsv.gz
media-type-key-parameters	document	apis/openapi/ip2location.com/geolocation/1.0/meta/import/output-entry.json	census 1	enumeration.tsv.gz
media-type-key-parameters	document	apis/openapi/ip2location.com/geolocation/1.0/openapi.json	census 1	enumeration.tsv.gz
media-type-key-parameters	document	apis/openapi/ip2proxy.com/main/1.0/meta/import/input-bundled.json	census 1	enumeration.tsv.gz
media-type-key-parameters	document	apis/openapi/ip2proxy.com/main/1.0/meta/import/input-entry.json	census 1	enumeration.tsv.gz
media-type-key-parameters	document	apis/openapi/ip2proxy.com/main/1.0/meta/import/output-bundled.json	census 1	enumeration.tsv.gz
media-type-key-parameters	document	apis/openapi/ip2proxy.com/main/1.0/meta/import/output-entry.json	census 1	enumeration.tsv.gz
media-type-key-parameters	document	apis/openapi/ip2proxy.com/main/1.0/openapi.json	census 1	enumeration.tsv.gz
media-type-key-parameters	document	apis/openapi/ip2whois.com/main/1.0/meta/import/input-bundled.json	census 1	enumeration.tsv.gz
media-type-key-parameters	document	apis/openapi/ip2whois.com/main/1.0/meta/import/input-entry.json	census 1	enumeration.tsv.gz
media-type-key-parameters	document	apis/openapi/ip2whois.com/main/1.0/meta/import/output-bundled.json	census 1	enumeration.tsv.gz
media-type-key-parameters	document	apis/openapi/ip2whois.com/main/1.0/meta/import/output-entry.json	census 1	enumeration.tsv.gz
media-type-key-parameters	document	apis/openapi/ip2whois.com/main/1.0/openapi.json	census 1	enumeration.tsv.gz
media-type-key-parameters	document	apis/openapi/iris.co.uk/main/2/meta/import/input-bundle.json	census 672	enumeration.tsv.gz
media-type-key-parameters	document	apis/openapi/iris.co.uk/main/2/meta/import/input-entry.json	census 672	enumeration.tsv.gz
media-type-key-parameters	document	apis/openapi/iris.co.uk/main/2/meta/import/output-bundle.json	census 672	enumeration.tsv.gz
media-type-key-parameters	document	apis/openapi/iris.co.uk/main/2/meta/import/output-entry.json	census 672	enumeration.tsv.gz
media-type-key-parameters	document	apis/openapi/iris.co.uk/main/2/openapi.json	census 672	enumeration.tsv.gz
media-type-key-parameters	document	apis/openapi/jellyfin.local/main/v1/meta/import/input-bundled.json	census 606	enumeration.tsv.gz
media-type-key-parameters	document	apis/openapi/jellyfin.local/main/v1/meta/import/input-entry.json	census 606	enumeration.tsv.gz
media-type-key-parameters	document	apis/openapi/jellyfin.local/main/v1/meta/import/output-bundled.json	census 606	enumeration.tsv.gz
media-type-key-parameters	document	apis/openapi/jellyfin.local/main/v1/meta/import/output-entry.json	census 606	enumeration.tsv.gz
media-type-key-parameters	document	apis/openapi/jellyfin.local/main/v1/openapi.json	census 606	enumeration.tsv.gz
media-type-key-parameters	document	apis/openapi/kubernetes.io/main/unversioned/meta/import/input-bundled.json	census 634	enumeration.tsv.gz
media-type-key-parameters	document	apis/openapi/kubernetes.io/main/unversioned/meta/import/input-entry.json	census 634	enumeration.tsv.gz
media-type-key-parameters	document	apis/openapi/kubernetes.io/main/unversioned/meta/import/output-bundled.json	census 634	enumeration.tsv.gz
media-type-key-parameters	document	apis/openapi/kubernetes.io/main/unversioned/meta/import/output-entry.json	census 634	enumeration.tsv.gz
media-type-key-parameters	document	apis/openapi/kubernetes.io/main/unversioned/openapi.json	census 634	enumeration.tsv.gz
media-type-key-parameters	document	apis/openapi/kubernetes.io/main/v1.10.0/meta/import/input-bundled.json	census 590	enumeration.tsv.gz
media-type-key-parameters	document	apis/openapi/kubernetes.io/main/v1.10.0/meta/import/input-entry.json	census 590	enumeration.tsv.gz
media-type-key-parameters	document	apis/openapi/kubernetes.io/main/v1.10.0/meta/import/output-bundled.json	census 590	enumeration.tsv.gz
media-type-key-parameters	document	apis/openapi/kubernetes.io/main/v1.10.0/meta/import/output-entry.json	census 590	enumeration.tsv.gz
media-type-key-parameters	document	apis/openapi/kubernetes.io/main/v1.10.0/openapi.json	census 590	enumeration.tsv.gz
media-type-key-parameters	document	apis/openapi/lettermint.co/main/0.0.1/meta/import/input-bundle.json	census 2	enumeration.tsv.gz
media-type-key-parameters	document	apis/openapi/lettermint.co/main/0.0.1/meta/import/input-entry.json	census 2	enumeration.tsv.gz
media-type-key-parameters	document	apis/openapi/lettermint.co/main/0.0.1/meta/import/output-bundle.json	census 2	enumeration.tsv.gz
media-type-key-parameters	document	apis/openapi/lettermint.co/main/0.0.1/meta/import/output-entry.json	census 2	enumeration.tsv.gz
media-type-key-parameters	document	apis/openapi/lettermint.co/main/0.0.1/openapi.json	census 2	enumeration.tsv.gz
media-type-key-parameters	document	apis/openapi/loket.nl/main/V2/meta/import/input-bundle.json	census 694	enumeration.tsv.gz
media-type-key-parameters	document	apis/openapi/loket.nl/main/V2/meta/import/input-entry.json	census 694	enumeration.tsv.gz
media-type-key-parameters	document	apis/openapi/loket.nl/main/V2/meta/import/output-bundle.json	census 694	enumeration.tsv.gz
media-type-key-parameters	document	apis/openapi/loket.nl/main/V2/meta/import/output-entry.json	census 694	enumeration.tsv.gz
media-type-key-parameters	document	apis/openapi/loket.nl/main/V2/openapi.json	census 694	enumeration.tsv.gz
media-type-key-parameters	document	apis/openapi/mailboxvalidator.com/checker/1.0.0/meta/import/input-bundled.json	census 1	enumeration.tsv.gz
media-type-key-parameters	document	apis/openapi/mailboxvalidator.com/checker/1.0.0/meta/import/input-entry.json	census 1	enumeration.tsv.gz
media-type-key-parameters	document	apis/openapi/mailboxvalidator.com/checker/1.0.0/meta/import/output-bundled.json	census 1	enumeration.tsv.gz
media-type-key-parameters	document	apis/openapi/mailboxvalidator.com/checker/1.0.0/meta/import/output-entry.json	census 1	enumeration.tsv.gz
media-type-key-parameters	document	apis/openapi/mailboxvalidator.com/checker/1.0.0/openapi.json	census 1	enumeration.tsv.gz
media-type-key-parameters	document	apis/openapi/mailboxvalidator.com/disposable/1.0.0/meta/import/input-bundled.json	census 1	enumeration.tsv.gz
media-type-key-parameters	document	apis/openapi/mailboxvalidator.com/disposable/1.0.0/meta/import/input-entry.json	census 1	enumeration.tsv.gz
media-type-key-parameters	document	apis/openapi/mailboxvalidator.com/disposable/1.0.0/meta/import/output-bundled.json	census 1	enumeration.tsv.gz
media-type-key-parameters	document	apis/openapi/mailboxvalidator.com/disposable/1.0.0/meta/import/output-entry.json	census 1	enumeration.tsv.gz
media-type-key-parameters	document	apis/openapi/mailboxvalidator.com/disposable/1.0.0/openapi.json	census 1	enumeration.tsv.gz
media-type-key-parameters	document	apis/openapi/mailboxvalidator.com/validation/0.1/meta/import/input-bundled.json	census 1	enumeration.tsv.gz
media-type-key-parameters	document	apis/openapi/mailboxvalidator.com/validation/0.1/meta/import/input-entry.json	census 1	enumeration.tsv.gz
media-type-key-parameters	document	apis/openapi/mailboxvalidator.com/validation/0.1/meta/import/output-bundled.json	census 1	enumeration.tsv.gz
media-type-key-parameters	document	apis/openapi/mailboxvalidator.com/validation/0.1/meta/import/output-entry.json	census 1	enumeration.tsv.gz
media-type-key-parameters	document	apis/openapi/mailboxvalidator.com/validation/0.1/openapi.json	census 1	enumeration.tsv.gz
media-type-key-parameters	document	apis/openapi/mailslurp.com/main/1.0.0/meta/import/input-bundle.json	census 14	enumeration.tsv.gz
media-type-key-parameters	document	apis/openapi/mailslurp.com/main/1.0.0/meta/import/input-entry.json	census 14	enumeration.tsv.gz
media-type-key-parameters	document	apis/openapi/mailslurp.com/main/1.0.0/meta/import/output-bundle.json	census 14	enumeration.tsv.gz
media-type-key-parameters	document	apis/openapi/mailslurp.com/main/1.0.0/meta/import/output-entry.json	census 14	enumeration.tsv.gz
media-type-key-parameters	document	apis/openapi/mailslurp.com/main/1.0.0/openapi.json	census 14	enumeration.tsv.gz
media-type-key-parameters	document	apis/openapi/mercedes-benz.com/diagnostics/1.0/meta/import/input-bundle.json	census 88	enumeration.tsv.gz
media-type-key-parameters	document	apis/openapi/mercedes-benz.com/diagnostics/1.0/meta/import/input-entry.json	census 88	enumeration.tsv.gz
media-type-key-parameters	document	apis/openapi/mercedes-benz.com/diagnostics/1.0/meta/import/output-bundle.json	census 88	enumeration.tsv.gz
media-type-key-parameters	document	apis/openapi/mercedes-benz.com/diagnostics/1.0/meta/import/output-entry.json	census 88	enumeration.tsv.gz
media-type-key-parameters	document	apis/openapi/mercedes-benz.com/diagnostics/1.0/openapi.json	census 88	enumeration.tsv.gz
media-type-key-parameters	document	apis/openapi/mercedes-benz.com/mercedes-benz-diagnostics-api/1.0/meta/import/input-bundle.json	census 88	enumeration.tsv.gz
media-type-key-parameters	document	apis/openapi/mercedes-benz.com/mercedes-benz-diagnostics-api/1.0/meta/import/input-entry.json	census 88	enumeration.tsv.gz
media-type-key-parameters	document	apis/openapi/mercedes-benz.com/mercedes-benz-diagnostics-api/1.0/meta/import/output-bundle.json	census 88	enumeration.tsv.gz
media-type-key-parameters	document	apis/openapi/mercedes-benz.com/mercedes-benz-diagnostics-api/1.0/meta/import/output-entry.json	census 88	enumeration.tsv.gz
media-type-key-parameters	document	apis/openapi/mercedes-benz.com/mercedes-benz-diagnostics-api/1.0/openapi.json	census 88	enumeration.tsv.gz
media-type-key-parameters	document	apis/openapi/mercedes-benz.com/remote-diagnostic-support/1.0/meta/import/input-bundle.json	census 88	enumeration.tsv.gz
media-type-key-parameters	document	apis/openapi/mercedes-benz.com/remote-diagnostic-support/1.0/meta/import/input-entry.json	census 88	enumeration.tsv.gz
media-type-key-parameters	document	apis/openapi/mercedes-benz.com/remote-diagnostic-support/1.0/meta/import/output-bundle.json	census 88	enumeration.tsv.gz
media-type-key-parameters	document	apis/openapi/mercedes-benz.com/remote-diagnostic-support/1.0/meta/import/output-entry.json	census 88	enumeration.tsv.gz
media-type-key-parameters	document	apis/openapi/mercedes-benz.com/remote-diagnostic-support/1.0/openapi.json	census 88	enumeration.tsv.gz
media-type-key-parameters	document	apis/openapi/metadata.jwplatform.com/main/1/meta/import/input-bundle.json	census 2	enumeration.tsv.gz
media-type-key-parameters	document	apis/openapi/metadata.jwplatform.com/main/1/meta/import/input-entry.json	census 2	enumeration.tsv.gz
media-type-key-parameters	document	apis/openapi/metadata.jwplatform.com/main/1/meta/import/output-bundle.json	census 2	enumeration.tsv.gz
media-type-key-parameters	document	apis/openapi/metadata.jwplatform.com/main/1/meta/import/output-entry.json	census 2	enumeration.tsv.gz
media-type-key-parameters	document	apis/openapi/metadata.jwplatform.com/main/1/openapi.json	census 2	enumeration.tsv.gz
media-type-key-parameters	document	apis/openapi/nbg.gr/account-and-transaction-api-specification---uk/v3.1.5/meta/import/input-bundle.json	census 76	enumeration.tsv.gz
media-type-key-parameters	document	apis/openapi/nbg.gr/account-and-transaction-api-specification---uk/v3.1.5/meta/import/input-entry.json	census 76	enumeration.tsv.gz
media-type-key-parameters	document	apis/openapi/nbg.gr/account-and-transaction-api-specification---uk/v3.1.5/meta/import/output-bundle.json	census 76	enumeration.tsv.gz
media-type-key-parameters	document	apis/openapi/nbg.gr/account-and-transaction-api-specification---uk/v3.1.5/meta/import/output-entry.json	census 76	enumeration.tsv.gz
media-type-key-parameters	document	apis/openapi/nbg.gr/account-and-transaction-api-specification---uk/v3.1.5/openapi.json	census 76	enumeration.tsv.gz
media-type-key-parameters	document	apis/openapi/nbg.gr/main/v3.1.5/meta/import/input-bundle.json	census 76	enumeration.tsv.gz
media-type-key-parameters	document	apis/openapi/nbg.gr/main/v3.1.5/meta/import/input-entry.json	census 76	enumeration.tsv.gz
media-type-key-parameters	document	apis/openapi/nbg.gr/main/v3.1.5/meta/import/output-bundle.json	census 76	enumeration.tsv.gz
media-type-key-parameters	document	apis/openapi/nbg.gr/main/v3.1.5/meta/import/output-entry.json	census 76	enumeration.tsv.gz
media-type-key-parameters	document	apis/openapi/nbg.gr/main/v3.1.5/openapi.json	census 76	enumeration.tsv.gz
media-type-key-parameters	document	apis/openapi/openbanking.org.uk/account-info-openapi/4.0.0/meta/import/input-bundled.json	census 32	enumeration.tsv.gz
media-type-key-parameters	document	apis/openapi/openbanking.org.uk/account-info-openapi/4.0.0/meta/import/input-entry.json	census 32	enumeration.tsv.gz
media-type-key-parameters	document	apis/openapi/openbanking.org.uk/account-info-openapi/4.0.0/meta/import/output-bundled.json	census 32	enumeration.tsv.gz
media-type-key-parameters	document	apis/openapi/openbanking.org.uk/account-info-openapi/4.0.0/meta/import/output-entry.json	census 32	enumeration.tsv.gz
media-type-key-parameters	document	apis/openapi/openbanking.org.uk/account-info-openapi/4.0.0/openapi.json	census 32	enumeration.tsv.gz
media-type-key-parameters	document	apis/openapi/openbanking.org.uk/confirmation-funds-openapi/4.0.0/meta/import/input-bundled.json	census 6	enumeration.tsv.gz
media-type-key-parameters	document	apis/openapi/openbanking.org.uk/confirmation-funds-openapi/4.0.0/meta/import/input-entry.json	census 6	enumeration.tsv.gz
media-type-key-parameters	document	apis/openapi/openbanking.org.uk/confirmation-funds-openapi/4.0.0/meta/import/output-bundled.json	census 6	enumeration.tsv.gz
media-type-key-parameters	document	apis/openapi/openbanking.org.uk/confirmation-funds-openapi/4.0.0/meta/import/output-entry.json	census 6	enumeration.tsv.gz
media-type-key-parameters	document	apis/openapi/openbanking.org.uk/confirmation-funds-openapi/4.0.0/openapi.json	census 6	enumeration.tsv.gz
media-type-key-parameters	document	apis/openapi/openbanking.org.uk/payment-initiation-openapi/4.0.0/meta/import/input-bundled.json	census 59	enumeration.tsv.gz
media-type-key-parameters	document	apis/openapi/openbanking.org.uk/payment-initiation-openapi/4.0.0/meta/import/input-entry.json	census 59	enumeration.tsv.gz
media-type-key-parameters	document	apis/openapi/openbanking.org.uk/payment-initiation-openapi/4.0.0/meta/import/output-bundled.json	census 59	enumeration.tsv.gz
media-type-key-parameters	document	apis/openapi/openbanking.org.uk/payment-initiation-openapi/4.0.0/meta/import/output-entry.json	census 59	enumeration.tsv.gz
media-type-key-parameters	document	apis/openapi/openbanking.org.uk/payment-initiation-openapi/4.0.0/openapi.json	census 59	enumeration.tsv.gz
media-type-key-parameters	document	apis/openapi/opencagedata.com/main/1.1.0/meta/import/input-bundled.json	census 14	enumeration.tsv.gz
media-type-key-parameters	document	apis/openapi/opencagedata.com/main/1.1.0/meta/import/input-entry.json	census 14	enumeration.tsv.gz
media-type-key-parameters	document	apis/openapi/opencagedata.com/main/1.1.0/meta/import/output-bundled.json	census 14	enumeration.tsv.gz
media-type-key-parameters	document	apis/openapi/opencagedata.com/main/1.1.0/meta/import/output-entry.json	census 14	enumeration.tsv.gz
media-type-key-parameters	document	apis/openapi/opencagedata.com/main/1.1.0/openapi.json	census 14	enumeration.tsv.gz
media-type-key-parameters	document	apis/openapi/opendatasoft.com/main/v2.0/meta/import/input-bundled.json	census 9	enumeration.tsv.gz
media-type-key-parameters	document	apis/openapi/opendatasoft.com/main/v2.0/meta/import/input-entry.json	census 9	enumeration.tsv.gz
media-type-key-parameters	document	apis/openapi/opendatasoft.com/main/v2.0/meta/import/output-bundled.json	census 9	enumeration.tsv.gz
media-type-key-parameters	document	apis/openapi/opendatasoft.com/main/v2.0/meta/import/output-entry.json	census 9	enumeration.tsv.gz
media-type-key-parameters	document	apis/openapi/opendatasoft.com/main/v2.0/openapi.json	census 9	enumeration.tsv.gz
media-type-key-parameters	document	apis/openapi/opendota.com/main/31.1.0/meta/import/input-bundle.json	census 55	enumeration.tsv.gz
media-type-key-parameters	document	apis/openapi/opendota.com/main/31.1.0/meta/import/input-entry.json	census 55	enumeration.tsv.gz
media-type-key-parameters	document	apis/openapi/opendota.com/main/31.1.0/meta/import/output-bundle.json	census 55	enumeration.tsv.gz
media-type-key-parameters	document	apis/openapi/opendota.com/main/31.1.0/meta/import/output-entry.json	census 55	enumeration.tsv.gz
media-type-key-parameters	document	apis/openapi/opendota.com/main/31.1.0/openapi.json	census 55	enumeration.tsv.gz
media-type-key-parameters	document	apis/openapi/openfigi.com/main/2.0.0/meta/import/input-bundled.json	census 42	enumeration.tsv.gz
media-type-key-parameters	document	apis/openapi/openfigi.com/main/2.0.0/meta/import/input-entry.json	census 42	enumeration.tsv.gz
media-type-key-parameters	document	apis/openapi/openfigi.com/main/2.0.0/meta/import/output-bundled.json	census 42	enumeration.tsv.gz
media-type-key-parameters	document	apis/openapi/openfigi.com/main/2.0.0/meta/import/output-entry.json	census 42	enumeration.tsv.gz
media-type-key-parameters	document	apis/openapi/openfigi.com/main/2.0.0/openapi.json	census 42	enumeration.tsv.gz
media-type-key-parameters	document	apis/openapi/openfinancebrasil.org.br/main/2.5.0-beta.2/meta/import/input-bundle.json	census 13	enumeration.tsv.gz
media-type-key-parameters	document	apis/openapi/openfinancebrasil.org.br/main/2.5.0-beta.2/meta/import/input-entry.json	census 13	enumeration.tsv.gz
media-type-key-parameters	document	apis/openapi/openfinancebrasil.org.br/main/2.5.0-beta.2/meta/import/output-bundle.json	census 13	enumeration.tsv.gz
media-type-key-parameters	document	apis/openapi/openfinancebrasil.org.br/main/2.5.0-beta.2/meta/import/output-entry.json	census 13	enumeration.tsv.gz
media-type-key-parameters	document	apis/openapi/openfinancebrasil.org.br/main/2.5.0-beta.2/openapi.json	census 13	enumeration.tsv.gz
media-type-key-parameters	document	apis/openapi/pleo.io/main/12.2.0/meta/import/input-bundle.json	census 3	enumeration.tsv.gz
media-type-key-parameters	document	apis/openapi/pleo.io/main/12.2.0/meta/import/input-entry.json	census 3	enumeration.tsv.gz
media-type-key-parameters	document	apis/openapi/pleo.io/main/12.2.0/meta/import/output-bundle.json	census 3	enumeration.tsv.gz
media-type-key-parameters	document	apis/openapi/pleo.io/main/12.2.0/meta/import/output-entry.json	census 3	enumeration.tsv.gz
media-type-key-parameters	document	apis/openapi/pleo.io/main/12.2.0/openapi.json	census 3	enumeration.tsv.gz
media-type-key-parameters	document	apis/openapi/portal.1nce.com/main/v1/meta/import/input-bundle.json	census 20	enumeration.tsv.gz
media-type-key-parameters	document	apis/openapi/portal.1nce.com/main/v1/meta/import/input-entry.json	census 20	enumeration.tsv.gz
media-type-key-parameters	document	apis/openapi/portal.1nce.com/main/v1/meta/import/output-bundle.json	census 20	enumeration.tsv.gz
media-type-key-parameters	document	apis/openapi/portal.1nce.com/main/v1/meta/import/output-entry.json	census 20	enumeration.tsv.gz
media-type-key-parameters	document	apis/openapi/portal.1nce.com/main/v1/openapi.json	census 20	enumeration.tsv.gz
media-type-key-parameters	document	apis/openapi/rapid7.com/main/3/meta/import/input-bundle.json	census 1702	enumeration.tsv.gz
media-type-key-parameters	document	apis/openapi/rapid7.com/main/3/meta/import/input-entry.json	census 1702	enumeration.tsv.gz
media-type-key-parameters	document	apis/openapi/rapid7.com/main/3/meta/import/output-bundle.json	census 1702	enumeration.tsv.gz
media-type-key-parameters	document	apis/openapi/rapid7.com/main/3/meta/import/output-entry.json	census 1702	enumeration.tsv.gz
media-type-key-parameters	document	apis/openapi/rapid7.com/main/3/openapi.json	census 1702	enumeration.tsv.gz
media-type-key-parameters	document	apis/openapi/ritekit.com/main/1.0.0/meta/import/input-bundle.json	census 11	enumeration.tsv.gz
media-type-key-parameters	document	apis/openapi/ritekit.com/main/1.0.0/meta/import/input-entry.json	census 11	enumeration.tsv.gz
media-type-key-parameters	document	apis/openapi/ritekit.com/main/1.0.0/meta/import/output-bundle.json	census 11	enumeration.tsv.gz
media-type-key-parameters	document	apis/openapi/ritekit.com/main/1.0.0/meta/import/output-entry.json	census 11	enumeration.tsv.gz
media-type-key-parameters	document	apis/openapi/ritekit.com/main/1.0.0/openapi.json	census 11	enumeration.tsv.gz
media-type-key-parameters	document	apis/openapi/ritekit.com/ritekit-api/1.0.0/meta/import/input-bundle.json	census 11	enumeration.tsv.gz
media-type-key-parameters	document	apis/openapi/ritekit.com/ritekit-api/1.0.0/meta/import/input-entry.json	census 11	enumeration.tsv.gz
media-type-key-parameters	document	apis/openapi/ritekit.com/ritekit-api/1.0.0/meta/import/output-bundle.json	census 11	enumeration.tsv.gz
media-type-key-parameters	document	apis/openapi/ritekit.com/ritekit-api/1.0.0/meta/import/output-entry.json	census 11	enumeration.tsv.gz
media-type-key-parameters	document	apis/openapi/ritekit.com/ritekit-api/1.0.0/openapi.json	census 11	enumeration.tsv.gz
media-type-key-parameters	document	apis/openapi/robotstudio.com/main/2.0/meta/import/input-bundle.json	census 73	enumeration.tsv.gz
media-type-key-parameters	document	apis/openapi/robotstudio.com/main/2.0/meta/import/input-entry.json	census 73	enumeration.tsv.gz
media-type-key-parameters	document	apis/openapi/robotstudio.com/main/2.0/meta/import/output-bundle.json	census 73	enumeration.tsv.gz
media-type-key-parameters	document	apis/openapi/robotstudio.com/main/2.0/meta/import/output-entry.json	census 73	enumeration.tsv.gz
media-type-key-parameters	document	apis/openapi/robotstudio.com/main/2.0/openapi.json	census 73	enumeration.tsv.gz
media-type-key-parameters	document	apis/openapi/securityscorecard.io/main/1.9.80/meta/import/input-bundle.json	census 548	enumeration.tsv.gz
media-type-key-parameters	document	apis/openapi/securityscorecard.io/main/1.9.80/meta/import/input-entry.json	census 548	enumeration.tsv.gz
media-type-key-parameters	document	apis/openapi/securityscorecard.io/main/1.9.80/meta/import/output-bundle.json	census 548	enumeration.tsv.gz
media-type-key-parameters	document	apis/openapi/securityscorecard.io/main/1.9.80/meta/import/output-entry.json	census 548	enumeration.tsv.gz
media-type-key-parameters	document	apis/openapi/securityscorecard.io/main/1.9.80/openapi.json	census 548	enumeration.tsv.gz
media-type-key-parameters	document	apis/openapi/sheerseo.com/main/0.0.1/meta/import/input-bundled.json	census 19	enumeration.tsv.gz
media-type-key-parameters	document	apis/openapi/sheerseo.com/main/0.0.1/meta/import/input-entry.json	census 19	enumeration.tsv.gz
media-type-key-parameters	document	apis/openapi/sheerseo.com/main/0.0.1/meta/import/output-bundled.json	census 19	enumeration.tsv.gz
media-type-key-parameters	document	apis/openapi/sheerseo.com/main/0.0.1/meta/import/output-entry.json	census 19	enumeration.tsv.gz
media-type-key-parameters	document	apis/openapi/sheerseo.com/main/0.0.1/openapi.json	census 19	enumeration.tsv.gz
media-type-key-parameters	document	apis/openapi/smartrecruiters.com/smartrecruiters/201911.1/meta/import/input-bundle.json	census 83	enumeration.tsv.gz
media-type-key-parameters	document	apis/openapi/smartrecruiters.com/smartrecruiters/201911.1/meta/import/input-entry.json	census 83	enumeration.tsv.gz
media-type-key-parameters	document	apis/openapi/smartrecruiters.com/smartrecruiters/201911.1/meta/import/output-bundle.json	census 83	enumeration.tsv.gz
media-type-key-parameters	document	apis/openapi/smartrecruiters.com/smartrecruiters/201911.1/meta/import/output-entry.json	census 83	enumeration.tsv.gz
media-type-key-parameters	document	apis/openapi/smartrecruiters.com/smartrecruiters/201911.1/openapi.json	census 83	enumeration.tsv.gz
media-type-key-parameters	document	apis/openapi/snyk.io/main/1.0.0/meta/import/input-bundle.json	census 90	enumeration.tsv.gz
media-type-key-parameters	document	apis/openapi/snyk.io/main/1.0.0/meta/import/input-entry.json	census 90	enumeration.tsv.gz
media-type-key-parameters	document	apis/openapi/snyk.io/main/1.0.0/meta/import/output-bundle.json	census 90	enumeration.tsv.gz
media-type-key-parameters	document	apis/openapi/snyk.io/main/1.0.0/meta/import/output-entry.json	census 90	enumeration.tsv.gz
media-type-key-parameters	document	apis/openapi/snyk.io/main/1.0.0/openapi.json	census 90	enumeration.tsv.gz
media-type-key-parameters	document	apis/openapi/snyk.io/snyk-api/1.0.0/meta/import/input-bundle.json	census 90	enumeration.tsv.gz
media-type-key-parameters	document	apis/openapi/snyk.io/snyk-api/1.0.0/meta/import/input-entry.json	census 90	enumeration.tsv.gz
media-type-key-parameters	document	apis/openapi/snyk.io/snyk-api/1.0.0/meta/import/output-bundle.json	census 90	enumeration.tsv.gz
media-type-key-parameters	document	apis/openapi/snyk.io/snyk-api/1.0.0/meta/import/output-entry.json	census 90	enumeration.tsv.gz
media-type-key-parameters	document	apis/openapi/snyk.io/snyk-api/1.0.0/openapi.json	census 90	enumeration.tsv.gz
media-type-key-parameters	document	apis/openapi/soundcloud.com/main/1.0.0/meta/import/input-bundled.json	census 32	enumeration.tsv.gz
media-type-key-parameters	document	apis/openapi/soundcloud.com/main/1.0.0/meta/import/input-entry.json	census 32	enumeration.tsv.gz
media-type-key-parameters	document	apis/openapi/soundcloud.com/main/1.0.0/meta/import/output-bundled.json	census 32	enumeration.tsv.gz
media-type-key-parameters	document	apis/openapi/soundcloud.com/main/1.0.0/meta/import/output-entry.json	census 32	enumeration.tsv.gz
media-type-key-parameters	document	apis/openapi/soundcloud.com/main/1.0.0/openapi.json	census 32	enumeration.tsv.gz
media-type-key-parameters	document	apis/openapi/stax.com/main/1.0.0/meta/import/input-bundle.json	census 2	enumeration.tsv.gz
media-type-key-parameters	document	apis/openapi/stax.com/main/1.0.0/meta/import/input-entry.json	census 2	enumeration.tsv.gz
media-type-key-parameters	document	apis/openapi/stax.com/main/1.0.0/meta/import/output-bundle.json	census 2	enumeration.tsv.gz
media-type-key-parameters	document	apis/openapi/stax.com/main/1.0.0/meta/import/output-entry.json	census 2	enumeration.tsv.gz
media-type-key-parameters	document	apis/openapi/stax.com/main/1.0.0/openapi.json	census 2	enumeration.tsv.gz
media-type-key-parameters	document	apis/openapi/swaggerhub.afterbanks/afterbanks-api-extendida/5.9.3/meta/import/input-bundle.json	census 62	enumeration.tsv.gz
media-type-key-parameters	document	apis/openapi/swaggerhub.afterbanks/afterbanks-api-extendida/5.9.3/meta/import/input-entry.json	census 62	enumeration.tsv.gz
media-type-key-parameters	document	apis/openapi/swaggerhub.afterbanks/afterbanks-api-extendida/5.9.3/meta/import/output-bundle.json	census 62	enumeration.tsv.gz
media-type-key-parameters	document	apis/openapi/swaggerhub.afterbanks/afterbanks-api-extendida/5.9.3/meta/import/output-entry.json	census 62	enumeration.tsv.gz
media-type-key-parameters	document	apis/openapi/swaggerhub.afterbanks/afterbanks-api-extendida/5.9.3/openapi.json	census 62	enumeration.tsv.gz
media-type-key-parameters	document	apis/openapi/swaggerhub.swaggerquiputech/api.authorization/v3/meta/import/input-bundle.json	census 9	enumeration.tsv.gz
media-type-key-parameters	document	apis/openapi/swaggerhub.swaggerquiputech/api.authorization/v3/meta/import/input-entry.json	census 9	enumeration.tsv.gz
media-type-key-parameters	document	apis/openapi/swaggerhub.swaggerquiputech/api.authorization/v3/meta/import/output-bundle.json	census 9	enumeration.tsv.gz
media-type-key-parameters	document	apis/openapi/swaggerhub.swaggerquiputech/api.authorization/v3/meta/import/output-entry.json	census 9	enumeration.tsv.gz
media-type-key-parameters	document	apis/openapi/swaggerhub.swaggerquiputech/api.authorization/v3/openapi.json	census 9	enumeration.tsv.gz
media-type-key-parameters	document	apis/openapi/swaggerhub.tomhatch/api-demo.juyo-intra.com/0.1/meta/import/input-bundle.json	census 2	enumeration.tsv.gz
media-type-key-parameters	document	apis/openapi/swaggerhub.tomhatch/api-demo.juyo-intra.com/0.1/meta/import/input-entry.json	census 2	enumeration.tsv.gz
media-type-key-parameters	document	apis/openapi/swaggerhub.tomhatch/api-demo.juyo-intra.com/0.1/meta/import/output-bundle.json	census 2	enumeration.tsv.gz
media-type-key-parameters	document	apis/openapi/swaggerhub.tomhatch/api-demo.juyo-intra.com/0.1/meta/import/output-entry.json	census 2	enumeration.tsv.gz
media-type-key-parameters	document	apis/openapi/swaggerhub.tomhatch/api-demo.juyo-intra.com/0.1/openapi.json	census 2	enumeration.tsv.gz
media-type-key-parameters	document	apis/openapi/swaggerhub.tomhatch/api-dev.juyo-intra.com/0.2/meta/import/input-bundle.json	census 3	enumeration.tsv.gz
media-type-key-parameters	document	apis/openapi/swaggerhub.tomhatch/api-dev.juyo-intra.com/0.2/meta/import/input-entry.json	census 3	enumeration.tsv.gz
media-type-key-parameters	document	apis/openapi/swaggerhub.tomhatch/api-dev.juyo-intra.com/0.2/meta/import/output-bundle.json	census 3	enumeration.tsv.gz
media-type-key-parameters	document	apis/openapi/swaggerhub.tomhatch/api-dev.juyo-intra.com/0.2/meta/import/output-entry.json	census 3	enumeration.tsv.gz
media-type-key-parameters	document	apis/openapi/swaggerhub.tomhatch/api-dev.juyo-intra.com/0.2/openapi.json	census 3	enumeration.tsv.gz
media-type-key-parameters	document	apis/openapi/swaggerhub.tralixrd/b2b-rest/Tiimbrado/meta/import/input-bundle.json	census 1	enumeration.tsv.gz
media-type-key-parameters	document	apis/openapi/swaggerhub.tralixrd/b2b-rest/Tiimbrado/meta/import/input-entry.json	census 1	enumeration.tsv.gz
media-type-key-parameters	document	apis/openapi/swaggerhub.tralixrd/b2b-rest/Tiimbrado/meta/import/output-bundle.json	census 1	enumeration.tsv.gz
media-type-key-parameters	document	apis/openapi/swaggerhub.tralixrd/b2b-rest/Tiimbrado/meta/import/output-entry.json	census 1	enumeration.tsv.gz
media-type-key-parameters	document	apis/openapi/swaggerhub.tralixrd/b2b-rest/Tiimbrado/openapi.json	census 1	enumeration.tsv.gz
media-type-key-parameters	document	apis/openapi/swaggerhub.visanetperu/api-yape/v2/meta/import/input-bundle.json	census 2	enumeration.tsv.gz
media-type-key-parameters	document	apis/openapi/swaggerhub.visanetperu/api-yape/v2/meta/import/input-entry.json	census 2	enumeration.tsv.gz
media-type-key-parameters	document	apis/openapi/swaggerhub.visanetperu/api-yape/v2/meta/import/output-bundle.json	census 2	enumeration.tsv.gz
media-type-key-parameters	document	apis/openapi/swaggerhub.visanetperu/api-yape/v2/meta/import/output-entry.json	census 2	enumeration.tsv.gz
media-type-key-parameters	document	apis/openapi/swaggerhub.visanetperu/api-yape/v2/openapi.json	census 2	enumeration.tsv.gz
media-type-key-parameters	document	apis/openapi/swaggerhub.visanetperu/api.antifraud/v1/meta/import/input-bundle.json	census 2	enumeration.tsv.gz
media-type-key-parameters	document	apis/openapi/swaggerhub.visanetperu/api.antifraud/v1/meta/import/input-entry.json	census 2	enumeration.tsv.gz
media-type-key-parameters	document	apis/openapi/swaggerhub.visanetperu/api.antifraud/v1/meta/import/output-bundle.json	census 2	enumeration.tsv.gz
media-type-key-parameters	document	apis/openapi/swaggerhub.visanetperu/api.antifraud/v1/meta/import/output-entry.json	census 2	enumeration.tsv.gz
media-type-key-parameters	document	apis/openapi/swaggerhub.visanetperu/api.antifraud/v1/openapi.json	census 2	enumeration.tsv.gz
media-type-key-parameters	document	apis/openapi/swaggerhub.visanetperu/api.confirmation/v1/meta/import/input-bundle.json	census 2	enumeration.tsv.gz
media-type-key-parameters	document	apis/openapi/swaggerhub.visanetperu/api.confirmation/v1/meta/import/input-entry.json	census 2	enumeration.tsv.gz
media-type-key-parameters	document	apis/openapi/swaggerhub.visanetperu/api.confirmation/v1/meta/import/output-bundle.json	census 2	enumeration.tsv.gz
media-type-key-parameters	document	apis/openapi/swaggerhub.visanetperu/api.confirmation/v1/meta/import/output-entry.json	census 2	enumeration.tsv.gz
media-type-key-parameters	document	apis/openapi/swaggerhub.visanetperu/api.confirmation/v1/openapi.json	census 2	enumeration.tsv.gz
media-type-key-parameters	document	apis/openapi/swaggerhub.visanetperu/api.ecommerce/v2/meta/import/input-bundle.json	census 8	enumeration.tsv.gz
media-type-key-parameters	document	apis/openapi/swaggerhub.visanetperu/api.ecommerce/v2/meta/import/input-entry.json	census 8	enumeration.tsv.gz
media-type-key-parameters	document	apis/openapi/swaggerhub.visanetperu/api.ecommerce/v2/meta/import/output-bundle.json	census 8	enumeration.tsv.gz
media-type-key-parameters	document	apis/openapi/swaggerhub.visanetperu/api.ecommerce/v2/meta/import/output-entry.json	census 8	enumeration.tsv.gz
media-type-key-parameters	document	apis/openapi/swaggerhub.visanetperu/api.ecommerce/v2/openapi.json	census 8	enumeration.tsv.gz
media-type-key-parameters	document	apis/openapi/telnyx.com/main/2.0.0/meta/import/input-bundled.json	census 1	enumeration.tsv.gz
media-type-key-parameters	document	apis/openapi/telnyx.com/main/2.0.0/meta/import/input-entry.json	census 1	enumeration.tsv.gz
media-type-key-parameters	document	apis/openapi/telnyx.com/main/2.0.0/meta/import/output-bundled.json	census 1	enumeration.tsv.gz
media-type-key-parameters	document	apis/openapi/telnyx.com/main/2.0.0/meta/import/output-entry.json	census 1	enumeration.tsv.gz
media-type-key-parameters	document	apis/openapi/telnyx.com/main/2.0.0/openapi.json	census 1	enumeration.tsv.gz
media-type-key-parameters	document	apis/openapi/tenable.com/mssp/1.0.0/meta/import/input-bundle.json	census 1	enumeration.tsv.gz
media-type-key-parameters	document	apis/openapi/tenable.com/mssp/1.0.0/meta/import/input-entry.json	census 1	enumeration.tsv.gz
media-type-key-parameters	document	apis/openapi/tenable.com/mssp/1.0.0/meta/import/output-bundle.json	census 1	enumeration.tsv.gz
media-type-key-parameters	document	apis/openapi/tenable.com/mssp/1.0.0/meta/import/output-entry.json	census 1	enumeration.tsv.gz
media-type-key-parameters	document	apis/openapi/tenable.com/mssp/1.0.0/openapi.json	census 1	enumeration.tsv.gz
media-type-key-parameters	document	apis/openapi/thesmsworks.co.uk/main/1.8.0/meta/import/input-bundle.json	census 40	enumeration.tsv.gz
media-type-key-parameters	document	apis/openapi/thesmsworks.co.uk/main/1.8.0/meta/import/input-entry.json	census 40	enumeration.tsv.gz
media-type-key-parameters	document	apis/openapi/thesmsworks.co.uk/main/1.8.0/meta/import/output-bundle.json	census 40	enumeration.tsv.gz
media-type-key-parameters	document	apis/openapi/thesmsworks.co.uk/main/1.8.0/meta/import/output-entry.json	census 40	enumeration.tsv.gz
media-type-key-parameters	document	apis/openapi/thesmsworks.co.uk/main/1.8.0/openapi.json	census 40	enumeration.tsv.gz
media-type-key-parameters	document	apis/openapi/thesmsworks.co.uk/the-sms-works-api/1.8.0/meta/import/input-bundle.json	census 40	enumeration.tsv.gz
media-type-key-parameters	document	apis/openapi/thesmsworks.co.uk/the-sms-works-api/1.8.0/meta/import/input-entry.json	census 40	enumeration.tsv.gz
media-type-key-parameters	document	apis/openapi/thesmsworks.co.uk/the-sms-works-api/1.8.0/meta/import/output-bundle.json	census 40	enumeration.tsv.gz
media-type-key-parameters	document	apis/openapi/thesmsworks.co.uk/the-sms-works-api/1.8.0/meta/import/output-entry.json	census 40	enumeration.tsv.gz
media-type-key-parameters	document	apis/openapi/thesmsworks.co.uk/the-sms-works-api/1.8.0/openapi.json	census 40	enumeration.tsv.gz
media-type-key-parameters	document	apis/openapi/ticketmaster.com/discovery/v2/meta/import/input-bundled.json	census 2	enumeration.tsv.gz
media-type-key-parameters	document	apis/openapi/ticketmaster.com/discovery/v2/meta/import/input-entry.json	census 2	enumeration.tsv.gz
media-type-key-parameters	document	apis/openapi/ticketmaster.com/discovery/v2/meta/import/output-bundled.json	census 2	enumeration.tsv.gz
media-type-key-parameters	document	apis/openapi/ticketmaster.com/discovery/v2/meta/import/output-entry.json	census 2	enumeration.tsv.gz
media-type-key-parameters	document	apis/openapi/ticketmaster.com/discovery/v2/openapi.json	census 2	enumeration.tsv.gz
media-type-key-parameters	document	apis/openapi/vtex.local/Orders-API/1.0/meta/import/input-bundled.json	census 3	enumeration.tsv.gz
media-type-key-parameters	document	apis/openapi/vtex.local/Orders-API/1.0/meta/import/input-entry.json	census 3	enumeration.tsv.gz
media-type-key-parameters	document	apis/openapi/vtex.local/Orders-API/1.0/meta/import/output-bundled.json	census 3	enumeration.tsv.gz
media-type-key-parameters	document	apis/openapi/vtex.local/Orders-API/1.0/meta/import/output-entry.json	census 3	enumeration.tsv.gz
media-type-key-parameters	document	apis/openapi/vtex.local/Orders-API/1.0/openapi.json	census 3	enumeration.tsv.gz
media-type-key-parameters	document	apis/openapi/vtex.local/Pricing-API/1.0/meta/import/input-bundled.json	census 5	enumeration.tsv.gz
media-type-key-parameters	document	apis/openapi/vtex.local/Pricing-API/1.0/meta/import/input-entry.json	census 5	enumeration.tsv.gz
media-type-key-parameters	document	apis/openapi/vtex.local/Pricing-API/1.0/meta/import/output-bundled.json	census 5	enumeration.tsv.gz
media-type-key-parameters	document	apis/openapi/vtex.local/Pricing-API/1.0/meta/import/output-entry.json	census 5	enumeration.tsv.gz
media-type-key-parameters	document	apis/openapi/vtex.local/Pricing-API/1.0/openapi.json	census 5	enumeration.tsv.gz
media-type-key-parameters	document	apis/openapi/waterlinked.com/main/1.0/meta/import/input-bundled.json	census 5	enumeration.tsv.gz
media-type-key-parameters	document	apis/openapi/waterlinked.com/main/1.0/meta/import/input-entry.json	census 5	enumeration.tsv.gz
media-type-key-parameters	document	apis/openapi/waterlinked.com/main/1.0/meta/import/output-bundled.json	census 5	enumeration.tsv.gz
media-type-key-parameters	document	apis/openapi/waterlinked.com/main/1.0/meta/import/output-entry.json	census 5	enumeration.tsv.gz
media-type-key-parameters	document	apis/openapi/waterlinked.com/main/1.0/openapi.json	census 5	enumeration.tsv.gz
media-type-key-parameters	document	apis/openapi/windows.net/batch-BatchService/2015-12-01.2.2/meta/import/input-bundled.json	census 24	enumeration.tsv.gz
media-type-key-parameters	document	apis/openapi/windows.net/batch-BatchService/2015-12-01.2.2/meta/import/input-entry.json	census 24	enumeration.tsv.gz
media-type-key-parameters	document	apis/openapi/windows.net/batch-BatchService/2015-12-01.2.2/meta/import/output-bundled.json	census 24	enumeration.tsv.gz
media-type-key-parameters	document	apis/openapi/windows.net/batch-BatchService/2015-12-01.2.2/meta/import/output-entry.json	census 24	enumeration.tsv.gz
media-type-key-parameters	document	apis/openapi/windows.net/batch-BatchService/2015-12-01.2.2/openapi.json	census 24	enumeration.tsv.gz
media-type-key-parameters	document	apis/openapi/windows.net/batch-BatchService/2016-02-01.3.0/meta/import/input-bundled.json	census 25	enumeration.tsv.gz
media-type-key-parameters	document	apis/openapi/windows.net/batch-BatchService/2016-02-01.3.0/meta/import/input-entry.json	census 25	enumeration.tsv.gz
media-type-key-parameters	document	apis/openapi/windows.net/batch-BatchService/2016-02-01.3.0/meta/import/output-bundled.json	census 25	enumeration.tsv.gz
media-type-key-parameters	document	apis/openapi/windows.net/batch-BatchService/2016-02-01.3.0/meta/import/output-entry.json	census 25	enumeration.tsv.gz
media-type-key-parameters	document	apis/openapi/windows.net/batch-BatchService/2016-02-01.3.0/openapi.json	census 25	enumeration.tsv.gz
media-type-key-parameters	document	apis/openapi/windows.net/batch-BatchService/2016-07-01.3.1/meta/import/input-bundled.json	census 25	enumeration.tsv.gz
media-type-key-parameters	document	apis/openapi/windows.net/batch-BatchService/2016-07-01.3.1/meta/import/input-entry.json	census 25	enumeration.tsv.gz
media-type-key-parameters	document	apis/openapi/windows.net/batch-BatchService/2016-07-01.3.1/meta/import/output-bundled.json	census 25	enumeration.tsv.gz
media-type-key-parameters	document	apis/openapi/windows.net/batch-BatchService/2016-07-01.3.1/meta/import/output-entry.json	census 25	enumeration.tsv.gz
media-type-key-parameters	document	apis/openapi/windows.net/batch-BatchService/2016-07-01.3.1/openapi.json	census 25	enumeration.tsv.gz
media-type-key-parameters	document	apis/openapi/xtrf.eu/main/2.0/meta/import/input-bundled.json	census 258	enumeration.tsv.gz
media-type-key-parameters	document	apis/openapi/xtrf.eu/main/2.0/meta/import/input-entry.json	census 258	enumeration.tsv.gz
media-type-key-parameters	document	apis/openapi/xtrf.eu/main/2.0/meta/import/output-bundled.json	census 258	enumeration.tsv.gz
media-type-key-parameters	document	apis/openapi/xtrf.eu/main/2.0/meta/import/output-entry.json	census 258	enumeration.tsv.gz
media-type-key-parameters	document	apis/openapi/xtrf.eu/main/2.0/openapi.json	census 258	enumeration.tsv.gz
media-type-key-parameters	document	apis/openapi/yodlee.com/main/1.1.0/meta/import/input-bundled.json	census 98	enumeration.tsv.gz
media-type-key-parameters	document	apis/openapi/yodlee.com/main/1.1.0/meta/import/input-entry.json	census 98	enumeration.tsv.gz
media-type-key-parameters	document	apis/openapi/yodlee.com/main/1.1.0/meta/import/output-bundled.json	census 98	enumeration.tsv.gz
media-type-key-parameters	document	apis/openapi/yodlee.com/main/1.1.0/meta/import/output-entry.json	census 98	enumeration.tsv.gz
media-type-key-parameters	document	apis/openapi/yodlee.com/main/1.1.0/openapi.json	census 98	enumeration.tsv.gz
media-type-key-parameters	document	apis/openapi/zuora.com/main/2021-08-20/meta/import/input-bundle.json	census 836	enumeration.tsv.gz
media-type-key-parameters	document	apis/openapi/zuora.com/main/2021-08-20/meta/import/input-entry.json	census 836	enumeration.tsv.gz
media-type-key-parameters	document	apis/openapi/zuora.com/main/2021-08-20/meta/import/output-bundle.json	census 836	enumeration.tsv.gz
media-type-key-parameters	document	apis/openapi/zuora.com/main/2021-08-20/meta/import/output-entry.json	census 836	enumeration.tsv.gz
media-type-key-parameters	document	apis/openapi/zuora.com/main/2021-08-20/openapi.json	census 836	enumeration.tsv.gz
media-type-key-parameters	walk	jentic/jentic-public-apis@eb9d12a2684b0fbcb5aecf51e8ae54dba0929743	74240	enumeration.tsv.gz
oneof-discriminated-union	document	apis/openapi/100hires.com/main/2.0.0/meta/import/input-bundle.json	census 3	enumeration.tsv.gz
oneof-discriminated-union	document	apis/openapi/100hires.com/main/2.0.0/meta/import/input-entry.json	census 3	enumeration.tsv.gz
oneof-discriminated-union	document	apis/openapi/100hires.com/main/2.0.0/meta/import/output-bundle.json	census 3	enumeration.tsv.gz
oneof-discriminated-union	document	apis/openapi/100hires.com/main/2.0.0/meta/import/output-entry.json	census 3	enumeration.tsv.gz
oneof-discriminated-union	document	apis/openapi/100hires.com/main/2.0.0/openapi.json	census 3	enumeration.tsv.gz
oneof-discriminated-union	document	apis/openapi/ably.net/control/1.0.32/meta/import/input-bundled.json	census 15	enumeration.tsv.gz
oneof-discriminated-union	document	apis/openapi/ably.net/control/1.0.32/meta/import/input-entry.json	census 15	enumeration.tsv.gz
oneof-discriminated-union	document	apis/openapi/ably.net/control/1.0.32/meta/import/output-bundled.json	census 15	enumeration.tsv.gz
oneof-discriminated-union	document	apis/openapi/ably.net/control/1.0.32/meta/import/output-entry.json	census 15	enumeration.tsv.gz
oneof-discriminated-union	document	apis/openapi/ably.net/control/1.0.32/openapi.json	census 15	enumeration.tsv.gz
oneof-discriminated-union	document	apis/openapi/ably.net/control/v1/meta/import/input-bundled.json	census 15	enumeration.tsv.gz
oneof-discriminated-union	document	apis/openapi/ably.net/control/v1/meta/import/input-entry.json	census 15	enumeration.tsv.gz
oneof-discriminated-union	document	apis/openapi/ably.net/control/v1/meta/import/output-bundled.json	census 15	enumeration.tsv.gz
oneof-discriminated-union	document	apis/openapi/ably.net/control/v1/meta/import/output-entry.json	census 15	enumeration.tsv.gz
oneof-discriminated-union	document	apis/openapi/ably.net/control/v1/openapi.json	census 15	enumeration.tsv.gz
oneof-discriminated-union	document	apis/openapi/adapty.io/main/1.0.0/meta/import/input-bundle.json	census 1	enumeration.tsv.gz
oneof-discriminated-union	document	apis/openapi/adapty.io/main/1.0.0/meta/import/input-entry.json	census 1	enumeration.tsv.gz
oneof-discriminated-union	document	apis/openapi/adapty.io/main/1.0.0/meta/import/output-bundle.json	census 1	enumeration.tsv.gz
oneof-discriminated-union	document	apis/openapi/adapty.io/main/1.0.0/meta/import/output-entry.json	census 1	enumeration.tsv.gz
oneof-discriminated-union	document	apis/openapi/adapty.io/main/1.0.0/openapi.json	census 1	enumeration.tsv.gz
oneof-discriminated-union	document	apis/openapi/adyen.com/BalancePlatformConfigurationNotification-v1/1/meta/import/input-bundled.json	census 1	enumeration.tsv.gz
oneof-discriminated-union	document	apis/openapi/adyen.com/BalancePlatformConfigurationNotification-v1/1/meta/import/input-entry.json	census 1	enumeration.tsv.gz
oneof-discriminated-union	document	apis/openapi/adyen.com/BalancePlatformConfigurationNotification-v1/1/meta/import/output-bundled.json	census 1	enumeration.tsv.gz
oneof-discriminated-union	document	apis/openapi/adyen.com/BalancePlatformConfigurationNotification-v1/1/meta/import/output-entry.json	census 1	enumeration.tsv.gz
oneof-discriminated-union	document	apis/openapi/adyen.com/BalancePlatformConfigurationNotification-v1/1/openapi.json	census 1	enumeration.tsv.gz
oneof-discriminated-union	document	apis/openapi/adyen.com/BalancePlatformService/1/meta/import/input-bundled.json	census 2	enumeration.tsv.gz
oneof-discriminated-union	document	apis/openapi/adyen.com/BalancePlatformService/1/meta/import/input-entry.json	census 2	enumeration.tsv.gz
oneof-discriminated-union	document	apis/openapi/adyen.com/BalancePlatformService/1/meta/import/output-bundled.json	census 2	enumeration.tsv.gz
oneof-discriminated-union	document	apis/openapi/adyen.com/BalancePlatformService/1/meta/import/output-entry.json	census 2	enumeration.tsv.gz
oneof-discriminated-union	document	apis/openapi/adyen.com/BalancePlatformService/1/openapi.json	census 2	enumeration.tsv.gz
oneof-discriminated-union	document	apis/openapi/adyen.com/BalancePlatformService/2/meta/import/input-bundled.json	census 3	enumeration.tsv.gz
oneof-discriminated-union	document	apis/openapi/adyen.com/BalancePlatformService/2/meta/import/input-entry.json	census 3	enumeration.tsv.gz
oneof-discriminated-union	document	apis/openapi/adyen.com/BalancePlatformService/2/meta/import/output-bundled.json	census 3	enumeration.tsv.gz
oneof-discriminated-union	document	apis/openapi/adyen.com/BalancePlatformService/2/meta/import/output-entry.json	census 3	enumeration.tsv.gz
oneof-discriminated-union	document	apis/openapi/adyen.com/BalancePlatformService/2/openapi.json	census 3	enumeration.tsv.gz
oneof-discriminated-union	document	apis/openapi/adyen.com/BalancePlatformTransferNotification-v3/3/meta/import/input-bundled.json	census 2	enumeration.tsv.gz
oneof-discriminated-union	document	apis/openapi/adyen.com/BalancePlatformTransferNotification-v3/3/meta/import/input-entry.json	census 2	enumeration.tsv.gz
oneof-discriminated-union	document	apis/openapi/adyen.com/BalancePlatformTransferNotification-v3/3/meta/import/output-bundled.json	census 2	enumeration.tsv.gz
oneof-discriminated-union	document	apis/openapi/adyen.com/BalancePlatformTransferNotification-v3/3/meta/import/output-entry.json	census 2	enumeration.tsv.gz
oneof-discriminated-union	document	apis/openapi/adyen.com/BalancePlatformTransferNotification-v3/3/openapi.json	census 2	enumeration.tsv.gz
oneof-discriminated-union	document	apis/openapi/adyen.com/CheckoutService/49/meta/import/input-bundled.json	census 1	enumeration.tsv.gz
oneof-discriminated-union	document	apis/openapi/adyen.com/CheckoutService/49/meta/import/input-entry.json	census 1	enumeration.tsv.gz
oneof-discriminated-union	document	apis/openapi/adyen.com/CheckoutService/49/meta/import/output-bundled.json	census 1	enumeration.tsv.gz
oneof-discriminated-union	document	apis/openapi/adyen.com/CheckoutService/49/meta/import/output-entry.json	census 1	enumeration.tsv.gz
oneof-discriminated-union	document	apis/openapi/adyen.com/CheckoutService/49/openapi.json	census 1	enumeration.tsv.gz
oneof-discriminated-union	document	apis/openapi/adyen.com/CheckoutService/50/meta/import/input-bundled.json	census 1	enumeration.tsv.gz
oneof-discriminated-union	document	apis/openapi/adyen.com/CheckoutService/50/meta/import/input-entry.json	census 1	enumeration.tsv.gz
oneof-discriminated-union	document	apis/openapi/adyen.com/CheckoutService/50/meta/import/output-bundled.json	census 1	enumeration.tsv.gz
oneof-discriminated-union	document	apis/openapi/adyen.com/CheckoutService/50/meta/import/output-entry.json	census 1	enumeration.tsv.gz
oneof-discriminated-union	document	apis/openapi/adyen.com/CheckoutService/50/openapi.json	census 1	enumeration.tsv.gz
oneof-discriminated-union	document	apis/openapi/adyen.com/CheckoutService/51/meta/import/input-bundled.json	census 1	enumeration.tsv.gz
oneof-discriminated-union	document	apis/openapi/adyen.com/CheckoutService/51/meta/import/input-entry.json	census 1	enumeration.tsv.gz
oneof-discriminated-union	document	apis/openapi/adyen.com/CheckoutService/51/meta/import/output-bundled.json	census 1	enumeration.tsv.gz
oneof-discriminated-union	document	apis/openapi/adyen.com/CheckoutService/51/meta/import/output-entry.json	census 1	enumeration.tsv.gz
oneof-discriminated-union	document	apis/openapi/adyen.com/CheckoutService/51/openapi.json	census 1	enumeration.tsv.gz
oneof-discriminated-union	document	apis/openapi/adyen.com/CheckoutService/52/meta/import/input-bundled.json	census 1	enumeration.tsv.gz
oneof-discriminated-union	document	apis/openapi/adyen.com/CheckoutService/52/meta/import/input-entry.json	census 1	enumeration.tsv.gz
oneof-discriminated-union	document	apis/openapi/adyen.com/CheckoutService/52/meta/import/output-bundled.json	census 1	enumeration.tsv.gz
oneof-discriminated-union	document	apis/openapi/adyen.com/CheckoutService/52/meta/import/output-entry.json	census 1	enumeration.tsv.gz
oneof-discriminated-union	document	apis/openapi/adyen.com/CheckoutService/52/openapi.json	census 1	enumeration.tsv.gz
oneof-discriminated-union	document	apis/openapi/adyen.com/CheckoutService/53/meta/import/input-bundled.json	census 1	enumeration.tsv.gz
oneof-discriminated-union	document	apis/openapi/adyen.com/CheckoutService/53/meta/import/input-entry.json	census 1	enumeration.tsv.gz
oneof-discriminated-union	document	apis/openapi/adyen.com/CheckoutService/53/meta/import/output-bundled.json	census 1	enumeration.tsv.gz
oneof-discriminated-union	document	apis/openapi/adyen.com/CheckoutService/53/meta/import/output-entry.json	census 1	enumeration.tsv.gz
oneof-discriminated-union	document	apis/openapi/adyen.com/CheckoutService/53/openapi.json	census 1	enumeration.tsv.gz
oneof-discriminated-union	document	apis/openapi/adyen.com/CheckoutService/64/meta/import/input-bundled.json	census 1	enumeration.tsv.gz
oneof-discriminated-union	document	apis/openapi/adyen.com/CheckoutService/64/meta/import/input-entry.json	census 1	enumeration.tsv.gz
oneof-discriminated-union	document	apis/openapi/adyen.com/CheckoutService/64/meta/import/output-bundled.json	census 1	enumeration.tsv.gz
oneof-discriminated-union	document	apis/openapi/adyen.com/CheckoutService/64/meta/import/output-entry.json	census 1	enumeration.tsv.gz
oneof-discriminated-union	document	apis/openapi/adyen.com/CheckoutService/64/openapi.json	census 1	enumeration.tsv.gz
oneof-discriminated-union	document	apis/openapi/adyen.com/CheckoutService/65/meta/import/input-bundled.json	census 1	enumeration.tsv.gz
oneof-discriminated-union	document	apis/openapi/adyen.com/CheckoutService/65/meta/import/input-entry.json	census 1	enumeration.tsv.gz
oneof-discriminated-union	document	apis/openapi/adyen.com/CheckoutService/65/meta/import/output-bundled.json	census 1	enumeration.tsv.gz
oneof-discriminated-union	document	apis/openapi/adyen.com/CheckoutService/65/meta/import/output-entry.json	census 1	enumeration.tsv.gz
oneof-discriminated-union	document	apis/openapi/adyen.com/CheckoutService/65/openapi.json	census 1	enumeration.tsv.gz
oneof-discriminated-union	document	apis/openapi/adyen.com/CheckoutService/66/meta/import/input-bundled.json	census 1	enumeration.tsv.gz
oneof-discriminated-union	document	apis/openapi/adyen.com/CheckoutService/66/meta/import/input-entry.json	census 1	enumeration.tsv.gz
oneof-discriminated-union	document	apis/openapi/adyen.com/CheckoutService/66/meta/import/output-bundled.json	census 1	enumeration.tsv.gz
oneof-discriminated-union	document	apis/openapi/adyen.com/CheckoutService/66/meta/import/output-entry.json	census 1	enumeration.tsv.gz
oneof-discriminated-union	document	apis/openapi/adyen.com/CheckoutService/66/openapi.json	census 1	enumeration.tsv.gz
oneof-discriminated-union	document	apis/openapi/adyen.com/TransferService-v4/4/meta/import/input-bundled.json	census 3	enumeration.tsv.gz
oneof-discriminated-union	document	apis/openapi/adyen.com/TransferService-v4/4/meta/import/input-entry.json	census 3	enumeration.tsv.gz
oneof-discriminated-union	document	apis/openapi/adyen.com/TransferService-v4/4/meta/import/output-bundled.json	census 3	enumeration.tsv.gz
oneof-discriminated-union	document	apis/openapi/adyen.com/TransferService-v4/4/meta/import/output-entry.json	census 3	enumeration.tsv.gz
oneof-discriminated-union	document	apis/openapi/adyen.com/TransferService-v4/4/openapi.json	census 3	enumeration.tsv.gz
oneof-discriminated-union	document	apis/openapi/airbyte.com/main/1.0.0/meta/import/input-bundle.json	census 2	enumeration.tsv.gz
oneof-discriminated-union	document	apis/openapi/airbyte.com/main/1.0.0/meta/import/input-entry.json	census 2	enumeration.tsv.gz
oneof-discriminated-union	document	apis/openapi/airbyte.com/main/1.0.0/meta/import/output-bundle.json	census 2	enumeration.tsv.gz
oneof-discriminated-union	document	apis/openapi/airbyte.com/main/1.0.0/meta/import/output-entry.json	census 2	enumeration.tsv.gz
oneof-discriminated-union	document	apis/openapi/airbyte.com/main/1.0.0/openapi.json	census 2	enumeration.tsv.gz
oneof-discriminated-union	document	apis/openapi/alerty.ai/main/1.0.0/meta/import/input-bundle.json	census 1	enumeration.tsv.gz
oneof-discriminated-union	document	apis/openapi/alerty.ai/main/1.0.0/meta/import/input-entry.json	census 1	enumeration.tsv.gz
oneof-discriminated-union	document	apis/openapi/alerty.ai/main/1.0.0/meta/import/output-bundle.json	census 1	enumeration.tsv.gz
oneof-discriminated-union	document	apis/openapi/alerty.ai/main/1.0.0/meta/import/output-entry.json	census 1	enumeration.tsv.gz
oneof-discriminated-union	document	apis/openapi/alerty.ai/main/1.0.0/openapi.json	census 1	enumeration.tsv.gz
oneof-discriminated-union	document	apis/openapi/alpaca.markets/broker/1.1.1/meta/import/input-bundled.json	census 3	enumeration.tsv.gz
oneof-discriminated-union	document	apis/openapi/alpaca.markets/broker/1.1.1/meta/import/input-entry.json	census 3	enumeration.tsv.gz
oneof-discriminated-union	document	apis/openapi/alpaca.markets/broker/1.1.1/meta/import/output-bundled.json	census 3	enumeration.tsv.gz
oneof-discriminated-union	document	apis/openapi/alpaca.markets/broker/1.1.1/meta/import/output-entry.json	census 3	enumeration.tsv.gz
oneof-discriminated-union	document	apis/openapi/alpaca.markets/broker/1.1.1/openapi.json	census 3	enumeration.tsv.gz
oneof-discriminated-union	document	apis/openapi/alpha.layer2financial.dev/main/1.0.5/meta/import/input-bundle.json	census 1	enumeration.tsv.gz
oneof-discriminated-union	document	apis/openapi/alpha.layer2financial.dev/main/1.0.5/meta/import/input-entry.json	census 1	enumeration.tsv.gz
oneof-discriminated-union	document	apis/openapi/alpha.layer2financial.dev/main/1.0.5/meta/import/output-bundle.json	census 1	enumeration.tsv.gz
oneof-discriminated-union	document	apis/openapi/alpha.layer2financial.dev/main/1.0.5/meta/import/output-entry.json	census 1	enumeration.tsv.gz
oneof-discriminated-union	document	apis/openapi/alpha.layer2financial.dev/main/1.0.5/openapi.json	census 1	enumeration.tsv.gz
oneof-discriminated-union	document	apis/openapi/anthropic.com/anthropic-api/2024-10-22/meta/import/input-bundle.json	census 133	enumeration.tsv.gz
oneof-discriminated-union	document	apis/openapi/anthropic.com/anthropic-api/2024-10-22/meta/import/input-entry.json	census 133	enumeration.tsv.gz
oneof-discriminated-union	document	apis/openapi/anthropic.com/anthropic-api/2024-10-22/meta/import/output-bundle.json	census 133	enumeration.tsv.gz
oneof-discriminated-union	document	apis/openapi/anthropic.com/anthropic-api/2024-10-22/meta/import/output-entry.json	census 133	enumeration.tsv.gz
oneof-discriminated-union	document	apis/openapi/anthropic.com/anthropic-api/2024-10-22/openapi.json	census 133	enumeration.tsv.gz
oneof-discriminated-union	document	apis/openapi/anthropic.com/messages/1.0.0/meta/import/input-bundle.json	census 1	enumeration.tsv.gz
oneof-discriminated-union	document	apis/openapi/anthropic.com/messages/1.0.0/meta/import/input-entry.json	census 1	enumeration.tsv.gz
oneof-discriminated-union	document	apis/openapi/anthropic.com/messages/1.0.0/meta/import/output-bundle.json	census 1	enumeration.tsv.gz
oneof-discriminated-union	document	apis/openapi/anthropic.com/messages/1.0.0/meta/import/output-entry.json	census 1	enumeration.tsv.gz
oneof-discriminated-union	document	apis/openapi/anthropic.com/messages/1.0.0/openapi.json	census 1	enumeration.tsv.gz
oneof-discriminated-union	document	apis/openapi/api-test.agrimetrics.co.uk/main/1.0/meta/import/input-bundle.json	census 1	enumeration.tsv.gz
oneof-discriminated-union	document	apis/openapi/api-test.agrimetrics.co.uk/main/1.0/meta/import/input-entry.json	census 1	enumeration.tsv.gz
oneof-discriminated-union	document	apis/openapi/api-test.agrimetrics.co.uk/main/1.0/meta/import/output-bundle.json	census 1	enumeration.tsv.gz
oneof-discriminated-union	document	apis/openapi/api-test.agrimetrics.co.uk/main/1.0/meta/import/output-entry.json	census 1	enumeration.tsv.gz
oneof-discriminated-union	document	apis/openapi/api-test.agrimetrics.co.uk/main/1.0/openapi.json	census 1	enumeration.tsv.gz
oneof-discriminated-union	document	apis/openapi/api.docs.paigo.tech/main/v1.10/meta/import/input-bundle.json	census 3	enumeration.tsv.gz
oneof-discriminated-union	document	apis/openapi/api.docs.paigo.tech/main/v1.10/meta/import/input-entry.json	census 3	enumeration.tsv.gz
oneof-discriminated-union	document	apis/openapi/api.docs.paigo.tech/main/v1.10/meta/import/output-bundle.json	census 3	enumeration.tsv.gz
oneof-discriminated-union	document	apis/openapi/api.docs.paigo.tech/main/v1.10/meta/import/output-entry.json	census 3	enumeration.tsv.gz
oneof-discriminated-union	document	apis/openapi/api.docs.paigo.tech/main/v1.10/openapi.json	census 3	enumeration.tsv.gz
oneof-discriminated-union	document	apis/openapi/api.github.com/main/1.1.4/meta/import/input-bundle.json	census 6	enumeration.tsv.gz
oneof-discriminated-union	document	apis/openapi/api.github.com/main/1.1.4/meta/import/input-entry.json	census 6	enumeration.tsv.gz
oneof-discriminated-union	document	apis/openapi/api.github.com/main/1.1.4/meta/import/output-bundle.json	census 6	enumeration.tsv.gz
oneof-discriminated-union	document	apis/openapi/api.github.com/main/1.1.4/meta/import/output-entry.json	census 6	enumeration.tsv.gz
oneof-discriminated-union	document	apis/openapi/api.github.com/main/1.1.4/openapi.json	census 6	enumeration.tsv.gz
oneof-discriminated-union	document	apis/openapi/api.x.flatfile.com/main/1.0.0/meta/import/input-bundle.json	census 9	enumeration.tsv.gz
oneof-discriminated-union	document	apis/openapi/api.x.flatfile.com/main/1.0.0/meta/import/input-entry.json	census 9	enumeration.tsv.gz
oneof-discriminated-union	document	apis/openapi/api.x.flatfile.com/main/1.0.0/meta/import/output-bundle.json	census 9	enumeration.tsv.gz
oneof-discriminated-union	document	apis/openapi/api.x.flatfile.com/main/1.0.0/meta/import/output-entry.json	census 9	enumeration.tsv.gz
oneof-discriminated-union	document	apis/openapi/api.x.flatfile.com/main/1.0.0/openapi.json	census 9	enumeration.tsv.gz
oneof-discriminated-union	document	apis/openapi/apideck.com/vault/10.14.0/meta/import/input-bundled.json	census 1	enumeration.tsv.gz
oneof-discriminated-union	document	apis/openapi/apideck.com/vault/10.14.0/meta/import/input-entry.json	census 1	enumeration.tsv.gz
oneof-discriminated-union	document	apis/openapi/apideck.com/vault/10.14.0/meta/import/output-bundled.json	census 1	enumeration.tsv.gz
oneof-discriminated-union	document	apis/openapi/apideck.com/vault/10.14.0/meta/import/output-entry.json	census 1	enumeration.tsv.gz
oneof-discriminated-union	document	apis/openapi/apideck.com/vault/10.14.0/openapi.json	census 1	enumeration.tsv.gz
oneof-discriminated-union	document	apis/openapi/apify.com/main/1.0/meta/import/input-bundled.json	census 1	enumeration.tsv.gz
oneof-discriminated-union	document	apis/openapi/apify.com/main/1.0/meta/import/input-entry.json	census 1	enumeration.tsv.gz
oneof-discriminated-union	document	apis/openapi/apify.com/main/1.0/meta/import/output-bundled.json	census 1	enumeration.tsv.gz
oneof-discriminated-union	document	apis/openapi/apify.com/main/1.0/meta/import/output-entry.json	census 1	enumeration.tsv.gz
oneof-discriminated-union	document	apis/openapi/apify.com/main/1.0/openapi.json	census 1	enumeration.tsv.gz
oneof-discriminated-union	document	apis/openapi/apple.com/app-store-connect-api/1.4.1/meta/import/input-bundle.json	census 18	enumeration.tsv.gz
oneof-discriminated-union	document	apis/openapi/apple.com/app-store-connect-api/1.4.1/meta/import/input-entry.json	census 18	enumeration.tsv.gz
oneof-discriminated-union	document	apis/openapi/apple.com/app-store-connect-api/1.4.1/meta/import/output-bundle.json	census 18	enumeration.tsv.gz
oneof-discriminated-union	document	apis/openapi/apple.com/app-store-connect-api/1.4.1/meta/import/output-entry.json	census 18	enumeration.tsv.gz
oneof-discriminated-union	document	apis/openapi/apple.com/app-store-connect-api/1.4.1/openapi.json	census 18	enumeration.tsv.gz
oneof-discriminated-union	document	apis/openapi/apple.com/app-store-connect/1.4.1/meta/import/input-bundle.json	census 18	enumeration.tsv.gz
oneof-discriminated-union	document	apis/openapi/apple.com/app-store-connect/1.4.1/meta/import/input-entry.json	census 18	enumeration.tsv.gz
oneof-discriminated-union	document	apis/openapi/apple.com/app-store-connect/1.4.1/meta/import/output-bundle.json	census 18	enumeration.tsv.gz
oneof-discriminated-union	document	apis/openapi/apple.com/app-store-connect/1.4.1/meta/import/output-entry.json	census 18	enumeration.tsv.gz
oneof-discriminated-union	document	apis/openapi/apple.com/app-store-connect/1.4.1/openapi.json	census 18	enumeration.tsv.gz
oneof-discriminated-union	document	apis/openapi/apple.com/sirikit-cloud-media/1.0.2/meta/import/input-bundle.json	census 3	enumeration.tsv.gz
oneof-discriminated-union	document	apis/openapi/apple.com/sirikit-cloud-media/1.0.2/meta/import/input-entry.json	census 3	enumeration.tsv.gz
oneof-discriminated-union	document	apis/openapi/apple.com/sirikit-cloud-media/1.0.2/meta/import/output-bundle.json	census 3	enumeration.tsv.gz
oneof-discriminated-union	document	apis/openapi/apple.com/sirikit-cloud-media/1.0.2/meta/import/output-entry.json	census 3	enumeration.tsv.gz
oneof-discriminated-union	document	apis/openapi/apple.com/sirikit-cloud-media/1.0.2/openapi.json	census 3	enumeration.tsv.gz
oneof-discriminated-union	document	apis/openapi/arize.com/v2/2.0.0/meta/import/input-bundle.json	census 3	enumeration.tsv.gz
oneof-discriminated-union	document	apis/openapi/arize.com/v2/2.0.0/meta/import/input-entry.json	census 3	enumeration.tsv.gz
oneof-discriminated-union	document	apis/openapi/arize.com/v2/2.0.0/meta/import/output-bundle.json	census 3	enumeration.tsv.gz
oneof-discriminated-union	document	apis/openapi/arize.com/v2/2.0.0/meta/import/output-entry.json	census 3	enumeration.tsv.gz
oneof-discriminated-union	document	apis/openapi/arize.com/v2/2.0.0/openapi.json	census 3	enumeration.tsv.gz
oneof-discriminated-union	document	apis/openapi/atlassian.com/jira/1001.0.0-SNAPSHOT-636312f2dc6e26921216979d4ae12655beeff255/meta/import/input-bundled.json	census 3	enumeration.tsv.gz
oneof-discriminated-union	document	apis/openapi/atlassian.com/jira/1001.0.0-SNAPSHOT-636312f2dc6e26921216979d4ae12655beeff255/meta/import/input-entry.json	census 3	enumeration.tsv.gz
oneof-discriminated-union	document	apis/openapi/atlassian.com/jira/1001.0.0-SNAPSHOT-636312f2dc6e26921216979d4ae12655beeff255/meta/import/output-bundled.json	census 3	enumeration.tsv.gz
oneof-discriminated-union	document	apis/openapi/atlassian.com/jira/1001.0.0-SNAPSHOT-636312f2dc6e26921216979d4ae12655beeff255/meta/import/output-entry.json	census 3	enumeration.tsv.gz
oneof-discriminated-union	document	apis/openapi/atlassian.com/jira/1001.0.0-SNAPSHOT-636312f2dc6e26921216979d4ae12655beeff255/openapi.json	census 3	enumeration.tsv.gz
oneof-discriminated-union	document	apis/openapi/attio.com/main/2.0.0/meta/import/input-bundle.json	census 15	enumeration.tsv.gz
oneof-discriminated-union	document	apis/openapi/attio.com/main/2.0.0/meta/import/input-entry.json	census 15	enumeration.tsv.gz
oneof-discriminated-union	document	apis/openapi/attio.com/main/2.0.0/meta/import/output-bundle.json	census 15	enumeration.tsv.gz
oneof-discriminated-union	document	apis/openapi/attio.com/main/2.0.0/meta/import/output-entry.json	census 15	enumeration.tsv.gz
oneof-discriminated-union	document	apis/openapi/attio.com/main/2.0.0/openapi.json	census 15	enumeration.tsv.gz
oneof-discriminated-union	document	apis/openapi/axiom.co/main/2.0.0/meta/import/input-bundle.json	census 2	enumeration.tsv.gz
oneof-discriminated-union	document	apis/openapi/axiom.co/main/2.0.0/meta/import/input-entry.json	census 2	enumeration.tsv.gz
oneof-discriminated-union	document	apis/openapi/axiom.co/main/2.0.0/meta/import/output-bundle.json	census 2	enumeration.tsv.gz
oneof-discriminated-union	document	apis/openapi/axiom.co/main/2.0.0/meta/import/output-entry.json	census 2	enumeration.tsv.gz
oneof-discriminated-union	document	apis/openapi/axiom.co/main/2.0.0/openapi.json	census 2	enumeration.tsv.gz
oneof-discriminated-union	document	apis/openapi/beehiiv.com/main/1.0.0/meta/import/input-bundle.json	census 3	enumeration.tsv.gz
oneof-discriminated-union	document	apis/openapi/beehiiv.com/main/1.0.0/meta/import/input-entry.json	census 3	enumeration.tsv.gz
oneof-discriminated-union	document	apis/openapi/beehiiv.com/main/1.0.0/meta/import/output-bundle.json	census 3	enumeration.tsv.gz
oneof-discriminated-union	document	apis/openapi/beehiiv.com/main/1.0.0/meta/import/output-entry.json	census 3	enumeration.tsv.gz
oneof-discriminated-union	document	apis/openapi/beehiiv.com/main/1.0.0/openapi.json	census 3	enumeration.tsv.gz
oneof-discriminated-union	document	apis/openapi/benetics.io/main/0.1.0/meta/import/input-bundle.json	census 5	enumeration.tsv.gz
oneof-discriminated-union	document	apis/openapi/benetics.io/main/0.1.0/meta/import/input-entry.json	census 5	enumeration.tsv.gz
oneof-discriminated-union	document	apis/openapi/benetics.io/main/0.1.0/meta/import/output-bundle.json	census 5	enumeration.tsv.gz
oneof-discriminated-union	document	apis/openapi/benetics.io/main/0.1.0/meta/import/output-entry.json	census 5	enumeration.tsv.gz
oneof-discriminated-union	document	apis/openapi/benetics.io/main/0.1.0/openapi.json	census 5	enumeration.tsv.gz
oneof-discriminated-union	document	apis/openapi/bloomerang.co/main/2.0.0/meta/import/input-bundle.json	census 4	enumeration.tsv.gz
oneof-discriminated-union	document	apis/openapi/bloomerang.co/main/2.0.0/meta/import/input-entry.json	census 4	enumeration.tsv.gz
oneof-discriminated-union	document	apis/openapi/bloomerang.co/main/2.0.0/meta/import/output-bundle.json	census 4	enumeration.tsv.gz
oneof-discriminated-union	document	apis/openapi/bloomerang.co/main/2.0.0/meta/import/output-entry.json	census 4	enumeration.tsv.gz
oneof-discriminated-union	document	apis/openapi/bloomerang.co/main/2.0.0/openapi.json	census 4	enumeration.tsv.gz
oneof-discriminated-union	document	apis/openapi/boldsign.com/main/1/meta/import/input-bundle.json	census 1	enumeration.tsv.gz
oneof-discriminated-union	document	apis/openapi/boldsign.com/main/1/meta/import/input-entry.json	census 1	enumeration.tsv.gz
oneof-discriminated-union	document	apis/openapi/boldsign.com/main/1/meta/import/output-bundle.json	census 1	enumeration.tsv.gz
oneof-discriminated-union	document	apis/openapi/boldsign.com/main/1/meta/import/output-entry.json	census 1	enumeration.tsv.gz
oneof-discriminated-union	document	apis/openapi/boldsign.com/main/1/openapi.json	census 1	enumeration.tsv.gz
oneof-discriminated-union	document	apis/openapi/box.com/main/2024.0/meta/import/input-bundle.json	census 9	enumeration.tsv.gz
oneof-discriminated-union	document	apis/openapi/box.com/main/2024.0/meta/import/input-entry.json	census 9	enumeration.tsv.gz
oneof-discriminated-union	document	apis/openapi/box.com/main/2024.0/meta/import/output-bundle.json	census 9	enumeration.tsv.gz
oneof-discriminated-union	document	apis/openapi/box.com/main/2024.0/meta/import/output-entry.json	census 9	enumeration.tsv.gz
oneof-discriminated-union	document	apis/openapi/box.com/main/2024.0/openapi.json	census 9	enumeration.tsv.gz
oneof-discriminated-union	document	apis/openapi/braintrust.dev/main/1.0.0/meta/import/input-bundle.json	census 17	enumeration.tsv.gz
oneof-discriminated-union	document	apis/openapi/braintrust.dev/main/1.0.0/meta/import/input-entry.json	census 17	enumeration.tsv.gz
oneof-discriminated-union	document	apis/openapi/braintrust.dev/main/1.0.0/meta/import/output-bundle.json	census 17	enumeration.tsv.gz
oneof-discriminated-union	document	apis/openapi/braintrust.dev/main/1.0.0/meta/import/output-entry.json	census 17	enumeration.tsv.gz
oneof-discriminated-union	document	apis/openapi/braintrust.dev/main/1.0.0/openapi.json	census 17	enumeration.tsv.gz
oneof-discriminated-union	document	apis/openapi/brevo.com/main/3.0.0/meta/import/input-bundle.json	census 1	enumeration.tsv.gz
oneof-discriminated-union	document	apis/openapi/brevo.com/main/3.0.0/meta/import/input-entry.json	census 1	enumeration.tsv.gz
oneof-discriminated-union	document	apis/openapi/brevo.com/main/3.0.0/meta/import/output-bundle.json	census 1	enumeration.tsv.gz
oneof-discriminated-union	document	apis/openapi/brevo.com/main/3.0.0/meta/import/output-entry.json	census 1	enumeration.tsv.gz
oneof-discriminated-union	document	apis/openapi/brevo.com/main/3.0.0/openapi.json	census 1	enumeration.tsv.gz
oneof-discriminated-union	document	apis/openapi/canva.dev/main/2024-06-18/meta/import/input-bundled.json	census 17	enumeration.tsv.gz
oneof-discriminated-union	document	apis/openapi/canva.dev/main/2024-06-18/meta/import/input-entry.json	census 17	enumeration.tsv.gz
oneof-discriminated-union	document	apis/openapi/canva.dev/main/2024-06-18/meta/import/output-bundled.json	census 17	enumeration.tsv.gz
oneof-discriminated-union	document	apis/openapi/canva.dev/main/2024-06-18/meta/import/output-entry.json	census 17	enumeration.tsv.gz
oneof-discriminated-union	document	apis/openapi/canva.dev/main/2024-06-18/openapi.json	census 17	enumeration.tsv.gz
oneof-discriminated-union	document	apis/openapi/chatkitty.com/chatkitty/2.58.3/meta/import/input-bundle.json	census 5	enumeration.tsv.gz
oneof-discriminated-union	document	apis/openapi/chatkitty.com/chatkitty/2.58.3/meta/import/input-entry.json	census 5	enumeration.tsv.gz
oneof-discriminated-union	document	apis/openapi/chatkitty.com/chatkitty/2.58.3/meta/import/output-bundle.json	census 5	enumeration.tsv.gz
oneof-discriminated-union	document	apis/openapi/chatkitty.com/chatkitty/2.58.3/meta/import/output-entry.json	census 5	enumeration.tsv.gz
oneof-discriminated-union	document	apis/openapi/chatkitty.com/chatkitty/2.58.3/openapi.json	census 5	enumeration.tsv.gz
oneof-discriminated-union	document	apis/openapi/clerk.com/clerk-backend/v1/meta/import/input-bundle.json	census 3	enumeration.tsv.gz
oneof-discriminated-union	document	apis/openapi/clerk.com/clerk-backend/v1/meta/import/input-entry.json	census 3	enumeration.tsv.gz
oneof-discriminated-union	document	apis/openapi/clerk.com/clerk-backend/v1/meta/import/output-bundle.json	census 3	enumeration.tsv.gz
oneof-discriminated-union	document	apis/openapi/clerk.com/clerk-backend/v1/meta/import/output-entry.json	census 3	enumeration.tsv.gz
oneof-discriminated-union	document	apis/openapi/clerk.com/clerk-backend/v1/openapi.json	census 3	enumeration.tsv.gz
oneof-discriminated-union	document	apis/openapi/clockodo.com/clockodo-api/2026-03-24/meta/import/input-bundle.json	census 1	enumeration.tsv.gz
oneof-discriminated-union	document	apis/openapi/clockodo.com/clockodo-api/2026-03-24/meta/import/input-entry.json	census 1	enumeration.tsv.gz
oneof-discriminated-union	document	apis/openapi/clockodo.com/clockodo-api/2026-03-24/meta/import/output-bundle.json	census 1	enumeration.tsv.gz
oneof-discriminated-union	document	apis/openapi/clockodo.com/clockodo-api/2026-03-24/meta/import/output-entry.json	census 1	enumeration.tsv.gz
oneof-discriminated-union	document	apis/openapi/clockodo.com/clockodo-api/2026-03-24/openapi.json	census 1	enumeration.tsv.gz
oneof-discriminated-union	document	apis/openapi/cloudamqp.com/main/1.0.0/meta/import/input-bundle.json	census 3	enumeration.tsv.gz
oneof-discriminated-union	document	apis/openapi/cloudamqp.com/main/1.0.0/meta/import/input-entry.json	census 3	enumeration.tsv.gz
oneof-discriminated-union	document	apis/openapi/cloudamqp.com/main/1.0.0/meta/import/output-bundle.json	census 3	enumeration.tsv.gz
oneof-discriminated-union	document	apis/openapi/cloudamqp.com/main/1.0.0/meta/import/output-entry.json	census 3	enumeration.tsv.gz
oneof-discriminated-union	document	apis/openapi/cloudamqp.com/main/1.0.0/openapi.json	census 3	enumeration.tsv.gz
oneof-discriminated-union	document	apis/openapi/cloudflare.com/main/4.0.0/meta/import/input-bundle.json	census 66	enumeration.tsv.gz
oneof-discriminated-union	document	apis/openapi/cloudflare.com/main/4.0.0/meta/import/input-entry.json	census 66	enumeration.tsv.gz
oneof-discriminated-union	document	apis/openapi/cloudflare.com/main/4.0.0/meta/import/output-bundle.json	census 66	enumeration.tsv.gz
oneof-discriminated-union	document	apis/openapi/cloudflare.com/main/4.0.0/meta/import/output-entry.json	census 66	enumeration.tsv.gz
oneof-discriminated-union	document	apis/openapi/cloudflare.com/main/4.0.0/openapi.json	census 66	enumeration.tsv.gz
oneof-discriminated-union	document	apis/openapi/coda.io/main/1.5.0/meta/import/input-bundle.json	census 12	enumeration.tsv.gz
oneof-discriminated-union	document	apis/openapi/coda.io/main/1.5.0/meta/import/input-entry.json	census 12	enumeration.tsv.gz
oneof-discriminated-union	document	apis/openapi/coda.io/main/1.5.0/meta/import/output-bundle.json	census 12	enumeration.tsv.gz
oneof-discriminated-union	document	apis/openapi/coda.io/main/1.5.0/meta/import/output-entry.json	census 12	enumeration.tsv.gz
oneof-discriminated-union	document	apis/openapi/coda.io/main/1.5.0/openapi.json	census 12	enumeration.tsv.gz
oneof-discriminated-union	document	apis/openapi/composio.dev/main/3.0.0/meta/import/input-bundle.json	census 65	enumeration.tsv.gz
oneof-discriminated-union	document	apis/openapi/composio.dev/main/3.0.0/meta/import/input-entry.json	census 65	enumeration.tsv.gz
oneof-discriminated-union	document	apis/openapi/composio.dev/main/3.0.0/meta/import/output-bundle.json	census 65	enumeration.tsv.gz
oneof-discriminated-union	document	apis/openapi/composio.dev/main/3.0.0/meta/import/output-entry.json	census 65	enumeration.tsv.gz
oneof-discriminated-union	document	apis/openapi/composio.dev/main/3.0.0/openapi.json	census 65	enumeration.tsv.gz
oneof-discriminated-union	document	apis/openapi/concordnow.com/main/Concord API v1.0/meta/import/input-bundle.json	census 5	enumeration.tsv.gz
oneof-discriminated-union	document	apis/openapi/concordnow.com/main/Concord API v1.0/meta/import/input-entry.json	census 5	enumeration.tsv.gz
oneof-discriminated-union	document	apis/openapi/concordnow.com/main/Concord API v1.0/meta/import/output-bundle.json	census 5	enumeration.tsv.gz
oneof-discriminated-union	document	apis/openapi/concordnow.com/main/Concord API v1.0/meta/import/output-entry.json	census 5	enumeration.tsv.gz
oneof-discriminated-union	document	apis/openapi/concordnow.com/main/Concord API v1.0/openapi.json	census 5	enumeration.tsv.gz
oneof-discriminated-union	document	apis/openapi/corbado.com/main/2.0.0/meta/import/input-bundle.json	census 1	enumeration.tsv.gz
oneof-discriminated-union	document	apis/openapi/corbado.com/main/2.0.0/meta/import/input-entry.json	census 1	enumeration.tsv.gz
oneof-discriminated-union	document	apis/openapi/corbado.com/main/2.0.0/meta/import/output-bundle.json	census 1	enumeration.tsv.gz
oneof-discriminated-union	document	apis/openapi/corbado.com/main/2.0.0/meta/import/output-entry.json	census 1	enumeration.tsv.gz
oneof-discriminated-union	document	apis/openapi/corbado.com/main/2.0.0/openapi.json	census 1	enumeration.tsv.gz
oneof-discriminated-union	document	apis/openapi/coviu.com/main/1.0.0/meta/import/input-bundle.json	census 1	enumeration.tsv.gz
oneof-discriminated-union	document	apis/openapi/coviu.com/main/1.0.0/meta/import/input-entry.json	census 1	enumeration.tsv.gz
oneof-discriminated-union	document	apis/openapi/coviu.com/main/1.0.0/meta/import/output-bundle.json	census 1	enumeration.tsv.gz
oneof-discriminated-union	document	apis/openapi/coviu.com/main/1.0.0/meta/import/output-entry.json	census 1	enumeration.tsv.gz
oneof-discriminated-union	document	apis/openapi/coviu.com/main/1.0.0/openapi.json	census 1	enumeration.tsv.gz
oneof-discriminated-union	document	apis/openapi/cpy.re/peertube/7.1.0/meta/import/input-bundled.json	census 1	enumeration.tsv.gz
oneof-discriminated-union	document	apis/openapi/cpy.re/peertube/7.1.0/meta/import/input-entry.json	census 1	enumeration.tsv.gz
oneof-discriminated-union	document	apis/openapi/cpy.re/peertube/7.1.0/meta/import/output-bundled.json	census 1	enumeration.tsv.gz
oneof-discriminated-union	document	apis/openapi/cpy.re/peertube/7.1.0/meta/import/output-entry.json	census 1	enumeration.tsv.gz
oneof-discriminated-union	document	apis/openapi/cpy.re/peertube/7.1.0/openapi.json	census 1	enumeration.tsv.gz
oneof-discriminated-union	document	apis/openapi/cradl.ai/main/2026-01-28T09:00:46Z/meta/import/input-bundle.json	census 7	enumeration.tsv.gz
oneof-discriminated-union	document	apis/openapi/cradl.ai/main/2026-01-28T09:00:46Z/meta/import/input-entry.json	census 7	enumeration.tsv.gz
oneof-discriminated-union	document	apis/openapi/cradl.ai/main/2026-01-28T09:00:46Z/meta/import/output-bundle.json	census 7	enumeration.tsv.gz
oneof-discriminated-union	document	apis/openapi/cradl.ai/main/2026-01-28T09:00:46Z/meta/import/output-entry.json	census 7	enumeration.tsv.gz
oneof-discriminated-union	document	apis/openapi/cradl.ai/main/2026-01-28T09:00:46Z/openapi.json	census 7	enumeration.tsv.gz
oneof-discriminated-union	document	apis/openapi/cryptomkt.com/main/3.0/meta/import/input-bundle.json	census 9	enumeration.tsv.gz
oneof-discriminated-union	document	apis/openapi/cryptomkt.com/main/3.0/meta/import/input-entry.json	census 9	enumeration.tsv.gz
oneof-discriminated-union	document	apis/openapi/cryptomkt.com/main/3.0/meta/import/output-bundle.json	census 9	enumeration.tsv.gz
oneof-discriminated-union	document	apis/openapi/cryptomkt.com/main/3.0/meta/import/output-entry.json	census 9	enumeration.tsv.gz
oneof-discriminated-union	document	apis/openapi/cryptomkt.com/main/3.0/openapi.json	census 9	enumeration.tsv.gz
oneof-discriminated-union	document	apis/openapi/cvent.com/main/ea/meta/import/input-bundle.json	census 5	enumeration.tsv.gz
oneof-discriminated-union	document	apis/openapi/cvent.com/main/ea/meta/import/input-entry.json	census 2	enumeration.tsv.gz
oneof-discriminated-union	document	apis/openapi/cvent.com/main/ea/meta/import/output-bundle.json	census 5	enumeration.tsv.gz
oneof-discriminated-union	document	apis/openapi/cvent.com/main/ea/meta/import/output-entry.json	census 2	enumeration.tsv.gz
oneof-discriminated-union	document	apis/openapi/cvent.com/main/ea/openapi.json	census 5	enumeration.tsv.gz
oneof-discriminated-union	document	apis/openapi/deepgram.com/main/1.0.0/meta/import/input-bundle.json	census 1	enumeration.tsv.gz
oneof-discriminated-union	document	apis/openapi/deepgram.com/main/1.0.0/meta/import/input-entry.json	census 1	enumeration.tsv.gz
oneof-discriminated-union	document	apis/openapi/deepgram.com/main/1.0.0/meta/import/output-bundle.json	census 1	enumeration.tsv.gz
oneof-discriminated-union	document	apis/openapi/deepgram.com/main/1.0.0/meta/import/output-entry.json	census 1	enumeration.tsv.gz
oneof-discriminated-union	document	apis/openapi/deepgram.com/main/1.0.0/openapi.json	census 1	enumeration.tsv.gz
oneof-discriminated-union	document	apis/openapi/discord.com/main/10/meta/import/input-bundled.json	census 7	enumeration.tsv.gz
oneof-discriminated-union	document	apis/openapi/discord.com/main/10/meta/import/input-entry.json	census 7	enumeration.tsv.gz
oneof-discriminated-union	document	apis/openapi/discord.com/main/10/meta/import/output-bundled.json	census 7	enumeration.tsv.gz
oneof-discriminated-union	document	apis/openapi/discord.com/main/10/meta/import/output-entry.json	census 7	enumeration.tsv.gz
oneof-discriminated-union	document	apis/openapi/discord.com/main/10/openapi.json	census 7	enumeration.tsv.gz
oneof-discriminated-union	document	apis/openapi/discovery.verifiable.com/verifiable/24.14.3.683/meta/import/input-bundle.json	census 5	enumeration.tsv.gz
oneof-discriminated-union	document	apis/openapi/discovery.verifiable.com/verifiable/24.14.3.683/meta/import/input-entry.json	census 5	enumeration.tsv.gz
oneof-discriminated-union	document	apis/openapi/discovery.verifiable.com/verifiable/24.14.3.683/meta/import/output-bundle.json	census 5	enumeration.tsv.gz
oneof-discriminated-union	document	apis/openapi/discovery.verifiable.com/verifiable/24.14.3.683/meta/import/output-entry.json	census 5	enumeration.tsv.gz
oneof-discriminated-union	document	apis/openapi/discovery.verifiable.com/verifiable/24.14.3.683/openapi.json	census 5	enumeration.tsv.gz
oneof-discriminated-union	document	apis/openapi/dnd5eapi.co/main/0.1/meta/import/input-bundle.json	census 1	enumeration.tsv.gz
oneof-discriminated-union	document	apis/openapi/dnd5eapi.co/main/0.1/meta/import/input-entry.json	census 1	enumeration.tsv.gz
oneof-discriminated-union	document	apis/openapi/dnd5eapi.co/main/0.1/meta/import/output-bundle.json	census 1	enumeration.tsv.gz
oneof-discriminated-union	document	apis/openapi/dnd5eapi.co/main/0.1/meta/import/output-entry.json	census 1	enumeration.tsv.gz
oneof-discriminated-union	document	apis/openapi/dnd5eapi.co/main/0.1/openapi.json	census 1	enumeration.tsv.gz
oneof-discriminated-union	document	apis/openapi/doc.concordnow.com/main/Concord API v1.0/meta/import/input-bundle.json	census 5	enumeration.tsv.gz
oneof-discriminated-union	document	apis/openapi/doc.concordnow.com/main/Concord API v1.0/meta/import/input-entry.json	census 5	enumeration.tsv.gz
oneof-discriminated-union	document	apis/openapi/doc.concordnow.com/main/Concord API v1.0/meta/import/output-bundle.json	census 5	enumeration.tsv.gz
oneof-discriminated-union	document	apis/openapi/doc.concordnow.com/main/Concord API v1.0/meta/import/output-entry.json	census 5	enumeration.tsv.gz
oneof-discriminated-union	document	apis/openapi/doc.concordnow.com/main/Concord API v1.0/openapi.json	census 5	enumeration.tsv.gz
oneof-discriminated-union	document	apis/openapi/docs.digitalocean.com/main/2.0/meta/import/input-bundle.json	census 1	enumeration.tsv.gz
oneof-discriminated-union	document	apis/openapi/docs.digitalocean.com/main/2.0/meta/import/input-entry.json	census 1	enumeration.tsv.gz
oneof-discriminated-union	document	apis/openapi/docs.digitalocean.com/main/2.0/meta/import/output-bundle.json	census 1	enumeration.tsv.gz
oneof-discriminated-union	document	apis/openapi/docs.digitalocean.com/main/2.0/meta/import/output-entry.json	census 1	enumeration.tsv.gz
oneof-discriminated-union	document	apis/openapi/docs.digitalocean.com/main/2.0/openapi.json	census 1	enumeration.tsv.gz
oneof-discriminated-union	document	apis/openapi/documents.resistant.ai/resistant-ai/2.0.0b/meta/import/input-bundle.json	census 1	enumeration.tsv.gz
oneof-discriminated-union	document	apis/openapi/documents.resistant.ai/resistant-ai/2.0.0b/meta/import/input-entry.json	census 1	enumeration.tsv.gz
oneof-discriminated-union	document	apis/openapi/documents.resistant.ai/resistant-ai/2.0.0b/meta/import/output-bundle.json	census 1	enumeration.tsv.gz
oneof-discriminated-union	document	apis/openapi/documents.resistant.ai/resistant-ai/2.0.0b/meta/import/output-entry.json	census 1	enumeration.tsv.gz
oneof-discriminated-union	document	apis/openapi/documents.resistant.ai/resistant-ai/2.0.0b/openapi.json	census 1	enumeration.tsv.gz
oneof-discriminated-union	document	apis/openapi/e-goi.com/e-goi/V3/meta/import/input-bundle.json	census 22	enumeration.tsv.gz
oneof-discriminated-union	document	apis/openapi/e-goi.com/e-goi/V3/meta/import/input-entry.json	census 22	enumeration.tsv.gz
oneof-discriminated-union	document	apis/openapi/e-goi.com/e-goi/V3/meta/import/output-bundle.json	census 22	enumeration.tsv.gz
oneof-discriminated-union	document	apis/openapi/e-goi.com/e-goi/V3/meta/import/output-entry.json	census 22	enumeration.tsv.gz
oneof-discriminated-union	document	apis/openapi/e-goi.com/e-goi/V3/openapi.json	census 22	enumeration.tsv.gz
oneof-discriminated-union	document	apis/openapi/elastic.co/kibana/1.0/meta/import/input-bundle.json	census 24	enumeration.tsv.gz
oneof-discriminated-union	document	apis/openapi/elastic.co/kibana/1.0/meta/import/input-entry.json	census 24	enumeration.tsv.gz
oneof-discriminated-union	document	apis/openapi/elastic.co/kibana/1.0/meta/import/output-bundle.json	census 24	enumeration.tsv.gz
oneof-discriminated-union	document	apis/openapi/elastic.co/kibana/1.0/meta/import/output-entry.json	census 24	enumeration.tsv.gz
oneof-discriminated-union	document	apis/openapi/elastic.co/kibana/1.0/openapi.json	census 24	enumeration.tsv.gz
oneof-discriminated-union	document	apis/openapi/elevenlabs.io/main/1.0/meta/import/input-bundled.json	census 11	enumeration.tsv.gz
oneof-discriminated-union	document	apis/openapi/elevenlabs.io/main/1.0/meta/import/input-entry.json	census 11	enumeration.tsv.gz
oneof-discriminated-union	document	apis/openapi/elevenlabs.io/main/1.0/meta/import/output-bundled.json	census 11	enumeration.tsv.gz
oneof-discriminated-union	document	apis/openapi/elevenlabs.io/main/1.0/meta/import/output-entry.json	census 11	enumeration.tsv.gz
oneof-discriminated-union	document	apis/openapi/elevenlabs.io/main/1.0/openapi.json	census 11	enumeration.tsv.gz
oneof-discriminated-union	document	apis/openapi/exa.ai/main/2.0.0/meta/import/input-bundle.json	census 12	enumeration.tsv.gz
oneof-discriminated-union	document	apis/openapi/exa.ai/main/2.0.0/meta/import/input-entry.json	census 12	enumeration.tsv.gz
oneof-discriminated-union	document	apis/openapi/exa.ai/main/2.0.0/meta/import/output-bundle.json	census 12	enumeration.tsv.gz
oneof-discriminated-union	document	apis/openapi/exa.ai/main/2.0.0/meta/import/output-entry.json	census 12	enumeration.tsv.gz
oneof-discriminated-union	document	apis/openapi/exa.ai/main/2.0.0/openapi.json	census 12	enumeration.tsv.gz
oneof-discriminated-union	document	apis/openapi/exchange.api.bity.com/bity/2.6.0/meta/import/input-bundle.json	census 1	enumeration.tsv.gz
oneof-discriminated-union	document	apis/openapi/exchange.api.bity.com/bity/2.6.0/meta/import/input-entry.json	census 1	enumeration.tsv.gz
oneof-discriminated-union	document	apis/openapi/exchange.api.bity.com/bity/2.6.0/meta/import/output-bundle.json	census 1	enumeration.tsv.gz
oneof-discriminated-union	document	apis/openapi/exchange.api.bity.com/bity/2.6.0/meta/import/output-entry.json	census 1	enumeration.tsv.gz
oneof-discriminated-union	document	apis/openapi/exchange.api.bity.com/bity/2.6.0/openapi.json	census 1	enumeration.tsv.gz
oneof-discriminated-union	document	apis/openapi/eyepop.ai/eyepop-web-api/1.0.0/meta/import/input-bundle.json	census 2	enumeration.tsv.gz
oneof-discriminated-union	document	apis/openapi/eyepop.ai/eyepop-web-api/1.0.0/meta/import/input-entry.json	census 2	enumeration.tsv.gz
oneof-discriminated-union	document	apis/openapi/eyepop.ai/eyepop-web-api/1.0.0/meta/import/output-bundle.json	census 2	enumeration.tsv.gz
oneof-discriminated-union	document	apis/openapi/eyepop.ai/eyepop-web-api/1.0.0/meta/import/output-entry.json	census 2	enumeration.tsv.gz
oneof-discriminated-union	document	apis/openapi/eyepop.ai/eyepop-web-api/1.0.0/openapi.json	census 2	enumeration.tsv.gz
oneof-discriminated-union	document	apis/openapi/fal.ai/main/v1/meta/import/input-bundle.json	census 1	enumeration.tsv.gz
oneof-discriminated-union	document	apis/openapi/fal.ai/main/v1/meta/import/input-entry.json	census 1	enumeration.tsv.gz
oneof-discriminated-union	document	apis/openapi/fal.ai/main/v1/meta/import/output-bundle.json	census 1	enumeration.tsv.gz
oneof-discriminated-union	document	apis/openapi/fal.ai/main/v1/meta/import/output-entry.json	census 1	enumeration.tsv.gz
oneof-discriminated-union	document	apis/openapi/fal.ai/main/v1/openapi.json	census 1	enumeration.tsv.gz
oneof-discriminated-union	document	apis/openapi/fire.com/main/1.0/meta/import/input-bundle.json	census 1	enumeration.tsv.gz
oneof-discriminated-union	document	apis/openapi/fire.com/main/1.0/meta/import/input-entry.json	census 1	enumeration.tsv.gz
oneof-discriminated-union	document	apis/openapi/fire.com/main/1.0/meta/import/output-bundle.json	census 1	enumeration.tsv.gz
oneof-discriminated-union	document	apis/openapi/fire.com/main/1.0/meta/import/output-entry.json	census 1	enumeration.tsv.gz
oneof-discriminated-union	document	apis/openapi/fire.com/main/1.0/openapi.json	census 1	enumeration.tsv.gz
oneof-discriminated-union	document	apis/openapi/firecrawl.dev/main/1.0.0/meta/import/input-bundle.json	census 1	enumeration.tsv.gz
oneof-discriminated-union	document	apis/openapi/firecrawl.dev/main/1.0.0/meta/import/input-entry.json	census 1	enumeration.tsv.gz
oneof-discriminated-union	document	apis/openapi/firecrawl.dev/main/1.0.0/meta/import/output-bundle.json	census 1	enumeration.tsv.gz
oneof-discriminated-union	document	apis/openapi/firecrawl.dev/main/1.0.0/meta/import/output-entry.json	census 1	enumeration.tsv.gz
oneof-discriminated-union	document	apis/openapi/firecrawl.dev/main/1.0.0/openapi.json	census 1	enumeration.tsv.gz
oneof-discriminated-union	document	apis/openapi/fordefi.com/main/0.2.0/meta/import/input-bundle.json	census 91	enumeration.tsv.gz
oneof-discriminated-union	document	apis/openapi/fordefi.com/main/0.2.0/meta/import/input-entry.json	census 91	enumeration.tsv.gz
oneof-discriminated-union	document	apis/openapi/fordefi.com/main/0.2.0/meta/import/output-bundle.json	census 91	enumeration.tsv.gz
oneof-discriminated-union	document	apis/openapi/fordefi.com/main/0.2.0/meta/import/output-entry.json	census 91	enumeration.tsv.gz
oneof-discriminated-union	document	apis/openapi/fordefi.com/main/0.2.0/openapi.json	census 91	enumeration.tsv.gz
oneof-discriminated-union	document	apis/openapi/fusionauth.io/main/1.64.0/meta/import/input-bundle.json	census 1	enumeration.tsv.gz
oneof-discriminated-union	document	apis/openapi/fusionauth.io/main/1.64.0/meta/import/input-entry.json	census 1	enumeration.tsv.gz
oneof-discriminated-union	document	apis/openapi/fusionauth.io/main/1.64.0/meta/import/output-bundle.json	census 1	enumeration.tsv.gz
oneof-discriminated-union	document	apis/openapi/fusionauth.io/main/1.64.0/meta/import/output-entry.json	census 1	enumeration.tsv.gz
oneof-discriminated-union	document	apis/openapi/fusionauth.io/main/1.64.0/openapi.json	census 1	enumeration.tsv.gz
oneof-discriminated-union	document	apis/openapi/gerermesaffaires.com/main/1.0.6/meta/import/input-bundle.json	census 1	enumeration.tsv.gz
oneof-discriminated-union	document	apis/openapi/gerermesaffaires.com/main/1.0.6/meta/import/input-entry.json	census 1	enumeration.tsv.gz
oneof-discriminated-union	document	apis/openapi/gerermesaffaires.com/main/1.0.6/meta/import/output-bundle.json	census 1	enumeration.tsv.gz
oneof-discriminated-union	document	apis/openapi/gerermesaffaires.com/main/1.0.6/meta/import/output-entry.json	census 1	enumeration.tsv.gz
oneof-discriminated-union	document	apis/openapi/gerermesaffaires.com/main/1.0.6/openapi.json	census 1	enumeration.tsv.gz
oneof-discriminated-union	document	apis/openapi/getlate.dev/main/1.0.1/meta/import/input-bundle.json	census 1	enumeration.tsv.gz
oneof-discriminated-union	document	apis/openapi/getlate.dev/main/1.0.1/meta/import/input-entry.json	census 1	enumeration.tsv.gz
oneof-discriminated-union	document	apis/openapi/getlate.dev/main/1.0.1/meta/import/output-bundle.json	census 1	enumeration.tsv.gz
oneof-discriminated-union	document	apis/openapi/getlate.dev/main/1.0.1/meta/import/output-entry.json	census 1	enumeration.tsv.gz
oneof-discriminated-union	document	apis/openapi/getlate.dev/main/1.0.1/openapi.json	census 1	enumeration.tsv.gz
oneof-discriminated-union	document	apis/openapi/getsmileapi.com/main/1.14.0/meta/import/input-bundle.json	census 9	enumeration.tsv.gz
oneof-discriminated-union	document	apis/openapi/getsmileapi.com/main/1.14.0/meta/import/input-entry.json	census 9	enumeration.tsv.gz
oneof-discriminated-union	document	apis/openapi/getsmileapi.com/main/1.14.0/meta/import/output-bundle.json	census 9	enumeration.tsv.gz
oneof-discriminated-union	document	apis/openapi/getsmileapi.com/main/1.14.0/meta/import/output-entry.json	census 9	enumeration.tsv.gz
oneof-discriminated-union	document	apis/openapi/getsmileapi.com/main/1.14.0/openapi.json	census 9	enumeration.tsv.gz
oneof-discriminated-union	document	apis/openapi/getstream.io/main/v223.38.0/meta/import/input-bundle.json	census 1	enumeration.tsv.gz
oneof-discriminated-union	document	apis/openapi/getstream.io/main/v223.38.0/meta/import/input-entry.json	census 1	enumeration.tsv.gz
oneof-discriminated-union	document	apis/openapi/getstream.io/main/v223.38.0/meta/import/output-bundle.json	census 1	enumeration.tsv.gz
oneof-discriminated-union	document	apis/openapi/getstream.io/main/v223.38.0/meta/import/output-entry.json	census 1	enumeration.tsv.gz
oneof-discriminated-union	document	apis/openapi/getstream.io/main/v223.38.0/openapi.json	census 1	enumeration.tsv.gz
oneof-discriminated-union	document	apis/openapi/github.com/api.github.com/1.1.4/meta/import/input-bundled.json	census 5	enumeration.tsv.gz
oneof-discriminated-union	document	apis/openapi/github.com/api.github.com/1.1.4/meta/import/input-entry.json	census 5	enumeration.tsv.gz
oneof-discriminated-union	document	apis/openapi/github.com/api.github.com/1.1.4/meta/import/output-bundled.json	census 5	enumeration.tsv.gz
oneof-discriminated-union	document	apis/openapi/github.com/api.github.com/1.1.4/meta/import/output-entry.json	census 5	enumeration.tsv.gz
oneof-discriminated-union	document	apis/openapi/github.com/api.github.com/1.1.4/openapi.json	census 5	enumeration.tsv.gz
oneof-discriminated-union	document	apis/openapi/github.com/ghec/1.1.4/meta/import/input-bundled.json	census 5	enumeration.tsv.gz
oneof-discriminated-union	document	apis/openapi/github.com/ghec/1.1.4/meta/import/input-entry.json	census 5	enumeration.tsv.gz
oneof-discriminated-union	document	apis/openapi/github.com/ghec/1.1.4/meta/import/output-bundled.json	census 5	enumeration.tsv.gz
oneof-discriminated-union	document	apis/openapi/github.com/ghec/1.1.4/meta/import/output-entry.json	census 5	enumeration.tsv.gz
oneof-discriminated-union	document	apis/openapi/github.com/ghec/1.1.4/openapi.json	census 5	enumeration.tsv.gz
oneof-discriminated-union	document	apis/openapi/go.v7labs.com/main/0.1.0/meta/import/input-bundle.json	census 36	enumeration.tsv.gz
oneof-discriminated-union	document	apis/openapi/go.v7labs.com/main/0.1.0/meta/import/input-entry.json	census 36	enumeration.tsv.gz
oneof-discriminated-union	document	apis/openapi/go.v7labs.com/main/0.1.0/meta/import/output-bundle.json	census 36	enumeration.tsv.gz
oneof-discriminated-union	document	apis/openapi/go.v7labs.com/main/0.1.0/meta/import/output-entry.json	census 36	enumeration.tsv.gz
oneof-discriminated-union	document	apis/openapi/go.v7labs.com/main/0.1.0/openapi.json	census 36	enumeration.tsv.gz
oneof-discriminated-union	document	apis/openapi/gorgias.com/gorgias-api/1.0.0/meta/import/input-bundle.json	census 33	enumeration.tsv.gz
oneof-discriminated-union	document	apis/openapi/gorgias.com/gorgias-api/1.0.0/meta/import/input-entry.json	census 33	enumeration.tsv.gz
oneof-discriminated-union	document	apis/openapi/gorgias.com/gorgias-api/1.0.0/meta/import/output-bundle.json	census 33	enumeration.tsv.gz
oneof-discriminated-union	document	apis/openapi/gorgias.com/gorgias-api/1.0.0/meta/import/output-entry.json	census 33	enumeration.tsv.gz
oneof-discriminated-union	document	apis/openapi/gorgias.com/gorgias-api/1.0.0/openapi.json	census 33	enumeration.tsv.gz
oneof-discriminated-union	document	apis/openapi/goshippo.com/main/2018-02-08/meta/import/input-bundle.json	census 2	enumeration.tsv.gz
oneof-discriminated-union	document	apis/openapi/goshippo.com/main/2018-02-08/meta/import/input-entry.json	census 2	enumeration.tsv.gz
oneof-discriminated-union	document	apis/openapi/goshippo.com/main/2018-02-08/meta/import/output-bundle.json	census 2	enumeration.tsv.gz
oneof-discriminated-union	document	apis/openapi/goshippo.com/main/2018-02-08/meta/import/output-entry.json	census 2	enumeration.tsv.gz
oneof-discriminated-union	document	apis/openapi/goshippo.com/main/2018-02-08/openapi.json	census 2	enumeration.tsv.gz
oneof-discriminated-union	document	apis/openapi/goteamup.com/main/0.0.0/meta/import/input-bundle.json	census 12	enumeration.tsv.gz
oneof-discriminated-union	document	apis/openapi/goteamup.com/main/0.0.0/meta/import/input-entry.json	census 12	enumeration.tsv.gz
oneof-discriminated-union	document	apis/openapi/goteamup.com/main/0.0.0/meta/import/output-bundle.json	census 12	enumeration.tsv.gz
oneof-discriminated-union	document	apis/openapi/goteamup.com/main/0.0.0/meta/import/output-entry.json	census 12	enumeration.tsv.gz
oneof-discriminated-union	document	apis/openapi/goteamup.com/main/0.0.0/openapi.json	census 12	enumeration.tsv.gz
oneof-discriminated-union	document	apis/openapi/heartbeat.readme.io/main/1.0.0/meta/import/input-bundle.json	census 6	enumeration.tsv.gz
oneof-discriminated-union	document	apis/openapi/heartbeat.readme.io/main/1.0.0/meta/import/input-entry.json	census 6	enumeration.tsv.gz
oneof-discriminated-union	document	apis/openapi/heartbeat.readme.io/main/1.0.0/meta/import/output-bundle.json	census 6	enumeration.tsv.gz
oneof-discriminated-union	document	apis/openapi/heartbeat.readme.io/main/1.0.0/meta/import/output-entry.json	census 6	enumeration.tsv.gz
oneof-discriminated-union	document	apis/openapi/heartbeat.readme.io/main/1.0.0/openapi.json	census 6	enumeration.tsv.gz
oneof-discriminated-union	document	apis/openapi/hubapi.com/crm-cards/v3/meta/import/input-bundle.json	census 3	enumeration.tsv.gz
oneof-discriminated-union	document	apis/openapi/hubapi.com/crm-cards/v3/meta/import/input-entry.json	census 3	enumeration.tsv.gz
oneof-discriminated-union	document	apis/openapi/hubapi.com/crm-cards/v3/meta/import/output-bundle.json	census 3	enumeration.tsv.gz
oneof-discriminated-union	document	apis/openapi/hubapi.com/crm-cards/v3/meta/import/output-entry.json	census 3	enumeration.tsv.gz
oneof-discriminated-union	document	apis/openapi/hubapi.com/crm-cards/v3/openapi.json	census 3	enumeration.tsv.gz
oneof-discriminated-union	document	apis/openapi/hubapi.com/custom-workflow-actions/v4/meta/import/input-bundle.json	census 3	enumeration.tsv.gz
oneof-discriminated-union	document	apis/openapi/hubapi.com/custom-workflow-actions/v4/meta/import/input-entry.json	census 3	enumeration.tsv.gz
oneof-discriminated-union	document	apis/openapi/hubapi.com/custom-workflow-actions/v4/meta/import/output-bundle.json	census 3	enumeration.tsv.gz
oneof-discriminated-union	document	apis/openapi/hubapi.com/custom-workflow-actions/v4/meta/import/output-entry.json	census 3	enumeration.tsv.gz
oneof-discriminated-union	document	apis/openapi/hubapi.com/custom-workflow-actions/v4/openapi.json	census 3	enumeration.tsv.gz
oneof-discriminated-union	document	apis/openapi/hubapi.com/hubspot-automation-api/v4/meta/import/input-bundle.json	census 3	enumeration.tsv.gz
oneof-discriminated-union	document	apis/openapi/hubapi.com/hubspot-automation-api/v4/meta/import/input-entry.json	census 3	enumeration.tsv.gz
oneof-discriminated-union	document	apis/openapi/hubapi.com/hubspot-automation-api/v4/meta/import/output-bundle.json	census 3	enumeration.tsv.gz
oneof-discriminated-union	document	apis/openapi/hubapi.com/hubspot-automation-api/v4/meta/import/output-entry.json	census 3	enumeration.tsv.gz
oneof-discriminated-union	document	apis/openapi/hubapi.com/hubspot-automation-api/v4/openapi.json	census 3	enumeration.tsv.gz
oneof-discriminated-union	document	apis/openapi/hubapi.com/hubspot-crm-api/v3/meta/import/input-bundle.json	census 3	enumeration.tsv.gz
oneof-discriminated-union	document	apis/openapi/hubapi.com/hubspot-crm-api/v3/meta/import/input-entry.json	census 3	enumeration.tsv.gz
oneof-discriminated-union	document	apis/openapi/hubapi.com/hubspot-crm-api/v3/meta/import/output-bundle.json	census 3	enumeration.tsv.gz
oneof-discriminated-union	document	apis/openapi/hubapi.com/hubspot-crm-api/v3/meta/import/output-entry.json	census 3	enumeration.tsv.gz
oneof-discriminated-union	document	apis/openapi/hubapi.com/hubspot-crm-api/v3/openapi.json	census 3	enumeration.tsv.gz
oneof-discriminated-union	document	apis/openapi/hubspot.com/Automation-actionsV4/v4/meta/import/input-bundled.json	census 3	enumeration.tsv.gz
oneof-discriminated-union	document	apis/openapi/hubspot.com/Automation-actionsV4/v4/meta/import/input-entry.json	census 3	enumeration.tsv.gz
oneof-discriminated-union	document	apis/openapi/hubspot.com/Automation-actionsV4/v4/meta/import/output-bundled.json	census 3	enumeration.tsv.gz
oneof-discriminated-union	document	apis/openapi/hubspot.com/Automation-actionsV4/v4/meta/import/output-entry.json	census 3	enumeration.tsv.gz
oneof-discriminated-union	document	apis/openapi/hubspot.com/Automation-actionsV4/v4/openapi.json	census 3	enumeration.tsv.gz
oneof-discriminated-union	document	apis/openapi/hubspot.com/Automation-automationV4/v4/meta/import/input-bundled.json	census 63	enumeration.tsv.gz
oneof-discriminated-union	document	apis/openapi/hubspot.com/Automation-automationV4/v4/meta/import/input-entry.json	census 63	enumeration.tsv.gz
oneof-discriminated-union	document	apis/openapi/hubspot.com/Automation-automationV4/v4/meta/import/output-bundled.json	census 63	enumeration.tsv.gz
oneof-discriminated-union	document	apis/openapi/hubspot.com/Automation-automationV4/v4/meta/import/output-entry.json	census 63	enumeration.tsv.gz
oneof-discriminated-union	document	apis/openapi/hubspot.com/Automation-automationV4/v4/openapi.json	census 63	enumeration.tsv.gz
oneof-discriminated-union	document	apis/openapi/hubspot.com/CMS-mediaBridge/v1/meta/import/input-bundled.json	census 68	enumeration.tsv.gz
oneof-discriminated-union	document	apis/openapi/hubspot.com/CMS-mediaBridge/v1/meta/import/input-entry.json	census 68	enumeration.tsv.gz
oneof-discriminated-union	document	apis/openapi/hubspot.com/CMS-mediaBridge/v1/meta/import/output-bundled.json	census 68	enumeration.tsv.gz
oneof-discriminated-union	document	apis/openapi/hubspot.com/CMS-mediaBridge/v1/meta/import/output-entry.json	census 68	enumeration.tsv.gz
oneof-discriminated-union	document	apis/openapi/hubspot.com/CMS-mediaBridge/v1/openapi.json	census 68	enumeration.tsv.gz
oneof-discriminated-union	document	apis/openapi/hubspot.com/CRM-lists/v3/meta/import/input-bundled.json	census 23	enumeration.tsv.gz
oneof-discriminated-union	document	apis/openapi/hubspot.com/CRM-lists/v3/meta/import/input-entry.json	census 23	enumeration.tsv.gz
oneof-discriminated-union	document	apis/openapi/hubspot.com/CRM-lists/v3/meta/import/output-bundled.json	census 23	enumeration.tsv.gz
oneof-discriminated-union	document	apis/openapi/hubspot.com/CRM-lists/v3/meta/import/output-entry.json	census 23	enumeration.tsv.gz
oneof-discriminated-union	document	apis/openapi/hubspot.com/CRM-lists/v3/openapi.json	census 23	enumeration.tsv.gz
oneof-discriminated-union	document	apis/openapi/hubspot.com/CRM-publicAppCrmCards/v3/meta/import/input-bundled.json	census 3	enumeration.tsv.gz
oneof-discriminated-union	document	apis/openapi/hubspot.com/CRM-publicAppCrmCards/v3/meta/import/input-entry.json	census 3	enumeration.tsv.gz
oneof-discriminated-union	document	apis/openapi/hubspot.com/CRM-publicAppCrmCards/v3/meta/import/output-bundled.json	census 3	enumeration.tsv.gz
oneof-discriminated-union	document	apis/openapi/hubspot.com/CRM-publicAppCrmCards/v3/meta/import/output-entry.json	census 3	enumeration.tsv.gz
oneof-discriminated-union	document	apis/openapi/hubspot.com/CRM-publicAppCrmCards/v3/openapi.json	census 3	enumeration.tsv.gz
oneof-discriminated-union	document	apis/openapi/hubspot.com/Conversations-conversationsInboxMessages/v3/meta/import/input-bundled.json	census 4	enumeration.tsv.gz
oneof-discriminated-union	document	apis/openapi/hubspot.com/Conversations-conversationsInboxMessages/v3/meta/import/input-entry.json	census 4	enumeration.tsv.gz
oneof-discriminated-union	document	apis/openapi/hubspot.com/Conversations-conversationsInboxMessages/v3/meta/import/output-bundled.json	census 4	enumeration.tsv.gz
oneof-discriminated-union	document	apis/openapi/hubspot.com/Conversations-conversationsInboxMessages/v3/meta/import/output-entry.json	census 4	enumeration.tsv.gz
oneof-discriminated-union	document	apis/openapi/hubspot.com/Conversations-conversationsInboxMessages/v3/openapi.json	census 4	enumeration.tsv.gz
oneof-discriminated-union	document	apis/openapi/hubspot.com/Conversations-customChannels/v3/meta/import/input-bundled.json	census 2	enumeration.tsv.gz
oneof-discriminated-union	document	apis/openapi/hubspot.com/Conversations-customChannels/v3/meta/import/input-entry.json	census 2	enumeration.tsv.gz
oneof-discriminated-union	document	apis/openapi/hubspot.com/Conversations-customChannels/v3/meta/import/output-bundled.json	census 2	enumeration.tsv.gz
oneof-discriminated-union	document	apis/openapi/hubspot.com/Conversations-customChannels/v3/meta/import/output-entry.json	census 2	enumeration.tsv.gz
oneof-discriminated-union	document	apis/openapi/hubspot.com/Conversations-customChannels/v3/openapi.json	census 2	enumeration.tsv.gz
oneof-discriminated-union	document	apis/openapi/hubspot.com/Events-manageEventDefinitions/v3/meta/import/input-bundled.json	census 7	enumeration.tsv.gz
oneof-discriminated-union	document	apis/openapi/hubspot.com/Events-manageEventDefinitions/v3/meta/import/input-entry.json	census 7	enumeration.tsv.gz
oneof-discriminated-union	document	apis/openapi/hubspot.com/Events-manageEventDefinitions/v3/meta/import/output-bundled.json	census 7	enumeration.tsv.gz
oneof-discriminated-union	document	apis/openapi/hubspot.com/Events-manageEventDefinitions/v3/meta/import/output-entry.json	census 7	enumeration.tsv.gz
oneof-discriminated-union	document	apis/openapi/hubspot.com/Events-manageEventDefinitions/v3/openapi.json	census 7	enumeration.tsv.gz
oneof-discriminated-union	document	apis/openapi/hubspot.com/Marketing-forms/v3/meta/import/input-bundled.json	census 5	enumeration.tsv.gz
oneof-discriminated-union	document	apis/openapi/hubspot.com/Marketing-forms/v3/meta/import/input-entry.json	census 5	enumeration.tsv.gz
oneof-discriminated-union	document	apis/openapi/hubspot.com/Marketing-forms/v3/meta/import/output-bundled.json	census 5	enumeration.tsv.gz
oneof-discriminated-union	document	apis/openapi/hubspot.com/Marketing-forms/v3/meta/import/output-entry.json	census 5	enumeration.tsv.gz
oneof-discriminated-union	document	apis/openapi/hubspot.com/Marketing-forms/v3/openapi.json	census 5	enumeration.tsv.gz
oneof-discriminated-union	document	apis/openapi/hume.ai/main/1.0.0/meta/import/input-bundle.json	census 1	enumeration.tsv.gz
oneof-discriminated-union	document	apis/openapi/hume.ai/main/1.0.0/meta/import/input-entry.json	census 1	enumeration.tsv.gz
oneof-discriminated-union	document	apis/openapi/hume.ai/main/1.0.0/meta/import/output-bundle.json	census 1	enumeration.tsv.gz
oneof-discriminated-union	document	apis/openapi/hume.ai/main/1.0.0/meta/import/output-entry.json	census 1	enumeration.tsv.gz
oneof-discriminated-union	document	apis/openapi/hume.ai/main/1.0.0/openapi.json	census 1	enumeration.tsv.gz
oneof-discriminated-union	document	apis/openapi/hyperswitch.io/main/0.1.0/meta/import/input-bundle.json	census 16	enumeration.tsv.gz
oneof-discriminated-union	document	apis/openapi/hyperswitch.io/main/0.1.0/meta/import/input-entry.json	census 16	enumeration.tsv.gz
oneof-discriminated-union	document	apis/openapi/hyperswitch.io/main/0.1.0/meta/import/output-bundle.json	census 16	enumeration.tsv.gz
oneof-discriminated-union	document	apis/openapi/hyperswitch.io/main/0.1.0/meta/import/output-entry.json	census 16	enumeration.tsv.gz
oneof-discriminated-union	document	apis/openapi/hyperswitch.io/main/0.1.0/openapi.json	census 16	enumeration.tsv.gz
oneof-discriminated-union	document	apis/openapi/ideal-postcodes.co.uk/main/3.7.0/meta/import/input-bundle.json	census 1	enumeration.tsv.gz
oneof-discriminated-union	document	apis/openapi/ideal-postcodes.co.uk/main/3.7.0/meta/import/input-entry.json	census 1	enumeration.tsv.gz
oneof-discriminated-union	document	apis/openapi/ideal-postcodes.co.uk/main/3.7.0/meta/import/output-bundle.json	census 1	enumeration.tsv.gz
oneof-discriminated-union	document	apis/openapi/ideal-postcodes.co.uk/main/3.7.0/meta/import/output-entry.json	census 1	enumeration.tsv.gz
oneof-discriminated-union	document	apis/openapi/ideal-postcodes.co.uk/main/3.7.0/openapi.json	census 1	enumeration.tsv.gz
oneof-discriminated-union	document	apis/openapi/insided.com/main/1.0.0/meta/import/input-bundle.json	census 1	enumeration.tsv.gz
oneof-discriminated-union	document	apis/openapi/insided.com/main/1.0.0/meta/import/input-entry.json	census 1	enumeration.tsv.gz
oneof-discriminated-union	document	apis/openapi/insided.com/main/1.0.0/meta/import/output-bundle.json	census 1	enumeration.tsv.gz
oneof-discriminated-union	document	apis/openapi/insided.com/main/1.0.0/meta/import/output-entry.json	census 1	enumeration.tsv.gz
oneof-discriminated-union	document	apis/openapi/insided.com/main/1.0.0/openapi.json	census 1	enumeration.tsv.gz
oneof-discriminated-union	document	apis/openapi/intercom.com/main/2.13/meta/import/input-bundled.json	census 2	enumeration.tsv.gz
oneof-discriminated-union	document	apis/openapi/intercom.com/main/2.13/meta/import/input-entry.json	census 2	enumeration.tsv.gz
oneof-discriminated-union	document	apis/openapi/intercom.com/main/2.13/meta/import/output-bundled.json	census 2	enumeration.tsv.gz
oneof-discriminated-union	document	apis/openapi/intercom.com/main/2.13/meta/import/output-entry.json	census 2	enumeration.tsv.gz
oneof-discriminated-union	document	apis/openapi/intercom.com/main/2.13/openapi.json	census 2	enumeration.tsv.gz
oneof-discriminated-union	document	apis/openapi/ironcladapp.com/ironclad/1/meta/import/input-bundle.json	census 3	enumeration.tsv.gz
oneof-discriminated-union	document	apis/openapi/ironcladapp.com/ironclad/1/meta/import/input-entry.json	census 3	enumeration.tsv.gz
oneof-discriminated-union	document	apis/openapi/ironcladapp.com/ironclad/1/meta/import/output-bundle.json	census 3	enumeration.tsv.gz
oneof-discriminated-union	document	apis/openapi/ironcladapp.com/ironclad/1/meta/import/output-entry.json	census 3	enumeration.tsv.gz
oneof-discriminated-union	document	apis/openapi/ironcladapp.com/ironclad/1/openapi.json	census 3	enumeration.tsv.gz
oneof-discriminated-union	document	apis/openapi/just-eat.co.uk/just-eat-uk/1.0.0/meta/import/input-bundle.json	census 3	enumeration.tsv.gz
oneof-discriminated-union	document	apis/openapi/just-eat.co.uk/just-eat-uk/1.0.0/meta/import/input-entry.json	census 3	enumeration.tsv.gz
oneof-discriminated-union	document	apis/openapi/just-eat.co.uk/just-eat-uk/1.0.0/meta/import/output-bundle.json	census 3	enumeration.tsv.gz
oneof-discriminated-union	document	apis/openapi/just-eat.co.uk/just-eat-uk/1.0.0/meta/import/output-entry.json	census 3	enumeration.tsv.gz
oneof-discriminated-union	document	apis/openapi/just-eat.co.uk/just-eat-uk/1.0.0/openapi.json	census 3	enumeration.tsv.gz
oneof-discriminated-union	document	apis/openapi/just-eat.co.uk/main/1.0.0/meta/import/input-bundle.json	census 3	enumeration.tsv.gz
oneof-discriminated-union	document	apis/openapi/just-eat.co.uk/main/1.0.0/meta/import/input-entry.json	census 3	enumeration.tsv.gz
oneof-discriminated-union	document	apis/openapi/just-eat.co.uk/main/1.0.0/meta/import/output-bundle.json	census 3	enumeration.tsv.gz
oneof-discriminated-union	document	apis/openapi/just-eat.co.uk/main/1.0.0/meta/import/output-entry.json	census 3	enumeration.tsv.gz
oneof-discriminated-union	document	apis/openapi/just-eat.co.uk/main/1.0.0/openapi.json	census 3	enumeration.tsv.gz
oneof-discriminated-union	document	apis/openapi/klaviyo.com/main/2025-04-15/meta/import/input-bundled.json	census 2	enumeration.tsv.gz
oneof-discriminated-union	document	apis/openapi/klaviyo.com/main/2025-04-15/meta/import/input-entry.json	census 2	enumeration.tsv.gz
oneof-discriminated-union	document	apis/openapi/klaviyo.com/main/2025-04-15/meta/import/output-bundled.json	census 2	enumeration.tsv.gz
oneof-discriminated-union	document	apis/openapi/klaviyo.com/main/2025-04-15/meta/import/output-entry.json	census 2	enumeration.tsv.gz
oneof-discriminated-union	document	apis/openapi/klaviyo.com/main/2025-04-15/openapi.json	census 2	enumeration.tsv.gz
oneof-discriminated-union	document	apis/openapi/kobotoolbox.org/main/2.0.0 (api_v2)/meta/import/input-bundle.json	census 2	enumeration.tsv.gz
oneof-discriminated-union	document	apis/openapi/kobotoolbox.org/main/2.0.0 (api_v2)/meta/import/input-entry.json	census 2	enumeration.tsv.gz
oneof-discriminated-union	document	apis/openapi/kobotoolbox.org/main/2.0.0 (api_v2)/meta/import/output-bundle.json	census 2	enumeration.tsv.gz
oneof-discriminated-union	document	apis/openapi/kobotoolbox.org/main/2.0.0 (api_v2)/meta/import/output-entry.json	census 2	enumeration.tsv.gz
oneof-discriminated-union	document	apis/openapi/kobotoolbox.org/main/2.0.0 (api_v2)/openapi.json	census 2	enumeration.tsv.gz
oneof-discriminated-union	document	apis/openapi/letsdeel.com/main/1.25.0/meta/import/input-bundle.json	census 1	enumeration.tsv.gz
oneof-discriminated-union	document	apis/openapi/letsdeel.com/main/1.25.0/meta/import/input-entry.json	census 1	enumeration.tsv.gz
oneof-discriminated-union	document	apis/openapi/letsdeel.com/main/1.25.0/meta/import/output-bundle.json	census 1	enumeration.tsv.gz
oneof-discriminated-union	document	apis/openapi/letsdeel.com/main/1.25.0/meta/import/output-entry.json	census 1	enumeration.tsv.gz
oneof-discriminated-union	document	apis/openapi/letsdeel.com/main/1.25.0/openapi.json	census 1	enumeration.tsv.gz
oneof-discriminated-union	document	apis/openapi/linode.com/linode-api/4.215.0/meta/import/input-bundle.json	census 9	enumeration.tsv.gz
oneof-discriminated-union	document	apis/openapi/linode.com/linode-api/4.215.0/meta/import/input-entry.json	census 9	enumeration.tsv.gz
oneof-discriminated-union	document	apis/openapi/linode.com/linode-api/4.215.0/meta/import/output-bundle.json	census 9	enumeration.tsv.gz
oneof-discriminated-union	document	apis/openapi/linode.com/linode-api/4.215.0/meta/import/output-entry.json	census 9	enumeration.tsv.gz
oneof-discriminated-union	document	apis/openapi/linode.com/linode-api/4.215.0/openapi.json	census 9	enumeration.tsv.gz
oneof-discriminated-union	document	apis/openapi/linqr.app/main/2.0/meta/import/input-bundled.json	census 2	enumeration.tsv.gz
oneof-discriminated-union	document	apis/openapi/linqr.app/main/2.0/meta/import/input-entry.json	census 2	enumeration.tsv.gz
oneof-discriminated-union	document	apis/openapi/linqr.app/main/2.0/meta/import/output-bundled.json	census 2	enumeration.tsv.gz
oneof-discriminated-union	document	apis/openapi/linqr.app/main/2.0/meta/import/output-entry.json	census 2	enumeration.tsv.gz
oneof-discriminated-union	document	apis/openapi/linqr.app/main/2.0/openapi.json	census 2	enumeration.tsv.gz
oneof-discriminated-union	document	apis/openapi/lucca.fr/main/1.0/meta/import/input-bundle.json	census 1	enumeration.tsv.gz
oneof-discriminated-union	document	apis/openapi/lucca.fr/main/1.0/meta/import/input-entry.json	census 1	enumeration.tsv.gz
oneof-discriminated-union	document	apis/openapi/lucca.fr/main/1.0/meta/import/output-bundle.json	census 1	enumeration.tsv.gz
oneof-discriminated-union	document	apis/openapi/lucca.fr/main/1.0/meta/import/output-entry.json	census 1	enumeration.tsv.gz
oneof-discriminated-union	document	apis/openapi/lucca.fr/main/1.0/openapi.json	census 1	enumeration.tsv.gz
oneof-discriminated-union	document	apis/openapi/luma.com/main/1.0.0/meta/import/input-bundle.json	census 31	enumeration.tsv.gz
oneof-discriminated-union	document	apis/openapi/luma.com/main/1.0.0/meta/import/input-entry.json	census 31	enumeration.tsv.gz
oneof-discriminated-union	document	apis/openapi/luma.com/main/1.0.0/meta/import/output-bundle.json	census 31	enumeration.tsv.gz
oneof-discriminated-union	document	apis/openapi/luma.com/main/1.0.0/meta/import/output-entry.json	census 31	enumeration.tsv.gz
oneof-discriminated-union	document	apis/openapi/luma.com/main/1.0.0/openapi.json	census 31	enumeration.tsv.gz
oneof-discriminated-union	document	apis/openapi/mailchimp.com/main/3.0.55/meta/import/input-bundled.json	census 50	enumeration.tsv.gz
oneof-discriminated-union	document	apis/openapi/mailchimp.com/main/3.0.55/meta/import/input-entry.json	census 50	enumeration.tsv.gz
oneof-discriminated-union	document	apis/openapi/mailchimp.com/main/3.0.55/meta/import/output-bundled.json	census 50	enumeration.tsv.gz
oneof-discriminated-union	document	apis/openapi/mailchimp.com/main/3.0.55/meta/import/output-entry.json	census 50	enumeration.tsv.gz
oneof-discriminated-union	document	apis/openapi/mailchimp.com/main/3.0.55/openapi.json	census 50	enumeration.tsv.gz
oneof-discriminated-union	document	apis/openapi/malga.io/main/0.5/meta/import/input-bundle.json	census 5	enumeration.tsv.gz
oneof-discriminated-union	document	apis/openapi/malga.io/main/0.5/meta/import/input-entry.json	census 5	enumeration.tsv.gz
oneof-discriminated-union	document	apis/openapi/malga.io/main/0.5/meta/import/output-bundle.json	census 5	enumeration.tsv.gz
oneof-discriminated-union	document	apis/openapi/malga.io/main/0.5/meta/import/output-entry.json	census 5	enumeration.tsv.gz
oneof-discriminated-union	document	apis/openapi/malga.io/main/0.5/openapi.json	census 5	enumeration.tsv.gz
oneof-discriminated-union	document	apis/openapi/metabase.com/main/v0.57.1-SNAPSHOT/meta/import/input-bundle.json	census 16	enumeration.tsv.gz
oneof-discriminated-union	document	apis/openapi/metabase.com/main/v0.57.1-SNAPSHOT/meta/import/input-entry.json	census 16	enumeration.tsv.gz
oneof-discriminated-union	document	apis/openapi/metabase.com/main/v0.57.1-SNAPSHOT/meta/import/output-bundle.json	census 16	enumeration.tsv.gz
oneof-discriminated-union	document	apis/openapi/metabase.com/main/v0.57.1-SNAPSHOT/meta/import/output-entry.json	census 16	enumeration.tsv.gz
oneof-discriminated-union	document	apis/openapi/metabase.com/main/v0.57.1-SNAPSHOT/openapi.json	census 16	enumeration.tsv.gz
oneof-discriminated-union	document	apis/openapi/metronome.com/main/1.0.0/meta/import/input-bundle.json	census 6	enumeration.tsv.gz
oneof-discriminated-union	document	apis/openapi/metronome.com/main/1.0.0/meta/import/input-entry.json	census 6	enumeration.tsv.gz
oneof-discriminated-union	document	apis/openapi/metronome.com/main/1.0.0/meta/import/output-bundle.json	census 6	enumeration.tsv.gz
oneof-discriminated-union	document	apis/openapi/metronome.com/main/1.0.0/meta/import/output-entry.json	census 6	enumeration.tsv.gz
oneof-discriminated-union	document	apis/openapi/metronome.com/main/1.0.0/openapi.json	census 6	enumeration.tsv.gz
oneof-discriminated-union	document	apis/openapi/microcks.local/main/1.7.1/meta/import/input-bundled.json	census 1	enumeration.tsv.gz
oneof-discriminated-union	document	apis/openapi/microcks.local/main/1.7.1/meta/import/input-entry.json	census 1	enumeration.tsv.gz
oneof-discriminated-union	document	apis/openapi/microcks.local/main/1.7.1/meta/import/output-bundled.json	census 1	enumeration.tsv.gz
oneof-discriminated-union	document	apis/openapi/microcks.local/main/1.7.1/meta/import/output-entry.json	census 1	enumeration.tsv.gz
oneof-discriminated-union	document	apis/openapi/microcks.local/main/1.7.1/openapi.json	census 1	enumeration.tsv.gz
oneof-discriminated-union	document	apis/openapi/mistral.ai/main/1.0.0/meta/import/input-bundle.json	census 30	enumeration.tsv.gz
oneof-discriminated-union	document	apis/openapi/mistral.ai/main/1.0.0/meta/import/input-entry.json	census 30	enumeration.tsv.gz
oneof-discriminated-union	document	apis/openapi/mistral.ai/main/1.0.0/meta/import/output-bundle.json	census 30	enumeration.tsv.gz
oneof-discriminated-union	document	apis/openapi/mistral.ai/main/1.0.0/meta/import/output-entry.json	census 30	enumeration.tsv.gz
oneof-discriminated-union	document	apis/openapi/mistral.ai/main/1.0.0/openapi.json	census 30	enumeration.tsv.gz
oneof-discriminated-union	document	apis/openapi/mongodb.com/main/2.0/meta/import/input-bundle.json	census 26	enumeration.tsv.gz
oneof-discriminated-union	document	apis/openapi/mongodb.com/main/2.0/meta/import/input-entry.json	census 26	enumeration.tsv.gz
oneof-discriminated-union	document	apis/openapi/mongodb.com/main/2.0/meta/import/output-bundle.json	census 26	enumeration.tsv.gz
oneof-discriminated-union	document	apis/openapi/mongodb.com/main/2.0/meta/import/output-entry.json	census 26	enumeration.tsv.gz
oneof-discriminated-union	document	apis/openapi/mongodb.com/main/2.0/openapi.json	census 26	enumeration.tsv.gz
oneof-discriminated-union	document	apis/openapi/mural.co/main/1.0.0/meta/import/input-bundle.json	census 26	enumeration.tsv.gz
oneof-discriminated-union	document	apis/openapi/mural.co/main/1.0.0/meta/import/input-entry.json	census 26	enumeration.tsv.gz
oneof-discriminated-union	document	apis/openapi/mural.co/main/1.0.0/meta/import/output-bundle.json	census 26	enumeration.tsv.gz
oneof-discriminated-union	document	apis/openapi/mural.co/main/1.0.0/meta/import/output-entry.json	census 26	enumeration.tsv.gz
oneof-discriminated-union	document	apis/openapi/mural.co/main/1.0.0/openapi.json	census 26	enumeration.tsv.gz
oneof-discriminated-union	document	apis/openapi/nabla.com/nabla-server-api/1.0.0/meta/import/input-bundle.json	census 9	enumeration.tsv.gz
oneof-discriminated-union	document	apis/openapi/nabla.com/nabla-server-api/1.0.0/meta/import/input-entry.json	census 9	enumeration.tsv.gz
oneof-discriminated-union	document	apis/openapi/nabla.com/nabla-server-api/1.0.0/meta/import/output-bundle.json	census 9	enumeration.tsv.gz
oneof-discriminated-union	document	apis/openapi/nabla.com/nabla-server-api/1.0.0/meta/import/output-entry.json	census 9	enumeration.tsv.gz
oneof-discriminated-union	document	apis/openapi/nabla.com/nabla-server-api/1.0.0/openapi.json	census 9	enumeration.tsv.gz
oneof-discriminated-union	document	apis/openapi/nabla.com/nabla-user-api/1.0.0/meta/import/input-bundle.json	census 1	enumeration.tsv.gz
oneof-discriminated-union	document	apis/openapi/nabla.com/nabla-user-api/1.0.0/meta/import/input-entry.json	census 1	enumeration.tsv.gz
oneof-discriminated-union	document	apis/openapi/nabla.com/nabla-user-api/1.0.0/meta/import/output-bundle.json	census 1	enumeration.tsv.gz
oneof-discriminated-union	document	apis/openapi/nabla.com/nabla-user-api/1.0.0/meta/import/output-entry.json	census 1	enumeration.tsv.gz
oneof-discriminated-union	document	apis/openapi/nabla.com/nabla-user-api/1.0.0/openapi.json	census 1	enumeration.tsv.gz
oneof-discriminated-union	document	apis/openapi/nedzo.ai/main/1.0.0/meta/import/input-bundle.json	census 1	enumeration.tsv.gz
oneof-discriminated-union	document	apis/openapi/nedzo.ai/main/1.0.0/meta/import/input-entry.json	census 1	enumeration.tsv.gz
oneof-discriminated-union	document	apis/openapi/nedzo.ai/main/1.0.0/meta/import/output-bundle.json	census 1	enumeration.tsv.gz
oneof-discriminated-union	document	apis/openapi/nedzo.ai/main/1.0.0/meta/import/output-entry.json	census 1	enumeration.tsv.gz
oneof-discriminated-union	document	apis/openapi/nedzo.ai/main/1.0.0/openapi.json	census 1	enumeration.tsv.gz
oneof-discriminated-union	document	apis/openapi/neon.com/main/v2/meta/import/input-bundle.json	census 1	enumeration.tsv.gz
oneof-discriminated-union	document	apis/openapi/neon.com/main/v2/meta/import/input-entry.json	census 1	enumeration.tsv.gz
oneof-discriminated-union	document	apis/openapi/neon.com/main/v2/meta/import/output-bundle.json	census 1	enumeration.tsv.gz
oneof-discriminated-union	document	apis/openapi/neon.com/main/v2/meta/import/output-entry.json	census 1	enumeration.tsv.gz
oneof-discriminated-union	document	apis/openapi/neon.com/main/v2/openapi.json	census 1	enumeration.tsv.gz
oneof-discriminated-union	document	apis/openapi/neon.tech/main/v2/meta/import/input-bundle.json	census 1	enumeration.tsv.gz
oneof-discriminated-union	document	apis/openapi/neon.tech/main/v2/meta/import/input-entry.json	census 1	enumeration.tsv.gz
oneof-discriminated-union	document	apis/openapi/neon.tech/main/v2/meta/import/output-bundle.json	census 1	enumeration.tsv.gz
oneof-discriminated-union	document	apis/openapi/neon.tech/main/v2/meta/import/output-entry.json	census 1	enumeration.tsv.gz
oneof-discriminated-union	document	apis/openapi/neon.tech/main/v2/openapi.json	census 1	enumeration.tsv.gz
oneof-discriminated-union	document	apis/openapi/netlas.io/main/v1/meta/import/input-bundle.json	census 1	enumeration.tsv.gz
oneof-discriminated-union	document	apis/openapi/netlas.io/main/v1/meta/import/input-entry.json	census 1	enumeration.tsv.gz
oneof-discriminated-union	document	apis/openapi/netlas.io/main/v1/meta/import/output-bundle.json	census 1	enumeration.tsv.gz
oneof-discriminated-union	document	apis/openapi/netlas.io/main/v1/meta/import/output-entry.json	census 1	enumeration.tsv.gz
oneof-discriminated-union	document	apis/openapi/netlas.io/main/v1/openapi.json	census 1	enumeration.tsv.gz
oneof-discriminated-union	document	apis/openapi/nexmo.com/account-api/1.0.4/meta/import/input-bundle.json	census 2	enumeration.tsv.gz
oneof-discriminated-union	document	apis/openapi/nexmo.com/account-api/1.0.4/meta/import/input-entry.json	census 2	enumeration.tsv.gz
oneof-discriminated-union	document	apis/openapi/nexmo.com/account-api/1.0.4/meta/import/output-bundle.json	census 2	enumeration.tsv.gz
oneof-discriminated-union	document	apis/openapi/nexmo.com/account-api/1.0.4/meta/import/output-entry.json	census 2	enumeration.tsv.gz
oneof-discriminated-union	document	apis/openapi/nexmo.com/account-api/1.0.4/openapi.json	census 2	enumeration.tsv.gz
oneof-discriminated-union	document	apis/openapi/nexmo.com/account/1.0.4/meta/import/input-bundle.json	census 2	enumeration.tsv.gz
oneof-discriminated-union	document	apis/openapi/nexmo.com/account/1.0.4/meta/import/input-entry.json	census 2	enumeration.tsv.gz
oneof-discriminated-union	document	apis/openapi/nexmo.com/account/1.0.4/meta/import/output-bundle.json	census 2	enumeration.tsv.gz
oneof-discriminated-union	document	apis/openapi/nexmo.com/account/1.0.4/meta/import/output-entry.json	census 2	enumeration.tsv.gz
oneof-discriminated-union	document	apis/openapi/nexmo.com/account/1.0.4/openapi.json	census 2	enumeration.tsv.gz
oneof-discriminated-union	document	apis/openapi/nexmo.com/conversation-api/2.0.1/meta/import/input-bundle.json	census 1	enumeration.tsv.gz
oneof-discriminated-union	document	apis/openapi/nexmo.com/conversation-api/2.0.1/meta/import/input-entry.json	census 1	enumeration.tsv.gz
oneof-discriminated-union	document	apis/openapi/nexmo.com/conversation-api/2.0.1/meta/import/output-bundle.json	census 1	enumeration.tsv.gz
oneof-discriminated-union	document	apis/openapi/nexmo.com/conversation-api/2.0.1/meta/import/output-entry.json	census 1	enumeration.tsv.gz
oneof-discriminated-union	document	apis/openapi/nexmo.com/conversation-api/2.0.1/openapi.json	census 1	enumeration.tsv.gz
oneof-discriminated-union	document	apis/openapi/nexmo.com/conversation/2.0.1/meta/import/input-bundle.json	census 1	enumeration.tsv.gz
oneof-discriminated-union	document	apis/openapi/nexmo.com/conversation/2.0.1/meta/import/input-entry.json	census 1	enumeration.tsv.gz
oneof-discriminated-union	document	apis/openapi/nexmo.com/conversation/2.0.1/meta/import/output-bundle.json	census 1	enumeration.tsv.gz
oneof-discriminated-union	document	apis/openapi/nexmo.com/conversation/2.0.1/meta/import/output-entry.json	census 1	enumeration.tsv.gz
oneof-discriminated-union	document	apis/openapi/nexmo.com/conversation/2.0.1/openapi.json	census 1	enumeration.tsv.gz
oneof-discriminated-union	document	apis/openapi/nexmo.com/messages-api/1.4.0/meta/import/input-bundle.json	census 2	enumeration.tsv.gz
oneof-discriminated-union	document	apis/openapi/nexmo.com/messages-api/1.4.0/meta/import/input-entry.json	census 2	enumeration.tsv.gz
oneof-discriminated-union	document	apis/openapi/nexmo.com/messages-api/1.4.0/meta/import/output-bundle.json	census 2	enumeration.tsv.gz
oneof-discriminated-union	document	apis/openapi/nexmo.com/messages-api/1.4.0/meta/import/output-entry.json	census 2	enumeration.tsv.gz
oneof-discriminated-union	document	apis/openapi/nexmo.com/messages-api/1.4.0/openapi.json	census 2	enumeration.tsv.gz
oneof-discriminated-union	document	apis/openapi/nexmo.com/messages-olympus/1.4.0/meta/import/input-bundle.json	census 2	enumeration.tsv.gz
oneof-discriminated-union	document	apis/openapi/nexmo.com/messages-olympus/1.4.0/meta/import/input-entry.json	census 2	enumeration.tsv.gz
oneof-discriminated-union	document	apis/openapi/nexmo.com/messages-olympus/1.4.0/meta/import/output-bundle.json	census 2	enumeration.tsv.gz
oneof-discriminated-union	document	apis/openapi/nexmo.com/messages-olympus/1.4.0/meta/import/output-entry.json	census 2	enumeration.tsv.gz
oneof-discriminated-union	document	apis/openapi/nexmo.com/messages-olympus/1.4.0/openapi.json	census 2	enumeration.tsv.gz
oneof-discriminated-union	document	apis/openapi/nexmo.com/redact-api/1.0.6/meta/import/input-bundle.json	census 2	enumeration.tsv.gz
oneof-discriminated-union	document	apis/openapi/nexmo.com/redact-api/1.0.6/meta/import/input-entry.json	census 2	enumeration.tsv.gz
oneof-discriminated-union	document	apis/openapi/nexmo.com/redact-api/1.0.6/meta/import/output-bundle.json	census 2	enumeration.tsv.gz
oneof-discriminated-union	document	apis/openapi/nexmo.com/redact-api/1.0.6/meta/import/output-entry.json	census 2	enumeration.tsv.gz
oneof-discriminated-union	document	apis/openapi/nexmo.com/redact-api/1.0.6/openapi.json	census 2	enumeration.tsv.gz
oneof-discriminated-union	document	apis/openapi/nexmo.com/redact/1.0.6/meta/import/input-bundle.json	census 2	enumeration.tsv.gz
oneof-discriminated-union	document	apis/openapi/nexmo.com/redact/1.0.6/meta/import/input-entry.json	census 2	enumeration.tsv.gz
oneof-discriminated-union	document	apis/openapi/nexmo.com/redact/1.0.6/meta/import/output-bundle.json	census 2	enumeration.tsv.gz
oneof-discriminated-union	document	apis/openapi/nexmo.com/redact/1.0.6/meta/import/output-entry.json	census 2	enumeration.tsv.gz
oneof-discriminated-union	document	apis/openapi/nexmo.com/redact/1.0.6/openapi.json	census 2	enumeration.tsv.gz
oneof-discriminated-union	document	apis/openapi/nexmo.com/subaccounts-api/1.0.8/meta/import/input-bundle.json	census 1	enumeration.tsv.gz
oneof-discriminated-union	document	apis/openapi/nexmo.com/subaccounts-api/1.0.8/meta/import/input-entry.json	census 1	enumeration.tsv.gz
oneof-discriminated-union	document	apis/openapi/nexmo.com/subaccounts-api/1.0.8/meta/import/output-bundle.json	census 1	enumeration.tsv.gz
oneof-discriminated-union	document	apis/openapi/nexmo.com/subaccounts-api/1.0.8/meta/import/output-entry.json	census 1	enumeration.tsv.gz
oneof-discriminated-union	document	apis/openapi/nexmo.com/subaccounts-api/1.0.8/openapi.json	census 1	enumeration.tsv.gz
oneof-discriminated-union	document	apis/openapi/nexmo.com/subaccounts/1.0.8/meta/import/input-bundle.json	census 1	enumeration.tsv.gz
oneof-discriminated-union	document	apis/openapi/nexmo.com/subaccounts/1.0.8/meta/import/input-entry.json	census 1	enumeration.tsv.gz
oneof-discriminated-union	document	apis/openapi/nexmo.com/subaccounts/1.0.8/meta/import/output-bundle.json	census 1	enumeration.tsv.gz
oneof-discriminated-union	document	apis/openapi/nexmo.com/subaccounts/1.0.8/meta/import/output-entry.json	census 1	enumeration.tsv.gz
oneof-discriminated-union	document	apis/openapi/nexmo.com/subaccounts/1.0.8/openapi.json	census 1	enumeration.tsv.gz
oneof-discriminated-union	document	apis/openapi/nexmo.com/voice-api/1.3.10/meta/import/input-bundle.json	census 1	enumeration.tsv.gz
oneof-discriminated-union	document	apis/openapi/nexmo.com/voice-api/1.3.10/meta/import/input-entry.json	census 1	enumeration.tsv.gz
oneof-discriminated-union	document	apis/openapi/nexmo.com/voice-api/1.3.10/meta/import/output-bundle.json	census 1	enumeration.tsv.gz
oneof-discriminated-union	document	apis/openapi/nexmo.com/voice-api/1.3.10/meta/import/output-entry.json	census 1	enumeration.tsv.gz
oneof-discriminated-union	document	apis/openapi/nexmo.com/voice-api/1.3.10/openapi.json	census 1	enumeration.tsv.gz
oneof-discriminated-union	document	apis/openapi/nexmo.com/voice/1.3.10/meta/import/input-bundle.json	census 1	enumeration.tsv.gz
oneof-discriminated-union	document	apis/openapi/nexmo.com/voice/1.3.10/meta/import/input-entry.json	census 1	enumeration.tsv.gz
oneof-discriminated-union	document	apis/openapi/nexmo.com/voice/1.3.10/meta/import/output-bundle.json	census 1	enumeration.tsv.gz
oneof-discriminated-union	document	apis/openapi/nexmo.com/voice/1.3.10/meta/import/output-entry.json	census 1	enumeration.tsv.gz
oneof-discriminated-union	document	apis/openapi/nexmo.com/voice/1.3.10/openapi.json	census 1	enumeration.tsv.gz
oneof-discriminated-union	document	apis/openapi/notyai/main/1.0.0/meta/import/input-bundle.json	census 1	enumeration.tsv.gz
oneof-discriminated-union	document	apis/openapi/notyai/main/1.0.0/meta/import/input-entry.json	census 1	enumeration.tsv.gz
oneof-discriminated-union	document	apis/openapi/notyai/main/1.0.0/meta/import/output-bundle.json	census 1	enumeration.tsv.gz
oneof-discriminated-union	document	apis/openapi/notyai/main/1.0.0/meta/import/output-entry.json	census 1	enumeration.tsv.gz
oneof-discriminated-union	document	apis/openapi/notyai/main/1.0.0/openapi.json	census 1	enumeration.tsv.gz
oneof-discriminated-union	document	apis/openapi/novu.co/novu-api/3.14.0/meta/import/input-bundle.json	census 5	enumeration.tsv.gz
oneof-discriminated-union	document	apis/openapi/novu.co/novu-api/3.14.0/meta/import/input-entry.json	census 5	enumeration.tsv.gz
oneof-discriminated-union	document	apis/openapi/novu.co/novu-api/3.14.0/meta/import/output-bundle.json	census 5	enumeration.tsv.gz
oneof-discriminated-union	document	apis/openapi/novu.co/novu-api/3.14.0/meta/import/output-entry.json	census 5	enumeration.tsv.gz
oneof-discriminated-union	document	apis/openapi/novu.co/novu-api/3.14.0/openapi.json	census 5	enumeration.tsv.gz
oneof-discriminated-union	document	apis/openapi/okta.com/main/2026.03.0/meta/import/input-bundle.json	census 17	enumeration.tsv.gz
oneof-discriminated-union	document	apis/openapi/okta.com/main/2026.03.0/meta/import/input-entry.json	census 17	enumeration.tsv.gz
oneof-discriminated-union	document	apis/openapi/okta.com/main/2026.03.0/meta/import/output-bundle.json	census 17	enumeration.tsv.gz
oneof-discriminated-union	document	apis/openapi/okta.com/main/2026.03.0/meta/import/output-entry.json	census 17	enumeration.tsv.gz
oneof-discriminated-union	document	apis/openapi/okta.com/main/2026.03.0/openapi.json	census 17	enumeration.tsv.gz
oneof-discriminated-union	document	apis/openapi/ometria.com/data-api/2.0/meta/import/input-bundle.json	census 1	enumeration.tsv.gz
oneof-discriminated-union	document	apis/openapi/ometria.com/data-api/2.0/meta/import/input-entry.json	census 1	enumeration.tsv.gz
oneof-discriminated-union	document	apis/openapi/ometria.com/data-api/2.0/meta/import/output-bundle.json	census 1	enumeration.tsv.gz
oneof-discriminated-union	document	apis/openapi/ometria.com/data-api/2.0/meta/import/output-entry.json	census 1	enumeration.tsv.gz
oneof-discriminated-union	document	apis/openapi/ometria.com/data-api/2.0/openapi.json	census 1	enumeration.tsv.gz
oneof-discriminated-union	document	apis/openapi/openai.com/main/2.3.0/meta/import/input-bundled.json	census 47	enumeration.tsv.gz
oneof-discriminated-union	document	apis/openapi/openai.com/main/2.3.0/meta/import/input-entry.json	census 47	enumeration.tsv.gz
oneof-discriminated-union	document	apis/openapi/openai.com/main/2.3.0/meta/import/output-bundled.json	census 47	enumeration.tsv.gz
oneof-discriminated-union	document	apis/openapi/openai.com/main/2.3.0/meta/import/output-entry.json	census 47	enumeration.tsv.gz
oneof-discriminated-union	document	apis/openapi/openai.com/main/2.3.0/openapi.json	census 47	enumeration.tsv.gz
oneof-discriminated-union	document	apis/openapi/openrouter.ai/main/1.0.0/meta/import/input-bundle.json	census 71	enumeration.tsv.gz
oneof-discriminated-union	document	apis/openapi/openrouter.ai/main/1.0.0/meta/import/input-entry.json	census 71	enumeration.tsv.gz
oneof-discriminated-union	document	apis/openapi/openrouter.ai/main/1.0.0/meta/import/output-bundle.json	census 71	enumeration.tsv.gz
oneof-discriminated-union	document	apis/openapi/openrouter.ai/main/1.0.0/meta/import/output-entry.json	census 71	enumeration.tsv.gz
oneof-discriminated-union	document	apis/openapi/openrouter.ai/main/1.0.0/openapi.json	census 71	enumeration.tsv.gz
oneof-discriminated-union	document	apis/openapi/opensearch.org/main/0.2.0/meta/import/input-bundle.json	census 2	enumeration.tsv.gz
oneof-discriminated-union	document	apis/openapi/opensearch.org/main/0.2.0/meta/import/input-entry.json	census 2	enumeration.tsv.gz
oneof-discriminated-union	document	apis/openapi/opensearch.org/main/0.2.0/meta/import/output-bundle.json	census 2	enumeration.tsv.gz
oneof-discriminated-union	document	apis/openapi/opensearch.org/main/0.2.0/meta/import/output-entry.json	census 2	enumeration.tsv.gz
oneof-discriminated-union	document	apis/openapi/opensearch.org/main/0.2.0/openapi.json	census 2	enumeration.tsv.gz
oneof-discriminated-union	document	apis/openapi/organization.gladly.com/gladly/1.0/meta/import/input-bundle.json	census 3	enumeration.tsv.gz
oneof-discriminated-union	document	apis/openapi/organization.gladly.com/gladly/1.0/meta/import/input-entry.json	census 3	enumeration.tsv.gz
oneof-discriminated-union	document	apis/openapi/organization.gladly.com/gladly/1.0/meta/import/output-bundle.json	census 3	enumeration.tsv.gz
oneof-discriminated-union	document	apis/openapi/organization.gladly.com/gladly/1.0/meta/import/output-entry.json	census 3	enumeration.tsv.gz
oneof-discriminated-union	document	apis/openapi/organization.gladly.com/gladly/1.0/openapi.json	census 3	enumeration.tsv.gz
oneof-discriminated-union	document	apis/openapi/ory.sh/ory-api/v1.22.27/meta/import/input-bundle.json	census 7	enumeration.tsv.gz
oneof-discriminated-union	document	apis/openapi/ory.sh/ory-api/v1.22.27/meta/import/input-entry.json	census 7	enumeration.tsv.gz
oneof-discriminated-union	document	apis/openapi/ory.sh/ory-api/v1.22.27/meta/import/output-bundle.json	census 7	enumeration.tsv.gz
oneof-discriminated-union	document	apis/openapi/ory.sh/ory-api/v1.22.27/meta/import/output-entry.json	census 7	enumeration.tsv.gz
oneof-discriminated-union	document	apis/openapi/ory.sh/ory-api/v1.22.27/openapi.json	census 7	enumeration.tsv.gz
oneof-discriminated-union	document	apis/openapi/osohq.com/main/0.1.0/meta/import/input-bundle.json	census 2	enumeration.tsv.gz
oneof-discriminated-union	document	apis/openapi/osohq.com/main/0.1.0/meta/import/input-entry.json	census 2	enumeration.tsv.gz
oneof-discriminated-union	document	apis/openapi/osohq.com/main/0.1.0/meta/import/output-bundle.json	census 2	enumeration.tsv.gz
oneof-discriminated-union	document	apis/openapi/osohq.com/main/0.1.0/meta/import/output-entry.json	census 2	enumeration.tsv.gz
oneof-discriminated-union	document	apis/openapi/osohq.com/main/0.1.0/openapi.json	census 2	enumeration.tsv.gz
oneof-discriminated-union	document	apis/openapi/packetfabric.com/main/2.0.0/meta/import/input-bundle.json	census 6	enumeration.tsv.gz
oneof-discriminated-union	document	apis/openapi/packetfabric.com/main/2.0.0/meta/import/input-entry.json	census 6	enumeration.tsv.gz
oneof-discriminated-union	document	apis/openapi/packetfabric.com/main/2.0.0/meta/import/output-bundle.json	census 6	enumeration.tsv.gz
oneof-discriminated-union	document	apis/openapi/packetfabric.com/main/2.0.0/meta/import/output-entry.json	census 6	enumeration.tsv.gz
oneof-discriminated-union	document	apis/openapi/packetfabric.com/main/2.0.0/openapi.json	census 6	enumeration.tsv.gz
oneof-discriminated-union	document	apis/openapi/pagerduty.com/pagerduty-api/2.0.0/meta/import/input-bundle.json	census 7	enumeration.tsv.gz
oneof-discriminated-union	document	apis/openapi/pagerduty.com/pagerduty-api/2.0.0/meta/import/input-entry.json	census 6	enumeration.tsv.gz
oneof-discriminated-union	document	apis/openapi/pagerduty.com/pagerduty-api/2.0.0/meta/import/output-bundle.json	census 7	enumeration.tsv.gz
oneof-discriminated-union	document	apis/openapi/pagerduty.com/pagerduty-api/2.0.0/meta/import/output-entry.json	census 6	enumeration.tsv.gz
oneof-discriminated-union	document	apis/openapi/pagerduty.com/pagerduty-api/2.0.0/openapi.json	census 7	enumeration.tsv.gz
oneof-discriminated-union	document	apis/openapi/pandadoc.com/main/7.18.1/meta/import/input-bundle.json	census 1	enumeration.tsv.gz
oneof-discriminated-union	document	apis/openapi/pandadoc.com/main/7.18.1/meta/import/input-entry.json	census 1	enumeration.tsv.gz
oneof-discriminated-union	document	apis/openapi/pandadoc.com/main/7.18.1/meta/import/output-bundle.json	census 1	enumeration.tsv.gz
oneof-discriminated-union	document	apis/openapi/pandadoc.com/main/7.18.1/meta/import/output-entry.json	census 1	enumeration.tsv.gz
oneof-discriminated-union	document	apis/openapi/pandadoc.com/main/7.18.1/openapi.json	census 1	enumeration.tsv.gz
oneof-discriminated-union	document	apis/openapi/pandascore.co/main/2.23.1/meta/import/input-bundle.json	census 5	enumeration.tsv.gz
oneof-discriminated-union	document	apis/openapi/pandascore.co/main/2.23.1/meta/import/input-entry.json	census 5	enumeration.tsv.gz
oneof-discriminated-union	document	apis/openapi/pandascore.co/main/2.23.1/meta/import/output-bundle.json	census 5	enumeration.tsv.gz
oneof-discriminated-union	document	apis/openapi/pandascore.co/main/2.23.1/meta/import/output-entry.json	census 5	enumeration.tsv.gz
oneof-discriminated-union	document	apis/openapi/pandascore.co/main/2.23.1/openapi.json	census 5	enumeration.tsv.gz
oneof-discriminated-union	document	apis/openapi/pandascore.co/pandascore-rest-api-for-all-videogames/2.23.1/meta/import/input-bundle.json	census 5	enumeration.tsv.gz
oneof-discriminated-union	document	apis/openapi/pandascore.co/pandascore-rest-api-for-all-videogames/2.23.1/meta/import/input-entry.json	census 5	enumeration.tsv.gz
oneof-discriminated-union	document	apis/openapi/pandascore.co/pandascore-rest-api-for-all-videogames/2.23.1/meta/import/output-bundle.json	census 5	enumeration.tsv.gz
oneof-discriminated-union	document	apis/openapi/pandascore.co/pandascore-rest-api-for-all-videogames/2.23.1/meta/import/output-entry.json	census 5	enumeration.tsv.gz
oneof-discriminated-union	document	apis/openapi/pandascore.co/pandascore-rest-api-for-all-videogames/2.23.1/openapi.json	census 5	enumeration.tsv.gz
oneof-discriminated-union	document	apis/openapi/payabli.com/main/1.0.0/meta/import/input-bundle.json	census 1	enumeration.tsv.gz
oneof-discriminated-union	document	apis/openapi/payabli.com/main/1.0.0/meta/import/input-entry.json	census 1	enumeration.tsv.gz
oneof-discriminated-union	document	apis/openapi/payabli.com/main/1.0.0/meta/import/output-bundle.json	census 1	enumeration.tsv.gz
oneof-discriminated-union	document	apis/openapi/payabli.com/main/1.0.0/meta/import/output-entry.json	census 1	enumeration.tsv.gz
oneof-discriminated-union	document	apis/openapi/payabli.com/main/1.0.0/openapi.json	census 1	enumeration.tsv.gz
oneof-discriminated-union	document	apis/openapi/penpot.app/main/2.14/meta/import/input-bundle.json	census 195	enumeration.tsv.gz
oneof-discriminated-union	document	apis/openapi/penpot.app/main/2.14/meta/import/input-entry.json	census 195	enumeration.tsv.gz
oneof-discriminated-union	document	apis/openapi/penpot.app/main/2.14/meta/import/output-bundle.json	census 195	enumeration.tsv.gz
oneof-discriminated-union	document	apis/openapi/penpot.app/main/2.14/meta/import/output-entry.json	census 195	enumeration.tsv.gz
oneof-discriminated-union	document	apis/openapi/penpot.app/main/2.14/openapi.json	census 195	enumeration.tsv.gz
oneof-discriminated-union	document	apis/openapi/pingdom.com/pingdom-api/3.1/meta/import/input-bundle.json	census 1	enumeration.tsv.gz
oneof-discriminated-union	document	apis/openapi/pingdom.com/pingdom-api/3.1/meta/import/input-entry.json	census 1	enumeration.tsv.gz
oneof-discriminated-union	document	apis/openapi/pingdom.com/pingdom-api/3.1/meta/import/output-bundle.json	census 1	enumeration.tsv.gz
oneof-discriminated-union	document	apis/openapi/pingdom.com/pingdom-api/3.1/meta/import/output-entry.json	census 1	enumeration.tsv.gz
oneof-discriminated-union	document	apis/openapi/pingdom.com/pingdom-api/3.1/openapi.json	census 1	enumeration.tsv.gz
oneof-discriminated-union	document	apis/openapi/pinterest.com/main/5.23.0/meta/import/input-bundle.json	census 27	enumeration.tsv.gz
oneof-discriminated-union	document	apis/openapi/pinterest.com/main/5.23.0/meta/import/input-entry.json	census 27	enumeration.tsv.gz
oneof-discriminated-union	document	apis/openapi/pinterest.com/main/5.23.0/meta/import/output-bundle.json	census 27	enumeration.tsv.gz
oneof-discriminated-union	document	apis/openapi/pinterest.com/main/5.23.0/meta/import/output-entry.json	census 27	enumeration.tsv.gz
oneof-discriminated-union	document	apis/openapi/pinterest.com/main/5.23.0/openapi.json	census 27	enumeration.tsv.gz
oneof-discriminated-union	document	apis/openapi/prosperstack.com/main/v1/meta/import/input-bundle.json	census 1	enumeration.tsv.gz
oneof-discriminated-union	document	apis/openapi/prosperstack.com/main/v1/meta/import/input-entry.json	census 1	enumeration.tsv.gz
oneof-discriminated-union	document	apis/openapi/prosperstack.com/main/v1/meta/import/output-bundle.json	census 1	enumeration.tsv.gz
oneof-discriminated-union	document	apis/openapi/prosperstack.com/main/v1/meta/import/output-entry.json	census 1	enumeration.tsv.gz
oneof-discriminated-union	document	apis/openapi/prosperstack.com/main/v1/openapi.json	census 1	enumeration.tsv.gz
oneof-discriminated-union	document	apis/openapi/raia2.com/raia-api/1.0.0/meta/import/input-bundle.json	census 2	enumeration.tsv.gz
oneof-discriminated-union	document	apis/openapi/raia2.com/raia-api/1.0.0/meta/import/input-entry.json	census 2	enumeration.tsv.gz
oneof-discriminated-union	document	apis/openapi/raia2.com/raia-api/1.0.0/meta/import/output-bundle.json	census 2	enumeration.tsv.gz
oneof-discriminated-union	document	apis/openapi/raia2.com/raia-api/1.0.0/meta/import/output-entry.json	census 2	enumeration.tsv.gz
oneof-discriminated-union	document	apis/openapi/raia2.com/raia-api/1.0.0/openapi.json	census 2	enumeration.tsv.gz
oneof-discriminated-union	document	apis/openapi/raindrop.io/main/0.1.0/meta/import/input-bundle.json	census 1	enumeration.tsv.gz
oneof-discriminated-union	document	apis/openapi/raindrop.io/main/0.1.0/meta/import/input-entry.json	census 1	enumeration.tsv.gz
oneof-discriminated-union	document	apis/openapi/raindrop.io/main/0.1.0/meta/import/output-bundle.json	census 1	enumeration.tsv.gz
oneof-discriminated-union	document	apis/openapi/raindrop.io/main/0.1.0/meta/import/output-entry.json	census 1	enumeration.tsv.gz
oneof-discriminated-union	document	apis/openapi/raindrop.io/main/0.1.0/openapi.json	census 1	enumeration.tsv.gz
oneof-discriminated-union	document	apis/openapi/rebilly.com/main/2.1/meta/import/input-bundle.json	census 1	enumeration.tsv.gz
oneof-discriminated-union	document	apis/openapi/rebilly.com/main/2.1/meta/import/input-entry.json	census 1	enumeration.tsv.gz
oneof-discriminated-union	document	apis/openapi/rebilly.com/main/2.1/meta/import/output-bundle.json	census 1	enumeration.tsv.gz
oneof-discriminated-union	document	apis/openapi/rebilly.com/main/2.1/meta/import/output-entry.json	census 1	enumeration.tsv.gz
oneof-discriminated-union	document	apis/openapi/rebilly.com/main/2.1/openapi.json	census 1	enumeration.tsv.gz
oneof-discriminated-union	document	apis/openapi/rebilly.com/rebilly-rest-api/2.1/meta/import/input-bundle.json	census 1	enumeration.tsv.gz
oneof-discriminated-union	document	apis/openapi/rebilly.com/rebilly-rest-api/2.1/meta/import/input-entry.json	census 1	enumeration.tsv.gz
oneof-discriminated-union	document	apis/openapi/rebilly.com/rebilly-rest-api/2.1/meta/import/output-bundle.json	census 1	enumeration.tsv.gz
oneof-discriminated-union	document	apis/openapi/rebilly.com/rebilly-rest-api/2.1/meta/import/output-entry.json	census 1	enumeration.tsv.gz
oneof-discriminated-union	document	apis/openapi/rebilly.com/rebilly-rest-api/2.1/openapi.json	census 1	enumeration.tsv.gz
oneof-discriminated-union	document	apis/openapi/redirection.io/main/2.0.0/meta/import/input-bundled.json	census 30	enumeration.tsv.gz
oneof-discriminated-union	document	apis/openapi/redirection.io/main/2.0.0/meta/import/input-entry.json	census 30	enumeration.tsv.gz
oneof-discriminated-union	document	apis/openapi/redirection.io/main/2.0.0/meta/import/output-bundled.json	census 30	enumeration.tsv.gz
oneof-discriminated-union	document	apis/openapi/redirection.io/main/2.0.0/meta/import/output-entry.json	census 30	enumeration.tsv.gz
oneof-discriminated-union	document	apis/openapi/redirection.io/main/2.0.0/openapi.json	census 30	enumeration.tsv.gz
oneof-discriminated-union	document	apis/openapi/remote.com/main/1.0.0/meta/import/input-bundle.json	census 5	enumeration.tsv.gz
oneof-discriminated-union	document	apis/openapi/remote.com/main/1.0.0/meta/import/input-entry.json	census 5	enumeration.tsv.gz
oneof-discriminated-union	document	apis/openapi/remote.com/main/1.0.0/meta/import/output-bundle.json	census 5	enumeration.tsv.gz
oneof-discriminated-union	document	apis/openapi/remote.com/main/1.0.0/meta/import/output-entry.json	census 5	enumeration.tsv.gz
oneof-discriminated-union	document	apis/openapi/remote.com/main/1.0.0/openapi.json	census 5	enumeration.tsv.gz
oneof-discriminated-union	document	apis/openapi/respond.io/respond-io-api/2.0.0/meta/import/input-bundle.json	census 3	enumeration.tsv.gz
oneof-discriminated-union	document	apis/openapi/respond.io/respond-io-api/2.0.0/meta/import/input-entry.json	census 3	enumeration.tsv.gz
oneof-discriminated-union	document	apis/openapi/respond.io/respond-io-api/2.0.0/meta/import/output-bundle.json	census 3	enumeration.tsv.gz
oneof-discriminated-union	document	apis/openapi/respond.io/respond-io-api/2.0.0/meta/import/output-entry.json	census 3	enumeration.tsv.gz
oneof-discriminated-union	document	apis/openapi/respond.io/respond-io-api/2.0.0/openapi.json	census 3	enumeration.tsv.gz
oneof-discriminated-union	document	apis/openapi/revolut.com/merchant/2024-09-01/meta/import/input-bundled.json	census 8	enumeration.tsv.gz
oneof-discriminated-union	document	apis/openapi/revolut.com/merchant/2024-09-01/meta/import/input-entry.json	census 8	enumeration.tsv.gz
oneof-discriminated-union	document	apis/openapi/revolut.com/merchant/2024-09-01/meta/import/output-bundled.json	census 8	enumeration.tsv.gz
oneof-discriminated-union	document	apis/openapi/revolut.com/merchant/2024-09-01/meta/import/output-entry.json	census 8	enumeration.tsv.gz
oneof-discriminated-union	document	apis/openapi/revolut.com/merchant/2024-09-01/openapi.json	census 8	enumeration.tsv.gz
oneof-discriminated-union	document	apis/openapi/rillet.com/main/v3.0/meta/import/input-bundle.json	census 11	enumeration.tsv.gz
oneof-discriminated-union	document	apis/openapi/rillet.com/main/v3.0/meta/import/input-entry.json	census 11	enumeration.tsv.gz
oneof-discriminated-union	document	apis/openapi/rillet.com/main/v3.0/meta/import/output-bundle.json	census 11	enumeration.tsv.gz
oneof-discriminated-union	document	apis/openapi/rillet.com/main/v3.0/meta/import/output-entry.json	census 11	enumeration.tsv.gz
oneof-discriminated-union	document	apis/openapi/rillet.com/main/v3.0/openapi.json	census 11	enumeration.tsv.gz
oneof-discriminated-union	document	apis/openapi/rivery.io/rivery/1.0.0/meta/import/input-bundle.json	census 63	enumeration.tsv.gz
oneof-discriminated-union	document	apis/openapi/rivery.io/rivery/1.0.0/meta/import/input-entry.json	census 63	enumeration.tsv.gz
oneof-discriminated-union	document	apis/openapi/rivery.io/rivery/1.0.0/meta/import/output-bundle.json	census 63	enumeration.tsv.gz
oneof-discriminated-union	document	apis/openapi/rivery.io/rivery/1.0.0/meta/import/output-entry.json	census 63	enumeration.tsv.gz
oneof-discriminated-union	document	apis/openapi/rivery.io/rivery/1.0.0/openapi.json	census 63	enumeration.tsv.gz
oneof-discriminated-union	document	apis/openapi/sales.app.redkik.com/main/2.0.0/meta/import/input-bundle.json	census 4	enumeration.tsv.gz
oneof-discriminated-union	document	apis/openapi/sales.app.redkik.com/main/2.0.0/meta/import/input-entry.json	census 4	enumeration.tsv.gz
oneof-discriminated-union	document	apis/openapi/sales.app.redkik.com/main/2.0.0/meta/import/output-bundle.json	census 4	enumeration.tsv.gz
oneof-discriminated-union	document	apis/openapi/sales.app.redkik.com/main/2.0.0/meta/import/output-entry.json	census 4	enumeration.tsv.gz
oneof-discriminated-union	document	apis/openapi/sales.app.redkik.com/main/2.0.0/openapi.json	census 4	enumeration.tsv.gz
oneof-discriminated-union	document	apis/openapi/sandbox.belvo.com/belvo/1.106.0/meta/import/input-bundle.json	census 5	enumeration.tsv.gz
oneof-discriminated-union	document	apis/openapi/sandbox.belvo.com/belvo/1.106.0/meta/import/input-entry.json	census 5	enumeration.tsv.gz
oneof-discriminated-union	document	apis/openapi/sandbox.belvo.com/belvo/1.106.0/meta/import/output-bundle.json	census 5	enumeration.tsv.gz
oneof-discriminated-union	document	apis/openapi/sandbox.belvo.com/belvo/1.106.0/meta/import/output-entry.json	census 5	enumeration.tsv.gz
oneof-discriminated-union	document	apis/openapi/sandbox.belvo.com/belvo/1.106.0/openapi.json	census 5	enumeration.tsv.gz
oneof-discriminated-union	document	apis/openapi/sandbox.echelonpay.com/main/2.47/meta/import/input-bundle.json	census 4	enumeration.tsv.gz
oneof-discriminated-union	document	apis/openapi/sandbox.echelonpay.com/main/2.47/meta/import/input-entry.json	census 4	enumeration.tsv.gz
oneof-discriminated-union	document	apis/openapi/sandbox.echelonpay.com/main/2.47/meta/import/output-bundle.json	census 4	enumeration.tsv.gz
oneof-discriminated-union	document	apis/openapi/sandbox.echelonpay.com/main/2.47/meta/import/output-entry.json	census 4	enumeration.tsv.gz
oneof-discriminated-union	document	apis/openapi/sandbox.echelonpay.com/main/2.47/openapi.json	census 4	enumeration.tsv.gz
oneof-discriminated-union	document	apis/openapi/sandbox.moffin.mx/main/0.1.0/meta/import/input-bundle.json	census 2	enumeration.tsv.gz
oneof-discriminated-union	document	apis/openapi/sandbox.moffin.mx/main/0.1.0/meta/import/input-entry.json	census 2	enumeration.tsv.gz
oneof-discriminated-union	document	apis/openapi/sandbox.moffin.mx/main/0.1.0/meta/import/output-bundle.json	census 2	enumeration.tsv.gz
oneof-discriminated-union	document	apis/openapi/sandbox.moffin.mx/main/0.1.0/meta/import/output-entry.json	census 2	enumeration.tsv.gz
oneof-discriminated-union	document	apis/openapi/sandbox.moffin.mx/main/0.1.0/openapi.json	census 2	enumeration.tsv.gz
oneof-discriminated-union	document	apis/openapi/sellsy.com/main/2.128.0/meta/import/input-bundle.json	census 10	enumeration.tsv.gz
oneof-discriminated-union	document	apis/openapi/sellsy.com/main/2.128.0/meta/import/input-entry.json	census 10	enumeration.tsv.gz
oneof-discriminated-union	document	apis/openapi/sellsy.com/main/2.128.0/meta/import/output-bundle.json	census 10	enumeration.tsv.gz
oneof-discriminated-union	document	apis/openapi/sellsy.com/main/2.128.0/meta/import/output-entry.json	census 10	enumeration.tsv.gz
oneof-discriminated-union	document	apis/openapi/sellsy.com/main/2.128.0/openapi.json	census 10	enumeration.tsv.gz
oneof-discriminated-union	document	apis/openapi/shotstack/main/v1/meta/import/input-bundle.json	census 8	enumeration.tsv.gz
oneof-discriminated-union	document	apis/openapi/shotstack/main/v1/meta/import/output-bundle.json	census 8	enumeration.tsv.gz
oneof-discriminated-union	document	apis/openapi/shotstack/main/v1/openapi.json	census 8	enumeration.tsv.gz
oneof-discriminated-union	document	apis/openapi/smith.langchain.com/langsmith-api/0.1.0/meta/import/input-bundle.json	census 3	enumeration.tsv.gz
oneof-discriminated-union	document	apis/openapi/smith.langchain.com/langsmith-api/0.1.0/meta/import/input-entry.json	census 3	enumeration.tsv.gz
oneof-discriminated-union	document	apis/openapi/smith.langchain.com/langsmith-api/0.1.0/meta/import/output-bundle.json	census 3	enumeration.tsv.gz
oneof-discriminated-union	document	apis/openapi/smith.langchain.com/langsmith-api/0.1.0/meta/import/output-entry.json	census 3	enumeration.tsv.gz
oneof-discriminated-union	document	apis/openapi/smith.langchain.com/langsmith-api/0.1.0/openapi.json	census 3	enumeration.tsv.gz
oneof-discriminated-union	document	apis/openapi/statsig.com/main/20240601.0.0/meta/import/input-bundle.json	census 4	enumeration.tsv.gz
oneof-discriminated-union	document	apis/openapi/statsig.com/main/20240601.0.0/meta/import/input-entry.json	census 4	enumeration.tsv.gz
oneof-discriminated-union	document	apis/openapi/statsig.com/main/20240601.0.0/meta/import/output-bundle.json	census 4	enumeration.tsv.gz
oneof-discriminated-union	document	apis/openapi/statsig.com/main/20240601.0.0/meta/import/output-entry.json	census 4	enumeration.tsv.gz
oneof-discriminated-union	document	apis/openapi/statsig.com/main/20240601.0.0/openapi.json	census 4	enumeration.tsv.gz
oneof-discriminated-union	document	apis/openapi/stream-io-api.com/main/v166.1.0/meta/import/input-bundled.json	census 1	enumeration.tsv.gz
oneof-discriminated-union	document	apis/openapi/stream-io-api.com/main/v166.1.0/meta/import/input-entry.json	census 1	enumeration.tsv.gz
oneof-discriminated-union	document	apis/openapi/stream-io-api.com/main/v166.1.0/meta/import/output-bundled.json	census 1	enumeration.tsv.gz
oneof-discriminated-union	document	apis/openapi/stream-io-api.com/main/v166.1.0/meta/import/output-entry.json	census 1	enumeration.tsv.gz
oneof-discriminated-union	document	apis/openapi/stream-io-api.com/main/v166.1.0/openapi.json	census 1	enumeration.tsv.gz
oneof-discriminated-union	document	apis/openapi/svix.com/main/1.62.0/meta/import/input-bundled.json	census 8	enumeration.tsv.gz
oneof-discriminated-union	document	apis/openapi/svix.com/main/1.62.0/meta/import/input-entry.json	census 8	enumeration.tsv.gz
oneof-discriminated-union	document	apis/openapi/svix.com/main/1.62.0/meta/import/output-bundled.json	census 8	enumeration.tsv.gz
oneof-discriminated-union	document	apis/openapi/svix.com/main/1.62.0/meta/import/output-entry.json	census 8	enumeration.tsv.gz
oneof-discriminated-union	document	apis/openapi/svix.com/main/1.62.0/openapi.json	census 8	enumeration.tsv.gz
oneof-discriminated-union	document	apis/openapi/swaggerhub.esignabox/admin/1.0.0/meta/import/input-bundle.json	census 1	enumeration.tsv.gz
oneof-discriminated-union	document	apis/openapi/swaggerhub.esignabox/admin/1.0.0/meta/import/input-entry.json	census 1	enumeration.tsv.gz
oneof-discriminated-union	document	apis/openapi/swaggerhub.esignabox/admin/1.0.0/meta/import/output-bundle.json	census 1	enumeration.tsv.gz
oneof-discriminated-union	document	apis/openapi/swaggerhub.esignabox/admin/1.0.0/meta/import/output-entry.json	census 1	enumeration.tsv.gz
oneof-discriminated-union	document	apis/openapi/swaggerhub.esignabox/admin/1.0.0/openapi.json	census 1	enumeration.tsv.gz
oneof-discriminated-union	document	apis/openapi/swaggerhub.prasad-venkatraman/account-ingestion-nab/0.0.3/meta/import/input-bundle.json	census 2	enumeration.tsv.gz
oneof-discriminated-union	document	apis/openapi/swaggerhub.prasad-venkatraman/account-ingestion-nab/0.0.3/meta/import/input-entry.json	census 2	enumeration.tsv.gz
oneof-discriminated-union	document	apis/openapi/swaggerhub.prasad-venkatraman/account-ingestion-nab/0.0.3/meta/import/output-bundle.json	census 2	enumeration.tsv.gz
oneof-discriminated-union	document	apis/openapi/swaggerhub.prasad-venkatraman/account-ingestion-nab/0.0.3/meta/import/output-entry.json	census 2	enumeration.tsv.gz
oneof-discriminated-union	document	apis/openapi/swaggerhub.prasad-venkatraman/account-ingestion-nab/0.0.3/openapi.json	census 2	enumeration.tsv.gz
oneof-discriminated-union	document	apis/openapi/swaggerhub.qsi-swagger/api-atendente-web/1.65.1.251003/meta/import/input-bundle.json	census 1	enumeration.tsv.gz
oneof-discriminated-union	document	apis/openapi/swaggerhub.qsi-swagger/api-atendente-web/1.65.1.251003/meta/import/input-entry.json	census 1	enumeration.tsv.gz
oneof-discriminated-union	document	apis/openapi/swaggerhub.qsi-swagger/api-atendente-web/1.65.1.251003/meta/import/output-bundle.json	census 1	enumeration.tsv.gz
oneof-discriminated-union	document	apis/openapi/swaggerhub.qsi-swagger/api-atendente-web/1.65.1.251003/meta/import/output-entry.json	census 1	enumeration.tsv.gz
oneof-discriminated-union	document	apis/openapi/swaggerhub.qsi-swagger/api-atendente-web/1.65.1.251003/openapi.json	census 1	enumeration.tsv.gz
oneof-discriminated-union	document	apis/openapi/swiftlynx.ai/main/1.0.0/meta/import/input-bundle.json	census 1	enumeration.tsv.gz
oneof-discriminated-union	document	apis/openapi/swiftlynx.ai/main/1.0.0/meta/import/input-entry.json	census 1	enumeration.tsv.gz
oneof-discriminated-union	document	apis/openapi/swiftlynx.ai/main/1.0.0/meta/import/output-bundle.json	census 1	enumeration.tsv.gz
oneof-discriminated-union	document	apis/openapi/swiftlynx.ai/main/1.0.0/meta/import/output-entry.json	census 1	enumeration.tsv.gz
oneof-discriminated-union	document	apis/openapi/swiftlynx.ai/main/1.0.0/openapi.json	census 1	enumeration.tsv.gz
oneof-discriminated-union	document	apis/openapi/tally.so/main/1.0.0/meta/import/input-bundle.json	census 2	enumeration.tsv.gz
oneof-discriminated-union	document	apis/openapi/tally.so/main/1.0.0/meta/import/input-entry.json	census 2	enumeration.tsv.gz
oneof-discriminated-union	document	apis/openapi/tally.so/main/1.0.0/meta/import/output-bundle.json	census 2	enumeration.tsv.gz
oneof-discriminated-union	document	apis/openapi/tally.so/main/1.0.0/meta/import/output-entry.json	census 2	enumeration.tsv.gz
oneof-discriminated-union	document	apis/openapi/tally.so/main/1.0.0/openapi.json	census 2	enumeration.tsv.gz
oneof-discriminated-union	document	apis/openapi/telnyx.com/main/2.0.0/meta/import/input-bundled.json	census 7	enumeration.tsv.gz
oneof-discriminated-union	document	apis/openapi/telnyx.com/main/2.0.0/meta/import/input-entry.json	census 7	enumeration.tsv.gz
oneof-discriminated-union	document	apis/openapi/telnyx.com/main/2.0.0/meta/import/output-bundled.json	census 7	enumeration.tsv.gz
oneof-discriminated-union	document	apis/openapi/telnyx.com/main/2.0.0/meta/import/output-entry.json	census 7	enumeration.tsv.gz
oneof-discriminated-union	document	apis/openapi/telnyx.com/main/2.0.0/openapi.json	census 7	enumeration.tsv.gz
oneof-discriminated-union	document	apis/openapi/terminal49.com/main/0.2.0/meta/import/input-bundle.json	census 2	enumeration.tsv.gz
oneof-discriminated-union	document	apis/openapi/terminal49.com/main/0.2.0/meta/import/input-entry.json	census 2	enumeration.tsv.gz
oneof-discriminated-union	document	apis/openapi/terminal49.com/main/0.2.0/meta/import/output-bundle.json	census 2	enumeration.tsv.gz
oneof-discriminated-union	document	apis/openapi/terminal49.com/main/0.2.0/meta/import/output-entry.json	census 2	enumeration.tsv.gz
oneof-discriminated-union	document	apis/openapi/terminal49.com/main/0.2.0/openapi.json	census 2	enumeration.tsv.gz
oneof-discriminated-union	document	apis/openapi/thespacedevs.com/main/v2.3.0/meta/import/input-bundle.json	census 23	enumeration.tsv.gz
oneof-discriminated-union	document	apis/openapi/thespacedevs.com/main/v2.3.0/meta/import/input-entry.json	census 23	enumeration.tsv.gz
oneof-discriminated-union	document	apis/openapi/thespacedevs.com/main/v2.3.0/meta/import/output-bundle.json	census 23	enumeration.tsv.gz
oneof-discriminated-union	document	apis/openapi/thespacedevs.com/main/v2.3.0/meta/import/output-entry.json	census 23	enumeration.tsv.gz
oneof-discriminated-union	document	apis/openapi/thespacedevs.com/main/v2.3.0/openapi.json	census 23	enumeration.tsv.gz
oneof-discriminated-union	document	apis/openapi/titletrackr.com/main/1.0.0/meta/import/input-bundle.json	census 1	enumeration.tsv.gz
oneof-discriminated-union	document	apis/openapi/titletrackr.com/main/1.0.0/meta/import/input-entry.json	census 1	enumeration.tsv.gz
oneof-discriminated-union	document	apis/openapi/titletrackr.com/main/1.0.0/meta/import/output-bundle.json	census 1	enumeration.tsv.gz
oneof-discriminated-union	document	apis/openapi/titletrackr.com/main/1.0.0/meta/import/output-entry.json	census 1	enumeration.tsv.gz
oneof-discriminated-union	document	apis/openapi/titletrackr.com/main/1.0.0/openapi.json	census 1	enumeration.tsv.gz
oneof-discriminated-union	document	apis/openapi/tmforum.org/main/5.0.0/meta/import/input-bundle.json	census 21	enumeration.tsv.gz
oneof-discriminated-union	document	apis/openapi/tmforum.org/main/5.0.0/meta/import/input-entry.json	census 21	enumeration.tsv.gz
oneof-discriminated-union	document	apis/openapi/tmforum.org/main/5.0.0/meta/import/output-bundle.json	census 21	enumeration.tsv.gz
oneof-discriminated-union	document	apis/openapi/tmforum.org/main/5.0.0/meta/import/output-entry.json	census 21	enumeration.tsv.gz
oneof-discriminated-union	document	apis/openapi/tmforum.org/main/5.0.0/openapi.json	census 21	enumeration.tsv.gz
oneof-discriminated-union	document	apis/openapi/velopayments.com/main/2.38.183/meta/import/input-bundled.json	census 1	enumeration.tsv.gz
oneof-discriminated-union	document	apis/openapi/velopayments.com/main/2.38.183/meta/import/input-entry.json	census 1	enumeration.tsv.gz
oneof-discriminated-union	document	apis/openapi/velopayments.com/main/2.38.183/meta/import/output-bundled.json	census 1	enumeration.tsv.gz
oneof-discriminated-union	document	apis/openapi/velopayments.com/main/2.38.183/meta/import/output-entry.json	census 1	enumeration.tsv.gz
oneof-discriminated-union	document	apis/openapi/velopayments.com/main/2.38.183/openapi.json	census 1	enumeration.tsv.gz
oneof-discriminated-union	document	apis/openapi/vercel.com/main/0.0.1/meta/import/input-bundled.json	census 43	enumeration.tsv.gz
oneof-discriminated-union	document	apis/openapi/vercel.com/main/0.0.1/meta/import/input-entry.json	census 43	enumeration.tsv.gz
oneof-discriminated-union	document	apis/openapi/vercel.com/main/0.0.1/meta/import/output-bundled.json	census 43	enumeration.tsv.gz
oneof-discriminated-union	document	apis/openapi/vercel.com/main/0.0.1/meta/import/output-entry.json	census 43	enumeration.tsv.gz
oneof-discriminated-union	document	apis/openapi/vercel.com/main/0.0.1/openapi.json	census 43	enumeration.tsv.gz
oneof-discriminated-union	document	apis/openapi/webflow.com/lucidtech-api/2023-03-01 16:45:37+00:00/meta/import/input-bundle.json	census 5	enumeration.tsv.gz
oneof-discriminated-union	document	apis/openapi/webflow.com/lucidtech-api/2023-03-01 16:45:37+00:00/meta/import/input-entry.json	census 5	enumeration.tsv.gz
oneof-discriminated-union	document	apis/openapi/webflow.com/lucidtech-api/2023-03-01 16:45:37+00:00/meta/import/output-bundle.json	census 5	enumeration.tsv.gz
oneof-discriminated-union	document	apis/openapi/webflow.com/lucidtech-api/2023-03-01 16:45:37+00:00/meta/import/output-entry.json	census 5	enumeration.tsv.gz
oneof-discriminated-union	document	apis/openapi/webflow.com/lucidtech-api/2023-03-01 16:45:37+00:00/openapi.json	census 5	enumeration.tsv.gz
oneof-discriminated-union	document	apis/openapi/webflow.com/main/2023-03-01T16:45:37Z/meta/import/input-bundle.json	census 5	enumeration.tsv.gz
oneof-discriminated-union	document	apis/openapi/webflow.com/main/2023-03-01T16:45:37Z/meta/import/input-entry.json	census 5	enumeration.tsv.gz
oneof-discriminated-union	document	apis/openapi/webflow.com/main/2023-03-01T16:45:37Z/meta/import/output-bundle.json	census 5	enumeration.tsv.gz
oneof-discriminated-union	document	apis/openapi/webflow.com/main/2023-03-01T16:45:37Z/meta/import/output-entry.json	census 5	enumeration.tsv.gz
oneof-discriminated-union	document	apis/openapi/webflow.com/main/2023-03-01T16:45:37Z/openapi.json	census 5	enumeration.tsv.gz
oneof-discriminated-union	document	apis/openapi/webflow.com/webflow-api/2023-03-01T16:45:37Z/meta/import/input-bundle.json	census 5	enumeration.tsv.gz
oneof-discriminated-union	document	apis/openapi/webflow.com/webflow-api/2023-03-01T16:45:37Z/meta/import/input-entry.json	census 5	enumeration.tsv.gz
oneof-discriminated-union	document	apis/openapi/webflow.com/webflow-api/2023-03-01T16:45:37Z/meta/import/output-bundle.json	census 5	enumeration.tsv.gz
oneof-discriminated-union	document	apis/openapi/webflow.com/webflow-api/2023-03-01T16:45:37Z/meta/import/output-entry.json	census 5	enumeration.tsv.gz
oneof-discriminated-union	document	apis/openapi/webflow.com/webflow-api/2023-03-01T16:45:37Z/openapi.json	census 5	enumeration.tsv.gz
oneof-discriminated-union	document	apis/openapi/wiremock.org/admin/3.12.1/meta/import/input-bundled.json	census 2	enumeration.tsv.gz
oneof-discriminated-union	document	apis/openapi/wiremock.org/admin/3.12.1/meta/import/input-entry.json	census 2	enumeration.tsv.gz
oneof-discriminated-union	document	apis/openapi/wiremock.org/admin/3.12.1/meta/import/output-bundled.json	census 2	enumeration.tsv.gz
oneof-discriminated-union	document	apis/openapi/wiremock.org/admin/3.12.1/meta/import/output-entry.json	census 2	enumeration.tsv.gz
oneof-discriminated-union	document	apis/openapi/wiremock.org/admin/3.12.1/openapi.json	census 2	enumeration.tsv.gz
oneof-discriminated-union	document	apis/openapi/withpersona.com/main/1.0.0/meta/import/input-bundle.json	census 14	enumeration.tsv.gz
oneof-discriminated-union	document	apis/openapi/withpersona.com/main/1.0.0/meta/import/input-entry.json	census 14	enumeration.tsv.gz
oneof-discriminated-union	document	apis/openapi/withpersona.com/main/1.0.0/meta/import/output-bundle.json	census 14	enumeration.tsv.gz
oneof-discriminated-union	document	apis/openapi/withpersona.com/main/1.0.0/meta/import/output-entry.json	census 14	enumeration.tsv.gz
oneof-discriminated-union	document	apis/openapi/withpersona.com/main/1.0.0/openapi.json	census 14	enumeration.tsv.gz
oneof-discriminated-union	document	apis/openapi/xquik.com/main/1.0/meta/import/input-bundle.json	census 1	enumeration.tsv.gz
oneof-discriminated-union	document	apis/openapi/xquik.com/main/1.0/meta/import/input-entry.json	census 1	enumeration.tsv.gz
oneof-discriminated-union	document	apis/openapi/xquik.com/main/1.0/meta/import/output-bundle.json	census 1	enumeration.tsv.gz
oneof-discriminated-union	document	apis/openapi/xquik.com/main/1.0/meta/import/output-entry.json	census 1	enumeration.tsv.gz
oneof-discriminated-union	document	apis/openapi/xquik.com/main/1.0/openapi.json	census 1	enumeration.tsv.gz
oneof-discriminated-union	document	apis/openapi/zernio.com/main/1.0.1/meta/import/input-bundle.json	census 2	enumeration.tsv.gz
oneof-discriminated-union	document	apis/openapi/zernio.com/main/1.0.1/meta/import/input-entry.json	census 2	enumeration.tsv.gz
oneof-discriminated-union	document	apis/openapi/zernio.com/main/1.0.1/meta/import/output-bundle.json	census 2	enumeration.tsv.gz
oneof-discriminated-union	document	apis/openapi/zernio.com/main/1.0.1/meta/import/output-entry.json	census 2	enumeration.tsv.gz
oneof-discriminated-union	document	apis/openapi/zernio.com/main/1.0.1/openapi.json	census 2	enumeration.tsv.gz
oneof-discriminated-union	document	apis/openapi/zoom.us/meetings/2/meta/import/input-bundle.json	census 1	enumeration.tsv.gz
oneof-discriminated-union	document	apis/openapi/zoom.us/meetings/2/meta/import/input-entry.json	census 1	enumeration.tsv.gz
oneof-discriminated-union	document	apis/openapi/zoom.us/meetings/2/meta/import/output-bundle.json	census 1	enumeration.tsv.gz
oneof-discriminated-union	document	apis/openapi/zoom.us/meetings/2/meta/import/output-entry.json	census 1	enumeration.tsv.gz
oneof-discriminated-union	document	apis/openapi/zoom.us/meetings/2/openapi.json	census 1	enumeration.tsv.gz
oneof-discriminated-union	document	apis/openapi/zoom.us/phone/2/meta/import/input-bundled.json	census 2	enumeration.tsv.gz
oneof-discriminated-union	document	apis/openapi/zoom.us/phone/2/meta/import/input-entry.json	census 2	enumeration.tsv.gz
oneof-discriminated-union	document	apis/openapi/zoom.us/phone/2/meta/import/output-bundled.json	census 2	enumeration.tsv.gz
oneof-discriminated-union	document	apis/openapi/zoom.us/phone/2/meta/import/output-entry.json	census 2	enumeration.tsv.gz
oneof-discriminated-union	document	apis/openapi/zoom.us/phone/2/openapi.json	census 2	enumeration.tsv.gz
oneof-discriminated-union	walk	jentic/jentic-public-apis@eb9d12a2684b0fbcb5aecf51e8ae54dba0929743	74240	enumeration.tsv.gz
property-anyof-discriminated-union	document	apis/openapi/anthropic.com/anthropic-api/2024-10-22/meta/import/input-bundle.json	census 20	enumeration.tsv.gz
property-anyof-discriminated-union	document	apis/openapi/anthropic.com/anthropic-api/2024-10-22/meta/import/input-entry.json	census 20	enumeration.tsv.gz
property-anyof-discriminated-union	document	apis/openapi/anthropic.com/anthropic-api/2024-10-22/meta/import/output-bundle.json	census 20	enumeration.tsv.gz
property-anyof-discriminated-union	document	apis/openapi/anthropic.com/anthropic-api/2024-10-22/meta/import/output-entry.json	census 20	enumeration.tsv.gz
property-anyof-discriminated-union	document	apis/openapi/anthropic.com/anthropic-api/2024-10-22/openapi.json	census 20	enumeration.tsv.gz
property-anyof-discriminated-union	document	apis/openapi/braintrust.dev/main/1.0.0/meta/import/input-bundle.json	census 2	enumeration.tsv.gz
property-anyof-discriminated-union	document	apis/openapi/braintrust.dev/main/1.0.0/meta/import/input-entry.json	census 2	enumeration.tsv.gz
property-anyof-discriminated-union	document	apis/openapi/braintrust.dev/main/1.0.0/meta/import/output-bundle.json	census 2	enumeration.tsv.gz
property-anyof-discriminated-union	document	apis/openapi/braintrust.dev/main/1.0.0/meta/import/output-entry.json	census 2	enumeration.tsv.gz
property-anyof-discriminated-union	document	apis/openapi/braintrust.dev/main/1.0.0/openapi.json	census 2	enumeration.tsv.gz
property-anyof-discriminated-union	document	apis/openapi/cloudflare.com/main/4.0.0/meta/import/input-bundle.json	census 3	enumeration.tsv.gz
property-anyof-discriminated-union	document	apis/openapi/cloudflare.com/main/4.0.0/meta/import/input-entry.json	census 3	enumeration.tsv.gz
property-anyof-discriminated-union	document	apis/openapi/cloudflare.com/main/4.0.0/meta/import/output-bundle.json	census 3	enumeration.tsv.gz
property-anyof-discriminated-union	document	apis/openapi/cloudflare.com/main/4.0.0/meta/import/output-entry.json	census 3	enumeration.tsv.gz
property-anyof-discriminated-union	document	apis/openapi/cloudflare.com/main/4.0.0/openapi.json	census 3	enumeration.tsv.gz
property-anyof-discriminated-union	document	apis/openapi/count.co/main/1.0/meta/import/input-bundle.json	census 1	enumeration.tsv.gz
property-anyof-discriminated-union	document	apis/openapi/count.co/main/1.0/meta/import/input-entry.json	census 1	enumeration.tsv.gz
property-anyof-discriminated-union	document	apis/openapi/count.co/main/1.0/meta/import/output-bundle.json	census 1	enumeration.tsv.gz
property-anyof-discriminated-union	document	apis/openapi/count.co/main/1.0/meta/import/output-entry.json	census 1	enumeration.tsv.gz
property-anyof-discriminated-union	document	apis/openapi/count.co/main/1.0/openapi.json	census 1	enumeration.tsv.gz
property-anyof-discriminated-union	document	apis/openapi/cvent.com/main/ea/meta/import/input-bundle.json	census 2	enumeration.tsv.gz
property-anyof-discriminated-union	document	apis/openapi/cvent.com/main/ea/meta/import/output-bundle.json	census 2	enumeration.tsv.gz
property-anyof-discriminated-union	document	apis/openapi/cvent.com/main/ea/openapi.json	census 2	enumeration.tsv.gz
property-anyof-discriminated-union	document	apis/openapi/elastic.co/kibana/1.0/meta/import/input-bundle.json	census 3	enumeration.tsv.gz
property-anyof-discriminated-union	document	apis/openapi/elastic.co/kibana/1.0/meta/import/input-entry.json	census 3	enumeration.tsv.gz
property-anyof-discriminated-union	document	apis/openapi/elastic.co/kibana/1.0/meta/import/output-bundle.json	census 3	enumeration.tsv.gz
property-anyof-discriminated-union	document	apis/openapi/elastic.co/kibana/1.0/meta/import/output-entry.json	census 3	enumeration.tsv.gz
property-anyof-discriminated-union	document	apis/openapi/elastic.co/kibana/1.0/openapi.json	census 3	enumeration.tsv.gz
property-anyof-discriminated-union	document	apis/openapi/elevenlabs.io/main/1.0/meta/import/input-bundled.json	census 2	enumeration.tsv.gz
property-anyof-discriminated-union	document	apis/openapi/elevenlabs.io/main/1.0/meta/import/input-entry.json	census 2	enumeration.tsv.gz
property-anyof-discriminated-union	document	apis/openapi/elevenlabs.io/main/1.0/meta/import/output-bundled.json	census 2	enumeration.tsv.gz
property-anyof-discriminated-union	document	apis/openapi/elevenlabs.io/main/1.0/meta/import/output-entry.json	census 2	enumeration.tsv.gz
property-anyof-discriminated-union	document	apis/openapi/elevenlabs.io/main/1.0/openapi.json	census 2	enumeration.tsv.gz
property-anyof-discriminated-union	document	apis/openapi/fordefi.com/main/0.2.0/meta/import/input-bundle.json	census 2	enumeration.tsv.gz
property-anyof-discriminated-union	document	apis/openapi/fordefi.com/main/0.2.0/meta/import/input-entry.json	census 2	enumeration.tsv.gz
property-anyof-discriminated-union	document	apis/openapi/fordefi.com/main/0.2.0/meta/import/output-bundle.json	census 2	enumeration.tsv.gz
property-anyof-discriminated-union	document	apis/openapi/fordefi.com/main/0.2.0/meta/import/output-entry.json	census 2	enumeration.tsv.gz
property-anyof-discriminated-union	document	apis/openapi/fordefi.com/main/0.2.0/openapi.json	census 2	enumeration.tsv.gz
property-anyof-discriminated-union	document	apis/openapi/griffin.com/main/1.0/meta/import/input-bundle.json	census 15	enumeration.tsv.gz
property-anyof-discriminated-union	document	apis/openapi/griffin.com/main/1.0/meta/import/input-entry.json	census 15	enumeration.tsv.gz
property-anyof-discriminated-union	document	apis/openapi/griffin.com/main/1.0/meta/import/output-bundle.json	census 15	enumeration.tsv.gz
property-anyof-discriminated-union	document	apis/openapi/griffin.com/main/1.0/meta/import/output-entry.json	census 15	enumeration.tsv.gz
property-anyof-discriminated-union	document	apis/openapi/griffin.com/main/1.0/openapi.json	census 15	enumeration.tsv.gz
property-anyof-discriminated-union	document	apis/openapi/huggingface.co/main/0.0.1/meta/import/input-bundle.json	census 61	enumeration.tsv.gz
property-anyof-discriminated-union	document	apis/openapi/huggingface.co/main/0.0.1/meta/import/input-entry.json	census 61	enumeration.tsv.gz
property-anyof-discriminated-union	document	apis/openapi/huggingface.co/main/0.0.1/meta/import/output-bundle.json	census 61	enumeration.tsv.gz
property-anyof-discriminated-union	document	apis/openapi/huggingface.co/main/0.0.1/meta/import/output-entry.json	census 61	enumeration.tsv.gz
property-anyof-discriminated-union	document	apis/openapi/huggingface.co/main/0.0.1/openapi.json	census 61	enumeration.tsv.gz
property-anyof-discriminated-union	document	apis/openapi/luma.com/main/1.0.0/meta/import/input-bundle.json	census 1	enumeration.tsv.gz
property-anyof-discriminated-union	document	apis/openapi/luma.com/main/1.0.0/meta/import/input-entry.json	census 1	enumeration.tsv.gz
property-anyof-discriminated-union	document	apis/openapi/luma.com/main/1.0.0/meta/import/output-bundle.json	census 1	enumeration.tsv.gz
property-anyof-discriminated-union	document	apis/openapi/luma.com/main/1.0.0/meta/import/output-entry.json	census 1	enumeration.tsv.gz
property-anyof-discriminated-union	document	apis/openapi/luma.com/main/1.0.0/openapi.json	census 1	enumeration.tsv.gz
property-anyof-discriminated-union	document	apis/openapi/openrouter.ai/main/1.0.0/meta/import/input-bundle.json	census 8	enumeration.tsv.gz
property-anyof-discriminated-union	document	apis/openapi/openrouter.ai/main/1.0.0/meta/import/input-entry.json	census 8	enumeration.tsv.gz
property-anyof-discriminated-union	document	apis/openapi/openrouter.ai/main/1.0.0/meta/import/output-bundle.json	census 8	enumeration.tsv.gz
property-anyof-discriminated-union	document	apis/openapi/openrouter.ai/main/1.0.0/meta/import/output-entry.json	census 8	enumeration.tsv.gz
property-anyof-discriminated-union	document	apis/openapi/openrouter.ai/main/1.0.0/openapi.json	census 8	enumeration.tsv.gz
property-anyof-discriminated-union	document	apis/openapi/remote.com/main/1.0.0/meta/import/input-bundle.json	census 1	enumeration.tsv.gz
property-anyof-discriminated-union	document	apis/openapi/remote.com/main/1.0.0/meta/import/input-entry.json	census 1	enumeration.tsv.gz
property-anyof-discriminated-union	document	apis/openapi/remote.com/main/1.0.0/meta/import/output-bundle.json	census 1	enumeration.tsv.gz
property-anyof-discriminated-union	document	apis/openapi/remote.com/main/1.0.0/meta/import/output-entry.json	census 1	enumeration.tsv.gz
property-anyof-discriminated-union	document	apis/openapi/remote.com/main/1.0.0/openapi.json	census 1	enumeration.tsv.gz
property-anyof-discriminated-union	document	apis/openapi/rivery.io/rivery/1.0.0/meta/import/input-bundle.json	census 3	enumeration.tsv.gz
property-anyof-discriminated-union	document	apis/openapi/rivery.io/rivery/1.0.0/meta/import/input-entry.json	census 3	enumeration.tsv.gz
property-anyof-discriminated-union	document	apis/openapi/rivery.io/rivery/1.0.0/meta/import/output-bundle.json	census 3	enumeration.tsv.gz
property-anyof-discriminated-union	document	apis/openapi/rivery.io/rivery/1.0.0/meta/import/output-entry.json	census 3	enumeration.tsv.gz
property-anyof-discriminated-union	document	apis/openapi/rivery.io/rivery/1.0.0/openapi.json	census 3	enumeration.tsv.gz
property-anyof-discriminated-union	document	apis/openapi/stripe.com/main/2025-03-31.basil/meta/import/input-bundled.json	census 15	enumeration.tsv.gz
property-anyof-discriminated-union	document	apis/openapi/stripe.com/main/2025-03-31.basil/meta/import/input-entry.json	census 15	enumeration.tsv.gz
property-anyof-discriminated-union	document	apis/openapi/stripe.com/main/2025-03-31.basil/meta/import/output-bundled.json	census 15	enumeration.tsv.gz
property-anyof-discriminated-union	document	apis/openapi/stripe.com/main/2025-03-31.basil/meta/import/output-entry.json	census 15	enumeration.tsv.gz
property-anyof-discriminated-union	document	apis/openapi/stripe.com/main/2025-03-31.basil/openapi.json	census 15	enumeration.tsv.gz
property-anyof-discriminated-union	document	apis/openapi/stripe.com/stripe/2026-03-25.dahlia/openapi.json	census 14	enumeration.tsv.gz
property-anyof-discriminated-union	walk	jentic/jentic-public-apis@eb9d12a2684b0fbcb5aecf51e8ae54dba0929743	74240	enumeration.tsv.gz
ref-pointer-composition-index	candidate	apis/openapi/cvent.com/main/ea/meta/import/input-bundle.json	census 233	probe.jsonl
ref-pointer-composition-index	candidate	apis/openapi/cvent.com/main/ea/meta/import/input-entry.json	census 230	probe.jsonl
ref-pointer-composition-index	candidate	apis/openapi/cvent.com/main/ea/meta/import/output-bundle.json	census 233	probe.jsonl
ref-pointer-composition-index	candidate	apis/openapi/cvent.com/main/ea/meta/import/output-entry.json	census 230	probe.jsonl
ref-pointer-composition-index	candidate	apis/openapi/cvent.com/main/ea/openapi.json	census 233	probe.jsonl
ref-pointer-composition-index	candidate	apis/openapi/sellsy.com/main/2.128.0/meta/import/input-bundle.json	census 382	probe.jsonl
ref-pointer-composition-index	candidate	apis/openapi/sellsy.com/main/2.128.0/meta/import/input-entry.json	census 309	probe.jsonl
ref-pointer-composition-index	candidate	apis/openapi/sellsy.com/main/2.128.0/meta/import/output-bundle.json	census 382	probe.jsonl
ref-pointer-composition-index	candidate	apis/openapi/sellsy.com/main/2.128.0/meta/import/output-entry.json	census 309	probe.jsonl
ref-pointer-composition-index	candidate	apis/openapi/sellsy.com/main/2.128.0/openapi.json	census 382	probe.jsonl
ref-pointer-composition-index	document	apis/openapi/codat.io/accounting/3.0.0/meta/import/input-bundled.json	census 14	enumeration.tsv.gz
ref-pointer-composition-index	document	apis/openapi/codat.io/accounting/3.0.0/meta/import/input-entry.json	census 14	enumeration.tsv.gz
ref-pointer-composition-index	document	apis/openapi/codat.io/accounting/3.0.0/meta/import/output-bundled.json	census 14	enumeration.tsv.gz
ref-pointer-composition-index	document	apis/openapi/codat.io/accounting/3.0.0/meta/import/output-entry.json	census 14	enumeration.tsv.gz
ref-pointer-composition-index	document	apis/openapi/codat.io/accounting/3.0.0/openapi.json	census 14	enumeration.tsv.gz
ref-pointer-composition-index	document	apis/openapi/codat.io/bank-feeds/3.0.0/meta/import/input-bundled.json	census 16	enumeration.tsv.gz
ref-pointer-composition-index	document	apis/openapi/codat.io/bank-feeds/3.0.0/meta/import/input-entry.json	census 16	enumeration.tsv.gz
ref-pointer-composition-index	document	apis/openapi/codat.io/bank-feeds/3.0.0/meta/import/output-bundled.json	census 16	enumeration.tsv.gz
ref-pointer-composition-index	document	apis/openapi/codat.io/bank-feeds/3.0.0/meta/import/output-entry.json	census 16	enumeration.tsv.gz
ref-pointer-composition-index	document	apis/openapi/codat.io/bank-feeds/3.0.0/openapi.json	census 16	enumeration.tsv.gz
ref-pointer-composition-index	document	apis/openapi/codat.io/commerce/3.0.0/meta/import/input-bundled.json	census 19	enumeration.tsv.gz
ref-pointer-composition-index	document	apis/openapi/codat.io/commerce/3.0.0/meta/import/input-entry.json	census 19	enumeration.tsv.gz
ref-pointer-composition-index	document	apis/openapi/codat.io/commerce/3.0.0/meta/import/output-bundled.json	census 19	enumeration.tsv.gz
ref-pointer-composition-index	document	apis/openapi/codat.io/commerce/3.0.0/meta/import/output-entry.json	census 19	enumeration.tsv.gz
ref-pointer-composition-index	document	apis/openapi/codat.io/commerce/3.0.0/openapi.json	census 19	enumeration.tsv.gz
ref-pointer-composition-index	document	apis/openapi/cvent.com/main/ea/meta/import/input-bundle.json	census 233	enumeration.tsv.gz
ref-pointer-composition-index	document	apis/openapi/cvent.com/main/ea/meta/import/input-entry.json	census 230	enumeration.tsv.gz
ref-pointer-composition-index	document	apis/openapi/cvent.com/main/ea/meta/import/output-bundle.json	census 233	enumeration.tsv.gz
ref-pointer-composition-index	document	apis/openapi/cvent.com/main/ea/meta/import/output-entry.json	census 230	enumeration.tsv.gz
ref-pointer-composition-index	document	apis/openapi/cvent.com/main/ea/openapi.json	census 233	enumeration.tsv.gz
ref-pointer-composition-index	document	apis/openapi/dnd5eapi.co/main/0.1/meta/import/input-bundle.json	census 2	enumeration.tsv.gz
ref-pointer-composition-index	document	apis/openapi/dnd5eapi.co/main/0.1/meta/import/input-entry.json	census 2	enumeration.tsv.gz
ref-pointer-composition-index	document	apis/openapi/dnd5eapi.co/main/0.1/meta/import/output-bundle.json	census 2	enumeration.tsv.gz
ref-pointer-composition-index	document	apis/openapi/dnd5eapi.co/main/0.1/meta/import/output-entry.json	census 2	enumeration.tsv.gz
ref-pointer-composition-index	document	apis/openapi/dnd5eapi.co/main/0.1/openapi.json	census 2	enumeration.tsv.gz
ref-pointer-composition-index	document	apis/openapi/nexmo.com/conversation-api/2.0.1/meta/import/input-bundle.json	census 5	enumeration.tsv.gz
ref-pointer-composition-index	document	apis/openapi/nexmo.com/conversation-api/2.0.1/meta/import/input-entry.json	census 5	enumeration.tsv.gz
ref-pointer-composition-index	document	apis/openapi/nexmo.com/conversation-api/2.0.1/meta/import/output-bundle.json	census 5	enumeration.tsv.gz
ref-pointer-composition-index	document	apis/openapi/nexmo.com/conversation-api/2.0.1/meta/import/output-entry.json	census 5	enumeration.tsv.gz
ref-pointer-composition-index	document	apis/openapi/nexmo.com/conversation-api/2.0.1/openapi.json	census 5	enumeration.tsv.gz
ref-pointer-composition-index	document	apis/openapi/nexmo.com/conversation/2.0.1/meta/import/input-bundle.json	census 5	enumeration.tsv.gz
ref-pointer-composition-index	document	apis/openapi/nexmo.com/conversation/2.0.1/meta/import/input-entry.json	census 5	enumeration.tsv.gz
ref-pointer-composition-index	document	apis/openapi/nexmo.com/conversation/2.0.1/meta/import/output-bundle.json	census 5	enumeration.tsv.gz
ref-pointer-composition-index	document	apis/openapi/nexmo.com/conversation/2.0.1/meta/import/output-entry.json	census 5	enumeration.tsv.gz
ref-pointer-composition-index	document	apis/openapi/nexmo.com/conversation/2.0.1/openapi.json	census 5	enumeration.tsv.gz
ref-pointer-composition-index	document	apis/openapi/organization.gladly.com/gladly/1.0/meta/import/input-bundle.json	census 192	enumeration.tsv.gz
ref-pointer-composition-index	document	apis/openapi/organization.gladly.com/gladly/1.0/meta/import/output-bundle.json	census 192	enumeration.tsv.gz
ref-pointer-composition-index	document	apis/openapi/organization.gladly.com/gladly/1.0/openapi.json	census 192	enumeration.tsv.gz
ref-pointer-composition-index	document	apis/openapi/pagerduty.com/pagerduty-api/2.0.0/meta/import/input-bundle.json	census 97	enumeration.tsv.gz
ref-pointer-composition-index	document	apis/openapi/pagerduty.com/pagerduty-api/2.0.0/meta/import/input-entry.json	census 97	enumeration.tsv.gz
ref-pointer-composition-index	document	apis/openapi/pagerduty.com/pagerduty-api/2.0.0/meta/import/output-bundle.json	census 97	enumeration.tsv.gz
ref-pointer-composition-index	document	apis/openapi/pagerduty.com/pagerduty-api/2.0.0/meta/import/output-entry.json	census 97	enumeration.tsv.gz
ref-pointer-composition-index	document	apis/openapi/pagerduty.com/pagerduty-api/2.0.0/openapi.json	census 97	enumeration.tsv.gz
ref-pointer-composition-index	document	apis/openapi/render.com/main/1.0.0/meta/import/input-bundle.json	census 22	enumeration.tsv.gz
ref-pointer-composition-index	document	apis/openapi/render.com/main/1.0.0/meta/import/input-entry.json	census 22	enumeration.tsv.gz
ref-pointer-composition-index	document	apis/openapi/render.com/main/1.0.0/meta/import/output-bundle.json	census 22	enumeration.tsv.gz
ref-pointer-composition-index	document	apis/openapi/render.com/main/1.0.0/meta/import/output-entry.json	census 22	enumeration.tsv.gz
ref-pointer-composition-index	document	apis/openapi/render.com/main/1.0.0/openapi.json	census 22	enumeration.tsv.gz
ref-pointer-composition-index	document	apis/openapi/sellsy.com/main/2.128.0/meta/import/input-bundle.json	census 382	enumeration.tsv.gz
ref-pointer-composition-index	document	apis/openapi/sellsy.com/main/2.128.0/meta/import/input-entry.json	census 309	enumeration.tsv.gz
ref-pointer-composition-index	document	apis/openapi/sellsy.com/main/2.128.0/meta/import/output-bundle.json	census 382	enumeration.tsv.gz
ref-pointer-composition-index	document	apis/openapi/sellsy.com/main/2.128.0/meta/import/output-entry.json	census 309	enumeration.tsv.gz
ref-pointer-composition-index	document	apis/openapi/sellsy.com/main/2.128.0/openapi.json	census 382	enumeration.tsv.gz
ref-pointer-composition-index	screen	apis/openapi/cvent.com/main/ea/meta/import/input-bundle.json fern	passed	screens.jsonl
ref-pointer-composition-index	screen	apis/openapi/cvent.com/main/ea/meta/import/input-bundle.json licence	passed	screens.jsonl
ref-pointer-composition-index	screen	apis/openapi/cvent.com/main/ea/meta/import/input-bundle.json ref	passed	screens.jsonl
ref-pointer-composition-index	screen	apis/openapi/cvent.com/main/ea/meta/import/input-entry.json fern	passed	screens.jsonl
ref-pointer-composition-index	screen	apis/openapi/cvent.com/main/ea/meta/import/input-entry.json licence	passed	screens.jsonl
ref-pointer-composition-index	screen	apis/openapi/cvent.com/main/ea/meta/import/input-entry.json ref	passed	screens.jsonl
ref-pointer-composition-index	screen	apis/openapi/cvent.com/main/ea/meta/import/output-bundle.json fern	passed	screens.jsonl
ref-pointer-composition-index	screen	apis/openapi/cvent.com/main/ea/meta/import/output-bundle.json licence	passed	screens.jsonl
ref-pointer-composition-index	screen	apis/openapi/cvent.com/main/ea/meta/import/output-bundle.json ref	passed	screens.jsonl
ref-pointer-composition-index	screen	apis/openapi/cvent.com/main/ea/meta/import/output-entry.json fern	passed	screens.jsonl
ref-pointer-composition-index	screen	apis/openapi/cvent.com/main/ea/meta/import/output-entry.json licence	passed	screens.jsonl
ref-pointer-composition-index	screen	apis/openapi/cvent.com/main/ea/meta/import/output-entry.json ref	passed	screens.jsonl
ref-pointer-composition-index	screen	apis/openapi/cvent.com/main/ea/openapi.json fern	passed	screens.jsonl
ref-pointer-composition-index	screen	apis/openapi/cvent.com/main/ea/openapi.json licence	passed	screens.jsonl
ref-pointer-composition-index	screen	apis/openapi/cvent.com/main/ea/openapi.json ref	passed	screens.jsonl
ref-pointer-composition-index	screen	apis/openapi/sellsy.com/main/2.128.0/meta/import/input-bundle.json fern	passed	screens.jsonl
ref-pointer-composition-index	screen	apis/openapi/sellsy.com/main/2.128.0/meta/import/input-bundle.json licence	passed	screens.jsonl
ref-pointer-composition-index	screen	apis/openapi/sellsy.com/main/2.128.0/meta/import/input-bundle.json ref	passed	screens.jsonl
ref-pointer-composition-index	screen	apis/openapi/sellsy.com/main/2.128.0/meta/import/input-entry.json fern	passed	screens.jsonl
ref-pointer-composition-index	screen	apis/openapi/sellsy.com/main/2.128.0/meta/import/input-entry.json licence	passed	screens.jsonl
ref-pointer-composition-index	screen	apis/openapi/sellsy.com/main/2.128.0/meta/import/input-entry.json ref	passed	screens.jsonl
ref-pointer-composition-index	screen	apis/openapi/sellsy.com/main/2.128.0/meta/import/output-bundle.json fern	passed	screens.jsonl
ref-pointer-composition-index	screen	apis/openapi/sellsy.com/main/2.128.0/meta/import/output-bundle.json licence	passed	screens.jsonl
ref-pointer-composition-index	screen	apis/openapi/sellsy.com/main/2.128.0/meta/import/output-bundle.json ref	passed	screens.jsonl
ref-pointer-composition-index	screen	apis/openapi/sellsy.com/main/2.128.0/meta/import/output-entry.json fern	passed	screens.jsonl
ref-pointer-composition-index	screen	apis/openapi/sellsy.com/main/2.128.0/meta/import/output-entry.json licence	passed	screens.jsonl
ref-pointer-composition-index	screen	apis/openapi/sellsy.com/main/2.128.0/meta/import/output-entry.json ref	passed	screens.jsonl
ref-pointer-composition-index	screen	apis/openapi/sellsy.com/main/2.128.0/openapi.json fern	passed	screens.jsonl
ref-pointer-composition-index	screen	apis/openapi/sellsy.com/main/2.128.0/openapi.json licence	passed	screens.jsonl
ref-pointer-composition-index	screen	apis/openapi/sellsy.com/main/2.128.0/openapi.json ref	passed	screens.jsonl
ref-pointer-composition-index	walk	jentic/jentic-public-apis@eb9d12a2684b0fbcb5aecf51e8ae54dba0929743	74240	enumeration.tsv.gz
x-fern-or-crozier-ignore	document	apis/openapi/assemblyai.com/main/1.3.4/meta/import/input-bundle.json	census 1	enumeration.tsv.gz
x-fern-or-crozier-ignore	document	apis/openapi/assemblyai.com/main/1.3.4/meta/import/input-entry.json	census 1	enumeration.tsv.gz
x-fern-or-crozier-ignore	document	apis/openapi/assemblyai.com/main/1.3.4/meta/import/output-bundle.json	census 1	enumeration.tsv.gz
x-fern-or-crozier-ignore	document	apis/openapi/assemblyai.com/main/1.3.4/meta/import/output-entry.json	census 1	enumeration.tsv.gz
x-fern-or-crozier-ignore	document	apis/openapi/assemblyai.com/main/1.3.4/openapi.json	census 1	enumeration.tsv.gz
x-fern-or-crozier-ignore	document	apis/openapi/openrouter.ai/main/1.0.0/meta/import/input-bundle.json	census 5	enumeration.tsv.gz
x-fern-or-crozier-ignore	document	apis/openapi/openrouter.ai/main/1.0.0/meta/import/input-entry.json	census 5	enumeration.tsv.gz
x-fern-or-crozier-ignore	document	apis/openapi/openrouter.ai/main/1.0.0/meta/import/output-bundle.json	census 5	enumeration.tsv.gz
x-fern-or-crozier-ignore	document	apis/openapi/openrouter.ai/main/1.0.0/meta/import/output-entry.json	census 5	enumeration.tsv.gz
x-fern-or-crozier-ignore	document	apis/openapi/openrouter.ai/main/1.0.0/openapi.json	census 5	enumeration.tsv.gz
x-fern-or-crozier-ignore	walk	jentic/jentic-public-apis@eb9d12a2684b0fbcb5aecf51e8ae54dba0929743	74240	enumeration.tsv.gz
