source	document	artifact	sha256	keys	immutable_ref	licence	licence_screen	ref_screen	fern_screen	disposition	screen_evidence
vendor-portals	https://api.pandascore.co/openapi.json	https://api.pandascore.co/openapi.json	1d03b8704499388a9acac597a517cef324a89bf209b93f3ed16c893947e557cc	annotated-ref-target-closed-object	no-immutable-ref: https://api.pandascore.co/openapi.json is a mutable live endpoint	none	failed: no evidenced publisher redistribution grant; info.license absent in measured response	failed: no-immutable-ref: https://api.pandascore.co/openapi.json is a mutable live endpoint	not-run: licence screen failed	witness-blocked	census.jsonl.gz; publisher-grants.tsv; fern-screens.jsonl; zulip-fern.json
vendor-portals	https://api.pandascore.co/openapi.json	https://api.pandascore.co/openapi.json	1d03b8704499388a9acac597a517cef324a89bf209b93f3ed16c893947e557cc	annotated-ref-target-oneof	no-immutable-ref: https://api.pandascore.co/openapi.json is a mutable live endpoint	none	failed: no evidenced publisher redistribution grant; info.license absent in measured response	failed: no-immutable-ref: https://api.pandascore.co/openapi.json is a mutable live endpoint	not-run: licence screen failed	witness-blocked	census.jsonl.gz; publisher-grants.tsv; fern-screens.jsonl; zulip-fern.json
vendor-portals	box--box-openapi/openapi.json	https://raw.githubusercontent.com/box/box-openapi/933ec4c5d9f4dbdaaa823efa3a083cf177aecbde/openapi.json	0f8794edec1caf44761777f791b36388ec997f4220233a1a0166712e0d3b0a06	annotated-ref-target-composed	933ec4c5d9f4dbdaaa823efa3a083cf177aecbde	Apache-2.0	pass: Apache-2.0 at pinned publisher repository	pass: pinned publisher commit	not-run: key closed by found witness jentic/apis/openapi/groupe-psa.io/main/3.19.2/meta/import/input-entry.json	not-owed	census.jsonl.gz; publisher-grants.tsv; fern-screens.jsonl; zulip-fern.json
vendor-portals	box--box-openapi/openapi.json	https://raw.githubusercontent.com/box/box-openapi/933ec4c5d9f4dbdaaa823efa3a083cf177aecbde/openapi.json	0f8794edec1caf44761777f791b36388ec997f4220233a1a0166712e0d3b0a06	annotated-ref-target-oneof	933ec4c5d9f4dbdaaa823efa3a083cf177aecbde	Apache-2.0	pass: Apache-2.0 at pinned publisher repository	pass: pinned publisher commit	not-run: key closed by found witness zulip/zulip:zerver/openapi/zulip.yaml	not-owed	census.jsonl.gz; publisher-grants.tsv; fern-screens.jsonl; zulip-fern.json
vendor-portals	box--box-openapi/openapi/openapi-v2025.0.json	https://raw.githubusercontent.com/box/box-openapi/933ec4c5d9f4dbdaaa823efa3a083cf177aecbde/openapi/openapi-v2025.0.json	9f37dde8f412d11a880414238129f9642ad18d4f0247aa46fe96ec1f8995c6eb	annotated-ref-target-composed	933ec4c5d9f4dbdaaa823efa3a083cf177aecbde	Apache-2.0	pass: Apache-2.0 at pinned publisher repository	pass: pinned publisher commit	not-run: key closed by found witness jentic/apis/openapi/groupe-psa.io/main/3.19.2/meta/import/input-entry.json	not-owed	census.jsonl.gz; publisher-grants.tsv; fern-screens.jsonl; zulip-fern.json
vendor-portals	box--box-openapi/openapi/openapi-v2025.0.json	https://raw.githubusercontent.com/box/box-openapi/933ec4c5d9f4dbdaaa823efa3a083cf177aecbde/openapi/openapi-v2025.0.json	9f37dde8f412d11a880414238129f9642ad18d4f0247aa46fe96ec1f8995c6eb	annotated-ref-target-oneof	933ec4c5d9f4dbdaaa823efa3a083cf177aecbde	Apache-2.0	pass: Apache-2.0 at pinned publisher repository	pass: pinned publisher commit	not-run: key closed by found witness zulip/zulip:zerver/openapi/zulip.yaml	not-owed	census.jsonl.gz; publisher-grants.tsv; fern-screens.jsonl; zulip-fern.json
vendor-portals	box--box-openapi/openapi/openapi-v2026.0.json	https://raw.githubusercontent.com/box/box-openapi/933ec4c5d9f4dbdaaa823efa3a083cf177aecbde/openapi/openapi-v2026.0.json	78bc4bfbfc21f2420d70d682a2f8e41e76ee4c4f29d986e9ce672b9087bbdc4a	annotated-ref-target-composed	933ec4c5d9f4dbdaaa823efa3a083cf177aecbde	Apache-2.0	pass: Apache-2.0 at pinned publisher repository	pass: pinned publisher commit	not-run: key closed by found witness jentic/apis/openapi/groupe-psa.io/main/3.19.2/meta/import/input-entry.json	not-owed	census.jsonl.gz; publisher-grants.tsv; fern-screens.jsonl; zulip-fern.json
vendor-portals	box--box-openapi/openapi/openapi.json	https://raw.githubusercontent.com/box/box-openapi/933ec4c5d9f4dbdaaa823efa3a083cf177aecbde/openapi/openapi.json	0f8794edec1caf44761777f791b36388ec997f4220233a1a0166712e0d3b0a06	annotated-ref-target-composed	933ec4c5d9f4dbdaaa823efa3a083cf177aecbde	Apache-2.0	pass: Apache-2.0 at pinned publisher repository	pass: pinned publisher commit	not-run: key closed by found witness jentic/apis/openapi/groupe-psa.io/main/3.19.2/meta/import/input-entry.json	not-owed	census.jsonl.gz; publisher-grants.tsv; fern-screens.jsonl; zulip-fern.json
vendor-portals	box--box-openapi/openapi/openapi.json	https://raw.githubusercontent.com/box/box-openapi/933ec4c5d9f4dbdaaa823efa3a083cf177aecbde/openapi/openapi.json	0f8794edec1caf44761777f791b36388ec997f4220233a1a0166712e0d3b0a06	annotated-ref-target-oneof	933ec4c5d9f4dbdaaa823efa3a083cf177aecbde	Apache-2.0	pass: Apache-2.0 at pinned publisher repository	pass: pinned publisher commit	not-run: key closed by found witness zulip/zulip:zerver/openapi/zulip.yaml	not-owed	census.jsonl.gz; publisher-grants.tsv; fern-screens.jsonl; zulip-fern.json
vendor-portals	cloudflare--api-schemas/openapi.json	https://raw.githubusercontent.com/cloudflare/api-schemas/f2df0ca75c0fec9047e91a34c20dd666c2dcd1ba/openapi.json	c575728584bc32600e9e2bf231e0147d894abe9ad92dd604af50d349afa88e9d	anyof-array-variant-struct-item	f2df0ca75c0fec9047e91a34c20dd666c2dcd1ba	BSD-3-Clause	pass: BSD-3-Clause at pinned publisher repository	pass: pinned publisher commit	not-run: key closed by found witness jentic/apis/openapi/cradl.ai/main/2026-01-28T09:00:46Z/meta/import/input-bundle.json	not-owed	census.jsonl.gz; publisher-grants.tsv; fern-screens.jsonl; zulip-fern.json
vendor-portals	cloudflare--api-schemas/openapi.json	https://raw.githubusercontent.com/cloudflare/api-schemas/f2df0ca75c0fec9047e91a34c20dd666c2dcd1ba/openapi.json	c575728584bc32600e9e2bf231e0147d894abe9ad92dd604af50d349afa88e9d	property-sole-anyof-struct-member	f2df0ca75c0fec9047e91a34c20dd666c2dcd1ba	BSD-3-Clause	pass: BSD-3-Clause at pinned publisher repository	pass: pinned publisher commit	inconclusive: Fern check timed out after 900 seconds	outstanding	census.jsonl.gz; publisher-grants.tsv; fern-screens.jsonl; zulip-fern.json
vendor-portals	cloudflare--api-schemas/openapi.yaml	https://raw.githubusercontent.com/cloudflare/api-schemas/f2df0ca75c0fec9047e91a34c20dd666c2dcd1ba/openapi.yaml	d0208b3d35ab47ace5d0b7ea458abc826154adf640a9be9934991f1ec7932f27	anyof-array-variant-struct-item	f2df0ca75c0fec9047e91a34c20dd666c2dcd1ba	BSD-3-Clause	pass: BSD-3-Clause at pinned publisher repository	pass: pinned publisher commit	failed: Fern check exit 1	fern-rejected	census.jsonl.gz; publisher-grants.tsv; fern-screens.jsonl; zulip-fern.json
vendor-portals	cloudflare--api-schemas/openapi.yaml	https://raw.githubusercontent.com/cloudflare/api-schemas/f2df0ca75c0fec9047e91a34c20dd666c2dcd1ba/openapi.yaml	d0208b3d35ab47ace5d0b7ea458abc826154adf640a9be9934991f1ec7932f27	property-sole-anyof-struct-member	f2df0ca75c0fec9047e91a34c20dd666c2dcd1ba	BSD-3-Clause	pass: BSD-3-Clause at pinned publisher repository	pass: pinned publisher commit	failed: Fern check exit 1	fern-rejected	census.jsonl.gz; publisher-grants.tsv; fern-screens.jsonl; zulip-fern.json
vendor-portals	codatio--oas/json/Codat-Accounting.json	https://raw.githubusercontent.com/codatio/oas/2dbdc1f7bcdefaf769ab17fcc99fbb098ef2610b/json/Codat-Accounting.json	129358af62b047bbb3d2f970976b616d8c54a17adca5b794e79bdc13663bca43	annotated-ref-target-composed	2dbdc1f7bcdefaf769ab17fcc99fbb098ef2610b	none	failed: no admitted publisher licence; info.license=none	pass: pinned publisher commit	not-run: licence screen failed	witness-blocked	census.jsonl.gz; publisher-grants.tsv; fern-screens.jsonl; zulip-fern.json
vendor-portals	codatio--oas/json/Codat-Accounting.json	https://raw.githubusercontent.com/codatio/oas/2dbdc1f7bcdefaf769ab17fcc99fbb098ef2610b/json/Codat-Accounting.json	129358af62b047bbb3d2f970976b616d8c54a17adca5b794e79bdc13663bca43	ref-pointer-unnamed-segment	2dbdc1f7bcdefaf769ab17fcc99fbb098ef2610b	none	failed: no admitted publisher licence; info.license=none	pass: pinned publisher commit	not-run: licence screen failed	witness-blocked	census.jsonl.gz; publisher-grants.tsv; fern-screens.jsonl; zulip-fern.json
vendor-portals	codatio--oas/json/Codat-Assess.json	https://raw.githubusercontent.com/codatio/oas/2dbdc1f7bcdefaf769ab17fcc99fbb098ef2610b/json/Codat-Assess.json	5044a2cbbf751c1b586226745f15b3064280f7da127317d6f033f4df0ce9dd8f	ref-pointer-unnamed-segment	2dbdc1f7bcdefaf769ab17fcc99fbb098ef2610b	none	failed: no admitted publisher licence; info.license=none	pass: pinned publisher commit	not-run: licence screen failed	witness-blocked	census.jsonl.gz; publisher-grants.tsv; fern-screens.jsonl; zulip-fern.json
vendor-portals	codatio--oas/json/Codat-Bank-Feeds-v2.json	https://raw.githubusercontent.com/codatio/oas/2dbdc1f7bcdefaf769ab17fcc99fbb098ef2610b/json/Codat-Bank-Feeds-v2.json	c8b42d166a289ccc45072b2f161bea19463d62490797651917239773ef9bdb83	ref-pointer-unnamed-segment	2dbdc1f7bcdefaf769ab17fcc99fbb098ef2610b	none	failed: no admitted publisher licence; info.license=none	pass: pinned publisher commit	not-run: licence screen failed	witness-blocked	census.jsonl.gz; publisher-grants.tsv; fern-screens.jsonl; zulip-fern.json
vendor-portals	codatio--oas/json/Codat-Bank-Feeds.json	https://raw.githubusercontent.com/codatio/oas/2dbdc1f7bcdefaf769ab17fcc99fbb098ef2610b/json/Codat-Bank-Feeds.json	c47343672540bd52deceeee4188f269678876190dc9e0dd33dd5c88f831eaa93	ref-pointer-unnamed-segment	2dbdc1f7bcdefaf769ab17fcc99fbb098ef2610b	none	failed: no admitted publisher licence; info.license=none	pass: pinned publisher commit	not-run: licence screen failed	witness-blocked	census.jsonl.gz; publisher-grants.tsv; fern-screens.jsonl; zulip-fern.json
vendor-portals	codatio--oas/json/Codat-Banking.json	https://raw.githubusercontent.com/codatio/oas/2dbdc1f7bcdefaf769ab17fcc99fbb098ef2610b/json/Codat-Banking.json	4b333eb5f7cac82498b88e4b7745bea2380735ed6ffd79fa2b6a853d78c08e94	ref-pointer-unnamed-segment	2dbdc1f7bcdefaf769ab17fcc99fbb098ef2610b	none	failed: no admitted publisher licence; info.license=none	pass: pinned publisher commit	not-run: licence screen failed	witness-blocked	census.jsonl.gz; publisher-grants.tsv; fern-screens.jsonl; zulip-fern.json
vendor-portals	codatio--oas/json/Codat-Commerce.json	https://raw.githubusercontent.com/codatio/oas/2dbdc1f7bcdefaf769ab17fcc99fbb098ef2610b/json/Codat-Commerce.json	e6a0e39ddef6e1b72902d2536ec4f10a38beb96f64c2f3e44be593bb1fdcd721	ref-pointer-unnamed-segment	2dbdc1f7bcdefaf769ab17fcc99fbb098ef2610b	none	failed: no admitted publisher licence; info.license=none	pass: pinned publisher commit	not-run: licence screen failed	witness-blocked	census.jsonl.gz; publisher-grants.tsv; fern-screens.jsonl; zulip-fern.json
vendor-portals	codatio--oas/json/Codat-Common.json	https://raw.githubusercontent.com/codatio/oas/2dbdc1f7bcdefaf769ab17fcc99fbb098ef2610b/json/Codat-Common.json	4c56d6e2eb85750f2c63bc94802687365051999d92f5f861c5b6f80101f38101	ref-pointer-unnamed-segment	2dbdc1f7bcdefaf769ab17fcc99fbb098ef2610b	none	failed: no admitted publisher licence; info.license=none	pass: pinned publisher commit	not-run: licence screen failed	witness-blocked	census.jsonl.gz; publisher-grants.tsv; fern-screens.jsonl; zulip-fern.json
vendor-portals	codatio--oas/json/Codat-Expenses.json	https://raw.githubusercontent.com/codatio/oas/2dbdc1f7bcdefaf769ab17fcc99fbb098ef2610b/json/Codat-Expenses.json	eec4033ac49d3d88f0f5fed591186677b528d5b7f9dcc862c5f4402555dcb2b1	ref-pointer-unnamed-segment	2dbdc1f7bcdefaf769ab17fcc99fbb098ef2610b	none	failed: no admitted publisher licence; info.license=none	pass: pinned publisher commit	not-run: licence screen failed	witness-blocked	census.jsonl.gz; publisher-grants.tsv; fern-screens.jsonl; zulip-fern.json
vendor-portals	codatio--oas/json/Codat-Files.json	https://raw.githubusercontent.com/codatio/oas/2dbdc1f7bcdefaf769ab17fcc99fbb098ef2610b/json/Codat-Files.json	21350b31522bd2e458e05f8e6ff6b8fbaa644a0655dc4f502b72db924b54d9e0	ref-pointer-unnamed-segment	2dbdc1f7bcdefaf769ab17fcc99fbb098ef2610b	none	failed: no admitted publisher licence; info.license=none	pass: pinned publisher commit	not-run: licence screen failed	witness-blocked	census.jsonl.gz; publisher-grants.tsv; fern-screens.jsonl; zulip-fern.json
vendor-portals	codatio--oas/json/Codat-Intuit-IDX.json	https://raw.githubusercontent.com/codatio/oas/2dbdc1f7bcdefaf769ab17fcc99fbb098ef2610b/json/Codat-Intuit-IDX.json	d83c85667b585b044807ce46449ae9e3ac4f212ab950fa0f0f59a1243a0bb86d	ref-pointer-unnamed-segment	2dbdc1f7bcdefaf769ab17fcc99fbb098ef2610b	none	failed: no admitted publisher licence; info.license=none	pass: pinned publisher commit	not-run: licence screen failed	witness-blocked	census.jsonl.gz; publisher-grants.tsv; fern-screens.jsonl; zulip-fern.json
vendor-portals	codatio--oas/json/Codat-Lending.json	https://raw.githubusercontent.com/codatio/oas/2dbdc1f7bcdefaf769ab17fcc99fbb098ef2610b/json/Codat-Lending.json	7c222046bb62600149a4ce0c4bf369bd751ae8298588223e531cea3795df4a42	annotated-ref-target-composed	2dbdc1f7bcdefaf769ab17fcc99fbb098ef2610b	none	failed: no admitted publisher licence; info.license=none	pass: pinned publisher commit	not-run: licence screen failed	witness-blocked	census.jsonl.gz; publisher-grants.tsv; fern-screens.jsonl; zulip-fern.json
vendor-portals	codatio--oas/json/Codat-Lending.json	https://raw.githubusercontent.com/codatio/oas/2dbdc1f7bcdefaf769ab17fcc99fbb098ef2610b/json/Codat-Lending.json	7c222046bb62600149a4ce0c4bf369bd751ae8298588223e531cea3795df4a42	ref-pointer-unnamed-segment	2dbdc1f7bcdefaf769ab17fcc99fbb098ef2610b	none	failed: no admitted publisher licence; info.license=none	pass: pinned publisher commit	not-run: licence screen failed	witness-blocked	census.jsonl.gz; publisher-grants.tsv; fern-screens.jsonl; zulip-fern.json
vendor-portals	codatio--oas/json/Codat-Platform.json	https://raw.githubusercontent.com/codatio/oas/2dbdc1f7bcdefaf769ab17fcc99fbb098ef2610b/json/Codat-Platform.json	90d5a009d658153e959b4fe5e4981fdb138cb7d82b85b8c4e6dcfeb343a109fb	ref-pointer-unnamed-segment	2dbdc1f7bcdefaf769ab17fcc99fbb098ef2610b	none	failed: no admitted publisher licence; info.license=none	pass: pinned publisher commit	not-run: licence screen failed	witness-blocked	census.jsonl.gz; publisher-grants.tsv; fern-screens.jsonl; zulip-fern.json
vendor-portals	codatio--oas/json/Codat-Spend-Insights.json	https://raw.githubusercontent.com/codatio/oas/2dbdc1f7bcdefaf769ab17fcc99fbb098ef2610b/json/Codat-Spend-Insights.json	22e419fee0cb2483e7047cdb14f6feb135973fca913c4d1689b9739999931e05	ref-pointer-unnamed-segment	2dbdc1f7bcdefaf769ab17fcc99fbb098ef2610b	none	failed: no admitted publisher licence; info.license=none	pass: pinned publisher commit	not-run: licence screen failed	witness-blocked	census.jsonl.gz; publisher-grants.tsv; fern-screens.jsonl; zulip-fern.json
vendor-portals	codatio--oas/json/Codat-Sync-Commerce-v1.json	https://raw.githubusercontent.com/codatio/oas/2dbdc1f7bcdefaf769ab17fcc99fbb098ef2610b/json/Codat-Sync-Commerce-v1.json	54066e33d9dd58e2ef592000126257e5458bc772a18aabdac840bcf66d96130b	annotated-ref-target-composed	2dbdc1f7bcdefaf769ab17fcc99fbb098ef2610b	none	failed: no admitted publisher licence; info.license=none	pass: pinned publisher commit	not-run: licence screen failed	witness-blocked	census.jsonl.gz; publisher-grants.tsv; fern-screens.jsonl; zulip-fern.json
vendor-portals	codatio--oas/json/Codat-Sync-Commerce-v1.json	https://raw.githubusercontent.com/codatio/oas/2dbdc1f7bcdefaf769ab17fcc99fbb098ef2610b/json/Codat-Sync-Commerce-v1.json	54066e33d9dd58e2ef592000126257e5458bc772a18aabdac840bcf66d96130b	ref-pointer-unnamed-segment	2dbdc1f7bcdefaf769ab17fcc99fbb098ef2610b	none	failed: no admitted publisher licence; info.license=none	pass: pinned publisher commit	not-run: licence screen failed	witness-blocked	census.jsonl.gz; publisher-grants.tsv; fern-screens.jsonl; zulip-fern.json
vendor-portals	codatio--oas/json/Codat-Sync-Commerce.json	https://raw.githubusercontent.com/codatio/oas/2dbdc1f7bcdefaf769ab17fcc99fbb098ef2610b/json/Codat-Sync-Commerce.json	476b2076678fcda90d9fb3e6ec7eeed53372dc656cd35b0a7d57dac6bd3ea6e5	ref-pointer-unnamed-segment	2dbdc1f7bcdefaf769ab17fcc99fbb098ef2610b	none	failed: no admitted publisher licence; info.license=none	pass: pinned publisher commit	not-run: licence screen failed	witness-blocked	census.jsonl.gz; publisher-grants.tsv; fern-screens.jsonl; zulip-fern.json
vendor-portals	codatio--oas/json/Codat-Sync-Expenses-v1.json	https://raw.githubusercontent.com/codatio/oas/2dbdc1f7bcdefaf769ab17fcc99fbb098ef2610b/json/Codat-Sync-Expenses-v1.json	703a603312b1e65e058cc7097f382ff9b8ec0e413ee3fb720d022bf6f7c308d4	ref-pointer-unnamed-segment	2dbdc1f7bcdefaf769ab17fcc99fbb098ef2610b	none	failed: no admitted publisher licence; info.license=none	pass: pinned publisher commit	not-run: licence screen failed	witness-blocked	census.jsonl.gz; publisher-grants.tsv; fern-screens.jsonl; zulip-fern.json
vendor-portals	codatio--oas/json/Codat-Sync-Expenses.json	https://raw.githubusercontent.com/codatio/oas/2dbdc1f7bcdefaf769ab17fcc99fbb098ef2610b/json/Codat-Sync-Expenses.json	4c54c56dc4ad7587aa52aa9d97353bfe59a9656ad88aef170771abf0f84c7b41	annotated-ref-target-composed	2dbdc1f7bcdefaf769ab17fcc99fbb098ef2610b	none	failed: no admitted publisher licence; info.license=none	pass: pinned publisher commit	not-run: licence screen failed	witness-blocked	census.jsonl.gz; publisher-grants.tsv; fern-screens.jsonl; zulip-fern.json
vendor-portals	codatio--oas/json/Codat-Sync-Expenses.json	https://raw.githubusercontent.com/codatio/oas/2dbdc1f7bcdefaf769ab17fcc99fbb098ef2610b/json/Codat-Sync-Expenses.json	4c54c56dc4ad7587aa52aa9d97353bfe59a9656ad88aef170771abf0f84c7b41	ref-pointer-unnamed-segment	2dbdc1f7bcdefaf769ab17fcc99fbb098ef2610b	none	failed: no admitted publisher licence; info.license=none	pass: pinned publisher commit	not-run: licence screen failed	witness-blocked	census.jsonl.gz; publisher-grants.tsv; fern-screens.jsonl; zulip-fern.json
vendor-portals	codatio--oas/json/Codat-Sync-Payables-v1.json	https://raw.githubusercontent.com/codatio/oas/2dbdc1f7bcdefaf769ab17fcc99fbb098ef2610b/json/Codat-Sync-Payables-v1.json	d6ffa5382500d581582736220f6677ce7404e5890553d6a7ec3a4d574787cfac	annotated-ref-target-composed	2dbdc1f7bcdefaf769ab17fcc99fbb098ef2610b	none	failed: no admitted publisher licence; info.license=none	pass: pinned publisher commit	not-run: licence screen failed	witness-blocked	census.jsonl.gz; publisher-grants.tsv; fern-screens.jsonl; zulip-fern.json
vendor-portals	codatio--oas/json/Codat-Sync-Payables-v1.json	https://raw.githubusercontent.com/codatio/oas/2dbdc1f7bcdefaf769ab17fcc99fbb098ef2610b/json/Codat-Sync-Payables-v1.json	d6ffa5382500d581582736220f6677ce7404e5890553d6a7ec3a4d574787cfac	ref-pointer-unnamed-segment	2dbdc1f7bcdefaf769ab17fcc99fbb098ef2610b	none	failed: no admitted publisher licence; info.license=none	pass: pinned publisher commit	not-run: licence screen failed	witness-blocked	census.jsonl.gz; publisher-grants.tsv; fern-screens.jsonl; zulip-fern.json
vendor-portals	codatio--oas/json/Codat-Sync-Payables.json	https://raw.githubusercontent.com/codatio/oas/2dbdc1f7bcdefaf769ab17fcc99fbb098ef2610b/json/Codat-Sync-Payables.json	3b8b09d0daeea2c148db7222f09cc63b127e2b70705d6f9e9f4e56b0efad10a0	ref-pointer-unnamed-segment	2dbdc1f7bcdefaf769ab17fcc99fbb098ef2610b	none	failed: no admitted publisher licence; info.license=none	pass: pinned publisher commit	not-run: licence screen failed	witness-blocked	census.jsonl.gz; publisher-grants.tsv; fern-screens.jsonl; zulip-fern.json
vendor-portals	codatio--oas/json/Codat-Sync-Payroll.json	https://raw.githubusercontent.com/codatio/oas/2dbdc1f7bcdefaf769ab17fcc99fbb098ef2610b/json/Codat-Sync-Payroll.json	a7ac3cd8999d62d866c7d834b7e310517f5a8111bb0f0d117614cef83a662151	annotated-ref-target-composed	2dbdc1f7bcdefaf769ab17fcc99fbb098ef2610b	none	failed: no admitted publisher licence; info.license=none	pass: pinned publisher commit	not-run: licence screen failed	witness-blocked	census.jsonl.gz; publisher-grants.tsv; fern-screens.jsonl; zulip-fern.json
vendor-portals	codatio--oas/json/Codat-Sync-Payroll.json	https://raw.githubusercontent.com/codatio/oas/2dbdc1f7bcdefaf769ab17fcc99fbb098ef2610b/json/Codat-Sync-Payroll.json	a7ac3cd8999d62d866c7d834b7e310517f5a8111bb0f0d117614cef83a662151	ref-pointer-unnamed-segment	2dbdc1f7bcdefaf769ab17fcc99fbb098ef2610b	none	failed: no admitted publisher licence; info.license=none	pass: pinned publisher commit	not-run: licence screen failed	witness-blocked	census.jsonl.gz; publisher-grants.tsv; fern-screens.jsonl; zulip-fern.json
vendor-portals	codatio--oas/yaml/Codat-Accounting.yaml	https://raw.githubusercontent.com/codatio/oas/2dbdc1f7bcdefaf769ab17fcc99fbb098ef2610b/yaml/Codat-Accounting.yaml	21d41189c4618259114f2fbb5c5890a59efa2a16970108379c11dd1fe7397290	annotated-ref-target-composed	2dbdc1f7bcdefaf769ab17fcc99fbb098ef2610b	none	failed: no admitted publisher licence; info.license=none	pass: pinned publisher commit	not-run: licence screen failed	witness-blocked	census.jsonl.gz; publisher-grants.tsv; fern-screens.jsonl; zulip-fern.json
vendor-portals	codatio--oas/yaml/Codat-Accounting.yaml	https://raw.githubusercontent.com/codatio/oas/2dbdc1f7bcdefaf769ab17fcc99fbb098ef2610b/yaml/Codat-Accounting.yaml	21d41189c4618259114f2fbb5c5890a59efa2a16970108379c11dd1fe7397290	ref-pointer-unnamed-segment	2dbdc1f7bcdefaf769ab17fcc99fbb098ef2610b	none	failed: no admitted publisher licence; info.license=none	pass: pinned publisher commit	not-run: licence screen failed	witness-blocked	census.jsonl.gz; publisher-grants.tsv; fern-screens.jsonl; zulip-fern.json
vendor-portals	codatio--oas/yaml/Codat-Assess.yaml	https://raw.githubusercontent.com/codatio/oas/2dbdc1f7bcdefaf769ab17fcc99fbb098ef2610b/yaml/Codat-Assess.yaml	5f4027e77a0e2a6f8cdeeac6b7c50c9a4a46ae41ac8b99bb4026261f243b6acc	ref-pointer-unnamed-segment	2dbdc1f7bcdefaf769ab17fcc99fbb098ef2610b	none	failed: no admitted publisher licence; info.license=none	pass: pinned publisher commit	not-run: licence screen failed	witness-blocked	census.jsonl.gz; publisher-grants.tsv; fern-screens.jsonl; zulip-fern.json
vendor-portals	codatio--oas/yaml/Codat-Bank-Feeds-v2.yaml	https://raw.githubusercontent.com/codatio/oas/2dbdc1f7bcdefaf769ab17fcc99fbb098ef2610b/yaml/Codat-Bank-Feeds-v2.yaml	651521741cab718b1aa0bc093cf698b035e2ecbfec0e001cec86b8ea732cf72f	ref-pointer-unnamed-segment	2dbdc1f7bcdefaf769ab17fcc99fbb098ef2610b	none	failed: no admitted publisher licence; info.license=none	pass: pinned publisher commit	not-run: licence screen failed	witness-blocked	census.jsonl.gz; publisher-grants.tsv; fern-screens.jsonl; zulip-fern.json
vendor-portals	codatio--oas/yaml/Codat-Bank-Feeds.yaml	https://raw.githubusercontent.com/codatio/oas/2dbdc1f7bcdefaf769ab17fcc99fbb098ef2610b/yaml/Codat-Bank-Feeds.yaml	ffea4a4680c59d5b114d977aa49d188788e8da37ea66493cb559a65c3443cfd5	ref-pointer-unnamed-segment	2dbdc1f7bcdefaf769ab17fcc99fbb098ef2610b	none	failed: no admitted publisher licence; info.license=none	pass: pinned publisher commit	not-run: licence screen failed	witness-blocked	census.jsonl.gz; publisher-grants.tsv; fern-screens.jsonl; zulip-fern.json
vendor-portals	codatio--oas/yaml/Codat-Banking.yaml	https://raw.githubusercontent.com/codatio/oas/2dbdc1f7bcdefaf769ab17fcc99fbb098ef2610b/yaml/Codat-Banking.yaml	499b5a5d8637e3f666f57e3c8a507223f5dfc70d169255b4855ebbb0e387a065	ref-pointer-unnamed-segment	2dbdc1f7bcdefaf769ab17fcc99fbb098ef2610b	none	failed: no admitted publisher licence; info.license=none	pass: pinned publisher commit	not-run: licence screen failed	witness-blocked	census.jsonl.gz; publisher-grants.tsv; fern-screens.jsonl; zulip-fern.json
vendor-portals	codatio--oas/yaml/Codat-Commerce.yaml	https://raw.githubusercontent.com/codatio/oas/2dbdc1f7bcdefaf769ab17fcc99fbb098ef2610b/yaml/Codat-Commerce.yaml	c56aa8f7d9f23c09d4d79e561d1d4c3160ac473cb71debe6edeccb90d4ac508c	ref-pointer-unnamed-segment	2dbdc1f7bcdefaf769ab17fcc99fbb098ef2610b	none	failed: no admitted publisher licence; info.license=none	pass: pinned publisher commit	not-run: licence screen failed	witness-blocked	census.jsonl.gz; publisher-grants.tsv; fern-screens.jsonl; zulip-fern.json
vendor-portals	codatio--oas/yaml/Codat-Common.yaml	https://raw.githubusercontent.com/codatio/oas/2dbdc1f7bcdefaf769ab17fcc99fbb098ef2610b/yaml/Codat-Common.yaml	80033b3d8b5691f9e34a36e7616c8c13a5621ed7458d3aea8f8213861cf10834	ref-pointer-unnamed-segment	2dbdc1f7bcdefaf769ab17fcc99fbb098ef2610b	none	failed: no admitted publisher licence; info.license=none	pass: pinned publisher commit	not-run: licence screen failed	witness-blocked	census.jsonl.gz; publisher-grants.tsv; fern-screens.jsonl; zulip-fern.json
vendor-portals	codatio--oas/yaml/Codat-Expenses.yaml	https://raw.githubusercontent.com/codatio/oas/2dbdc1f7bcdefaf769ab17fcc99fbb098ef2610b/yaml/Codat-Expenses.yaml	7fc0332b496b609ee96a41e3da95fcdd7fdff6ca040bd484e2ab74d0a83caeee	ref-pointer-unnamed-segment	2dbdc1f7bcdefaf769ab17fcc99fbb098ef2610b	none	failed: no admitted publisher licence; info.license=none	pass: pinned publisher commit	not-run: licence screen failed	witness-blocked	census.jsonl.gz; publisher-grants.tsv; fern-screens.jsonl; zulip-fern.json
vendor-portals	codatio--oas/yaml/Codat-Files.yaml	https://raw.githubusercontent.com/codatio/oas/2dbdc1f7bcdefaf769ab17fcc99fbb098ef2610b/yaml/Codat-Files.yaml	e1e2392502f6a74820699926bdad557d281405de1e4f404af71619059fe5140e	ref-pointer-unnamed-segment	2dbdc1f7bcdefaf769ab17fcc99fbb098ef2610b	none	failed: no admitted publisher licence; info.license=none	pass: pinned publisher commit	not-run: licence screen failed	witness-blocked	census.jsonl.gz; publisher-grants.tsv; fern-screens.jsonl; zulip-fern.json
vendor-portals	codatio--oas/yaml/Codat-Intuit-IDX.yaml	https://raw.githubusercontent.com/codatio/oas/2dbdc1f7bcdefaf769ab17fcc99fbb098ef2610b/yaml/Codat-Intuit-IDX.yaml	9243d6e8452493a0285abb9041f2bbd06fc60a742fb8ac334d5e08f6e961f0ee	ref-pointer-unnamed-segment	2dbdc1f7bcdefaf769ab17fcc99fbb098ef2610b	none	failed: no admitted publisher licence; info.license=none	pass: pinned publisher commit	not-run: licence screen failed	witness-blocked	census.jsonl.gz; publisher-grants.tsv; fern-screens.jsonl; zulip-fern.json
vendor-portals	codatio--oas/yaml/Codat-Lending.yaml	https://raw.githubusercontent.com/codatio/oas/2dbdc1f7bcdefaf769ab17fcc99fbb098ef2610b/yaml/Codat-Lending.yaml	791e242d1fafa6fb4f7c8c053f6a77244ce74dd23eaade694a41b8070d5ae5e4	annotated-ref-target-composed	2dbdc1f7bcdefaf769ab17fcc99fbb098ef2610b	none	failed: no admitted publisher licence; info.license=none	pass: pinned publisher commit	not-run: licence screen failed	witness-blocked	census.jsonl.gz; publisher-grants.tsv; fern-screens.jsonl; zulip-fern.json
vendor-portals	codatio--oas/yaml/Codat-Lending.yaml	https://raw.githubusercontent.com/codatio/oas/2dbdc1f7bcdefaf769ab17fcc99fbb098ef2610b/yaml/Codat-Lending.yaml	791e242d1fafa6fb4f7c8c053f6a77244ce74dd23eaade694a41b8070d5ae5e4	ref-pointer-unnamed-segment	2dbdc1f7bcdefaf769ab17fcc99fbb098ef2610b	none	failed: no admitted publisher licence; info.license=none	pass: pinned publisher commit	not-run: licence screen failed	witness-blocked	census.jsonl.gz; publisher-grants.tsv; fern-screens.jsonl; zulip-fern.json
vendor-portals	codatio--oas/yaml/Codat-Platform.yaml	https://raw.githubusercontent.com/codatio/oas/2dbdc1f7bcdefaf769ab17fcc99fbb098ef2610b/yaml/Codat-Platform.yaml	bff9b9776ecf8862555c837bfed74d93f49a32babb0be3877977f6ce0ffa4390	ref-pointer-unnamed-segment	2dbdc1f7bcdefaf769ab17fcc99fbb098ef2610b	none	failed: no admitted publisher licence; info.license=none	pass: pinned publisher commit	not-run: licence screen failed	witness-blocked	census.jsonl.gz; publisher-grants.tsv; fern-screens.jsonl; zulip-fern.json
vendor-portals	codatio--oas/yaml/Codat-Spend-Insights.yaml	https://raw.githubusercontent.com/codatio/oas/2dbdc1f7bcdefaf769ab17fcc99fbb098ef2610b/yaml/Codat-Spend-Insights.yaml	8bd2cb9c4f87dc9277bd6da65dfe559a8a13e1e19610b52ff6df970518503f1f	ref-pointer-unnamed-segment	2dbdc1f7bcdefaf769ab17fcc99fbb098ef2610b	none	failed: no admitted publisher licence; info.license=none	pass: pinned publisher commit	not-run: licence screen failed	witness-blocked	census.jsonl.gz; publisher-grants.tsv; fern-screens.jsonl; zulip-fern.json
vendor-portals	codatio--oas/yaml/Codat-Sync-Commerce-v1.yaml	https://raw.githubusercontent.com/codatio/oas/2dbdc1f7bcdefaf769ab17fcc99fbb098ef2610b/yaml/Codat-Sync-Commerce-v1.yaml	22dbd11586e66143988a70d2e9d9afd78f03fbcad83282384e81aecedab83ae7	annotated-ref-target-composed	2dbdc1f7bcdefaf769ab17fcc99fbb098ef2610b	none	failed: no admitted publisher licence; info.license=none	pass: pinned publisher commit	not-run: licence screen failed	witness-blocked	census.jsonl.gz; publisher-grants.tsv; fern-screens.jsonl; zulip-fern.json
vendor-portals	codatio--oas/yaml/Codat-Sync-Commerce-v1.yaml	https://raw.githubusercontent.com/codatio/oas/2dbdc1f7bcdefaf769ab17fcc99fbb098ef2610b/yaml/Codat-Sync-Commerce-v1.yaml	22dbd11586e66143988a70d2e9d9afd78f03fbcad83282384e81aecedab83ae7	ref-pointer-unnamed-segment	2dbdc1f7bcdefaf769ab17fcc99fbb098ef2610b	none	failed: no admitted publisher licence; info.license=none	pass: pinned publisher commit	not-run: licence screen failed	witness-blocked	census.jsonl.gz; publisher-grants.tsv; fern-screens.jsonl; zulip-fern.json
vendor-portals	codatio--oas/yaml/Codat-Sync-Commerce.yaml	https://raw.githubusercontent.com/codatio/oas/2dbdc1f7bcdefaf769ab17fcc99fbb098ef2610b/yaml/Codat-Sync-Commerce.yaml	f669e8c3c34f2b73ba2d337451fcff6e3376b7322340ba7374b08c0ee6be367c	ref-pointer-unnamed-segment	2dbdc1f7bcdefaf769ab17fcc99fbb098ef2610b	none	failed: no admitted publisher licence; info.license=none	pass: pinned publisher commit	not-run: licence screen failed	witness-blocked	census.jsonl.gz; publisher-grants.tsv; fern-screens.jsonl; zulip-fern.json
vendor-portals	codatio--oas/yaml/Codat-Sync-Expenses-v1.yaml	https://raw.githubusercontent.com/codatio/oas/2dbdc1f7bcdefaf769ab17fcc99fbb098ef2610b/yaml/Codat-Sync-Expenses-v1.yaml	83bf3779c5106e0314e14447cd08183962251746b53fee0a67205e5bb46cef1f	ref-pointer-unnamed-segment	2dbdc1f7bcdefaf769ab17fcc99fbb098ef2610b	none	failed: no admitted publisher licence; info.license=none	pass: pinned publisher commit	not-run: licence screen failed	witness-blocked	census.jsonl.gz; publisher-grants.tsv; fern-screens.jsonl; zulip-fern.json
vendor-portals	codatio--oas/yaml/Codat-Sync-Expenses.yaml	https://raw.githubusercontent.com/codatio/oas/2dbdc1f7bcdefaf769ab17fcc99fbb098ef2610b/yaml/Codat-Sync-Expenses.yaml	3a810b6f9c6655587a8492aa9c6216f43bf22b7d666eee2707b1fc2ff8c86f65	annotated-ref-target-composed	2dbdc1f7bcdefaf769ab17fcc99fbb098ef2610b	none	failed: no admitted publisher licence; info.license=none	pass: pinned publisher commit	not-run: licence screen failed	witness-blocked	census.jsonl.gz; publisher-grants.tsv; fern-screens.jsonl; zulip-fern.json
vendor-portals	codatio--oas/yaml/Codat-Sync-Expenses.yaml	https://raw.githubusercontent.com/codatio/oas/2dbdc1f7bcdefaf769ab17fcc99fbb098ef2610b/yaml/Codat-Sync-Expenses.yaml	3a810b6f9c6655587a8492aa9c6216f43bf22b7d666eee2707b1fc2ff8c86f65	ref-pointer-unnamed-segment	2dbdc1f7bcdefaf769ab17fcc99fbb098ef2610b	none	failed: no admitted publisher licence; info.license=none	pass: pinned publisher commit	not-run: licence screen failed	witness-blocked	census.jsonl.gz; publisher-grants.tsv; fern-screens.jsonl; zulip-fern.json
vendor-portals	codatio--oas/yaml/Codat-Sync-Payables-v1.yaml	https://raw.githubusercontent.com/codatio/oas/2dbdc1f7bcdefaf769ab17fcc99fbb098ef2610b/yaml/Codat-Sync-Payables-v1.yaml	06163dffa75f6bc1933c68f1aaeac70f3feb7cf69f509bd4c921052c92391e73	annotated-ref-target-composed	2dbdc1f7bcdefaf769ab17fcc99fbb098ef2610b	none	failed: no admitted publisher licence; info.license=none	pass: pinned publisher commit	not-run: licence screen failed	witness-blocked	census.jsonl.gz; publisher-grants.tsv; fern-screens.jsonl; zulip-fern.json
vendor-portals	codatio--oas/yaml/Codat-Sync-Payables-v1.yaml	https://raw.githubusercontent.com/codatio/oas/2dbdc1f7bcdefaf769ab17fcc99fbb098ef2610b/yaml/Codat-Sync-Payables-v1.yaml	06163dffa75f6bc1933c68f1aaeac70f3feb7cf69f509bd4c921052c92391e73	ref-pointer-unnamed-segment	2dbdc1f7bcdefaf769ab17fcc99fbb098ef2610b	none	failed: no admitted publisher licence; info.license=none	pass: pinned publisher commit	not-run: licence screen failed	witness-blocked	census.jsonl.gz; publisher-grants.tsv; fern-screens.jsonl; zulip-fern.json
vendor-portals	codatio--oas/yaml/Codat-Sync-Payables.yaml	https://raw.githubusercontent.com/codatio/oas/2dbdc1f7bcdefaf769ab17fcc99fbb098ef2610b/yaml/Codat-Sync-Payables.yaml	dc2f9d7539464fb83836a2a8256a3ee3986aa812b2f9b7476ca8513093567b69	ref-pointer-unnamed-segment	2dbdc1f7bcdefaf769ab17fcc99fbb098ef2610b	none	failed: no admitted publisher licence; info.license=none	pass: pinned publisher commit	not-run: licence screen failed	witness-blocked	census.jsonl.gz; publisher-grants.tsv; fern-screens.jsonl; zulip-fern.json
vendor-portals	codatio--oas/yaml/Codat-Sync-Payroll.yaml	https://raw.githubusercontent.com/codatio/oas/2dbdc1f7bcdefaf769ab17fcc99fbb098ef2610b/yaml/Codat-Sync-Payroll.yaml	aa198f328aac7052a36448919b5eae9307a26861b8e9c5af149b0d9c399d403f	annotated-ref-target-composed	2dbdc1f7bcdefaf769ab17fcc99fbb098ef2610b	none	failed: no admitted publisher licence; info.license=none	pass: pinned publisher commit	not-run: licence screen failed	witness-blocked	census.jsonl.gz; publisher-grants.tsv; fern-screens.jsonl; zulip-fern.json
vendor-portals	codatio--oas/yaml/Codat-Sync-Payroll.yaml	https://raw.githubusercontent.com/codatio/oas/2dbdc1f7bcdefaf769ab17fcc99fbb098ef2610b/yaml/Codat-Sync-Payroll.yaml	aa198f328aac7052a36448919b5eae9307a26861b8e9c5af149b0d9c399d403f	ref-pointer-unnamed-segment	2dbdc1f7bcdefaf769ab17fcc99fbb098ef2610b	none	failed: no admitted publisher licence; info.license=none	pass: pinned publisher commit	not-run: licence screen failed	witness-blocked	census.jsonl.gz; publisher-grants.tsv; fern-screens.jsonl; zulip-fern.json
vendor-portals	github--rest-api-description/descriptions-next/api.github.com/dereferenced/api.github.com.2022-11-28.deref.json	https://raw.githubusercontent.com/github/rest-api-description/3cef12e8a02d612ad032473d4fb87266f2befeae/descriptions-next/api.github.com/dereferenced/api.github.com.2022-11-28.deref.json	24e77c5f77ce06316e147fc300a05c69014838a167529fd054a801daad568c16	anyof-array-variant-struct-item	3cef12e8a02d612ad032473d4fb87266f2befeae	MIT	pass: MIT at pinned publisher repository	pass: pinned publisher commit	not-run: key closed by found witness jentic/apis/openapi/cradl.ai/main/2026-01-28T09:00:46Z/meta/import/input-bundle.json	not-owed	census.jsonl.gz; publisher-grants.tsv; fern-screens.jsonl; zulip-fern.json
vendor-portals	github--rest-api-description/descriptions-next/api.github.com/dereferenced/api.github.com.2022-11-28.deref.yaml	https://raw.githubusercontent.com/github/rest-api-description/3cef12e8a02d612ad032473d4fb87266f2befeae/descriptions-next/api.github.com/dereferenced/api.github.com.2022-11-28.deref.yaml	84d24d36f1fdfa572100982cec1dbe50a1411b1c04d16d196c25e564215cee48	anyof-array-variant-struct-item	3cef12e8a02d612ad032473d4fb87266f2befeae	MIT	pass: MIT at pinned publisher repository	pass: pinned publisher commit	not-run: key closed by found witness jentic/apis/openapi/cradl.ai/main/2026-01-28T09:00:46Z/meta/import/input-bundle.json	not-owed	census.jsonl.gz; publisher-grants.tsv; fern-screens.jsonl; zulip-fern.json
vendor-portals	github--rest-api-description/descriptions-next/api.github.com/dereferenced/api.github.com.2026-03-10.deref.json	https://raw.githubusercontent.com/github/rest-api-description/3cef12e8a02d612ad032473d4fb87266f2befeae/descriptions-next/api.github.com/dereferenced/api.github.com.2026-03-10.deref.json	4eb2b4d1e3d86e791da0fec2b1ac8682b5e154fc1a0f2a6806d3118ed43241e1	anyof-array-variant-struct-item	3cef12e8a02d612ad032473d4fb87266f2befeae	MIT	pass: MIT at pinned publisher repository	pass: pinned publisher commit	not-run: key closed by found witness jentic/apis/openapi/cradl.ai/main/2026-01-28T09:00:46Z/meta/import/input-bundle.json	not-owed	census.jsonl.gz; publisher-grants.tsv; fern-screens.jsonl; zulip-fern.json
vendor-portals	github--rest-api-description/descriptions-next/api.github.com/dereferenced/api.github.com.2026-03-10.deref.yaml	https://raw.githubusercontent.com/github/rest-api-description/3cef12e8a02d612ad032473d4fb87266f2befeae/descriptions-next/api.github.com/dereferenced/api.github.com.2026-03-10.deref.yaml	ea2538797f7ab72eb22ca02ce0a6b7df53a74dc15c57bbe783d106d6fe19db4e	anyof-array-variant-struct-item	3cef12e8a02d612ad032473d4fb87266f2befeae	MIT	pass: MIT at pinned publisher repository	pass: pinned publisher commit	not-run: key closed by found witness jentic/apis/openapi/cradl.ai/main/2026-01-28T09:00:46Z/meta/import/input-bundle.json	not-owed	census.jsonl.gz; publisher-grants.tsv; fern-screens.jsonl; zulip-fern.json
vendor-portals	github--rest-api-description/descriptions-next/api.github.com/dereferenced/api.github.com.deref.json	https://raw.githubusercontent.com/github/rest-api-description/3cef12e8a02d612ad032473d4fb87266f2befeae/descriptions-next/api.github.com/dereferenced/api.github.com.deref.json	c685a32dea9916c3977ccc4d5f89ee8fd9bc9e211bf19dfc43c0a2598cf1a745	anyof-array-variant-struct-item	3cef12e8a02d612ad032473d4fb87266f2befeae	MIT	pass: MIT at pinned publisher repository	pass: pinned publisher commit	not-run: key closed by found witness jentic/apis/openapi/cradl.ai/main/2026-01-28T09:00:46Z/meta/import/input-bundle.json	not-owed	census.jsonl.gz; publisher-grants.tsv; fern-screens.jsonl; zulip-fern.json
vendor-portals	github--rest-api-description/descriptions-next/api.github.com/dereferenced/api.github.com.deref.yaml	https://raw.githubusercontent.com/github/rest-api-description/3cef12e8a02d612ad032473d4fb87266f2befeae/descriptions-next/api.github.com/dereferenced/api.github.com.deref.yaml	340d38b93e3fabc6cc0b22411c683040ebcd8382a139e41d7e898b8f9243e8b9	anyof-array-variant-struct-item	3cef12e8a02d612ad032473d4fb87266f2befeae	MIT	pass: MIT at pinned publisher repository	pass: pinned publisher commit	not-run: key closed by found witness jentic/apis/openapi/cradl.ai/main/2026-01-28T09:00:46Z/meta/import/input-bundle.json	not-owed	census.jsonl.gz; publisher-grants.tsv; fern-screens.jsonl; zulip-fern.json
vendor-portals	github--rest-api-description/descriptions-next/ghec/dereferenced/ghec.2022-11-28.deref.json	https://raw.githubusercontent.com/github/rest-api-description/3cef12e8a02d612ad032473d4fb87266f2befeae/descriptions-next/ghec/dereferenced/ghec.2022-11-28.deref.json	493617d97ae47353f97c1f4e72bde26f3f2d966f6386a1be2cd72040e3ce138b	anyof-array-variant-struct-item	3cef12e8a02d612ad032473d4fb87266f2befeae	MIT	pass: MIT at pinned publisher repository	pass: pinned publisher commit	not-run: key closed by found witness jentic/apis/openapi/cradl.ai/main/2026-01-28T09:00:46Z/meta/import/input-bundle.json	not-owed	census.jsonl.gz; publisher-grants.tsv; fern-screens.jsonl; zulip-fern.json
vendor-portals	github--rest-api-description/descriptions-next/ghec/dereferenced/ghec.2022-11-28.deref.yaml	https://raw.githubusercontent.com/github/rest-api-description/3cef12e8a02d612ad032473d4fb87266f2befeae/descriptions-next/ghec/dereferenced/ghec.2022-11-28.deref.yaml	cb0823bf99fa59ea6363d0d9544a4aec32544efcf8878b10d4e2b371902c24e4	anyof-array-variant-struct-item	3cef12e8a02d612ad032473d4fb87266f2befeae	MIT	pass: MIT at pinned publisher repository	pass: pinned publisher commit	not-run: key closed by found witness jentic/apis/openapi/cradl.ai/main/2026-01-28T09:00:46Z/meta/import/input-bundle.json	not-owed	census.jsonl.gz; publisher-grants.tsv; fern-screens.jsonl; zulip-fern.json
vendor-portals	github--rest-api-description/descriptions-next/ghec/dereferenced/ghec.2026-03-10.deref.json	https://raw.githubusercontent.com/github/rest-api-description/3cef12e8a02d612ad032473d4fb87266f2befeae/descriptions-next/ghec/dereferenced/ghec.2026-03-10.deref.json	a640003b4d06cfabc3efb1c913267f865b103b1a829720bfc70e58966d104388	anyof-array-variant-struct-item	3cef12e8a02d612ad032473d4fb87266f2befeae	MIT	pass: MIT at pinned publisher repository	pass: pinned publisher commit	not-run: key closed by found witness jentic/apis/openapi/cradl.ai/main/2026-01-28T09:00:46Z/meta/import/input-bundle.json	not-owed	census.jsonl.gz; publisher-grants.tsv; fern-screens.jsonl; zulip-fern.json
vendor-portals	github--rest-api-description/descriptions-next/ghec/dereferenced/ghec.2026-03-10.deref.yaml	https://raw.githubusercontent.com/github/rest-api-description/3cef12e8a02d612ad032473d4fb87266f2befeae/descriptions-next/ghec/dereferenced/ghec.2026-03-10.deref.yaml	8163909235a247272c982d0234318eddf50076243b4fd203b2de140bdaca31c6	anyof-array-variant-struct-item	3cef12e8a02d612ad032473d4fb87266f2befeae	MIT	pass: MIT at pinned publisher repository	pass: pinned publisher commit	not-run: key closed by found witness jentic/apis/openapi/cradl.ai/main/2026-01-28T09:00:46Z/meta/import/input-bundle.json	not-owed	census.jsonl.gz; publisher-grants.tsv; fern-screens.jsonl; zulip-fern.json
vendor-portals	github--rest-api-description/descriptions-next/ghec/dereferenced/ghec.deref.json	https://raw.githubusercontent.com/github/rest-api-description/3cef12e8a02d612ad032473d4fb87266f2befeae/descriptions-next/ghec/dereferenced/ghec.deref.json	5d71e5dd40f182995ff7a0596ddfd88417bc85851daf6c42279329d6e53f8744	anyof-array-variant-struct-item	3cef12e8a02d612ad032473d4fb87266f2befeae	MIT	pass: MIT at pinned publisher repository	pass: pinned publisher commit	not-run: key closed by found witness jentic/apis/openapi/cradl.ai/main/2026-01-28T09:00:46Z/meta/import/input-bundle.json	not-owed	census.jsonl.gz; publisher-grants.tsv; fern-screens.jsonl; zulip-fern.json
vendor-portals	github--rest-api-description/descriptions-next/ghec/dereferenced/ghec.deref.yaml	https://raw.githubusercontent.com/github/rest-api-description/3cef12e8a02d612ad032473d4fb87266f2befeae/descriptions-next/ghec/dereferenced/ghec.deref.yaml	cbbf247b775486692ea1b308625b548ca115e34a19a074bccd43a341c10a61ff	anyof-array-variant-struct-item	3cef12e8a02d612ad032473d4fb87266f2befeae	MIT	pass: MIT at pinned publisher repository	pass: pinned publisher commit	not-run: key closed by found witness jentic/apis/openapi/cradl.ai/main/2026-01-28T09:00:46Z/meta/import/input-bundle.json	not-owed	census.jsonl.gz; publisher-grants.tsv; fern-screens.jsonl; zulip-fern.json
vendor-portals	github--rest-api-description/descriptions-next/ghes-3.0/dereferenced/ghes-3.0.deref.json	https://raw.githubusercontent.com/github/rest-api-description/3cef12e8a02d612ad032473d4fb87266f2befeae/descriptions-next/ghes-3.0/dereferenced/ghes-3.0.deref.json	41e205b60876d7b3278434ffa6ead5c1aeda5ab9f143fca68bc878a1858d01c2	anyof-array-variant-struct-item	3cef12e8a02d612ad032473d4fb87266f2befeae	MIT	pass: MIT at pinned publisher repository	pass: pinned publisher commit	not-run: key closed by found witness jentic/apis/openapi/cradl.ai/main/2026-01-28T09:00:46Z/meta/import/input-bundle.json	not-owed	census.jsonl.gz; publisher-grants.tsv; fern-screens.jsonl; zulip-fern.json
vendor-portals	github--rest-api-description/descriptions-next/ghes-3.0/dereferenced/ghes-3.0.deref.yaml	https://raw.githubusercontent.com/github/rest-api-description/3cef12e8a02d612ad032473d4fb87266f2befeae/descriptions-next/ghes-3.0/dereferenced/ghes-3.0.deref.yaml	c49c5fd97ad05f80e5520f746b049ae7d8318e142b60ca0e252d102e88a3f11d	anyof-array-variant-struct-item	3cef12e8a02d612ad032473d4fb87266f2befeae	MIT	pass: MIT at pinned publisher repository	pass: pinned publisher commit	not-run: key closed by found witness jentic/apis/openapi/cradl.ai/main/2026-01-28T09:00:46Z/meta/import/input-bundle.json	not-owed	census.jsonl.gz; publisher-grants.tsv; fern-screens.jsonl; zulip-fern.json
vendor-portals	github--rest-api-description/descriptions-next/ghes-3.1/dereferenced/ghes-3.1.deref.json	https://raw.githubusercontent.com/github/rest-api-description/3cef12e8a02d612ad032473d4fb87266f2befeae/descriptions-next/ghes-3.1/dereferenced/ghes-3.1.deref.json	a8c1020bec587b9f3919f41fd3117594a09992e75128ffca0d9e0ea3b3c13cf9	anyof-array-variant-struct-item	3cef12e8a02d612ad032473d4fb87266f2befeae	MIT	pass: MIT at pinned publisher repository	pass: pinned publisher commit	not-run: key closed by found witness jentic/apis/openapi/cradl.ai/main/2026-01-28T09:00:46Z/meta/import/input-bundle.json	not-owed	census.jsonl.gz; publisher-grants.tsv; fern-screens.jsonl; zulip-fern.json
vendor-portals	github--rest-api-description/descriptions-next/ghes-3.1/dereferenced/ghes-3.1.deref.yaml	https://raw.githubusercontent.com/github/rest-api-description/3cef12e8a02d612ad032473d4fb87266f2befeae/descriptions-next/ghes-3.1/dereferenced/ghes-3.1.deref.yaml	a0f488aff92d4e8c7a371181cea56cd51a9ea24c93452a66b3eebeb021a7955f	anyof-array-variant-struct-item	3cef12e8a02d612ad032473d4fb87266f2befeae	MIT	pass: MIT at pinned publisher repository	pass: pinned publisher commit	not-run: key closed by found witness jentic/apis/openapi/cradl.ai/main/2026-01-28T09:00:46Z/meta/import/input-bundle.json	not-owed	census.jsonl.gz; publisher-grants.tsv; fern-screens.jsonl; zulip-fern.json
vendor-portals	github--rest-api-description/descriptions-next/ghes-3.10/dereferenced/ghes-3.10.2022-11-28.deref.json	https://raw.githubusercontent.com/github/rest-api-description/3cef12e8a02d612ad032473d4fb87266f2befeae/descriptions-next/ghes-3.10/dereferenced/ghes-3.10.2022-11-28.deref.json	c8982e33757a618f75ad861d928b2914f9609a1a5f974fc0c473ee44971b6ac3	anyof-array-variant-struct-item	3cef12e8a02d612ad032473d4fb87266f2befeae	MIT	pass: MIT at pinned publisher repository	pass: pinned publisher commit	not-run: key closed by found witness jentic/apis/openapi/cradl.ai/main/2026-01-28T09:00:46Z/meta/import/input-bundle.json	not-owed	census.jsonl.gz; publisher-grants.tsv; fern-screens.jsonl; zulip-fern.json
vendor-portals	github--rest-api-description/descriptions-next/ghes-3.10/dereferenced/ghes-3.10.2022-11-28.deref.yaml	https://raw.githubusercontent.com/github/rest-api-description/3cef12e8a02d612ad032473d4fb87266f2befeae/descriptions-next/ghes-3.10/dereferenced/ghes-3.10.2022-11-28.deref.yaml	8874f481aa0c08c40dc4c753a994cbc0401c2c6b808b2f6d20e8003ffa96b9bc	anyof-array-variant-struct-item	3cef12e8a02d612ad032473d4fb87266f2befeae	MIT	pass: MIT at pinned publisher repository	pass: pinned publisher commit	not-run: key closed by found witness jentic/apis/openapi/cradl.ai/main/2026-01-28T09:00:46Z/meta/import/input-bundle.json	not-owed	census.jsonl.gz; publisher-grants.tsv; fern-screens.jsonl; zulip-fern.json
vendor-portals	github--rest-api-description/descriptions-next/ghes-3.10/dereferenced/ghes-3.10.deref.json	https://raw.githubusercontent.com/github/rest-api-description/3cef12e8a02d612ad032473d4fb87266f2befeae/descriptions-next/ghes-3.10/dereferenced/ghes-3.10.deref.json	c8982e33757a618f75ad861d928b2914f9609a1a5f974fc0c473ee44971b6ac3	anyof-array-variant-struct-item	3cef12e8a02d612ad032473d4fb87266f2befeae	MIT	pass: MIT at pinned publisher repository	pass: pinned publisher commit	not-run: key closed by found witness jentic/apis/openapi/cradl.ai/main/2026-01-28T09:00:46Z/meta/import/input-bundle.json	not-owed	census.jsonl.gz; publisher-grants.tsv; fern-screens.jsonl; zulip-fern.json
vendor-portals	github--rest-api-description/descriptions-next/ghes-3.10/dereferenced/ghes-3.10.deref.yaml	https://raw.githubusercontent.com/github/rest-api-description/3cef12e8a02d612ad032473d4fb87266f2befeae/descriptions-next/ghes-3.10/dereferenced/ghes-3.10.deref.yaml	8874f481aa0c08c40dc4c753a994cbc0401c2c6b808b2f6d20e8003ffa96b9bc	anyof-array-variant-struct-item	3cef12e8a02d612ad032473d4fb87266f2befeae	MIT	pass: MIT at pinned publisher repository	pass: pinned publisher commit	not-run: key closed by found witness jentic/apis/openapi/cradl.ai/main/2026-01-28T09:00:46Z/meta/import/input-bundle.json	not-owed	census.jsonl.gz; publisher-grants.tsv; fern-screens.jsonl; zulip-fern.json
vendor-portals	github--rest-api-description/descriptions-next/ghes-3.11/dereferenced/ghes-3.11.2022-11-28.deref.json	https://raw.githubusercontent.com/github/rest-api-description/3cef12e8a02d612ad032473d4fb87266f2befeae/descriptions-next/ghes-3.11/dereferenced/ghes-3.11.2022-11-28.deref.json	504bce7e71ae4a2b18c879874eb01b115176b45d37aa2e2d9e51a9562a00e322	anyof-array-variant-struct-item	3cef12e8a02d612ad032473d4fb87266f2befeae	MIT	pass: MIT at pinned publisher repository	pass: pinned publisher commit	not-run: key closed by found witness jentic/apis/openapi/cradl.ai/main/2026-01-28T09:00:46Z/meta/import/input-bundle.json	not-owed	census.jsonl.gz; publisher-grants.tsv; fern-screens.jsonl; zulip-fern.json
vendor-portals	github--rest-api-description/descriptions-next/ghes-3.11/dereferenced/ghes-3.11.2022-11-28.deref.yaml	https://raw.githubusercontent.com/github/rest-api-description/3cef12e8a02d612ad032473d4fb87266f2befeae/descriptions-next/ghes-3.11/dereferenced/ghes-3.11.2022-11-28.deref.yaml	0dc6d01c376003bf94ab20d9be89cf9d15364e2454dd9b3c16add6ec92739683	anyof-array-variant-struct-item	3cef12e8a02d612ad032473d4fb87266f2befeae	MIT	pass: MIT at pinned publisher repository	pass: pinned publisher commit	not-run: key closed by found witness jentic/apis/openapi/cradl.ai/main/2026-01-28T09:00:46Z/meta/import/input-bundle.json	not-owed	census.jsonl.gz; publisher-grants.tsv; fern-screens.jsonl; zulip-fern.json
vendor-portals	github--rest-api-description/descriptions-next/ghes-3.11/dereferenced/ghes-3.11.deref.json	https://raw.githubusercontent.com/github/rest-api-description/3cef12e8a02d612ad032473d4fb87266f2befeae/descriptions-next/ghes-3.11/dereferenced/ghes-3.11.deref.json	504bce7e71ae4a2b18c879874eb01b115176b45d37aa2e2d9e51a9562a00e322	anyof-array-variant-struct-item	3cef12e8a02d612ad032473d4fb87266f2befeae	MIT	pass: MIT at pinned publisher repository	pass: pinned publisher commit	not-run: key closed by found witness jentic/apis/openapi/cradl.ai/main/2026-01-28T09:00:46Z/meta/import/input-bundle.json	not-owed	census.jsonl.gz; publisher-grants.tsv; fern-screens.jsonl; zulip-fern.json
vendor-portals	github--rest-api-description/descriptions-next/ghes-3.11/dereferenced/ghes-3.11.deref.yaml	https://raw.githubusercontent.com/github/rest-api-description/3cef12e8a02d612ad032473d4fb87266f2befeae/descriptions-next/ghes-3.11/dereferenced/ghes-3.11.deref.yaml	0dc6d01c376003bf94ab20d9be89cf9d15364e2454dd9b3c16add6ec92739683	anyof-array-variant-struct-item	3cef12e8a02d612ad032473d4fb87266f2befeae	MIT	pass: MIT at pinned publisher repository	pass: pinned publisher commit	not-run: key closed by found witness jentic/apis/openapi/cradl.ai/main/2026-01-28T09:00:46Z/meta/import/input-bundle.json	not-owed	census.jsonl.gz; publisher-grants.tsv; fern-screens.jsonl; zulip-fern.json
vendor-portals	github--rest-api-description/descriptions-next/ghes-3.12/dereferenced/ghes-3.12.2022-11-28.deref.json	https://raw.githubusercontent.com/github/rest-api-description/3cef12e8a02d612ad032473d4fb87266f2befeae/descriptions-next/ghes-3.12/dereferenced/ghes-3.12.2022-11-28.deref.json	b1d7c479610e1b7538001ecb5ff831e2a44b64a8c2c6413547772c70115f2c27	anyof-array-variant-struct-item	3cef12e8a02d612ad032473d4fb87266f2befeae	MIT	pass: MIT at pinned publisher repository	pass: pinned publisher commit	not-run: key closed by found witness jentic/apis/openapi/cradl.ai/main/2026-01-28T09:00:46Z/meta/import/input-bundle.json	not-owed	census.jsonl.gz; publisher-grants.tsv; fern-screens.jsonl; zulip-fern.json
vendor-portals	github--rest-api-description/descriptions-next/ghes-3.12/dereferenced/ghes-3.12.2022-11-28.deref.yaml	https://raw.githubusercontent.com/github/rest-api-description/3cef12e8a02d612ad032473d4fb87266f2befeae/descriptions-next/ghes-3.12/dereferenced/ghes-3.12.2022-11-28.deref.yaml	1c2ecfa01231e4c865647ad1e4072d2246d137e615ada83ed348e7cbd7c1637c	anyof-array-variant-struct-item	3cef12e8a02d612ad032473d4fb87266f2befeae	MIT	pass: MIT at pinned publisher repository	pass: pinned publisher commit	not-run: key closed by found witness jentic/apis/openapi/cradl.ai/main/2026-01-28T09:00:46Z/meta/import/input-bundle.json	not-owed	census.jsonl.gz; publisher-grants.tsv; fern-screens.jsonl; zulip-fern.json
vendor-portals	github--rest-api-description/descriptions-next/ghes-3.12/dereferenced/ghes-3.12.deref.json	https://raw.githubusercontent.com/github/rest-api-description/3cef12e8a02d612ad032473d4fb87266f2befeae/descriptions-next/ghes-3.12/dereferenced/ghes-3.12.deref.json	b1d7c479610e1b7538001ecb5ff831e2a44b64a8c2c6413547772c70115f2c27	anyof-array-variant-struct-item	3cef12e8a02d612ad032473d4fb87266f2befeae	MIT	pass: MIT at pinned publisher repository	pass: pinned publisher commit	not-run: key closed by found witness jentic/apis/openapi/cradl.ai/main/2026-01-28T09:00:46Z/meta/import/input-bundle.json	not-owed	census.jsonl.gz; publisher-grants.tsv; fern-screens.jsonl; zulip-fern.json
vendor-portals	github--rest-api-description/descriptions-next/ghes-3.12/dereferenced/ghes-3.12.deref.yaml	https://raw.githubusercontent.com/github/rest-api-description/3cef12e8a02d612ad032473d4fb87266f2befeae/descriptions-next/ghes-3.12/dereferenced/ghes-3.12.deref.yaml	1c2ecfa01231e4c865647ad1e4072d2246d137e615ada83ed348e7cbd7c1637c	anyof-array-variant-struct-item	3cef12e8a02d612ad032473d4fb87266f2befeae	MIT	pass: MIT at pinned publisher repository	pass: pinned publisher commit	not-run: key closed by found witness jentic/apis/openapi/cradl.ai/main/2026-01-28T09:00:46Z/meta/import/input-bundle.json	not-owed	census.jsonl.gz; publisher-grants.tsv; fern-screens.jsonl; zulip-fern.json
vendor-portals	github--rest-api-description/descriptions-next/ghes-3.13/dereferenced/ghes-3.13.2022-11-28.deref.json	https://raw.githubusercontent.com/github/rest-api-description/3cef12e8a02d612ad032473d4fb87266f2befeae/descriptions-next/ghes-3.13/dereferenced/ghes-3.13.2022-11-28.deref.json	6a699f8ef9d59a611879ee10a1103b7213976dd6962d01d021e00b745fd0eaa6	anyof-array-variant-struct-item	3cef12e8a02d612ad032473d4fb87266f2befeae	MIT	pass: MIT at pinned publisher repository	pass: pinned publisher commit	not-run: key closed by found witness jentic/apis/openapi/cradl.ai/main/2026-01-28T09:00:46Z/meta/import/input-bundle.json	not-owed	census.jsonl.gz; publisher-grants.tsv; fern-screens.jsonl; zulip-fern.json
vendor-portals	github--rest-api-description/descriptions-next/ghes-3.13/dereferenced/ghes-3.13.2022-11-28.deref.yaml	https://raw.githubusercontent.com/github/rest-api-description/3cef12e8a02d612ad032473d4fb87266f2befeae/descriptions-next/ghes-3.13/dereferenced/ghes-3.13.2022-11-28.deref.yaml	2808fa13423d0ff364b82c9eeaa8d534b98495c32893dc0e2d3e2987ceaf4daf	anyof-array-variant-struct-item	3cef12e8a02d612ad032473d4fb87266f2befeae	MIT	pass: MIT at pinned publisher repository	pass: pinned publisher commit	not-run: key closed by found witness jentic/apis/openapi/cradl.ai/main/2026-01-28T09:00:46Z/meta/import/input-bundle.json	not-owed	census.jsonl.gz; publisher-grants.tsv; fern-screens.jsonl; zulip-fern.json
vendor-portals	github--rest-api-description/descriptions-next/ghes-3.13/dereferenced/ghes-3.13.deref.json	https://raw.githubusercontent.com/github/rest-api-description/3cef12e8a02d612ad032473d4fb87266f2befeae/descriptions-next/ghes-3.13/dereferenced/ghes-3.13.deref.json	6a699f8ef9d59a611879ee10a1103b7213976dd6962d01d021e00b745fd0eaa6	anyof-array-variant-struct-item	3cef12e8a02d612ad032473d4fb87266f2befeae	MIT	pass: MIT at pinned publisher repository	pass: pinned publisher commit	not-run: key closed by found witness jentic/apis/openapi/cradl.ai/main/2026-01-28T09:00:46Z/meta/import/input-bundle.json	not-owed	census.jsonl.gz; publisher-grants.tsv; fern-screens.jsonl; zulip-fern.json
vendor-portals	github--rest-api-description/descriptions-next/ghes-3.13/dereferenced/ghes-3.13.deref.yaml	https://raw.githubusercontent.com/github/rest-api-description/3cef12e8a02d612ad032473d4fb87266f2befeae/descriptions-next/ghes-3.13/dereferenced/ghes-3.13.deref.yaml	2808fa13423d0ff364b82c9eeaa8d534b98495c32893dc0e2d3e2987ceaf4daf	anyof-array-variant-struct-item	3cef12e8a02d612ad032473d4fb87266f2befeae	MIT	pass: MIT at pinned publisher repository	pass: pinned publisher commit	not-run: key closed by found witness jentic/apis/openapi/cradl.ai/main/2026-01-28T09:00:46Z/meta/import/input-bundle.json	not-owed	census.jsonl.gz; publisher-grants.tsv; fern-screens.jsonl; zulip-fern.json
vendor-portals	github--rest-api-description/descriptions-next/ghes-3.14/dereferenced/ghes-3.14.2022-11-28.deref.json	https://raw.githubusercontent.com/github/rest-api-description/3cef12e8a02d612ad032473d4fb87266f2befeae/descriptions-next/ghes-3.14/dereferenced/ghes-3.14.2022-11-28.deref.json	6b5709226caa28d3f5414636d29f821e71a7ac546862dae6455d533d4d4a0770	anyof-array-variant-struct-item	3cef12e8a02d612ad032473d4fb87266f2befeae	MIT	pass: MIT at pinned publisher repository	pass: pinned publisher commit	not-run: key closed by found witness jentic/apis/openapi/cradl.ai/main/2026-01-28T09:00:46Z/meta/import/input-bundle.json	not-owed	census.jsonl.gz; publisher-grants.tsv; fern-screens.jsonl; zulip-fern.json
vendor-portals	github--rest-api-description/descriptions-next/ghes-3.14/dereferenced/ghes-3.14.2022-11-28.deref.yaml	https://raw.githubusercontent.com/github/rest-api-description/3cef12e8a02d612ad032473d4fb87266f2befeae/descriptions-next/ghes-3.14/dereferenced/ghes-3.14.2022-11-28.deref.yaml	ef508b073490db9a6380bfda1247318e9b200fc2c412b971a4110c8d4ce650ee	anyof-array-variant-struct-item	3cef12e8a02d612ad032473d4fb87266f2befeae	MIT	pass: MIT at pinned publisher repository	pass: pinned publisher commit	not-run: key closed by found witness jentic/apis/openapi/cradl.ai/main/2026-01-28T09:00:46Z/meta/import/input-bundle.json	not-owed	census.jsonl.gz; publisher-grants.tsv; fern-screens.jsonl; zulip-fern.json
vendor-portals	github--rest-api-description/descriptions-next/ghes-3.14/dereferenced/ghes-3.14.deref.json	https://raw.githubusercontent.com/github/rest-api-description/3cef12e8a02d612ad032473d4fb87266f2befeae/descriptions-next/ghes-3.14/dereferenced/ghes-3.14.deref.json	6b5709226caa28d3f5414636d29f821e71a7ac546862dae6455d533d4d4a0770	anyof-array-variant-struct-item	3cef12e8a02d612ad032473d4fb87266f2befeae	MIT	pass: MIT at pinned publisher repository	pass: pinned publisher commit	not-run: key closed by found witness jentic/apis/openapi/cradl.ai/main/2026-01-28T09:00:46Z/meta/import/input-bundle.json	not-owed	census.jsonl.gz; publisher-grants.tsv; fern-screens.jsonl; zulip-fern.json
vendor-portals	github--rest-api-description/descriptions-next/ghes-3.14/dereferenced/ghes-3.14.deref.yaml	https://raw.githubusercontent.com/github/rest-api-description/3cef12e8a02d612ad032473d4fb87266f2befeae/descriptions-next/ghes-3.14/dereferenced/ghes-3.14.deref.yaml	ef508b073490db9a6380bfda1247318e9b200fc2c412b971a4110c8d4ce650ee	anyof-array-variant-struct-item	3cef12e8a02d612ad032473d4fb87266f2befeae	MIT	pass: MIT at pinned publisher repository	pass: pinned publisher commit	not-run: key closed by found witness jentic/apis/openapi/cradl.ai/main/2026-01-28T09:00:46Z/meta/import/input-bundle.json	not-owed	census.jsonl.gz; publisher-grants.tsv; fern-screens.jsonl; zulip-fern.json
vendor-portals	github--rest-api-description/descriptions-next/ghes-3.15/dereferenced/ghes-3.15.2022-11-28.deref.json	https://raw.githubusercontent.com/github/rest-api-description/3cef12e8a02d612ad032473d4fb87266f2befeae/descriptions-next/ghes-3.15/dereferenced/ghes-3.15.2022-11-28.deref.json	a854cec766d89510906800e91212a9d8d3e207d6a8ed7a475c37ef6aab9c63eb	anyof-array-variant-struct-item	3cef12e8a02d612ad032473d4fb87266f2befeae	MIT	pass: MIT at pinned publisher repository	pass: pinned publisher commit	not-run: key closed by found witness jentic/apis/openapi/cradl.ai/main/2026-01-28T09:00:46Z/meta/import/input-bundle.json	not-owed	census.jsonl.gz; publisher-grants.tsv; fern-screens.jsonl; zulip-fern.json
vendor-portals	github--rest-api-description/descriptions-next/ghes-3.15/dereferenced/ghes-3.15.2022-11-28.deref.yaml	https://raw.githubusercontent.com/github/rest-api-description/3cef12e8a02d612ad032473d4fb87266f2befeae/descriptions-next/ghes-3.15/dereferenced/ghes-3.15.2022-11-28.deref.yaml	e2b66f951663e9bc3f2cafbae148872507e56f395cff8f6b314be9812dec07de	anyof-array-variant-struct-item	3cef12e8a02d612ad032473d4fb87266f2befeae	MIT	pass: MIT at pinned publisher repository	pass: pinned publisher commit	not-run: key closed by found witness jentic/apis/openapi/cradl.ai/main/2026-01-28T09:00:46Z/meta/import/input-bundle.json	not-owed	census.jsonl.gz; publisher-grants.tsv; fern-screens.jsonl; zulip-fern.json
vendor-portals	github--rest-api-description/descriptions-next/ghes-3.15/dereferenced/ghes-3.15.deref.json	https://raw.githubusercontent.com/github/rest-api-description/3cef12e8a02d612ad032473d4fb87266f2befeae/descriptions-next/ghes-3.15/dereferenced/ghes-3.15.deref.json	a854cec766d89510906800e91212a9d8d3e207d6a8ed7a475c37ef6aab9c63eb	anyof-array-variant-struct-item	3cef12e8a02d612ad032473d4fb87266f2befeae	MIT	pass: MIT at pinned publisher repository	pass: pinned publisher commit	not-run: key closed by found witness jentic/apis/openapi/cradl.ai/main/2026-01-28T09:00:46Z/meta/import/input-bundle.json	not-owed	census.jsonl.gz; publisher-grants.tsv; fern-screens.jsonl; zulip-fern.json
vendor-portals	github--rest-api-description/descriptions-next/ghes-3.15/dereferenced/ghes-3.15.deref.yaml	https://raw.githubusercontent.com/github/rest-api-description/3cef12e8a02d612ad032473d4fb87266f2befeae/descriptions-next/ghes-3.15/dereferenced/ghes-3.15.deref.yaml	e2b66f951663e9bc3f2cafbae148872507e56f395cff8f6b314be9812dec07de	anyof-array-variant-struct-item	3cef12e8a02d612ad032473d4fb87266f2befeae	MIT	pass: MIT at pinned publisher repository	pass: pinned publisher commit	not-run: key closed by found witness jentic/apis/openapi/cradl.ai/main/2026-01-28T09:00:46Z/meta/import/input-bundle.json	not-owed	census.jsonl.gz; publisher-grants.tsv; fern-screens.jsonl; zulip-fern.json
vendor-portals	github--rest-api-description/descriptions-next/ghes-3.16/dereferenced/ghes-3.16.2022-11-28.deref.json	https://raw.githubusercontent.com/github/rest-api-description/3cef12e8a02d612ad032473d4fb87266f2befeae/descriptions-next/ghes-3.16/dereferenced/ghes-3.16.2022-11-28.deref.json	c9e94f7a8b9d1d5ed712712c04692a579d4a096b479919dcab8a8debf9d80984	anyof-array-variant-struct-item	3cef12e8a02d612ad032473d4fb87266f2befeae	MIT	pass: MIT at pinned publisher repository	pass: pinned publisher commit	not-run: key closed by found witness jentic/apis/openapi/cradl.ai/main/2026-01-28T09:00:46Z/meta/import/input-bundle.json	not-owed	census.jsonl.gz; publisher-grants.tsv; fern-screens.jsonl; zulip-fern.json
vendor-portals	github--rest-api-description/descriptions-next/ghes-3.16/dereferenced/ghes-3.16.2022-11-28.deref.yaml	https://raw.githubusercontent.com/github/rest-api-description/3cef12e8a02d612ad032473d4fb87266f2befeae/descriptions-next/ghes-3.16/dereferenced/ghes-3.16.2022-11-28.deref.yaml	068ff58bd948e908282523ec828397548d222253566efd35760f6079566e5062	anyof-array-variant-struct-item	3cef12e8a02d612ad032473d4fb87266f2befeae	MIT	pass: MIT at pinned publisher repository	pass: pinned publisher commit	not-run: key closed by found witness jentic/apis/openapi/cradl.ai/main/2026-01-28T09:00:46Z/meta/import/input-bundle.json	not-owed	census.jsonl.gz; publisher-grants.tsv; fern-screens.jsonl; zulip-fern.json
vendor-portals	github--rest-api-description/descriptions-next/ghes-3.16/dereferenced/ghes-3.16.deref.json	https://raw.githubusercontent.com/github/rest-api-description/3cef12e8a02d612ad032473d4fb87266f2befeae/descriptions-next/ghes-3.16/dereferenced/ghes-3.16.deref.json	c9e94f7a8b9d1d5ed712712c04692a579d4a096b479919dcab8a8debf9d80984	anyof-array-variant-struct-item	3cef12e8a02d612ad032473d4fb87266f2befeae	MIT	pass: MIT at pinned publisher repository	pass: pinned publisher commit	not-run: key closed by found witness jentic/apis/openapi/cradl.ai/main/2026-01-28T09:00:46Z/meta/import/input-bundle.json	not-owed	census.jsonl.gz; publisher-grants.tsv; fern-screens.jsonl; zulip-fern.json
vendor-portals	github--rest-api-description/descriptions-next/ghes-3.16/dereferenced/ghes-3.16.deref.yaml	https://raw.githubusercontent.com/github/rest-api-description/3cef12e8a02d612ad032473d4fb87266f2befeae/descriptions-next/ghes-3.16/dereferenced/ghes-3.16.deref.yaml	068ff58bd948e908282523ec828397548d222253566efd35760f6079566e5062	anyof-array-variant-struct-item	3cef12e8a02d612ad032473d4fb87266f2befeae	MIT	pass: MIT at pinned publisher repository	pass: pinned publisher commit	not-run: key closed by found witness jentic/apis/openapi/cradl.ai/main/2026-01-28T09:00:46Z/meta/import/input-bundle.json	not-owed	census.jsonl.gz; publisher-grants.tsv; fern-screens.jsonl; zulip-fern.json
vendor-portals	github--rest-api-description/descriptions-next/ghes-3.17/dereferenced/ghes-3.17.2022-11-28.deref.json	https://raw.githubusercontent.com/github/rest-api-description/3cef12e8a02d612ad032473d4fb87266f2befeae/descriptions-next/ghes-3.17/dereferenced/ghes-3.17.2022-11-28.deref.json	791b5ca5db82bbdc751dfe9015f67db37d1f330e45eb678dedf28b73714b4f50	anyof-array-variant-struct-item	3cef12e8a02d612ad032473d4fb87266f2befeae	MIT	pass: MIT at pinned publisher repository	pass: pinned publisher commit	not-run: key closed by found witness jentic/apis/openapi/cradl.ai/main/2026-01-28T09:00:46Z/meta/import/input-bundle.json	not-owed	census.jsonl.gz; publisher-grants.tsv; fern-screens.jsonl; zulip-fern.json
vendor-portals	github--rest-api-description/descriptions-next/ghes-3.17/dereferenced/ghes-3.17.2022-11-28.deref.yaml	https://raw.githubusercontent.com/github/rest-api-description/3cef12e8a02d612ad032473d4fb87266f2befeae/descriptions-next/ghes-3.17/dereferenced/ghes-3.17.2022-11-28.deref.yaml	ca61a05ca8ab54d41f177bf6a9a10dc30eb6ee8a54a96b00df4f9b77c5d070dc	anyof-array-variant-struct-item	3cef12e8a02d612ad032473d4fb87266f2befeae	MIT	pass: MIT at pinned publisher repository	pass: pinned publisher commit	not-run: key closed by found witness jentic/apis/openapi/cradl.ai/main/2026-01-28T09:00:46Z/meta/import/input-bundle.json	not-owed	census.jsonl.gz; publisher-grants.tsv; fern-screens.jsonl; zulip-fern.json
vendor-portals	github--rest-api-description/descriptions-next/ghes-3.17/dereferenced/ghes-3.17.deref.json	https://raw.githubusercontent.com/github/rest-api-description/3cef12e8a02d612ad032473d4fb87266f2befeae/descriptions-next/ghes-3.17/dereferenced/ghes-3.17.deref.json	791b5ca5db82bbdc751dfe9015f67db37d1f330e45eb678dedf28b73714b4f50	anyof-array-variant-struct-item	3cef12e8a02d612ad032473d4fb87266f2befeae	MIT	pass: MIT at pinned publisher repository	pass: pinned publisher commit	not-run: key closed by found witness jentic/apis/openapi/cradl.ai/main/2026-01-28T09:00:46Z/meta/import/input-bundle.json	not-owed	census.jsonl.gz; publisher-grants.tsv; fern-screens.jsonl; zulip-fern.json
vendor-portals	github--rest-api-description/descriptions-next/ghes-3.17/dereferenced/ghes-3.17.deref.yaml	https://raw.githubusercontent.com/github/rest-api-description/3cef12e8a02d612ad032473d4fb87266f2befeae/descriptions-next/ghes-3.17/dereferenced/ghes-3.17.deref.yaml	ca61a05ca8ab54d41f177bf6a9a10dc30eb6ee8a54a96b00df4f9b77c5d070dc	anyof-array-variant-struct-item	3cef12e8a02d612ad032473d4fb87266f2befeae	MIT	pass: MIT at pinned publisher repository	pass: pinned publisher commit	not-run: key closed by found witness jentic/apis/openapi/cradl.ai/main/2026-01-28T09:00:46Z/meta/import/input-bundle.json	not-owed	census.jsonl.gz; publisher-grants.tsv; fern-screens.jsonl; zulip-fern.json
vendor-portals	github--rest-api-description/descriptions-next/ghes-3.18/dereferenced/ghes-3.18.2022-11-28.deref.json	https://raw.githubusercontent.com/github/rest-api-description/3cef12e8a02d612ad032473d4fb87266f2befeae/descriptions-next/ghes-3.18/dereferenced/ghes-3.18.2022-11-28.deref.json	99a6a285db5a8aaa0e776d439cc0210ec44e5a12f3eac1b0d60cad7fc845b52c	anyof-array-variant-struct-item	3cef12e8a02d612ad032473d4fb87266f2befeae	MIT	pass: MIT at pinned publisher repository	pass: pinned publisher commit	not-run: key closed by found witness jentic/apis/openapi/cradl.ai/main/2026-01-28T09:00:46Z/meta/import/input-bundle.json	not-owed	census.jsonl.gz; publisher-grants.tsv; fern-screens.jsonl; zulip-fern.json
vendor-portals	github--rest-api-description/descriptions-next/ghes-3.18/dereferenced/ghes-3.18.2022-11-28.deref.yaml	https://raw.githubusercontent.com/github/rest-api-description/3cef12e8a02d612ad032473d4fb87266f2befeae/descriptions-next/ghes-3.18/dereferenced/ghes-3.18.2022-11-28.deref.yaml	90f7cda558d2d16ea7cf756220f513e01f1ad6761a9d2f1d35aaefeef8e9f626	anyof-array-variant-struct-item	3cef12e8a02d612ad032473d4fb87266f2befeae	MIT	pass: MIT at pinned publisher repository	pass: pinned publisher commit	not-run: key closed by found witness jentic/apis/openapi/cradl.ai/main/2026-01-28T09:00:46Z/meta/import/input-bundle.json	not-owed	census.jsonl.gz; publisher-grants.tsv; fern-screens.jsonl; zulip-fern.json
vendor-portals	github--rest-api-description/descriptions-next/ghes-3.18/dereferenced/ghes-3.18.deref.json	https://raw.githubusercontent.com/github/rest-api-description/3cef12e8a02d612ad032473d4fb87266f2befeae/descriptions-next/ghes-3.18/dereferenced/ghes-3.18.deref.json	99a6a285db5a8aaa0e776d439cc0210ec44e5a12f3eac1b0d60cad7fc845b52c	anyof-array-variant-struct-item	3cef12e8a02d612ad032473d4fb87266f2befeae	MIT	pass: MIT at pinned publisher repository	pass: pinned publisher commit	not-run: key closed by found witness jentic/apis/openapi/cradl.ai/main/2026-01-28T09:00:46Z/meta/import/input-bundle.json	not-owed	census.jsonl.gz; publisher-grants.tsv; fern-screens.jsonl; zulip-fern.json
vendor-portals	github--rest-api-description/descriptions-next/ghes-3.18/dereferenced/ghes-3.18.deref.yaml	https://raw.githubusercontent.com/github/rest-api-description/3cef12e8a02d612ad032473d4fb87266f2befeae/descriptions-next/ghes-3.18/dereferenced/ghes-3.18.deref.yaml	90f7cda558d2d16ea7cf756220f513e01f1ad6761a9d2f1d35aaefeef8e9f626	anyof-array-variant-struct-item	3cef12e8a02d612ad032473d4fb87266f2befeae	MIT	pass: MIT at pinned publisher repository	pass: pinned publisher commit	not-run: key closed by found witness jentic/apis/openapi/cradl.ai/main/2026-01-28T09:00:46Z/meta/import/input-bundle.json	not-owed	census.jsonl.gz; publisher-grants.tsv; fern-screens.jsonl; zulip-fern.json
vendor-portals	github--rest-api-description/descriptions-next/ghes-3.19/dereferenced/ghes-3.19.2022-11-28.deref.json	https://raw.githubusercontent.com/github/rest-api-description/3cef12e8a02d612ad032473d4fb87266f2befeae/descriptions-next/ghes-3.19/dereferenced/ghes-3.19.2022-11-28.deref.json	3def06be33a53e25106218d9a184ffa6a4cda95e351f53771cc710d1530f51bc	anyof-array-variant-struct-item	3cef12e8a02d612ad032473d4fb87266f2befeae	MIT	pass: MIT at pinned publisher repository	pass: pinned publisher commit	not-run: key closed by found witness jentic/apis/openapi/cradl.ai/main/2026-01-28T09:00:46Z/meta/import/input-bundle.json	not-owed	census.jsonl.gz; publisher-grants.tsv; fern-screens.jsonl; zulip-fern.json
vendor-portals	github--rest-api-description/descriptions-next/ghes-3.19/dereferenced/ghes-3.19.2022-11-28.deref.yaml	https://raw.githubusercontent.com/github/rest-api-description/3cef12e8a02d612ad032473d4fb87266f2befeae/descriptions-next/ghes-3.19/dereferenced/ghes-3.19.2022-11-28.deref.yaml	bfe3de86aece058c7ee9b16beecd0dbd09e24bc7bdef4cf8d0c0cb715aa538a1	anyof-array-variant-struct-item	3cef12e8a02d612ad032473d4fb87266f2befeae	MIT	pass: MIT at pinned publisher repository	pass: pinned publisher commit	not-run: key closed by found witness jentic/apis/openapi/cradl.ai/main/2026-01-28T09:00:46Z/meta/import/input-bundle.json	not-owed	census.jsonl.gz; publisher-grants.tsv; fern-screens.jsonl; zulip-fern.json
vendor-portals	github--rest-api-description/descriptions-next/ghes-3.19/dereferenced/ghes-3.19.deref.json	https://raw.githubusercontent.com/github/rest-api-description/3cef12e8a02d612ad032473d4fb87266f2befeae/descriptions-next/ghes-3.19/dereferenced/ghes-3.19.deref.json	3def06be33a53e25106218d9a184ffa6a4cda95e351f53771cc710d1530f51bc	anyof-array-variant-struct-item	3cef12e8a02d612ad032473d4fb87266f2befeae	MIT	pass: MIT at pinned publisher repository	pass: pinned publisher commit	not-run: key closed by found witness jentic/apis/openapi/cradl.ai/main/2026-01-28T09:00:46Z/meta/import/input-bundle.json	not-owed	census.jsonl.gz; publisher-grants.tsv; fern-screens.jsonl; zulip-fern.json
vendor-portals	github--rest-api-description/descriptions-next/ghes-3.19/dereferenced/ghes-3.19.deref.yaml	https://raw.githubusercontent.com/github/rest-api-description/3cef12e8a02d612ad032473d4fb87266f2befeae/descriptions-next/ghes-3.19/dereferenced/ghes-3.19.deref.yaml	bfe3de86aece058c7ee9b16beecd0dbd09e24bc7bdef4cf8d0c0cb715aa538a1	anyof-array-variant-struct-item	3cef12e8a02d612ad032473d4fb87266f2befeae	MIT	pass: MIT at pinned publisher repository	pass: pinned publisher commit	not-run: key closed by found witness jentic/apis/openapi/cradl.ai/main/2026-01-28T09:00:46Z/meta/import/input-bundle.json	not-owed	census.jsonl.gz; publisher-grants.tsv; fern-screens.jsonl; zulip-fern.json
vendor-portals	github--rest-api-description/descriptions-next/ghes-3.2/dereferenced/ghes-3.2.deref.json	https://raw.githubusercontent.com/github/rest-api-description/3cef12e8a02d612ad032473d4fb87266f2befeae/descriptions-next/ghes-3.2/dereferenced/ghes-3.2.deref.json	33d4b4fbae900706da607d727bb961297e4289ca520f15faae20c40ce73baeaf	anyof-array-variant-struct-item	3cef12e8a02d612ad032473d4fb87266f2befeae	MIT	pass: MIT at pinned publisher repository	pass: pinned publisher commit	not-run: key closed by found witness jentic/apis/openapi/cradl.ai/main/2026-01-28T09:00:46Z/meta/import/input-bundle.json	not-owed	census.jsonl.gz; publisher-grants.tsv; fern-screens.jsonl; zulip-fern.json
vendor-portals	github--rest-api-description/descriptions-next/ghes-3.2/dereferenced/ghes-3.2.deref.yaml	https://raw.githubusercontent.com/github/rest-api-description/3cef12e8a02d612ad032473d4fb87266f2befeae/descriptions-next/ghes-3.2/dereferenced/ghes-3.2.deref.yaml	6b2a3fc91dbe3a615b738c8c67e6ec11980de3549d9ffabcc22d811b40c8edc1	anyof-array-variant-struct-item	3cef12e8a02d612ad032473d4fb87266f2befeae	MIT	pass: MIT at pinned publisher repository	pass: pinned publisher commit	not-run: key closed by found witness jentic/apis/openapi/cradl.ai/main/2026-01-28T09:00:46Z/meta/import/input-bundle.json	not-owed	census.jsonl.gz; publisher-grants.tsv; fern-screens.jsonl; zulip-fern.json
vendor-portals	github--rest-api-description/descriptions-next/ghes-3.20/dereferenced/ghes-3.20.2022-11-28.deref.json	https://raw.githubusercontent.com/github/rest-api-description/3cef12e8a02d612ad032473d4fb87266f2befeae/descriptions-next/ghes-3.20/dereferenced/ghes-3.20.2022-11-28.deref.json	c70c27ba23b2528d4c54c103d613ef1be5ed86113dff27206ed63d11e3f3220b	anyof-array-variant-struct-item	3cef12e8a02d612ad032473d4fb87266f2befeae	MIT	pass: MIT at pinned publisher repository	pass: pinned publisher commit	not-run: key closed by found witness jentic/apis/openapi/cradl.ai/main/2026-01-28T09:00:46Z/meta/import/input-bundle.json	not-owed	census.jsonl.gz; publisher-grants.tsv; fern-screens.jsonl; zulip-fern.json
vendor-portals	github--rest-api-description/descriptions-next/ghes-3.20/dereferenced/ghes-3.20.2022-11-28.deref.yaml	https://raw.githubusercontent.com/github/rest-api-description/3cef12e8a02d612ad032473d4fb87266f2befeae/descriptions-next/ghes-3.20/dereferenced/ghes-3.20.2022-11-28.deref.yaml	3d9ee1173fc844a8195aa3a90feb5d24a5717546bcbb0fcac8baa21dc9635387	anyof-array-variant-struct-item	3cef12e8a02d612ad032473d4fb87266f2befeae	MIT	pass: MIT at pinned publisher repository	pass: pinned publisher commit	not-run: key closed by found witness jentic/apis/openapi/cradl.ai/main/2026-01-28T09:00:46Z/meta/import/input-bundle.json	not-owed	census.jsonl.gz; publisher-grants.tsv; fern-screens.jsonl; zulip-fern.json
vendor-portals	github--rest-api-description/descriptions-next/ghes-3.20/dereferenced/ghes-3.20.deref.json	https://raw.githubusercontent.com/github/rest-api-description/3cef12e8a02d612ad032473d4fb87266f2befeae/descriptions-next/ghes-3.20/dereferenced/ghes-3.20.deref.json	c70c27ba23b2528d4c54c103d613ef1be5ed86113dff27206ed63d11e3f3220b	anyof-array-variant-struct-item	3cef12e8a02d612ad032473d4fb87266f2befeae	MIT	pass: MIT at pinned publisher repository	pass: pinned publisher commit	not-run: key closed by found witness jentic/apis/openapi/cradl.ai/main/2026-01-28T09:00:46Z/meta/import/input-bundle.json	not-owed	census.jsonl.gz; publisher-grants.tsv; fern-screens.jsonl; zulip-fern.json
vendor-portals	github--rest-api-description/descriptions-next/ghes-3.20/dereferenced/ghes-3.20.deref.yaml	https://raw.githubusercontent.com/github/rest-api-description/3cef12e8a02d612ad032473d4fb87266f2befeae/descriptions-next/ghes-3.20/dereferenced/ghes-3.20.deref.yaml	3d9ee1173fc844a8195aa3a90feb5d24a5717546bcbb0fcac8baa21dc9635387	anyof-array-variant-struct-item	3cef12e8a02d612ad032473d4fb87266f2befeae	MIT	pass: MIT at pinned publisher repository	pass: pinned publisher commit	not-run: key closed by found witness jentic/apis/openapi/cradl.ai/main/2026-01-28T09:00:46Z/meta/import/input-bundle.json	not-owed	census.jsonl.gz; publisher-grants.tsv; fern-screens.jsonl; zulip-fern.json
vendor-portals	github--rest-api-description/descriptions-next/ghes-3.21/dereferenced/ghes-3.21.2022-11-28.deref.json	https://raw.githubusercontent.com/github/rest-api-description/3cef12e8a02d612ad032473d4fb87266f2befeae/descriptions-next/ghes-3.21/dereferenced/ghes-3.21.2022-11-28.deref.json	c7451e395c7ebe19ba811a5a335e1fb1248dd13bac05b1f8dce296535bfa68e0	anyof-array-variant-struct-item	3cef12e8a02d612ad032473d4fb87266f2befeae	MIT	pass: MIT at pinned publisher repository	pass: pinned publisher commit	not-run: key closed by found witness jentic/apis/openapi/cradl.ai/main/2026-01-28T09:00:46Z/meta/import/input-bundle.json	not-owed	census.jsonl.gz; publisher-grants.tsv; fern-screens.jsonl; zulip-fern.json
vendor-portals	github--rest-api-description/descriptions-next/ghes-3.21/dereferenced/ghes-3.21.2022-11-28.deref.yaml	https://raw.githubusercontent.com/github/rest-api-description/3cef12e8a02d612ad032473d4fb87266f2befeae/descriptions-next/ghes-3.21/dereferenced/ghes-3.21.2022-11-28.deref.yaml	9fdfee3b75c6ae738ae20db842b2d8021fe2c601397c094e2478e00806a215f8	anyof-array-variant-struct-item	3cef12e8a02d612ad032473d4fb87266f2befeae	MIT	pass: MIT at pinned publisher repository	pass: pinned publisher commit	not-run: key closed by found witness jentic/apis/openapi/cradl.ai/main/2026-01-28T09:00:46Z/meta/import/input-bundle.json	not-owed	census.jsonl.gz; publisher-grants.tsv; fern-screens.jsonl; zulip-fern.json
vendor-portals	github--rest-api-description/descriptions-next/ghes-3.21/dereferenced/ghes-3.21.2026-03-10.deref.json	https://raw.githubusercontent.com/github/rest-api-description/3cef12e8a02d612ad032473d4fb87266f2befeae/descriptions-next/ghes-3.21/dereferenced/ghes-3.21.2026-03-10.deref.json	1708b076bc0e0791212c6018f996be0d2ec8784df65bafa8176f8094d9a05587	anyof-array-variant-struct-item	3cef12e8a02d612ad032473d4fb87266f2befeae	MIT	pass: MIT at pinned publisher repository	pass: pinned publisher commit	not-run: key closed by found witness jentic/apis/openapi/cradl.ai/main/2026-01-28T09:00:46Z/meta/import/input-bundle.json	not-owed	census.jsonl.gz; publisher-grants.tsv; fern-screens.jsonl; zulip-fern.json
vendor-portals	github--rest-api-description/descriptions-next/ghes-3.21/dereferenced/ghes-3.21.2026-03-10.deref.yaml	https://raw.githubusercontent.com/github/rest-api-description/3cef12e8a02d612ad032473d4fb87266f2befeae/descriptions-next/ghes-3.21/dereferenced/ghes-3.21.2026-03-10.deref.yaml	909129d75107d444136433204897a73c60b5a4e44a091cefefeca1ce8fa83d73	anyof-array-variant-struct-item	3cef12e8a02d612ad032473d4fb87266f2befeae	MIT	pass: MIT at pinned publisher repository	pass: pinned publisher commit	not-run: key closed by found witness jentic/apis/openapi/cradl.ai/main/2026-01-28T09:00:46Z/meta/import/input-bundle.json	not-owed	census.jsonl.gz; publisher-grants.tsv; fern-screens.jsonl; zulip-fern.json
vendor-portals	github--rest-api-description/descriptions-next/ghes-3.21/dereferenced/ghes-3.21.deref.json	https://raw.githubusercontent.com/github/rest-api-description/3cef12e8a02d612ad032473d4fb87266f2befeae/descriptions-next/ghes-3.21/dereferenced/ghes-3.21.deref.json	99493868bd2e085d927e01864a6be4884f189aac20da8676fbc79a62b3f4e6f4	anyof-array-variant-struct-item	3cef12e8a02d612ad032473d4fb87266f2befeae	MIT	pass: MIT at pinned publisher repository	pass: pinned publisher commit	not-run: key closed by found witness jentic/apis/openapi/cradl.ai/main/2026-01-28T09:00:46Z/meta/import/input-bundle.json	not-owed	census.jsonl.gz; publisher-grants.tsv; fern-screens.jsonl; zulip-fern.json
vendor-portals	github--rest-api-description/descriptions-next/ghes-3.21/dereferenced/ghes-3.21.deref.yaml	https://raw.githubusercontent.com/github/rest-api-description/3cef12e8a02d612ad032473d4fb87266f2befeae/descriptions-next/ghes-3.21/dereferenced/ghes-3.21.deref.yaml	66f369f9a1c9841fe25f70facb8152e133a25828dce68c57b069517dfe068534	anyof-array-variant-struct-item	3cef12e8a02d612ad032473d4fb87266f2befeae	MIT	pass: MIT at pinned publisher repository	pass: pinned publisher commit	not-run: key closed by found witness jentic/apis/openapi/cradl.ai/main/2026-01-28T09:00:46Z/meta/import/input-bundle.json	not-owed	census.jsonl.gz; publisher-grants.tsv; fern-screens.jsonl; zulip-fern.json
vendor-portals	github--rest-api-description/descriptions-next/ghes-3.22/dereferenced/ghes-3.22.2022-11-28.deref.json	https://raw.githubusercontent.com/github/rest-api-description/3cef12e8a02d612ad032473d4fb87266f2befeae/descriptions-next/ghes-3.22/dereferenced/ghes-3.22.2022-11-28.deref.json	99e02522401c41b3c09db5d28c3c87b2092889d98d511809a46b22f854b31356	anyof-array-variant-struct-item	3cef12e8a02d612ad032473d4fb87266f2befeae	MIT	pass: MIT at pinned publisher repository	pass: pinned publisher commit	not-run: key closed by found witness jentic/apis/openapi/cradl.ai/main/2026-01-28T09:00:46Z/meta/import/input-bundle.json	not-owed	census.jsonl.gz; publisher-grants.tsv; fern-screens.jsonl; zulip-fern.json
vendor-portals	github--rest-api-description/descriptions-next/ghes-3.22/dereferenced/ghes-3.22.2022-11-28.deref.yaml	https://raw.githubusercontent.com/github/rest-api-description/3cef12e8a02d612ad032473d4fb87266f2befeae/descriptions-next/ghes-3.22/dereferenced/ghes-3.22.2022-11-28.deref.yaml	432e0f7e233b3f8e3cc824320e1df559620de1562966059dd339a2675e0c41b6	anyof-array-variant-struct-item	3cef12e8a02d612ad032473d4fb87266f2befeae	MIT	pass: MIT at pinned publisher repository	pass: pinned publisher commit	not-run: key closed by found witness jentic/apis/openapi/cradl.ai/main/2026-01-28T09:00:46Z/meta/import/input-bundle.json	not-owed	census.jsonl.gz; publisher-grants.tsv; fern-screens.jsonl; zulip-fern.json
vendor-portals	github--rest-api-description/descriptions-next/ghes-3.22/dereferenced/ghes-3.22.2026-03-10.deref.json	https://raw.githubusercontent.com/github/rest-api-description/3cef12e8a02d612ad032473d4fb87266f2befeae/descriptions-next/ghes-3.22/dereferenced/ghes-3.22.2026-03-10.deref.json	a9a7b9f9acc7e4bf92b7050e3a10daf39d552af896a7e09ddd3f154eb99f7c46	anyof-array-variant-struct-item	3cef12e8a02d612ad032473d4fb87266f2befeae	MIT	pass: MIT at pinned publisher repository	pass: pinned publisher commit	not-run: key closed by found witness jentic/apis/openapi/cradl.ai/main/2026-01-28T09:00:46Z/meta/import/input-bundle.json	not-owed	census.jsonl.gz; publisher-grants.tsv; fern-screens.jsonl; zulip-fern.json
vendor-portals	github--rest-api-description/descriptions-next/ghes-3.22/dereferenced/ghes-3.22.2026-03-10.deref.yaml	https://raw.githubusercontent.com/github/rest-api-description/3cef12e8a02d612ad032473d4fb87266f2befeae/descriptions-next/ghes-3.22/dereferenced/ghes-3.22.2026-03-10.deref.yaml	153aed0f0534081a8816aa8de7576db264a7dd3daf0b4e4a0e33dc15112d9cc0	anyof-array-variant-struct-item	3cef12e8a02d612ad032473d4fb87266f2befeae	MIT	pass: MIT at pinned publisher repository	pass: pinned publisher commit	not-run: key closed by found witness jentic/apis/openapi/cradl.ai/main/2026-01-28T09:00:46Z/meta/import/input-bundle.json	not-owed	census.jsonl.gz; publisher-grants.tsv; fern-screens.jsonl; zulip-fern.json
vendor-portals	github--rest-api-description/descriptions-next/ghes-3.22/dereferenced/ghes-3.22.deref.json	https://raw.githubusercontent.com/github/rest-api-description/3cef12e8a02d612ad032473d4fb87266f2befeae/descriptions-next/ghes-3.22/dereferenced/ghes-3.22.deref.json	2c4f049845d2f2a1cf1e390489f2dca94110d03a09d9890f97c966e08d3b166f	anyof-array-variant-struct-item	3cef12e8a02d612ad032473d4fb87266f2befeae	MIT	pass: MIT at pinned publisher repository	pass: pinned publisher commit	not-run: key closed by found witness jentic/apis/openapi/cradl.ai/main/2026-01-28T09:00:46Z/meta/import/input-bundle.json	not-owed	census.jsonl.gz; publisher-grants.tsv; fern-screens.jsonl; zulip-fern.json
vendor-portals	github--rest-api-description/descriptions-next/ghes-3.22/dereferenced/ghes-3.22.deref.yaml	https://raw.githubusercontent.com/github/rest-api-description/3cef12e8a02d612ad032473d4fb87266f2befeae/descriptions-next/ghes-3.22/dereferenced/ghes-3.22.deref.yaml	36e472e77894bd5ac0845269df8cd8b30d3182950ff7145f8370d1e7ac398e2b	anyof-array-variant-struct-item	3cef12e8a02d612ad032473d4fb87266f2befeae	MIT	pass: MIT at pinned publisher repository	pass: pinned publisher commit	not-run: key closed by found witness jentic/apis/openapi/cradl.ai/main/2026-01-28T09:00:46Z/meta/import/input-bundle.json	not-owed	census.jsonl.gz; publisher-grants.tsv; fern-screens.jsonl; zulip-fern.json
vendor-portals	github--rest-api-description/descriptions-next/ghes-3.3/dereferenced/ghes-3.3.deref.json	https://raw.githubusercontent.com/github/rest-api-description/3cef12e8a02d612ad032473d4fb87266f2befeae/descriptions-next/ghes-3.3/dereferenced/ghes-3.3.deref.json	916519f79c4b1d4ce04956dead56bf76d2b335e17e497953f0792fe7684b7953	anyof-array-variant-struct-item	3cef12e8a02d612ad032473d4fb87266f2befeae	MIT	pass: MIT at pinned publisher repository	pass: pinned publisher commit	not-run: key closed by found witness jentic/apis/openapi/cradl.ai/main/2026-01-28T09:00:46Z/meta/import/input-bundle.json	not-owed	census.jsonl.gz; publisher-grants.tsv; fern-screens.jsonl; zulip-fern.json
vendor-portals	github--rest-api-description/descriptions-next/ghes-3.3/dereferenced/ghes-3.3.deref.yaml	https://raw.githubusercontent.com/github/rest-api-description/3cef12e8a02d612ad032473d4fb87266f2befeae/descriptions-next/ghes-3.3/dereferenced/ghes-3.3.deref.yaml	c327244f4e69126b5d51236e4a2f0d7ea8ee9cff66fea4952f5540d95de6ce1a	anyof-array-variant-struct-item	3cef12e8a02d612ad032473d4fb87266f2befeae	MIT	pass: MIT at pinned publisher repository	pass: pinned publisher commit	not-run: key closed by found witness jentic/apis/openapi/cradl.ai/main/2026-01-28T09:00:46Z/meta/import/input-bundle.json	not-owed	census.jsonl.gz; publisher-grants.tsv; fern-screens.jsonl; zulip-fern.json
vendor-portals	github--rest-api-description/descriptions-next/ghes-3.4/dereferenced/ghes-3.4.deref.json	https://raw.githubusercontent.com/github/rest-api-description/3cef12e8a02d612ad032473d4fb87266f2befeae/descriptions-next/ghes-3.4/dereferenced/ghes-3.4.deref.json	a633811e60a672c8d531e53f7adca32cb99823b36e6eba87ad1f6a0ca13c6772	anyof-array-variant-struct-item	3cef12e8a02d612ad032473d4fb87266f2befeae	MIT	pass: MIT at pinned publisher repository	pass: pinned publisher commit	not-run: key closed by found witness jentic/apis/openapi/cradl.ai/main/2026-01-28T09:00:46Z/meta/import/input-bundle.json	not-owed	census.jsonl.gz; publisher-grants.tsv; fern-screens.jsonl; zulip-fern.json
vendor-portals	github--rest-api-description/descriptions-next/ghes-3.4/dereferenced/ghes-3.4.deref.yaml	https://raw.githubusercontent.com/github/rest-api-description/3cef12e8a02d612ad032473d4fb87266f2befeae/descriptions-next/ghes-3.4/dereferenced/ghes-3.4.deref.yaml	f10619e35bb6c190cd093a9173935e3b563badb84c1700f13d9c1621fbce543a	anyof-array-variant-struct-item	3cef12e8a02d612ad032473d4fb87266f2befeae	MIT	pass: MIT at pinned publisher repository	pass: pinned publisher commit	not-run: key closed by found witness jentic/apis/openapi/cradl.ai/main/2026-01-28T09:00:46Z/meta/import/input-bundle.json	not-owed	census.jsonl.gz; publisher-grants.tsv; fern-screens.jsonl; zulip-fern.json
vendor-portals	github--rest-api-description/descriptions-next/ghes-3.5/dereferenced/ghes-3.5.deref.json	https://raw.githubusercontent.com/github/rest-api-description/3cef12e8a02d612ad032473d4fb87266f2befeae/descriptions-next/ghes-3.5/dereferenced/ghes-3.5.deref.json	9706d276760a94eb9a72e29b9a5eee798a801e33cd05a541a0079ff3df07c0bf	anyof-array-variant-struct-item	3cef12e8a02d612ad032473d4fb87266f2befeae	MIT	pass: MIT at pinned publisher repository	pass: pinned publisher commit	not-run: key closed by found witness jentic/apis/openapi/cradl.ai/main/2026-01-28T09:00:46Z/meta/import/input-bundle.json	not-owed	census.jsonl.gz; publisher-grants.tsv; fern-screens.jsonl; zulip-fern.json
vendor-portals	github--rest-api-description/descriptions-next/ghes-3.5/dereferenced/ghes-3.5.deref.yaml	https://raw.githubusercontent.com/github/rest-api-description/3cef12e8a02d612ad032473d4fb87266f2befeae/descriptions-next/ghes-3.5/dereferenced/ghes-3.5.deref.yaml	e0b055f78c570987382a3fc08bd1b67eb239afb684d4f2e366a082179afbb22e	anyof-array-variant-struct-item	3cef12e8a02d612ad032473d4fb87266f2befeae	MIT	pass: MIT at pinned publisher repository	pass: pinned publisher commit	not-run: key closed by found witness jentic/apis/openapi/cradl.ai/main/2026-01-28T09:00:46Z/meta/import/input-bundle.json	not-owed	census.jsonl.gz; publisher-grants.tsv; fern-screens.jsonl; zulip-fern.json
vendor-portals	github--rest-api-description/descriptions-next/ghes-3.6/dereferenced/ghes-3.6.deref.json	https://raw.githubusercontent.com/github/rest-api-description/3cef12e8a02d612ad032473d4fb87266f2befeae/descriptions-next/ghes-3.6/dereferenced/ghes-3.6.deref.json	9da91687f6fbcbff693a7eb119f1c199e80590070edab8052f7f281639ee6d1e	anyof-array-variant-struct-item	3cef12e8a02d612ad032473d4fb87266f2befeae	MIT	pass: MIT at pinned publisher repository	pass: pinned publisher commit	not-run: key closed by found witness jentic/apis/openapi/cradl.ai/main/2026-01-28T09:00:46Z/meta/import/input-bundle.json	not-owed	census.jsonl.gz; publisher-grants.tsv; fern-screens.jsonl; zulip-fern.json
vendor-portals	github--rest-api-description/descriptions-next/ghes-3.6/dereferenced/ghes-3.6.deref.yaml	https://raw.githubusercontent.com/github/rest-api-description/3cef12e8a02d612ad032473d4fb87266f2befeae/descriptions-next/ghes-3.6/dereferenced/ghes-3.6.deref.yaml	ef317b14d8ddd92634c020fd1b07dce1586f499f8f7334eba384bb8ee577523d	anyof-array-variant-struct-item	3cef12e8a02d612ad032473d4fb87266f2befeae	MIT	pass: MIT at pinned publisher repository	pass: pinned publisher commit	not-run: key closed by found witness jentic/apis/openapi/cradl.ai/main/2026-01-28T09:00:46Z/meta/import/input-bundle.json	not-owed	census.jsonl.gz; publisher-grants.tsv; fern-screens.jsonl; zulip-fern.json
vendor-portals	github--rest-api-description/descriptions-next/ghes-3.7/dereferenced/ghes-3.7.deref.json	https://raw.githubusercontent.com/github/rest-api-description/3cef12e8a02d612ad032473d4fb87266f2befeae/descriptions-next/ghes-3.7/dereferenced/ghes-3.7.deref.json	461b26aeed580c0875814193f30e3eb486e48d6dcc5b2980f4c972dba8f5ff54	anyof-array-variant-struct-item	3cef12e8a02d612ad032473d4fb87266f2befeae	MIT	pass: MIT at pinned publisher repository	pass: pinned publisher commit	not-run: key closed by found witness jentic/apis/openapi/cradl.ai/main/2026-01-28T09:00:46Z/meta/import/input-bundle.json	not-owed	census.jsonl.gz; publisher-grants.tsv; fern-screens.jsonl; zulip-fern.json
vendor-portals	github--rest-api-description/descriptions-next/ghes-3.7/dereferenced/ghes-3.7.deref.yaml	https://raw.githubusercontent.com/github/rest-api-description/3cef12e8a02d612ad032473d4fb87266f2befeae/descriptions-next/ghes-3.7/dereferenced/ghes-3.7.deref.yaml	b19778e021b5bbdb5f255b9ead6b0f831a59320653e17e3c8567d92b77dbf486	anyof-array-variant-struct-item	3cef12e8a02d612ad032473d4fb87266f2befeae	MIT	pass: MIT at pinned publisher repository	pass: pinned publisher commit	not-run: key closed by found witness jentic/apis/openapi/cradl.ai/main/2026-01-28T09:00:46Z/meta/import/input-bundle.json	not-owed	census.jsonl.gz; publisher-grants.tsv; fern-screens.jsonl; zulip-fern.json
vendor-portals	github--rest-api-description/descriptions-next/ghes-3.8/dereferenced/ghes-3.8.deref.json	https://raw.githubusercontent.com/github/rest-api-description/3cef12e8a02d612ad032473d4fb87266f2befeae/descriptions-next/ghes-3.8/dereferenced/ghes-3.8.deref.json	6a3b8bf46abdb26900ccd89cc85edf3b5ff4558e6e5af13dcaad67b5815a451e	anyof-array-variant-struct-item	3cef12e8a02d612ad032473d4fb87266f2befeae	MIT	pass: MIT at pinned publisher repository	pass: pinned publisher commit	not-run: key closed by found witness jentic/apis/openapi/cradl.ai/main/2026-01-28T09:00:46Z/meta/import/input-bundle.json	not-owed	census.jsonl.gz; publisher-grants.tsv; fern-screens.jsonl; zulip-fern.json
vendor-portals	github--rest-api-description/descriptions-next/ghes-3.8/dereferenced/ghes-3.8.deref.yaml	https://raw.githubusercontent.com/github/rest-api-description/3cef12e8a02d612ad032473d4fb87266f2befeae/descriptions-next/ghes-3.8/dereferenced/ghes-3.8.deref.yaml	7a766ddc273bf0b71bdfb8e9823f85a37ce206d183999a141ce7cd5799832eae	anyof-array-variant-struct-item	3cef12e8a02d612ad032473d4fb87266f2befeae	MIT	pass: MIT at pinned publisher repository	pass: pinned publisher commit	not-run: key closed by found witness jentic/apis/openapi/cradl.ai/main/2026-01-28T09:00:46Z/meta/import/input-bundle.json	not-owed	census.jsonl.gz; publisher-grants.tsv; fern-screens.jsonl; zulip-fern.json
vendor-portals	github--rest-api-description/descriptions-next/ghes-3.9/dereferenced/ghes-3.9.2022-11-28.deref.json	https://raw.githubusercontent.com/github/rest-api-description/3cef12e8a02d612ad032473d4fb87266f2befeae/descriptions-next/ghes-3.9/dereferenced/ghes-3.9.2022-11-28.deref.json	772145b9097f38782b6c9f37981a71701a34bf86876ebb145a76a71c93ba5c2c	anyof-array-variant-struct-item	3cef12e8a02d612ad032473d4fb87266f2befeae	MIT	pass: MIT at pinned publisher repository	pass: pinned publisher commit	not-run: key closed by found witness jentic/apis/openapi/cradl.ai/main/2026-01-28T09:00:46Z/meta/import/input-bundle.json	not-owed	census.jsonl.gz; publisher-grants.tsv; fern-screens.jsonl; zulip-fern.json
vendor-portals	github--rest-api-description/descriptions-next/ghes-3.9/dereferenced/ghes-3.9.2022-11-28.deref.yaml	https://raw.githubusercontent.com/github/rest-api-description/3cef12e8a02d612ad032473d4fb87266f2befeae/descriptions-next/ghes-3.9/dereferenced/ghes-3.9.2022-11-28.deref.yaml	4e3df5ca36f993990149bf1cf94a9f50b6fe46aa88e90d504ad51c8726a3cf79	anyof-array-variant-struct-item	3cef12e8a02d612ad032473d4fb87266f2befeae	MIT	pass: MIT at pinned publisher repository	pass: pinned publisher commit	not-run: key closed by found witness jentic/apis/openapi/cradl.ai/main/2026-01-28T09:00:46Z/meta/import/input-bundle.json	not-owed	census.jsonl.gz; publisher-grants.tsv; fern-screens.jsonl; zulip-fern.json
vendor-portals	github--rest-api-description/descriptions-next/ghes-3.9/dereferenced/ghes-3.9.deref.json	https://raw.githubusercontent.com/github/rest-api-description/3cef12e8a02d612ad032473d4fb87266f2befeae/descriptions-next/ghes-3.9/dereferenced/ghes-3.9.deref.json	772145b9097f38782b6c9f37981a71701a34bf86876ebb145a76a71c93ba5c2c	anyof-array-variant-struct-item	3cef12e8a02d612ad032473d4fb87266f2befeae	MIT	pass: MIT at pinned publisher repository	pass: pinned publisher commit	not-run: key closed by found witness jentic/apis/openapi/cradl.ai/main/2026-01-28T09:00:46Z/meta/import/input-bundle.json	not-owed	census.jsonl.gz; publisher-grants.tsv; fern-screens.jsonl; zulip-fern.json
vendor-portals	github--rest-api-description/descriptions-next/ghes-3.9/dereferenced/ghes-3.9.deref.yaml	https://raw.githubusercontent.com/github/rest-api-description/3cef12e8a02d612ad032473d4fb87266f2befeae/descriptions-next/ghes-3.9/dereferenced/ghes-3.9.deref.yaml	4e3df5ca36f993990149bf1cf94a9f50b6fe46aa88e90d504ad51c8726a3cf79	anyof-array-variant-struct-item	3cef12e8a02d612ad032473d4fb87266f2befeae	MIT	pass: MIT at pinned publisher repository	pass: pinned publisher commit	not-run: key closed by found witness jentic/apis/openapi/cradl.ai/main/2026-01-28T09:00:46Z/meta/import/input-bundle.json	not-owed	census.jsonl.gz; publisher-grants.tsv; fern-screens.jsonl; zulip-fern.json
vendor-portals	github--rest-api-description/descriptions-next/github.ae/dereferenced/github.ae.deref.json	https://raw.githubusercontent.com/github/rest-api-description/3cef12e8a02d612ad032473d4fb87266f2befeae/descriptions-next/github.ae/dereferenced/github.ae.deref.json	d90fc7ec005e82aa729ad52a371a14b8d3ac894f7c766303ae244f30480295e5	anyof-array-variant-struct-item	3cef12e8a02d612ad032473d4fb87266f2befeae	MIT	pass: MIT at pinned publisher repository	pass: pinned publisher commit	not-run: key closed by found witness jentic/apis/openapi/cradl.ai/main/2026-01-28T09:00:46Z/meta/import/input-bundle.json	not-owed	census.jsonl.gz; publisher-grants.tsv; fern-screens.jsonl; zulip-fern.json
vendor-portals	github--rest-api-description/descriptions-next/github.ae/dereferenced/github.ae.deref.yaml	https://raw.githubusercontent.com/github/rest-api-description/3cef12e8a02d612ad032473d4fb87266f2befeae/descriptions-next/github.ae/dereferenced/github.ae.deref.yaml	15fc8a4cae47ef42d1053a49806a266878c1451c827ec926348df92790f70b6d	anyof-array-variant-struct-item	3cef12e8a02d612ad032473d4fb87266f2befeae	MIT	pass: MIT at pinned publisher repository	pass: pinned publisher commit	not-run: key closed by found witness jentic/apis/openapi/cradl.ai/main/2026-01-28T09:00:46Z/meta/import/input-bundle.json	not-owed	census.jsonl.gz; publisher-grants.tsv; fern-screens.jsonl; zulip-fern.json
vendor-portals	github--rest-api-description/descriptions/api.github.com/dereferenced/api.github.com.2022-11-28.deref.json	https://raw.githubusercontent.com/github/rest-api-description/3cef12e8a02d612ad032473d4fb87266f2befeae/descriptions/api.github.com/dereferenced/api.github.com.2022-11-28.deref.json	0de86eb372dcc714804d445b3326b76e787adf8777150dd8129f1d3499068057	anyof-array-variant-struct-item	3cef12e8a02d612ad032473d4fb87266f2befeae	MIT	pass: MIT at pinned publisher repository	pass: pinned publisher commit	failed: Fern check exit 1	fern-rejected	census.jsonl.gz; publisher-grants.tsv; fern-screens.jsonl; zulip-fern.json
vendor-portals	github--rest-api-description/descriptions/api.github.com/dereferenced/api.github.com.2022-11-28.deref.yaml	https://raw.githubusercontent.com/github/rest-api-description/3cef12e8a02d612ad032473d4fb87266f2befeae/descriptions/api.github.com/dereferenced/api.github.com.2022-11-28.deref.yaml	797be75d18a49646f2e6659a0b7dba444ef3b2e0558023cc933b2fc2dfb73d6e	anyof-array-variant-struct-item	3cef12e8a02d612ad032473d4fb87266f2befeae	MIT	pass: MIT at pinned publisher repository	pass: pinned publisher commit	failed: Fern check exit 1	fern-rejected	census.jsonl.gz; publisher-grants.tsv; fern-screens.jsonl; zulip-fern.json
vendor-portals	github--rest-api-description/descriptions/api.github.com/dereferenced/api.github.com.2026-03-10.deref.json	https://raw.githubusercontent.com/github/rest-api-description/3cef12e8a02d612ad032473d4fb87266f2befeae/descriptions/api.github.com/dereferenced/api.github.com.2026-03-10.deref.json	9c10d0d41a03e0cde49478b45c4df9591cfc6ebde0e81b8690bdac96fad1affb	anyof-array-variant-struct-item	3cef12e8a02d612ad032473d4fb87266f2befeae	MIT	pass: MIT at pinned publisher repository	pass: pinned publisher commit	failed: Fern check exit 1	fern-rejected	census.jsonl.gz; publisher-grants.tsv; fern-screens.jsonl; zulip-fern.json
vendor-portals	github--rest-api-description/descriptions/api.github.com/dereferenced/api.github.com.2026-03-10.deref.yaml	https://raw.githubusercontent.com/github/rest-api-description/3cef12e8a02d612ad032473d4fb87266f2befeae/descriptions/api.github.com/dereferenced/api.github.com.2026-03-10.deref.yaml	23ddb4389ed7d03878092d8ec69265af28fa96a7e5a2f1326e6af4b8cb751c4d	anyof-array-variant-struct-item	3cef12e8a02d612ad032473d4fb87266f2befeae	MIT	pass: MIT at pinned publisher repository	pass: pinned publisher commit	failed: Fern check exit 1	fern-rejected	census.jsonl.gz; publisher-grants.tsv; fern-screens.jsonl; zulip-fern.json
vendor-portals	github--rest-api-description/descriptions/api.github.com/dereferenced/api.github.com.deref.json	https://raw.githubusercontent.com/github/rest-api-description/3cef12e8a02d612ad032473d4fb87266f2befeae/descriptions/api.github.com/dereferenced/api.github.com.deref.json	7845dc97904328acbe29cc93c85ccb8b30474c175d12d40e0e37fd10ef15d4a8	anyof-array-variant-struct-item	3cef12e8a02d612ad032473d4fb87266f2befeae	MIT	pass: MIT at pinned publisher repository	pass: pinned publisher commit	failed: Fern check exit 1	fern-rejected	census.jsonl.gz; publisher-grants.tsv; fern-screens.jsonl; zulip-fern.json
vendor-portals	github--rest-api-description/descriptions/api.github.com/dereferenced/api.github.com.deref.yaml	https://raw.githubusercontent.com/github/rest-api-description/3cef12e8a02d612ad032473d4fb87266f2befeae/descriptions/api.github.com/dereferenced/api.github.com.deref.yaml	fedb415fb6a0479c12ed7cacd0bc6273a41f77fe3c8c86fda3acf898f7afe532	anyof-array-variant-struct-item	3cef12e8a02d612ad032473d4fb87266f2befeae	MIT	pass: MIT at pinned publisher repository	pass: pinned publisher commit	failed: Fern check exit 1	fern-rejected	census.jsonl.gz; publisher-grants.tsv; fern-screens.jsonl; zulip-fern.json
vendor-portals	github--rest-api-description/descriptions/ghec/dereferenced/ghec.2022-11-28.deref.json	https://raw.githubusercontent.com/github/rest-api-description/3cef12e8a02d612ad032473d4fb87266f2befeae/descriptions/ghec/dereferenced/ghec.2022-11-28.deref.json	b3387de350028b8dfef3f962da93286c1ade4398bca9cce0e26eb9e1be8553d0	anyof-array-variant-struct-item	3cef12e8a02d612ad032473d4fb87266f2befeae	MIT	pass: MIT at pinned publisher repository	pass: pinned publisher commit	failed: Fern check exit 1	fern-rejected	census.jsonl.gz; publisher-grants.tsv; fern-screens.jsonl; zulip-fern.json
vendor-portals	github--rest-api-description/descriptions/ghec/dereferenced/ghec.2022-11-28.deref.yaml	https://raw.githubusercontent.com/github/rest-api-description/3cef12e8a02d612ad032473d4fb87266f2befeae/descriptions/ghec/dereferenced/ghec.2022-11-28.deref.yaml	e221b26d46fb95cc23b3c36ded676e24621b2a97036f6d66bd675f82d5ab6ded	anyof-array-variant-struct-item	3cef12e8a02d612ad032473d4fb87266f2befeae	MIT	pass: MIT at pinned publisher repository	pass: pinned publisher commit	failed: Fern check exit 1	fern-rejected	census.jsonl.gz; publisher-grants.tsv; fern-screens.jsonl; zulip-fern.json
vendor-portals	github--rest-api-description/descriptions/ghec/dereferenced/ghec.2026-03-10.deref.json	https://raw.githubusercontent.com/github/rest-api-description/3cef12e8a02d612ad032473d4fb87266f2befeae/descriptions/ghec/dereferenced/ghec.2026-03-10.deref.json	d1c4b2f2555fcacdac0bd5ce1ba7dc87a192dc05a95a3834261f7de32e222367	anyof-array-variant-struct-item	3cef12e8a02d612ad032473d4fb87266f2befeae	MIT	pass: MIT at pinned publisher repository	pass: pinned publisher commit	failed: Fern check exit 1	fern-rejected	census.jsonl.gz; publisher-grants.tsv; fern-screens.jsonl; zulip-fern.json
vendor-portals	github--rest-api-description/descriptions/ghec/dereferenced/ghec.2026-03-10.deref.yaml	https://raw.githubusercontent.com/github/rest-api-description/3cef12e8a02d612ad032473d4fb87266f2befeae/descriptions/ghec/dereferenced/ghec.2026-03-10.deref.yaml	ea94d61f6eb9a9ae2cf3262303d0b8e745fb5922db4f51a26140a1d9acba9314	anyof-array-variant-struct-item	3cef12e8a02d612ad032473d4fb87266f2befeae	MIT	pass: MIT at pinned publisher repository	pass: pinned publisher commit	failed: Fern check exit 1	fern-rejected	census.jsonl.gz; publisher-grants.tsv; fern-screens.jsonl; zulip-fern.json
vendor-portals	github--rest-api-description/descriptions/ghec/dereferenced/ghec.deref.json	https://raw.githubusercontent.com/github/rest-api-description/3cef12e8a02d612ad032473d4fb87266f2befeae/descriptions/ghec/dereferenced/ghec.deref.json	5a75c30a894afb073f735549ee11f4c01925e83c4fd3ee872d9e3fe5014a668e	anyof-array-variant-struct-item	3cef12e8a02d612ad032473d4fb87266f2befeae	MIT	pass: MIT at pinned publisher repository	pass: pinned publisher commit	not-run: key closed by found witness jentic/apis/openapi/cradl.ai/main/2026-01-28T09:00:46Z/meta/import/input-bundle.json	not-owed	census.jsonl.gz; publisher-grants.tsv; fern-screens.jsonl; zulip-fern.json
vendor-portals	github--rest-api-description/descriptions/ghec/dereferenced/ghec.deref.yaml	https://raw.githubusercontent.com/github/rest-api-description/3cef12e8a02d612ad032473d4fb87266f2befeae/descriptions/ghec/dereferenced/ghec.deref.yaml	a3e8c4fe2266dd3d6a18097698c5b890d4a041816e76c10eca855b2a11ba5fd1	anyof-array-variant-struct-item	3cef12e8a02d612ad032473d4fb87266f2befeae	MIT	pass: MIT at pinned publisher repository	pass: pinned publisher commit	not-run: key closed by found witness jentic/apis/openapi/cradl.ai/main/2026-01-28T09:00:46Z/meta/import/input-bundle.json	not-owed	census.jsonl.gz; publisher-grants.tsv; fern-screens.jsonl; zulip-fern.json
vendor-portals	github--rest-api-description/descriptions/ghes-2.18/dereferenced/ghes-2.18.deref.json	https://raw.githubusercontent.com/github/rest-api-description/3cef12e8a02d612ad032473d4fb87266f2befeae/descriptions/ghes-2.18/dereferenced/ghes-2.18.deref.json	32f21d155b0f871785e8aaae395cdaeb3e7470e48eefef66f17c7b4650cc3e68	anyof-array-variant-struct-item	3cef12e8a02d612ad032473d4fb87266f2befeae	MIT	pass: MIT at pinned publisher repository	pass: pinned publisher commit	not-run: key closed by found witness jentic/apis/openapi/cradl.ai/main/2026-01-28T09:00:46Z/meta/import/input-bundle.json	not-owed	census.jsonl.gz; publisher-grants.tsv; fern-screens.jsonl; zulip-fern.json
vendor-portals	github--rest-api-description/descriptions/ghes-2.18/dereferenced/ghes-2.18.deref.yaml	https://raw.githubusercontent.com/github/rest-api-description/3cef12e8a02d612ad032473d4fb87266f2befeae/descriptions/ghes-2.18/dereferenced/ghes-2.18.deref.yaml	030ea7147732112a61c334641a730f40b83c90548cb30e9a70bef4476afb6fb7	anyof-array-variant-struct-item	3cef12e8a02d612ad032473d4fb87266f2befeae	MIT	pass: MIT at pinned publisher repository	pass: pinned publisher commit	not-run: key closed by found witness jentic/apis/openapi/cradl.ai/main/2026-01-28T09:00:46Z/meta/import/input-bundle.json	not-owed	census.jsonl.gz; publisher-grants.tsv; fern-screens.jsonl; zulip-fern.json
vendor-portals	github--rest-api-description/descriptions/ghes-2.19/dereferenced/ghes-2.19.deref.json	https://raw.githubusercontent.com/github/rest-api-description/3cef12e8a02d612ad032473d4fb87266f2befeae/descriptions/ghes-2.19/dereferenced/ghes-2.19.deref.json	6cd8e2e83766ee31c6fe5828fe21c29e324037dca09d7501a1091bdaeb1d18fb	anyof-array-variant-struct-item	3cef12e8a02d612ad032473d4fb87266f2befeae	MIT	pass: MIT at pinned publisher repository	pass: pinned publisher commit	not-run: key closed by found witness jentic/apis/openapi/cradl.ai/main/2026-01-28T09:00:46Z/meta/import/input-bundle.json	not-owed	census.jsonl.gz; publisher-grants.tsv; fern-screens.jsonl; zulip-fern.json
vendor-portals	github--rest-api-description/descriptions/ghes-2.19/dereferenced/ghes-2.19.deref.yaml	https://raw.githubusercontent.com/github/rest-api-description/3cef12e8a02d612ad032473d4fb87266f2befeae/descriptions/ghes-2.19/dereferenced/ghes-2.19.deref.yaml	0e26ce407bf4c8d08444a1ab587b6722327f1ed707665f53ac4f90d50a4e57ec	anyof-array-variant-struct-item	3cef12e8a02d612ad032473d4fb87266f2befeae	MIT	pass: MIT at pinned publisher repository	pass: pinned publisher commit	not-run: key closed by found witness jentic/apis/openapi/cradl.ai/main/2026-01-28T09:00:46Z/meta/import/input-bundle.json	not-owed	census.jsonl.gz; publisher-grants.tsv; fern-screens.jsonl; zulip-fern.json
vendor-portals	github--rest-api-description/descriptions/ghes-2.20/dereferenced/ghes-2.20.deref.json	https://raw.githubusercontent.com/github/rest-api-description/3cef12e8a02d612ad032473d4fb87266f2befeae/descriptions/ghes-2.20/dereferenced/ghes-2.20.deref.json	498dcdbb85e319b85d0ece232f903faad298e2e3bc0ffaa68fa78fcd3513dca3	anyof-array-variant-struct-item	3cef12e8a02d612ad032473d4fb87266f2befeae	MIT	pass: MIT at pinned publisher repository	pass: pinned publisher commit	not-run: key closed by found witness jentic/apis/openapi/cradl.ai/main/2026-01-28T09:00:46Z/meta/import/input-bundle.json	not-owed	census.jsonl.gz; publisher-grants.tsv; fern-screens.jsonl; zulip-fern.json
vendor-portals	github--rest-api-description/descriptions/ghes-2.20/dereferenced/ghes-2.20.deref.yaml	https://raw.githubusercontent.com/github/rest-api-description/3cef12e8a02d612ad032473d4fb87266f2befeae/descriptions/ghes-2.20/dereferenced/ghes-2.20.deref.yaml	b26170242323ab8d03aa95c9cc743ff487aecda4c72cfdc14e799dc2dfe15d46	anyof-array-variant-struct-item	3cef12e8a02d612ad032473d4fb87266f2befeae	MIT	pass: MIT at pinned publisher repository	pass: pinned publisher commit	not-run: key closed by found witness jentic/apis/openapi/cradl.ai/main/2026-01-28T09:00:46Z/meta/import/input-bundle.json	not-owed	census.jsonl.gz; publisher-grants.tsv; fern-screens.jsonl; zulip-fern.json
vendor-portals	github--rest-api-description/descriptions/ghes-2.21/dereferenced/ghes-2.21.deref.json	https://raw.githubusercontent.com/github/rest-api-description/3cef12e8a02d612ad032473d4fb87266f2befeae/descriptions/ghes-2.21/dereferenced/ghes-2.21.deref.json	92e9b4a43cf5c11aaad684b6ffa57e26e57339ee8c76bc3862d553de12cfdc16	anyof-array-variant-struct-item	3cef12e8a02d612ad032473d4fb87266f2befeae	MIT	pass: MIT at pinned publisher repository	pass: pinned publisher commit	not-run: key closed by found witness jentic/apis/openapi/cradl.ai/main/2026-01-28T09:00:46Z/meta/import/input-bundle.json	not-owed	census.jsonl.gz; publisher-grants.tsv; fern-screens.jsonl; zulip-fern.json
vendor-portals	github--rest-api-description/descriptions/ghes-2.21/dereferenced/ghes-2.21.deref.yaml	https://raw.githubusercontent.com/github/rest-api-description/3cef12e8a02d612ad032473d4fb87266f2befeae/descriptions/ghes-2.21/dereferenced/ghes-2.21.deref.yaml	19b69c695ecea7f5a0939515736e179a8528079a552349338f84746ff14abaec	anyof-array-variant-struct-item	3cef12e8a02d612ad032473d4fb87266f2befeae	MIT	pass: MIT at pinned publisher repository	pass: pinned publisher commit	not-run: key closed by found witness jentic/apis/openapi/cradl.ai/main/2026-01-28T09:00:46Z/meta/import/input-bundle.json	not-owed	census.jsonl.gz; publisher-grants.tsv; fern-screens.jsonl; zulip-fern.json
vendor-portals	github--rest-api-description/descriptions/ghes-2.22/dereferenced/ghes-2.22.deref.json	https://raw.githubusercontent.com/github/rest-api-description/3cef12e8a02d612ad032473d4fb87266f2befeae/descriptions/ghes-2.22/dereferenced/ghes-2.22.deref.json	0397707b5a6a0150469980e0db0d0c19b31a858a82d364ea9e004f7b86f61b8d	anyof-array-variant-struct-item	3cef12e8a02d612ad032473d4fb87266f2befeae	MIT	pass: MIT at pinned publisher repository	pass: pinned publisher commit	not-run: key closed by found witness jentic/apis/openapi/cradl.ai/main/2026-01-28T09:00:46Z/meta/import/input-bundle.json	not-owed	census.jsonl.gz; publisher-grants.tsv; fern-screens.jsonl; zulip-fern.json
vendor-portals	github--rest-api-description/descriptions/ghes-2.22/dereferenced/ghes-2.22.deref.yaml	https://raw.githubusercontent.com/github/rest-api-description/3cef12e8a02d612ad032473d4fb87266f2befeae/descriptions/ghes-2.22/dereferenced/ghes-2.22.deref.yaml	8d95bb27bf0312ced750b3a59f736b96b91bafb296fa9a64bc97b7a8fc2ffecb	anyof-array-variant-struct-item	3cef12e8a02d612ad032473d4fb87266f2befeae	MIT	pass: MIT at pinned publisher repository	pass: pinned publisher commit	not-run: key closed by found witness jentic/apis/openapi/cradl.ai/main/2026-01-28T09:00:46Z/meta/import/input-bundle.json	not-owed	census.jsonl.gz; publisher-grants.tsv; fern-screens.jsonl; zulip-fern.json
vendor-portals	github--rest-api-description/descriptions/ghes-3.0/dereferenced/ghes-3.0.deref.json	https://raw.githubusercontent.com/github/rest-api-description/3cef12e8a02d612ad032473d4fb87266f2befeae/descriptions/ghes-3.0/dereferenced/ghes-3.0.deref.json	8a0da989786dc7668027b05df2abb8a9dfc917a93127582251ce228e8f4180a8	anyof-array-variant-struct-item	3cef12e8a02d612ad032473d4fb87266f2befeae	MIT	pass: MIT at pinned publisher repository	pass: pinned publisher commit	not-run: key closed by found witness jentic/apis/openapi/cradl.ai/main/2026-01-28T09:00:46Z/meta/import/input-bundle.json	not-owed	census.jsonl.gz; publisher-grants.tsv; fern-screens.jsonl; zulip-fern.json
vendor-portals	github--rest-api-description/descriptions/ghes-3.0/dereferenced/ghes-3.0.deref.yaml	https://raw.githubusercontent.com/github/rest-api-description/3cef12e8a02d612ad032473d4fb87266f2befeae/descriptions/ghes-3.0/dereferenced/ghes-3.0.deref.yaml	78e22ce87bd540dcfe0d24554c7bc72b79878db2cbd2c7d3229c3720a6d05522	anyof-array-variant-struct-item	3cef12e8a02d612ad032473d4fb87266f2befeae	MIT	pass: MIT at pinned publisher repository	pass: pinned publisher commit	not-run: key closed by found witness jentic/apis/openapi/cradl.ai/main/2026-01-28T09:00:46Z/meta/import/input-bundle.json	not-owed	census.jsonl.gz; publisher-grants.tsv; fern-screens.jsonl; zulip-fern.json
vendor-portals	github--rest-api-description/descriptions/ghes-3.1/dereferenced/ghes-3.1.deref.json	https://raw.githubusercontent.com/github/rest-api-description/3cef12e8a02d612ad032473d4fb87266f2befeae/descriptions/ghes-3.1/dereferenced/ghes-3.1.deref.json	e4a46359c981b25980b8f168af8d63b10ea58502194be4f9f1be98dc8685f7ce	anyof-array-variant-struct-item	3cef12e8a02d612ad032473d4fb87266f2befeae	MIT	pass: MIT at pinned publisher repository	pass: pinned publisher commit	not-run: key closed by found witness jentic/apis/openapi/cradl.ai/main/2026-01-28T09:00:46Z/meta/import/input-bundle.json	not-owed	census.jsonl.gz; publisher-grants.tsv; fern-screens.jsonl; zulip-fern.json
vendor-portals	github--rest-api-description/descriptions/ghes-3.1/dereferenced/ghes-3.1.deref.yaml	https://raw.githubusercontent.com/github/rest-api-description/3cef12e8a02d612ad032473d4fb87266f2befeae/descriptions/ghes-3.1/dereferenced/ghes-3.1.deref.yaml	95e959e339d92a752411af30e895209e724b8312d8244ee95b5ef949295ba48b	anyof-array-variant-struct-item	3cef12e8a02d612ad032473d4fb87266f2befeae	MIT	pass: MIT at pinned publisher repository	pass: pinned publisher commit	not-run: key closed by found witness jentic/apis/openapi/cradl.ai/main/2026-01-28T09:00:46Z/meta/import/input-bundle.json	not-owed	census.jsonl.gz; publisher-grants.tsv; fern-screens.jsonl; zulip-fern.json
vendor-portals	github--rest-api-description/descriptions/ghes-3.10/dereferenced/ghes-3.10.2022-11-28.deref.json	https://raw.githubusercontent.com/github/rest-api-description/3cef12e8a02d612ad032473d4fb87266f2befeae/descriptions/ghes-3.10/dereferenced/ghes-3.10.2022-11-28.deref.json	b9d9cfda563bc3f6f34eaaf34845613bdf9c8c2d80927b5148e5c3198688014d	anyof-array-variant-struct-item	3cef12e8a02d612ad032473d4fb87266f2befeae	MIT	pass: MIT at pinned publisher repository	pass: pinned publisher commit	not-run: key closed by found witness jentic/apis/openapi/cradl.ai/main/2026-01-28T09:00:46Z/meta/import/input-bundle.json	not-owed	census.jsonl.gz; publisher-grants.tsv; fern-screens.jsonl; zulip-fern.json
vendor-portals	github--rest-api-description/descriptions/ghes-3.10/dereferenced/ghes-3.10.2022-11-28.deref.yaml	https://raw.githubusercontent.com/github/rest-api-description/3cef12e8a02d612ad032473d4fb87266f2befeae/descriptions/ghes-3.10/dereferenced/ghes-3.10.2022-11-28.deref.yaml	48e97fd60e25cd0e87db348065581d3f0558c43370635bb33f927f629f86a5c1	anyof-array-variant-struct-item	3cef12e8a02d612ad032473d4fb87266f2befeae	MIT	pass: MIT at pinned publisher repository	pass: pinned publisher commit	not-run: key closed by found witness jentic/apis/openapi/cradl.ai/main/2026-01-28T09:00:46Z/meta/import/input-bundle.json	not-owed	census.jsonl.gz; publisher-grants.tsv; fern-screens.jsonl; zulip-fern.json
vendor-portals	github--rest-api-description/descriptions/ghes-3.10/dereferenced/ghes-3.10.deref.json	https://raw.githubusercontent.com/github/rest-api-description/3cef12e8a02d612ad032473d4fb87266f2befeae/descriptions/ghes-3.10/dereferenced/ghes-3.10.deref.json	b9d9cfda563bc3f6f34eaaf34845613bdf9c8c2d80927b5148e5c3198688014d	anyof-array-variant-struct-item	3cef12e8a02d612ad032473d4fb87266f2befeae	MIT	pass: MIT at pinned publisher repository	pass: pinned publisher commit	not-run: key closed by found witness jentic/apis/openapi/cradl.ai/main/2026-01-28T09:00:46Z/meta/import/input-bundle.json	not-owed	census.jsonl.gz; publisher-grants.tsv; fern-screens.jsonl; zulip-fern.json
vendor-portals	github--rest-api-description/descriptions/ghes-3.10/dereferenced/ghes-3.10.deref.yaml	https://raw.githubusercontent.com/github/rest-api-description/3cef12e8a02d612ad032473d4fb87266f2befeae/descriptions/ghes-3.10/dereferenced/ghes-3.10.deref.yaml	48e97fd60e25cd0e87db348065581d3f0558c43370635bb33f927f629f86a5c1	anyof-array-variant-struct-item	3cef12e8a02d612ad032473d4fb87266f2befeae	MIT	pass: MIT at pinned publisher repository	pass: pinned publisher commit	not-run: key closed by found witness jentic/apis/openapi/cradl.ai/main/2026-01-28T09:00:46Z/meta/import/input-bundle.json	not-owed	census.jsonl.gz; publisher-grants.tsv; fern-screens.jsonl; zulip-fern.json
vendor-portals	github--rest-api-description/descriptions/ghes-3.11/dereferenced/ghes-3.11.2022-11-28.deref.json	https://raw.githubusercontent.com/github/rest-api-description/3cef12e8a02d612ad032473d4fb87266f2befeae/descriptions/ghes-3.11/dereferenced/ghes-3.11.2022-11-28.deref.json	9aa2a2cb7170d40f4fafda6538262b9c1c337c41635cd6634ebe0e6544bb1e4e	anyof-array-variant-struct-item	3cef12e8a02d612ad032473d4fb87266f2befeae	MIT	pass: MIT at pinned publisher repository	pass: pinned publisher commit	not-run: key closed by found witness jentic/apis/openapi/cradl.ai/main/2026-01-28T09:00:46Z/meta/import/input-bundle.json	not-owed	census.jsonl.gz; publisher-grants.tsv; fern-screens.jsonl; zulip-fern.json
vendor-portals	github--rest-api-description/descriptions/ghes-3.11/dereferenced/ghes-3.11.2022-11-28.deref.yaml	https://raw.githubusercontent.com/github/rest-api-description/3cef12e8a02d612ad032473d4fb87266f2befeae/descriptions/ghes-3.11/dereferenced/ghes-3.11.2022-11-28.deref.yaml	952237819f32db836f6930d2d099231a3c46fc6f67c4d50863b2db7ed6df6fe6	anyof-array-variant-struct-item	3cef12e8a02d612ad032473d4fb87266f2befeae	MIT	pass: MIT at pinned publisher repository	pass: pinned publisher commit	not-run: key closed by found witness jentic/apis/openapi/cradl.ai/main/2026-01-28T09:00:46Z/meta/import/input-bundle.json	not-owed	census.jsonl.gz; publisher-grants.tsv; fern-screens.jsonl; zulip-fern.json
vendor-portals	github--rest-api-description/descriptions/ghes-3.11/dereferenced/ghes-3.11.deref.json	https://raw.githubusercontent.com/github/rest-api-description/3cef12e8a02d612ad032473d4fb87266f2befeae/descriptions/ghes-3.11/dereferenced/ghes-3.11.deref.json	9aa2a2cb7170d40f4fafda6538262b9c1c337c41635cd6634ebe0e6544bb1e4e	anyof-array-variant-struct-item	3cef12e8a02d612ad032473d4fb87266f2befeae	MIT	pass: MIT at pinned publisher repository	pass: pinned publisher commit	not-run: key closed by found witness jentic/apis/openapi/cradl.ai/main/2026-01-28T09:00:46Z/meta/import/input-bundle.json	not-owed	census.jsonl.gz; publisher-grants.tsv; fern-screens.jsonl; zulip-fern.json
vendor-portals	github--rest-api-description/descriptions/ghes-3.11/dereferenced/ghes-3.11.deref.yaml	https://raw.githubusercontent.com/github/rest-api-description/3cef12e8a02d612ad032473d4fb87266f2befeae/descriptions/ghes-3.11/dereferenced/ghes-3.11.deref.yaml	952237819f32db836f6930d2d099231a3c46fc6f67c4d50863b2db7ed6df6fe6	anyof-array-variant-struct-item	3cef12e8a02d612ad032473d4fb87266f2befeae	MIT	pass: MIT at pinned publisher repository	pass: pinned publisher commit	not-run: key closed by found witness jentic/apis/openapi/cradl.ai/main/2026-01-28T09:00:46Z/meta/import/input-bundle.json	not-owed	census.jsonl.gz; publisher-grants.tsv; fern-screens.jsonl; zulip-fern.json
vendor-portals	github--rest-api-description/descriptions/ghes-3.12/dereferenced/ghes-3.12.2022-11-28.deref.json	https://raw.githubusercontent.com/github/rest-api-description/3cef12e8a02d612ad032473d4fb87266f2befeae/descriptions/ghes-3.12/dereferenced/ghes-3.12.2022-11-28.deref.json	d6745d172ccd018dbd2271bbcb7289002ffd90d04bf618291875f9045a591035	anyof-array-variant-struct-item	3cef12e8a02d612ad032473d4fb87266f2befeae	MIT	pass: MIT at pinned publisher repository	pass: pinned publisher commit	not-run: key closed by found witness jentic/apis/openapi/cradl.ai/main/2026-01-28T09:00:46Z/meta/import/input-bundle.json	not-owed	census.jsonl.gz; publisher-grants.tsv; fern-screens.jsonl; zulip-fern.json
vendor-portals	github--rest-api-description/descriptions/ghes-3.12/dereferenced/ghes-3.12.2022-11-28.deref.yaml	https://raw.githubusercontent.com/github/rest-api-description/3cef12e8a02d612ad032473d4fb87266f2befeae/descriptions/ghes-3.12/dereferenced/ghes-3.12.2022-11-28.deref.yaml	d4f0f0b953dc6d31131b691a332cc78793969da0afa10a827f04c42620f921e0	anyof-array-variant-struct-item	3cef12e8a02d612ad032473d4fb87266f2befeae	MIT	pass: MIT at pinned publisher repository	pass: pinned publisher commit	not-run: key closed by found witness jentic/apis/openapi/cradl.ai/main/2026-01-28T09:00:46Z/meta/import/input-bundle.json	not-owed	census.jsonl.gz; publisher-grants.tsv; fern-screens.jsonl; zulip-fern.json
vendor-portals	github--rest-api-description/descriptions/ghes-3.12/dereferenced/ghes-3.12.deref.json	https://raw.githubusercontent.com/github/rest-api-description/3cef12e8a02d612ad032473d4fb87266f2befeae/descriptions/ghes-3.12/dereferenced/ghes-3.12.deref.json	d6745d172ccd018dbd2271bbcb7289002ffd90d04bf618291875f9045a591035	anyof-array-variant-struct-item	3cef12e8a02d612ad032473d4fb87266f2befeae	MIT	pass: MIT at pinned publisher repository	pass: pinned publisher commit	not-run: key closed by found witness jentic/apis/openapi/cradl.ai/main/2026-01-28T09:00:46Z/meta/import/input-bundle.json	not-owed	census.jsonl.gz; publisher-grants.tsv; fern-screens.jsonl; zulip-fern.json
vendor-portals	github--rest-api-description/descriptions/ghes-3.12/dereferenced/ghes-3.12.deref.yaml	https://raw.githubusercontent.com/github/rest-api-description/3cef12e8a02d612ad032473d4fb87266f2befeae/descriptions/ghes-3.12/dereferenced/ghes-3.12.deref.yaml	d4f0f0b953dc6d31131b691a332cc78793969da0afa10a827f04c42620f921e0	anyof-array-variant-struct-item	3cef12e8a02d612ad032473d4fb87266f2befeae	MIT	pass: MIT at pinned publisher repository	pass: pinned publisher commit	not-run: key closed by found witness jentic/apis/openapi/cradl.ai/main/2026-01-28T09:00:46Z/meta/import/input-bundle.json	not-owed	census.jsonl.gz; publisher-grants.tsv; fern-screens.jsonl; zulip-fern.json
vendor-portals	github--rest-api-description/descriptions/ghes-3.13/dereferenced/ghes-3.13.2022-11-28.deref.json	https://raw.githubusercontent.com/github/rest-api-description/3cef12e8a02d612ad032473d4fb87266f2befeae/descriptions/ghes-3.13/dereferenced/ghes-3.13.2022-11-28.deref.json	3fccd84dc5913832799ab2f887bc0b987409773ffe5d0b02e01d7ce276d2b5cc	anyof-array-variant-struct-item	3cef12e8a02d612ad032473d4fb87266f2befeae	MIT	pass: MIT at pinned publisher repository	pass: pinned publisher commit	not-run: key closed by found witness jentic/apis/openapi/cradl.ai/main/2026-01-28T09:00:46Z/meta/import/input-bundle.json	not-owed	census.jsonl.gz; publisher-grants.tsv; fern-screens.jsonl; zulip-fern.json
vendor-portals	github--rest-api-description/descriptions/ghes-3.13/dereferenced/ghes-3.13.2022-11-28.deref.yaml	https://raw.githubusercontent.com/github/rest-api-description/3cef12e8a02d612ad032473d4fb87266f2befeae/descriptions/ghes-3.13/dereferenced/ghes-3.13.2022-11-28.deref.yaml	2a6a97fda98d9763fb2e2615cbdf0f1e1ef428d68194d600c44218935250c50a	anyof-array-variant-struct-item	3cef12e8a02d612ad032473d4fb87266f2befeae	MIT	pass: MIT at pinned publisher repository	pass: pinned publisher commit	not-run: key closed by found witness jentic/apis/openapi/cradl.ai/main/2026-01-28T09:00:46Z/meta/import/input-bundle.json	not-owed	census.jsonl.gz; publisher-grants.tsv; fern-screens.jsonl; zulip-fern.json
vendor-portals	github--rest-api-description/descriptions/ghes-3.13/dereferenced/ghes-3.13.deref.json	https://raw.githubusercontent.com/github/rest-api-description/3cef12e8a02d612ad032473d4fb87266f2befeae/descriptions/ghes-3.13/dereferenced/ghes-3.13.deref.json	3fccd84dc5913832799ab2f887bc0b987409773ffe5d0b02e01d7ce276d2b5cc	anyof-array-variant-struct-item	3cef12e8a02d612ad032473d4fb87266f2befeae	MIT	pass: MIT at pinned publisher repository	pass: pinned publisher commit	not-run: key closed by found witness jentic/apis/openapi/cradl.ai/main/2026-01-28T09:00:46Z/meta/import/input-bundle.json	not-owed	census.jsonl.gz; publisher-grants.tsv; fern-screens.jsonl; zulip-fern.json
vendor-portals	github--rest-api-description/descriptions/ghes-3.13/dereferenced/ghes-3.13.deref.yaml	https://raw.githubusercontent.com/github/rest-api-description/3cef12e8a02d612ad032473d4fb87266f2befeae/descriptions/ghes-3.13/dereferenced/ghes-3.13.deref.yaml	2a6a97fda98d9763fb2e2615cbdf0f1e1ef428d68194d600c44218935250c50a	anyof-array-variant-struct-item	3cef12e8a02d612ad032473d4fb87266f2befeae	MIT	pass: MIT at pinned publisher repository	pass: pinned publisher commit	not-run: key closed by found witness jentic/apis/openapi/cradl.ai/main/2026-01-28T09:00:46Z/meta/import/input-bundle.json	not-owed	census.jsonl.gz; publisher-grants.tsv; fern-screens.jsonl; zulip-fern.json
vendor-portals	github--rest-api-description/descriptions/ghes-3.14/dereferenced/ghes-3.14.2022-11-28.deref.json	https://raw.githubusercontent.com/github/rest-api-description/3cef12e8a02d612ad032473d4fb87266f2befeae/descriptions/ghes-3.14/dereferenced/ghes-3.14.2022-11-28.deref.json	a97443bb411ba901c49965fa5dea692c2711ea5a105aac3d75cc289a235fc6d1	anyof-array-variant-struct-item	3cef12e8a02d612ad032473d4fb87266f2befeae	MIT	pass: MIT at pinned publisher repository	pass: pinned publisher commit	not-run: key closed by found witness jentic/apis/openapi/cradl.ai/main/2026-01-28T09:00:46Z/meta/import/input-bundle.json	not-owed	census.jsonl.gz; publisher-grants.tsv; fern-screens.jsonl; zulip-fern.json
vendor-portals	github--rest-api-description/descriptions/ghes-3.14/dereferenced/ghes-3.14.2022-11-28.deref.yaml	https://raw.githubusercontent.com/github/rest-api-description/3cef12e8a02d612ad032473d4fb87266f2befeae/descriptions/ghes-3.14/dereferenced/ghes-3.14.2022-11-28.deref.yaml	8057d0be2316a932154da24226792a603ac4231cfe11b98e344d4979c92426d3	anyof-array-variant-struct-item	3cef12e8a02d612ad032473d4fb87266f2befeae	MIT	pass: MIT at pinned publisher repository	pass: pinned publisher commit	not-run: key closed by found witness jentic/apis/openapi/cradl.ai/main/2026-01-28T09:00:46Z/meta/import/input-bundle.json	not-owed	census.jsonl.gz; publisher-grants.tsv; fern-screens.jsonl; zulip-fern.json
vendor-portals	github--rest-api-description/descriptions/ghes-3.14/dereferenced/ghes-3.14.deref.json	https://raw.githubusercontent.com/github/rest-api-description/3cef12e8a02d612ad032473d4fb87266f2befeae/descriptions/ghes-3.14/dereferenced/ghes-3.14.deref.json	a97443bb411ba901c49965fa5dea692c2711ea5a105aac3d75cc289a235fc6d1	anyof-array-variant-struct-item	3cef12e8a02d612ad032473d4fb87266f2befeae	MIT	pass: MIT at pinned publisher repository	pass: pinned publisher commit	not-run: key closed by found witness jentic/apis/openapi/cradl.ai/main/2026-01-28T09:00:46Z/meta/import/input-bundle.json	not-owed	census.jsonl.gz; publisher-grants.tsv; fern-screens.jsonl; zulip-fern.json
vendor-portals	github--rest-api-description/descriptions/ghes-3.14/dereferenced/ghes-3.14.deref.yaml	https://raw.githubusercontent.com/github/rest-api-description/3cef12e8a02d612ad032473d4fb87266f2befeae/descriptions/ghes-3.14/dereferenced/ghes-3.14.deref.yaml	8057d0be2316a932154da24226792a603ac4231cfe11b98e344d4979c92426d3	anyof-array-variant-struct-item	3cef12e8a02d612ad032473d4fb87266f2befeae	MIT	pass: MIT at pinned publisher repository	pass: pinned publisher commit	not-run: key closed by found witness jentic/apis/openapi/cradl.ai/main/2026-01-28T09:00:46Z/meta/import/input-bundle.json	not-owed	census.jsonl.gz; publisher-grants.tsv; fern-screens.jsonl; zulip-fern.json
vendor-portals	github--rest-api-description/descriptions/ghes-3.15/dereferenced/ghes-3.15.2022-11-28.deref.json	https://raw.githubusercontent.com/github/rest-api-description/3cef12e8a02d612ad032473d4fb87266f2befeae/descriptions/ghes-3.15/dereferenced/ghes-3.15.2022-11-28.deref.json	2a08d2a6f3e06f4758a26b552da1f6e6cb307f0f80a6a72d07d1c460ee26fec1	anyof-array-variant-struct-item	3cef12e8a02d612ad032473d4fb87266f2befeae	MIT	pass: MIT at pinned publisher repository	pass: pinned publisher commit	not-run: key closed by found witness jentic/apis/openapi/cradl.ai/main/2026-01-28T09:00:46Z/meta/import/input-bundle.json	not-owed	census.jsonl.gz; publisher-grants.tsv; fern-screens.jsonl; zulip-fern.json
vendor-portals	github--rest-api-description/descriptions/ghes-3.15/dereferenced/ghes-3.15.2022-11-28.deref.yaml	https://raw.githubusercontent.com/github/rest-api-description/3cef12e8a02d612ad032473d4fb87266f2befeae/descriptions/ghes-3.15/dereferenced/ghes-3.15.2022-11-28.deref.yaml	25f2bbfc56da39f1995275dc4eb4ac3628d9883a262eb1f87d0d8dec59787c5d	anyof-array-variant-struct-item	3cef12e8a02d612ad032473d4fb87266f2befeae	MIT	pass: MIT at pinned publisher repository	pass: pinned publisher commit	not-run: key closed by found witness jentic/apis/openapi/cradl.ai/main/2026-01-28T09:00:46Z/meta/import/input-bundle.json	not-owed	census.jsonl.gz; publisher-grants.tsv; fern-screens.jsonl; zulip-fern.json
vendor-portals	github--rest-api-description/descriptions/ghes-3.15/dereferenced/ghes-3.15.deref.json	https://raw.githubusercontent.com/github/rest-api-description/3cef12e8a02d612ad032473d4fb87266f2befeae/descriptions/ghes-3.15/dereferenced/ghes-3.15.deref.json	2a08d2a6f3e06f4758a26b552da1f6e6cb307f0f80a6a72d07d1c460ee26fec1	anyof-array-variant-struct-item	3cef12e8a02d612ad032473d4fb87266f2befeae	MIT	pass: MIT at pinned publisher repository	pass: pinned publisher commit	not-run: key closed by found witness jentic/apis/openapi/cradl.ai/main/2026-01-28T09:00:46Z/meta/import/input-bundle.json	not-owed	census.jsonl.gz; publisher-grants.tsv; fern-screens.jsonl; zulip-fern.json
vendor-portals	github--rest-api-description/descriptions/ghes-3.15/dereferenced/ghes-3.15.deref.yaml	https://raw.githubusercontent.com/github/rest-api-description/3cef12e8a02d612ad032473d4fb87266f2befeae/descriptions/ghes-3.15/dereferenced/ghes-3.15.deref.yaml	25f2bbfc56da39f1995275dc4eb4ac3628d9883a262eb1f87d0d8dec59787c5d	anyof-array-variant-struct-item	3cef12e8a02d612ad032473d4fb87266f2befeae	MIT	pass: MIT at pinned publisher repository	pass: pinned publisher commit	not-run: key closed by found witness jentic/apis/openapi/cradl.ai/main/2026-01-28T09:00:46Z/meta/import/input-bundle.json	not-owed	census.jsonl.gz; publisher-grants.tsv; fern-screens.jsonl; zulip-fern.json
vendor-portals	github--rest-api-description/descriptions/ghes-3.16/dereferenced/ghes-3.16.2022-11-28.deref.json	https://raw.githubusercontent.com/github/rest-api-description/3cef12e8a02d612ad032473d4fb87266f2befeae/descriptions/ghes-3.16/dereferenced/ghes-3.16.2022-11-28.deref.json	c813f53d5720fc80cecd83b6213ee8e4ed25e4cf50ea62fe081d54d757664599	anyof-array-variant-struct-item	3cef12e8a02d612ad032473d4fb87266f2befeae	MIT	pass: MIT at pinned publisher repository	pass: pinned publisher commit	not-run: key closed by found witness jentic/apis/openapi/cradl.ai/main/2026-01-28T09:00:46Z/meta/import/input-bundle.json	not-owed	census.jsonl.gz; publisher-grants.tsv; fern-screens.jsonl; zulip-fern.json
vendor-portals	github--rest-api-description/descriptions/ghes-3.16/dereferenced/ghes-3.16.2022-11-28.deref.yaml	https://raw.githubusercontent.com/github/rest-api-description/3cef12e8a02d612ad032473d4fb87266f2befeae/descriptions/ghes-3.16/dereferenced/ghes-3.16.2022-11-28.deref.yaml	1b68b2c1dca8dccc69ff0755f890ca44bbc4ea30b75eb676d625d69eb37bbe15	anyof-array-variant-struct-item	3cef12e8a02d612ad032473d4fb87266f2befeae	MIT	pass: MIT at pinned publisher repository	pass: pinned publisher commit	not-run: key closed by found witness jentic/apis/openapi/cradl.ai/main/2026-01-28T09:00:46Z/meta/import/input-bundle.json	not-owed	census.jsonl.gz; publisher-grants.tsv; fern-screens.jsonl; zulip-fern.json
vendor-portals	github--rest-api-description/descriptions/ghes-3.16/dereferenced/ghes-3.16.deref.json	https://raw.githubusercontent.com/github/rest-api-description/3cef12e8a02d612ad032473d4fb87266f2befeae/descriptions/ghes-3.16/dereferenced/ghes-3.16.deref.json	c813f53d5720fc80cecd83b6213ee8e4ed25e4cf50ea62fe081d54d757664599	anyof-array-variant-struct-item	3cef12e8a02d612ad032473d4fb87266f2befeae	MIT	pass: MIT at pinned publisher repository	pass: pinned publisher commit	not-run: key closed by found witness jentic/apis/openapi/cradl.ai/main/2026-01-28T09:00:46Z/meta/import/input-bundle.json	not-owed	census.jsonl.gz; publisher-grants.tsv; fern-screens.jsonl; zulip-fern.json
vendor-portals	github--rest-api-description/descriptions/ghes-3.16/dereferenced/ghes-3.16.deref.yaml	https://raw.githubusercontent.com/github/rest-api-description/3cef12e8a02d612ad032473d4fb87266f2befeae/descriptions/ghes-3.16/dereferenced/ghes-3.16.deref.yaml	1b68b2c1dca8dccc69ff0755f890ca44bbc4ea30b75eb676d625d69eb37bbe15	anyof-array-variant-struct-item	3cef12e8a02d612ad032473d4fb87266f2befeae	MIT	pass: MIT at pinned publisher repository	pass: pinned publisher commit	not-run: key closed by found witness jentic/apis/openapi/cradl.ai/main/2026-01-28T09:00:46Z/meta/import/input-bundle.json	not-owed	census.jsonl.gz; publisher-grants.tsv; fern-screens.jsonl; zulip-fern.json
vendor-portals	github--rest-api-description/descriptions/ghes-3.17/dereferenced/ghes-3.17.2022-11-28.deref.json	https://raw.githubusercontent.com/github/rest-api-description/3cef12e8a02d612ad032473d4fb87266f2befeae/descriptions/ghes-3.17/dereferenced/ghes-3.17.2022-11-28.deref.json	972ce535bc0df857fc9f147b4f4c8cf759165088c6169f0c2c02c512df1202f9	anyof-array-variant-struct-item	3cef12e8a02d612ad032473d4fb87266f2befeae	MIT	pass: MIT at pinned publisher repository	pass: pinned publisher commit	not-run: key closed by found witness jentic/apis/openapi/cradl.ai/main/2026-01-28T09:00:46Z/meta/import/input-bundle.json	not-owed	census.jsonl.gz; publisher-grants.tsv; fern-screens.jsonl; zulip-fern.json
vendor-portals	github--rest-api-description/descriptions/ghes-3.17/dereferenced/ghes-3.17.2022-11-28.deref.yaml	https://raw.githubusercontent.com/github/rest-api-description/3cef12e8a02d612ad032473d4fb87266f2befeae/descriptions/ghes-3.17/dereferenced/ghes-3.17.2022-11-28.deref.yaml	58efba0d6b31572bb3e404234ac1250f95ccb3e0a085a172d54b046b23aca6e3	anyof-array-variant-struct-item	3cef12e8a02d612ad032473d4fb87266f2befeae	MIT	pass: MIT at pinned publisher repository	pass: pinned publisher commit	not-run: key closed by found witness jentic/apis/openapi/cradl.ai/main/2026-01-28T09:00:46Z/meta/import/input-bundle.json	not-owed	census.jsonl.gz; publisher-grants.tsv; fern-screens.jsonl; zulip-fern.json
vendor-portals	github--rest-api-description/descriptions/ghes-3.17/dereferenced/ghes-3.17.deref.json	https://raw.githubusercontent.com/github/rest-api-description/3cef12e8a02d612ad032473d4fb87266f2befeae/descriptions/ghes-3.17/dereferenced/ghes-3.17.deref.json	972ce535bc0df857fc9f147b4f4c8cf759165088c6169f0c2c02c512df1202f9	anyof-array-variant-struct-item	3cef12e8a02d612ad032473d4fb87266f2befeae	MIT	pass: MIT at pinned publisher repository	pass: pinned publisher commit	not-run: key closed by found witness jentic/apis/openapi/cradl.ai/main/2026-01-28T09:00:46Z/meta/import/input-bundle.json	not-owed	census.jsonl.gz; publisher-grants.tsv; fern-screens.jsonl; zulip-fern.json
vendor-portals	github--rest-api-description/descriptions/ghes-3.17/dereferenced/ghes-3.17.deref.yaml	https://raw.githubusercontent.com/github/rest-api-description/3cef12e8a02d612ad032473d4fb87266f2befeae/descriptions/ghes-3.17/dereferenced/ghes-3.17.deref.yaml	58efba0d6b31572bb3e404234ac1250f95ccb3e0a085a172d54b046b23aca6e3	anyof-array-variant-struct-item	3cef12e8a02d612ad032473d4fb87266f2befeae	MIT	pass: MIT at pinned publisher repository	pass: pinned publisher commit	not-run: key closed by found witness jentic/apis/openapi/cradl.ai/main/2026-01-28T09:00:46Z/meta/import/input-bundle.json	not-owed	census.jsonl.gz; publisher-grants.tsv; fern-screens.jsonl; zulip-fern.json
vendor-portals	github--rest-api-description/descriptions/ghes-3.18/dereferenced/ghes-3.18.2022-11-28.deref.json	https://raw.githubusercontent.com/github/rest-api-description/3cef12e8a02d612ad032473d4fb87266f2befeae/descriptions/ghes-3.18/dereferenced/ghes-3.18.2022-11-28.deref.json	5de99d9444484b2d267864a7fbdf0717c5d79e40c7ed15bb847049385528d3ee	anyof-array-variant-struct-item	3cef12e8a02d612ad032473d4fb87266f2befeae	MIT	pass: MIT at pinned publisher repository	pass: pinned publisher commit	not-run: key closed by found witness jentic/apis/openapi/cradl.ai/main/2026-01-28T09:00:46Z/meta/import/input-bundle.json	not-owed	census.jsonl.gz; publisher-grants.tsv; fern-screens.jsonl; zulip-fern.json
vendor-portals	github--rest-api-description/descriptions/ghes-3.18/dereferenced/ghes-3.18.2022-11-28.deref.yaml	https://raw.githubusercontent.com/github/rest-api-description/3cef12e8a02d612ad032473d4fb87266f2befeae/descriptions/ghes-3.18/dereferenced/ghes-3.18.2022-11-28.deref.yaml	d6c4f3fd8fe6cc755aff377855ac49705d747e6d374198c5859385804c4ba11d	anyof-array-variant-struct-item	3cef12e8a02d612ad032473d4fb87266f2befeae	MIT	pass: MIT at pinned publisher repository	pass: pinned publisher commit	not-run: key closed by found witness jentic/apis/openapi/cradl.ai/main/2026-01-28T09:00:46Z/meta/import/input-bundle.json	not-owed	census.jsonl.gz; publisher-grants.tsv; fern-screens.jsonl; zulip-fern.json
vendor-portals	github--rest-api-description/descriptions/ghes-3.18/dereferenced/ghes-3.18.deref.json	https://raw.githubusercontent.com/github/rest-api-description/3cef12e8a02d612ad032473d4fb87266f2befeae/descriptions/ghes-3.18/dereferenced/ghes-3.18.deref.json	5de99d9444484b2d267864a7fbdf0717c5d79e40c7ed15bb847049385528d3ee	anyof-array-variant-struct-item	3cef12e8a02d612ad032473d4fb87266f2befeae	MIT	pass: MIT at pinned publisher repository	pass: pinned publisher commit	not-run: key closed by found witness jentic/apis/openapi/cradl.ai/main/2026-01-28T09:00:46Z/meta/import/input-bundle.json	not-owed	census.jsonl.gz; publisher-grants.tsv; fern-screens.jsonl; zulip-fern.json
vendor-portals	github--rest-api-description/descriptions/ghes-3.18/dereferenced/ghes-3.18.deref.yaml	https://raw.githubusercontent.com/github/rest-api-description/3cef12e8a02d612ad032473d4fb87266f2befeae/descriptions/ghes-3.18/dereferenced/ghes-3.18.deref.yaml	d6c4f3fd8fe6cc755aff377855ac49705d747e6d374198c5859385804c4ba11d	anyof-array-variant-struct-item	3cef12e8a02d612ad032473d4fb87266f2befeae	MIT	pass: MIT at pinned publisher repository	pass: pinned publisher commit	not-run: key closed by found witness jentic/apis/openapi/cradl.ai/main/2026-01-28T09:00:46Z/meta/import/input-bundle.json	not-owed	census.jsonl.gz; publisher-grants.tsv; fern-screens.jsonl; zulip-fern.json
vendor-portals	github--rest-api-description/descriptions/ghes-3.19/dereferenced/ghes-3.19.2022-11-28.deref.json	https://raw.githubusercontent.com/github/rest-api-description/3cef12e8a02d612ad032473d4fb87266f2befeae/descriptions/ghes-3.19/dereferenced/ghes-3.19.2022-11-28.deref.json	43a298485c868ee27ecab465ce000489d2146481635055b28aac73381697d23d	anyof-array-variant-struct-item	3cef12e8a02d612ad032473d4fb87266f2befeae	MIT	pass: MIT at pinned publisher repository	pass: pinned publisher commit	not-run: key closed by found witness jentic/apis/openapi/cradl.ai/main/2026-01-28T09:00:46Z/meta/import/input-bundle.json	not-owed	census.jsonl.gz; publisher-grants.tsv; fern-screens.jsonl; zulip-fern.json
vendor-portals	github--rest-api-description/descriptions/ghes-3.19/dereferenced/ghes-3.19.2022-11-28.deref.yaml	https://raw.githubusercontent.com/github/rest-api-description/3cef12e8a02d612ad032473d4fb87266f2befeae/descriptions/ghes-3.19/dereferenced/ghes-3.19.2022-11-28.deref.yaml	86bbad87c83e4aa6575cd3895bd937ed5e29c85d2c8111d764b9aef8f5720a6b	anyof-array-variant-struct-item	3cef12e8a02d612ad032473d4fb87266f2befeae	MIT	pass: MIT at pinned publisher repository	pass: pinned publisher commit	not-run: key closed by found witness jentic/apis/openapi/cradl.ai/main/2026-01-28T09:00:46Z/meta/import/input-bundle.json	not-owed	census.jsonl.gz; publisher-grants.tsv; fern-screens.jsonl; zulip-fern.json
vendor-portals	github--rest-api-description/descriptions/ghes-3.19/dereferenced/ghes-3.19.deref.json	https://raw.githubusercontent.com/github/rest-api-description/3cef12e8a02d612ad032473d4fb87266f2befeae/descriptions/ghes-3.19/dereferenced/ghes-3.19.deref.json	43a298485c868ee27ecab465ce000489d2146481635055b28aac73381697d23d	anyof-array-variant-struct-item	3cef12e8a02d612ad032473d4fb87266f2befeae	MIT	pass: MIT at pinned publisher repository	pass: pinned publisher commit	not-run: key closed by found witness jentic/apis/openapi/cradl.ai/main/2026-01-28T09:00:46Z/meta/import/input-bundle.json	not-owed	census.jsonl.gz; publisher-grants.tsv; fern-screens.jsonl; zulip-fern.json
vendor-portals	github--rest-api-description/descriptions/ghes-3.19/dereferenced/ghes-3.19.deref.yaml	https://raw.githubusercontent.com/github/rest-api-description/3cef12e8a02d612ad032473d4fb87266f2befeae/descriptions/ghes-3.19/dereferenced/ghes-3.19.deref.yaml	86bbad87c83e4aa6575cd3895bd937ed5e29c85d2c8111d764b9aef8f5720a6b	anyof-array-variant-struct-item	3cef12e8a02d612ad032473d4fb87266f2befeae	MIT	pass: MIT at pinned publisher repository	pass: pinned publisher commit	not-run: key closed by found witness jentic/apis/openapi/cradl.ai/main/2026-01-28T09:00:46Z/meta/import/input-bundle.json	not-owed	census.jsonl.gz; publisher-grants.tsv; fern-screens.jsonl; zulip-fern.json
vendor-portals	github--rest-api-description/descriptions/ghes-3.2/dereferenced/ghes-3.2.deref.json	https://raw.githubusercontent.com/github/rest-api-description/3cef12e8a02d612ad032473d4fb87266f2befeae/descriptions/ghes-3.2/dereferenced/ghes-3.2.deref.json	727403578474feefb538ca68628ce1424a45b4afc9305700c4fd648fca8a9896	anyof-array-variant-struct-item	3cef12e8a02d612ad032473d4fb87266f2befeae	MIT	pass: MIT at pinned publisher repository	pass: pinned publisher commit	not-run: key closed by found witness jentic/apis/openapi/cradl.ai/main/2026-01-28T09:00:46Z/meta/import/input-bundle.json	not-owed	census.jsonl.gz; publisher-grants.tsv; fern-screens.jsonl; zulip-fern.json
vendor-portals	github--rest-api-description/descriptions/ghes-3.2/dereferenced/ghes-3.2.deref.yaml	https://raw.githubusercontent.com/github/rest-api-description/3cef12e8a02d612ad032473d4fb87266f2befeae/descriptions/ghes-3.2/dereferenced/ghes-3.2.deref.yaml	9a65270fb2692dff551839fac8461fdfb8473b0f474882427909a841918d49b8	anyof-array-variant-struct-item	3cef12e8a02d612ad032473d4fb87266f2befeae	MIT	pass: MIT at pinned publisher repository	pass: pinned publisher commit	not-run: key closed by found witness jentic/apis/openapi/cradl.ai/main/2026-01-28T09:00:46Z/meta/import/input-bundle.json	not-owed	census.jsonl.gz; publisher-grants.tsv; fern-screens.jsonl; zulip-fern.json
vendor-portals	github--rest-api-description/descriptions/ghes-3.20/dereferenced/ghes-3.20.2022-11-28.deref.json	https://raw.githubusercontent.com/github/rest-api-description/3cef12e8a02d612ad032473d4fb87266f2befeae/descriptions/ghes-3.20/dereferenced/ghes-3.20.2022-11-28.deref.json	79c3b9993e11136d007d9b0bee661534752e0c9027c233cb007e9ffc6409e263	anyof-array-variant-struct-item	3cef12e8a02d612ad032473d4fb87266f2befeae	MIT	pass: MIT at pinned publisher repository	pass: pinned publisher commit	not-run: key closed by found witness jentic/apis/openapi/cradl.ai/main/2026-01-28T09:00:46Z/meta/import/input-bundle.json	not-owed	census.jsonl.gz; publisher-grants.tsv; fern-screens.jsonl; zulip-fern.json
vendor-portals	github--rest-api-description/descriptions/ghes-3.20/dereferenced/ghes-3.20.2022-11-28.deref.yaml	https://raw.githubusercontent.com/github/rest-api-description/3cef12e8a02d612ad032473d4fb87266f2befeae/descriptions/ghes-3.20/dereferenced/ghes-3.20.2022-11-28.deref.yaml	6814206fba50628d85d480d55159b119d177f2513565975006d1441243980eef	anyof-array-variant-struct-item	3cef12e8a02d612ad032473d4fb87266f2befeae	MIT	pass: MIT at pinned publisher repository	pass: pinned publisher commit	not-run: key closed by found witness jentic/apis/openapi/cradl.ai/main/2026-01-28T09:00:46Z/meta/import/input-bundle.json	not-owed	census.jsonl.gz; publisher-grants.tsv; fern-screens.jsonl; zulip-fern.json
vendor-portals	github--rest-api-description/descriptions/ghes-3.20/dereferenced/ghes-3.20.deref.json	https://raw.githubusercontent.com/github/rest-api-description/3cef12e8a02d612ad032473d4fb87266f2befeae/descriptions/ghes-3.20/dereferenced/ghes-3.20.deref.json	79c3b9993e11136d007d9b0bee661534752e0c9027c233cb007e9ffc6409e263	anyof-array-variant-struct-item	3cef12e8a02d612ad032473d4fb87266f2befeae	MIT	pass: MIT at pinned publisher repository	pass: pinned publisher commit	not-run: key closed by found witness jentic/apis/openapi/cradl.ai/main/2026-01-28T09:00:46Z/meta/import/input-bundle.json	not-owed	census.jsonl.gz; publisher-grants.tsv; fern-screens.jsonl; zulip-fern.json
vendor-portals	github--rest-api-description/descriptions/ghes-3.20/dereferenced/ghes-3.20.deref.yaml	https://raw.githubusercontent.com/github/rest-api-description/3cef12e8a02d612ad032473d4fb87266f2befeae/descriptions/ghes-3.20/dereferenced/ghes-3.20.deref.yaml	6814206fba50628d85d480d55159b119d177f2513565975006d1441243980eef	anyof-array-variant-struct-item	3cef12e8a02d612ad032473d4fb87266f2befeae	MIT	pass: MIT at pinned publisher repository	pass: pinned publisher commit	not-run: key closed by found witness jentic/apis/openapi/cradl.ai/main/2026-01-28T09:00:46Z/meta/import/input-bundle.json	not-owed	census.jsonl.gz; publisher-grants.tsv; fern-screens.jsonl; zulip-fern.json
vendor-portals	github--rest-api-description/descriptions/ghes-3.21/dereferenced/ghes-3.21.2022-11-28.deref.json	https://raw.githubusercontent.com/github/rest-api-description/3cef12e8a02d612ad032473d4fb87266f2befeae/descriptions/ghes-3.21/dereferenced/ghes-3.21.2022-11-28.deref.json	442836483eb1ece5227bda948df89d0bfe8a5662680e22ad2eb51a5d652c4fb7	anyof-array-variant-struct-item	3cef12e8a02d612ad032473d4fb87266f2befeae	MIT	pass: MIT at pinned publisher repository	pass: pinned publisher commit	not-run: key closed by found witness jentic/apis/openapi/cradl.ai/main/2026-01-28T09:00:46Z/meta/import/input-bundle.json	not-owed	census.jsonl.gz; publisher-grants.tsv; fern-screens.jsonl; zulip-fern.json
vendor-portals	github--rest-api-description/descriptions/ghes-3.21/dereferenced/ghes-3.21.2022-11-28.deref.yaml	https://raw.githubusercontent.com/github/rest-api-description/3cef12e8a02d612ad032473d4fb87266f2befeae/descriptions/ghes-3.21/dereferenced/ghes-3.21.2022-11-28.deref.yaml	6e2c43bf898311f09a5c73102d25614a2028a9fc5bf2bd0b63f985f1ede8c481	anyof-array-variant-struct-item	3cef12e8a02d612ad032473d4fb87266f2befeae	MIT	pass: MIT at pinned publisher repository	pass: pinned publisher commit	not-run: key closed by found witness jentic/apis/openapi/cradl.ai/main/2026-01-28T09:00:46Z/meta/import/input-bundle.json	not-owed	census.jsonl.gz; publisher-grants.tsv; fern-screens.jsonl; zulip-fern.json
vendor-portals	github--rest-api-description/descriptions/ghes-3.21/dereferenced/ghes-3.21.2026-03-10.deref.json	https://raw.githubusercontent.com/github/rest-api-description/3cef12e8a02d612ad032473d4fb87266f2befeae/descriptions/ghes-3.21/dereferenced/ghes-3.21.2026-03-10.deref.json	dc65a747279e1acba7395bad6ffc8c9e41a4a74dd3f10c34ac994e9fae053f9b	anyof-array-variant-struct-item	3cef12e8a02d612ad032473d4fb87266f2befeae	MIT	pass: MIT at pinned publisher repository	pass: pinned publisher commit	not-run: key closed by found witness jentic/apis/openapi/cradl.ai/main/2026-01-28T09:00:46Z/meta/import/input-bundle.json	not-owed	census.jsonl.gz; publisher-grants.tsv; fern-screens.jsonl; zulip-fern.json
vendor-portals	github--rest-api-description/descriptions/ghes-3.21/dereferenced/ghes-3.21.2026-03-10.deref.yaml	https://raw.githubusercontent.com/github/rest-api-description/3cef12e8a02d612ad032473d4fb87266f2befeae/descriptions/ghes-3.21/dereferenced/ghes-3.21.2026-03-10.deref.yaml	4965b7388bebd95c137fe131886aeba91db0dd8561ea4b885df8e53511f146af	anyof-array-variant-struct-item	3cef12e8a02d612ad032473d4fb87266f2befeae	MIT	pass: MIT at pinned publisher repository	pass: pinned publisher commit	not-run: key closed by found witness jentic/apis/openapi/cradl.ai/main/2026-01-28T09:00:46Z/meta/import/input-bundle.json	not-owed	census.jsonl.gz; publisher-grants.tsv; fern-screens.jsonl; zulip-fern.json
vendor-portals	github--rest-api-description/descriptions/ghes-3.21/dereferenced/ghes-3.21.deref.json	https://raw.githubusercontent.com/github/rest-api-description/3cef12e8a02d612ad032473d4fb87266f2befeae/descriptions/ghes-3.21/dereferenced/ghes-3.21.deref.json	88866cce01094ddbd99ffd5d5b09e67a504135ac127714063f7ce1ed638a6d97	anyof-array-variant-struct-item	3cef12e8a02d612ad032473d4fb87266f2befeae	MIT	pass: MIT at pinned publisher repository	pass: pinned publisher commit	not-run: key closed by found witness jentic/apis/openapi/cradl.ai/main/2026-01-28T09:00:46Z/meta/import/input-bundle.json	not-owed	census.jsonl.gz; publisher-grants.tsv; fern-screens.jsonl; zulip-fern.json
vendor-portals	github--rest-api-description/descriptions/ghes-3.21/dereferenced/ghes-3.21.deref.yaml	https://raw.githubusercontent.com/github/rest-api-description/3cef12e8a02d612ad032473d4fb87266f2befeae/descriptions/ghes-3.21/dereferenced/ghes-3.21.deref.yaml	cffb83b4ce0874c105875cc9427ebf7f4588bf3806bfcedc849459d16b517157	anyof-array-variant-struct-item	3cef12e8a02d612ad032473d4fb87266f2befeae	MIT	pass: MIT at pinned publisher repository	pass: pinned publisher commit	not-run: key closed by found witness jentic/apis/openapi/cradl.ai/main/2026-01-28T09:00:46Z/meta/import/input-bundle.json	not-owed	census.jsonl.gz; publisher-grants.tsv; fern-screens.jsonl; zulip-fern.json
vendor-portals	github--rest-api-description/descriptions/ghes-3.22/dereferenced/ghes-3.22.2022-11-28.deref.json	https://raw.githubusercontent.com/github/rest-api-description/3cef12e8a02d612ad032473d4fb87266f2befeae/descriptions/ghes-3.22/dereferenced/ghes-3.22.2022-11-28.deref.json	f99afe7ec7c4ab6074522f82ab2831743fe8225d00590cf9afd216f5f4bd661d	anyof-array-variant-struct-item	3cef12e8a02d612ad032473d4fb87266f2befeae	MIT	pass: MIT at pinned publisher repository	pass: pinned publisher commit	not-run: key closed by found witness jentic/apis/openapi/cradl.ai/main/2026-01-28T09:00:46Z/meta/import/input-bundle.json	not-owed	census.jsonl.gz; publisher-grants.tsv; fern-screens.jsonl; zulip-fern.json
vendor-portals	github--rest-api-description/descriptions/ghes-3.22/dereferenced/ghes-3.22.2022-11-28.deref.yaml	https://raw.githubusercontent.com/github/rest-api-description/3cef12e8a02d612ad032473d4fb87266f2befeae/descriptions/ghes-3.22/dereferenced/ghes-3.22.2022-11-28.deref.yaml	0e29c9d6557824c5239978595abfb4b03cdcbe1c51031796ceb73bb3917e473b	anyof-array-variant-struct-item	3cef12e8a02d612ad032473d4fb87266f2befeae	MIT	pass: MIT at pinned publisher repository	pass: pinned publisher commit	not-run: key closed by found witness jentic/apis/openapi/cradl.ai/main/2026-01-28T09:00:46Z/meta/import/input-bundle.json	not-owed	census.jsonl.gz; publisher-grants.tsv; fern-screens.jsonl; zulip-fern.json
vendor-portals	github--rest-api-description/descriptions/ghes-3.22/dereferenced/ghes-3.22.2026-03-10.deref.json	https://raw.githubusercontent.com/github/rest-api-description/3cef12e8a02d612ad032473d4fb87266f2befeae/descriptions/ghes-3.22/dereferenced/ghes-3.22.2026-03-10.deref.json	00b384e401c104e1f753821d922610b267ce35023ee715742f5baf50b9749296	anyof-array-variant-struct-item	3cef12e8a02d612ad032473d4fb87266f2befeae	MIT	pass: MIT at pinned publisher repository	pass: pinned publisher commit	not-run: key closed by found witness jentic/apis/openapi/cradl.ai/main/2026-01-28T09:00:46Z/meta/import/input-bundle.json	not-owed	census.jsonl.gz; publisher-grants.tsv; fern-screens.jsonl; zulip-fern.json
vendor-portals	github--rest-api-description/descriptions/ghes-3.22/dereferenced/ghes-3.22.2026-03-10.deref.yaml	https://raw.githubusercontent.com/github/rest-api-description/3cef12e8a02d612ad032473d4fb87266f2befeae/descriptions/ghes-3.22/dereferenced/ghes-3.22.2026-03-10.deref.yaml	e53cb0a76c626a971b545cda9461ddcb1512f4f92d9626676a2c2e0916d1c3c0	anyof-array-variant-struct-item	3cef12e8a02d612ad032473d4fb87266f2befeae	MIT	pass: MIT at pinned publisher repository	pass: pinned publisher commit	not-run: key closed by found witness jentic/apis/openapi/cradl.ai/main/2026-01-28T09:00:46Z/meta/import/input-bundle.json	not-owed	census.jsonl.gz; publisher-grants.tsv; fern-screens.jsonl; zulip-fern.json
vendor-portals	github--rest-api-description/descriptions/ghes-3.22/dereferenced/ghes-3.22.deref.json	https://raw.githubusercontent.com/github/rest-api-description/3cef12e8a02d612ad032473d4fb87266f2befeae/descriptions/ghes-3.22/dereferenced/ghes-3.22.deref.json	dbe40d72c796f9ebd58e283d2885458225476bffdb47268b34f74899675fb3fe	anyof-array-variant-struct-item	3cef12e8a02d612ad032473d4fb87266f2befeae	MIT	pass: MIT at pinned publisher repository	pass: pinned publisher commit	not-run: key closed by found witness jentic/apis/openapi/cradl.ai/main/2026-01-28T09:00:46Z/meta/import/input-bundle.json	not-owed	census.jsonl.gz; publisher-grants.tsv; fern-screens.jsonl; zulip-fern.json
vendor-portals	github--rest-api-description/descriptions/ghes-3.22/dereferenced/ghes-3.22.deref.yaml	https://raw.githubusercontent.com/github/rest-api-description/3cef12e8a02d612ad032473d4fb87266f2befeae/descriptions/ghes-3.22/dereferenced/ghes-3.22.deref.yaml	0d39a7b2db763cce8a2e75500ecc2327a1aada950516c4d60ec3599ee104e970	anyof-array-variant-struct-item	3cef12e8a02d612ad032473d4fb87266f2befeae	MIT	pass: MIT at pinned publisher repository	pass: pinned publisher commit	not-run: key closed by found witness jentic/apis/openapi/cradl.ai/main/2026-01-28T09:00:46Z/meta/import/input-bundle.json	not-owed	census.jsonl.gz; publisher-grants.tsv; fern-screens.jsonl; zulip-fern.json
vendor-portals	github--rest-api-description/descriptions/ghes-3.3/dereferenced/ghes-3.3.deref.json	https://raw.githubusercontent.com/github/rest-api-description/3cef12e8a02d612ad032473d4fb87266f2befeae/descriptions/ghes-3.3/dereferenced/ghes-3.3.deref.json	fcdfffd3315af845655d92f2b37632cf4d9cd33afa5ae34112ef2156563baaa3	anyof-array-variant-struct-item	3cef12e8a02d612ad032473d4fb87266f2befeae	MIT	pass: MIT at pinned publisher repository	pass: pinned publisher commit	not-run: key closed by found witness jentic/apis/openapi/cradl.ai/main/2026-01-28T09:00:46Z/meta/import/input-bundle.json	not-owed	census.jsonl.gz; publisher-grants.tsv; fern-screens.jsonl; zulip-fern.json
vendor-portals	github--rest-api-description/descriptions/ghes-3.3/dereferenced/ghes-3.3.deref.yaml	https://raw.githubusercontent.com/github/rest-api-description/3cef12e8a02d612ad032473d4fb87266f2befeae/descriptions/ghes-3.3/dereferenced/ghes-3.3.deref.yaml	6cd590f4235f9aa6020009f667b090f08e84b0c560a91051c6b6ea3df5689159	anyof-array-variant-struct-item	3cef12e8a02d612ad032473d4fb87266f2befeae	MIT	pass: MIT at pinned publisher repository	pass: pinned publisher commit	not-run: key closed by found witness jentic/apis/openapi/cradl.ai/main/2026-01-28T09:00:46Z/meta/import/input-bundle.json	not-owed	census.jsonl.gz; publisher-grants.tsv; fern-screens.jsonl; zulip-fern.json
vendor-portals	github--rest-api-description/descriptions/ghes-3.4/dereferenced/ghes-3.4.deref.json	https://raw.githubusercontent.com/github/rest-api-description/3cef12e8a02d612ad032473d4fb87266f2befeae/descriptions/ghes-3.4/dereferenced/ghes-3.4.deref.json	98450480b3d1e889837281000ed048d68444475cf1b969f2f70e7516d7ca6120	anyof-array-variant-struct-item	3cef12e8a02d612ad032473d4fb87266f2befeae	MIT	pass: MIT at pinned publisher repository	pass: pinned publisher commit	not-run: key closed by found witness jentic/apis/openapi/cradl.ai/main/2026-01-28T09:00:46Z/meta/import/input-bundle.json	not-owed	census.jsonl.gz; publisher-grants.tsv; fern-screens.jsonl; zulip-fern.json
vendor-portals	github--rest-api-description/descriptions/ghes-3.4/dereferenced/ghes-3.4.deref.yaml	https://raw.githubusercontent.com/github/rest-api-description/3cef12e8a02d612ad032473d4fb87266f2befeae/descriptions/ghes-3.4/dereferenced/ghes-3.4.deref.yaml	1cb2d8037e558318a71033d6256e490cc27c385d29771d5979eb39c57ded1e15	anyof-array-variant-struct-item	3cef12e8a02d612ad032473d4fb87266f2befeae	MIT	pass: MIT at pinned publisher repository	pass: pinned publisher commit	not-run: key closed by found witness jentic/apis/openapi/cradl.ai/main/2026-01-28T09:00:46Z/meta/import/input-bundle.json	not-owed	census.jsonl.gz; publisher-grants.tsv; fern-screens.jsonl; zulip-fern.json
vendor-portals	github--rest-api-description/descriptions/ghes-3.5/dereferenced/ghes-3.5.deref.json	https://raw.githubusercontent.com/github/rest-api-description/3cef12e8a02d612ad032473d4fb87266f2befeae/descriptions/ghes-3.5/dereferenced/ghes-3.5.deref.json	7b03be54b9bbb8daf756a3ed434abfdaa441dc10c93c42d3453e06f1a77f990b	anyof-array-variant-struct-item	3cef12e8a02d612ad032473d4fb87266f2befeae	MIT	pass: MIT at pinned publisher repository	pass: pinned publisher commit	not-run: key closed by found witness jentic/apis/openapi/cradl.ai/main/2026-01-28T09:00:46Z/meta/import/input-bundle.json	not-owed	census.jsonl.gz; publisher-grants.tsv; fern-screens.jsonl; zulip-fern.json
vendor-portals	github--rest-api-description/descriptions/ghes-3.5/dereferenced/ghes-3.5.deref.yaml	https://raw.githubusercontent.com/github/rest-api-description/3cef12e8a02d612ad032473d4fb87266f2befeae/descriptions/ghes-3.5/dereferenced/ghes-3.5.deref.yaml	209ef4eef1adc0967e63706942a3f475f49b4297237a84efb876547913233634	anyof-array-variant-struct-item	3cef12e8a02d612ad032473d4fb87266f2befeae	MIT	pass: MIT at pinned publisher repository	pass: pinned publisher commit	not-run: key closed by found witness jentic/apis/openapi/cradl.ai/main/2026-01-28T09:00:46Z/meta/import/input-bundle.json	not-owed	census.jsonl.gz; publisher-grants.tsv; fern-screens.jsonl; zulip-fern.json
vendor-portals	github--rest-api-description/descriptions/ghes-3.6/dereferenced/ghes-3.6.deref.json	https://raw.githubusercontent.com/github/rest-api-description/3cef12e8a02d612ad032473d4fb87266f2befeae/descriptions/ghes-3.6/dereferenced/ghes-3.6.deref.json	29adc94c7032187cbb0d2cfb1972a3d49e5118109038d5ad19f12f6c9649d69c	anyof-array-variant-struct-item	3cef12e8a02d612ad032473d4fb87266f2befeae	MIT	pass: MIT at pinned publisher repository	pass: pinned publisher commit	not-run: key closed by found witness jentic/apis/openapi/cradl.ai/main/2026-01-28T09:00:46Z/meta/import/input-bundle.json	not-owed	census.jsonl.gz; publisher-grants.tsv; fern-screens.jsonl; zulip-fern.json
vendor-portals	github--rest-api-description/descriptions/ghes-3.6/dereferenced/ghes-3.6.deref.yaml	https://raw.githubusercontent.com/github/rest-api-description/3cef12e8a02d612ad032473d4fb87266f2befeae/descriptions/ghes-3.6/dereferenced/ghes-3.6.deref.yaml	d04e48aef029f032468df6a23a06e2cdab610050632ec3943e4738a005a30865	anyof-array-variant-struct-item	3cef12e8a02d612ad032473d4fb87266f2befeae	MIT	pass: MIT at pinned publisher repository	pass: pinned publisher commit	not-run: key closed by found witness jentic/apis/openapi/cradl.ai/main/2026-01-28T09:00:46Z/meta/import/input-bundle.json	not-owed	census.jsonl.gz; publisher-grants.tsv; fern-screens.jsonl; zulip-fern.json
vendor-portals	github--rest-api-description/descriptions/ghes-3.7/dereferenced/ghes-3.7.deref.json	https://raw.githubusercontent.com/github/rest-api-description/3cef12e8a02d612ad032473d4fb87266f2befeae/descriptions/ghes-3.7/dereferenced/ghes-3.7.deref.json	51c62f3349ddca9dee52548746fdaf2137f5c61df90eec0f99ad7853156ed2ba	anyof-array-variant-struct-item	3cef12e8a02d612ad032473d4fb87266f2befeae	MIT	pass: MIT at pinned publisher repository	pass: pinned publisher commit	not-run: key closed by found witness jentic/apis/openapi/cradl.ai/main/2026-01-28T09:00:46Z/meta/import/input-bundle.json	not-owed	census.jsonl.gz; publisher-grants.tsv; fern-screens.jsonl; zulip-fern.json
vendor-portals	github--rest-api-description/descriptions/ghes-3.7/dereferenced/ghes-3.7.deref.yaml	https://raw.githubusercontent.com/github/rest-api-description/3cef12e8a02d612ad032473d4fb87266f2befeae/descriptions/ghes-3.7/dereferenced/ghes-3.7.deref.yaml	1b2c8f8c50d6e565b3823e85791c2548fa1347c2dfc65accd5542d2ef6986fe9	anyof-array-variant-struct-item	3cef12e8a02d612ad032473d4fb87266f2befeae	MIT	pass: MIT at pinned publisher repository	pass: pinned publisher commit	not-run: key closed by found witness jentic/apis/openapi/cradl.ai/main/2026-01-28T09:00:46Z/meta/import/input-bundle.json	not-owed	census.jsonl.gz; publisher-grants.tsv; fern-screens.jsonl; zulip-fern.json
vendor-portals	github--rest-api-description/descriptions/ghes-3.8/dereferenced/ghes-3.8.deref.json	https://raw.githubusercontent.com/github/rest-api-description/3cef12e8a02d612ad032473d4fb87266f2befeae/descriptions/ghes-3.8/dereferenced/ghes-3.8.deref.json	0dec79f9688b959b53de8630f1fb9faf3cf7a61684b94519d32543bd85afcfe3	anyof-array-variant-struct-item	3cef12e8a02d612ad032473d4fb87266f2befeae	MIT	pass: MIT at pinned publisher repository	pass: pinned publisher commit	not-run: key closed by found witness jentic/apis/openapi/cradl.ai/main/2026-01-28T09:00:46Z/meta/import/input-bundle.json	not-owed	census.jsonl.gz; publisher-grants.tsv; fern-screens.jsonl; zulip-fern.json
vendor-portals	github--rest-api-description/descriptions/ghes-3.8/dereferenced/ghes-3.8.deref.yaml	https://raw.githubusercontent.com/github/rest-api-description/3cef12e8a02d612ad032473d4fb87266f2befeae/descriptions/ghes-3.8/dereferenced/ghes-3.8.deref.yaml	741a104be4d7f1373dca1a68d0eb1ca4b7ea505d26682fb1043a83359f3b5337	anyof-array-variant-struct-item	3cef12e8a02d612ad032473d4fb87266f2befeae	MIT	pass: MIT at pinned publisher repository	pass: pinned publisher commit	not-run: key closed by found witness jentic/apis/openapi/cradl.ai/main/2026-01-28T09:00:46Z/meta/import/input-bundle.json	not-owed	census.jsonl.gz; publisher-grants.tsv; fern-screens.jsonl; zulip-fern.json
vendor-portals	github--rest-api-description/descriptions/ghes-3.9/dereferenced/ghes-3.9.2022-11-28.deref.json	https://raw.githubusercontent.com/github/rest-api-description/3cef12e8a02d612ad032473d4fb87266f2befeae/descriptions/ghes-3.9/dereferenced/ghes-3.9.2022-11-28.deref.json	b1f09d6132c289107d206268f99469a69df6179fca603aeb4a153e5c3519af50	anyof-array-variant-struct-item	3cef12e8a02d612ad032473d4fb87266f2befeae	MIT	pass: MIT at pinned publisher repository	pass: pinned publisher commit	not-run: key closed by found witness jentic/apis/openapi/cradl.ai/main/2026-01-28T09:00:46Z/meta/import/input-bundle.json	not-owed	census.jsonl.gz; publisher-grants.tsv; fern-screens.jsonl; zulip-fern.json
vendor-portals	github--rest-api-description/descriptions/ghes-3.9/dereferenced/ghes-3.9.2022-11-28.deref.yaml	https://raw.githubusercontent.com/github/rest-api-description/3cef12e8a02d612ad032473d4fb87266f2befeae/descriptions/ghes-3.9/dereferenced/ghes-3.9.2022-11-28.deref.yaml	5f412f53e90a25532fdb1387ab07004373eed07b32808b2f742252482db3c31a	anyof-array-variant-struct-item	3cef12e8a02d612ad032473d4fb87266f2befeae	MIT	pass: MIT at pinned publisher repository	pass: pinned publisher commit	not-run: key closed by found witness jentic/apis/openapi/cradl.ai/main/2026-01-28T09:00:46Z/meta/import/input-bundle.json	not-owed	census.jsonl.gz; publisher-grants.tsv; fern-screens.jsonl; zulip-fern.json
vendor-portals	github--rest-api-description/descriptions/ghes-3.9/dereferenced/ghes-3.9.deref.json	https://raw.githubusercontent.com/github/rest-api-description/3cef12e8a02d612ad032473d4fb87266f2befeae/descriptions/ghes-3.9/dereferenced/ghes-3.9.deref.json	b1f09d6132c289107d206268f99469a69df6179fca603aeb4a153e5c3519af50	anyof-array-variant-struct-item	3cef12e8a02d612ad032473d4fb87266f2befeae	MIT	pass: MIT at pinned publisher repository	pass: pinned publisher commit	not-run: key closed by found witness jentic/apis/openapi/cradl.ai/main/2026-01-28T09:00:46Z/meta/import/input-bundle.json	not-owed	census.jsonl.gz; publisher-grants.tsv; fern-screens.jsonl; zulip-fern.json
vendor-portals	github--rest-api-description/descriptions/ghes-3.9/dereferenced/ghes-3.9.deref.yaml	https://raw.githubusercontent.com/github/rest-api-description/3cef12e8a02d612ad032473d4fb87266f2befeae/descriptions/ghes-3.9/dereferenced/ghes-3.9.deref.yaml	5f412f53e90a25532fdb1387ab07004373eed07b32808b2f742252482db3c31a	anyof-array-variant-struct-item	3cef12e8a02d612ad032473d4fb87266f2befeae	MIT	pass: MIT at pinned publisher repository	pass: pinned publisher commit	not-run: key closed by found witness jentic/apis/openapi/cradl.ai/main/2026-01-28T09:00:46Z/meta/import/input-bundle.json	not-owed	census.jsonl.gz; publisher-grants.tsv; fern-screens.jsonl; zulip-fern.json
vendor-portals	intercom--Intercom-OpenAPI/descriptions/2.10/api.intercom.io.yaml	https://raw.githubusercontent.com/intercom/Intercom-OpenAPI/3d5adcb2eeb0df209d83035c2f5bc69c932b2644/descriptions/2.10/api.intercom.io.yaml	a7fb6c0d580596b1bd870f67ab3064b8c660d76e3568baef79c3664f5a97e404	ref-pointer-undeclared-component-head	3d5adcb2eeb0df209d83035c2f5bc69c932b2644	MIT	pass: MIT at pinned publisher repository	pass: pinned publisher commit	not-run: key closed by found witness jentic/apis/openapi/alma_france_api/main/1.0.0/meta/import/input-bundle.json	not-owed	census.jsonl.gz; publisher-grants.tsv; fern-screens.jsonl; zulip-fern.json
vendor-portals	intercom--Intercom-OpenAPI/descriptions/2.11/api.intercom.io.yaml	https://raw.githubusercontent.com/intercom/Intercom-OpenAPI/3d5adcb2eeb0df209d83035c2f5bc69c932b2644/descriptions/2.11/api.intercom.io.yaml	04da5a3c1c68b149b9feda12c59ec18b7d90af360856ee4a9e7b3b1158c2ac8b	ref-pointer-undeclared-component-head	3d5adcb2eeb0df209d83035c2f5bc69c932b2644	MIT	pass: MIT at pinned publisher repository	pass: pinned publisher commit	not-run: key closed by found witness jentic/apis/openapi/alma_france_api/main/1.0.0/meta/import/input-bundle.json	not-owed	census.jsonl.gz; publisher-grants.tsv; fern-screens.jsonl; zulip-fern.json
vendor-portals	intercom--Intercom-OpenAPI/descriptions/2.7/api.intercom.io.yaml	https://raw.githubusercontent.com/intercom/Intercom-OpenAPI/3d5adcb2eeb0df209d83035c2f5bc69c932b2644/descriptions/2.7/api.intercom.io.yaml	d8bbe09546c5cd0f3796870d341029ee2d19624e5dd2ea9909a36c2b612dff6c	ref-pointer-undeclared-component-head	3d5adcb2eeb0df209d83035c2f5bc69c932b2644	MIT	pass: MIT at pinned publisher repository	pass: pinned publisher commit	not-run: key closed by found witness jentic/apis/openapi/alma_france_api/main/1.0.0/meta/import/input-bundle.json	not-owed	census.jsonl.gz; publisher-grants.tsv; fern-screens.jsonl; zulip-fern.json
vendor-portals	intercom--Intercom-OpenAPI/descriptions/2.8/api.intercom.io.yaml	https://raw.githubusercontent.com/intercom/Intercom-OpenAPI/3d5adcb2eeb0df209d83035c2f5bc69c932b2644/descriptions/2.8/api.intercom.io.yaml	50d173918724fa19328952ba2e97a59b5f72dd3282c85ec95226b333afaba957	ref-pointer-undeclared-component-head	3d5adcb2eeb0df209d83035c2f5bc69c932b2644	MIT	pass: MIT at pinned publisher repository	pass: pinned publisher commit	not-run: key closed by found witness jentic/apis/openapi/alma_france_api/main/1.0.0/meta/import/input-bundle.json	not-owed	census.jsonl.gz; publisher-grants.tsv; fern-screens.jsonl; zulip-fern.json
vendor-portals	intercom--Intercom-OpenAPI/descriptions/2.9/api.intercom.io.yaml	https://raw.githubusercontent.com/intercom/Intercom-OpenAPI/3d5adcb2eeb0df209d83035c2f5bc69c932b2644/descriptions/2.9/api.intercom.io.yaml	484ce65d9eac8317114746033498932dca5df57c7c6a449d9ed0f1009972fa89	ref-pointer-undeclared-component-head	3d5adcb2eeb0df209d83035c2f5bc69c932b2644	MIT	pass: MIT at pinned publisher repository	pass: pinned publisher commit	not-run: key closed by found witness jentic/apis/openapi/alma_france_api/main/1.0.0/meta/import/input-bundle.json	not-owed	census.jsonl.gz; publisher-grants.tsv; fern-screens.jsonl; zulip-fern.json
vendor-portals	openai--openai-openapi/openapi.json	https://raw.githubusercontent.com/openai/openai-openapi/b53b169f44dc0fbf878db3f9a1d3b66f43831f8d/openapi.json	eeff5890d95fdc3656b881460fd07827652cb77333baa66ed34d6ce7adaa3c91	annotated-ref-target-oneof	b53b169f44dc0fbf878db3f9a1d3b66f43831f8d	MIT	pass: MIT at pinned publisher repository	pass: pinned publisher commit	not-run: key closed by found witness zulip/zulip:zerver/openapi/zulip.yaml	not-owed	census.jsonl.gz; publisher-grants.tsv; fern-screens.jsonl; zulip-fern.json
vendor-portals	openai--openai-openapi/openapi.json	https://raw.githubusercontent.com/openai/openai-openapi/b53b169f44dc0fbf878db3f9a1d3b66f43831f8d/openapi.json	eeff5890d95fdc3656b881460fd07827652cb77333baa66ed34d6ce7adaa3c91	anyof-array-variant-struct-item	b53b169f44dc0fbf878db3f9a1d3b66f43831f8d	MIT	pass: MIT at pinned publisher repository	pass: pinned publisher commit	not-run: key closed by found witness jentic/apis/openapi/cradl.ai/main/2026-01-28T09:00:46Z/meta/import/input-bundle.json	not-owed	census.jsonl.gz; publisher-grants.tsv; fern-screens.jsonl; zulip-fern.json
vendor-portals	openai--openai-openapi/openapi.yaml	https://raw.githubusercontent.com/openai/openai-openapi/b53b169f44dc0fbf878db3f9a1d3b66f43831f8d/openapi.yaml	5f2358ee412d4220e5673068c02fc34c36653cdc60e18f72bddc707caec587ae	annotated-ref-target-oneof	b53b169f44dc0fbf878db3f9a1d3b66f43831f8d	MIT	pass: MIT at pinned publisher repository	pass: pinned publisher commit	not-run: key closed by found witness zulip/zulip:zerver/openapi/zulip.yaml	not-owed	census.jsonl.gz; publisher-grants.tsv; fern-screens.jsonl; zulip-fern.json
vendor-portals	openai--openai-openapi/openapi.yaml	https://raw.githubusercontent.com/openai/openai-openapi/b53b169f44dc0fbf878db3f9a1d3b66f43831f8d/openapi.yaml	5f2358ee412d4220e5673068c02fc34c36653cdc60e18f72bddc707caec587ae	anyof-array-variant-struct-item	b53b169f44dc0fbf878db3f9a1d3b66f43831f8d	MIT	pass: MIT at pinned publisher repository	pass: pinned publisher commit	not-run: key closed by found witness jentic/apis/openapi/cradl.ai/main/2026-01-28T09:00:46Z/meta/import/input-bundle.json	not-owed	census.jsonl.gz; publisher-grants.tsv; fern-screens.jsonl; zulip-fern.json
vendor-portals	stripe--openapi/latest/openapi.spec3.json	https://raw.githubusercontent.com/stripe/openapi/58e06a3214ae1574600fba64d40b770e5da6d505/latest/openapi.spec3.json	2c31317cdff103e4495b5b3501004d9ddc0af61f43b0ab819e2db392eef008f6	anyof-array-variant-struct-item	58e06a3214ae1574600fba64d40b770e5da6d505	MIT	pass: MIT at pinned publisher repository	pass: pinned publisher commit	not-run: key closed by found witness jentic/apis/openapi/cradl.ai/main/2026-01-28T09:00:46Z/meta/import/input-bundle.json	not-owed	census.jsonl.gz; publisher-grants.tsv; fern-screens.jsonl; zulip-fern.json
vendor-portals	stripe--openapi/latest/openapi.spec3.sdk.json	https://raw.githubusercontent.com/stripe/openapi/58e06a3214ae1574600fba64d40b770e5da6d505/latest/openapi.spec3.sdk.json	92363b86025d012852f648554372bf5fa6146af1472fb63f3c29d7c5fe6bd19a	anyof-array-variant-struct-item	58e06a3214ae1574600fba64d40b770e5da6d505	MIT	pass: MIT at pinned publisher repository	pass: pinned publisher commit	not-run: key closed by found witness jentic/apis/openapi/cradl.ai/main/2026-01-28T09:00:46Z/meta/import/input-bundle.json	not-owed	census.jsonl.gz; publisher-grants.tsv; fern-screens.jsonl; zulip-fern.json
vendor-portals	stripe--openapi/latest/openapi.spec3.sdk.yaml	https://raw.githubusercontent.com/stripe/openapi/58e06a3214ae1574600fba64d40b770e5da6d505/latest/openapi.spec3.sdk.yaml	3ef9e985df2bed8314903f5d292f82040540815eafe6215964f1a9e8127d249c	anyof-array-variant-struct-item	58e06a3214ae1574600fba64d40b770e5da6d505	MIT	pass: MIT at pinned publisher repository	pass: pinned publisher commit	not-run: key closed by found witness jentic/apis/openapi/cradl.ai/main/2026-01-28T09:00:46Z/meta/import/input-bundle.json	not-owed	census.jsonl.gz; publisher-grants.tsv; fern-screens.jsonl; zulip-fern.json
vendor-portals	stripe--openapi/latest/openapi.spec3.yaml	https://raw.githubusercontent.com/stripe/openapi/58e06a3214ae1574600fba64d40b770e5da6d505/latest/openapi.spec3.yaml	4b23d81eeb8a0d4d789baa362841c0c14f181b579ff3458c3ab002eb6aa1b553	anyof-array-variant-struct-item	58e06a3214ae1574600fba64d40b770e5da6d505	MIT	pass: MIT at pinned publisher repository	pass: pinned publisher commit	not-run: key closed by found witness jentic/apis/openapi/cradl.ai/main/2026-01-28T09:00:46Z/meta/import/input-bundle.json	not-owed	census.jsonl.gz; publisher-grants.tsv; fern-screens.jsonl; zulip-fern.json
vendor-portals	stripe--openapi/openapi/spec3.beta.sdk.json	https://raw.githubusercontent.com/stripe/openapi/58e06a3214ae1574600fba64d40b770e5da6d505/openapi/spec3.beta.sdk.json	ef87352a63f0cb8951f5a546764e42b8c28ee914e9e623caabb66b34e577c451	anyof-array-variant-struct-item	58e06a3214ae1574600fba64d40b770e5da6d505	MIT	pass: MIT at pinned publisher repository	pass: pinned publisher commit	not-run: key closed by found witness jentic/apis/openapi/cradl.ai/main/2026-01-28T09:00:46Z/meta/import/input-bundle.json	not-owed	census.jsonl.gz; publisher-grants.tsv; fern-screens.jsonl; zulip-fern.json
vendor-portals	stripe--openapi/openapi/spec3.beta.sdk.yaml	https://raw.githubusercontent.com/stripe/openapi/58e06a3214ae1574600fba64d40b770e5da6d505/openapi/spec3.beta.sdk.yaml	1d75a915d06d756bb5e11356fd6ed01495f80affa87a31698c7117d658a3607d	anyof-array-variant-struct-item	58e06a3214ae1574600fba64d40b770e5da6d505	MIT	pass: MIT at pinned publisher repository	pass: pinned publisher commit	not-run: key closed by found witness jentic/apis/openapi/cradl.ai/main/2026-01-28T09:00:46Z/meta/import/input-bundle.json	not-owed	census.jsonl.gz; publisher-grants.tsv; fern-screens.jsonl; zulip-fern.json
vendor-portals	stripe--openapi/openapi/spec3.json	https://raw.githubusercontent.com/stripe/openapi/58e06a3214ae1574600fba64d40b770e5da6d505/openapi/spec3.json	f0e0fc8fffbffda45bf5f3df59846443c1d47a3cfcbfae232eedf4743124ebee	anyof-array-variant-struct-item	58e06a3214ae1574600fba64d40b770e5da6d505	MIT	pass: MIT at pinned publisher repository	pass: pinned publisher commit	not-run: key closed by found witness jentic/apis/openapi/cradl.ai/main/2026-01-28T09:00:46Z/meta/import/input-bundle.json	not-owed	census.jsonl.gz; publisher-grants.tsv; fern-screens.jsonl; zulip-fern.json
vendor-portals	stripe--openapi/openapi/spec3.private_preview.sdk.json	https://raw.githubusercontent.com/stripe/openapi/58e06a3214ae1574600fba64d40b770e5da6d505/openapi/spec3.private_preview.sdk.json	294b81d07a72aff0d43946448d0cac471827b435e54cc658052471f905d7d447	anyof-array-variant-struct-item	58e06a3214ae1574600fba64d40b770e5da6d505	MIT	pass: MIT at pinned publisher repository	pass: pinned publisher commit	not-run: key closed by found witness jentic/apis/openapi/cradl.ai/main/2026-01-28T09:00:46Z/meta/import/input-bundle.json	not-owed	census.jsonl.gz; publisher-grants.tsv; fern-screens.jsonl; zulip-fern.json
vendor-portals	stripe--openapi/openapi/spec3.private_preview.sdk.yaml	https://raw.githubusercontent.com/stripe/openapi/58e06a3214ae1574600fba64d40b770e5da6d505/openapi/spec3.private_preview.sdk.yaml	fea781f7ee4d3bfaa90ceb14900b98bab7d5edf7313ca697c24784685329b5b7	anyof-array-variant-struct-item	58e06a3214ae1574600fba64d40b770e5da6d505	MIT	pass: MIT at pinned publisher repository	pass: pinned publisher commit	not-run: key closed by found witness jentic/apis/openapi/cradl.ai/main/2026-01-28T09:00:46Z/meta/import/input-bundle.json	not-owed	census.jsonl.gz; publisher-grants.tsv; fern-screens.jsonl; zulip-fern.json
vendor-portals	stripe--openapi/openapi/spec3.sdk.json	https://raw.githubusercontent.com/stripe/openapi/58e06a3214ae1574600fba64d40b770e5da6d505/openapi/spec3.sdk.json	610a902a16d767bef822a36ae357325ae723f8f4a4dc8f009e9b250409728465	anyof-array-variant-struct-item	58e06a3214ae1574600fba64d40b770e5da6d505	MIT	pass: MIT at pinned publisher repository	pass: pinned publisher commit	not-run: key closed by found witness jentic/apis/openapi/cradl.ai/main/2026-01-28T09:00:46Z/meta/import/input-bundle.json	not-owed	census.jsonl.gz; publisher-grants.tsv; fern-screens.jsonl; zulip-fern.json
vendor-portals	stripe--openapi/openapi/spec3.sdk.yaml	https://raw.githubusercontent.com/stripe/openapi/58e06a3214ae1574600fba64d40b770e5da6d505/openapi/spec3.sdk.yaml	f6c84cc65904996a1a16cc8c2e9f51feb3307b41b24a16d1816fee3a7b803558	anyof-array-variant-struct-item	58e06a3214ae1574600fba64d40b770e5da6d505	MIT	pass: MIT at pinned publisher repository	pass: pinned publisher commit	not-run: key closed by found witness jentic/apis/openapi/cradl.ai/main/2026-01-28T09:00:46Z/meta/import/input-bundle.json	not-owed	census.jsonl.gz; publisher-grants.tsv; fern-screens.jsonl; zulip-fern.json
vendor-portals	stripe--openapi/openapi/spec3.yaml	https://raw.githubusercontent.com/stripe/openapi/58e06a3214ae1574600fba64d40b770e5da6d505/openapi/spec3.yaml	2e0ce56f026b1862dd772061c839a2c8ca9cc3e180f8bb22d7694b8ba214d203	anyof-array-variant-struct-item	58e06a3214ae1574600fba64d40b770e5da6d505	MIT	pass: MIT at pinned publisher repository	pass: pinned publisher commit	not-run: key closed by found witness jentic/apis/openapi/cradl.ai/main/2026-01-28T09:00:46Z/meta/import/input-bundle.json	not-owed	census.jsonl.gz; publisher-grants.tsv; fern-screens.jsonl; zulip-fern.json
vendor-portals	stripe--openapi/preview/openapi.private_preview.spec3.sdk.json	https://raw.githubusercontent.com/stripe/openapi/58e06a3214ae1574600fba64d40b770e5da6d505/preview/openapi.private_preview.spec3.sdk.json	a98555c116cd4665b68598872e72a9e6a2dcbe9a52d1040630f0af84c84e0b78	anyof-array-variant-struct-item	58e06a3214ae1574600fba64d40b770e5da6d505	MIT	pass: MIT at pinned publisher repository	pass: pinned publisher commit	not-run: key closed by found witness jentic/apis/openapi/cradl.ai/main/2026-01-28T09:00:46Z/meta/import/input-bundle.json	not-owed	census.jsonl.gz; publisher-grants.tsv; fern-screens.jsonl; zulip-fern.json
vendor-portals	stripe--openapi/preview/openapi.private_preview.spec3.sdk.yaml	https://raw.githubusercontent.com/stripe/openapi/58e06a3214ae1574600fba64d40b770e5da6d505/preview/openapi.private_preview.spec3.sdk.yaml	30dc9b4a8ce901d78efcb9b5c61496fad1249412a9560408d3acfd7bb68ffb10	anyof-array-variant-struct-item	58e06a3214ae1574600fba64d40b770e5da6d505	MIT	pass: MIT at pinned publisher repository	pass: pinned publisher commit	not-run: key closed by found witness jentic/apis/openapi/cradl.ai/main/2026-01-28T09:00:46Z/meta/import/input-bundle.json	not-owed	census.jsonl.gz; publisher-grants.tsv; fern-screens.jsonl; zulip-fern.json
vendor-portals	stripe--openapi/preview/openapi.spec3.sdk.json	https://raw.githubusercontent.com/stripe/openapi/58e06a3214ae1574600fba64d40b770e5da6d505/preview/openapi.spec3.sdk.json	60caefaab927e1b1b4a42125a5309a50300bb17552c2f5f8794108e9a7d529d4	anyof-array-variant-struct-item	58e06a3214ae1574600fba64d40b770e5da6d505	MIT	pass: MIT at pinned publisher repository	pass: pinned publisher commit	not-run: key closed by found witness jentic/apis/openapi/cradl.ai/main/2026-01-28T09:00:46Z/meta/import/input-bundle.json	not-owed	census.jsonl.gz; publisher-grants.tsv; fern-screens.jsonl; zulip-fern.json
vendor-portals	stripe--openapi/preview/openapi.spec3.sdk.yaml	https://raw.githubusercontent.com/stripe/openapi/58e06a3214ae1574600fba64d40b770e5da6d505/preview/openapi.spec3.sdk.yaml	49fae67fae74b22ab1c3a7aaf7ee9af6bdbf2864973e2d87e107fe3a56fa3aa8	anyof-array-variant-struct-item	58e06a3214ae1574600fba64d40b770e5da6d505	MIT	pass: MIT at pinned publisher repository	pass: pinned publisher commit	not-run: key closed by found witness jentic/apis/openapi/cradl.ai/main/2026-01-28T09:00:46Z/meta/import/input-bundle.json	not-owed	census.jsonl.gz; publisher-grants.tsv; fern-screens.jsonl; zulip-fern.json
vendor-portals	zulip--zulip/zerver/openapi/zulip.yaml	https://raw.githubusercontent.com/zulip/zulip/6a82f40579f8adb9149aa0b04ff795c397baae73/zerver/openapi/zulip.yaml	486c52ec40e74e3f1bfc78534b726db9bcb3f1cf8f6fc3df4981733708fddd10	annotated-ref-target-closed-object	6a82f40579f8adb9149aa0b04ff795c397baae73	Apache-2.0	pass: Apache-2.0 at pinned publisher repository	pass: pinned publisher commit	pass: Fern 5.67.1 check and Python 5.20.0 generate; retained 1014 files	witness-found	census.jsonl.gz; publisher-grants.tsv; fern-screens.jsonl; zulip-fern.json
vendor-portals	zulip--zulip/zerver/openapi/zulip.yaml	https://raw.githubusercontent.com/zulip/zulip/6a82f40579f8adb9149aa0b04ff795c397baae73/zerver/openapi/zulip.yaml	486c52ec40e74e3f1bfc78534b726db9bcb3f1cf8f6fc3df4981733708fddd10	annotated-ref-target-composed	6a82f40579f8adb9149aa0b04ff795c397baae73	Apache-2.0	pass: Apache-2.0 at pinned publisher repository	pass: pinned publisher commit	pass: Fern 5.67.1 check and Python 5.20.0 generate; retained 1014 files	witness-found	census.jsonl.gz; publisher-grants.tsv; fern-screens.jsonl; zulip-fern.json
vendor-portals	zulip--zulip/zerver/openapi/zulip.yaml	https://raw.githubusercontent.com/zulip/zulip/6a82f40579f8adb9149aa0b04ff795c397baae73/zerver/openapi/zulip.yaml	486c52ec40e74e3f1bfc78534b726db9bcb3f1cf8f6fc3df4981733708fddd10	annotated-ref-target-oneof	6a82f40579f8adb9149aa0b04ff795c397baae73	Apache-2.0	pass: Apache-2.0 at pinned publisher repository	pass: pinned publisher commit	pass: Fern 5.67.1 check and Python 5.20.0 generate; retained 1014 files	witness-found	census.jsonl.gz; publisher-grants.tsv; fern-screens.jsonl; zulip-fern.json
vendor-portals	zulip--zulip/zerver/openapi/zulip.yaml	https://raw.githubusercontent.com/zulip/zulip/6a82f40579f8adb9149aa0b04ff795c397baae73/zerver/openapi/zulip.yaml	486c52ec40e74e3f1bfc78534b726db9bcb3f1cf8f6fc3df4981733708fddd10	oneof-array-variant-closed-object-item	6a82f40579f8adb9149aa0b04ff795c397baae73	Apache-2.0	pass: Apache-2.0 at pinned publisher repository	pass: pinned publisher commit	pass: Fern 5.67.1 check and Python 5.20.0 generate; retained 1014 files	witness-found	census.jsonl.gz; publisher-grants.tsv; fern-screens.jsonl; zulip-fern.json
