key	kind	subject	result	file
annotated-ref-target-closed-object	walk	jentic/jentic-public-apis@eb9d12a2684b0fbcb5aecf51e8ae54dba0929743	74240	acquisition-manifest.tsv
annotated-ref-target-closed-object	document	apis/openapi/pandascore.co/main/2.23.1/meta/import/input-bundle.json	census 7	census.jsonl.gz
annotated-ref-target-closed-object	candidate	apis/openapi/pandascore.co/main/2.23.1/meta/import/input-bundle.json	census 7	census.jsonl.gz
annotated-ref-target-closed-object	screen	apis/openapi/pandascore.co/main/2.23.1/meta/import/input-bundle.json licence	failed	candidates.tsv
annotated-ref-target-closed-object	screen	apis/openapi/pandascore.co/main/2.23.1/meta/import/input-bundle.json ref	not-run	candidates.tsv
annotated-ref-target-closed-object	screen	apis/openapi/pandascore.co/main/2.23.1/meta/import/input-bundle.json fern	not-run	candidates.tsv
annotated-ref-target-closed-object	document	apis/openapi/pandascore.co/main/2.23.1/meta/import/input-entry.json	census 7	census.jsonl.gz
annotated-ref-target-closed-object	candidate	apis/openapi/pandascore.co/main/2.23.1/meta/import/input-entry.json	census 7	census.jsonl.gz
annotated-ref-target-closed-object	screen	apis/openapi/pandascore.co/main/2.23.1/meta/import/input-entry.json licence	failed	candidates.tsv
annotated-ref-target-closed-object	screen	apis/openapi/pandascore.co/main/2.23.1/meta/import/input-entry.json ref	not-run	candidates.tsv
annotated-ref-target-closed-object	screen	apis/openapi/pandascore.co/main/2.23.1/meta/import/input-entry.json fern	not-run	candidates.tsv
annotated-ref-target-closed-object	document	apis/openapi/pandascore.co/main/2.23.1/meta/import/output-bundle.json	census 7	census.jsonl.gz
annotated-ref-target-closed-object	candidate	apis/openapi/pandascore.co/main/2.23.1/meta/import/output-bundle.json	census 7	census.jsonl.gz
annotated-ref-target-closed-object	screen	apis/openapi/pandascore.co/main/2.23.1/meta/import/output-bundle.json licence	failed	candidates.tsv
annotated-ref-target-closed-object	screen	apis/openapi/pandascore.co/main/2.23.1/meta/import/output-bundle.json ref	not-run	candidates.tsv
annotated-ref-target-closed-object	screen	apis/openapi/pandascore.co/main/2.23.1/meta/import/output-bundle.json fern	not-run	candidates.tsv
annotated-ref-target-closed-object	document	apis/openapi/pandascore.co/main/2.23.1/meta/import/output-entry.json	census 7	census.jsonl.gz
annotated-ref-target-closed-object	candidate	apis/openapi/pandascore.co/main/2.23.1/meta/import/output-entry.json	census 7	census.jsonl.gz
annotated-ref-target-closed-object	screen	apis/openapi/pandascore.co/main/2.23.1/meta/import/output-entry.json licence	failed	candidates.tsv
annotated-ref-target-closed-object	screen	apis/openapi/pandascore.co/main/2.23.1/meta/import/output-entry.json ref	not-run	candidates.tsv
annotated-ref-target-closed-object	screen	apis/openapi/pandascore.co/main/2.23.1/meta/import/output-entry.json fern	not-run	candidates.tsv
annotated-ref-target-closed-object	document	apis/openapi/pandascore.co/main/2.23.1/openapi.json	census 7	census.jsonl.gz
annotated-ref-target-closed-object	candidate	apis/openapi/pandascore.co/main/2.23.1/openapi.json	census 7	census.jsonl.gz
annotated-ref-target-closed-object	screen	apis/openapi/pandascore.co/main/2.23.1/openapi.json licence	failed	candidates.tsv
annotated-ref-target-closed-object	screen	apis/openapi/pandascore.co/main/2.23.1/openapi.json ref	not-run	candidates.tsv
annotated-ref-target-closed-object	screen	apis/openapi/pandascore.co/main/2.23.1/openapi.json fern	not-run	candidates.tsv
annotated-ref-target-closed-object	document	apis/openapi/pandascore.co/pandascore-rest-api-for-all-videogames/2.23.1/meta/import/input-bundle.json	census 7	census.jsonl.gz
annotated-ref-target-closed-object	candidate	apis/openapi/pandascore.co/pandascore-rest-api-for-all-videogames/2.23.1/meta/import/input-bundle.json	census 7	census.jsonl.gz
annotated-ref-target-closed-object	screen	apis/openapi/pandascore.co/pandascore-rest-api-for-all-videogames/2.23.1/meta/import/input-bundle.json licence	failed	candidates.tsv
annotated-ref-target-closed-object	screen	apis/openapi/pandascore.co/pandascore-rest-api-for-all-videogames/2.23.1/meta/import/input-bundle.json ref	not-run	candidates.tsv
annotated-ref-target-closed-object	screen	apis/openapi/pandascore.co/pandascore-rest-api-for-all-videogames/2.23.1/meta/import/input-bundle.json fern	not-run	candidates.tsv
annotated-ref-target-closed-object	document	apis/openapi/pandascore.co/pandascore-rest-api-for-all-videogames/2.23.1/meta/import/input-entry.json	census 7	census.jsonl.gz
annotated-ref-target-closed-object	candidate	apis/openapi/pandascore.co/pandascore-rest-api-for-all-videogames/2.23.1/meta/import/input-entry.json	census 7	census.jsonl.gz
annotated-ref-target-closed-object	screen	apis/openapi/pandascore.co/pandascore-rest-api-for-all-videogames/2.23.1/meta/import/input-entry.json licence	failed	candidates.tsv
annotated-ref-target-closed-object	screen	apis/openapi/pandascore.co/pandascore-rest-api-for-all-videogames/2.23.1/meta/import/input-entry.json ref	not-run	candidates.tsv
annotated-ref-target-closed-object	screen	apis/openapi/pandascore.co/pandascore-rest-api-for-all-videogames/2.23.1/meta/import/input-entry.json fern	not-run	candidates.tsv
annotated-ref-target-closed-object	document	apis/openapi/pandascore.co/pandascore-rest-api-for-all-videogames/2.23.1/meta/import/output-bundle.json	census 7	census.jsonl.gz
annotated-ref-target-closed-object	candidate	apis/openapi/pandascore.co/pandascore-rest-api-for-all-videogames/2.23.1/meta/import/output-bundle.json	census 7	census.jsonl.gz
annotated-ref-target-closed-object	screen	apis/openapi/pandascore.co/pandascore-rest-api-for-all-videogames/2.23.1/meta/import/output-bundle.json licence	failed	candidates.tsv
annotated-ref-target-closed-object	screen	apis/openapi/pandascore.co/pandascore-rest-api-for-all-videogames/2.23.1/meta/import/output-bundle.json ref	not-run	candidates.tsv
annotated-ref-target-closed-object	screen	apis/openapi/pandascore.co/pandascore-rest-api-for-all-videogames/2.23.1/meta/import/output-bundle.json fern	not-run	candidates.tsv
annotated-ref-target-closed-object	document	apis/openapi/pandascore.co/pandascore-rest-api-for-all-videogames/2.23.1/meta/import/output-entry.json	census 7	census.jsonl.gz
annotated-ref-target-closed-object	candidate	apis/openapi/pandascore.co/pandascore-rest-api-for-all-videogames/2.23.1/meta/import/output-entry.json	census 7	census.jsonl.gz
annotated-ref-target-closed-object	screen	apis/openapi/pandascore.co/pandascore-rest-api-for-all-videogames/2.23.1/meta/import/output-entry.json licence	failed	candidates.tsv
annotated-ref-target-closed-object	screen	apis/openapi/pandascore.co/pandascore-rest-api-for-all-videogames/2.23.1/meta/import/output-entry.json ref	not-run	candidates.tsv
annotated-ref-target-closed-object	screen	apis/openapi/pandascore.co/pandascore-rest-api-for-all-videogames/2.23.1/meta/import/output-entry.json fern	not-run	candidates.tsv
annotated-ref-target-closed-object	document	apis/openapi/pandascore.co/pandascore-rest-api-for-all-videogames/2.23.1/openapi.json	census 7	census.jsonl.gz
annotated-ref-target-closed-object	candidate	apis/openapi/pandascore.co/pandascore-rest-api-for-all-videogames/2.23.1/openapi.json	census 7	census.jsonl.gz
annotated-ref-target-closed-object	screen	apis/openapi/pandascore.co/pandascore-rest-api-for-all-videogames/2.23.1/openapi.json licence	failed	candidates.tsv
annotated-ref-target-closed-object	screen	apis/openapi/pandascore.co/pandascore-rest-api-for-all-videogames/2.23.1/openapi.json ref	not-run	candidates.tsv
annotated-ref-target-closed-object	screen	apis/openapi/pandascore.co/pandascore-rest-api-for-all-videogames/2.23.1/openapi.json fern	not-run	candidates.tsv
annotated-ref-target-closed-object	document	apis/openapi/zulip.com/zulip/1.0.0/meta/import/input-bundle.json	census 4	census.jsonl.gz
annotated-ref-target-closed-object	candidate	apis/openapi/zulip.com/zulip/1.0.0/meta/import/input-bundle.json	census 4	census.jsonl.gz
annotated-ref-target-closed-object	screen	apis/openapi/zulip.com/zulip/1.0.0/meta/import/input-bundle.json licence	passed	candidates.tsv
annotated-ref-target-closed-object	screen	apis/openapi/zulip.com/zulip/1.0.0/meta/import/input-bundle.json ref	passed	candidates.tsv
annotated-ref-target-closed-object	screen	apis/openapi/zulip.com/zulip/1.0.0/meta/import/input-bundle.json fern	passed	candidates.tsv
annotated-ref-target-closed-object	document	apis/openapi/zulip.com/zulip/1.0.0/meta/import/input-entry.json	census 4	census.jsonl.gz
annotated-ref-target-closed-object	candidate	apis/openapi/zulip.com/zulip/1.0.0/meta/import/input-entry.json	census 4	census.jsonl.gz
annotated-ref-target-closed-object	screen	apis/openapi/zulip.com/zulip/1.0.0/meta/import/input-entry.json licence	passed	candidates.tsv
annotated-ref-target-closed-object	screen	apis/openapi/zulip.com/zulip/1.0.0/meta/import/input-entry.json ref	passed	candidates.tsv
annotated-ref-target-closed-object	screen	apis/openapi/zulip.com/zulip/1.0.0/meta/import/input-entry.json fern	passed	candidates.tsv
annotated-ref-target-closed-object	document	apis/openapi/zulip.com/zulip/1.0.0/meta/import/output-bundle.json	census 4	census.jsonl.gz
annotated-ref-target-closed-object	candidate	apis/openapi/zulip.com/zulip/1.0.0/meta/import/output-bundle.json	census 4	census.jsonl.gz
annotated-ref-target-closed-object	screen	apis/openapi/zulip.com/zulip/1.0.0/meta/import/output-bundle.json licence	passed	candidates.tsv
annotated-ref-target-closed-object	screen	apis/openapi/zulip.com/zulip/1.0.0/meta/import/output-bundle.json ref	passed	candidates.tsv
annotated-ref-target-closed-object	screen	apis/openapi/zulip.com/zulip/1.0.0/meta/import/output-bundle.json fern	passed	candidates.tsv
annotated-ref-target-closed-object	document	apis/openapi/zulip.com/zulip/1.0.0/meta/import/output-entry.json	census 4	census.jsonl.gz
annotated-ref-target-closed-object	candidate	apis/openapi/zulip.com/zulip/1.0.0/meta/import/output-entry.json	census 4	census.jsonl.gz
annotated-ref-target-closed-object	screen	apis/openapi/zulip.com/zulip/1.0.0/meta/import/output-entry.json licence	passed	candidates.tsv
annotated-ref-target-closed-object	screen	apis/openapi/zulip.com/zulip/1.0.0/meta/import/output-entry.json ref	passed	candidates.tsv
annotated-ref-target-closed-object	screen	apis/openapi/zulip.com/zulip/1.0.0/meta/import/output-entry.json fern	passed	candidates.tsv
annotated-ref-target-closed-object	document	apis/openapi/zulip.com/zulip/1.0.0/openapi.json	census 4	census.jsonl.gz
annotated-ref-target-closed-object	candidate	apis/openapi/zulip.com/zulip/1.0.0/openapi.json	census 4	census.jsonl.gz
annotated-ref-target-closed-object	screen	apis/openapi/zulip.com/zulip/1.0.0/openapi.json licence	passed	candidates.tsv
annotated-ref-target-closed-object	screen	apis/openapi/zulip.com/zulip/1.0.0/openapi.json ref	passed	candidates.tsv
annotated-ref-target-closed-object	screen	apis/openapi/zulip.com/zulip/1.0.0/openapi.json fern	passed	candidates.tsv
annotated-ref-target-composed	walk	jentic/jentic-public-apis@eb9d12a2684b0fbcb5aecf51e8ae54dba0929743	74240	acquisition-manifest.tsv
annotated-ref-target-composed	document	apis/openapi/asana.com/main/1.0/meta/import/input-bundled.json	census 2	census.jsonl.gz
annotated-ref-target-composed	candidate	apis/openapi/asana.com/main/1.0/meta/import/input-bundled.json	census 2	census.jsonl.gz
annotated-ref-target-composed	screen	apis/openapi/asana.com/main/1.0/meta/import/input-bundled.json licence	failed	candidates.tsv
annotated-ref-target-composed	screen	apis/openapi/asana.com/main/1.0/meta/import/input-bundled.json ref	failed	candidates.tsv
annotated-ref-target-composed	screen	apis/openapi/asana.com/main/1.0/meta/import/input-bundled.json fern	not-run	candidates.tsv
annotated-ref-target-composed	document	apis/openapi/asana.com/main/1.0/meta/import/input-entry.json	census 2	census.jsonl.gz
annotated-ref-target-composed	candidate	apis/openapi/asana.com/main/1.0/meta/import/input-entry.json	census 2	census.jsonl.gz
annotated-ref-target-composed	screen	apis/openapi/asana.com/main/1.0/meta/import/input-entry.json licence	failed	candidates.tsv
annotated-ref-target-composed	screen	apis/openapi/asana.com/main/1.0/meta/import/input-entry.json ref	failed	candidates.tsv
annotated-ref-target-composed	screen	apis/openapi/asana.com/main/1.0/meta/import/input-entry.json fern	not-run	candidates.tsv
annotated-ref-target-composed	document	apis/openapi/asana.com/main/1.0/meta/import/output-bundled.json	census 2	census.jsonl.gz
annotated-ref-target-composed	candidate	apis/openapi/asana.com/main/1.0/meta/import/output-bundled.json	census 2	census.jsonl.gz
annotated-ref-target-composed	screen	apis/openapi/asana.com/main/1.0/meta/import/output-bundled.json licence	failed	candidates.tsv
annotated-ref-target-composed	screen	apis/openapi/asana.com/main/1.0/meta/import/output-bundled.json ref	failed	candidates.tsv
annotated-ref-target-composed	screen	apis/openapi/asana.com/main/1.0/meta/import/output-bundled.json fern	not-run	candidates.tsv
annotated-ref-target-composed	document	apis/openapi/asana.com/main/1.0/meta/import/output-entry.json	census 2	census.jsonl.gz
annotated-ref-target-composed	candidate	apis/openapi/asana.com/main/1.0/meta/import/output-entry.json	census 2	census.jsonl.gz
annotated-ref-target-composed	screen	apis/openapi/asana.com/main/1.0/meta/import/output-entry.json licence	failed	candidates.tsv
annotated-ref-target-composed	screen	apis/openapi/asana.com/main/1.0/meta/import/output-entry.json ref	failed	candidates.tsv
annotated-ref-target-composed	screen	apis/openapi/asana.com/main/1.0/meta/import/output-entry.json fern	not-run	candidates.tsv
annotated-ref-target-composed	document	apis/openapi/asana.com/main/1.0/openapi.json	census 2	census.jsonl.gz
annotated-ref-target-composed	candidate	apis/openapi/asana.com/main/1.0/openapi.json	census 2	census.jsonl.gz
annotated-ref-target-composed	screen	apis/openapi/asana.com/main/1.0/openapi.json licence	failed	candidates.tsv
annotated-ref-target-composed	screen	apis/openapi/asana.com/main/1.0/openapi.json ref	failed	candidates.tsv
annotated-ref-target-composed	screen	apis/openapi/asana.com/main/1.0/openapi.json fern	not-run	candidates.tsv
annotated-ref-target-composed	document	apis/openapi/box.com/main/2024.0/meta/import/input-bundle.json	census 35	census.jsonl.gz
annotated-ref-target-composed	candidate	apis/openapi/box.com/main/2024.0/meta/import/input-bundle.json	census 35	census.jsonl.gz
annotated-ref-target-composed	screen	apis/openapi/box.com/main/2024.0/meta/import/input-bundle.json licence	passed	candidates.tsv
annotated-ref-target-composed	screen	apis/openapi/box.com/main/2024.0/meta/import/input-bundle.json ref	passed	candidates.tsv
annotated-ref-target-composed	screen	apis/openapi/box.com/main/2024.0/meta/import/input-bundle.json fern	failed	candidates.tsv
annotated-ref-target-composed	document	apis/openapi/box.com/main/2024.0/meta/import/input-entry.json	census 35	census.jsonl.gz
annotated-ref-target-composed	candidate	apis/openapi/box.com/main/2024.0/meta/import/input-entry.json	census 35	census.jsonl.gz
annotated-ref-target-composed	screen	apis/openapi/box.com/main/2024.0/meta/import/input-entry.json licence	passed	candidates.tsv
annotated-ref-target-composed	screen	apis/openapi/box.com/main/2024.0/meta/import/input-entry.json ref	passed	candidates.tsv
annotated-ref-target-composed	screen	apis/openapi/box.com/main/2024.0/meta/import/input-entry.json fern	failed	candidates.tsv
annotated-ref-target-composed	document	apis/openapi/box.com/main/2024.0/meta/import/output-bundle.json	census 35	census.jsonl.gz
annotated-ref-target-composed	candidate	apis/openapi/box.com/main/2024.0/meta/import/output-bundle.json	census 35	census.jsonl.gz
annotated-ref-target-composed	screen	apis/openapi/box.com/main/2024.0/meta/import/output-bundle.json licence	passed	candidates.tsv
annotated-ref-target-composed	screen	apis/openapi/box.com/main/2024.0/meta/import/output-bundle.json ref	passed	candidates.tsv
annotated-ref-target-composed	screen	apis/openapi/box.com/main/2024.0/meta/import/output-bundle.json fern	failed	candidates.tsv
annotated-ref-target-composed	document	apis/openapi/box.com/main/2024.0/meta/import/output-entry.json	census 35	census.jsonl.gz
annotated-ref-target-composed	candidate	apis/openapi/box.com/main/2024.0/meta/import/output-entry.json	census 35	census.jsonl.gz
annotated-ref-target-composed	screen	apis/openapi/box.com/main/2024.0/meta/import/output-entry.json licence	passed	candidates.tsv
annotated-ref-target-composed	screen	apis/openapi/box.com/main/2024.0/meta/import/output-entry.json ref	passed	candidates.tsv
annotated-ref-target-composed	screen	apis/openapi/box.com/main/2024.0/meta/import/output-entry.json fern	failed	candidates.tsv
annotated-ref-target-composed	document	apis/openapi/box.com/main/2024.0/openapi.json	census 35	census.jsonl.gz
annotated-ref-target-composed	candidate	apis/openapi/box.com/main/2024.0/openapi.json	census 35	census.jsonl.gz
annotated-ref-target-composed	screen	apis/openapi/box.com/main/2024.0/openapi.json licence	passed	candidates.tsv
annotated-ref-target-composed	screen	apis/openapi/box.com/main/2024.0/openapi.json ref	passed	candidates.tsv
annotated-ref-target-composed	screen	apis/openapi/box.com/main/2024.0/openapi.json fern	failed	candidates.tsv
annotated-ref-target-composed	document	apis/openapi/codat.io/accounting/3.0.0/meta/import/input-bundled.json	census 26	census.jsonl.gz
annotated-ref-target-composed	candidate	apis/openapi/codat.io/accounting/3.0.0/meta/import/input-bundled.json	census 26	census.jsonl.gz
annotated-ref-target-composed	screen	apis/openapi/codat.io/accounting/3.0.0/meta/import/input-bundled.json licence	failed	candidates.tsv
annotated-ref-target-composed	screen	apis/openapi/codat.io/accounting/3.0.0/meta/import/input-bundled.json ref	failed	candidates.tsv
annotated-ref-target-composed	screen	apis/openapi/codat.io/accounting/3.0.0/meta/import/input-bundled.json fern	not-run	candidates.tsv
annotated-ref-target-composed	document	apis/openapi/codat.io/accounting/3.0.0/meta/import/input-entry.json	census 26	census.jsonl.gz
annotated-ref-target-composed	candidate	apis/openapi/codat.io/accounting/3.0.0/meta/import/input-entry.json	census 26	census.jsonl.gz
annotated-ref-target-composed	screen	apis/openapi/codat.io/accounting/3.0.0/meta/import/input-entry.json licence	failed	candidates.tsv
annotated-ref-target-composed	screen	apis/openapi/codat.io/accounting/3.0.0/meta/import/input-entry.json ref	failed	candidates.tsv
annotated-ref-target-composed	screen	apis/openapi/codat.io/accounting/3.0.0/meta/import/input-entry.json fern	not-run	candidates.tsv
annotated-ref-target-composed	document	apis/openapi/codat.io/accounting/3.0.0/meta/import/output-bundled.json	census 26	census.jsonl.gz
annotated-ref-target-composed	candidate	apis/openapi/codat.io/accounting/3.0.0/meta/import/output-bundled.json	census 26	census.jsonl.gz
annotated-ref-target-composed	screen	apis/openapi/codat.io/accounting/3.0.0/meta/import/output-bundled.json licence	failed	candidates.tsv
annotated-ref-target-composed	screen	apis/openapi/codat.io/accounting/3.0.0/meta/import/output-bundled.json ref	failed	candidates.tsv
annotated-ref-target-composed	screen	apis/openapi/codat.io/accounting/3.0.0/meta/import/output-bundled.json fern	not-run	candidates.tsv
annotated-ref-target-composed	document	apis/openapi/codat.io/accounting/3.0.0/meta/import/output-entry.json	census 26	census.jsonl.gz
annotated-ref-target-composed	candidate	apis/openapi/codat.io/accounting/3.0.0/meta/import/output-entry.json	census 26	census.jsonl.gz
annotated-ref-target-composed	screen	apis/openapi/codat.io/accounting/3.0.0/meta/import/output-entry.json licence	failed	candidates.tsv
annotated-ref-target-composed	screen	apis/openapi/codat.io/accounting/3.0.0/meta/import/output-entry.json ref	failed	candidates.tsv
annotated-ref-target-composed	screen	apis/openapi/codat.io/accounting/3.0.0/meta/import/output-entry.json fern	not-run	candidates.tsv
annotated-ref-target-composed	document	apis/openapi/codat.io/accounting/3.0.0/openapi.json	census 26	census.jsonl.gz
annotated-ref-target-composed	candidate	apis/openapi/codat.io/accounting/3.0.0/openapi.json	census 26	census.jsonl.gz
annotated-ref-target-composed	screen	apis/openapi/codat.io/accounting/3.0.0/openapi.json licence	failed	candidates.tsv
annotated-ref-target-composed	screen	apis/openapi/codat.io/accounting/3.0.0/openapi.json ref	failed	candidates.tsv
annotated-ref-target-composed	screen	apis/openapi/codat.io/accounting/3.0.0/openapi.json fern	not-run	candidates.tsv
annotated-ref-target-composed	document	apis/openapi/cvent.com/main/ea/meta/import/input-bundle.json	census 6	census.jsonl.gz
annotated-ref-target-composed	candidate	apis/openapi/cvent.com/main/ea/meta/import/input-bundle.json	census 6	census.jsonl.gz
annotated-ref-target-composed	screen	apis/openapi/cvent.com/main/ea/meta/import/input-bundle.json licence	failed	candidates.tsv
annotated-ref-target-composed	screen	apis/openapi/cvent.com/main/ea/meta/import/input-bundle.json ref	failed	candidates.tsv
annotated-ref-target-composed	screen	apis/openapi/cvent.com/main/ea/meta/import/input-bundle.json fern	not-run	candidates.tsv
annotated-ref-target-composed	document	apis/openapi/cvent.com/main/ea/meta/import/output-bundle.json	census 6	census.jsonl.gz
annotated-ref-target-composed	candidate	apis/openapi/cvent.com/main/ea/meta/import/output-bundle.json	census 6	census.jsonl.gz
annotated-ref-target-composed	screen	apis/openapi/cvent.com/main/ea/meta/import/output-bundle.json licence	failed	candidates.tsv
annotated-ref-target-composed	screen	apis/openapi/cvent.com/main/ea/meta/import/output-bundle.json ref	failed	candidates.tsv
annotated-ref-target-composed	screen	apis/openapi/cvent.com/main/ea/meta/import/output-bundle.json fern	not-run	candidates.tsv
annotated-ref-target-composed	document	apis/openapi/cvent.com/main/ea/openapi.json	census 6	census.jsonl.gz
annotated-ref-target-composed	candidate	apis/openapi/cvent.com/main/ea/openapi.json	census 6	census.jsonl.gz
annotated-ref-target-composed	screen	apis/openapi/cvent.com/main/ea/openapi.json licence	failed	candidates.tsv
annotated-ref-target-composed	screen	apis/openapi/cvent.com/main/ea/openapi.json ref	failed	candidates.tsv
annotated-ref-target-composed	screen	apis/openapi/cvent.com/main/ea/openapi.json fern	not-run	candidates.tsv
annotated-ref-target-composed	document	apis/openapi/groupe-psa.io/main/3.19.2/meta/import/input-bundle.json	census 3	census.jsonl.gz
annotated-ref-target-composed	candidate	apis/openapi/groupe-psa.io/main/3.19.2/meta/import/input-bundle.json	census 3	census.jsonl.gz
annotated-ref-target-composed	screen	apis/openapi/groupe-psa.io/main/3.19.2/meta/import/input-bundle.json licence	failed	candidates.tsv
annotated-ref-target-composed	screen	apis/openapi/groupe-psa.io/main/3.19.2/meta/import/input-bundle.json ref	failed	candidates.tsv
annotated-ref-target-composed	screen	apis/openapi/groupe-psa.io/main/3.19.2/meta/import/input-bundle.json fern	not-run	candidates.tsv
annotated-ref-target-composed	document	apis/openapi/groupe-psa.io/main/3.19.2/meta/import/input-entry.json	census 3	census.jsonl.gz
annotated-ref-target-composed	candidate	apis/openapi/groupe-psa.io/main/3.19.2/meta/import/input-entry.json	census 3	census.jsonl.gz
annotated-ref-target-composed	screen	apis/openapi/groupe-psa.io/main/3.19.2/meta/import/input-entry.json licence	passed	candidates.tsv
annotated-ref-target-composed	screen	apis/openapi/groupe-psa.io/main/3.19.2/meta/import/input-entry.json ref	passed	candidates.tsv
annotated-ref-target-composed	screen	apis/openapi/groupe-psa.io/main/3.19.2/meta/import/input-entry.json fern	passed	candidates.tsv
annotated-ref-target-composed	document	apis/openapi/groupe-psa.io/main/3.19.2/meta/import/output-bundle.json	census 3	census.jsonl.gz
annotated-ref-target-composed	candidate	apis/openapi/groupe-psa.io/main/3.19.2/meta/import/output-bundle.json	census 3	census.jsonl.gz
annotated-ref-target-composed	screen	apis/openapi/groupe-psa.io/main/3.19.2/meta/import/output-bundle.json licence	failed	candidates.tsv
annotated-ref-target-composed	screen	apis/openapi/groupe-psa.io/main/3.19.2/meta/import/output-bundle.json ref	failed	candidates.tsv
annotated-ref-target-composed	screen	apis/openapi/groupe-psa.io/main/3.19.2/meta/import/output-bundle.json fern	not-run	candidates.tsv
annotated-ref-target-composed	document	apis/openapi/groupe-psa.io/main/3.19.2/meta/import/output-entry.json	census 3	census.jsonl.gz
annotated-ref-target-composed	candidate	apis/openapi/groupe-psa.io/main/3.19.2/meta/import/output-entry.json	census 3	census.jsonl.gz
annotated-ref-target-composed	screen	apis/openapi/groupe-psa.io/main/3.19.2/meta/import/output-entry.json licence	passed	candidates.tsv
annotated-ref-target-composed	screen	apis/openapi/groupe-psa.io/main/3.19.2/meta/import/output-entry.json ref	passed	candidates.tsv
annotated-ref-target-composed	screen	apis/openapi/groupe-psa.io/main/3.19.2/meta/import/output-entry.json fern	passed	candidates.tsv
annotated-ref-target-composed	document	apis/openapi/groupe-psa.io/main/3.19.2/openapi.json	census 3	census.jsonl.gz
annotated-ref-target-composed	candidate	apis/openapi/groupe-psa.io/main/3.19.2/openapi.json	census 3	census.jsonl.gz
annotated-ref-target-composed	screen	apis/openapi/groupe-psa.io/main/3.19.2/openapi.json licence	failed	candidates.tsv
annotated-ref-target-composed	screen	apis/openapi/groupe-psa.io/main/3.19.2/openapi.json ref	failed	candidates.tsv
annotated-ref-target-composed	screen	apis/openapi/groupe-psa.io/main/3.19.2/openapi.json fern	not-run	candidates.tsv
annotated-ref-target-composed	document	apis/openapi/pagerduty.com/pagerduty-api/2.0.0/meta/import/input-bundle.json	census 3	census.jsonl.gz
annotated-ref-target-composed	candidate	apis/openapi/pagerduty.com/pagerduty-api/2.0.0/meta/import/input-bundle.json	census 3	census.jsonl.gz
annotated-ref-target-composed	screen	apis/openapi/pagerduty.com/pagerduty-api/2.0.0/meta/import/input-bundle.json licence	failed	candidates.tsv
annotated-ref-target-composed	screen	apis/openapi/pagerduty.com/pagerduty-api/2.0.0/meta/import/input-bundle.json ref	failed	candidates.tsv
annotated-ref-target-composed	screen	apis/openapi/pagerduty.com/pagerduty-api/2.0.0/meta/import/input-bundle.json fern	not-run	candidates.tsv
annotated-ref-target-composed	document	apis/openapi/pagerduty.com/pagerduty-api/2.0.0/meta/import/input-entry.json	census 3	census.jsonl.gz
annotated-ref-target-composed	candidate	apis/openapi/pagerduty.com/pagerduty-api/2.0.0/meta/import/input-entry.json	census 3	census.jsonl.gz
annotated-ref-target-composed	screen	apis/openapi/pagerduty.com/pagerduty-api/2.0.0/meta/import/input-entry.json licence	passed	candidates.tsv
annotated-ref-target-composed	screen	apis/openapi/pagerduty.com/pagerduty-api/2.0.0/meta/import/input-entry.json ref	passed	candidates.tsv
annotated-ref-target-composed	screen	apis/openapi/pagerduty.com/pagerduty-api/2.0.0/meta/import/input-entry.json fern	failed	candidates.tsv
annotated-ref-target-composed	document	apis/openapi/pagerduty.com/pagerduty-api/2.0.0/meta/import/output-bundle.json	census 3	census.jsonl.gz
annotated-ref-target-composed	candidate	apis/openapi/pagerduty.com/pagerduty-api/2.0.0/meta/import/output-bundle.json	census 3	census.jsonl.gz
annotated-ref-target-composed	screen	apis/openapi/pagerduty.com/pagerduty-api/2.0.0/meta/import/output-bundle.json licence	failed	candidates.tsv
annotated-ref-target-composed	screen	apis/openapi/pagerduty.com/pagerduty-api/2.0.0/meta/import/output-bundle.json ref	failed	candidates.tsv
annotated-ref-target-composed	screen	apis/openapi/pagerduty.com/pagerduty-api/2.0.0/meta/import/output-bundle.json fern	not-run	candidates.tsv
annotated-ref-target-composed	document	apis/openapi/pagerduty.com/pagerduty-api/2.0.0/meta/import/output-entry.json	census 3	census.jsonl.gz
annotated-ref-target-composed	candidate	apis/openapi/pagerduty.com/pagerduty-api/2.0.0/meta/import/output-entry.json	census 3	census.jsonl.gz
annotated-ref-target-composed	screen	apis/openapi/pagerduty.com/pagerduty-api/2.0.0/meta/import/output-entry.json licence	passed	candidates.tsv
annotated-ref-target-composed	screen	apis/openapi/pagerduty.com/pagerduty-api/2.0.0/meta/import/output-entry.json ref	passed	candidates.tsv
annotated-ref-target-composed	screen	apis/openapi/pagerduty.com/pagerduty-api/2.0.0/meta/import/output-entry.json fern	failed	candidates.tsv
annotated-ref-target-composed	document	apis/openapi/pagerduty.com/pagerduty-api/2.0.0/openapi.json	census 3	census.jsonl.gz
annotated-ref-target-composed	candidate	apis/openapi/pagerduty.com/pagerduty-api/2.0.0/openapi.json	census 3	census.jsonl.gz
annotated-ref-target-composed	screen	apis/openapi/pagerduty.com/pagerduty-api/2.0.0/openapi.json licence	failed	candidates.tsv
annotated-ref-target-composed	screen	apis/openapi/pagerduty.com/pagerduty-api/2.0.0/openapi.json ref	failed	candidates.tsv
annotated-ref-target-composed	screen	apis/openapi/pagerduty.com/pagerduty-api/2.0.0/openapi.json fern	not-run	candidates.tsv
annotated-ref-target-composed	document	apis/openapi/pandadoc.com/main/7.18.1/meta/import/input-bundle.json	census 1	census.jsonl.gz
annotated-ref-target-composed	candidate	apis/openapi/pandadoc.com/main/7.18.1/meta/import/input-bundle.json	census 1	census.jsonl.gz
annotated-ref-target-composed	screen	apis/openapi/pandadoc.com/main/7.18.1/meta/import/input-bundle.json licence	failed	candidates.tsv
annotated-ref-target-composed	screen	apis/openapi/pandadoc.com/main/7.18.1/meta/import/input-bundle.json ref	failed	candidates.tsv
annotated-ref-target-composed	screen	apis/openapi/pandadoc.com/main/7.18.1/meta/import/input-bundle.json fern	not-run	candidates.tsv
annotated-ref-target-composed	document	apis/openapi/pandadoc.com/main/7.18.1/meta/import/input-entry.json	census 1	census.jsonl.gz
annotated-ref-target-composed	candidate	apis/openapi/pandadoc.com/main/7.18.1/meta/import/input-entry.json	census 1	census.jsonl.gz
annotated-ref-target-composed	screen	apis/openapi/pandadoc.com/main/7.18.1/meta/import/input-entry.json licence	failed	candidates.tsv
annotated-ref-target-composed	screen	apis/openapi/pandadoc.com/main/7.18.1/meta/import/input-entry.json ref	failed	candidates.tsv
annotated-ref-target-composed	screen	apis/openapi/pandadoc.com/main/7.18.1/meta/import/input-entry.json fern	not-run	candidates.tsv
annotated-ref-target-composed	document	apis/openapi/pandadoc.com/main/7.18.1/meta/import/output-bundle.json	census 1	census.jsonl.gz
annotated-ref-target-composed	candidate	apis/openapi/pandadoc.com/main/7.18.1/meta/import/output-bundle.json	census 1	census.jsonl.gz
annotated-ref-target-composed	screen	apis/openapi/pandadoc.com/main/7.18.1/meta/import/output-bundle.json licence	failed	candidates.tsv
annotated-ref-target-composed	screen	apis/openapi/pandadoc.com/main/7.18.1/meta/import/output-bundle.json ref	failed	candidates.tsv
annotated-ref-target-composed	screen	apis/openapi/pandadoc.com/main/7.18.1/meta/import/output-bundle.json fern	not-run	candidates.tsv
annotated-ref-target-composed	document	apis/openapi/pandadoc.com/main/7.18.1/meta/import/output-entry.json	census 1	census.jsonl.gz
annotated-ref-target-composed	candidate	apis/openapi/pandadoc.com/main/7.18.1/meta/import/output-entry.json	census 1	census.jsonl.gz
annotated-ref-target-composed	screen	apis/openapi/pandadoc.com/main/7.18.1/meta/import/output-entry.json licence	failed	candidates.tsv
annotated-ref-target-composed	screen	apis/openapi/pandadoc.com/main/7.18.1/meta/import/output-entry.json ref	failed	candidates.tsv
annotated-ref-target-composed	screen	apis/openapi/pandadoc.com/main/7.18.1/meta/import/output-entry.json fern	not-run	candidates.tsv
annotated-ref-target-composed	document	apis/openapi/pandadoc.com/main/7.18.1/openapi.json	census 1	census.jsonl.gz
annotated-ref-target-composed	candidate	apis/openapi/pandadoc.com/main/7.18.1/openapi.json	census 1	census.jsonl.gz
annotated-ref-target-composed	screen	apis/openapi/pandadoc.com/main/7.18.1/openapi.json licence	failed	candidates.tsv
annotated-ref-target-composed	screen	apis/openapi/pandadoc.com/main/7.18.1/openapi.json ref	failed	candidates.tsv
annotated-ref-target-composed	screen	apis/openapi/pandadoc.com/main/7.18.1/openapi.json fern	not-run	candidates.tsv
annotated-ref-target-composed	document	apis/openapi/wildapricot.com/main/9.6.1/meta/import/input-bundle.json	census 4	census.jsonl.gz
annotated-ref-target-composed	candidate	apis/openapi/wildapricot.com/main/9.6.1/meta/import/input-bundle.json	census 4	census.jsonl.gz
annotated-ref-target-composed	screen	apis/openapi/wildapricot.com/main/9.6.1/meta/import/input-bundle.json licence	failed	candidates.tsv
annotated-ref-target-composed	screen	apis/openapi/wildapricot.com/main/9.6.1/meta/import/input-bundle.json ref	failed	candidates.tsv
annotated-ref-target-composed	screen	apis/openapi/wildapricot.com/main/9.6.1/meta/import/input-bundle.json fern	not-run	candidates.tsv
annotated-ref-target-composed	document	apis/openapi/wildapricot.com/main/9.6.1/meta/import/input-entry.json	census 4	census.jsonl.gz
annotated-ref-target-composed	candidate	apis/openapi/wildapricot.com/main/9.6.1/meta/import/input-entry.json	census 4	census.jsonl.gz
annotated-ref-target-composed	screen	apis/openapi/wildapricot.com/main/9.6.1/meta/import/input-entry.json licence	failed	candidates.tsv
annotated-ref-target-composed	screen	apis/openapi/wildapricot.com/main/9.6.1/meta/import/input-entry.json ref	failed	candidates.tsv
annotated-ref-target-composed	screen	apis/openapi/wildapricot.com/main/9.6.1/meta/import/input-entry.json fern	not-run	candidates.tsv
annotated-ref-target-composed	document	apis/openapi/wildapricot.com/main/9.6.1/meta/import/output-bundle.json	census 4	census.jsonl.gz
annotated-ref-target-composed	candidate	apis/openapi/wildapricot.com/main/9.6.1/meta/import/output-bundle.json	census 4	census.jsonl.gz
annotated-ref-target-composed	screen	apis/openapi/wildapricot.com/main/9.6.1/meta/import/output-bundle.json licence	failed	candidates.tsv
annotated-ref-target-composed	screen	apis/openapi/wildapricot.com/main/9.6.1/meta/import/output-bundle.json ref	failed	candidates.tsv
annotated-ref-target-composed	screen	apis/openapi/wildapricot.com/main/9.6.1/meta/import/output-bundle.json fern	not-run	candidates.tsv
annotated-ref-target-composed	document	apis/openapi/wildapricot.com/main/9.6.1/meta/import/output-entry.json	census 4	census.jsonl.gz
annotated-ref-target-composed	candidate	apis/openapi/wildapricot.com/main/9.6.1/meta/import/output-entry.json	census 4	census.jsonl.gz
annotated-ref-target-composed	screen	apis/openapi/wildapricot.com/main/9.6.1/meta/import/output-entry.json licence	failed	candidates.tsv
annotated-ref-target-composed	screen	apis/openapi/wildapricot.com/main/9.6.1/meta/import/output-entry.json ref	failed	candidates.tsv
annotated-ref-target-composed	screen	apis/openapi/wildapricot.com/main/9.6.1/meta/import/output-entry.json fern	not-run	candidates.tsv
annotated-ref-target-composed	document	apis/openapi/wildapricot.com/main/9.6.1/openapi.json	census 4	census.jsonl.gz
annotated-ref-target-composed	candidate	apis/openapi/wildapricot.com/main/9.6.1/openapi.json	census 4	census.jsonl.gz
annotated-ref-target-composed	screen	apis/openapi/wildapricot.com/main/9.6.1/openapi.json licence	failed	candidates.tsv
annotated-ref-target-composed	screen	apis/openapi/wildapricot.com/main/9.6.1/openapi.json ref	failed	candidates.tsv
annotated-ref-target-composed	screen	apis/openapi/wildapricot.com/main/9.6.1/openapi.json fern	not-run	candidates.tsv
annotated-ref-target-composed	document	apis/openapi/zulip.com/zulip/1.0.0/meta/import/input-bundle.json	census 1	census.jsonl.gz
annotated-ref-target-composed	candidate	apis/openapi/zulip.com/zulip/1.0.0/meta/import/input-bundle.json	census 1	census.jsonl.gz
annotated-ref-target-composed	screen	apis/openapi/zulip.com/zulip/1.0.0/meta/import/input-bundle.json licence	passed	candidates.tsv
annotated-ref-target-composed	screen	apis/openapi/zulip.com/zulip/1.0.0/meta/import/input-bundle.json ref	passed	candidates.tsv
annotated-ref-target-composed	screen	apis/openapi/zulip.com/zulip/1.0.0/meta/import/input-bundle.json fern	passed	candidates.tsv
annotated-ref-target-composed	document	apis/openapi/zulip.com/zulip/1.0.0/meta/import/input-entry.json	census 1	census.jsonl.gz
annotated-ref-target-composed	candidate	apis/openapi/zulip.com/zulip/1.0.0/meta/import/input-entry.json	census 1	census.jsonl.gz
annotated-ref-target-composed	screen	apis/openapi/zulip.com/zulip/1.0.0/meta/import/input-entry.json licence	passed	candidates.tsv
annotated-ref-target-composed	screen	apis/openapi/zulip.com/zulip/1.0.0/meta/import/input-entry.json ref	passed	candidates.tsv
annotated-ref-target-composed	screen	apis/openapi/zulip.com/zulip/1.0.0/meta/import/input-entry.json fern	passed	candidates.tsv
annotated-ref-target-composed	document	apis/openapi/zulip.com/zulip/1.0.0/meta/import/output-bundle.json	census 1	census.jsonl.gz
annotated-ref-target-composed	candidate	apis/openapi/zulip.com/zulip/1.0.0/meta/import/output-bundle.json	census 1	census.jsonl.gz
annotated-ref-target-composed	screen	apis/openapi/zulip.com/zulip/1.0.0/meta/import/output-bundle.json licence	passed	candidates.tsv
annotated-ref-target-composed	screen	apis/openapi/zulip.com/zulip/1.0.0/meta/import/output-bundle.json ref	passed	candidates.tsv
annotated-ref-target-composed	screen	apis/openapi/zulip.com/zulip/1.0.0/meta/import/output-bundle.json fern	passed	candidates.tsv
annotated-ref-target-composed	document	apis/openapi/zulip.com/zulip/1.0.0/meta/import/output-entry.json	census 1	census.jsonl.gz
annotated-ref-target-composed	candidate	apis/openapi/zulip.com/zulip/1.0.0/meta/import/output-entry.json	census 1	census.jsonl.gz
annotated-ref-target-composed	screen	apis/openapi/zulip.com/zulip/1.0.0/meta/import/output-entry.json licence	passed	candidates.tsv
annotated-ref-target-composed	screen	apis/openapi/zulip.com/zulip/1.0.0/meta/import/output-entry.json ref	passed	candidates.tsv
annotated-ref-target-composed	screen	apis/openapi/zulip.com/zulip/1.0.0/meta/import/output-entry.json fern	passed	candidates.tsv
annotated-ref-target-composed	document	apis/openapi/zulip.com/zulip/1.0.0/openapi.json	census 1	census.jsonl.gz
annotated-ref-target-composed	candidate	apis/openapi/zulip.com/zulip/1.0.0/openapi.json	census 1	census.jsonl.gz
annotated-ref-target-composed	screen	apis/openapi/zulip.com/zulip/1.0.0/openapi.json licence	passed	candidates.tsv
annotated-ref-target-composed	screen	apis/openapi/zulip.com/zulip/1.0.0/openapi.json ref	passed	candidates.tsv
annotated-ref-target-composed	screen	apis/openapi/zulip.com/zulip/1.0.0/openapi.json fern	passed	candidates.tsv
annotated-ref-target-oneof	walk	jentic/jentic-public-apis@eb9d12a2684b0fbcb5aecf51e8ae54dba0929743	74240	acquisition-manifest.tsv
annotated-ref-target-oneof	document	apis/openapi/box.com/main/2024.0/meta/import/input-bundle.json	census 9	census.jsonl.gz
annotated-ref-target-oneof	candidate	apis/openapi/box.com/main/2024.0/meta/import/input-bundle.json	census 9	census.jsonl.gz
annotated-ref-target-oneof	screen	apis/openapi/box.com/main/2024.0/meta/import/input-bundle.json licence	passed	candidates.tsv
annotated-ref-target-oneof	screen	apis/openapi/box.com/main/2024.0/meta/import/input-bundle.json ref	passed	candidates.tsv
annotated-ref-target-oneof	screen	apis/openapi/box.com/main/2024.0/meta/import/input-bundle.json fern	failed	candidates.tsv
annotated-ref-target-oneof	document	apis/openapi/box.com/main/2024.0/meta/import/input-entry.json	census 9	census.jsonl.gz
annotated-ref-target-oneof	candidate	apis/openapi/box.com/main/2024.0/meta/import/input-entry.json	census 9	census.jsonl.gz
annotated-ref-target-oneof	screen	apis/openapi/box.com/main/2024.0/meta/import/input-entry.json licence	passed	candidates.tsv
annotated-ref-target-oneof	screen	apis/openapi/box.com/main/2024.0/meta/import/input-entry.json ref	passed	candidates.tsv
annotated-ref-target-oneof	screen	apis/openapi/box.com/main/2024.0/meta/import/input-entry.json fern	failed	candidates.tsv
annotated-ref-target-oneof	document	apis/openapi/box.com/main/2024.0/meta/import/output-bundle.json	census 9	census.jsonl.gz
annotated-ref-target-oneof	candidate	apis/openapi/box.com/main/2024.0/meta/import/output-bundle.json	census 9	census.jsonl.gz
annotated-ref-target-oneof	screen	apis/openapi/box.com/main/2024.0/meta/import/output-bundle.json licence	passed	candidates.tsv
annotated-ref-target-oneof	screen	apis/openapi/box.com/main/2024.0/meta/import/output-bundle.json ref	passed	candidates.tsv
annotated-ref-target-oneof	screen	apis/openapi/box.com/main/2024.0/meta/import/output-bundle.json fern	failed	candidates.tsv
annotated-ref-target-oneof	document	apis/openapi/box.com/main/2024.0/meta/import/output-entry.json	census 9	census.jsonl.gz
annotated-ref-target-oneof	candidate	apis/openapi/box.com/main/2024.0/meta/import/output-entry.json	census 9	census.jsonl.gz
annotated-ref-target-oneof	screen	apis/openapi/box.com/main/2024.0/meta/import/output-entry.json licence	passed	candidates.tsv
annotated-ref-target-oneof	screen	apis/openapi/box.com/main/2024.0/meta/import/output-entry.json ref	passed	candidates.tsv
annotated-ref-target-oneof	screen	apis/openapi/box.com/main/2024.0/meta/import/output-entry.json fern	failed	candidates.tsv
annotated-ref-target-oneof	document	apis/openapi/box.com/main/2024.0/openapi.json	census 9	census.jsonl.gz
annotated-ref-target-oneof	candidate	apis/openapi/box.com/main/2024.0/openapi.json	census 9	census.jsonl.gz
annotated-ref-target-oneof	screen	apis/openapi/box.com/main/2024.0/openapi.json licence	passed	candidates.tsv
annotated-ref-target-oneof	screen	apis/openapi/box.com/main/2024.0/openapi.json ref	passed	candidates.tsv
annotated-ref-target-oneof	screen	apis/openapi/box.com/main/2024.0/openapi.json fern	failed	candidates.tsv
annotated-ref-target-oneof	document	apis/openapi/openai.com/main/2.3.0/meta/import/input-bundled.json	census 3	census.jsonl.gz
annotated-ref-target-oneof	candidate	apis/openapi/openai.com/main/2.3.0/meta/import/input-bundled.json	census 3	census.jsonl.gz
annotated-ref-target-oneof	screen	apis/openapi/openai.com/main/2.3.0/meta/import/input-bundled.json licence	failed	candidates.tsv
annotated-ref-target-oneof	screen	apis/openapi/openai.com/main/2.3.0/meta/import/input-bundled.json ref	failed	candidates.tsv
annotated-ref-target-oneof	screen	apis/openapi/openai.com/main/2.3.0/meta/import/input-bundled.json fern	not-run	candidates.tsv
annotated-ref-target-oneof	document	apis/openapi/openai.com/main/2.3.0/meta/import/input-entry.json	census 3	census.jsonl.gz
annotated-ref-target-oneof	candidate	apis/openapi/openai.com/main/2.3.0/meta/import/input-entry.json	census 3	census.jsonl.gz
annotated-ref-target-oneof	screen	apis/openapi/openai.com/main/2.3.0/meta/import/input-entry.json licence	failed	candidates.tsv
annotated-ref-target-oneof	screen	apis/openapi/openai.com/main/2.3.0/meta/import/input-entry.json ref	failed	candidates.tsv
annotated-ref-target-oneof	screen	apis/openapi/openai.com/main/2.3.0/meta/import/input-entry.json fern	not-run	candidates.tsv
annotated-ref-target-oneof	document	apis/openapi/openai.com/main/2.3.0/meta/import/output-bundled.json	census 3	census.jsonl.gz
annotated-ref-target-oneof	candidate	apis/openapi/openai.com/main/2.3.0/meta/import/output-bundled.json	census 3	census.jsonl.gz
annotated-ref-target-oneof	screen	apis/openapi/openai.com/main/2.3.0/meta/import/output-bundled.json licence	failed	candidates.tsv
annotated-ref-target-oneof	screen	apis/openapi/openai.com/main/2.3.0/meta/import/output-bundled.json ref	failed	candidates.tsv
annotated-ref-target-oneof	screen	apis/openapi/openai.com/main/2.3.0/meta/import/output-bundled.json fern	not-run	candidates.tsv
annotated-ref-target-oneof	document	apis/openapi/openai.com/main/2.3.0/meta/import/output-entry.json	census 3	census.jsonl.gz
annotated-ref-target-oneof	candidate	apis/openapi/openai.com/main/2.3.0/meta/import/output-entry.json	census 3	census.jsonl.gz
annotated-ref-target-oneof	screen	apis/openapi/openai.com/main/2.3.0/meta/import/output-entry.json licence	failed	candidates.tsv
annotated-ref-target-oneof	screen	apis/openapi/openai.com/main/2.3.0/meta/import/output-entry.json ref	failed	candidates.tsv
annotated-ref-target-oneof	screen	apis/openapi/openai.com/main/2.3.0/meta/import/output-entry.json fern	not-run	candidates.tsv
annotated-ref-target-oneof	document	apis/openapi/openai.com/main/2.3.0/openapi.json	census 3	census.jsonl.gz
annotated-ref-target-oneof	candidate	apis/openapi/openai.com/main/2.3.0/openapi.json	census 3	census.jsonl.gz
annotated-ref-target-oneof	screen	apis/openapi/openai.com/main/2.3.0/openapi.json licence	failed	candidates.tsv
annotated-ref-target-oneof	screen	apis/openapi/openai.com/main/2.3.0/openapi.json ref	failed	candidates.tsv
annotated-ref-target-oneof	screen	apis/openapi/openai.com/main/2.3.0/openapi.json fern	not-run	candidates.tsv
annotated-ref-target-oneof	document	apis/openapi/pandascore.co/main/2.23.1/meta/import/input-bundle.json	census 4	census.jsonl.gz
annotated-ref-target-oneof	candidate	apis/openapi/pandascore.co/main/2.23.1/meta/import/input-bundle.json	census 4	census.jsonl.gz
annotated-ref-target-oneof	screen	apis/openapi/pandascore.co/main/2.23.1/meta/import/input-bundle.json licence	failed	candidates.tsv
annotated-ref-target-oneof	screen	apis/openapi/pandascore.co/main/2.23.1/meta/import/input-bundle.json ref	not-run	candidates.tsv
annotated-ref-target-oneof	screen	apis/openapi/pandascore.co/main/2.23.1/meta/import/input-bundle.json fern	not-run	candidates.tsv
annotated-ref-target-oneof	document	apis/openapi/pandascore.co/main/2.23.1/meta/import/input-entry.json	census 4	census.jsonl.gz
annotated-ref-target-oneof	candidate	apis/openapi/pandascore.co/main/2.23.1/meta/import/input-entry.json	census 4	census.jsonl.gz
annotated-ref-target-oneof	screen	apis/openapi/pandascore.co/main/2.23.1/meta/import/input-entry.json licence	failed	candidates.tsv
annotated-ref-target-oneof	screen	apis/openapi/pandascore.co/main/2.23.1/meta/import/input-entry.json ref	not-run	candidates.tsv
annotated-ref-target-oneof	screen	apis/openapi/pandascore.co/main/2.23.1/meta/import/input-entry.json fern	not-run	candidates.tsv
annotated-ref-target-oneof	document	apis/openapi/pandascore.co/main/2.23.1/meta/import/output-bundle.json	census 4	census.jsonl.gz
annotated-ref-target-oneof	candidate	apis/openapi/pandascore.co/main/2.23.1/meta/import/output-bundle.json	census 4	census.jsonl.gz
annotated-ref-target-oneof	screen	apis/openapi/pandascore.co/main/2.23.1/meta/import/output-bundle.json licence	failed	candidates.tsv
annotated-ref-target-oneof	screen	apis/openapi/pandascore.co/main/2.23.1/meta/import/output-bundle.json ref	not-run	candidates.tsv
annotated-ref-target-oneof	screen	apis/openapi/pandascore.co/main/2.23.1/meta/import/output-bundle.json fern	not-run	candidates.tsv
annotated-ref-target-oneof	document	apis/openapi/pandascore.co/main/2.23.1/meta/import/output-entry.json	census 4	census.jsonl.gz
annotated-ref-target-oneof	candidate	apis/openapi/pandascore.co/main/2.23.1/meta/import/output-entry.json	census 4	census.jsonl.gz
annotated-ref-target-oneof	screen	apis/openapi/pandascore.co/main/2.23.1/meta/import/output-entry.json licence	failed	candidates.tsv
annotated-ref-target-oneof	screen	apis/openapi/pandascore.co/main/2.23.1/meta/import/output-entry.json ref	not-run	candidates.tsv
annotated-ref-target-oneof	screen	apis/openapi/pandascore.co/main/2.23.1/meta/import/output-entry.json fern	not-run	candidates.tsv
annotated-ref-target-oneof	document	apis/openapi/pandascore.co/main/2.23.1/openapi.json	census 4	census.jsonl.gz
annotated-ref-target-oneof	candidate	apis/openapi/pandascore.co/main/2.23.1/openapi.json	census 4	census.jsonl.gz
annotated-ref-target-oneof	screen	apis/openapi/pandascore.co/main/2.23.1/openapi.json licence	failed	candidates.tsv
annotated-ref-target-oneof	screen	apis/openapi/pandascore.co/main/2.23.1/openapi.json ref	not-run	candidates.tsv
annotated-ref-target-oneof	screen	apis/openapi/pandascore.co/main/2.23.1/openapi.json fern	not-run	candidates.tsv
annotated-ref-target-oneof	document	apis/openapi/pandascore.co/pandascore-rest-api-for-all-videogames/2.23.1/meta/import/input-bundle.json	census 4	census.jsonl.gz
annotated-ref-target-oneof	candidate	apis/openapi/pandascore.co/pandascore-rest-api-for-all-videogames/2.23.1/meta/import/input-bundle.json	census 4	census.jsonl.gz
annotated-ref-target-oneof	screen	apis/openapi/pandascore.co/pandascore-rest-api-for-all-videogames/2.23.1/meta/import/input-bundle.json licence	failed	candidates.tsv
annotated-ref-target-oneof	screen	apis/openapi/pandascore.co/pandascore-rest-api-for-all-videogames/2.23.1/meta/import/input-bundle.json ref	not-run	candidates.tsv
annotated-ref-target-oneof	screen	apis/openapi/pandascore.co/pandascore-rest-api-for-all-videogames/2.23.1/meta/import/input-bundle.json fern	not-run	candidates.tsv
annotated-ref-target-oneof	document	apis/openapi/pandascore.co/pandascore-rest-api-for-all-videogames/2.23.1/meta/import/input-entry.json	census 4	census.jsonl.gz
annotated-ref-target-oneof	candidate	apis/openapi/pandascore.co/pandascore-rest-api-for-all-videogames/2.23.1/meta/import/input-entry.json	census 4	census.jsonl.gz
annotated-ref-target-oneof	screen	apis/openapi/pandascore.co/pandascore-rest-api-for-all-videogames/2.23.1/meta/import/input-entry.json licence	failed	candidates.tsv
annotated-ref-target-oneof	screen	apis/openapi/pandascore.co/pandascore-rest-api-for-all-videogames/2.23.1/meta/import/input-entry.json ref	not-run	candidates.tsv
annotated-ref-target-oneof	screen	apis/openapi/pandascore.co/pandascore-rest-api-for-all-videogames/2.23.1/meta/import/input-entry.json fern	not-run	candidates.tsv
annotated-ref-target-oneof	document	apis/openapi/pandascore.co/pandascore-rest-api-for-all-videogames/2.23.1/meta/import/output-bundle.json	census 4	census.jsonl.gz
annotated-ref-target-oneof	candidate	apis/openapi/pandascore.co/pandascore-rest-api-for-all-videogames/2.23.1/meta/import/output-bundle.json	census 4	census.jsonl.gz
annotated-ref-target-oneof	screen	apis/openapi/pandascore.co/pandascore-rest-api-for-all-videogames/2.23.1/meta/import/output-bundle.json licence	failed	candidates.tsv
annotated-ref-target-oneof	screen	apis/openapi/pandascore.co/pandascore-rest-api-for-all-videogames/2.23.1/meta/import/output-bundle.json ref	not-run	candidates.tsv
annotated-ref-target-oneof	screen	apis/openapi/pandascore.co/pandascore-rest-api-for-all-videogames/2.23.1/meta/import/output-bundle.json fern	not-run	candidates.tsv
annotated-ref-target-oneof	document	apis/openapi/pandascore.co/pandascore-rest-api-for-all-videogames/2.23.1/meta/import/output-entry.json	census 4	census.jsonl.gz
annotated-ref-target-oneof	candidate	apis/openapi/pandascore.co/pandascore-rest-api-for-all-videogames/2.23.1/meta/import/output-entry.json	census 4	census.jsonl.gz
annotated-ref-target-oneof	screen	apis/openapi/pandascore.co/pandascore-rest-api-for-all-videogames/2.23.1/meta/import/output-entry.json licence	failed	candidates.tsv
annotated-ref-target-oneof	screen	apis/openapi/pandascore.co/pandascore-rest-api-for-all-videogames/2.23.1/meta/import/output-entry.json ref	not-run	candidates.tsv
annotated-ref-target-oneof	screen	apis/openapi/pandascore.co/pandascore-rest-api-for-all-videogames/2.23.1/meta/import/output-entry.json fern	not-run	candidates.tsv
annotated-ref-target-oneof	document	apis/openapi/pandascore.co/pandascore-rest-api-for-all-videogames/2.23.1/openapi.json	census 4	census.jsonl.gz
annotated-ref-target-oneof	candidate	apis/openapi/pandascore.co/pandascore-rest-api-for-all-videogames/2.23.1/openapi.json	census 4	census.jsonl.gz
annotated-ref-target-oneof	screen	apis/openapi/pandascore.co/pandascore-rest-api-for-all-videogames/2.23.1/openapi.json licence	failed	candidates.tsv
annotated-ref-target-oneof	screen	apis/openapi/pandascore.co/pandascore-rest-api-for-all-videogames/2.23.1/openapi.json ref	not-run	candidates.tsv
annotated-ref-target-oneof	screen	apis/openapi/pandascore.co/pandascore-rest-api-for-all-videogames/2.23.1/openapi.json fern	not-run	candidates.tsv
annotated-ref-target-oneof	document	apis/openapi/zulip.com/zulip/1.0.0/meta/import/input-bundle.json	census 7	census.jsonl.gz
annotated-ref-target-oneof	candidate	apis/openapi/zulip.com/zulip/1.0.0/meta/import/input-bundle.json	census 7	census.jsonl.gz
annotated-ref-target-oneof	screen	apis/openapi/zulip.com/zulip/1.0.0/meta/import/input-bundle.json licence	passed	candidates.tsv
annotated-ref-target-oneof	screen	apis/openapi/zulip.com/zulip/1.0.0/meta/import/input-bundle.json ref	passed	candidates.tsv
annotated-ref-target-oneof	screen	apis/openapi/zulip.com/zulip/1.0.0/meta/import/input-bundle.json fern	passed	candidates.tsv
annotated-ref-target-oneof	document	apis/openapi/zulip.com/zulip/1.0.0/meta/import/input-entry.json	census 7	census.jsonl.gz
annotated-ref-target-oneof	candidate	apis/openapi/zulip.com/zulip/1.0.0/meta/import/input-entry.json	census 7	census.jsonl.gz
annotated-ref-target-oneof	screen	apis/openapi/zulip.com/zulip/1.0.0/meta/import/input-entry.json licence	passed	candidates.tsv
annotated-ref-target-oneof	screen	apis/openapi/zulip.com/zulip/1.0.0/meta/import/input-entry.json ref	passed	candidates.tsv
annotated-ref-target-oneof	screen	apis/openapi/zulip.com/zulip/1.0.0/meta/import/input-entry.json fern	passed	candidates.tsv
annotated-ref-target-oneof	document	apis/openapi/zulip.com/zulip/1.0.0/meta/import/output-bundle.json	census 7	census.jsonl.gz
annotated-ref-target-oneof	candidate	apis/openapi/zulip.com/zulip/1.0.0/meta/import/output-bundle.json	census 7	census.jsonl.gz
annotated-ref-target-oneof	screen	apis/openapi/zulip.com/zulip/1.0.0/meta/import/output-bundle.json licence	passed	candidates.tsv
annotated-ref-target-oneof	screen	apis/openapi/zulip.com/zulip/1.0.0/meta/import/output-bundle.json ref	passed	candidates.tsv
annotated-ref-target-oneof	screen	apis/openapi/zulip.com/zulip/1.0.0/meta/import/output-bundle.json fern	passed	candidates.tsv
annotated-ref-target-oneof	document	apis/openapi/zulip.com/zulip/1.0.0/meta/import/output-entry.json	census 7	census.jsonl.gz
annotated-ref-target-oneof	candidate	apis/openapi/zulip.com/zulip/1.0.0/meta/import/output-entry.json	census 7	census.jsonl.gz
annotated-ref-target-oneof	screen	apis/openapi/zulip.com/zulip/1.0.0/meta/import/output-entry.json licence	passed	candidates.tsv
annotated-ref-target-oneof	screen	apis/openapi/zulip.com/zulip/1.0.0/meta/import/output-entry.json ref	passed	candidates.tsv
annotated-ref-target-oneof	screen	apis/openapi/zulip.com/zulip/1.0.0/meta/import/output-entry.json fern	passed	candidates.tsv
annotated-ref-target-oneof	document	apis/openapi/zulip.com/zulip/1.0.0/openapi.json	census 7	census.jsonl.gz
annotated-ref-target-oneof	candidate	apis/openapi/zulip.com/zulip/1.0.0/openapi.json	census 7	census.jsonl.gz
annotated-ref-target-oneof	screen	apis/openapi/zulip.com/zulip/1.0.0/openapi.json licence	passed	candidates.tsv
annotated-ref-target-oneof	screen	apis/openapi/zulip.com/zulip/1.0.0/openapi.json ref	passed	candidates.tsv
annotated-ref-target-oneof	screen	apis/openapi/zulip.com/zulip/1.0.0/openapi.json fern	passed	candidates.tsv
annotated-ref-target-string-const	walk	jentic/jentic-public-apis@eb9d12a2684b0fbcb5aecf51e8ae54dba0929743	74240	acquisition-manifest.tsv
anyof-array-variant-anyof-nullable-item	walk	jentic/jentic-public-apis@eb9d12a2684b0fbcb5aecf51e8ae54dba0929743	74240	acquisition-manifest.tsv
anyof-array-variant-anyof-nullable-item	document	apis/openapi/smith.langchain.com/langsmith-api/0.1.0/meta/import/input-bundle.json	census 1	census.jsonl.gz
anyof-array-variant-anyof-nullable-item	candidate	apis/openapi/smith.langchain.com/langsmith-api/0.1.0/meta/import/input-bundle.json	census 1	census.jsonl.gz
anyof-array-variant-anyof-nullable-item	screen	apis/openapi/smith.langchain.com/langsmith-api/0.1.0/meta/import/input-bundle.json licence	passed	candidates.tsv
anyof-array-variant-anyof-nullable-item	screen	apis/openapi/smith.langchain.com/langsmith-api/0.1.0/meta/import/input-bundle.json ref	passed	candidates.tsv
anyof-array-variant-anyof-nullable-item	screen	apis/openapi/smith.langchain.com/langsmith-api/0.1.0/meta/import/input-bundle.json fern	failed	candidates.tsv
anyof-array-variant-anyof-nullable-item	document	apis/openapi/smith.langchain.com/langsmith-api/0.1.0/meta/import/input-entry.json	census 1	census.jsonl.gz
anyof-array-variant-anyof-nullable-item	candidate	apis/openapi/smith.langchain.com/langsmith-api/0.1.0/meta/import/input-entry.json	census 1	census.jsonl.gz
anyof-array-variant-anyof-nullable-item	screen	apis/openapi/smith.langchain.com/langsmith-api/0.1.0/meta/import/input-entry.json licence	passed	candidates.tsv
anyof-array-variant-anyof-nullable-item	screen	apis/openapi/smith.langchain.com/langsmith-api/0.1.0/meta/import/input-entry.json ref	passed	candidates.tsv
anyof-array-variant-anyof-nullable-item	screen	apis/openapi/smith.langchain.com/langsmith-api/0.1.0/meta/import/input-entry.json fern	failed	candidates.tsv
anyof-array-variant-anyof-nullable-item	document	apis/openapi/smith.langchain.com/langsmith-api/0.1.0/meta/import/output-bundle.json	census 1	census.jsonl.gz
anyof-array-variant-anyof-nullable-item	candidate	apis/openapi/smith.langchain.com/langsmith-api/0.1.0/meta/import/output-bundle.json	census 1	census.jsonl.gz
anyof-array-variant-anyof-nullable-item	screen	apis/openapi/smith.langchain.com/langsmith-api/0.1.0/meta/import/output-bundle.json licence	passed	candidates.tsv
anyof-array-variant-anyof-nullable-item	screen	apis/openapi/smith.langchain.com/langsmith-api/0.1.0/meta/import/output-bundle.json ref	passed	candidates.tsv
anyof-array-variant-anyof-nullable-item	screen	apis/openapi/smith.langchain.com/langsmith-api/0.1.0/meta/import/output-bundle.json fern	failed	candidates.tsv
anyof-array-variant-anyof-nullable-item	document	apis/openapi/smith.langchain.com/langsmith-api/0.1.0/meta/import/output-entry.json	census 1	census.jsonl.gz
anyof-array-variant-anyof-nullable-item	candidate	apis/openapi/smith.langchain.com/langsmith-api/0.1.0/meta/import/output-entry.json	census 1	census.jsonl.gz
anyof-array-variant-anyof-nullable-item	screen	apis/openapi/smith.langchain.com/langsmith-api/0.1.0/meta/import/output-entry.json licence	passed	candidates.tsv
anyof-array-variant-anyof-nullable-item	screen	apis/openapi/smith.langchain.com/langsmith-api/0.1.0/meta/import/output-entry.json ref	passed	candidates.tsv
anyof-array-variant-anyof-nullable-item	screen	apis/openapi/smith.langchain.com/langsmith-api/0.1.0/meta/import/output-entry.json fern	failed	candidates.tsv
anyof-array-variant-anyof-nullable-item	document	apis/openapi/smith.langchain.com/langsmith-api/0.1.0/openapi.json	census 1	census.jsonl.gz
anyof-array-variant-anyof-nullable-item	candidate	apis/openapi/smith.langchain.com/langsmith-api/0.1.0/openapi.json	census 1	census.jsonl.gz
anyof-array-variant-anyof-nullable-item	screen	apis/openapi/smith.langchain.com/langsmith-api/0.1.0/openapi.json licence	passed	candidates.tsv
anyof-array-variant-anyof-nullable-item	screen	apis/openapi/smith.langchain.com/langsmith-api/0.1.0/openapi.json ref	passed	candidates.tsv
anyof-array-variant-anyof-nullable-item	screen	apis/openapi/smith.langchain.com/langsmith-api/0.1.0/openapi.json fern	failed	candidates.tsv
anyof-array-variant-closed-object-item	walk	jentic/jentic-public-apis@eb9d12a2684b0fbcb5aecf51e8ae54dba0929743	74240	acquisition-manifest.tsv
anyof-array-variant-closed-object-item	document	apis/openapi/cradl.ai/main/2026-01-28T09:00:46Z/meta/import/input-bundle.json	census 1	census.jsonl.gz
anyof-array-variant-closed-object-item	candidate	apis/openapi/cradl.ai/main/2026-01-28T09:00:46Z/meta/import/input-bundle.json	census 1	census.jsonl.gz
anyof-array-variant-closed-object-item	screen	apis/openapi/cradl.ai/main/2026-01-28T09:00:46Z/meta/import/input-bundle.json licence	passed	candidates.tsv
anyof-array-variant-closed-object-item	screen	apis/openapi/cradl.ai/main/2026-01-28T09:00:46Z/meta/import/input-bundle.json ref	passed	candidates.tsv
anyof-array-variant-closed-object-item	screen	apis/openapi/cradl.ai/main/2026-01-28T09:00:46Z/meta/import/input-bundle.json fern	passed	candidates.tsv
anyof-array-variant-closed-object-item	document	apis/openapi/cradl.ai/main/2026-01-28T09:00:46Z/meta/import/input-entry.json	census 1	census.jsonl.gz
anyof-array-variant-closed-object-item	candidate	apis/openapi/cradl.ai/main/2026-01-28T09:00:46Z/meta/import/input-entry.json	census 1	census.jsonl.gz
anyof-array-variant-closed-object-item	screen	apis/openapi/cradl.ai/main/2026-01-28T09:00:46Z/meta/import/input-entry.json licence	passed	candidates.tsv
anyof-array-variant-closed-object-item	screen	apis/openapi/cradl.ai/main/2026-01-28T09:00:46Z/meta/import/input-entry.json ref	passed	candidates.tsv
anyof-array-variant-closed-object-item	screen	apis/openapi/cradl.ai/main/2026-01-28T09:00:46Z/meta/import/input-entry.json fern	passed	candidates.tsv
anyof-array-variant-closed-object-item	document	apis/openapi/cradl.ai/main/2026-01-28T09:00:46Z/meta/import/output-bundle.json	census 1	census.jsonl.gz
anyof-array-variant-closed-object-item	candidate	apis/openapi/cradl.ai/main/2026-01-28T09:00:46Z/meta/import/output-bundle.json	census 1	census.jsonl.gz
anyof-array-variant-closed-object-item	screen	apis/openapi/cradl.ai/main/2026-01-28T09:00:46Z/meta/import/output-bundle.json licence	passed	candidates.tsv
anyof-array-variant-closed-object-item	screen	apis/openapi/cradl.ai/main/2026-01-28T09:00:46Z/meta/import/output-bundle.json ref	passed	candidates.tsv
anyof-array-variant-closed-object-item	screen	apis/openapi/cradl.ai/main/2026-01-28T09:00:46Z/meta/import/output-bundle.json fern	passed	candidates.tsv
anyof-array-variant-closed-object-item	document	apis/openapi/cradl.ai/main/2026-01-28T09:00:46Z/meta/import/output-entry.json	census 1	census.jsonl.gz
anyof-array-variant-closed-object-item	candidate	apis/openapi/cradl.ai/main/2026-01-28T09:00:46Z/meta/import/output-entry.json	census 1	census.jsonl.gz
anyof-array-variant-closed-object-item	screen	apis/openapi/cradl.ai/main/2026-01-28T09:00:46Z/meta/import/output-entry.json licence	passed	candidates.tsv
anyof-array-variant-closed-object-item	screen	apis/openapi/cradl.ai/main/2026-01-28T09:00:46Z/meta/import/output-entry.json ref	passed	candidates.tsv
anyof-array-variant-closed-object-item	screen	apis/openapi/cradl.ai/main/2026-01-28T09:00:46Z/meta/import/output-entry.json fern	passed	candidates.tsv
anyof-array-variant-closed-object-item	document	apis/openapi/cradl.ai/main/2026-01-28T09:00:46Z/openapi.json	census 1	census.jsonl.gz
anyof-array-variant-closed-object-item	candidate	apis/openapi/cradl.ai/main/2026-01-28T09:00:46Z/openapi.json	census 1	census.jsonl.gz
anyof-array-variant-closed-object-item	screen	apis/openapi/cradl.ai/main/2026-01-28T09:00:46Z/openapi.json licence	passed	candidates.tsv
anyof-array-variant-closed-object-item	screen	apis/openapi/cradl.ai/main/2026-01-28T09:00:46Z/openapi.json ref	passed	candidates.tsv
anyof-array-variant-closed-object-item	screen	apis/openapi/cradl.ai/main/2026-01-28T09:00:46Z/openapi.json fern	passed	candidates.tsv
anyof-array-variant-closed-object-item	document	apis/openapi/elastic.co/kibana/1.0/meta/import/input-bundle.json	census 20	census.jsonl.gz
anyof-array-variant-closed-object-item	candidate	apis/openapi/elastic.co/kibana/1.0/meta/import/input-bundle.json	census 20	census.jsonl.gz
anyof-array-variant-closed-object-item	screen	apis/openapi/elastic.co/kibana/1.0/meta/import/input-bundle.json licence	passed	candidates.tsv
anyof-array-variant-closed-object-item	screen	apis/openapi/elastic.co/kibana/1.0/meta/import/input-bundle.json ref	passed	candidates.tsv
anyof-array-variant-closed-object-item	screen	apis/openapi/elastic.co/kibana/1.0/meta/import/input-bundle.json fern	failed	candidates.tsv
anyof-array-variant-closed-object-item	document	apis/openapi/elastic.co/kibana/1.0/meta/import/input-entry.json	census 20	census.jsonl.gz
anyof-array-variant-closed-object-item	candidate	apis/openapi/elastic.co/kibana/1.0/meta/import/input-entry.json	census 20	census.jsonl.gz
anyof-array-variant-closed-object-item	screen	apis/openapi/elastic.co/kibana/1.0/meta/import/input-entry.json licence	passed	candidates.tsv
anyof-array-variant-closed-object-item	screen	apis/openapi/elastic.co/kibana/1.0/meta/import/input-entry.json ref	passed	candidates.tsv
anyof-array-variant-closed-object-item	screen	apis/openapi/elastic.co/kibana/1.0/meta/import/input-entry.json fern	failed	candidates.tsv
anyof-array-variant-closed-object-item	document	apis/openapi/elastic.co/kibana/1.0/meta/import/output-bundle.json	census 20	census.jsonl.gz
anyof-array-variant-closed-object-item	candidate	apis/openapi/elastic.co/kibana/1.0/meta/import/output-bundle.json	census 20	census.jsonl.gz
anyof-array-variant-closed-object-item	screen	apis/openapi/elastic.co/kibana/1.0/meta/import/output-bundle.json licence	passed	candidates.tsv
anyof-array-variant-closed-object-item	screen	apis/openapi/elastic.co/kibana/1.0/meta/import/output-bundle.json ref	passed	candidates.tsv
anyof-array-variant-closed-object-item	screen	apis/openapi/elastic.co/kibana/1.0/meta/import/output-bundle.json fern	failed	candidates.tsv
anyof-array-variant-closed-object-item	document	apis/openapi/elastic.co/kibana/1.0/meta/import/output-entry.json	census 20	census.jsonl.gz
anyof-array-variant-closed-object-item	candidate	apis/openapi/elastic.co/kibana/1.0/meta/import/output-entry.json	census 20	census.jsonl.gz
anyof-array-variant-closed-object-item	screen	apis/openapi/elastic.co/kibana/1.0/meta/import/output-entry.json licence	passed	candidates.tsv
anyof-array-variant-closed-object-item	screen	apis/openapi/elastic.co/kibana/1.0/meta/import/output-entry.json ref	passed	candidates.tsv
anyof-array-variant-closed-object-item	screen	apis/openapi/elastic.co/kibana/1.0/meta/import/output-entry.json fern	failed	candidates.tsv
anyof-array-variant-closed-object-item	document	apis/openapi/elastic.co/kibana/1.0/openapi.json	census 20	census.jsonl.gz
anyof-array-variant-closed-object-item	candidate	apis/openapi/elastic.co/kibana/1.0/openapi.json	census 20	census.jsonl.gz
anyof-array-variant-closed-object-item	screen	apis/openapi/elastic.co/kibana/1.0/openapi.json licence	passed	candidates.tsv
anyof-array-variant-closed-object-item	screen	apis/openapi/elastic.co/kibana/1.0/openapi.json ref	passed	candidates.tsv
anyof-array-variant-closed-object-item	screen	apis/openapi/elastic.co/kibana/1.0/openapi.json fern	failed	candidates.tsv
anyof-array-variant-closed-object-item	document	apis/openapi/exa.ai/main/2.0.0/meta/import/input-bundle.json	census 1	census.jsonl.gz
anyof-array-variant-closed-object-item	candidate	apis/openapi/exa.ai/main/2.0.0/meta/import/input-bundle.json	census 1	census.jsonl.gz
anyof-array-variant-closed-object-item	screen	apis/openapi/exa.ai/main/2.0.0/meta/import/input-bundle.json licence	failed	candidates.tsv
anyof-array-variant-closed-object-item	screen	apis/openapi/exa.ai/main/2.0.0/meta/import/input-bundle.json ref	failed	candidates.tsv
anyof-array-variant-closed-object-item	screen	apis/openapi/exa.ai/main/2.0.0/meta/import/input-bundle.json fern	not-run	candidates.tsv
anyof-array-variant-closed-object-item	document	apis/openapi/exa.ai/main/2.0.0/meta/import/input-entry.json	census 1	census.jsonl.gz
anyof-array-variant-closed-object-item	candidate	apis/openapi/exa.ai/main/2.0.0/meta/import/input-entry.json	census 1	census.jsonl.gz
anyof-array-variant-closed-object-item	screen	apis/openapi/exa.ai/main/2.0.0/meta/import/input-entry.json licence	failed	candidates.tsv
anyof-array-variant-closed-object-item	screen	apis/openapi/exa.ai/main/2.0.0/meta/import/input-entry.json ref	failed	candidates.tsv
anyof-array-variant-closed-object-item	screen	apis/openapi/exa.ai/main/2.0.0/meta/import/input-entry.json fern	not-run	candidates.tsv
anyof-array-variant-closed-object-item	document	apis/openapi/exa.ai/main/2.0.0/meta/import/output-bundle.json	census 1	census.jsonl.gz
anyof-array-variant-closed-object-item	candidate	apis/openapi/exa.ai/main/2.0.0/meta/import/output-bundle.json	census 1	census.jsonl.gz
anyof-array-variant-closed-object-item	screen	apis/openapi/exa.ai/main/2.0.0/meta/import/output-bundle.json licence	failed	candidates.tsv
anyof-array-variant-closed-object-item	screen	apis/openapi/exa.ai/main/2.0.0/meta/import/output-bundle.json ref	failed	candidates.tsv
anyof-array-variant-closed-object-item	screen	apis/openapi/exa.ai/main/2.0.0/meta/import/output-bundle.json fern	not-run	candidates.tsv
anyof-array-variant-closed-object-item	document	apis/openapi/exa.ai/main/2.0.0/meta/import/output-entry.json	census 1	census.jsonl.gz
anyof-array-variant-closed-object-item	candidate	apis/openapi/exa.ai/main/2.0.0/meta/import/output-entry.json	census 1	census.jsonl.gz
anyof-array-variant-closed-object-item	screen	apis/openapi/exa.ai/main/2.0.0/meta/import/output-entry.json licence	failed	candidates.tsv
anyof-array-variant-closed-object-item	screen	apis/openapi/exa.ai/main/2.0.0/meta/import/output-entry.json ref	failed	candidates.tsv
anyof-array-variant-closed-object-item	screen	apis/openapi/exa.ai/main/2.0.0/meta/import/output-entry.json fern	not-run	candidates.tsv
anyof-array-variant-closed-object-item	document	apis/openapi/exa.ai/main/2.0.0/openapi.json	census 1	census.jsonl.gz
anyof-array-variant-closed-object-item	candidate	apis/openapi/exa.ai/main/2.0.0/openapi.json	census 1	census.jsonl.gz
anyof-array-variant-closed-object-item	screen	apis/openapi/exa.ai/main/2.0.0/openapi.json licence	failed	candidates.tsv
anyof-array-variant-closed-object-item	screen	apis/openapi/exa.ai/main/2.0.0/openapi.json ref	failed	candidates.tsv
anyof-array-variant-closed-object-item	screen	apis/openapi/exa.ai/main/2.0.0/openapi.json fern	not-run	candidates.tsv
anyof-array-variant-closed-object-item	document	apis/openapi/huggingface.co/main/0.0.1/meta/import/input-bundle.json	census 1	census.jsonl.gz
anyof-array-variant-closed-object-item	candidate	apis/openapi/huggingface.co/main/0.0.1/meta/import/input-bundle.json	census 1	census.jsonl.gz
anyof-array-variant-closed-object-item	screen	apis/openapi/huggingface.co/main/0.0.1/meta/import/input-bundle.json licence	failed	candidates.tsv
anyof-array-variant-closed-object-item	screen	apis/openapi/huggingface.co/main/0.0.1/meta/import/input-bundle.json ref	failed	candidates.tsv
anyof-array-variant-closed-object-item	screen	apis/openapi/huggingface.co/main/0.0.1/meta/import/input-bundle.json fern	not-run	candidates.tsv
anyof-array-variant-closed-object-item	document	apis/openapi/huggingface.co/main/0.0.1/meta/import/input-entry.json	census 1	census.jsonl.gz
anyof-array-variant-closed-object-item	candidate	apis/openapi/huggingface.co/main/0.0.1/meta/import/input-entry.json	census 1	census.jsonl.gz
anyof-array-variant-closed-object-item	screen	apis/openapi/huggingface.co/main/0.0.1/meta/import/input-entry.json licence	failed	candidates.tsv
anyof-array-variant-closed-object-item	screen	apis/openapi/huggingface.co/main/0.0.1/meta/import/input-entry.json ref	failed	candidates.tsv
anyof-array-variant-closed-object-item	screen	apis/openapi/huggingface.co/main/0.0.1/meta/import/input-entry.json fern	not-run	candidates.tsv
anyof-array-variant-closed-object-item	document	apis/openapi/huggingface.co/main/0.0.1/meta/import/output-bundle.json	census 1	census.jsonl.gz
anyof-array-variant-closed-object-item	candidate	apis/openapi/huggingface.co/main/0.0.1/meta/import/output-bundle.json	census 1	census.jsonl.gz
anyof-array-variant-closed-object-item	screen	apis/openapi/huggingface.co/main/0.0.1/meta/import/output-bundle.json licence	failed	candidates.tsv
anyof-array-variant-closed-object-item	screen	apis/openapi/huggingface.co/main/0.0.1/meta/import/output-bundle.json ref	failed	candidates.tsv
anyof-array-variant-closed-object-item	screen	apis/openapi/huggingface.co/main/0.0.1/meta/import/output-bundle.json fern	not-run	candidates.tsv
anyof-array-variant-closed-object-item	document	apis/openapi/huggingface.co/main/0.0.1/meta/import/output-entry.json	census 1	census.jsonl.gz
anyof-array-variant-closed-object-item	candidate	apis/openapi/huggingface.co/main/0.0.1/meta/import/output-entry.json	census 1	census.jsonl.gz
anyof-array-variant-closed-object-item	screen	apis/openapi/huggingface.co/main/0.0.1/meta/import/output-entry.json licence	failed	candidates.tsv
anyof-array-variant-closed-object-item	screen	apis/openapi/huggingface.co/main/0.0.1/meta/import/output-entry.json ref	failed	candidates.tsv
anyof-array-variant-closed-object-item	screen	apis/openapi/huggingface.co/main/0.0.1/meta/import/output-entry.json fern	not-run	candidates.tsv
anyof-array-variant-closed-object-item	document	apis/openapi/huggingface.co/main/0.0.1/openapi.json	census 1	census.jsonl.gz
anyof-array-variant-closed-object-item	candidate	apis/openapi/huggingface.co/main/0.0.1/openapi.json	census 1	census.jsonl.gz
anyof-array-variant-closed-object-item	screen	apis/openapi/huggingface.co/main/0.0.1/openapi.json licence	failed	candidates.tsv
anyof-array-variant-closed-object-item	screen	apis/openapi/huggingface.co/main/0.0.1/openapi.json ref	failed	candidates.tsv
anyof-array-variant-closed-object-item	screen	apis/openapi/huggingface.co/main/0.0.1/openapi.json fern	not-run	candidates.tsv
anyof-array-variant-closed-object-item	document	apis/openapi/webflow.com/lucidtech-api/2023-03-01 16:45:37+00:00/meta/import/input-bundle.json	census 1	census.jsonl.gz
anyof-array-variant-closed-object-item	candidate	apis/openapi/webflow.com/lucidtech-api/2023-03-01 16:45:37+00:00/meta/import/input-bundle.json	census 1	census.jsonl.gz
anyof-array-variant-closed-object-item	screen	apis/openapi/webflow.com/lucidtech-api/2023-03-01 16:45:37+00:00/meta/import/input-bundle.json licence	failed	candidates.tsv
anyof-array-variant-closed-object-item	screen	apis/openapi/webflow.com/lucidtech-api/2023-03-01 16:45:37+00:00/meta/import/input-bundle.json ref	failed	candidates.tsv
anyof-array-variant-closed-object-item	screen	apis/openapi/webflow.com/lucidtech-api/2023-03-01 16:45:37+00:00/meta/import/input-bundle.json fern	not-run	candidates.tsv
anyof-array-variant-closed-object-item	document	apis/openapi/webflow.com/lucidtech-api/2023-03-01 16:45:37+00:00/meta/import/input-entry.json	census 1	census.jsonl.gz
anyof-array-variant-closed-object-item	candidate	apis/openapi/webflow.com/lucidtech-api/2023-03-01 16:45:37+00:00/meta/import/input-entry.json	census 1	census.jsonl.gz
anyof-array-variant-closed-object-item	screen	apis/openapi/webflow.com/lucidtech-api/2023-03-01 16:45:37+00:00/meta/import/input-entry.json licence	failed	candidates.tsv
anyof-array-variant-closed-object-item	screen	apis/openapi/webflow.com/lucidtech-api/2023-03-01 16:45:37+00:00/meta/import/input-entry.json ref	failed	candidates.tsv
anyof-array-variant-closed-object-item	screen	apis/openapi/webflow.com/lucidtech-api/2023-03-01 16:45:37+00:00/meta/import/input-entry.json fern	not-run	candidates.tsv
anyof-array-variant-closed-object-item	document	apis/openapi/webflow.com/lucidtech-api/2023-03-01 16:45:37+00:00/meta/import/output-bundle.json	census 1	census.jsonl.gz
anyof-array-variant-closed-object-item	candidate	apis/openapi/webflow.com/lucidtech-api/2023-03-01 16:45:37+00:00/meta/import/output-bundle.json	census 1	census.jsonl.gz
anyof-array-variant-closed-object-item	screen	apis/openapi/webflow.com/lucidtech-api/2023-03-01 16:45:37+00:00/meta/import/output-bundle.json licence	failed	candidates.tsv
anyof-array-variant-closed-object-item	screen	apis/openapi/webflow.com/lucidtech-api/2023-03-01 16:45:37+00:00/meta/import/output-bundle.json ref	failed	candidates.tsv
anyof-array-variant-closed-object-item	screen	apis/openapi/webflow.com/lucidtech-api/2023-03-01 16:45:37+00:00/meta/import/output-bundle.json fern	not-run	candidates.tsv
anyof-array-variant-closed-object-item	document	apis/openapi/webflow.com/lucidtech-api/2023-03-01 16:45:37+00:00/meta/import/output-entry.json	census 1	census.jsonl.gz
anyof-array-variant-closed-object-item	candidate	apis/openapi/webflow.com/lucidtech-api/2023-03-01 16:45:37+00:00/meta/import/output-entry.json	census 1	census.jsonl.gz
anyof-array-variant-closed-object-item	screen	apis/openapi/webflow.com/lucidtech-api/2023-03-01 16:45:37+00:00/meta/import/output-entry.json licence	failed	candidates.tsv
anyof-array-variant-closed-object-item	screen	apis/openapi/webflow.com/lucidtech-api/2023-03-01 16:45:37+00:00/meta/import/output-entry.json ref	failed	candidates.tsv
anyof-array-variant-closed-object-item	screen	apis/openapi/webflow.com/lucidtech-api/2023-03-01 16:45:37+00:00/meta/import/output-entry.json fern	not-run	candidates.tsv
anyof-array-variant-closed-object-item	document	apis/openapi/webflow.com/lucidtech-api/2023-03-01 16:45:37+00:00/openapi.json	census 1	census.jsonl.gz
anyof-array-variant-closed-object-item	candidate	apis/openapi/webflow.com/lucidtech-api/2023-03-01 16:45:37+00:00/openapi.json	census 1	census.jsonl.gz
anyof-array-variant-closed-object-item	screen	apis/openapi/webflow.com/lucidtech-api/2023-03-01 16:45:37+00:00/openapi.json licence	failed	candidates.tsv
anyof-array-variant-closed-object-item	screen	apis/openapi/webflow.com/lucidtech-api/2023-03-01 16:45:37+00:00/openapi.json ref	failed	candidates.tsv
anyof-array-variant-closed-object-item	screen	apis/openapi/webflow.com/lucidtech-api/2023-03-01 16:45:37+00:00/openapi.json fern	not-run	candidates.tsv
anyof-array-variant-closed-object-item	document	apis/openapi/webflow.com/main/2023-03-01T16:45:37Z/meta/import/input-bundle.json	census 1	census.jsonl.gz
anyof-array-variant-closed-object-item	candidate	apis/openapi/webflow.com/main/2023-03-01T16:45:37Z/meta/import/input-bundle.json	census 1	census.jsonl.gz
anyof-array-variant-closed-object-item	screen	apis/openapi/webflow.com/main/2023-03-01T16:45:37Z/meta/import/input-bundle.json licence	failed	candidates.tsv
anyof-array-variant-closed-object-item	screen	apis/openapi/webflow.com/main/2023-03-01T16:45:37Z/meta/import/input-bundle.json ref	failed	candidates.tsv
anyof-array-variant-closed-object-item	screen	apis/openapi/webflow.com/main/2023-03-01T16:45:37Z/meta/import/input-bundle.json fern	not-run	candidates.tsv
anyof-array-variant-closed-object-item	document	apis/openapi/webflow.com/main/2023-03-01T16:45:37Z/meta/import/input-entry.json	census 1	census.jsonl.gz
anyof-array-variant-closed-object-item	candidate	apis/openapi/webflow.com/main/2023-03-01T16:45:37Z/meta/import/input-entry.json	census 1	census.jsonl.gz
anyof-array-variant-closed-object-item	screen	apis/openapi/webflow.com/main/2023-03-01T16:45:37Z/meta/import/input-entry.json licence	failed	candidates.tsv
anyof-array-variant-closed-object-item	screen	apis/openapi/webflow.com/main/2023-03-01T16:45:37Z/meta/import/input-entry.json ref	failed	candidates.tsv
anyof-array-variant-closed-object-item	screen	apis/openapi/webflow.com/main/2023-03-01T16:45:37Z/meta/import/input-entry.json fern	not-run	candidates.tsv
anyof-array-variant-closed-object-item	document	apis/openapi/webflow.com/main/2023-03-01T16:45:37Z/meta/import/output-bundle.json	census 1	census.jsonl.gz
anyof-array-variant-closed-object-item	candidate	apis/openapi/webflow.com/main/2023-03-01T16:45:37Z/meta/import/output-bundle.json	census 1	census.jsonl.gz
anyof-array-variant-closed-object-item	screen	apis/openapi/webflow.com/main/2023-03-01T16:45:37Z/meta/import/output-bundle.json licence	failed	candidates.tsv
anyof-array-variant-closed-object-item	screen	apis/openapi/webflow.com/main/2023-03-01T16:45:37Z/meta/import/output-bundle.json ref	failed	candidates.tsv
anyof-array-variant-closed-object-item	screen	apis/openapi/webflow.com/main/2023-03-01T16:45:37Z/meta/import/output-bundle.json fern	not-run	candidates.tsv
anyof-array-variant-closed-object-item	document	apis/openapi/webflow.com/main/2023-03-01T16:45:37Z/meta/import/output-entry.json	census 1	census.jsonl.gz
anyof-array-variant-closed-object-item	candidate	apis/openapi/webflow.com/main/2023-03-01T16:45:37Z/meta/import/output-entry.json	census 1	census.jsonl.gz
anyof-array-variant-closed-object-item	screen	apis/openapi/webflow.com/main/2023-03-01T16:45:37Z/meta/import/output-entry.json licence	failed	candidates.tsv
anyof-array-variant-closed-object-item	screen	apis/openapi/webflow.com/main/2023-03-01T16:45:37Z/meta/import/output-entry.json ref	failed	candidates.tsv
anyof-array-variant-closed-object-item	screen	apis/openapi/webflow.com/main/2023-03-01T16:45:37Z/meta/import/output-entry.json fern	not-run	candidates.tsv
anyof-array-variant-closed-object-item	document	apis/openapi/webflow.com/main/2023-03-01T16:45:37Z/openapi.json	census 1	census.jsonl.gz
anyof-array-variant-closed-object-item	candidate	apis/openapi/webflow.com/main/2023-03-01T16:45:37Z/openapi.json	census 1	census.jsonl.gz
anyof-array-variant-closed-object-item	screen	apis/openapi/webflow.com/main/2023-03-01T16:45:37Z/openapi.json licence	failed	candidates.tsv
anyof-array-variant-closed-object-item	screen	apis/openapi/webflow.com/main/2023-03-01T16:45:37Z/openapi.json ref	failed	candidates.tsv
anyof-array-variant-closed-object-item	screen	apis/openapi/webflow.com/main/2023-03-01T16:45:37Z/openapi.json fern	not-run	candidates.tsv
anyof-array-variant-closed-object-item	document	apis/openapi/webflow.com/webflow-api/2023-03-01T16:45:37Z/meta/import/input-bundle.json	census 1	census.jsonl.gz
anyof-array-variant-closed-object-item	candidate	apis/openapi/webflow.com/webflow-api/2023-03-01T16:45:37Z/meta/import/input-bundle.json	census 1	census.jsonl.gz
anyof-array-variant-closed-object-item	screen	apis/openapi/webflow.com/webflow-api/2023-03-01T16:45:37Z/meta/import/input-bundle.json licence	failed	candidates.tsv
anyof-array-variant-closed-object-item	screen	apis/openapi/webflow.com/webflow-api/2023-03-01T16:45:37Z/meta/import/input-bundle.json ref	failed	candidates.tsv
anyof-array-variant-closed-object-item	screen	apis/openapi/webflow.com/webflow-api/2023-03-01T16:45:37Z/meta/import/input-bundle.json fern	not-run	candidates.tsv
anyof-array-variant-closed-object-item	document	apis/openapi/webflow.com/webflow-api/2023-03-01T16:45:37Z/meta/import/input-entry.json	census 1	census.jsonl.gz
anyof-array-variant-closed-object-item	candidate	apis/openapi/webflow.com/webflow-api/2023-03-01T16:45:37Z/meta/import/input-entry.json	census 1	census.jsonl.gz
anyof-array-variant-closed-object-item	screen	apis/openapi/webflow.com/webflow-api/2023-03-01T16:45:37Z/meta/import/input-entry.json licence	failed	candidates.tsv
anyof-array-variant-closed-object-item	screen	apis/openapi/webflow.com/webflow-api/2023-03-01T16:45:37Z/meta/import/input-entry.json ref	failed	candidates.tsv
anyof-array-variant-closed-object-item	screen	apis/openapi/webflow.com/webflow-api/2023-03-01T16:45:37Z/meta/import/input-entry.json fern	not-run	candidates.tsv
anyof-array-variant-closed-object-item	document	apis/openapi/webflow.com/webflow-api/2023-03-01T16:45:37Z/meta/import/output-bundle.json	census 1	census.jsonl.gz
anyof-array-variant-closed-object-item	candidate	apis/openapi/webflow.com/webflow-api/2023-03-01T16:45:37Z/meta/import/output-bundle.json	census 1	census.jsonl.gz
anyof-array-variant-closed-object-item	screen	apis/openapi/webflow.com/webflow-api/2023-03-01T16:45:37Z/meta/import/output-bundle.json licence	failed	candidates.tsv
anyof-array-variant-closed-object-item	screen	apis/openapi/webflow.com/webflow-api/2023-03-01T16:45:37Z/meta/import/output-bundle.json ref	failed	candidates.tsv
anyof-array-variant-closed-object-item	screen	apis/openapi/webflow.com/webflow-api/2023-03-01T16:45:37Z/meta/import/output-bundle.json fern	not-run	candidates.tsv
anyof-array-variant-closed-object-item	document	apis/openapi/webflow.com/webflow-api/2023-03-01T16:45:37Z/meta/import/output-entry.json	census 1	census.jsonl.gz
anyof-array-variant-closed-object-item	candidate	apis/openapi/webflow.com/webflow-api/2023-03-01T16:45:37Z/meta/import/output-entry.json	census 1	census.jsonl.gz
anyof-array-variant-closed-object-item	screen	apis/openapi/webflow.com/webflow-api/2023-03-01T16:45:37Z/meta/import/output-entry.json licence	failed	candidates.tsv
anyof-array-variant-closed-object-item	screen	apis/openapi/webflow.com/webflow-api/2023-03-01T16:45:37Z/meta/import/output-entry.json ref	failed	candidates.tsv
anyof-array-variant-closed-object-item	screen	apis/openapi/webflow.com/webflow-api/2023-03-01T16:45:37Z/meta/import/output-entry.json fern	not-run	candidates.tsv
anyof-array-variant-closed-object-item	document	apis/openapi/webflow.com/webflow-api/2023-03-01T16:45:37Z/openapi.json	census 1	census.jsonl.gz
anyof-array-variant-closed-object-item	candidate	apis/openapi/webflow.com/webflow-api/2023-03-01T16:45:37Z/openapi.json	census 1	census.jsonl.gz
anyof-array-variant-closed-object-item	screen	apis/openapi/webflow.com/webflow-api/2023-03-01T16:45:37Z/openapi.json licence	failed	candidates.tsv
anyof-array-variant-closed-object-item	screen	apis/openapi/webflow.com/webflow-api/2023-03-01T16:45:37Z/openapi.json ref	failed	candidates.tsv
anyof-array-variant-closed-object-item	screen	apis/openapi/webflow.com/webflow-api/2023-03-01T16:45:37Z/openapi.json fern	not-run	candidates.tsv
anyof-array-variant-empty-object-item	walk	jentic/jentic-public-apis@eb9d12a2684b0fbcb5aecf51e8ae54dba0929743	74240	acquisition-manifest.tsv
anyof-array-variant-empty-object-item	document	apis/openapi/apideck.com/proxy/10.14.0/meta/import/input-bundled.json	census 3	census.jsonl.gz
anyof-array-variant-empty-object-item	candidate	apis/openapi/apideck.com/proxy/10.14.0/meta/import/input-bundled.json	census 3	census.jsonl.gz
anyof-array-variant-empty-object-item	screen	apis/openapi/apideck.com/proxy/10.14.0/meta/import/input-bundled.json licence	failed	candidates.tsv
anyof-array-variant-empty-object-item	screen	apis/openapi/apideck.com/proxy/10.14.0/meta/import/input-bundled.json ref	failed	candidates.tsv
anyof-array-variant-empty-object-item	screen	apis/openapi/apideck.com/proxy/10.14.0/meta/import/input-bundled.json fern	not-run	candidates.tsv
anyof-array-variant-empty-object-item	document	apis/openapi/apideck.com/proxy/10.14.0/meta/import/input-entry.json	census 3	census.jsonl.gz
anyof-array-variant-empty-object-item	candidate	apis/openapi/apideck.com/proxy/10.14.0/meta/import/input-entry.json	census 3	census.jsonl.gz
anyof-array-variant-empty-object-item	screen	apis/openapi/apideck.com/proxy/10.14.0/meta/import/input-entry.json licence	failed	candidates.tsv
anyof-array-variant-empty-object-item	screen	apis/openapi/apideck.com/proxy/10.14.0/meta/import/input-entry.json ref	failed	candidates.tsv
anyof-array-variant-empty-object-item	screen	apis/openapi/apideck.com/proxy/10.14.0/meta/import/input-entry.json fern	not-run	candidates.tsv
anyof-array-variant-empty-object-item	document	apis/openapi/apideck.com/proxy/10.14.0/meta/import/output-bundled.json	census 3	census.jsonl.gz
anyof-array-variant-empty-object-item	candidate	apis/openapi/apideck.com/proxy/10.14.0/meta/import/output-bundled.json	census 3	census.jsonl.gz
anyof-array-variant-empty-object-item	screen	apis/openapi/apideck.com/proxy/10.14.0/meta/import/output-bundled.json licence	failed	candidates.tsv
anyof-array-variant-empty-object-item	screen	apis/openapi/apideck.com/proxy/10.14.0/meta/import/output-bundled.json ref	failed	candidates.tsv
anyof-array-variant-empty-object-item	screen	apis/openapi/apideck.com/proxy/10.14.0/meta/import/output-bundled.json fern	not-run	candidates.tsv
anyof-array-variant-empty-object-item	document	apis/openapi/apideck.com/proxy/10.14.0/meta/import/output-entry.json	census 3	census.jsonl.gz
anyof-array-variant-empty-object-item	candidate	apis/openapi/apideck.com/proxy/10.14.0/meta/import/output-entry.json	census 3	census.jsonl.gz
anyof-array-variant-empty-object-item	screen	apis/openapi/apideck.com/proxy/10.14.0/meta/import/output-entry.json licence	failed	candidates.tsv
anyof-array-variant-empty-object-item	screen	apis/openapi/apideck.com/proxy/10.14.0/meta/import/output-entry.json ref	failed	candidates.tsv
anyof-array-variant-empty-object-item	screen	apis/openapi/apideck.com/proxy/10.14.0/meta/import/output-entry.json fern	not-run	candidates.tsv
anyof-array-variant-empty-object-item	document	apis/openapi/apideck.com/proxy/10.14.0/openapi.json	census 3	census.jsonl.gz
anyof-array-variant-empty-object-item	candidate	apis/openapi/apideck.com/proxy/10.14.0/openapi.json	census 3	census.jsonl.gz
anyof-array-variant-empty-object-item	screen	apis/openapi/apideck.com/proxy/10.14.0/openapi.json licence	failed	candidates.tsv
anyof-array-variant-empty-object-item	screen	apis/openapi/apideck.com/proxy/10.14.0/openapi.json ref	failed	candidates.tsv
anyof-array-variant-empty-object-item	screen	apis/openapi/apideck.com/proxy/10.14.0/openapi.json fern	not-run	candidates.tsv
anyof-array-variant-empty-object-item	document	apis/openapi/metabase.com/main/v0.57.1-SNAPSHOT/meta/import/input-bundle.json	census 2	census.jsonl.gz
anyof-array-variant-empty-object-item	candidate	apis/openapi/metabase.com/main/v0.57.1-SNAPSHOT/meta/import/input-bundle.json	census 2	census.jsonl.gz
anyof-array-variant-empty-object-item	screen	apis/openapi/metabase.com/main/v0.57.1-SNAPSHOT/meta/import/input-bundle.json licence	failed	candidates.tsv
anyof-array-variant-empty-object-item	screen	apis/openapi/metabase.com/main/v0.57.1-SNAPSHOT/meta/import/input-bundle.json ref	failed	candidates.tsv
anyof-array-variant-empty-object-item	screen	apis/openapi/metabase.com/main/v0.57.1-SNAPSHOT/meta/import/input-bundle.json fern	not-run	candidates.tsv
anyof-array-variant-empty-object-item	document	apis/openapi/metabase.com/main/v0.57.1-SNAPSHOT/meta/import/input-entry.json	census 2	census.jsonl.gz
anyof-array-variant-empty-object-item	candidate	apis/openapi/metabase.com/main/v0.57.1-SNAPSHOT/meta/import/input-entry.json	census 2	census.jsonl.gz
anyof-array-variant-empty-object-item	screen	apis/openapi/metabase.com/main/v0.57.1-SNAPSHOT/meta/import/input-entry.json licence	passed	candidates.tsv
anyof-array-variant-empty-object-item	screen	apis/openapi/metabase.com/main/v0.57.1-SNAPSHOT/meta/import/input-entry.json ref	passed	candidates.tsv
anyof-array-variant-empty-object-item	screen	apis/openapi/metabase.com/main/v0.57.1-SNAPSHOT/meta/import/input-entry.json fern	failed	candidates.tsv
anyof-array-variant-empty-object-item	document	apis/openapi/metabase.com/main/v0.57.1-SNAPSHOT/meta/import/output-bundle.json	census 2	census.jsonl.gz
anyof-array-variant-empty-object-item	candidate	apis/openapi/metabase.com/main/v0.57.1-SNAPSHOT/meta/import/output-bundle.json	census 2	census.jsonl.gz
anyof-array-variant-empty-object-item	screen	apis/openapi/metabase.com/main/v0.57.1-SNAPSHOT/meta/import/output-bundle.json licence	failed	candidates.tsv
anyof-array-variant-empty-object-item	screen	apis/openapi/metabase.com/main/v0.57.1-SNAPSHOT/meta/import/output-bundle.json ref	failed	candidates.tsv
anyof-array-variant-empty-object-item	screen	apis/openapi/metabase.com/main/v0.57.1-SNAPSHOT/meta/import/output-bundle.json fern	not-run	candidates.tsv
anyof-array-variant-empty-object-item	document	apis/openapi/metabase.com/main/v0.57.1-SNAPSHOT/meta/import/output-entry.json	census 2	census.jsonl.gz
anyof-array-variant-empty-object-item	candidate	apis/openapi/metabase.com/main/v0.57.1-SNAPSHOT/meta/import/output-entry.json	census 2	census.jsonl.gz
anyof-array-variant-empty-object-item	screen	apis/openapi/metabase.com/main/v0.57.1-SNAPSHOT/meta/import/output-entry.json licence	passed	candidates.tsv
anyof-array-variant-empty-object-item	screen	apis/openapi/metabase.com/main/v0.57.1-SNAPSHOT/meta/import/output-entry.json ref	passed	candidates.tsv
anyof-array-variant-empty-object-item	screen	apis/openapi/metabase.com/main/v0.57.1-SNAPSHOT/meta/import/output-entry.json fern	failed	candidates.tsv
anyof-array-variant-empty-object-item	document	apis/openapi/metabase.com/main/v0.57.1-SNAPSHOT/openapi.json	census 2	census.jsonl.gz
anyof-array-variant-empty-object-item	candidate	apis/openapi/metabase.com/main/v0.57.1-SNAPSHOT/openapi.json	census 2	census.jsonl.gz
anyof-array-variant-empty-object-item	screen	apis/openapi/metabase.com/main/v0.57.1-SNAPSHOT/openapi.json licence	failed	candidates.tsv
anyof-array-variant-empty-object-item	screen	apis/openapi/metabase.com/main/v0.57.1-SNAPSHOT/openapi.json ref	failed	candidates.tsv
anyof-array-variant-empty-object-item	screen	apis/openapi/metabase.com/main/v0.57.1-SNAPSHOT/openapi.json fern	not-run	candidates.tsv
anyof-array-variant-oneof-nullable-item	walk	jentic/jentic-public-apis@eb9d12a2684b0fbcb5aecf51e8ae54dba0929743	74240	acquisition-manifest.tsv
anyof-array-variant-struct-item	walk	jentic/jentic-public-apis@eb9d12a2684b0fbcb5aecf51e8ae54dba0929743	74240	acquisition-manifest.tsv
anyof-array-variant-struct-item	document	apis/openapi/cloudflare.com/main/4.0.0/meta/import/input-bundle.json	census 9	census.jsonl.gz
anyof-array-variant-struct-item	candidate	apis/openapi/cloudflare.com/main/4.0.0/meta/import/input-bundle.json	census 9	census.jsonl.gz
anyof-array-variant-struct-item	screen	apis/openapi/cloudflare.com/main/4.0.0/meta/import/input-bundle.json licence	failed	candidates.tsv
anyof-array-variant-struct-item	screen	apis/openapi/cloudflare.com/main/4.0.0/meta/import/input-bundle.json ref	failed	candidates.tsv
anyof-array-variant-struct-item	screen	apis/openapi/cloudflare.com/main/4.0.0/meta/import/input-bundle.json fern	not-run	candidates.tsv
anyof-array-variant-struct-item	document	apis/openapi/cloudflare.com/main/4.0.0/meta/import/input-entry.json	census 9	census.jsonl.gz
anyof-array-variant-struct-item	candidate	apis/openapi/cloudflare.com/main/4.0.0/meta/import/input-entry.json	census 9	census.jsonl.gz
anyof-array-variant-struct-item	screen	apis/openapi/cloudflare.com/main/4.0.0/meta/import/input-entry.json licence	failed	candidates.tsv
anyof-array-variant-struct-item	screen	apis/openapi/cloudflare.com/main/4.0.0/meta/import/input-entry.json ref	failed	candidates.tsv
anyof-array-variant-struct-item	screen	apis/openapi/cloudflare.com/main/4.0.0/meta/import/input-entry.json fern	not-run	candidates.tsv
anyof-array-variant-struct-item	document	apis/openapi/cloudflare.com/main/4.0.0/meta/import/output-bundle.json	census 9	census.jsonl.gz
anyof-array-variant-struct-item	candidate	apis/openapi/cloudflare.com/main/4.0.0/meta/import/output-bundle.json	census 9	census.jsonl.gz
anyof-array-variant-struct-item	screen	apis/openapi/cloudflare.com/main/4.0.0/meta/import/output-bundle.json licence	failed	candidates.tsv
anyof-array-variant-struct-item	screen	apis/openapi/cloudflare.com/main/4.0.0/meta/import/output-bundle.json ref	failed	candidates.tsv
anyof-array-variant-struct-item	screen	apis/openapi/cloudflare.com/main/4.0.0/meta/import/output-bundle.json fern	not-run	candidates.tsv
anyof-array-variant-struct-item	document	apis/openapi/cloudflare.com/main/4.0.0/meta/import/output-entry.json	census 9	census.jsonl.gz
anyof-array-variant-struct-item	candidate	apis/openapi/cloudflare.com/main/4.0.0/meta/import/output-entry.json	census 9	census.jsonl.gz
anyof-array-variant-struct-item	screen	apis/openapi/cloudflare.com/main/4.0.0/meta/import/output-entry.json licence	failed	candidates.tsv
anyof-array-variant-struct-item	screen	apis/openapi/cloudflare.com/main/4.0.0/meta/import/output-entry.json ref	failed	candidates.tsv
anyof-array-variant-struct-item	screen	apis/openapi/cloudflare.com/main/4.0.0/meta/import/output-entry.json fern	not-run	candidates.tsv
anyof-array-variant-struct-item	document	apis/openapi/cloudflare.com/main/4.0.0/openapi.json	census 9	census.jsonl.gz
anyof-array-variant-struct-item	candidate	apis/openapi/cloudflare.com/main/4.0.0/openapi.json	census 9	census.jsonl.gz
anyof-array-variant-struct-item	screen	apis/openapi/cloudflare.com/main/4.0.0/openapi.json licence	failed	candidates.tsv
anyof-array-variant-struct-item	screen	apis/openapi/cloudflare.com/main/4.0.0/openapi.json ref	failed	candidates.tsv
anyof-array-variant-struct-item	screen	apis/openapi/cloudflare.com/main/4.0.0/openapi.json fern	not-run	candidates.tsv
anyof-array-variant-struct-item	document	apis/openapi/cradl.ai/main/2026-01-28T09:00:46Z/meta/import/input-bundle.json	census 1	census.jsonl.gz
anyof-array-variant-struct-item	candidate	apis/openapi/cradl.ai/main/2026-01-28T09:00:46Z/meta/import/input-bundle.json	census 1	census.jsonl.gz
anyof-array-variant-struct-item	screen	apis/openapi/cradl.ai/main/2026-01-28T09:00:46Z/meta/import/input-bundle.json licence	passed	candidates.tsv
anyof-array-variant-struct-item	screen	apis/openapi/cradl.ai/main/2026-01-28T09:00:46Z/meta/import/input-bundle.json ref	passed	candidates.tsv
anyof-array-variant-struct-item	screen	apis/openapi/cradl.ai/main/2026-01-28T09:00:46Z/meta/import/input-bundle.json fern	passed	candidates.tsv
anyof-array-variant-struct-item	document	apis/openapi/cradl.ai/main/2026-01-28T09:00:46Z/meta/import/input-entry.json	census 1	census.jsonl.gz
anyof-array-variant-struct-item	candidate	apis/openapi/cradl.ai/main/2026-01-28T09:00:46Z/meta/import/input-entry.json	census 1	census.jsonl.gz
anyof-array-variant-struct-item	screen	apis/openapi/cradl.ai/main/2026-01-28T09:00:46Z/meta/import/input-entry.json licence	passed	candidates.tsv
anyof-array-variant-struct-item	screen	apis/openapi/cradl.ai/main/2026-01-28T09:00:46Z/meta/import/input-entry.json ref	passed	candidates.tsv
anyof-array-variant-struct-item	screen	apis/openapi/cradl.ai/main/2026-01-28T09:00:46Z/meta/import/input-entry.json fern	passed	candidates.tsv
anyof-array-variant-struct-item	document	apis/openapi/cradl.ai/main/2026-01-28T09:00:46Z/meta/import/output-bundle.json	census 1	census.jsonl.gz
anyof-array-variant-struct-item	candidate	apis/openapi/cradl.ai/main/2026-01-28T09:00:46Z/meta/import/output-bundle.json	census 1	census.jsonl.gz
anyof-array-variant-struct-item	screen	apis/openapi/cradl.ai/main/2026-01-28T09:00:46Z/meta/import/output-bundle.json licence	passed	candidates.tsv
anyof-array-variant-struct-item	screen	apis/openapi/cradl.ai/main/2026-01-28T09:00:46Z/meta/import/output-bundle.json ref	passed	candidates.tsv
anyof-array-variant-struct-item	screen	apis/openapi/cradl.ai/main/2026-01-28T09:00:46Z/meta/import/output-bundle.json fern	passed	candidates.tsv
anyof-array-variant-struct-item	document	apis/openapi/cradl.ai/main/2026-01-28T09:00:46Z/meta/import/output-entry.json	census 1	census.jsonl.gz
anyof-array-variant-struct-item	candidate	apis/openapi/cradl.ai/main/2026-01-28T09:00:46Z/meta/import/output-entry.json	census 1	census.jsonl.gz
anyof-array-variant-struct-item	screen	apis/openapi/cradl.ai/main/2026-01-28T09:00:46Z/meta/import/output-entry.json licence	passed	candidates.tsv
anyof-array-variant-struct-item	screen	apis/openapi/cradl.ai/main/2026-01-28T09:00:46Z/meta/import/output-entry.json ref	passed	candidates.tsv
anyof-array-variant-struct-item	screen	apis/openapi/cradl.ai/main/2026-01-28T09:00:46Z/meta/import/output-entry.json fern	passed	candidates.tsv
anyof-array-variant-struct-item	document	apis/openapi/cradl.ai/main/2026-01-28T09:00:46Z/openapi.json	census 1	census.jsonl.gz
anyof-array-variant-struct-item	candidate	apis/openapi/cradl.ai/main/2026-01-28T09:00:46Z/openapi.json	census 1	census.jsonl.gz
anyof-array-variant-struct-item	screen	apis/openapi/cradl.ai/main/2026-01-28T09:00:46Z/openapi.json licence	passed	candidates.tsv
anyof-array-variant-struct-item	screen	apis/openapi/cradl.ai/main/2026-01-28T09:00:46Z/openapi.json ref	passed	candidates.tsv
anyof-array-variant-struct-item	screen	apis/openapi/cradl.ai/main/2026-01-28T09:00:46Z/openapi.json fern	passed	candidates.tsv
anyof-array-variant-struct-item	document	apis/openapi/elastic.co/kibana/1.0/meta/import/input-bundle.json	census 20	census.jsonl.gz
anyof-array-variant-struct-item	candidate	apis/openapi/elastic.co/kibana/1.0/meta/import/input-bundle.json	census 20	census.jsonl.gz
anyof-array-variant-struct-item	screen	apis/openapi/elastic.co/kibana/1.0/meta/import/input-bundle.json licence	passed	candidates.tsv
anyof-array-variant-struct-item	screen	apis/openapi/elastic.co/kibana/1.0/meta/import/input-bundle.json ref	passed	candidates.tsv
anyof-array-variant-struct-item	screen	apis/openapi/elastic.co/kibana/1.0/meta/import/input-bundle.json fern	failed	candidates.tsv
anyof-array-variant-struct-item	document	apis/openapi/elastic.co/kibana/1.0/meta/import/input-entry.json	census 20	census.jsonl.gz
anyof-array-variant-struct-item	candidate	apis/openapi/elastic.co/kibana/1.0/meta/import/input-entry.json	census 20	census.jsonl.gz
anyof-array-variant-struct-item	screen	apis/openapi/elastic.co/kibana/1.0/meta/import/input-entry.json licence	passed	candidates.tsv
anyof-array-variant-struct-item	screen	apis/openapi/elastic.co/kibana/1.0/meta/import/input-entry.json ref	passed	candidates.tsv
anyof-array-variant-struct-item	screen	apis/openapi/elastic.co/kibana/1.0/meta/import/input-entry.json fern	failed	candidates.tsv
anyof-array-variant-struct-item	document	apis/openapi/elastic.co/kibana/1.0/meta/import/output-bundle.json	census 20	census.jsonl.gz
anyof-array-variant-struct-item	candidate	apis/openapi/elastic.co/kibana/1.0/meta/import/output-bundle.json	census 20	census.jsonl.gz
anyof-array-variant-struct-item	screen	apis/openapi/elastic.co/kibana/1.0/meta/import/output-bundle.json licence	passed	candidates.tsv
anyof-array-variant-struct-item	screen	apis/openapi/elastic.co/kibana/1.0/meta/import/output-bundle.json ref	passed	candidates.tsv
anyof-array-variant-struct-item	screen	apis/openapi/elastic.co/kibana/1.0/meta/import/output-bundle.json fern	failed	candidates.tsv
anyof-array-variant-struct-item	document	apis/openapi/elastic.co/kibana/1.0/meta/import/output-entry.json	census 20	census.jsonl.gz
anyof-array-variant-struct-item	candidate	apis/openapi/elastic.co/kibana/1.0/meta/import/output-entry.json	census 20	census.jsonl.gz
anyof-array-variant-struct-item	screen	apis/openapi/elastic.co/kibana/1.0/meta/import/output-entry.json licence	passed	candidates.tsv
anyof-array-variant-struct-item	screen	apis/openapi/elastic.co/kibana/1.0/meta/import/output-entry.json ref	passed	candidates.tsv
anyof-array-variant-struct-item	screen	apis/openapi/elastic.co/kibana/1.0/meta/import/output-entry.json fern	failed	candidates.tsv
anyof-array-variant-struct-item	document	apis/openapi/elastic.co/kibana/1.0/openapi.json	census 20	census.jsonl.gz
anyof-array-variant-struct-item	candidate	apis/openapi/elastic.co/kibana/1.0/openapi.json	census 20	census.jsonl.gz
anyof-array-variant-struct-item	screen	apis/openapi/elastic.co/kibana/1.0/openapi.json licence	passed	candidates.tsv
anyof-array-variant-struct-item	screen	apis/openapi/elastic.co/kibana/1.0/openapi.json ref	passed	candidates.tsv
anyof-array-variant-struct-item	screen	apis/openapi/elastic.co/kibana/1.0/openapi.json fern	failed	candidates.tsv
anyof-array-variant-struct-item	document	apis/openapi/exa.ai/main/2.0.0/meta/import/input-bundle.json	census 1	census.jsonl.gz
anyof-array-variant-struct-item	candidate	apis/openapi/exa.ai/main/2.0.0/meta/import/input-bundle.json	census 1	census.jsonl.gz
anyof-array-variant-struct-item	screen	apis/openapi/exa.ai/main/2.0.0/meta/import/input-bundle.json licence	failed	candidates.tsv
anyof-array-variant-struct-item	screen	apis/openapi/exa.ai/main/2.0.0/meta/import/input-bundle.json ref	failed	candidates.tsv
anyof-array-variant-struct-item	screen	apis/openapi/exa.ai/main/2.0.0/meta/import/input-bundle.json fern	not-run	candidates.tsv
anyof-array-variant-struct-item	document	apis/openapi/exa.ai/main/2.0.0/meta/import/input-entry.json	census 1	census.jsonl.gz
anyof-array-variant-struct-item	candidate	apis/openapi/exa.ai/main/2.0.0/meta/import/input-entry.json	census 1	census.jsonl.gz
anyof-array-variant-struct-item	screen	apis/openapi/exa.ai/main/2.0.0/meta/import/input-entry.json licence	failed	candidates.tsv
anyof-array-variant-struct-item	screen	apis/openapi/exa.ai/main/2.0.0/meta/import/input-entry.json ref	failed	candidates.tsv
anyof-array-variant-struct-item	screen	apis/openapi/exa.ai/main/2.0.0/meta/import/input-entry.json fern	not-run	candidates.tsv
anyof-array-variant-struct-item	document	apis/openapi/exa.ai/main/2.0.0/meta/import/output-bundle.json	census 1	census.jsonl.gz
anyof-array-variant-struct-item	candidate	apis/openapi/exa.ai/main/2.0.0/meta/import/output-bundle.json	census 1	census.jsonl.gz
anyof-array-variant-struct-item	screen	apis/openapi/exa.ai/main/2.0.0/meta/import/output-bundle.json licence	failed	candidates.tsv
anyof-array-variant-struct-item	screen	apis/openapi/exa.ai/main/2.0.0/meta/import/output-bundle.json ref	failed	candidates.tsv
anyof-array-variant-struct-item	screen	apis/openapi/exa.ai/main/2.0.0/meta/import/output-bundle.json fern	not-run	candidates.tsv
anyof-array-variant-struct-item	document	apis/openapi/exa.ai/main/2.0.0/meta/import/output-entry.json	census 1	census.jsonl.gz
anyof-array-variant-struct-item	candidate	apis/openapi/exa.ai/main/2.0.0/meta/import/output-entry.json	census 1	census.jsonl.gz
anyof-array-variant-struct-item	screen	apis/openapi/exa.ai/main/2.0.0/meta/import/output-entry.json licence	failed	candidates.tsv
anyof-array-variant-struct-item	screen	apis/openapi/exa.ai/main/2.0.0/meta/import/output-entry.json ref	failed	candidates.tsv
anyof-array-variant-struct-item	screen	apis/openapi/exa.ai/main/2.0.0/meta/import/output-entry.json fern	not-run	candidates.tsv
anyof-array-variant-struct-item	document	apis/openapi/exa.ai/main/2.0.0/openapi.json	census 1	census.jsonl.gz
anyof-array-variant-struct-item	candidate	apis/openapi/exa.ai/main/2.0.0/openapi.json	census 1	census.jsonl.gz
anyof-array-variant-struct-item	screen	apis/openapi/exa.ai/main/2.0.0/openapi.json licence	failed	candidates.tsv
anyof-array-variant-struct-item	screen	apis/openapi/exa.ai/main/2.0.0/openapi.json ref	failed	candidates.tsv
anyof-array-variant-struct-item	screen	apis/openapi/exa.ai/main/2.0.0/openapi.json fern	not-run	candidates.tsv
anyof-array-variant-struct-item	document	apis/openapi/fergus.com/fergus-api/v1/meta/import/input-bundle.json	census 8	census.jsonl.gz
anyof-array-variant-struct-item	candidate	apis/openapi/fergus.com/fergus-api/v1/meta/import/input-bundle.json	census 8	census.jsonl.gz
anyof-array-variant-struct-item	screen	apis/openapi/fergus.com/fergus-api/v1/meta/import/input-bundle.json licence	passed	candidates.tsv
anyof-array-variant-struct-item	screen	apis/openapi/fergus.com/fergus-api/v1/meta/import/input-bundle.json ref	passed	candidates.tsv
anyof-array-variant-struct-item	screen	apis/openapi/fergus.com/fergus-api/v1/meta/import/input-bundle.json fern	passed	candidates.tsv
anyof-array-variant-struct-item	document	apis/openapi/fergus.com/fergus-api/v1/meta/import/input-entry.json	census 8	census.jsonl.gz
anyof-array-variant-struct-item	candidate	apis/openapi/fergus.com/fergus-api/v1/meta/import/input-entry.json	census 8	census.jsonl.gz
anyof-array-variant-struct-item	screen	apis/openapi/fergus.com/fergus-api/v1/meta/import/input-entry.json licence	passed	candidates.tsv
anyof-array-variant-struct-item	screen	apis/openapi/fergus.com/fergus-api/v1/meta/import/input-entry.json ref	passed	candidates.tsv
anyof-array-variant-struct-item	screen	apis/openapi/fergus.com/fergus-api/v1/meta/import/input-entry.json fern	passed	candidates.tsv
anyof-array-variant-struct-item	document	apis/openapi/fergus.com/fergus-api/v1/meta/import/output-bundle.json	census 8	census.jsonl.gz
anyof-array-variant-struct-item	candidate	apis/openapi/fergus.com/fergus-api/v1/meta/import/output-bundle.json	census 8	census.jsonl.gz
anyof-array-variant-struct-item	screen	apis/openapi/fergus.com/fergus-api/v1/meta/import/output-bundle.json licence	passed	candidates.tsv
anyof-array-variant-struct-item	screen	apis/openapi/fergus.com/fergus-api/v1/meta/import/output-bundle.json ref	passed	candidates.tsv
anyof-array-variant-struct-item	screen	apis/openapi/fergus.com/fergus-api/v1/meta/import/output-bundle.json fern	passed	candidates.tsv
anyof-array-variant-struct-item	document	apis/openapi/fergus.com/fergus-api/v1/meta/import/output-entry.json	census 8	census.jsonl.gz
anyof-array-variant-struct-item	candidate	apis/openapi/fergus.com/fergus-api/v1/meta/import/output-entry.json	census 8	census.jsonl.gz
anyof-array-variant-struct-item	screen	apis/openapi/fergus.com/fergus-api/v1/meta/import/output-entry.json licence	passed	candidates.tsv
anyof-array-variant-struct-item	screen	apis/openapi/fergus.com/fergus-api/v1/meta/import/output-entry.json ref	passed	candidates.tsv
anyof-array-variant-struct-item	screen	apis/openapi/fergus.com/fergus-api/v1/meta/import/output-entry.json fern	passed	candidates.tsv
anyof-array-variant-struct-item	document	apis/openapi/fergus.com/fergus-api/v1/openapi.json	census 8	census.jsonl.gz
anyof-array-variant-struct-item	candidate	apis/openapi/fergus.com/fergus-api/v1/openapi.json	census 8	census.jsonl.gz
anyof-array-variant-struct-item	screen	apis/openapi/fergus.com/fergus-api/v1/openapi.json licence	passed	candidates.tsv
anyof-array-variant-struct-item	screen	apis/openapi/fergus.com/fergus-api/v1/openapi.json ref	passed	candidates.tsv
anyof-array-variant-struct-item	screen	apis/openapi/fergus.com/fergus-api/v1/openapi.json fern	passed	candidates.tsv
anyof-array-variant-struct-item	document	apis/openapi/gcore.com/main/1.0.0/meta/import/input-bundle.json	census 1	census.jsonl.gz
anyof-array-variant-struct-item	candidate	apis/openapi/gcore.com/main/1.0.0/meta/import/input-bundle.json	census 1	census.jsonl.gz
anyof-array-variant-struct-item	screen	apis/openapi/gcore.com/main/1.0.0/meta/import/input-bundle.json licence	failed	candidates.tsv
anyof-array-variant-struct-item	screen	apis/openapi/gcore.com/main/1.0.0/meta/import/input-bundle.json ref	failed	candidates.tsv
anyof-array-variant-struct-item	screen	apis/openapi/gcore.com/main/1.0.0/meta/import/input-bundle.json fern	not-run	candidates.tsv
anyof-array-variant-struct-item	document	apis/openapi/gcore.com/main/1.0.0/meta/import/input-entry.json	census 1	census.jsonl.gz
anyof-array-variant-struct-item	candidate	apis/openapi/gcore.com/main/1.0.0/meta/import/input-entry.json	census 1	census.jsonl.gz
anyof-array-variant-struct-item	screen	apis/openapi/gcore.com/main/1.0.0/meta/import/input-entry.json licence	failed	candidates.tsv
anyof-array-variant-struct-item	screen	apis/openapi/gcore.com/main/1.0.0/meta/import/input-entry.json ref	failed	candidates.tsv
anyof-array-variant-struct-item	screen	apis/openapi/gcore.com/main/1.0.0/meta/import/input-entry.json fern	not-run	candidates.tsv
anyof-array-variant-struct-item	document	apis/openapi/gcore.com/main/1.0.0/meta/import/output-bundle.json	census 1	census.jsonl.gz
anyof-array-variant-struct-item	candidate	apis/openapi/gcore.com/main/1.0.0/meta/import/output-bundle.json	census 1	census.jsonl.gz
anyof-array-variant-struct-item	screen	apis/openapi/gcore.com/main/1.0.0/meta/import/output-bundle.json licence	failed	candidates.tsv
anyof-array-variant-struct-item	screen	apis/openapi/gcore.com/main/1.0.0/meta/import/output-bundle.json ref	failed	candidates.tsv
anyof-array-variant-struct-item	screen	apis/openapi/gcore.com/main/1.0.0/meta/import/output-bundle.json fern	not-run	candidates.tsv
anyof-array-variant-struct-item	document	apis/openapi/gcore.com/main/1.0.0/meta/import/output-entry.json	census 1	census.jsonl.gz
anyof-array-variant-struct-item	candidate	apis/openapi/gcore.com/main/1.0.0/meta/import/output-entry.json	census 1	census.jsonl.gz
anyof-array-variant-struct-item	screen	apis/openapi/gcore.com/main/1.0.0/meta/import/output-entry.json licence	failed	candidates.tsv
anyof-array-variant-struct-item	screen	apis/openapi/gcore.com/main/1.0.0/meta/import/output-entry.json ref	failed	candidates.tsv
anyof-array-variant-struct-item	screen	apis/openapi/gcore.com/main/1.0.0/meta/import/output-entry.json fern	not-run	candidates.tsv
anyof-array-variant-struct-item	document	apis/openapi/gcore.com/main/1.0.0/openapi.json	census 1	census.jsonl.gz
anyof-array-variant-struct-item	candidate	apis/openapi/gcore.com/main/1.0.0/openapi.json	census 1	census.jsonl.gz
anyof-array-variant-struct-item	screen	apis/openapi/gcore.com/main/1.0.0/openapi.json licence	failed	candidates.tsv
anyof-array-variant-struct-item	screen	apis/openapi/gcore.com/main/1.0.0/openapi.json ref	failed	candidates.tsv
anyof-array-variant-struct-item	screen	apis/openapi/gcore.com/main/1.0.0/openapi.json fern	not-run	candidates.tsv
anyof-array-variant-struct-item	document	apis/openapi/huggingface.co/main/0.0.1/meta/import/input-bundle.json	census 1	census.jsonl.gz
anyof-array-variant-struct-item	candidate	apis/openapi/huggingface.co/main/0.0.1/meta/import/input-bundle.json	census 1	census.jsonl.gz
anyof-array-variant-struct-item	screen	apis/openapi/huggingface.co/main/0.0.1/meta/import/input-bundle.json licence	failed	candidates.tsv
anyof-array-variant-struct-item	screen	apis/openapi/huggingface.co/main/0.0.1/meta/import/input-bundle.json ref	failed	candidates.tsv
anyof-array-variant-struct-item	screen	apis/openapi/huggingface.co/main/0.0.1/meta/import/input-bundle.json fern	not-run	candidates.tsv
anyof-array-variant-struct-item	document	apis/openapi/huggingface.co/main/0.0.1/meta/import/input-entry.json	census 1	census.jsonl.gz
anyof-array-variant-struct-item	candidate	apis/openapi/huggingface.co/main/0.0.1/meta/import/input-entry.json	census 1	census.jsonl.gz
anyof-array-variant-struct-item	screen	apis/openapi/huggingface.co/main/0.0.1/meta/import/input-entry.json licence	failed	candidates.tsv
anyof-array-variant-struct-item	screen	apis/openapi/huggingface.co/main/0.0.1/meta/import/input-entry.json ref	failed	candidates.tsv
anyof-array-variant-struct-item	screen	apis/openapi/huggingface.co/main/0.0.1/meta/import/input-entry.json fern	not-run	candidates.tsv
anyof-array-variant-struct-item	document	apis/openapi/huggingface.co/main/0.0.1/meta/import/output-bundle.json	census 1	census.jsonl.gz
anyof-array-variant-struct-item	candidate	apis/openapi/huggingface.co/main/0.0.1/meta/import/output-bundle.json	census 1	census.jsonl.gz
anyof-array-variant-struct-item	screen	apis/openapi/huggingface.co/main/0.0.1/meta/import/output-bundle.json licence	failed	candidates.tsv
anyof-array-variant-struct-item	screen	apis/openapi/huggingface.co/main/0.0.1/meta/import/output-bundle.json ref	failed	candidates.tsv
anyof-array-variant-struct-item	screen	apis/openapi/huggingface.co/main/0.0.1/meta/import/output-bundle.json fern	not-run	candidates.tsv
anyof-array-variant-struct-item	document	apis/openapi/huggingface.co/main/0.0.1/meta/import/output-entry.json	census 1	census.jsonl.gz
anyof-array-variant-struct-item	candidate	apis/openapi/huggingface.co/main/0.0.1/meta/import/output-entry.json	census 1	census.jsonl.gz
anyof-array-variant-struct-item	screen	apis/openapi/huggingface.co/main/0.0.1/meta/import/output-entry.json licence	failed	candidates.tsv
anyof-array-variant-struct-item	screen	apis/openapi/huggingface.co/main/0.0.1/meta/import/output-entry.json ref	failed	candidates.tsv
anyof-array-variant-struct-item	screen	apis/openapi/huggingface.co/main/0.0.1/meta/import/output-entry.json fern	not-run	candidates.tsv
anyof-array-variant-struct-item	document	apis/openapi/huggingface.co/main/0.0.1/openapi.json	census 1	census.jsonl.gz
anyof-array-variant-struct-item	candidate	apis/openapi/huggingface.co/main/0.0.1/openapi.json	census 1	census.jsonl.gz
anyof-array-variant-struct-item	screen	apis/openapi/huggingface.co/main/0.0.1/openapi.json licence	failed	candidates.tsv
anyof-array-variant-struct-item	screen	apis/openapi/huggingface.co/main/0.0.1/openapi.json ref	failed	candidates.tsv
anyof-array-variant-struct-item	screen	apis/openapi/huggingface.co/main/0.0.1/openapi.json fern	not-run	candidates.tsv
anyof-array-variant-struct-item	document	apis/openapi/increase.com/main/0.0.1/meta/import/input-bundled.json	census 3	census.jsonl.gz
anyof-array-variant-struct-item	candidate	apis/openapi/increase.com/main/0.0.1/meta/import/input-bundled.json	census 3	census.jsonl.gz
anyof-array-variant-struct-item	screen	apis/openapi/increase.com/main/0.0.1/meta/import/input-bundled.json licence	failed	candidates.tsv
anyof-array-variant-struct-item	screen	apis/openapi/increase.com/main/0.0.1/meta/import/input-bundled.json ref	failed	candidates.tsv
anyof-array-variant-struct-item	screen	apis/openapi/increase.com/main/0.0.1/meta/import/input-bundled.json fern	not-run	candidates.tsv
anyof-array-variant-struct-item	document	apis/openapi/increase.com/main/0.0.1/meta/import/input-entry.json	census 3	census.jsonl.gz
anyof-array-variant-struct-item	candidate	apis/openapi/increase.com/main/0.0.1/meta/import/input-entry.json	census 3	census.jsonl.gz
anyof-array-variant-struct-item	screen	apis/openapi/increase.com/main/0.0.1/meta/import/input-entry.json licence	failed	candidates.tsv
anyof-array-variant-struct-item	screen	apis/openapi/increase.com/main/0.0.1/meta/import/input-entry.json ref	failed	candidates.tsv
anyof-array-variant-struct-item	screen	apis/openapi/increase.com/main/0.0.1/meta/import/input-entry.json fern	not-run	candidates.tsv
anyof-array-variant-struct-item	document	apis/openapi/increase.com/main/0.0.1/meta/import/output-bundled.json	census 3	census.jsonl.gz
anyof-array-variant-struct-item	candidate	apis/openapi/increase.com/main/0.0.1/meta/import/output-bundled.json	census 3	census.jsonl.gz
anyof-array-variant-struct-item	screen	apis/openapi/increase.com/main/0.0.1/meta/import/output-bundled.json licence	failed	candidates.tsv
anyof-array-variant-struct-item	screen	apis/openapi/increase.com/main/0.0.1/meta/import/output-bundled.json ref	failed	candidates.tsv
anyof-array-variant-struct-item	screen	apis/openapi/increase.com/main/0.0.1/meta/import/output-bundled.json fern	not-run	candidates.tsv
anyof-array-variant-struct-item	document	apis/openapi/increase.com/main/0.0.1/meta/import/output-entry.json	census 3	census.jsonl.gz
anyof-array-variant-struct-item	candidate	apis/openapi/increase.com/main/0.0.1/meta/import/output-entry.json	census 3	census.jsonl.gz
anyof-array-variant-struct-item	screen	apis/openapi/increase.com/main/0.0.1/meta/import/output-entry.json licence	failed	candidates.tsv
anyof-array-variant-struct-item	screen	apis/openapi/increase.com/main/0.0.1/meta/import/output-entry.json ref	failed	candidates.tsv
anyof-array-variant-struct-item	screen	apis/openapi/increase.com/main/0.0.1/meta/import/output-entry.json fern	not-run	candidates.tsv
anyof-array-variant-struct-item	document	apis/openapi/increase.com/main/0.0.1/openapi.json	census 3	census.jsonl.gz
anyof-array-variant-struct-item	candidate	apis/openapi/increase.com/main/0.0.1/openapi.json	census 3	census.jsonl.gz
anyof-array-variant-struct-item	screen	apis/openapi/increase.com/main/0.0.1/openapi.json licence	failed	candidates.tsv
anyof-array-variant-struct-item	screen	apis/openapi/increase.com/main/0.0.1/openapi.json ref	failed	candidates.tsv
anyof-array-variant-struct-item	screen	apis/openapi/increase.com/main/0.0.1/openapi.json fern	not-run	candidates.tsv
anyof-array-variant-struct-item	document	apis/openapi/luma.com/main/1.0.0/meta/import/input-bundle.json	census 1	census.jsonl.gz
anyof-array-variant-struct-item	candidate	apis/openapi/luma.com/main/1.0.0/meta/import/input-bundle.json	census 1	census.jsonl.gz
anyof-array-variant-struct-item	screen	apis/openapi/luma.com/main/1.0.0/meta/import/input-bundle.json licence	failed	candidates.tsv
anyof-array-variant-struct-item	screen	apis/openapi/luma.com/main/1.0.0/meta/import/input-bundle.json ref	failed	candidates.tsv
anyof-array-variant-struct-item	screen	apis/openapi/luma.com/main/1.0.0/meta/import/input-bundle.json fern	not-run	candidates.tsv
anyof-array-variant-struct-item	document	apis/openapi/luma.com/main/1.0.0/meta/import/input-entry.json	census 1	census.jsonl.gz
anyof-array-variant-struct-item	candidate	apis/openapi/luma.com/main/1.0.0/meta/import/input-entry.json	census 1	census.jsonl.gz
anyof-array-variant-struct-item	screen	apis/openapi/luma.com/main/1.0.0/meta/import/input-entry.json licence	failed	candidates.tsv
anyof-array-variant-struct-item	screen	apis/openapi/luma.com/main/1.0.0/meta/import/input-entry.json ref	failed	candidates.tsv
anyof-array-variant-struct-item	screen	apis/openapi/luma.com/main/1.0.0/meta/import/input-entry.json fern	not-run	candidates.tsv
anyof-array-variant-struct-item	document	apis/openapi/luma.com/main/1.0.0/meta/import/output-bundle.json	census 1	census.jsonl.gz
anyof-array-variant-struct-item	candidate	apis/openapi/luma.com/main/1.0.0/meta/import/output-bundle.json	census 1	census.jsonl.gz
anyof-array-variant-struct-item	screen	apis/openapi/luma.com/main/1.0.0/meta/import/output-bundle.json licence	failed	candidates.tsv
anyof-array-variant-struct-item	screen	apis/openapi/luma.com/main/1.0.0/meta/import/output-bundle.json ref	failed	candidates.tsv
anyof-array-variant-struct-item	screen	apis/openapi/luma.com/main/1.0.0/meta/import/output-bundle.json fern	not-run	candidates.tsv
anyof-array-variant-struct-item	document	apis/openapi/luma.com/main/1.0.0/meta/import/output-entry.json	census 1	census.jsonl.gz
anyof-array-variant-struct-item	candidate	apis/openapi/luma.com/main/1.0.0/meta/import/output-entry.json	census 1	census.jsonl.gz
anyof-array-variant-struct-item	screen	apis/openapi/luma.com/main/1.0.0/meta/import/output-entry.json licence	failed	candidates.tsv
anyof-array-variant-struct-item	screen	apis/openapi/luma.com/main/1.0.0/meta/import/output-entry.json ref	failed	candidates.tsv
anyof-array-variant-struct-item	screen	apis/openapi/luma.com/main/1.0.0/meta/import/output-entry.json fern	not-run	candidates.tsv
anyof-array-variant-struct-item	document	apis/openapi/luma.com/main/1.0.0/openapi.json	census 1	census.jsonl.gz
anyof-array-variant-struct-item	candidate	apis/openapi/luma.com/main/1.0.0/openapi.json	census 1	census.jsonl.gz
anyof-array-variant-struct-item	screen	apis/openapi/luma.com/main/1.0.0/openapi.json licence	failed	candidates.tsv
anyof-array-variant-struct-item	screen	apis/openapi/luma.com/main/1.0.0/openapi.json ref	failed	candidates.tsv
anyof-array-variant-struct-item	screen	apis/openapi/luma.com/main/1.0.0/openapi.json fern	not-run	candidates.tsv
anyof-array-variant-struct-item	document	apis/openapi/openrouter.ai/main/1.0.0/meta/import/input-bundle.json	census 6	census.jsonl.gz
anyof-array-variant-struct-item	candidate	apis/openapi/openrouter.ai/main/1.0.0/meta/import/input-bundle.json	census 6	census.jsonl.gz
anyof-array-variant-struct-item	screen	apis/openapi/openrouter.ai/main/1.0.0/meta/import/input-bundle.json licence	passed	candidates.tsv
anyof-array-variant-struct-item	screen	apis/openapi/openrouter.ai/main/1.0.0/meta/import/input-bundle.json ref	passed	candidates.tsv
anyof-array-variant-struct-item	screen	apis/openapi/openrouter.ai/main/1.0.0/meta/import/input-bundle.json fern	failed	candidates.tsv
anyof-array-variant-struct-item	document	apis/openapi/openrouter.ai/main/1.0.0/meta/import/input-entry.json	census 6	census.jsonl.gz
anyof-array-variant-struct-item	candidate	apis/openapi/openrouter.ai/main/1.0.0/meta/import/input-entry.json	census 6	census.jsonl.gz
anyof-array-variant-struct-item	screen	apis/openapi/openrouter.ai/main/1.0.0/meta/import/input-entry.json licence	passed	candidates.tsv
anyof-array-variant-struct-item	screen	apis/openapi/openrouter.ai/main/1.0.0/meta/import/input-entry.json ref	passed	candidates.tsv
anyof-array-variant-struct-item	screen	apis/openapi/openrouter.ai/main/1.0.0/meta/import/input-entry.json fern	failed	candidates.tsv
anyof-array-variant-struct-item	document	apis/openapi/openrouter.ai/main/1.0.0/meta/import/output-bundle.json	census 6	census.jsonl.gz
anyof-array-variant-struct-item	candidate	apis/openapi/openrouter.ai/main/1.0.0/meta/import/output-bundle.json	census 6	census.jsonl.gz
anyof-array-variant-struct-item	screen	apis/openapi/openrouter.ai/main/1.0.0/meta/import/output-bundle.json licence	passed	candidates.tsv
anyof-array-variant-struct-item	screen	apis/openapi/openrouter.ai/main/1.0.0/meta/import/output-bundle.json ref	passed	candidates.tsv
anyof-array-variant-struct-item	screen	apis/openapi/openrouter.ai/main/1.0.0/meta/import/output-bundle.json fern	failed	candidates.tsv
anyof-array-variant-struct-item	document	apis/openapi/openrouter.ai/main/1.0.0/meta/import/output-entry.json	census 6	census.jsonl.gz
anyof-array-variant-struct-item	candidate	apis/openapi/openrouter.ai/main/1.0.0/meta/import/output-entry.json	census 6	census.jsonl.gz
anyof-array-variant-struct-item	screen	apis/openapi/openrouter.ai/main/1.0.0/meta/import/output-entry.json licence	passed	candidates.tsv
anyof-array-variant-struct-item	screen	apis/openapi/openrouter.ai/main/1.0.0/meta/import/output-entry.json ref	passed	candidates.tsv
anyof-array-variant-struct-item	screen	apis/openapi/openrouter.ai/main/1.0.0/meta/import/output-entry.json fern	failed	candidates.tsv
anyof-array-variant-struct-item	document	apis/openapi/openrouter.ai/main/1.0.0/openapi.json	census 6	census.jsonl.gz
anyof-array-variant-struct-item	candidate	apis/openapi/openrouter.ai/main/1.0.0/openapi.json	census 6	census.jsonl.gz
anyof-array-variant-struct-item	screen	apis/openapi/openrouter.ai/main/1.0.0/openapi.json licence	passed	candidates.tsv
anyof-array-variant-struct-item	screen	apis/openapi/openrouter.ai/main/1.0.0/openapi.json ref	passed	candidates.tsv
anyof-array-variant-struct-item	screen	apis/openapi/openrouter.ai/main/1.0.0/openapi.json fern	failed	candidates.tsv
anyof-array-variant-struct-item	document	apis/openapi/respond.io/respond-io-api/2.0.0/meta/import/input-bundle.json	census 2	census.jsonl.gz
anyof-array-variant-struct-item	candidate	apis/openapi/respond.io/respond-io-api/2.0.0/meta/import/input-bundle.json	census 2	census.jsonl.gz
anyof-array-variant-struct-item	screen	apis/openapi/respond.io/respond-io-api/2.0.0/meta/import/input-bundle.json licence	failed	candidates.tsv
anyof-array-variant-struct-item	screen	apis/openapi/respond.io/respond-io-api/2.0.0/meta/import/input-bundle.json ref	failed	candidates.tsv
anyof-array-variant-struct-item	screen	apis/openapi/respond.io/respond-io-api/2.0.0/meta/import/input-bundle.json fern	not-run	candidates.tsv
anyof-array-variant-struct-item	document	apis/openapi/respond.io/respond-io-api/2.0.0/meta/import/input-entry.json	census 2	census.jsonl.gz
anyof-array-variant-struct-item	candidate	apis/openapi/respond.io/respond-io-api/2.0.0/meta/import/input-entry.json	census 2	census.jsonl.gz
anyof-array-variant-struct-item	screen	apis/openapi/respond.io/respond-io-api/2.0.0/meta/import/input-entry.json licence	failed	candidates.tsv
anyof-array-variant-struct-item	screen	apis/openapi/respond.io/respond-io-api/2.0.0/meta/import/input-entry.json ref	failed	candidates.tsv
anyof-array-variant-struct-item	screen	apis/openapi/respond.io/respond-io-api/2.0.0/meta/import/input-entry.json fern	not-run	candidates.tsv
anyof-array-variant-struct-item	document	apis/openapi/respond.io/respond-io-api/2.0.0/meta/import/output-bundle.json	census 2	census.jsonl.gz
anyof-array-variant-struct-item	candidate	apis/openapi/respond.io/respond-io-api/2.0.0/meta/import/output-bundle.json	census 2	census.jsonl.gz
anyof-array-variant-struct-item	screen	apis/openapi/respond.io/respond-io-api/2.0.0/meta/import/output-bundle.json licence	failed	candidates.tsv
anyof-array-variant-struct-item	screen	apis/openapi/respond.io/respond-io-api/2.0.0/meta/import/output-bundle.json ref	failed	candidates.tsv
anyof-array-variant-struct-item	screen	apis/openapi/respond.io/respond-io-api/2.0.0/meta/import/output-bundle.json fern	not-run	candidates.tsv
anyof-array-variant-struct-item	document	apis/openapi/respond.io/respond-io-api/2.0.0/meta/import/output-entry.json	census 2	census.jsonl.gz
anyof-array-variant-struct-item	candidate	apis/openapi/respond.io/respond-io-api/2.0.0/meta/import/output-entry.json	census 2	census.jsonl.gz
anyof-array-variant-struct-item	screen	apis/openapi/respond.io/respond-io-api/2.0.0/meta/import/output-entry.json licence	failed	candidates.tsv
anyof-array-variant-struct-item	screen	apis/openapi/respond.io/respond-io-api/2.0.0/meta/import/output-entry.json ref	failed	candidates.tsv
anyof-array-variant-struct-item	screen	apis/openapi/respond.io/respond-io-api/2.0.0/meta/import/output-entry.json fern	not-run	candidates.tsv
anyof-array-variant-struct-item	document	apis/openapi/respond.io/respond-io-api/2.0.0/openapi.json	census 2	census.jsonl.gz
anyof-array-variant-struct-item	candidate	apis/openapi/respond.io/respond-io-api/2.0.0/openapi.json	census 2	census.jsonl.gz
anyof-array-variant-struct-item	screen	apis/openapi/respond.io/respond-io-api/2.0.0/openapi.json licence	failed	candidates.tsv
anyof-array-variant-struct-item	screen	apis/openapi/respond.io/respond-io-api/2.0.0/openapi.json ref	failed	candidates.tsv
anyof-array-variant-struct-item	screen	apis/openapi/respond.io/respond-io-api/2.0.0/openapi.json fern	not-run	candidates.tsv
anyof-array-variant-struct-item	document	apis/openapi/sandbox.moffin.mx/main/0.1.0/meta/import/input-bundle.json	census 35	census.jsonl.gz
anyof-array-variant-struct-item	candidate	apis/openapi/sandbox.moffin.mx/main/0.1.0/meta/import/input-bundle.json	census 35	census.jsonl.gz
anyof-array-variant-struct-item	screen	apis/openapi/sandbox.moffin.mx/main/0.1.0/meta/import/input-bundle.json licence	failed	candidates.tsv
anyof-array-variant-struct-item	screen	apis/openapi/sandbox.moffin.mx/main/0.1.0/meta/import/input-bundle.json ref	failed	candidates.tsv
anyof-array-variant-struct-item	screen	apis/openapi/sandbox.moffin.mx/main/0.1.0/meta/import/input-bundle.json fern	not-run	candidates.tsv
anyof-array-variant-struct-item	document	apis/openapi/sandbox.moffin.mx/main/0.1.0/meta/import/input-entry.json	census 35	census.jsonl.gz
anyof-array-variant-struct-item	candidate	apis/openapi/sandbox.moffin.mx/main/0.1.0/meta/import/input-entry.json	census 35	census.jsonl.gz
anyof-array-variant-struct-item	screen	apis/openapi/sandbox.moffin.mx/main/0.1.0/meta/import/input-entry.json licence	failed	candidates.tsv
anyof-array-variant-struct-item	screen	apis/openapi/sandbox.moffin.mx/main/0.1.0/meta/import/input-entry.json ref	failed	candidates.tsv
anyof-array-variant-struct-item	screen	apis/openapi/sandbox.moffin.mx/main/0.1.0/meta/import/input-entry.json fern	not-run	candidates.tsv
anyof-array-variant-struct-item	document	apis/openapi/sandbox.moffin.mx/main/0.1.0/meta/import/output-bundle.json	census 35	census.jsonl.gz
anyof-array-variant-struct-item	candidate	apis/openapi/sandbox.moffin.mx/main/0.1.0/meta/import/output-bundle.json	census 35	census.jsonl.gz
anyof-array-variant-struct-item	screen	apis/openapi/sandbox.moffin.mx/main/0.1.0/meta/import/output-bundle.json licence	failed	candidates.tsv
anyof-array-variant-struct-item	screen	apis/openapi/sandbox.moffin.mx/main/0.1.0/meta/import/output-bundle.json ref	failed	candidates.tsv
anyof-array-variant-struct-item	screen	apis/openapi/sandbox.moffin.mx/main/0.1.0/meta/import/output-bundle.json fern	not-run	candidates.tsv
anyof-array-variant-struct-item	document	apis/openapi/sandbox.moffin.mx/main/0.1.0/meta/import/output-entry.json	census 35	census.jsonl.gz
anyof-array-variant-struct-item	candidate	apis/openapi/sandbox.moffin.mx/main/0.1.0/meta/import/output-entry.json	census 35	census.jsonl.gz
anyof-array-variant-struct-item	screen	apis/openapi/sandbox.moffin.mx/main/0.1.0/meta/import/output-entry.json licence	failed	candidates.tsv
anyof-array-variant-struct-item	screen	apis/openapi/sandbox.moffin.mx/main/0.1.0/meta/import/output-entry.json ref	failed	candidates.tsv
anyof-array-variant-struct-item	screen	apis/openapi/sandbox.moffin.mx/main/0.1.0/meta/import/output-entry.json fern	not-run	candidates.tsv
anyof-array-variant-struct-item	document	apis/openapi/sandbox.moffin.mx/main/0.1.0/openapi.json	census 35	census.jsonl.gz
anyof-array-variant-struct-item	candidate	apis/openapi/sandbox.moffin.mx/main/0.1.0/openapi.json	census 35	census.jsonl.gz
anyof-array-variant-struct-item	screen	apis/openapi/sandbox.moffin.mx/main/0.1.0/openapi.json licence	failed	candidates.tsv
anyof-array-variant-struct-item	screen	apis/openapi/sandbox.moffin.mx/main/0.1.0/openapi.json ref	failed	candidates.tsv
anyof-array-variant-struct-item	screen	apis/openapi/sandbox.moffin.mx/main/0.1.0/openapi.json fern	not-run	candidates.tsv
anyof-array-variant-struct-item	document	apis/openapi/stripe.com/main/2025-03-31.basil/meta/import/input-bundled.json	census 49	census.jsonl.gz
anyof-array-variant-struct-item	candidate	apis/openapi/stripe.com/main/2025-03-31.basil/meta/import/input-bundled.json	census 49	census.jsonl.gz
anyof-array-variant-struct-item	screen	apis/openapi/stripe.com/main/2025-03-31.basil/meta/import/input-bundled.json licence	passed	candidates.tsv
anyof-array-variant-struct-item	screen	apis/openapi/stripe.com/main/2025-03-31.basil/meta/import/input-bundled.json ref	passed	candidates.tsv
anyof-array-variant-struct-item	screen	apis/openapi/stripe.com/main/2025-03-31.basil/meta/import/input-bundled.json fern	failed	candidates.tsv
anyof-array-variant-struct-item	document	apis/openapi/stripe.com/main/2025-03-31.basil/meta/import/input-entry.json	census 49	census.jsonl.gz
anyof-array-variant-struct-item	candidate	apis/openapi/stripe.com/main/2025-03-31.basil/meta/import/input-entry.json	census 49	census.jsonl.gz
anyof-array-variant-struct-item	screen	apis/openapi/stripe.com/main/2025-03-31.basil/meta/import/input-entry.json licence	passed	candidates.tsv
anyof-array-variant-struct-item	screen	apis/openapi/stripe.com/main/2025-03-31.basil/meta/import/input-entry.json ref	passed	candidates.tsv
anyof-array-variant-struct-item	screen	apis/openapi/stripe.com/main/2025-03-31.basil/meta/import/input-entry.json fern	failed	candidates.tsv
anyof-array-variant-struct-item	document	apis/openapi/stripe.com/main/2025-03-31.basil/meta/import/output-bundled.json	census 49	census.jsonl.gz
anyof-array-variant-struct-item	candidate	apis/openapi/stripe.com/main/2025-03-31.basil/meta/import/output-bundled.json	census 49	census.jsonl.gz
anyof-array-variant-struct-item	screen	apis/openapi/stripe.com/main/2025-03-31.basil/meta/import/output-bundled.json licence	passed	candidates.tsv
anyof-array-variant-struct-item	screen	apis/openapi/stripe.com/main/2025-03-31.basil/meta/import/output-bundled.json ref	passed	candidates.tsv
anyof-array-variant-struct-item	screen	apis/openapi/stripe.com/main/2025-03-31.basil/meta/import/output-bundled.json fern	failed	candidates.tsv
anyof-array-variant-struct-item	document	apis/openapi/stripe.com/main/2025-03-31.basil/meta/import/output-entry.json	census 49	census.jsonl.gz
anyof-array-variant-struct-item	candidate	apis/openapi/stripe.com/main/2025-03-31.basil/meta/import/output-entry.json	census 49	census.jsonl.gz
anyof-array-variant-struct-item	screen	apis/openapi/stripe.com/main/2025-03-31.basil/meta/import/output-entry.json licence	passed	candidates.tsv
anyof-array-variant-struct-item	screen	apis/openapi/stripe.com/main/2025-03-31.basil/meta/import/output-entry.json ref	passed	candidates.tsv
anyof-array-variant-struct-item	screen	apis/openapi/stripe.com/main/2025-03-31.basil/meta/import/output-entry.json fern	failed	candidates.tsv
anyof-array-variant-struct-item	document	apis/openapi/stripe.com/main/2025-03-31.basil/openapi.json	census 49	census.jsonl.gz
anyof-array-variant-struct-item	candidate	apis/openapi/stripe.com/main/2025-03-31.basil/openapi.json	census 49	census.jsonl.gz
anyof-array-variant-struct-item	screen	apis/openapi/stripe.com/main/2025-03-31.basil/openapi.json licence	passed	candidates.tsv
anyof-array-variant-struct-item	screen	apis/openapi/stripe.com/main/2025-03-31.basil/openapi.json ref	passed	candidates.tsv
anyof-array-variant-struct-item	screen	apis/openapi/stripe.com/main/2025-03-31.basil/openapi.json fern	failed	candidates.tsv
anyof-array-variant-struct-item	document	apis/openapi/stripe.com/stripe/2026-03-25.dahlia/openapi.json	census 62	census.jsonl.gz
anyof-array-variant-struct-item	candidate	apis/openapi/stripe.com/stripe/2026-03-25.dahlia/openapi.json	census 62	census.jsonl.gz
anyof-array-variant-struct-item	screen	apis/openapi/stripe.com/stripe/2026-03-25.dahlia/openapi.json licence	failed	candidates.tsv
anyof-array-variant-struct-item	screen	apis/openapi/stripe.com/stripe/2026-03-25.dahlia/openapi.json ref	failed	candidates.tsv
anyof-array-variant-struct-item	screen	apis/openapi/stripe.com/stripe/2026-03-25.dahlia/openapi.json fern	not-run	candidates.tsv
anyof-array-variant-struct-item	document	apis/openapi/timelyapp.com/main/V1/meta/import/input-bundle.json	census 1	census.jsonl.gz
anyof-array-variant-struct-item	candidate	apis/openapi/timelyapp.com/main/V1/meta/import/input-bundle.json	census 1	census.jsonl.gz
anyof-array-variant-struct-item	screen	apis/openapi/timelyapp.com/main/V1/meta/import/input-bundle.json licence	passed	candidates.tsv
anyof-array-variant-struct-item	screen	apis/openapi/timelyapp.com/main/V1/meta/import/input-bundle.json ref	passed	candidates.tsv
anyof-array-variant-struct-item	screen	apis/openapi/timelyapp.com/main/V1/meta/import/input-bundle.json fern	passed	candidates.tsv
anyof-array-variant-struct-item	document	apis/openapi/timelyapp.com/main/V1/meta/import/input-entry.json	census 1	census.jsonl.gz
anyof-array-variant-struct-item	candidate	apis/openapi/timelyapp.com/main/V1/meta/import/input-entry.json	census 1	census.jsonl.gz
anyof-array-variant-struct-item	screen	apis/openapi/timelyapp.com/main/V1/meta/import/input-entry.json licence	passed	candidates.tsv
anyof-array-variant-struct-item	screen	apis/openapi/timelyapp.com/main/V1/meta/import/input-entry.json ref	passed	candidates.tsv
anyof-array-variant-struct-item	screen	apis/openapi/timelyapp.com/main/V1/meta/import/input-entry.json fern	passed	candidates.tsv
anyof-array-variant-struct-item	document	apis/openapi/timelyapp.com/main/V1/meta/import/output-bundle.json	census 1	census.jsonl.gz
anyof-array-variant-struct-item	candidate	apis/openapi/timelyapp.com/main/V1/meta/import/output-bundle.json	census 1	census.jsonl.gz
anyof-array-variant-struct-item	screen	apis/openapi/timelyapp.com/main/V1/meta/import/output-bundle.json licence	passed	candidates.tsv
anyof-array-variant-struct-item	screen	apis/openapi/timelyapp.com/main/V1/meta/import/output-bundle.json ref	passed	candidates.tsv
anyof-array-variant-struct-item	screen	apis/openapi/timelyapp.com/main/V1/meta/import/output-bundle.json fern	passed	candidates.tsv
anyof-array-variant-struct-item	document	apis/openapi/timelyapp.com/main/V1/meta/import/output-entry.json	census 1	census.jsonl.gz
anyof-array-variant-struct-item	candidate	apis/openapi/timelyapp.com/main/V1/meta/import/output-entry.json	census 1	census.jsonl.gz
anyof-array-variant-struct-item	screen	apis/openapi/timelyapp.com/main/V1/meta/import/output-entry.json licence	passed	candidates.tsv
anyof-array-variant-struct-item	screen	apis/openapi/timelyapp.com/main/V1/meta/import/output-entry.json ref	passed	candidates.tsv
anyof-array-variant-struct-item	screen	apis/openapi/timelyapp.com/main/V1/meta/import/output-entry.json fern	passed	candidates.tsv
anyof-array-variant-struct-item	document	apis/openapi/timelyapp.com/main/V1/openapi.json	census 1	census.jsonl.gz
anyof-array-variant-struct-item	candidate	apis/openapi/timelyapp.com/main/V1/openapi.json	census 1	census.jsonl.gz
anyof-array-variant-struct-item	screen	apis/openapi/timelyapp.com/main/V1/openapi.json licence	passed	candidates.tsv
anyof-array-variant-struct-item	screen	apis/openapi/timelyapp.com/main/V1/openapi.json ref	passed	candidates.tsv
anyof-array-variant-struct-item	screen	apis/openapi/timelyapp.com/main/V1/openapi.json fern	passed	candidates.tsv
anyof-array-variant-struct-item	document	apis/openapi/webflow.com/lucidtech-api/2023-03-01 16:45:37+00:00/meta/import/input-bundle.json	census 1	census.jsonl.gz
anyof-array-variant-struct-item	candidate	apis/openapi/webflow.com/lucidtech-api/2023-03-01 16:45:37+00:00/meta/import/input-bundle.json	census 1	census.jsonl.gz
anyof-array-variant-struct-item	screen	apis/openapi/webflow.com/lucidtech-api/2023-03-01 16:45:37+00:00/meta/import/input-bundle.json licence	failed	candidates.tsv
anyof-array-variant-struct-item	screen	apis/openapi/webflow.com/lucidtech-api/2023-03-01 16:45:37+00:00/meta/import/input-bundle.json ref	failed	candidates.tsv
anyof-array-variant-struct-item	screen	apis/openapi/webflow.com/lucidtech-api/2023-03-01 16:45:37+00:00/meta/import/input-bundle.json fern	not-run	candidates.tsv
anyof-array-variant-struct-item	document	apis/openapi/webflow.com/lucidtech-api/2023-03-01 16:45:37+00:00/meta/import/input-entry.json	census 1	census.jsonl.gz
anyof-array-variant-struct-item	candidate	apis/openapi/webflow.com/lucidtech-api/2023-03-01 16:45:37+00:00/meta/import/input-entry.json	census 1	census.jsonl.gz
anyof-array-variant-struct-item	screen	apis/openapi/webflow.com/lucidtech-api/2023-03-01 16:45:37+00:00/meta/import/input-entry.json licence	failed	candidates.tsv
anyof-array-variant-struct-item	screen	apis/openapi/webflow.com/lucidtech-api/2023-03-01 16:45:37+00:00/meta/import/input-entry.json ref	failed	candidates.tsv
anyof-array-variant-struct-item	screen	apis/openapi/webflow.com/lucidtech-api/2023-03-01 16:45:37+00:00/meta/import/input-entry.json fern	not-run	candidates.tsv
anyof-array-variant-struct-item	document	apis/openapi/webflow.com/lucidtech-api/2023-03-01 16:45:37+00:00/meta/import/output-bundle.json	census 1	census.jsonl.gz
anyof-array-variant-struct-item	candidate	apis/openapi/webflow.com/lucidtech-api/2023-03-01 16:45:37+00:00/meta/import/output-bundle.json	census 1	census.jsonl.gz
anyof-array-variant-struct-item	screen	apis/openapi/webflow.com/lucidtech-api/2023-03-01 16:45:37+00:00/meta/import/output-bundle.json licence	failed	candidates.tsv
anyof-array-variant-struct-item	screen	apis/openapi/webflow.com/lucidtech-api/2023-03-01 16:45:37+00:00/meta/import/output-bundle.json ref	failed	candidates.tsv
anyof-array-variant-struct-item	screen	apis/openapi/webflow.com/lucidtech-api/2023-03-01 16:45:37+00:00/meta/import/output-bundle.json fern	not-run	candidates.tsv
anyof-array-variant-struct-item	document	apis/openapi/webflow.com/lucidtech-api/2023-03-01 16:45:37+00:00/meta/import/output-entry.json	census 1	census.jsonl.gz
anyof-array-variant-struct-item	candidate	apis/openapi/webflow.com/lucidtech-api/2023-03-01 16:45:37+00:00/meta/import/output-entry.json	census 1	census.jsonl.gz
anyof-array-variant-struct-item	screen	apis/openapi/webflow.com/lucidtech-api/2023-03-01 16:45:37+00:00/meta/import/output-entry.json licence	failed	candidates.tsv
anyof-array-variant-struct-item	screen	apis/openapi/webflow.com/lucidtech-api/2023-03-01 16:45:37+00:00/meta/import/output-entry.json ref	failed	candidates.tsv
anyof-array-variant-struct-item	screen	apis/openapi/webflow.com/lucidtech-api/2023-03-01 16:45:37+00:00/meta/import/output-entry.json fern	not-run	candidates.tsv
anyof-array-variant-struct-item	document	apis/openapi/webflow.com/lucidtech-api/2023-03-01 16:45:37+00:00/openapi.json	census 1	census.jsonl.gz
anyof-array-variant-struct-item	candidate	apis/openapi/webflow.com/lucidtech-api/2023-03-01 16:45:37+00:00/openapi.json	census 1	census.jsonl.gz
anyof-array-variant-struct-item	screen	apis/openapi/webflow.com/lucidtech-api/2023-03-01 16:45:37+00:00/openapi.json licence	failed	candidates.tsv
anyof-array-variant-struct-item	screen	apis/openapi/webflow.com/lucidtech-api/2023-03-01 16:45:37+00:00/openapi.json ref	failed	candidates.tsv
anyof-array-variant-struct-item	screen	apis/openapi/webflow.com/lucidtech-api/2023-03-01 16:45:37+00:00/openapi.json fern	not-run	candidates.tsv
anyof-array-variant-struct-item	document	apis/openapi/webflow.com/main/2023-03-01T16:45:37Z/meta/import/input-bundle.json	census 1	census.jsonl.gz
anyof-array-variant-struct-item	candidate	apis/openapi/webflow.com/main/2023-03-01T16:45:37Z/meta/import/input-bundle.json	census 1	census.jsonl.gz
anyof-array-variant-struct-item	screen	apis/openapi/webflow.com/main/2023-03-01T16:45:37Z/meta/import/input-bundle.json licence	failed	candidates.tsv
anyof-array-variant-struct-item	screen	apis/openapi/webflow.com/main/2023-03-01T16:45:37Z/meta/import/input-bundle.json ref	failed	candidates.tsv
anyof-array-variant-struct-item	screen	apis/openapi/webflow.com/main/2023-03-01T16:45:37Z/meta/import/input-bundle.json fern	not-run	candidates.tsv
anyof-array-variant-struct-item	document	apis/openapi/webflow.com/main/2023-03-01T16:45:37Z/meta/import/input-entry.json	census 1	census.jsonl.gz
anyof-array-variant-struct-item	candidate	apis/openapi/webflow.com/main/2023-03-01T16:45:37Z/meta/import/input-entry.json	census 1	census.jsonl.gz
anyof-array-variant-struct-item	screen	apis/openapi/webflow.com/main/2023-03-01T16:45:37Z/meta/import/input-entry.json licence	failed	candidates.tsv
anyof-array-variant-struct-item	screen	apis/openapi/webflow.com/main/2023-03-01T16:45:37Z/meta/import/input-entry.json ref	failed	candidates.tsv
anyof-array-variant-struct-item	screen	apis/openapi/webflow.com/main/2023-03-01T16:45:37Z/meta/import/input-entry.json fern	not-run	candidates.tsv
anyof-array-variant-struct-item	document	apis/openapi/webflow.com/main/2023-03-01T16:45:37Z/meta/import/output-bundle.json	census 1	census.jsonl.gz
anyof-array-variant-struct-item	candidate	apis/openapi/webflow.com/main/2023-03-01T16:45:37Z/meta/import/output-bundle.json	census 1	census.jsonl.gz
anyof-array-variant-struct-item	screen	apis/openapi/webflow.com/main/2023-03-01T16:45:37Z/meta/import/output-bundle.json licence	failed	candidates.tsv
anyof-array-variant-struct-item	screen	apis/openapi/webflow.com/main/2023-03-01T16:45:37Z/meta/import/output-bundle.json ref	failed	candidates.tsv
anyof-array-variant-struct-item	screen	apis/openapi/webflow.com/main/2023-03-01T16:45:37Z/meta/import/output-bundle.json fern	not-run	candidates.tsv
anyof-array-variant-struct-item	document	apis/openapi/webflow.com/main/2023-03-01T16:45:37Z/meta/import/output-entry.json	census 1	census.jsonl.gz
anyof-array-variant-struct-item	candidate	apis/openapi/webflow.com/main/2023-03-01T16:45:37Z/meta/import/output-entry.json	census 1	census.jsonl.gz
anyof-array-variant-struct-item	screen	apis/openapi/webflow.com/main/2023-03-01T16:45:37Z/meta/import/output-entry.json licence	failed	candidates.tsv
anyof-array-variant-struct-item	screen	apis/openapi/webflow.com/main/2023-03-01T16:45:37Z/meta/import/output-entry.json ref	failed	candidates.tsv
anyof-array-variant-struct-item	screen	apis/openapi/webflow.com/main/2023-03-01T16:45:37Z/meta/import/output-entry.json fern	not-run	candidates.tsv
anyof-array-variant-struct-item	document	apis/openapi/webflow.com/main/2023-03-01T16:45:37Z/openapi.json	census 1	census.jsonl.gz
anyof-array-variant-struct-item	candidate	apis/openapi/webflow.com/main/2023-03-01T16:45:37Z/openapi.json	census 1	census.jsonl.gz
anyof-array-variant-struct-item	screen	apis/openapi/webflow.com/main/2023-03-01T16:45:37Z/openapi.json licence	failed	candidates.tsv
anyof-array-variant-struct-item	screen	apis/openapi/webflow.com/main/2023-03-01T16:45:37Z/openapi.json ref	failed	candidates.tsv
anyof-array-variant-struct-item	screen	apis/openapi/webflow.com/main/2023-03-01T16:45:37Z/openapi.json fern	not-run	candidates.tsv
anyof-array-variant-struct-item	document	apis/openapi/webflow.com/webflow-api/2023-03-01T16:45:37Z/meta/import/input-bundle.json	census 1	census.jsonl.gz
anyof-array-variant-struct-item	candidate	apis/openapi/webflow.com/webflow-api/2023-03-01T16:45:37Z/meta/import/input-bundle.json	census 1	census.jsonl.gz
anyof-array-variant-struct-item	screen	apis/openapi/webflow.com/webflow-api/2023-03-01T16:45:37Z/meta/import/input-bundle.json licence	failed	candidates.tsv
anyof-array-variant-struct-item	screen	apis/openapi/webflow.com/webflow-api/2023-03-01T16:45:37Z/meta/import/input-bundle.json ref	failed	candidates.tsv
anyof-array-variant-struct-item	screen	apis/openapi/webflow.com/webflow-api/2023-03-01T16:45:37Z/meta/import/input-bundle.json fern	not-run	candidates.tsv
anyof-array-variant-struct-item	document	apis/openapi/webflow.com/webflow-api/2023-03-01T16:45:37Z/meta/import/input-entry.json	census 1	census.jsonl.gz
anyof-array-variant-struct-item	candidate	apis/openapi/webflow.com/webflow-api/2023-03-01T16:45:37Z/meta/import/input-entry.json	census 1	census.jsonl.gz
anyof-array-variant-struct-item	screen	apis/openapi/webflow.com/webflow-api/2023-03-01T16:45:37Z/meta/import/input-entry.json licence	failed	candidates.tsv
anyof-array-variant-struct-item	screen	apis/openapi/webflow.com/webflow-api/2023-03-01T16:45:37Z/meta/import/input-entry.json ref	failed	candidates.tsv
anyof-array-variant-struct-item	screen	apis/openapi/webflow.com/webflow-api/2023-03-01T16:45:37Z/meta/import/input-entry.json fern	not-run	candidates.tsv
anyof-array-variant-struct-item	document	apis/openapi/webflow.com/webflow-api/2023-03-01T16:45:37Z/meta/import/output-bundle.json	census 1	census.jsonl.gz
anyof-array-variant-struct-item	candidate	apis/openapi/webflow.com/webflow-api/2023-03-01T16:45:37Z/meta/import/output-bundle.json	census 1	census.jsonl.gz
anyof-array-variant-struct-item	screen	apis/openapi/webflow.com/webflow-api/2023-03-01T16:45:37Z/meta/import/output-bundle.json licence	failed	candidates.tsv
anyof-array-variant-struct-item	screen	apis/openapi/webflow.com/webflow-api/2023-03-01T16:45:37Z/meta/import/output-bundle.json ref	failed	candidates.tsv
anyof-array-variant-struct-item	screen	apis/openapi/webflow.com/webflow-api/2023-03-01T16:45:37Z/meta/import/output-bundle.json fern	not-run	candidates.tsv
anyof-array-variant-struct-item	document	apis/openapi/webflow.com/webflow-api/2023-03-01T16:45:37Z/meta/import/output-entry.json	census 1	census.jsonl.gz
anyof-array-variant-struct-item	candidate	apis/openapi/webflow.com/webflow-api/2023-03-01T16:45:37Z/meta/import/output-entry.json	census 1	census.jsonl.gz
anyof-array-variant-struct-item	screen	apis/openapi/webflow.com/webflow-api/2023-03-01T16:45:37Z/meta/import/output-entry.json licence	failed	candidates.tsv
anyof-array-variant-struct-item	screen	apis/openapi/webflow.com/webflow-api/2023-03-01T16:45:37Z/meta/import/output-entry.json ref	failed	candidates.tsv
anyof-array-variant-struct-item	screen	apis/openapi/webflow.com/webflow-api/2023-03-01T16:45:37Z/meta/import/output-entry.json fern	not-run	candidates.tsv
anyof-array-variant-struct-item	document	apis/openapi/webflow.com/webflow-api/2023-03-01T16:45:37Z/openapi.json	census 1	census.jsonl.gz
anyof-array-variant-struct-item	candidate	apis/openapi/webflow.com/webflow-api/2023-03-01T16:45:37Z/openapi.json	census 1	census.jsonl.gz
anyof-array-variant-struct-item	screen	apis/openapi/webflow.com/webflow-api/2023-03-01T16:45:37Z/openapi.json licence	failed	candidates.tsv
anyof-array-variant-struct-item	screen	apis/openapi/webflow.com/webflow-api/2023-03-01T16:45:37Z/openapi.json ref	failed	candidates.tsv
anyof-array-variant-struct-item	screen	apis/openapi/webflow.com/webflow-api/2023-03-01T16:45:37Z/openapi.json fern	not-run	candidates.tsv
array-item-inheritance-union	walk	jentic/jentic-public-apis@eb9d12a2684b0fbcb5aecf51e8ae54dba0929743	74240	acquisition-manifest.tsv
array-item-pointer-walk-anyof	walk	jentic/jentic-public-apis@eb9d12a2684b0fbcb5aecf51e8ae54dba0929743	74240	acquisition-manifest.tsv
array-item-pointer-walk-oneof	walk	jentic/jentic-public-apis@eb9d12a2684b0fbcb5aecf51e8ae54dba0929743	74240	acquisition-manifest.tsv
array-item-pointer-walk-oneof	document	apis/openapi/cvent.com/main/ea/meta/import/input-bundle.json	census 2	census.jsonl.gz
array-item-pointer-walk-oneof	candidate	apis/openapi/cvent.com/main/ea/meta/import/input-bundle.json	census 2	census.jsonl.gz
array-item-pointer-walk-oneof	screen	apis/openapi/cvent.com/main/ea/meta/import/input-bundle.json licence	failed	candidates.tsv
array-item-pointer-walk-oneof	screen	apis/openapi/cvent.com/main/ea/meta/import/input-bundle.json ref	failed	candidates.tsv
array-item-pointer-walk-oneof	screen	apis/openapi/cvent.com/main/ea/meta/import/input-bundle.json fern	not-run	candidates.tsv
array-item-pointer-walk-oneof	document	apis/openapi/cvent.com/main/ea/meta/import/input-entry.json	census 2	census.jsonl.gz
array-item-pointer-walk-oneof	candidate	apis/openapi/cvent.com/main/ea/meta/import/input-entry.json	census 2	census.jsonl.gz
array-item-pointer-walk-oneof	screen	apis/openapi/cvent.com/main/ea/meta/import/input-entry.json licence	passed	candidates.tsv
array-item-pointer-walk-oneof	screen	apis/openapi/cvent.com/main/ea/meta/import/input-entry.json ref	passed	candidates.tsv
array-item-pointer-walk-oneof	screen	apis/openapi/cvent.com/main/ea/meta/import/input-entry.json fern	failed	candidates.tsv
array-item-pointer-walk-oneof	document	apis/openapi/cvent.com/main/ea/meta/import/output-bundle.json	census 2	census.jsonl.gz
array-item-pointer-walk-oneof	candidate	apis/openapi/cvent.com/main/ea/meta/import/output-bundle.json	census 2	census.jsonl.gz
array-item-pointer-walk-oneof	screen	apis/openapi/cvent.com/main/ea/meta/import/output-bundle.json licence	failed	candidates.tsv
array-item-pointer-walk-oneof	screen	apis/openapi/cvent.com/main/ea/meta/import/output-bundle.json ref	failed	candidates.tsv
array-item-pointer-walk-oneof	screen	apis/openapi/cvent.com/main/ea/meta/import/output-bundle.json fern	not-run	candidates.tsv
array-item-pointer-walk-oneof	document	apis/openapi/cvent.com/main/ea/meta/import/output-entry.json	census 2	census.jsonl.gz
array-item-pointer-walk-oneof	candidate	apis/openapi/cvent.com/main/ea/meta/import/output-entry.json	census 2	census.jsonl.gz
array-item-pointer-walk-oneof	screen	apis/openapi/cvent.com/main/ea/meta/import/output-entry.json licence	passed	candidates.tsv
array-item-pointer-walk-oneof	screen	apis/openapi/cvent.com/main/ea/meta/import/output-entry.json ref	passed	candidates.tsv
array-item-pointer-walk-oneof	screen	apis/openapi/cvent.com/main/ea/meta/import/output-entry.json fern	failed	candidates.tsv
array-item-pointer-walk-oneof	document	apis/openapi/cvent.com/main/ea/openapi.json	census 2	census.jsonl.gz
array-item-pointer-walk-oneof	candidate	apis/openapi/cvent.com/main/ea/openapi.json	census 2	census.jsonl.gz
array-item-pointer-walk-oneof	screen	apis/openapi/cvent.com/main/ea/openapi.json licence	failed	candidates.tsv
array-item-pointer-walk-oneof	screen	apis/openapi/cvent.com/main/ea/openapi.json ref	failed	candidates.tsv
array-item-pointer-walk-oneof	screen	apis/openapi/cvent.com/main/ea/openapi.json fern	not-run	candidates.tsv
array-item-pointer-walk-oneof	document	apis/openapi/sellsy.com/main/2.128.0/meta/import/input-bundle.json	census 1	census.jsonl.gz
array-item-pointer-walk-oneof	candidate	apis/openapi/sellsy.com/main/2.128.0/meta/import/input-bundle.json	census 1	census.jsonl.gz
array-item-pointer-walk-oneof	screen	apis/openapi/sellsy.com/main/2.128.0/meta/import/input-bundle.json licence	failed	candidates.tsv
array-item-pointer-walk-oneof	screen	apis/openapi/sellsy.com/main/2.128.0/meta/import/input-bundle.json ref	failed	candidates.tsv
array-item-pointer-walk-oneof	screen	apis/openapi/sellsy.com/main/2.128.0/meta/import/input-bundle.json fern	not-run	candidates.tsv
array-item-pointer-walk-oneof	document	apis/openapi/sellsy.com/main/2.128.0/meta/import/input-entry.json	census 1	census.jsonl.gz
array-item-pointer-walk-oneof	candidate	apis/openapi/sellsy.com/main/2.128.0/meta/import/input-entry.json	census 1	census.jsonl.gz
array-item-pointer-walk-oneof	screen	apis/openapi/sellsy.com/main/2.128.0/meta/import/input-entry.json licence	failed	candidates.tsv
array-item-pointer-walk-oneof	screen	apis/openapi/sellsy.com/main/2.128.0/meta/import/input-entry.json ref	failed	candidates.tsv
array-item-pointer-walk-oneof	screen	apis/openapi/sellsy.com/main/2.128.0/meta/import/input-entry.json fern	not-run	candidates.tsv
array-item-pointer-walk-oneof	document	apis/openapi/sellsy.com/main/2.128.0/meta/import/output-bundle.json	census 1	census.jsonl.gz
array-item-pointer-walk-oneof	candidate	apis/openapi/sellsy.com/main/2.128.0/meta/import/output-bundle.json	census 1	census.jsonl.gz
array-item-pointer-walk-oneof	screen	apis/openapi/sellsy.com/main/2.128.0/meta/import/output-bundle.json licence	failed	candidates.tsv
array-item-pointer-walk-oneof	screen	apis/openapi/sellsy.com/main/2.128.0/meta/import/output-bundle.json ref	failed	candidates.tsv
array-item-pointer-walk-oneof	screen	apis/openapi/sellsy.com/main/2.128.0/meta/import/output-bundle.json fern	not-run	candidates.tsv
array-item-pointer-walk-oneof	document	apis/openapi/sellsy.com/main/2.128.0/meta/import/output-entry.json	census 1	census.jsonl.gz
array-item-pointer-walk-oneof	candidate	apis/openapi/sellsy.com/main/2.128.0/meta/import/output-entry.json	census 1	census.jsonl.gz
array-item-pointer-walk-oneof	screen	apis/openapi/sellsy.com/main/2.128.0/meta/import/output-entry.json licence	failed	candidates.tsv
array-item-pointer-walk-oneof	screen	apis/openapi/sellsy.com/main/2.128.0/meta/import/output-entry.json ref	failed	candidates.tsv
array-item-pointer-walk-oneof	screen	apis/openapi/sellsy.com/main/2.128.0/meta/import/output-entry.json fern	not-run	candidates.tsv
array-item-pointer-walk-oneof	document	apis/openapi/sellsy.com/main/2.128.0/openapi.json	census 1	census.jsonl.gz
array-item-pointer-walk-oneof	candidate	apis/openapi/sellsy.com/main/2.128.0/openapi.json	census 1	census.jsonl.gz
array-item-pointer-walk-oneof	screen	apis/openapi/sellsy.com/main/2.128.0/openapi.json licence	failed	candidates.tsv
array-item-pointer-walk-oneof	screen	apis/openapi/sellsy.com/main/2.128.0/openapi.json ref	failed	candidates.tsv
array-item-pointer-walk-oneof	screen	apis/openapi/sellsy.com/main/2.128.0/openapi.json fern	not-run	candidates.tsv
oauth2-password	walk	jentic/jentic-public-apis@eb9d12a2684b0fbcb5aecf51e8ae54dba0929743	74240	acquisition-manifest.tsv
oauth2-password	document	apis/openapi/7shifts.com/7-shifts/2023-05-01/meta/import/input-bundle.json	census 2	census.jsonl.gz
oauth2-password	candidate	apis/openapi/7shifts.com/7-shifts/2023-05-01/meta/import/input-bundle.json	census 2	census.jsonl.gz
oauth2-password	screen	apis/openapi/7shifts.com/7-shifts/2023-05-01/meta/import/input-bundle.json licence	failed	candidates.tsv
oauth2-password	screen	apis/openapi/7shifts.com/7-shifts/2023-05-01/meta/import/input-bundle.json ref	failed	candidates.tsv
oauth2-password	screen	apis/openapi/7shifts.com/7-shifts/2023-05-01/meta/import/input-bundle.json fern	not-run	candidates.tsv
oauth2-password	document	apis/openapi/7shifts.com/7-shifts/2023-05-01/meta/import/input-entry.json	census 2	census.jsonl.gz
oauth2-password	candidate	apis/openapi/7shifts.com/7-shifts/2023-05-01/meta/import/input-entry.json	census 2	census.jsonl.gz
oauth2-password	screen	apis/openapi/7shifts.com/7-shifts/2023-05-01/meta/import/input-entry.json licence	failed	candidates.tsv
oauth2-password	screen	apis/openapi/7shifts.com/7-shifts/2023-05-01/meta/import/input-entry.json ref	failed	candidates.tsv
oauth2-password	screen	apis/openapi/7shifts.com/7-shifts/2023-05-01/meta/import/input-entry.json fern	not-run	candidates.tsv
oauth2-password	document	apis/openapi/7shifts.com/7-shifts/2023-05-01/meta/import/output-bundle.json	census 2	census.jsonl.gz
oauth2-password	candidate	apis/openapi/7shifts.com/7-shifts/2023-05-01/meta/import/output-bundle.json	census 2	census.jsonl.gz
oauth2-password	screen	apis/openapi/7shifts.com/7-shifts/2023-05-01/meta/import/output-bundle.json licence	failed	candidates.tsv
oauth2-password	screen	apis/openapi/7shifts.com/7-shifts/2023-05-01/meta/import/output-bundle.json ref	failed	candidates.tsv
oauth2-password	screen	apis/openapi/7shifts.com/7-shifts/2023-05-01/meta/import/output-bundle.json fern	not-run	candidates.tsv
oauth2-password	document	apis/openapi/7shifts.com/7-shifts/2023-05-01/meta/import/output-entry.json	census 2	census.jsonl.gz
oauth2-password	candidate	apis/openapi/7shifts.com/7-shifts/2023-05-01/meta/import/output-entry.json	census 2	census.jsonl.gz
oauth2-password	screen	apis/openapi/7shifts.com/7-shifts/2023-05-01/meta/import/output-entry.json licence	failed	candidates.tsv
oauth2-password	screen	apis/openapi/7shifts.com/7-shifts/2023-05-01/meta/import/output-entry.json ref	failed	candidates.tsv
oauth2-password	screen	apis/openapi/7shifts.com/7-shifts/2023-05-01/meta/import/output-entry.json fern	not-run	candidates.tsv
oauth2-password	document	apis/openapi/7shifts.com/7-shifts/2023-05-01/openapi.json	census 2	census.jsonl.gz
oauth2-password	candidate	apis/openapi/7shifts.com/7-shifts/2023-05-01/openapi.json	census 2	census.jsonl.gz
oauth2-password	screen	apis/openapi/7shifts.com/7-shifts/2023-05-01/openapi.json licence	failed	candidates.tsv
oauth2-password	screen	apis/openapi/7shifts.com/7-shifts/2023-05-01/openapi.json ref	failed	candidates.tsv
oauth2-password	screen	apis/openapi/7shifts.com/7-shifts/2023-05-01/openapi.json fern	not-run	candidates.tsv
oauth2-password	document	apis/openapi/authentiq.io/main/1.0/meta/import/input-bundled.json	census 2	census.jsonl.gz
oauth2-password	candidate	apis/openapi/authentiq.io/main/1.0/meta/import/input-bundled.json	census 2	census.jsonl.gz
oauth2-password	screen	apis/openapi/authentiq.io/main/1.0/meta/import/input-bundled.json licence	failed	candidates.tsv
oauth2-password	screen	apis/openapi/authentiq.io/main/1.0/meta/import/input-bundled.json ref	failed	candidates.tsv
oauth2-password	screen	apis/openapi/authentiq.io/main/1.0/meta/import/input-bundled.json fern	not-run	candidates.tsv
oauth2-password	document	apis/openapi/authentiq.io/main/1.0/meta/import/input-entry.json	census 2	census.jsonl.gz
oauth2-password	candidate	apis/openapi/authentiq.io/main/1.0/meta/import/input-entry.json	census 2	census.jsonl.gz
oauth2-password	screen	apis/openapi/authentiq.io/main/1.0/meta/import/input-entry.json licence	failed	candidates.tsv
oauth2-password	screen	apis/openapi/authentiq.io/main/1.0/meta/import/input-entry.json ref	failed	candidates.tsv
oauth2-password	screen	apis/openapi/authentiq.io/main/1.0/meta/import/input-entry.json fern	not-run	candidates.tsv
oauth2-password	document	apis/openapi/authentiq.io/main/1.0/meta/import/output-bundled.json	census 2	census.jsonl.gz
oauth2-password	candidate	apis/openapi/authentiq.io/main/1.0/meta/import/output-bundled.json	census 2	census.jsonl.gz
oauth2-password	screen	apis/openapi/authentiq.io/main/1.0/meta/import/output-bundled.json licence	failed	candidates.tsv
oauth2-password	screen	apis/openapi/authentiq.io/main/1.0/meta/import/output-bundled.json ref	failed	candidates.tsv
oauth2-password	screen	apis/openapi/authentiq.io/main/1.0/meta/import/output-bundled.json fern	not-run	candidates.tsv
oauth2-password	document	apis/openapi/authentiq.io/main/1.0/meta/import/output-entry.json	census 2	census.jsonl.gz
oauth2-password	candidate	apis/openapi/authentiq.io/main/1.0/meta/import/output-entry.json	census 2	census.jsonl.gz
oauth2-password	screen	apis/openapi/authentiq.io/main/1.0/meta/import/output-entry.json licence	failed	candidates.tsv
oauth2-password	screen	apis/openapi/authentiq.io/main/1.0/meta/import/output-entry.json ref	failed	candidates.tsv
oauth2-password	screen	apis/openapi/authentiq.io/main/1.0/meta/import/output-entry.json fern	not-run	candidates.tsv
oauth2-password	document	apis/openapi/authentiq.io/main/1.0/openapi.json	census 2	census.jsonl.gz
oauth2-password	candidate	apis/openapi/authentiq.io/main/1.0/openapi.json	census 2	census.jsonl.gz
oauth2-password	screen	apis/openapi/authentiq.io/main/1.0/openapi.json licence	failed	candidates.tsv
oauth2-password	screen	apis/openapi/authentiq.io/main/1.0/openapi.json ref	failed	candidates.tsv
oauth2-password	screen	apis/openapi/authentiq.io/main/1.0/openapi.json fern	not-run	candidates.tsv
oauth2-password	document	apis/openapi/axosoft.com/main/6.0.0/meta/import/input-bundle.json	census 2	census.jsonl.gz
oauth2-password	candidate	apis/openapi/axosoft.com/main/6.0.0/meta/import/input-bundle.json	census 2	census.jsonl.gz
oauth2-password	screen	apis/openapi/axosoft.com/main/6.0.0/meta/import/input-bundle.json licence	failed	candidates.tsv
oauth2-password	screen	apis/openapi/axosoft.com/main/6.0.0/meta/import/input-bundle.json ref	failed	candidates.tsv
oauth2-password	screen	apis/openapi/axosoft.com/main/6.0.0/meta/import/input-bundle.json fern	not-run	candidates.tsv
oauth2-password	document	apis/openapi/axosoft.com/main/6.0.0/meta/import/input-entry.json	census 2	census.jsonl.gz
oauth2-password	candidate	apis/openapi/axosoft.com/main/6.0.0/meta/import/input-entry.json	census 2	census.jsonl.gz
oauth2-password	screen	apis/openapi/axosoft.com/main/6.0.0/meta/import/input-entry.json licence	failed	candidates.tsv
oauth2-password	screen	apis/openapi/axosoft.com/main/6.0.0/meta/import/input-entry.json ref	failed	candidates.tsv
oauth2-password	screen	apis/openapi/axosoft.com/main/6.0.0/meta/import/input-entry.json fern	not-run	candidates.tsv
oauth2-password	document	apis/openapi/axosoft.com/main/6.0.0/meta/import/output-bundle.json	census 2	census.jsonl.gz
oauth2-password	candidate	apis/openapi/axosoft.com/main/6.0.0/meta/import/output-bundle.json	census 2	census.jsonl.gz
oauth2-password	screen	apis/openapi/axosoft.com/main/6.0.0/meta/import/output-bundle.json licence	failed	candidates.tsv
oauth2-password	screen	apis/openapi/axosoft.com/main/6.0.0/meta/import/output-bundle.json ref	failed	candidates.tsv
oauth2-password	screen	apis/openapi/axosoft.com/main/6.0.0/meta/import/output-bundle.json fern	not-run	candidates.tsv
oauth2-password	document	apis/openapi/axosoft.com/main/6.0.0/meta/import/output-entry.json	census 2	census.jsonl.gz
oauth2-password	candidate	apis/openapi/axosoft.com/main/6.0.0/meta/import/output-entry.json	census 2	census.jsonl.gz
oauth2-password	screen	apis/openapi/axosoft.com/main/6.0.0/meta/import/output-entry.json licence	failed	candidates.tsv
oauth2-password	screen	apis/openapi/axosoft.com/main/6.0.0/meta/import/output-entry.json ref	failed	candidates.tsv
oauth2-password	screen	apis/openapi/axosoft.com/main/6.0.0/meta/import/output-entry.json fern	not-run	candidates.tsv
oauth2-password	document	apis/openapi/axosoft.com/main/6.0.0/openapi.json	census 2	census.jsonl.gz
oauth2-password	candidate	apis/openapi/axosoft.com/main/6.0.0/openapi.json	census 2	census.jsonl.gz
oauth2-password	screen	apis/openapi/axosoft.com/main/6.0.0/openapi.json licence	failed	candidates.tsv
oauth2-password	screen	apis/openapi/axosoft.com/main/6.0.0/openapi.json ref	failed	candidates.tsv
oauth2-password	screen	apis/openapi/axosoft.com/main/6.0.0/openapi.json fern	not-run	candidates.tsv
oauth2-password	document	apis/openapi/cloudfoundry.org/main/3.151.0/meta/import/input-bundle.json	census 2	census.jsonl.gz
oauth2-password	candidate	apis/openapi/cloudfoundry.org/main/3.151.0/meta/import/input-bundle.json	census 2	census.jsonl.gz
oauth2-password	screen	apis/openapi/cloudfoundry.org/main/3.151.0/meta/import/input-bundle.json licence	passed	candidates.tsv
oauth2-password	screen	apis/openapi/cloudfoundry.org/main/3.151.0/meta/import/input-bundle.json ref	failed	candidates.tsv
oauth2-password	screen	apis/openapi/cloudfoundry.org/main/3.151.0/meta/import/input-bundle.json fern	not-run	candidates.tsv
oauth2-password	document	apis/openapi/cloudfoundry.org/main/3.151.0/meta/import/input-entry.json	census 2	census.jsonl.gz
oauth2-password	candidate	apis/openapi/cloudfoundry.org/main/3.151.0/meta/import/input-entry.json	census 2	census.jsonl.gz
oauth2-password	screen	apis/openapi/cloudfoundry.org/main/3.151.0/meta/import/input-entry.json licence	passed	candidates.tsv
oauth2-password	screen	apis/openapi/cloudfoundry.org/main/3.151.0/meta/import/input-entry.json ref	failed	candidates.tsv
oauth2-password	screen	apis/openapi/cloudfoundry.org/main/3.151.0/meta/import/input-entry.json fern	not-run	candidates.tsv
oauth2-password	document	apis/openapi/cloudfoundry.org/main/3.151.0/meta/import/output-bundle.json	census 2	census.jsonl.gz
oauth2-password	candidate	apis/openapi/cloudfoundry.org/main/3.151.0/meta/import/output-bundle.json	census 2	census.jsonl.gz
oauth2-password	screen	apis/openapi/cloudfoundry.org/main/3.151.0/meta/import/output-bundle.json licence	passed	candidates.tsv
oauth2-password	screen	apis/openapi/cloudfoundry.org/main/3.151.0/meta/import/output-bundle.json ref	failed	candidates.tsv
oauth2-password	screen	apis/openapi/cloudfoundry.org/main/3.151.0/meta/import/output-bundle.json fern	not-run	candidates.tsv
oauth2-password	document	apis/openapi/cloudfoundry.org/main/3.151.0/meta/import/output-entry.json	census 2	census.jsonl.gz
oauth2-password	candidate	apis/openapi/cloudfoundry.org/main/3.151.0/meta/import/output-entry.json	census 2	census.jsonl.gz
oauth2-password	screen	apis/openapi/cloudfoundry.org/main/3.151.0/meta/import/output-entry.json licence	passed	candidates.tsv
oauth2-password	screen	apis/openapi/cloudfoundry.org/main/3.151.0/meta/import/output-entry.json ref	failed	candidates.tsv
oauth2-password	screen	apis/openapi/cloudfoundry.org/main/3.151.0/meta/import/output-entry.json fern	not-run	candidates.tsv
oauth2-password	document	apis/openapi/cloudfoundry.org/main/3.151.0/openapi.json	census 2	census.jsonl.gz
oauth2-password	candidate	apis/openapi/cloudfoundry.org/main/3.151.0/openapi.json	census 2	census.jsonl.gz
oauth2-password	screen	apis/openapi/cloudfoundry.org/main/3.151.0/openapi.json licence	passed	candidates.tsv
oauth2-password	screen	apis/openapi/cloudfoundry.org/main/3.151.0/openapi.json ref	failed	candidates.tsv
oauth2-password	screen	apis/openapi/cloudfoundry.org/main/3.151.0/openapi.json fern	not-run	candidates.tsv
oauth2-password	document	apis/openapi/contribly.com/main/1.0.0/meta/import/input-bundled.json	census 2	census.jsonl.gz
oauth2-password	candidate	apis/openapi/contribly.com/main/1.0.0/meta/import/input-bundled.json	census 2	census.jsonl.gz
oauth2-password	screen	apis/openapi/contribly.com/main/1.0.0/meta/import/input-bundled.json licence	failed	candidates.tsv
oauth2-password	screen	apis/openapi/contribly.com/main/1.0.0/meta/import/input-bundled.json ref	failed	candidates.tsv
oauth2-password	screen	apis/openapi/contribly.com/main/1.0.0/meta/import/input-bundled.json fern	not-run	candidates.tsv
oauth2-password	document	apis/openapi/contribly.com/main/1.0.0/meta/import/input-entry.json	census 2	census.jsonl.gz
oauth2-password	candidate	apis/openapi/contribly.com/main/1.0.0/meta/import/input-entry.json	census 2	census.jsonl.gz
oauth2-password	screen	apis/openapi/contribly.com/main/1.0.0/meta/import/input-entry.json licence	failed	candidates.tsv
oauth2-password	screen	apis/openapi/contribly.com/main/1.0.0/meta/import/input-entry.json ref	failed	candidates.tsv
oauth2-password	screen	apis/openapi/contribly.com/main/1.0.0/meta/import/input-entry.json fern	not-run	candidates.tsv
oauth2-password	document	apis/openapi/contribly.com/main/1.0.0/meta/import/output-bundled.json	census 2	census.jsonl.gz
oauth2-password	candidate	apis/openapi/contribly.com/main/1.0.0/meta/import/output-bundled.json	census 2	census.jsonl.gz
oauth2-password	screen	apis/openapi/contribly.com/main/1.0.0/meta/import/output-bundled.json licence	failed	candidates.tsv
oauth2-password	screen	apis/openapi/contribly.com/main/1.0.0/meta/import/output-bundled.json ref	failed	candidates.tsv
oauth2-password	screen	apis/openapi/contribly.com/main/1.0.0/meta/import/output-bundled.json fern	not-run	candidates.tsv
oauth2-password	document	apis/openapi/contribly.com/main/1.0.0/meta/import/output-entry.json	census 2	census.jsonl.gz
oauth2-password	candidate	apis/openapi/contribly.com/main/1.0.0/meta/import/output-entry.json	census 2	census.jsonl.gz
oauth2-password	screen	apis/openapi/contribly.com/main/1.0.0/meta/import/output-entry.json licence	failed	candidates.tsv
oauth2-password	screen	apis/openapi/contribly.com/main/1.0.0/meta/import/output-entry.json ref	failed	candidates.tsv
oauth2-password	screen	apis/openapi/contribly.com/main/1.0.0/meta/import/output-entry.json fern	not-run	candidates.tsv
oauth2-password	document	apis/openapi/contribly.com/main/1.0.0/openapi.json	census 2	census.jsonl.gz
oauth2-password	candidate	apis/openapi/contribly.com/main/1.0.0/openapi.json	census 2	census.jsonl.gz
oauth2-password	screen	apis/openapi/contribly.com/main/1.0.0/openapi.json licence	failed	candidates.tsv
oauth2-password	screen	apis/openapi/contribly.com/main/1.0.0/openapi.json ref	failed	candidates.tsv
oauth2-password	screen	apis/openapi/contribly.com/main/1.0.0/openapi.json fern	not-run	candidates.tsv
oauth2-password	document	apis/openapi/cpy.re/peertube/7.1.0/meta/import/input-bundled.json	census 2	census.jsonl.gz
oauth2-password	candidate	apis/openapi/cpy.re/peertube/7.1.0/meta/import/input-bundled.json	census 2	census.jsonl.gz
oauth2-password	screen	apis/openapi/cpy.re/peertube/7.1.0/meta/import/input-bundled.json licence	failed	candidates.tsv
oauth2-password	screen	apis/openapi/cpy.re/peertube/7.1.0/meta/import/input-bundled.json ref	failed	candidates.tsv
oauth2-password	screen	apis/openapi/cpy.re/peertube/7.1.0/meta/import/input-bundled.json fern	not-run	candidates.tsv
oauth2-password	document	apis/openapi/cpy.re/peertube/7.1.0/meta/import/input-entry.json	census 2	census.jsonl.gz
oauth2-password	candidate	apis/openapi/cpy.re/peertube/7.1.0/meta/import/input-entry.json	census 2	census.jsonl.gz
oauth2-password	screen	apis/openapi/cpy.re/peertube/7.1.0/meta/import/input-entry.json licence	failed	candidates.tsv
oauth2-password	screen	apis/openapi/cpy.re/peertube/7.1.0/meta/import/input-entry.json ref	failed	candidates.tsv
oauth2-password	screen	apis/openapi/cpy.re/peertube/7.1.0/meta/import/input-entry.json fern	not-run	candidates.tsv
oauth2-password	document	apis/openapi/cpy.re/peertube/7.1.0/meta/import/output-bundled.json	census 2	census.jsonl.gz
oauth2-password	candidate	apis/openapi/cpy.re/peertube/7.1.0/meta/import/output-bundled.json	census 2	census.jsonl.gz
oauth2-password	screen	apis/openapi/cpy.re/peertube/7.1.0/meta/import/output-bundled.json licence	failed	candidates.tsv
oauth2-password	screen	apis/openapi/cpy.re/peertube/7.1.0/meta/import/output-bundled.json ref	failed	candidates.tsv
oauth2-password	screen	apis/openapi/cpy.re/peertube/7.1.0/meta/import/output-bundled.json fern	not-run	candidates.tsv
oauth2-password	document	apis/openapi/cpy.re/peertube/7.1.0/meta/import/output-entry.json	census 2	census.jsonl.gz
oauth2-password	candidate	apis/openapi/cpy.re/peertube/7.1.0/meta/import/output-entry.json	census 2	census.jsonl.gz
oauth2-password	screen	apis/openapi/cpy.re/peertube/7.1.0/meta/import/output-entry.json licence	failed	candidates.tsv
oauth2-password	screen	apis/openapi/cpy.re/peertube/7.1.0/meta/import/output-entry.json ref	failed	candidates.tsv
oauth2-password	screen	apis/openapi/cpy.re/peertube/7.1.0/meta/import/output-entry.json fern	not-run	candidates.tsv
oauth2-password	document	apis/openapi/cpy.re/peertube/7.1.0/openapi.json	census 2	census.jsonl.gz
oauth2-password	candidate	apis/openapi/cpy.re/peertube/7.1.0/openapi.json	census 2	census.jsonl.gz
oauth2-password	screen	apis/openapi/cpy.re/peertube/7.1.0/openapi.json licence	failed	candidates.tsv
oauth2-password	screen	apis/openapi/cpy.re/peertube/7.1.0/openapi.json ref	failed	candidates.tsv
oauth2-password	screen	apis/openapi/cpy.re/peertube/7.1.0/openapi.json fern	not-run	candidates.tsv
oauth2-password	document	apis/openapi/damsuccess.com/main/1.0.0/meta/import/input-bundle.json	census 2	census.jsonl.gz
oauth2-password	candidate	apis/openapi/damsuccess.com/main/1.0.0/meta/import/input-bundle.json	census 2	census.jsonl.gz
oauth2-password	screen	apis/openapi/damsuccess.com/main/1.0.0/meta/import/input-bundle.json licence	failed	candidates.tsv
oauth2-password	screen	apis/openapi/damsuccess.com/main/1.0.0/meta/import/input-bundle.json ref	failed	candidates.tsv
oauth2-password	screen	apis/openapi/damsuccess.com/main/1.0.0/meta/import/input-bundle.json fern	not-run	candidates.tsv
oauth2-password	document	apis/openapi/damsuccess.com/main/1.0.0/meta/import/input-entry.json	census 2	census.jsonl.gz
oauth2-password	candidate	apis/openapi/damsuccess.com/main/1.0.0/meta/import/input-entry.json	census 2	census.jsonl.gz
oauth2-password	screen	apis/openapi/damsuccess.com/main/1.0.0/meta/import/input-entry.json licence	failed	candidates.tsv
oauth2-password	screen	apis/openapi/damsuccess.com/main/1.0.0/meta/import/input-entry.json ref	failed	candidates.tsv
oauth2-password	screen	apis/openapi/damsuccess.com/main/1.0.0/meta/import/input-entry.json fern	not-run	candidates.tsv
oauth2-password	document	apis/openapi/damsuccess.com/main/1.0.0/meta/import/output-bundle.json	census 2	census.jsonl.gz
oauth2-password	candidate	apis/openapi/damsuccess.com/main/1.0.0/meta/import/output-bundle.json	census 2	census.jsonl.gz
oauth2-password	screen	apis/openapi/damsuccess.com/main/1.0.0/meta/import/output-bundle.json licence	failed	candidates.tsv
oauth2-password	screen	apis/openapi/damsuccess.com/main/1.0.0/meta/import/output-bundle.json ref	failed	candidates.tsv
oauth2-password	screen	apis/openapi/damsuccess.com/main/1.0.0/meta/import/output-bundle.json fern	not-run	candidates.tsv
oauth2-password	document	apis/openapi/damsuccess.com/main/1.0.0/meta/import/output-entry.json	census 2	census.jsonl.gz
oauth2-password	candidate	apis/openapi/damsuccess.com/main/1.0.0/meta/import/output-entry.json	census 2	census.jsonl.gz
oauth2-password	screen	apis/openapi/damsuccess.com/main/1.0.0/meta/import/output-entry.json licence	failed	candidates.tsv
oauth2-password	screen	apis/openapi/damsuccess.com/main/1.0.0/meta/import/output-entry.json ref	failed	candidates.tsv
oauth2-password	screen	apis/openapi/damsuccess.com/main/1.0.0/meta/import/output-entry.json fern	not-run	candidates.tsv
oauth2-password	document	apis/openapi/damsuccess.com/main/1.0.0/openapi.json	census 2	census.jsonl.gz
oauth2-password	candidate	apis/openapi/damsuccess.com/main/1.0.0/openapi.json	census 2	census.jsonl.gz
oauth2-password	screen	apis/openapi/damsuccess.com/main/1.0.0/openapi.json licence	failed	candidates.tsv
oauth2-password	screen	apis/openapi/damsuccess.com/main/1.0.0/openapi.json ref	failed	candidates.tsv
oauth2-password	screen	apis/openapi/damsuccess.com/main/1.0.0/openapi.json fern	not-run	candidates.tsv
oauth2-password	document	apis/openapi/endurain.com/main/v0.17.6/meta/import/input-bundle.json	census 2	census.jsonl.gz
oauth2-password	candidate	apis/openapi/endurain.com/main/v0.17.6/meta/import/input-bundle.json	census 2	census.jsonl.gz
oauth2-password	screen	apis/openapi/endurain.com/main/v0.17.6/meta/import/input-bundle.json licence	failed	candidates.tsv
oauth2-password	screen	apis/openapi/endurain.com/main/v0.17.6/meta/import/input-bundle.json ref	failed	candidates.tsv
oauth2-password	screen	apis/openapi/endurain.com/main/v0.17.6/meta/import/input-bundle.json fern	not-run	candidates.tsv
oauth2-password	document	apis/openapi/endurain.com/main/v0.17.6/meta/import/input-entry.json	census 2	census.jsonl.gz
oauth2-password	candidate	apis/openapi/endurain.com/main/v0.17.6/meta/import/input-entry.json	census 2	census.jsonl.gz
oauth2-password	screen	apis/openapi/endurain.com/main/v0.17.6/meta/import/input-entry.json licence	failed	candidates.tsv
oauth2-password	screen	apis/openapi/endurain.com/main/v0.17.6/meta/import/input-entry.json ref	failed	candidates.tsv
oauth2-password	screen	apis/openapi/endurain.com/main/v0.17.6/meta/import/input-entry.json fern	not-run	candidates.tsv
oauth2-password	document	apis/openapi/endurain.com/main/v0.17.6/meta/import/output-bundle.json	census 2	census.jsonl.gz
oauth2-password	candidate	apis/openapi/endurain.com/main/v0.17.6/meta/import/output-bundle.json	census 2	census.jsonl.gz
oauth2-password	screen	apis/openapi/endurain.com/main/v0.17.6/meta/import/output-bundle.json licence	failed	candidates.tsv
oauth2-password	screen	apis/openapi/endurain.com/main/v0.17.6/meta/import/output-bundle.json ref	failed	candidates.tsv
oauth2-password	screen	apis/openapi/endurain.com/main/v0.17.6/meta/import/output-bundle.json fern	not-run	candidates.tsv
oauth2-password	document	apis/openapi/endurain.com/main/v0.17.6/meta/import/output-entry.json	census 2	census.jsonl.gz
oauth2-password	candidate	apis/openapi/endurain.com/main/v0.17.6/meta/import/output-entry.json	census 2	census.jsonl.gz
oauth2-password	screen	apis/openapi/endurain.com/main/v0.17.6/meta/import/output-entry.json licence	failed	candidates.tsv
oauth2-password	screen	apis/openapi/endurain.com/main/v0.17.6/meta/import/output-entry.json ref	failed	candidates.tsv
oauth2-password	screen	apis/openapi/endurain.com/main/v0.17.6/meta/import/output-entry.json fern	not-run	candidates.tsv
oauth2-password	document	apis/openapi/endurain.com/main/v0.17.6/openapi.json	census 2	census.jsonl.gz
oauth2-password	candidate	apis/openapi/endurain.com/main/v0.17.6/openapi.json	census 2	census.jsonl.gz
oauth2-password	screen	apis/openapi/endurain.com/main/v0.17.6/openapi.json licence	failed	candidates.tsv
oauth2-password	screen	apis/openapi/endurain.com/main/v0.17.6/openapi.json ref	failed	candidates.tsv
oauth2-password	screen	apis/openapi/endurain.com/main/v0.17.6/openapi.json fern	not-run	candidates.tsv
oauth2-password	document	apis/openapi/fulfillment.com/main/2.0/meta/import/input-bundled.json	census 2	census.jsonl.gz
oauth2-password	candidate	apis/openapi/fulfillment.com/main/2.0/meta/import/input-bundled.json	census 2	census.jsonl.gz
oauth2-password	screen	apis/openapi/fulfillment.com/main/2.0/meta/import/input-bundled.json licence	failed	candidates.tsv
oauth2-password	screen	apis/openapi/fulfillment.com/main/2.0/meta/import/input-bundled.json ref	failed	candidates.tsv
oauth2-password	screen	apis/openapi/fulfillment.com/main/2.0/meta/import/input-bundled.json fern	not-run	candidates.tsv
oauth2-password	document	apis/openapi/fulfillment.com/main/2.0/meta/import/input-entry.json	census 2	census.jsonl.gz
oauth2-password	candidate	apis/openapi/fulfillment.com/main/2.0/meta/import/input-entry.json	census 2	census.jsonl.gz
oauth2-password	screen	apis/openapi/fulfillment.com/main/2.0/meta/import/input-entry.json licence	failed	candidates.tsv
oauth2-password	screen	apis/openapi/fulfillment.com/main/2.0/meta/import/input-entry.json ref	failed	candidates.tsv
oauth2-password	screen	apis/openapi/fulfillment.com/main/2.0/meta/import/input-entry.json fern	not-run	candidates.tsv
oauth2-password	document	apis/openapi/fulfillment.com/main/2.0/meta/import/output-bundled.json	census 2	census.jsonl.gz
oauth2-password	candidate	apis/openapi/fulfillment.com/main/2.0/meta/import/output-bundled.json	census 2	census.jsonl.gz
oauth2-password	screen	apis/openapi/fulfillment.com/main/2.0/meta/import/output-bundled.json licence	failed	candidates.tsv
oauth2-password	screen	apis/openapi/fulfillment.com/main/2.0/meta/import/output-bundled.json ref	failed	candidates.tsv
oauth2-password	screen	apis/openapi/fulfillment.com/main/2.0/meta/import/output-bundled.json fern	not-run	candidates.tsv
oauth2-password	document	apis/openapi/fulfillment.com/main/2.0/meta/import/output-entry.json	census 2	census.jsonl.gz
oauth2-password	candidate	apis/openapi/fulfillment.com/main/2.0/meta/import/output-entry.json	census 2	census.jsonl.gz
oauth2-password	screen	apis/openapi/fulfillment.com/main/2.0/meta/import/output-entry.json licence	failed	candidates.tsv
oauth2-password	screen	apis/openapi/fulfillment.com/main/2.0/meta/import/output-entry.json ref	failed	candidates.tsv
oauth2-password	screen	apis/openapi/fulfillment.com/main/2.0/meta/import/output-entry.json fern	not-run	candidates.tsv
oauth2-password	document	apis/openapi/fulfillment.com/main/2.0/openapi.json	census 2	census.jsonl.gz
oauth2-password	candidate	apis/openapi/fulfillment.com/main/2.0/openapi.json	census 2	census.jsonl.gz
oauth2-password	screen	apis/openapi/fulfillment.com/main/2.0/openapi.json licence	failed	candidates.tsv
oauth2-password	screen	apis/openapi/fulfillment.com/main/2.0/openapi.json ref	failed	candidates.tsv
oauth2-password	screen	apis/openapi/fulfillment.com/main/2.0/openapi.json fern	not-run	candidates.tsv
oauth2-password	document	apis/openapi/gettyimages.com/main/3/meta/import/input-bundled.json	census 2	census.jsonl.gz
oauth2-password	candidate	apis/openapi/gettyimages.com/main/3/meta/import/input-bundled.json	census 2	census.jsonl.gz
oauth2-password	screen	apis/openapi/gettyimages.com/main/3/meta/import/input-bundled.json licence	failed	candidates.tsv
oauth2-password	screen	apis/openapi/gettyimages.com/main/3/meta/import/input-bundled.json ref	failed	candidates.tsv
oauth2-password	screen	apis/openapi/gettyimages.com/main/3/meta/import/input-bundled.json fern	not-run	candidates.tsv
oauth2-password	document	apis/openapi/gettyimages.com/main/3/meta/import/input-entry.json	census 2	census.jsonl.gz
oauth2-password	candidate	apis/openapi/gettyimages.com/main/3/meta/import/input-entry.json	census 2	census.jsonl.gz
oauth2-password	screen	apis/openapi/gettyimages.com/main/3/meta/import/input-entry.json licence	failed	candidates.tsv
oauth2-password	screen	apis/openapi/gettyimages.com/main/3/meta/import/input-entry.json ref	failed	candidates.tsv
oauth2-password	screen	apis/openapi/gettyimages.com/main/3/meta/import/input-entry.json fern	not-run	candidates.tsv
oauth2-password	document	apis/openapi/gettyimages.com/main/3/meta/import/output-bundled.json	census 2	census.jsonl.gz
oauth2-password	candidate	apis/openapi/gettyimages.com/main/3/meta/import/output-bundled.json	census 2	census.jsonl.gz
oauth2-password	screen	apis/openapi/gettyimages.com/main/3/meta/import/output-bundled.json licence	failed	candidates.tsv
oauth2-password	screen	apis/openapi/gettyimages.com/main/3/meta/import/output-bundled.json ref	failed	candidates.tsv
oauth2-password	screen	apis/openapi/gettyimages.com/main/3/meta/import/output-bundled.json fern	not-run	candidates.tsv
oauth2-password	document	apis/openapi/gettyimages.com/main/3/meta/import/output-entry.json	census 2	census.jsonl.gz
oauth2-password	candidate	apis/openapi/gettyimages.com/main/3/meta/import/output-entry.json	census 2	census.jsonl.gz
oauth2-password	screen	apis/openapi/gettyimages.com/main/3/meta/import/output-entry.json licence	failed	candidates.tsv
oauth2-password	screen	apis/openapi/gettyimages.com/main/3/meta/import/output-entry.json ref	failed	candidates.tsv
oauth2-password	screen	apis/openapi/gettyimages.com/main/3/meta/import/output-entry.json fern	not-run	candidates.tsv
oauth2-password	document	apis/openapi/gettyimages.com/main/3/openapi.json	census 2	census.jsonl.gz
oauth2-password	candidate	apis/openapi/gettyimages.com/main/3/openapi.json	census 2	census.jsonl.gz
oauth2-password	screen	apis/openapi/gettyimages.com/main/3/openapi.json licence	failed	candidates.tsv
oauth2-password	screen	apis/openapi/gettyimages.com/main/3/openapi.json ref	failed	candidates.tsv
oauth2-password	screen	apis/openapi/gettyimages.com/main/3/openapi.json fern	not-run	candidates.tsv
oauth2-password	document	apis/openapi/gofundme.com/main/2.0.0/meta/import/input-bundle.json	census 2	census.jsonl.gz
oauth2-password	candidate	apis/openapi/gofundme.com/main/2.0.0/meta/import/input-bundle.json	census 2	census.jsonl.gz
oauth2-password	screen	apis/openapi/gofundme.com/main/2.0.0/meta/import/input-bundle.json licence	failed	candidates.tsv
oauth2-password	screen	apis/openapi/gofundme.com/main/2.0.0/meta/import/input-bundle.json ref	failed	candidates.tsv
oauth2-password	screen	apis/openapi/gofundme.com/main/2.0.0/meta/import/input-bundle.json fern	not-run	candidates.tsv
oauth2-password	document	apis/openapi/gofundme.com/main/2.0.0/meta/import/input-entry.json	census 2	census.jsonl.gz
oauth2-password	candidate	apis/openapi/gofundme.com/main/2.0.0/meta/import/input-entry.json	census 2	census.jsonl.gz
oauth2-password	screen	apis/openapi/gofundme.com/main/2.0.0/meta/import/input-entry.json licence	failed	candidates.tsv
oauth2-password	screen	apis/openapi/gofundme.com/main/2.0.0/meta/import/input-entry.json ref	failed	candidates.tsv
oauth2-password	screen	apis/openapi/gofundme.com/main/2.0.0/meta/import/input-entry.json fern	not-run	candidates.tsv
oauth2-password	document	apis/openapi/gofundme.com/main/2.0.0/meta/import/output-bundle.json	census 2	census.jsonl.gz
oauth2-password	candidate	apis/openapi/gofundme.com/main/2.0.0/meta/import/output-bundle.json	census 2	census.jsonl.gz
oauth2-password	screen	apis/openapi/gofundme.com/main/2.0.0/meta/import/output-bundle.json licence	failed	candidates.tsv
oauth2-password	screen	apis/openapi/gofundme.com/main/2.0.0/meta/import/output-bundle.json ref	failed	candidates.tsv
oauth2-password	screen	apis/openapi/gofundme.com/main/2.0.0/meta/import/output-bundle.json fern	not-run	candidates.tsv
oauth2-password	document	apis/openapi/gofundme.com/main/2.0.0/meta/import/output-entry.json	census 2	census.jsonl.gz
oauth2-password	candidate	apis/openapi/gofundme.com/main/2.0.0/meta/import/output-entry.json	census 2	census.jsonl.gz
oauth2-password	screen	apis/openapi/gofundme.com/main/2.0.0/meta/import/output-entry.json licence	failed	candidates.tsv
oauth2-password	screen	apis/openapi/gofundme.com/main/2.0.0/meta/import/output-entry.json ref	failed	candidates.tsv
oauth2-password	screen	apis/openapi/gofundme.com/main/2.0.0/meta/import/output-entry.json fern	not-run	candidates.tsv
oauth2-password	document	apis/openapi/gofundme.com/main/2.0.0/openapi.json	census 2	census.jsonl.gz
oauth2-password	candidate	apis/openapi/gofundme.com/main/2.0.0/openapi.json	census 2	census.jsonl.gz
oauth2-password	screen	apis/openapi/gofundme.com/main/2.0.0/openapi.json licence	failed	candidates.tsv
oauth2-password	screen	apis/openapi/gofundme.com/main/2.0.0/openapi.json ref	failed	candidates.tsv
oauth2-password	screen	apis/openapi/gofundme.com/main/2.0.0/openapi.json fern	not-run	candidates.tsv
oauth2-password	document	apis/openapi/goto.com/main/2.0.0/meta/import/input-bundle.json	census 2	census.jsonl.gz
oauth2-password	candidate	apis/openapi/goto.com/main/2.0.0/meta/import/input-bundle.json	census 2	census.jsonl.gz
oauth2-password	screen	apis/openapi/goto.com/main/2.0.0/meta/import/input-bundle.json licence	failed	candidates.tsv
oauth2-password	screen	apis/openapi/goto.com/main/2.0.0/meta/import/input-bundle.json ref	failed	candidates.tsv
oauth2-password	screen	apis/openapi/goto.com/main/2.0.0/meta/import/input-bundle.json fern	not-run	candidates.tsv
oauth2-password	document	apis/openapi/goto.com/main/2.0.0/meta/import/input-entry.json	census 2	census.jsonl.gz
oauth2-password	candidate	apis/openapi/goto.com/main/2.0.0/meta/import/input-entry.json	census 2	census.jsonl.gz
oauth2-password	screen	apis/openapi/goto.com/main/2.0.0/meta/import/input-entry.json licence	failed	candidates.tsv
oauth2-password	screen	apis/openapi/goto.com/main/2.0.0/meta/import/input-entry.json ref	failed	candidates.tsv
oauth2-password	screen	apis/openapi/goto.com/main/2.0.0/meta/import/input-entry.json fern	not-run	candidates.tsv
oauth2-password	document	apis/openapi/goto.com/main/2.0.0/meta/import/output-bundle.json	census 2	census.jsonl.gz
oauth2-password	candidate	apis/openapi/goto.com/main/2.0.0/meta/import/output-bundle.json	census 2	census.jsonl.gz
oauth2-password	screen	apis/openapi/goto.com/main/2.0.0/meta/import/output-bundle.json licence	failed	candidates.tsv
oauth2-password	screen	apis/openapi/goto.com/main/2.0.0/meta/import/output-bundle.json ref	failed	candidates.tsv
oauth2-password	screen	apis/openapi/goto.com/main/2.0.0/meta/import/output-bundle.json fern	not-run	candidates.tsv
oauth2-password	document	apis/openapi/goto.com/main/2.0.0/meta/import/output-entry.json	census 2	census.jsonl.gz
oauth2-password	candidate	apis/openapi/goto.com/main/2.0.0/meta/import/output-entry.json	census 2	census.jsonl.gz
oauth2-password	screen	apis/openapi/goto.com/main/2.0.0/meta/import/output-entry.json licence	failed	candidates.tsv
oauth2-password	screen	apis/openapi/goto.com/main/2.0.0/meta/import/output-entry.json ref	failed	candidates.tsv
oauth2-password	screen	apis/openapi/goto.com/main/2.0.0/meta/import/output-entry.json fern	not-run	candidates.tsv
oauth2-password	document	apis/openapi/goto.com/main/2.0.0/openapi.json	census 2	census.jsonl.gz
oauth2-password	candidate	apis/openapi/goto.com/main/2.0.0/openapi.json	census 2	census.jsonl.gz
oauth2-password	screen	apis/openapi/goto.com/main/2.0.0/openapi.json licence	failed	candidates.tsv
oauth2-password	screen	apis/openapi/goto.com/main/2.0.0/openapi.json ref	failed	candidates.tsv
oauth2-password	screen	apis/openapi/goto.com/main/2.0.0/openapi.json fern	not-run	candidates.tsv
oauth2-password	document	apis/openapi/groove.cm/main/1.0.0/meta/import/input-bundle.json	census 2	census.jsonl.gz
oauth2-password	candidate	apis/openapi/groove.cm/main/1.0.0/meta/import/input-bundle.json	census 2	census.jsonl.gz
oauth2-password	screen	apis/openapi/groove.cm/main/1.0.0/meta/import/input-bundle.json licence	failed	candidates.tsv
oauth2-password	screen	apis/openapi/groove.cm/main/1.0.0/meta/import/input-bundle.json ref	failed	candidates.tsv
oauth2-password	screen	apis/openapi/groove.cm/main/1.0.0/meta/import/input-bundle.json fern	not-run	candidates.tsv
oauth2-password	document	apis/openapi/groove.cm/main/1.0.0/meta/import/input-entry.json	census 2	census.jsonl.gz
oauth2-password	candidate	apis/openapi/groove.cm/main/1.0.0/meta/import/input-entry.json	census 2	census.jsonl.gz
oauth2-password	screen	apis/openapi/groove.cm/main/1.0.0/meta/import/input-entry.json licence	failed	candidates.tsv
oauth2-password	screen	apis/openapi/groove.cm/main/1.0.0/meta/import/input-entry.json ref	failed	candidates.tsv
oauth2-password	screen	apis/openapi/groove.cm/main/1.0.0/meta/import/input-entry.json fern	not-run	candidates.tsv
oauth2-password	document	apis/openapi/groove.cm/main/1.0.0/meta/import/output-bundle.json	census 2	census.jsonl.gz
oauth2-password	candidate	apis/openapi/groove.cm/main/1.0.0/meta/import/output-bundle.json	census 2	census.jsonl.gz
oauth2-password	screen	apis/openapi/groove.cm/main/1.0.0/meta/import/output-bundle.json licence	failed	candidates.tsv
oauth2-password	screen	apis/openapi/groove.cm/main/1.0.0/meta/import/output-bundle.json ref	failed	candidates.tsv
oauth2-password	screen	apis/openapi/groove.cm/main/1.0.0/meta/import/output-bundle.json fern	not-run	candidates.tsv
oauth2-password	document	apis/openapi/groove.cm/main/1.0.0/meta/import/output-entry.json	census 2	census.jsonl.gz
oauth2-password	candidate	apis/openapi/groove.cm/main/1.0.0/meta/import/output-entry.json	census 2	census.jsonl.gz
oauth2-password	screen	apis/openapi/groove.cm/main/1.0.0/meta/import/output-entry.json licence	failed	candidates.tsv
oauth2-password	screen	apis/openapi/groove.cm/main/1.0.0/meta/import/output-entry.json ref	failed	candidates.tsv
oauth2-password	screen	apis/openapi/groove.cm/main/1.0.0/meta/import/output-entry.json fern	not-run	candidates.tsv
oauth2-password	document	apis/openapi/groove.cm/main/1.0.0/openapi.json	census 2	census.jsonl.gz
oauth2-password	candidate	apis/openapi/groove.cm/main/1.0.0/openapi.json	census 2	census.jsonl.gz
oauth2-password	screen	apis/openapi/groove.cm/main/1.0.0/openapi.json licence	failed	candidates.tsv
oauth2-password	screen	apis/openapi/groove.cm/main/1.0.0/openapi.json ref	failed	candidates.tsv
oauth2-password	screen	apis/openapi/groove.cm/main/1.0.0/openapi.json fern	not-run	candidates.tsv
oauth2-password	document	apis/openapi/groovecm.com/main/1.0.0/meta/import/input-bundle.json	census 2	census.jsonl.gz
oauth2-password	candidate	apis/openapi/groovecm.com/main/1.0.0/meta/import/input-bundle.json	census 2	census.jsonl.gz
oauth2-password	screen	apis/openapi/groovecm.com/main/1.0.0/meta/import/input-bundle.json licence	failed	candidates.tsv
oauth2-password	screen	apis/openapi/groovecm.com/main/1.0.0/meta/import/input-bundle.json ref	failed	candidates.tsv
oauth2-password	screen	apis/openapi/groovecm.com/main/1.0.0/meta/import/input-bundle.json fern	not-run	candidates.tsv
oauth2-password	document	apis/openapi/groovecm.com/main/1.0.0/meta/import/input-entry.json	census 2	census.jsonl.gz
oauth2-password	candidate	apis/openapi/groovecm.com/main/1.0.0/meta/import/input-entry.json	census 2	census.jsonl.gz
oauth2-password	screen	apis/openapi/groovecm.com/main/1.0.0/meta/import/input-entry.json licence	failed	candidates.tsv
oauth2-password	screen	apis/openapi/groovecm.com/main/1.0.0/meta/import/input-entry.json ref	failed	candidates.tsv
oauth2-password	screen	apis/openapi/groovecm.com/main/1.0.0/meta/import/input-entry.json fern	not-run	candidates.tsv
oauth2-password	document	apis/openapi/groovecm.com/main/1.0.0/meta/import/output-bundle.json	census 2	census.jsonl.gz
oauth2-password	candidate	apis/openapi/groovecm.com/main/1.0.0/meta/import/output-bundle.json	census 2	census.jsonl.gz
oauth2-password	screen	apis/openapi/groovecm.com/main/1.0.0/meta/import/output-bundle.json licence	failed	candidates.tsv
oauth2-password	screen	apis/openapi/groovecm.com/main/1.0.0/meta/import/output-bundle.json ref	failed	candidates.tsv
oauth2-password	screen	apis/openapi/groovecm.com/main/1.0.0/meta/import/output-bundle.json fern	not-run	candidates.tsv
oauth2-password	document	apis/openapi/groovecm.com/main/1.0.0/meta/import/output-entry.json	census 2	census.jsonl.gz
oauth2-password	candidate	apis/openapi/groovecm.com/main/1.0.0/meta/import/output-entry.json	census 2	census.jsonl.gz
oauth2-password	screen	apis/openapi/groovecm.com/main/1.0.0/meta/import/output-entry.json licence	failed	candidates.tsv
oauth2-password	screen	apis/openapi/groovecm.com/main/1.0.0/meta/import/output-entry.json ref	failed	candidates.tsv
oauth2-password	screen	apis/openapi/groovecm.com/main/1.0.0/meta/import/output-entry.json fern	not-run	candidates.tsv
oauth2-password	document	apis/openapi/groovecm.com/main/1.0.0/openapi.json	census 2	census.jsonl.gz
oauth2-password	candidate	apis/openapi/groovecm.com/main/1.0.0/openapi.json	census 2	census.jsonl.gz
oauth2-password	screen	apis/openapi/groovecm.com/main/1.0.0/openapi.json licence	failed	candidates.tsv
oauth2-password	screen	apis/openapi/groovecm.com/main/1.0.0/openapi.json ref	failed	candidates.tsv
oauth2-password	screen	apis/openapi/groovecm.com/main/1.0.0/openapi.json fern	not-run	candidates.tsv
oauth2-password	document	apis/openapi/kand.io/main/1.0.0/meta/import/input-bundle.json	census 2	census.jsonl.gz
oauth2-password	candidate	apis/openapi/kand.io/main/1.0.0/meta/import/input-bundle.json	census 2	census.jsonl.gz
oauth2-password	screen	apis/openapi/kand.io/main/1.0.0/meta/import/input-bundle.json licence	passed	candidates.tsv
oauth2-password	screen	apis/openapi/kand.io/main/1.0.0/meta/import/input-bundle.json ref	failed	candidates.tsv
oauth2-password	screen	apis/openapi/kand.io/main/1.0.0/meta/import/input-bundle.json fern	not-run	candidates.tsv
oauth2-password	document	apis/openapi/kand.io/main/1.0.0/meta/import/input-entry.json	census 2	census.jsonl.gz
oauth2-password	candidate	apis/openapi/kand.io/main/1.0.0/meta/import/input-entry.json	census 2	census.jsonl.gz
oauth2-password	screen	apis/openapi/kand.io/main/1.0.0/meta/import/input-entry.json licence	passed	candidates.tsv
oauth2-password	screen	apis/openapi/kand.io/main/1.0.0/meta/import/input-entry.json ref	failed	candidates.tsv
oauth2-password	screen	apis/openapi/kand.io/main/1.0.0/meta/import/input-entry.json fern	not-run	candidates.tsv
oauth2-password	document	apis/openapi/kand.io/main/1.0.0/meta/import/output-bundle.json	census 2	census.jsonl.gz
oauth2-password	candidate	apis/openapi/kand.io/main/1.0.0/meta/import/output-bundle.json	census 2	census.jsonl.gz
oauth2-password	screen	apis/openapi/kand.io/main/1.0.0/meta/import/output-bundle.json licence	passed	candidates.tsv
oauth2-password	screen	apis/openapi/kand.io/main/1.0.0/meta/import/output-bundle.json ref	failed	candidates.tsv
oauth2-password	screen	apis/openapi/kand.io/main/1.0.0/meta/import/output-bundle.json fern	not-run	candidates.tsv
oauth2-password	document	apis/openapi/kand.io/main/1.0.0/meta/import/output-entry.json	census 2	census.jsonl.gz
oauth2-password	candidate	apis/openapi/kand.io/main/1.0.0/meta/import/output-entry.json	census 2	census.jsonl.gz
oauth2-password	screen	apis/openapi/kand.io/main/1.0.0/meta/import/output-entry.json licence	passed	candidates.tsv
oauth2-password	screen	apis/openapi/kand.io/main/1.0.0/meta/import/output-entry.json ref	failed	candidates.tsv
oauth2-password	screen	apis/openapi/kand.io/main/1.0.0/meta/import/output-entry.json fern	not-run	candidates.tsv
oauth2-password	document	apis/openapi/kand.io/main/1.0.0/openapi.json	census 2	census.jsonl.gz
oauth2-password	candidate	apis/openapi/kand.io/main/1.0.0/openapi.json	census 2	census.jsonl.gz
oauth2-password	screen	apis/openapi/kand.io/main/1.0.0/openapi.json licence	passed	candidates.tsv
oauth2-password	screen	apis/openapi/kand.io/main/1.0.0/openapi.json ref	failed	candidates.tsv
oauth2-password	screen	apis/openapi/kand.io/main/1.0.0/openapi.json fern	not-run	candidates.tsv
oauth2-password	document	apis/openapi/kitsu.io/main/1.0.0/meta/import/input-bundle.json	census 2	census.jsonl.gz
oauth2-password	candidate	apis/openapi/kitsu.io/main/1.0.0/meta/import/input-bundle.json	census 2	census.jsonl.gz
oauth2-password	screen	apis/openapi/kitsu.io/main/1.0.0/meta/import/input-bundle.json licence	failed	candidates.tsv
oauth2-password	screen	apis/openapi/kitsu.io/main/1.0.0/meta/import/input-bundle.json ref	failed	candidates.tsv
oauth2-password	screen	apis/openapi/kitsu.io/main/1.0.0/meta/import/input-bundle.json fern	not-run	candidates.tsv
oauth2-password	document	apis/openapi/kitsu.io/main/1.0.0/meta/import/input-entry.json	census 2	census.jsonl.gz
oauth2-password	candidate	apis/openapi/kitsu.io/main/1.0.0/meta/import/input-entry.json	census 2	census.jsonl.gz
oauth2-password	screen	apis/openapi/kitsu.io/main/1.0.0/meta/import/input-entry.json licence	failed	candidates.tsv
oauth2-password	screen	apis/openapi/kitsu.io/main/1.0.0/meta/import/input-entry.json ref	failed	candidates.tsv
oauth2-password	screen	apis/openapi/kitsu.io/main/1.0.0/meta/import/input-entry.json fern	not-run	candidates.tsv
oauth2-password	document	apis/openapi/kitsu.io/main/1.0.0/meta/import/output-bundle.json	census 2	census.jsonl.gz
oauth2-password	candidate	apis/openapi/kitsu.io/main/1.0.0/meta/import/output-bundle.json	census 2	census.jsonl.gz
oauth2-password	screen	apis/openapi/kitsu.io/main/1.0.0/meta/import/output-bundle.json licence	failed	candidates.tsv
oauth2-password	screen	apis/openapi/kitsu.io/main/1.0.0/meta/import/output-bundle.json ref	failed	candidates.tsv
oauth2-password	screen	apis/openapi/kitsu.io/main/1.0.0/meta/import/output-bundle.json fern	not-run	candidates.tsv
oauth2-password	document	apis/openapi/kitsu.io/main/1.0.0/meta/import/output-entry.json	census 2	census.jsonl.gz
oauth2-password	candidate	apis/openapi/kitsu.io/main/1.0.0/meta/import/output-entry.json	census 2	census.jsonl.gz
oauth2-password	screen	apis/openapi/kitsu.io/main/1.0.0/meta/import/output-entry.json licence	failed	candidates.tsv
oauth2-password	screen	apis/openapi/kitsu.io/main/1.0.0/meta/import/output-entry.json ref	failed	candidates.tsv
oauth2-password	screen	apis/openapi/kitsu.io/main/1.0.0/meta/import/output-entry.json fern	not-run	candidates.tsv
oauth2-password	document	apis/openapi/kitsu.io/main/1.0.0/openapi.json	census 2	census.jsonl.gz
oauth2-password	candidate	apis/openapi/kitsu.io/main/1.0.0/openapi.json	census 2	census.jsonl.gz
oauth2-password	screen	apis/openapi/kitsu.io/main/1.0.0/openapi.json licence	failed	candidates.tsv
oauth2-password	screen	apis/openapi/kitsu.io/main/1.0.0/openapi.json ref	failed	candidates.tsv
oauth2-password	screen	apis/openapi/kitsu.io/main/1.0.0/openapi.json fern	not-run	candidates.tsv
oauth2-password	document	apis/openapi/motaword.com/main/1.0/meta/import/input-bundled.json	census 2	census.jsonl.gz
oauth2-password	candidate	apis/openapi/motaword.com/main/1.0/meta/import/input-bundled.json	census 2	census.jsonl.gz
oauth2-password	screen	apis/openapi/motaword.com/main/1.0/meta/import/input-bundled.json licence	failed	candidates.tsv
oauth2-password	screen	apis/openapi/motaword.com/main/1.0/meta/import/input-bundled.json ref	failed	candidates.tsv
oauth2-password	screen	apis/openapi/motaword.com/main/1.0/meta/import/input-bundled.json fern	not-run	candidates.tsv
oauth2-password	document	apis/openapi/motaword.com/main/1.0/meta/import/input-entry.json	census 2	census.jsonl.gz
oauth2-password	candidate	apis/openapi/motaword.com/main/1.0/meta/import/input-entry.json	census 2	census.jsonl.gz
oauth2-password	screen	apis/openapi/motaword.com/main/1.0/meta/import/input-entry.json licence	failed	candidates.tsv
oauth2-password	screen	apis/openapi/motaword.com/main/1.0/meta/import/input-entry.json ref	failed	candidates.tsv
oauth2-password	screen	apis/openapi/motaword.com/main/1.0/meta/import/input-entry.json fern	not-run	candidates.tsv
oauth2-password	document	apis/openapi/motaword.com/main/1.0/meta/import/output-bundled.json	census 2	census.jsonl.gz
oauth2-password	candidate	apis/openapi/motaword.com/main/1.0/meta/import/output-bundled.json	census 2	census.jsonl.gz
oauth2-password	screen	apis/openapi/motaword.com/main/1.0/meta/import/output-bundled.json licence	failed	candidates.tsv
oauth2-password	screen	apis/openapi/motaword.com/main/1.0/meta/import/output-bundled.json ref	failed	candidates.tsv
oauth2-password	screen	apis/openapi/motaword.com/main/1.0/meta/import/output-bundled.json fern	not-run	candidates.tsv
oauth2-password	document	apis/openapi/motaword.com/main/1.0/meta/import/output-entry.json	census 2	census.jsonl.gz
oauth2-password	candidate	apis/openapi/motaword.com/main/1.0/meta/import/output-entry.json	census 2	census.jsonl.gz
oauth2-password	screen	apis/openapi/motaword.com/main/1.0/meta/import/output-entry.json licence	failed	candidates.tsv
oauth2-password	screen	apis/openapi/motaword.com/main/1.0/meta/import/output-entry.json ref	failed	candidates.tsv
oauth2-password	screen	apis/openapi/motaword.com/main/1.0/meta/import/output-entry.json fern	not-run	candidates.tsv
oauth2-password	document	apis/openapi/motaword.com/main/1.0/openapi.json	census 2	census.jsonl.gz
oauth2-password	candidate	apis/openapi/motaword.com/main/1.0/openapi.json	census 2	census.jsonl.gz
oauth2-password	screen	apis/openapi/motaword.com/main/1.0/openapi.json licence	failed	candidates.tsv
oauth2-password	screen	apis/openapi/motaword.com/main/1.0/openapi.json ref	failed	candidates.tsv
oauth2-password	screen	apis/openapi/motaword.com/main/1.0/openapi.json fern	not-run	candidates.tsv
oauth2-password	document	apis/openapi/my.tado.com/main/2.0.0/meta/import/input-bundle.json	census 2	census.jsonl.gz
oauth2-password	candidate	apis/openapi/my.tado.com/main/2.0.0/meta/import/input-bundle.json	census 2	census.jsonl.gz
oauth2-password	screen	apis/openapi/my.tado.com/main/2.0.0/meta/import/input-bundle.json licence	failed	candidates.tsv
oauth2-password	screen	apis/openapi/my.tado.com/main/2.0.0/meta/import/input-bundle.json ref	failed	candidates.tsv
oauth2-password	screen	apis/openapi/my.tado.com/main/2.0.0/meta/import/input-bundle.json fern	not-run	candidates.tsv
oauth2-password	document	apis/openapi/my.tado.com/main/2.0.0/meta/import/input-entry.json	census 2	census.jsonl.gz
oauth2-password	candidate	apis/openapi/my.tado.com/main/2.0.0/meta/import/input-entry.json	census 2	census.jsonl.gz
oauth2-password	screen	apis/openapi/my.tado.com/main/2.0.0/meta/import/input-entry.json licence	failed	candidates.tsv
oauth2-password	screen	apis/openapi/my.tado.com/main/2.0.0/meta/import/input-entry.json ref	failed	candidates.tsv
oauth2-password	screen	apis/openapi/my.tado.com/main/2.0.0/meta/import/input-entry.json fern	not-run	candidates.tsv
oauth2-password	document	apis/openapi/my.tado.com/main/2.0.0/meta/import/output-bundle.json	census 2	census.jsonl.gz
oauth2-password	candidate	apis/openapi/my.tado.com/main/2.0.0/meta/import/output-bundle.json	census 2	census.jsonl.gz
oauth2-password	screen	apis/openapi/my.tado.com/main/2.0.0/meta/import/output-bundle.json licence	failed	candidates.tsv
oauth2-password	screen	apis/openapi/my.tado.com/main/2.0.0/meta/import/output-bundle.json ref	failed	candidates.tsv
oauth2-password	screen	apis/openapi/my.tado.com/main/2.0.0/meta/import/output-bundle.json fern	not-run	candidates.tsv
oauth2-password	document	apis/openapi/my.tado.com/main/2.0.0/meta/import/output-entry.json	census 2	census.jsonl.gz
oauth2-password	candidate	apis/openapi/my.tado.com/main/2.0.0/meta/import/output-entry.json	census 2	census.jsonl.gz
oauth2-password	screen	apis/openapi/my.tado.com/main/2.0.0/meta/import/output-entry.json licence	failed	candidates.tsv
oauth2-password	screen	apis/openapi/my.tado.com/main/2.0.0/meta/import/output-entry.json ref	failed	candidates.tsv
oauth2-password	screen	apis/openapi/my.tado.com/main/2.0.0/meta/import/output-entry.json fern	not-run	candidates.tsv
oauth2-password	document	apis/openapi/my.tado.com/main/2.0.0/openapi.json	census 2	census.jsonl.gz
oauth2-password	candidate	apis/openapi/my.tado.com/main/2.0.0/openapi.json	census 2	census.jsonl.gz
oauth2-password	screen	apis/openapi/my.tado.com/main/2.0.0/openapi.json licence	failed	candidates.tsv
oauth2-password	screen	apis/openapi/my.tado.com/main/2.0.0/openapi.json ref	failed	candidates.tsv
oauth2-password	screen	apis/openapi/my.tado.com/main/2.0.0/openapi.json fern	not-run	candidates.tsv
oauth2-password	document	apis/openapi/netatmo.net/main/1.1.5/meta/import/input-bundled.json	census 2	census.jsonl.gz
oauth2-password	candidate	apis/openapi/netatmo.net/main/1.1.5/meta/import/input-bundled.json	census 2	census.jsonl.gz
oauth2-password	screen	apis/openapi/netatmo.net/main/1.1.5/meta/import/input-bundled.json licence	failed	candidates.tsv
oauth2-password	screen	apis/openapi/netatmo.net/main/1.1.5/meta/import/input-bundled.json ref	failed	candidates.tsv
oauth2-password	screen	apis/openapi/netatmo.net/main/1.1.5/meta/import/input-bundled.json fern	not-run	candidates.tsv
oauth2-password	document	apis/openapi/netatmo.net/main/1.1.5/meta/import/input-entry.json	census 2	census.jsonl.gz
oauth2-password	candidate	apis/openapi/netatmo.net/main/1.1.5/meta/import/input-entry.json	census 2	census.jsonl.gz
oauth2-password	screen	apis/openapi/netatmo.net/main/1.1.5/meta/import/input-entry.json licence	failed	candidates.tsv
oauth2-password	screen	apis/openapi/netatmo.net/main/1.1.5/meta/import/input-entry.json ref	failed	candidates.tsv
oauth2-password	screen	apis/openapi/netatmo.net/main/1.1.5/meta/import/input-entry.json fern	not-run	candidates.tsv
oauth2-password	document	apis/openapi/netatmo.net/main/1.1.5/meta/import/output-bundled.json	census 2	census.jsonl.gz
oauth2-password	candidate	apis/openapi/netatmo.net/main/1.1.5/meta/import/output-bundled.json	census 2	census.jsonl.gz
oauth2-password	screen	apis/openapi/netatmo.net/main/1.1.5/meta/import/output-bundled.json licence	failed	candidates.tsv
oauth2-password	screen	apis/openapi/netatmo.net/main/1.1.5/meta/import/output-bundled.json ref	failed	candidates.tsv
oauth2-password	screen	apis/openapi/netatmo.net/main/1.1.5/meta/import/output-bundled.json fern	not-run	candidates.tsv
oauth2-password	document	apis/openapi/netatmo.net/main/1.1.5/meta/import/output-entry.json	census 2	census.jsonl.gz
oauth2-password	candidate	apis/openapi/netatmo.net/main/1.1.5/meta/import/output-entry.json	census 2	census.jsonl.gz
oauth2-password	screen	apis/openapi/netatmo.net/main/1.1.5/meta/import/output-entry.json licence	failed	candidates.tsv
oauth2-password	screen	apis/openapi/netatmo.net/main/1.1.5/meta/import/output-entry.json ref	failed	candidates.tsv
oauth2-password	screen	apis/openapi/netatmo.net/main/1.1.5/meta/import/output-entry.json fern	not-run	candidates.tsv
oauth2-password	document	apis/openapi/netatmo.net/main/1.1.5/openapi.json	census 2	census.jsonl.gz
oauth2-password	candidate	apis/openapi/netatmo.net/main/1.1.5/openapi.json	census 2	census.jsonl.gz
oauth2-password	screen	apis/openapi/netatmo.net/main/1.1.5/openapi.json licence	failed	candidates.tsv
oauth2-password	screen	apis/openapi/netatmo.net/main/1.1.5/openapi.json ref	failed	candidates.tsv
oauth2-password	screen	apis/openapi/netatmo.net/main/1.1.5/openapi.json fern	not-run	candidates.tsv
oauth2-password	document	apis/openapi/newsletter2go.com/main/1.0.0/meta/import/input-bundle.json	census 2	census.jsonl.gz
oauth2-password	candidate	apis/openapi/newsletter2go.com/main/1.0.0/meta/import/input-bundle.json	census 2	census.jsonl.gz
oauth2-password	screen	apis/openapi/newsletter2go.com/main/1.0.0/meta/import/input-bundle.json licence	failed	candidates.tsv
oauth2-password	screen	apis/openapi/newsletter2go.com/main/1.0.0/meta/import/input-bundle.json ref	failed	candidates.tsv
oauth2-password	screen	apis/openapi/newsletter2go.com/main/1.0.0/meta/import/input-bundle.json fern	not-run	candidates.tsv
oauth2-password	document	apis/openapi/newsletter2go.com/main/1.0.0/meta/import/input-entry.json	census 2	census.jsonl.gz
oauth2-password	candidate	apis/openapi/newsletter2go.com/main/1.0.0/meta/import/input-entry.json	census 2	census.jsonl.gz
oauth2-password	screen	apis/openapi/newsletter2go.com/main/1.0.0/meta/import/input-entry.json licence	failed	candidates.tsv
oauth2-password	screen	apis/openapi/newsletter2go.com/main/1.0.0/meta/import/input-entry.json ref	failed	candidates.tsv
oauth2-password	screen	apis/openapi/newsletter2go.com/main/1.0.0/meta/import/input-entry.json fern	not-run	candidates.tsv
oauth2-password	document	apis/openapi/newsletter2go.com/main/1.0.0/meta/import/output-bundle.json	census 2	census.jsonl.gz
oauth2-password	candidate	apis/openapi/newsletter2go.com/main/1.0.0/meta/import/output-bundle.json	census 2	census.jsonl.gz
oauth2-password	screen	apis/openapi/newsletter2go.com/main/1.0.0/meta/import/output-bundle.json licence	failed	candidates.tsv
oauth2-password	screen	apis/openapi/newsletter2go.com/main/1.0.0/meta/import/output-bundle.json ref	failed	candidates.tsv
oauth2-password	screen	apis/openapi/newsletter2go.com/main/1.0.0/meta/import/output-bundle.json fern	not-run	candidates.tsv
oauth2-password	document	apis/openapi/newsletter2go.com/main/1.0.0/meta/import/output-entry.json	census 2	census.jsonl.gz
oauth2-password	candidate	apis/openapi/newsletter2go.com/main/1.0.0/meta/import/output-entry.json	census 2	census.jsonl.gz
oauth2-password	screen	apis/openapi/newsletter2go.com/main/1.0.0/meta/import/output-entry.json licence	failed	candidates.tsv
oauth2-password	screen	apis/openapi/newsletter2go.com/main/1.0.0/meta/import/output-entry.json ref	failed	candidates.tsv
oauth2-password	screen	apis/openapi/newsletter2go.com/main/1.0.0/meta/import/output-entry.json fern	not-run	candidates.tsv
oauth2-password	document	apis/openapi/newsletter2go.com/main/1.0.0/openapi.json	census 2	census.jsonl.gz
oauth2-password	candidate	apis/openapi/newsletter2go.com/main/1.0.0/openapi.json	census 2	census.jsonl.gz
oauth2-password	screen	apis/openapi/newsletter2go.com/main/1.0.0/openapi.json licence	failed	candidates.tsv
oauth2-password	screen	apis/openapi/newsletter2go.com/main/1.0.0/openapi.json ref	failed	candidates.tsv
oauth2-password	screen	apis/openapi/newsletter2go.com/main/1.0.0/openapi.json fern	not-run	candidates.tsv
oauth2-password	document	apis/openapi/nuapay.com/nuapay/1.16.1/meta/import/input-bundle.json	census 4	census.jsonl.gz
oauth2-password	candidate	apis/openapi/nuapay.com/nuapay/1.16.1/meta/import/input-bundle.json	census 4	census.jsonl.gz
oauth2-password	screen	apis/openapi/nuapay.com/nuapay/1.16.1/meta/import/input-bundle.json licence	failed	candidates.tsv
oauth2-password	screen	apis/openapi/nuapay.com/nuapay/1.16.1/meta/import/input-bundle.json ref	failed	candidates.tsv
oauth2-password	screen	apis/openapi/nuapay.com/nuapay/1.16.1/meta/import/input-bundle.json fern	not-run	candidates.tsv
oauth2-password	document	apis/openapi/nuapay.com/nuapay/1.16.1/meta/import/input-entry.json	census 4	census.jsonl.gz
oauth2-password	candidate	apis/openapi/nuapay.com/nuapay/1.16.1/meta/import/input-entry.json	census 4	census.jsonl.gz
oauth2-password	screen	apis/openapi/nuapay.com/nuapay/1.16.1/meta/import/input-entry.json licence	failed	candidates.tsv
oauth2-password	screen	apis/openapi/nuapay.com/nuapay/1.16.1/meta/import/input-entry.json ref	failed	candidates.tsv
oauth2-password	screen	apis/openapi/nuapay.com/nuapay/1.16.1/meta/import/input-entry.json fern	not-run	candidates.tsv
oauth2-password	document	apis/openapi/nuapay.com/nuapay/1.16.1/meta/import/output-bundle.json	census 4	census.jsonl.gz
oauth2-password	candidate	apis/openapi/nuapay.com/nuapay/1.16.1/meta/import/output-bundle.json	census 4	census.jsonl.gz
oauth2-password	screen	apis/openapi/nuapay.com/nuapay/1.16.1/meta/import/output-bundle.json licence	failed	candidates.tsv
oauth2-password	screen	apis/openapi/nuapay.com/nuapay/1.16.1/meta/import/output-bundle.json ref	failed	candidates.tsv
oauth2-password	screen	apis/openapi/nuapay.com/nuapay/1.16.1/meta/import/output-bundle.json fern	not-run	candidates.tsv
oauth2-password	document	apis/openapi/nuapay.com/nuapay/1.16.1/meta/import/output-entry.json	census 4	census.jsonl.gz
oauth2-password	candidate	apis/openapi/nuapay.com/nuapay/1.16.1/meta/import/output-entry.json	census 4	census.jsonl.gz
oauth2-password	screen	apis/openapi/nuapay.com/nuapay/1.16.1/meta/import/output-entry.json licence	failed	candidates.tsv
oauth2-password	screen	apis/openapi/nuapay.com/nuapay/1.16.1/meta/import/output-entry.json ref	failed	candidates.tsv
oauth2-password	screen	apis/openapi/nuapay.com/nuapay/1.16.1/meta/import/output-entry.json fern	not-run	candidates.tsv
oauth2-password	document	apis/openapi/nuapay.com/nuapay/1.16.1/openapi.json	census 4	census.jsonl.gz
oauth2-password	candidate	apis/openapi/nuapay.com/nuapay/1.16.1/openapi.json	census 4	census.jsonl.gz
oauth2-password	screen	apis/openapi/nuapay.com/nuapay/1.16.1/openapi.json licence	failed	candidates.tsv
oauth2-password	screen	apis/openapi/nuapay.com/nuapay/1.16.1/openapi.json ref	failed	candidates.tsv
oauth2-password	screen	apis/openapi/nuapay.com/nuapay/1.16.1/openapi.json fern	not-run	candidates.tsv
oauth2-password	document	apis/openapi/parkwhiz.com/main/4.0.0/meta/import/input-bundle.json	census 2	census.jsonl.gz
oauth2-password	candidate	apis/openapi/parkwhiz.com/main/4.0.0/meta/import/input-bundle.json	census 2	census.jsonl.gz
oauth2-password	screen	apis/openapi/parkwhiz.com/main/4.0.0/meta/import/input-bundle.json licence	failed	candidates.tsv
oauth2-password	screen	apis/openapi/parkwhiz.com/main/4.0.0/meta/import/input-bundle.json ref	failed	candidates.tsv
oauth2-password	screen	apis/openapi/parkwhiz.com/main/4.0.0/meta/import/input-bundle.json fern	not-run	candidates.tsv
oauth2-password	document	apis/openapi/parkwhiz.com/main/4.0.0/meta/import/input-entry.json	census 2	census.jsonl.gz
oauth2-password	candidate	apis/openapi/parkwhiz.com/main/4.0.0/meta/import/input-entry.json	census 2	census.jsonl.gz
oauth2-password	screen	apis/openapi/parkwhiz.com/main/4.0.0/meta/import/input-entry.json licence	failed	candidates.tsv
oauth2-password	screen	apis/openapi/parkwhiz.com/main/4.0.0/meta/import/input-entry.json ref	failed	candidates.tsv
oauth2-password	screen	apis/openapi/parkwhiz.com/main/4.0.0/meta/import/input-entry.json fern	not-run	candidates.tsv
oauth2-password	document	apis/openapi/parkwhiz.com/main/4.0.0/meta/import/output-bundle.json	census 2	census.jsonl.gz
oauth2-password	candidate	apis/openapi/parkwhiz.com/main/4.0.0/meta/import/output-bundle.json	census 2	census.jsonl.gz
oauth2-password	screen	apis/openapi/parkwhiz.com/main/4.0.0/meta/import/output-bundle.json licence	failed	candidates.tsv
oauth2-password	screen	apis/openapi/parkwhiz.com/main/4.0.0/meta/import/output-bundle.json ref	failed	candidates.tsv
oauth2-password	screen	apis/openapi/parkwhiz.com/main/4.0.0/meta/import/output-bundle.json fern	not-run	candidates.tsv
oauth2-password	document	apis/openapi/parkwhiz.com/main/4.0.0/meta/import/output-entry.json	census 2	census.jsonl.gz
oauth2-password	candidate	apis/openapi/parkwhiz.com/main/4.0.0/meta/import/output-entry.json	census 2	census.jsonl.gz
oauth2-password	screen	apis/openapi/parkwhiz.com/main/4.0.0/meta/import/output-entry.json licence	failed	candidates.tsv
oauth2-password	screen	apis/openapi/parkwhiz.com/main/4.0.0/meta/import/output-entry.json ref	failed	candidates.tsv
oauth2-password	screen	apis/openapi/parkwhiz.com/main/4.0.0/meta/import/output-entry.json fern	not-run	candidates.tsv
oauth2-password	document	apis/openapi/parkwhiz.com/main/4.0.0/openapi.json	census 2	census.jsonl.gz
oauth2-password	candidate	apis/openapi/parkwhiz.com/main/4.0.0/openapi.json	census 2	census.jsonl.gz
oauth2-password	screen	apis/openapi/parkwhiz.com/main/4.0.0/openapi.json licence	failed	candidates.tsv
oauth2-password	screen	apis/openapi/parkwhiz.com/main/4.0.0/openapi.json ref	failed	candidates.tsv
oauth2-password	screen	apis/openapi/parkwhiz.com/main/4.0.0/openapi.json fern	not-run	candidates.tsv
oauth2-password	document	apis/openapi/podio.com/main/2.0.0/meta/import/input-bundle.json	census 2	census.jsonl.gz
oauth2-password	candidate	apis/openapi/podio.com/main/2.0.0/meta/import/input-bundle.json	census 2	census.jsonl.gz
oauth2-password	screen	apis/openapi/podio.com/main/2.0.0/meta/import/input-bundle.json licence	failed	candidates.tsv
oauth2-password	screen	apis/openapi/podio.com/main/2.0.0/meta/import/input-bundle.json ref	failed	candidates.tsv
oauth2-password	screen	apis/openapi/podio.com/main/2.0.0/meta/import/input-bundle.json fern	not-run	candidates.tsv
oauth2-password	document	apis/openapi/podio.com/main/2.0.0/meta/import/input-entry.json	census 2	census.jsonl.gz
oauth2-password	candidate	apis/openapi/podio.com/main/2.0.0/meta/import/input-entry.json	census 2	census.jsonl.gz
oauth2-password	screen	apis/openapi/podio.com/main/2.0.0/meta/import/input-entry.json licence	failed	candidates.tsv
oauth2-password	screen	apis/openapi/podio.com/main/2.0.0/meta/import/input-entry.json ref	failed	candidates.tsv
oauth2-password	screen	apis/openapi/podio.com/main/2.0.0/meta/import/input-entry.json fern	not-run	candidates.tsv
oauth2-password	document	apis/openapi/podio.com/main/2.0.0/meta/import/output-bundle.json	census 2	census.jsonl.gz
oauth2-password	candidate	apis/openapi/podio.com/main/2.0.0/meta/import/output-bundle.json	census 2	census.jsonl.gz
oauth2-password	screen	apis/openapi/podio.com/main/2.0.0/meta/import/output-bundle.json licence	failed	candidates.tsv
oauth2-password	screen	apis/openapi/podio.com/main/2.0.0/meta/import/output-bundle.json ref	failed	candidates.tsv
oauth2-password	screen	apis/openapi/podio.com/main/2.0.0/meta/import/output-bundle.json fern	not-run	candidates.tsv
oauth2-password	document	apis/openapi/podio.com/main/2.0.0/meta/import/output-entry.json	census 2	census.jsonl.gz
oauth2-password	candidate	apis/openapi/podio.com/main/2.0.0/meta/import/output-entry.json	census 2	census.jsonl.gz
oauth2-password	screen	apis/openapi/podio.com/main/2.0.0/meta/import/output-entry.json licence	failed	candidates.tsv
oauth2-password	screen	apis/openapi/podio.com/main/2.0.0/meta/import/output-entry.json ref	failed	candidates.tsv
oauth2-password	screen	apis/openapi/podio.com/main/2.0.0/meta/import/output-entry.json fern	not-run	candidates.tsv
oauth2-password	document	apis/openapi/podio.com/main/2.0.0/openapi.json	census 2	census.jsonl.gz
oauth2-password	candidate	apis/openapi/podio.com/main/2.0.0/openapi.json	census 2	census.jsonl.gz
oauth2-password	screen	apis/openapi/podio.com/main/2.0.0/openapi.json licence	failed	candidates.tsv
oauth2-password	screen	apis/openapi/podio.com/main/2.0.0/openapi.json ref	failed	candidates.tsv
oauth2-password	screen	apis/openapi/podio.com/main/2.0.0/openapi.json fern	not-run	candidates.tsv
oauth2-password	document	apis/openapi/sandbox.volt.io/main/2024.04.11/meta/import/input-bundle.json	census 2	census.jsonl.gz
oauth2-password	candidate	apis/openapi/sandbox.volt.io/main/2024.04.11/meta/import/input-bundle.json	census 2	census.jsonl.gz
oauth2-password	screen	apis/openapi/sandbox.volt.io/main/2024.04.11/meta/import/input-bundle.json licence	failed	candidates.tsv
oauth2-password	screen	apis/openapi/sandbox.volt.io/main/2024.04.11/meta/import/input-bundle.json ref	failed	candidates.tsv
oauth2-password	screen	apis/openapi/sandbox.volt.io/main/2024.04.11/meta/import/input-bundle.json fern	not-run	candidates.tsv
oauth2-password	document	apis/openapi/sandbox.volt.io/main/2024.04.11/meta/import/input-entry.json	census 2	census.jsonl.gz
oauth2-password	candidate	apis/openapi/sandbox.volt.io/main/2024.04.11/meta/import/input-entry.json	census 2	census.jsonl.gz
oauth2-password	screen	apis/openapi/sandbox.volt.io/main/2024.04.11/meta/import/input-entry.json licence	failed	candidates.tsv
oauth2-password	screen	apis/openapi/sandbox.volt.io/main/2024.04.11/meta/import/input-entry.json ref	failed	candidates.tsv
oauth2-password	screen	apis/openapi/sandbox.volt.io/main/2024.04.11/meta/import/input-entry.json fern	not-run	candidates.tsv
oauth2-password	document	apis/openapi/sandbox.volt.io/main/2024.04.11/meta/import/output-bundle.json	census 2	census.jsonl.gz
oauth2-password	candidate	apis/openapi/sandbox.volt.io/main/2024.04.11/meta/import/output-bundle.json	census 2	census.jsonl.gz
oauth2-password	screen	apis/openapi/sandbox.volt.io/main/2024.04.11/meta/import/output-bundle.json licence	failed	candidates.tsv
oauth2-password	screen	apis/openapi/sandbox.volt.io/main/2024.04.11/meta/import/output-bundle.json ref	failed	candidates.tsv
oauth2-password	screen	apis/openapi/sandbox.volt.io/main/2024.04.11/meta/import/output-bundle.json fern	not-run	candidates.tsv
oauth2-password	document	apis/openapi/sandbox.volt.io/main/2024.04.11/meta/import/output-entry.json	census 2	census.jsonl.gz
oauth2-password	candidate	apis/openapi/sandbox.volt.io/main/2024.04.11/meta/import/output-entry.json	census 2	census.jsonl.gz
oauth2-password	screen	apis/openapi/sandbox.volt.io/main/2024.04.11/meta/import/output-entry.json licence	failed	candidates.tsv
oauth2-password	screen	apis/openapi/sandbox.volt.io/main/2024.04.11/meta/import/output-entry.json ref	failed	candidates.tsv
oauth2-password	screen	apis/openapi/sandbox.volt.io/main/2024.04.11/meta/import/output-entry.json fern	not-run	candidates.tsv
oauth2-password	document	apis/openapi/sandbox.volt.io/main/2024.04.11/openapi.json	census 2	census.jsonl.gz
oauth2-password	candidate	apis/openapi/sandbox.volt.io/main/2024.04.11/openapi.json	census 2	census.jsonl.gz
oauth2-password	screen	apis/openapi/sandbox.volt.io/main/2024.04.11/openapi.json licence	failed	candidates.tsv
oauth2-password	screen	apis/openapi/sandbox.volt.io/main/2024.04.11/openapi.json ref	failed	candidates.tsv
oauth2-password	screen	apis/openapi/sandbox.volt.io/main/2024.04.11/openapi.json fern	not-run	candidates.tsv
oauth2-password	document	apis/openapi/servicenow.com/main/1.0.0/meta/import/input-bundle.json	census 2	census.jsonl.gz
oauth2-password	candidate	apis/openapi/servicenow.com/main/1.0.0/meta/import/input-bundle.json	census 2	census.jsonl.gz
oauth2-password	screen	apis/openapi/servicenow.com/main/1.0.0/meta/import/input-bundle.json licence	failed	candidates.tsv
oauth2-password	screen	apis/openapi/servicenow.com/main/1.0.0/meta/import/input-bundle.json ref	failed	candidates.tsv
oauth2-password	screen	apis/openapi/servicenow.com/main/1.0.0/meta/import/input-bundle.json fern	not-run	candidates.tsv
oauth2-password	document	apis/openapi/servicenow.com/main/1.0.0/meta/import/input-entry.json	census 2	census.jsonl.gz
oauth2-password	candidate	apis/openapi/servicenow.com/main/1.0.0/meta/import/input-entry.json	census 2	census.jsonl.gz
oauth2-password	screen	apis/openapi/servicenow.com/main/1.0.0/meta/import/input-entry.json licence	failed	candidates.tsv
oauth2-password	screen	apis/openapi/servicenow.com/main/1.0.0/meta/import/input-entry.json ref	failed	candidates.tsv
oauth2-password	screen	apis/openapi/servicenow.com/main/1.0.0/meta/import/input-entry.json fern	not-run	candidates.tsv
oauth2-password	document	apis/openapi/servicenow.com/main/1.0.0/meta/import/output-bundle.json	census 2	census.jsonl.gz
oauth2-password	candidate	apis/openapi/servicenow.com/main/1.0.0/meta/import/output-bundle.json	census 2	census.jsonl.gz
oauth2-password	screen	apis/openapi/servicenow.com/main/1.0.0/meta/import/output-bundle.json licence	failed	candidates.tsv
oauth2-password	screen	apis/openapi/servicenow.com/main/1.0.0/meta/import/output-bundle.json ref	failed	candidates.tsv
oauth2-password	screen	apis/openapi/servicenow.com/main/1.0.0/meta/import/output-bundle.json fern	not-run	candidates.tsv
oauth2-password	document	apis/openapi/servicenow.com/main/1.0.0/meta/import/output-entry.json	census 2	census.jsonl.gz
oauth2-password	candidate	apis/openapi/servicenow.com/main/1.0.0/meta/import/output-entry.json	census 2	census.jsonl.gz
oauth2-password	screen	apis/openapi/servicenow.com/main/1.0.0/meta/import/output-entry.json licence	failed	candidates.tsv
oauth2-password	screen	apis/openapi/servicenow.com/main/1.0.0/meta/import/output-entry.json ref	failed	candidates.tsv
oauth2-password	screen	apis/openapi/servicenow.com/main/1.0.0/meta/import/output-entry.json fern	not-run	candidates.tsv
oauth2-password	document	apis/openapi/servicenow.com/main/1.0.0/openapi.json	census 2	census.jsonl.gz
oauth2-password	candidate	apis/openapi/servicenow.com/main/1.0.0/openapi.json	census 2	census.jsonl.gz
oauth2-password	screen	apis/openapi/servicenow.com/main/1.0.0/openapi.json licence	failed	candidates.tsv
oauth2-password	screen	apis/openapi/servicenow.com/main/1.0.0/openapi.json ref	failed	candidates.tsv
oauth2-password	screen	apis/openapi/servicenow.com/main/1.0.0/openapi.json fern	not-run	candidates.tsv
oauth2-password	document	apis/openapi/staatic.com/main/1.0.2/meta/import/input-bundle.json	census 2	census.jsonl.gz
oauth2-password	candidate	apis/openapi/staatic.com/main/1.0.2/meta/import/input-bundle.json	census 2	census.jsonl.gz
oauth2-password	screen	apis/openapi/staatic.com/main/1.0.2/meta/import/input-bundle.json licence	failed	candidates.tsv
oauth2-password	screen	apis/openapi/staatic.com/main/1.0.2/meta/import/input-bundle.json ref	failed	candidates.tsv
oauth2-password	screen	apis/openapi/staatic.com/main/1.0.2/meta/import/input-bundle.json fern	not-run	candidates.tsv
oauth2-password	document	apis/openapi/staatic.com/main/1.0.2/meta/import/input-entry.json	census 2	census.jsonl.gz
oauth2-password	candidate	apis/openapi/staatic.com/main/1.0.2/meta/import/input-entry.json	census 2	census.jsonl.gz
oauth2-password	screen	apis/openapi/staatic.com/main/1.0.2/meta/import/input-entry.json licence	failed	candidates.tsv
oauth2-password	screen	apis/openapi/staatic.com/main/1.0.2/meta/import/input-entry.json ref	failed	candidates.tsv
oauth2-password	screen	apis/openapi/staatic.com/main/1.0.2/meta/import/input-entry.json fern	not-run	candidates.tsv
oauth2-password	document	apis/openapi/staatic.com/main/1.0.2/meta/import/output-bundle.json	census 2	census.jsonl.gz
oauth2-password	candidate	apis/openapi/staatic.com/main/1.0.2/meta/import/output-bundle.json	census 2	census.jsonl.gz
oauth2-password	screen	apis/openapi/staatic.com/main/1.0.2/meta/import/output-bundle.json licence	failed	candidates.tsv
oauth2-password	screen	apis/openapi/staatic.com/main/1.0.2/meta/import/output-bundle.json ref	failed	candidates.tsv
oauth2-password	screen	apis/openapi/staatic.com/main/1.0.2/meta/import/output-bundle.json fern	not-run	candidates.tsv
oauth2-password	document	apis/openapi/staatic.com/main/1.0.2/meta/import/output-entry.json	census 2	census.jsonl.gz
oauth2-password	candidate	apis/openapi/staatic.com/main/1.0.2/meta/import/output-entry.json	census 2	census.jsonl.gz
oauth2-password	screen	apis/openapi/staatic.com/main/1.0.2/meta/import/output-entry.json licence	failed	candidates.tsv
oauth2-password	screen	apis/openapi/staatic.com/main/1.0.2/meta/import/output-entry.json ref	failed	candidates.tsv
oauth2-password	screen	apis/openapi/staatic.com/main/1.0.2/meta/import/output-entry.json fern	not-run	candidates.tsv
oauth2-password	document	apis/openapi/staatic.com/main/1.0.2/openapi.json	census 2	census.jsonl.gz
oauth2-password	candidate	apis/openapi/staatic.com/main/1.0.2/openapi.json	census 2	census.jsonl.gz
oauth2-password	screen	apis/openapi/staatic.com/main/1.0.2/openapi.json licence	failed	candidates.tsv
oauth2-password	screen	apis/openapi/staatic.com/main/1.0.2/openapi.json ref	failed	candidates.tsv
oauth2-password	screen	apis/openapi/staatic.com/main/1.0.2/openapi.json fern	not-run	candidates.tsv
oauth2-password	document	apis/openapi/sugarcrm.com/main/14.2/meta/import/input-bundle.json	census 2	census.jsonl.gz
oauth2-password	candidate	apis/openapi/sugarcrm.com/main/14.2/meta/import/input-bundle.json	census 2	census.jsonl.gz
oauth2-password	screen	apis/openapi/sugarcrm.com/main/14.2/meta/import/input-bundle.json licence	failed	candidates.tsv
oauth2-password	screen	apis/openapi/sugarcrm.com/main/14.2/meta/import/input-bundle.json ref	failed	candidates.tsv
oauth2-password	screen	apis/openapi/sugarcrm.com/main/14.2/meta/import/input-bundle.json fern	not-run	candidates.tsv
oauth2-password	document	apis/openapi/sugarcrm.com/main/14.2/meta/import/input-entry.json	census 2	census.jsonl.gz
oauth2-password	candidate	apis/openapi/sugarcrm.com/main/14.2/meta/import/input-entry.json	census 2	census.jsonl.gz
oauth2-password	screen	apis/openapi/sugarcrm.com/main/14.2/meta/import/input-entry.json licence	failed	candidates.tsv
oauth2-password	screen	apis/openapi/sugarcrm.com/main/14.2/meta/import/input-entry.json ref	failed	candidates.tsv
oauth2-password	screen	apis/openapi/sugarcrm.com/main/14.2/meta/import/input-entry.json fern	not-run	candidates.tsv
oauth2-password	document	apis/openapi/sugarcrm.com/main/14.2/meta/import/output-bundle.json	census 2	census.jsonl.gz
oauth2-password	candidate	apis/openapi/sugarcrm.com/main/14.2/meta/import/output-bundle.json	census 2	census.jsonl.gz
oauth2-password	screen	apis/openapi/sugarcrm.com/main/14.2/meta/import/output-bundle.json licence	failed	candidates.tsv
oauth2-password	screen	apis/openapi/sugarcrm.com/main/14.2/meta/import/output-bundle.json ref	failed	candidates.tsv
oauth2-password	screen	apis/openapi/sugarcrm.com/main/14.2/meta/import/output-bundle.json fern	not-run	candidates.tsv
oauth2-password	document	apis/openapi/sugarcrm.com/main/14.2/meta/import/output-entry.json	census 2	census.jsonl.gz
oauth2-password	candidate	apis/openapi/sugarcrm.com/main/14.2/meta/import/output-entry.json	census 2	census.jsonl.gz
oauth2-password	screen	apis/openapi/sugarcrm.com/main/14.2/meta/import/output-entry.json licence	failed	candidates.tsv
oauth2-password	screen	apis/openapi/sugarcrm.com/main/14.2/meta/import/output-entry.json ref	failed	candidates.tsv
oauth2-password	screen	apis/openapi/sugarcrm.com/main/14.2/meta/import/output-entry.json fern	not-run	candidates.tsv
oauth2-password	document	apis/openapi/sugarcrm.com/main/14.2/openapi.json	census 2	census.jsonl.gz
oauth2-password	candidate	apis/openapi/sugarcrm.com/main/14.2/openapi.json	census 2	census.jsonl.gz
oauth2-password	screen	apis/openapi/sugarcrm.com/main/14.2/openapi.json licence	failed	candidates.tsv
oauth2-password	screen	apis/openapi/sugarcrm.com/main/14.2/openapi.json ref	failed	candidates.tsv
oauth2-password	screen	apis/openapi/sugarcrm.com/main/14.2/openapi.json fern	not-run	candidates.tsv
oauth2-password	document	apis/openapi/swaggerhub.adas-a2b-services/adas-a2b-datahub/1.2.0/meta/import/input-bundle.json	census 2	census.jsonl.gz
oauth2-password	candidate	apis/openapi/swaggerhub.adas-a2b-services/adas-a2b-datahub/1.2.0/meta/import/input-bundle.json	census 2	census.jsonl.gz
oauth2-password	screen	apis/openapi/swaggerhub.adas-a2b-services/adas-a2b-datahub/1.2.0/meta/import/input-bundle.json licence	failed	candidates.tsv
oauth2-password	screen	apis/openapi/swaggerhub.adas-a2b-services/adas-a2b-datahub/1.2.0/meta/import/input-bundle.json ref	failed	candidates.tsv
oauth2-password	screen	apis/openapi/swaggerhub.adas-a2b-services/adas-a2b-datahub/1.2.0/meta/import/input-bundle.json fern	not-run	candidates.tsv
oauth2-password	document	apis/openapi/swaggerhub.adas-a2b-services/adas-a2b-datahub/1.2.0/meta/import/input-entry.json	census 2	census.jsonl.gz
oauth2-password	candidate	apis/openapi/swaggerhub.adas-a2b-services/adas-a2b-datahub/1.2.0/meta/import/input-entry.json	census 2	census.jsonl.gz
oauth2-password	screen	apis/openapi/swaggerhub.adas-a2b-services/adas-a2b-datahub/1.2.0/meta/import/input-entry.json licence	failed	candidates.tsv
oauth2-password	screen	apis/openapi/swaggerhub.adas-a2b-services/adas-a2b-datahub/1.2.0/meta/import/input-entry.json ref	failed	candidates.tsv
oauth2-password	screen	apis/openapi/swaggerhub.adas-a2b-services/adas-a2b-datahub/1.2.0/meta/import/input-entry.json fern	not-run	candidates.tsv
oauth2-password	document	apis/openapi/swaggerhub.adas-a2b-services/adas-a2b-datahub/1.2.0/meta/import/output-bundle.json	census 2	census.jsonl.gz
oauth2-password	candidate	apis/openapi/swaggerhub.adas-a2b-services/adas-a2b-datahub/1.2.0/meta/import/output-bundle.json	census 2	census.jsonl.gz
oauth2-password	screen	apis/openapi/swaggerhub.adas-a2b-services/adas-a2b-datahub/1.2.0/meta/import/output-bundle.json licence	failed	candidates.tsv
oauth2-password	screen	apis/openapi/swaggerhub.adas-a2b-services/adas-a2b-datahub/1.2.0/meta/import/output-bundle.json ref	failed	candidates.tsv
oauth2-password	screen	apis/openapi/swaggerhub.adas-a2b-services/adas-a2b-datahub/1.2.0/meta/import/output-bundle.json fern	not-run	candidates.tsv
oauth2-password	document	apis/openapi/swaggerhub.adas-a2b-services/adas-a2b-datahub/1.2.0/meta/import/output-entry.json	census 2	census.jsonl.gz
oauth2-password	candidate	apis/openapi/swaggerhub.adas-a2b-services/adas-a2b-datahub/1.2.0/meta/import/output-entry.json	census 2	census.jsonl.gz
oauth2-password	screen	apis/openapi/swaggerhub.adas-a2b-services/adas-a2b-datahub/1.2.0/meta/import/output-entry.json licence	failed	candidates.tsv
oauth2-password	screen	apis/openapi/swaggerhub.adas-a2b-services/adas-a2b-datahub/1.2.0/meta/import/output-entry.json ref	failed	candidates.tsv
oauth2-password	screen	apis/openapi/swaggerhub.adas-a2b-services/adas-a2b-datahub/1.2.0/meta/import/output-entry.json fern	not-run	candidates.tsv
oauth2-password	document	apis/openapi/swaggerhub.adas-a2b-services/adas-a2b-datahub/1.2.0/openapi.json	census 2	census.jsonl.gz
oauth2-password	candidate	apis/openapi/swaggerhub.adas-a2b-services/adas-a2b-datahub/1.2.0/openapi.json	census 2	census.jsonl.gz
oauth2-password	screen	apis/openapi/swaggerhub.adas-a2b-services/adas-a2b-datahub/1.2.0/openapi.json licence	failed	candidates.tsv
oauth2-password	screen	apis/openapi/swaggerhub.adas-a2b-services/adas-a2b-datahub/1.2.0/openapi.json ref	failed	candidates.tsv
oauth2-password	screen	apis/openapi/swaggerhub.adas-a2b-services/adas-a2b-datahub/1.2.0/openapi.json fern	not-run	candidates.tsv
oauth2-password	document	apis/openapi/swaggerhub.anexya/ax-public-api/1.42.18/meta/import/input-bundle.json	census 2	census.jsonl.gz
oauth2-password	candidate	apis/openapi/swaggerhub.anexya/ax-public-api/1.42.18/meta/import/input-bundle.json	census 2	census.jsonl.gz
oauth2-password	screen	apis/openapi/swaggerhub.anexya/ax-public-api/1.42.18/meta/import/input-bundle.json licence	failed	candidates.tsv
oauth2-password	screen	apis/openapi/swaggerhub.anexya/ax-public-api/1.42.18/meta/import/input-bundle.json ref	failed	candidates.tsv
oauth2-password	screen	apis/openapi/swaggerhub.anexya/ax-public-api/1.42.18/meta/import/input-bundle.json fern	not-run	candidates.tsv
oauth2-password	document	apis/openapi/swaggerhub.anexya/ax-public-api/1.42.18/meta/import/input-entry.json	census 2	census.jsonl.gz
oauth2-password	candidate	apis/openapi/swaggerhub.anexya/ax-public-api/1.42.18/meta/import/input-entry.json	census 2	census.jsonl.gz
oauth2-password	screen	apis/openapi/swaggerhub.anexya/ax-public-api/1.42.18/meta/import/input-entry.json licence	failed	candidates.tsv
oauth2-password	screen	apis/openapi/swaggerhub.anexya/ax-public-api/1.42.18/meta/import/input-entry.json ref	failed	candidates.tsv
oauth2-password	screen	apis/openapi/swaggerhub.anexya/ax-public-api/1.42.18/meta/import/input-entry.json fern	not-run	candidates.tsv
oauth2-password	document	apis/openapi/swaggerhub.anexya/ax-public-api/1.42.18/meta/import/output-bundle.json	census 2	census.jsonl.gz
oauth2-password	candidate	apis/openapi/swaggerhub.anexya/ax-public-api/1.42.18/meta/import/output-bundle.json	census 2	census.jsonl.gz
oauth2-password	screen	apis/openapi/swaggerhub.anexya/ax-public-api/1.42.18/meta/import/output-bundle.json licence	failed	candidates.tsv
oauth2-password	screen	apis/openapi/swaggerhub.anexya/ax-public-api/1.42.18/meta/import/output-bundle.json ref	failed	candidates.tsv
oauth2-password	screen	apis/openapi/swaggerhub.anexya/ax-public-api/1.42.18/meta/import/output-bundle.json fern	not-run	candidates.tsv
oauth2-password	document	apis/openapi/swaggerhub.anexya/ax-public-api/1.42.18/meta/import/output-entry.json	census 2	census.jsonl.gz
oauth2-password	candidate	apis/openapi/swaggerhub.anexya/ax-public-api/1.42.18/meta/import/output-entry.json	census 2	census.jsonl.gz
oauth2-password	screen	apis/openapi/swaggerhub.anexya/ax-public-api/1.42.18/meta/import/output-entry.json licence	failed	candidates.tsv
oauth2-password	screen	apis/openapi/swaggerhub.anexya/ax-public-api/1.42.18/meta/import/output-entry.json ref	failed	candidates.tsv
oauth2-password	screen	apis/openapi/swaggerhub.anexya/ax-public-api/1.42.18/meta/import/output-entry.json fern	not-run	candidates.tsv
oauth2-password	document	apis/openapi/swaggerhub.anexya/ax-public-api/1.42.18/openapi.json	census 2	census.jsonl.gz
oauth2-password	candidate	apis/openapi/swaggerhub.anexya/ax-public-api/1.42.18/openapi.json	census 2	census.jsonl.gz
oauth2-password	screen	apis/openapi/swaggerhub.anexya/ax-public-api/1.42.18/openapi.json licence	failed	candidates.tsv
oauth2-password	screen	apis/openapi/swaggerhub.anexya/ax-public-api/1.42.18/openapi.json ref	failed	candidates.tsv
oauth2-password	screen	apis/openapi/swaggerhub.anexya/ax-public-api/1.42.18/openapi.json fern	not-run	candidates.tsv
oauth2-password	document	apis/openapi/swaggerhub.cloudappi/api-taya-sync/1.0.0/meta/import/input-bundle.json	census 2	census.jsonl.gz
oauth2-password	candidate	apis/openapi/swaggerhub.cloudappi/api-taya-sync/1.0.0/meta/import/input-bundle.json	census 2	census.jsonl.gz
oauth2-password	screen	apis/openapi/swaggerhub.cloudappi/api-taya-sync/1.0.0/meta/import/input-bundle.json licence	passed	candidates.tsv
oauth2-password	screen	apis/openapi/swaggerhub.cloudappi/api-taya-sync/1.0.0/meta/import/input-bundle.json ref	failed	candidates.tsv
oauth2-password	screen	apis/openapi/swaggerhub.cloudappi/api-taya-sync/1.0.0/meta/import/input-bundle.json fern	not-run	candidates.tsv
oauth2-password	document	apis/openapi/swaggerhub.cloudappi/api-taya-sync/1.0.0/meta/import/input-entry.json	census 2	census.jsonl.gz
oauth2-password	candidate	apis/openapi/swaggerhub.cloudappi/api-taya-sync/1.0.0/meta/import/input-entry.json	census 2	census.jsonl.gz
oauth2-password	screen	apis/openapi/swaggerhub.cloudappi/api-taya-sync/1.0.0/meta/import/input-entry.json licence	passed	candidates.tsv
oauth2-password	screen	apis/openapi/swaggerhub.cloudappi/api-taya-sync/1.0.0/meta/import/input-entry.json ref	failed	candidates.tsv
oauth2-password	screen	apis/openapi/swaggerhub.cloudappi/api-taya-sync/1.0.0/meta/import/input-entry.json fern	not-run	candidates.tsv
oauth2-password	document	apis/openapi/swaggerhub.cloudappi/api-taya-sync/1.0.0/meta/import/output-bundle.json	census 2	census.jsonl.gz
oauth2-password	candidate	apis/openapi/swaggerhub.cloudappi/api-taya-sync/1.0.0/meta/import/output-bundle.json	census 2	census.jsonl.gz
oauth2-password	screen	apis/openapi/swaggerhub.cloudappi/api-taya-sync/1.0.0/meta/import/output-bundle.json licence	passed	candidates.tsv
oauth2-password	screen	apis/openapi/swaggerhub.cloudappi/api-taya-sync/1.0.0/meta/import/output-bundle.json ref	failed	candidates.tsv
oauth2-password	screen	apis/openapi/swaggerhub.cloudappi/api-taya-sync/1.0.0/meta/import/output-bundle.json fern	not-run	candidates.tsv
oauth2-password	document	apis/openapi/swaggerhub.cloudappi/api-taya-sync/1.0.0/meta/import/output-entry.json	census 2	census.jsonl.gz
oauth2-password	candidate	apis/openapi/swaggerhub.cloudappi/api-taya-sync/1.0.0/meta/import/output-entry.json	census 2	census.jsonl.gz
oauth2-password	screen	apis/openapi/swaggerhub.cloudappi/api-taya-sync/1.0.0/meta/import/output-entry.json licence	passed	candidates.tsv
oauth2-password	screen	apis/openapi/swaggerhub.cloudappi/api-taya-sync/1.0.0/meta/import/output-entry.json ref	failed	candidates.tsv
oauth2-password	screen	apis/openapi/swaggerhub.cloudappi/api-taya-sync/1.0.0/meta/import/output-entry.json fern	not-run	candidates.tsv
oauth2-password	document	apis/openapi/swaggerhub.cloudappi/api-taya-sync/1.0.0/openapi.json	census 2	census.jsonl.gz
oauth2-password	candidate	apis/openapi/swaggerhub.cloudappi/api-taya-sync/1.0.0/openapi.json	census 2	census.jsonl.gz
oauth2-password	screen	apis/openapi/swaggerhub.cloudappi/api-taya-sync/1.0.0/openapi.json licence	passed	candidates.tsv
oauth2-password	screen	apis/openapi/swaggerhub.cloudappi/api-taya-sync/1.0.0/openapi.json ref	failed	candidates.tsv
oauth2-password	screen	apis/openapi/swaggerhub.cloudappi/api-taya-sync/1.0.0/openapi.json fern	not-run	candidates.tsv
oauth2-password	document	apis/openapi/swaggerhub.expdemo/accessmanagement/1.0.0/meta/import/input-bundle.json	census 2	census.jsonl.gz
oauth2-password	candidate	apis/openapi/swaggerhub.expdemo/accessmanagement/1.0.0/meta/import/input-bundle.json	census 2	census.jsonl.gz
oauth2-password	screen	apis/openapi/swaggerhub.expdemo/accessmanagement/1.0.0/meta/import/input-bundle.json licence	failed	candidates.tsv
oauth2-password	screen	apis/openapi/swaggerhub.expdemo/accessmanagement/1.0.0/meta/import/input-bundle.json ref	failed	candidates.tsv
oauth2-password	screen	apis/openapi/swaggerhub.expdemo/accessmanagement/1.0.0/meta/import/input-bundle.json fern	not-run	candidates.tsv
oauth2-password	document	apis/openapi/swaggerhub.expdemo/accessmanagement/1.0.0/meta/import/input-entry.json	census 2	census.jsonl.gz
oauth2-password	candidate	apis/openapi/swaggerhub.expdemo/accessmanagement/1.0.0/meta/import/input-entry.json	census 2	census.jsonl.gz
oauth2-password	screen	apis/openapi/swaggerhub.expdemo/accessmanagement/1.0.0/meta/import/input-entry.json licence	failed	candidates.tsv
oauth2-password	screen	apis/openapi/swaggerhub.expdemo/accessmanagement/1.0.0/meta/import/input-entry.json ref	failed	candidates.tsv
oauth2-password	screen	apis/openapi/swaggerhub.expdemo/accessmanagement/1.0.0/meta/import/input-entry.json fern	not-run	candidates.tsv
oauth2-password	document	apis/openapi/swaggerhub.expdemo/accessmanagement/1.0.0/meta/import/output-bundle.json	census 2	census.jsonl.gz
oauth2-password	candidate	apis/openapi/swaggerhub.expdemo/accessmanagement/1.0.0/meta/import/output-bundle.json	census 2	census.jsonl.gz
oauth2-password	screen	apis/openapi/swaggerhub.expdemo/accessmanagement/1.0.0/meta/import/output-bundle.json licence	failed	candidates.tsv
oauth2-password	screen	apis/openapi/swaggerhub.expdemo/accessmanagement/1.0.0/meta/import/output-bundle.json ref	failed	candidates.tsv
oauth2-password	screen	apis/openapi/swaggerhub.expdemo/accessmanagement/1.0.0/meta/import/output-bundle.json fern	not-run	candidates.tsv
oauth2-password	document	apis/openapi/swaggerhub.expdemo/accessmanagement/1.0.0/meta/import/output-entry.json	census 2	census.jsonl.gz
oauth2-password	candidate	apis/openapi/swaggerhub.expdemo/accessmanagement/1.0.0/meta/import/output-entry.json	census 2	census.jsonl.gz
oauth2-password	screen	apis/openapi/swaggerhub.expdemo/accessmanagement/1.0.0/meta/import/output-entry.json licence	failed	candidates.tsv
oauth2-password	screen	apis/openapi/swaggerhub.expdemo/accessmanagement/1.0.0/meta/import/output-entry.json ref	failed	candidates.tsv
oauth2-password	screen	apis/openapi/swaggerhub.expdemo/accessmanagement/1.0.0/meta/import/output-entry.json fern	not-run	candidates.tsv
oauth2-password	document	apis/openapi/swaggerhub.expdemo/accessmanagement/1.0.0/openapi.json	census 2	census.jsonl.gz
oauth2-password	candidate	apis/openapi/swaggerhub.expdemo/accessmanagement/1.0.0/openapi.json	census 2	census.jsonl.gz
oauth2-password	screen	apis/openapi/swaggerhub.expdemo/accessmanagement/1.0.0/openapi.json licence	failed	candidates.tsv
oauth2-password	screen	apis/openapi/swaggerhub.expdemo/accessmanagement/1.0.0/openapi.json ref	failed	candidates.tsv
oauth2-password	screen	apis/openapi/swaggerhub.expdemo/accessmanagement/1.0.0/openapi.json fern	not-run	candidates.tsv
oauth2-password	document	apis/openapi/swaggerhub.gmf-tech/bidbr-middleware-auction-apis/1.0.4/meta/import/input-bundle.json	census 2	census.jsonl.gz
oauth2-password	candidate	apis/openapi/swaggerhub.gmf-tech/bidbr-middleware-auction-apis/1.0.4/meta/import/input-bundle.json	census 2	census.jsonl.gz
oauth2-password	screen	apis/openapi/swaggerhub.gmf-tech/bidbr-middleware-auction-apis/1.0.4/meta/import/input-bundle.json licence	passed	candidates.tsv
oauth2-password	screen	apis/openapi/swaggerhub.gmf-tech/bidbr-middleware-auction-apis/1.0.4/meta/import/input-bundle.json ref	failed	candidates.tsv
oauth2-password	screen	apis/openapi/swaggerhub.gmf-tech/bidbr-middleware-auction-apis/1.0.4/meta/import/input-bundle.json fern	not-run	candidates.tsv
oauth2-password	document	apis/openapi/swaggerhub.gmf-tech/bidbr-middleware-auction-apis/1.0.4/meta/import/input-entry.json	census 2	census.jsonl.gz
oauth2-password	candidate	apis/openapi/swaggerhub.gmf-tech/bidbr-middleware-auction-apis/1.0.4/meta/import/input-entry.json	census 2	census.jsonl.gz
oauth2-password	screen	apis/openapi/swaggerhub.gmf-tech/bidbr-middleware-auction-apis/1.0.4/meta/import/input-entry.json licence	passed	candidates.tsv
oauth2-password	screen	apis/openapi/swaggerhub.gmf-tech/bidbr-middleware-auction-apis/1.0.4/meta/import/input-entry.json ref	failed	candidates.tsv
oauth2-password	screen	apis/openapi/swaggerhub.gmf-tech/bidbr-middleware-auction-apis/1.0.4/meta/import/input-entry.json fern	not-run	candidates.tsv
oauth2-password	document	apis/openapi/swaggerhub.gmf-tech/bidbr-middleware-auction-apis/1.0.4/meta/import/output-bundle.json	census 2	census.jsonl.gz
oauth2-password	candidate	apis/openapi/swaggerhub.gmf-tech/bidbr-middleware-auction-apis/1.0.4/meta/import/output-bundle.json	census 2	census.jsonl.gz
oauth2-password	screen	apis/openapi/swaggerhub.gmf-tech/bidbr-middleware-auction-apis/1.0.4/meta/import/output-bundle.json licence	passed	candidates.tsv
oauth2-password	screen	apis/openapi/swaggerhub.gmf-tech/bidbr-middleware-auction-apis/1.0.4/meta/import/output-bundle.json ref	failed	candidates.tsv
oauth2-password	screen	apis/openapi/swaggerhub.gmf-tech/bidbr-middleware-auction-apis/1.0.4/meta/import/output-bundle.json fern	not-run	candidates.tsv
oauth2-password	document	apis/openapi/swaggerhub.gmf-tech/bidbr-middleware-auction-apis/1.0.4/meta/import/output-entry.json	census 2	census.jsonl.gz
oauth2-password	candidate	apis/openapi/swaggerhub.gmf-tech/bidbr-middleware-auction-apis/1.0.4/meta/import/output-entry.json	census 2	census.jsonl.gz
oauth2-password	screen	apis/openapi/swaggerhub.gmf-tech/bidbr-middleware-auction-apis/1.0.4/meta/import/output-entry.json licence	passed	candidates.tsv
oauth2-password	screen	apis/openapi/swaggerhub.gmf-tech/bidbr-middleware-auction-apis/1.0.4/meta/import/output-entry.json ref	failed	candidates.tsv
oauth2-password	screen	apis/openapi/swaggerhub.gmf-tech/bidbr-middleware-auction-apis/1.0.4/meta/import/output-entry.json fern	not-run	candidates.tsv
oauth2-password	document	apis/openapi/swaggerhub.gmf-tech/bidbr-middleware-auction-apis/1.0.4/openapi.json	census 2	census.jsonl.gz
oauth2-password	candidate	apis/openapi/swaggerhub.gmf-tech/bidbr-middleware-auction-apis/1.0.4/openapi.json	census 2	census.jsonl.gz
oauth2-password	screen	apis/openapi/swaggerhub.gmf-tech/bidbr-middleware-auction-apis/1.0.4/openapi.json licence	passed	candidates.tsv
oauth2-password	screen	apis/openapi/swaggerhub.gmf-tech/bidbr-middleware-auction-apis/1.0.4/openapi.json ref	failed	candidates.tsv
oauth2-password	screen	apis/openapi/swaggerhub.gmf-tech/bidbr-middleware-auction-apis/1.0.4/openapi.json fern	not-run	candidates.tsv
oauth2-password	document	apis/openapi/swaggerhub.gmf-tech/bidbr-middleware-bids-apis/1.0.1/meta/import/input-bundle.json	census 2	census.jsonl.gz
oauth2-password	candidate	apis/openapi/swaggerhub.gmf-tech/bidbr-middleware-bids-apis/1.0.1/meta/import/input-bundle.json	census 2	census.jsonl.gz
oauth2-password	screen	apis/openapi/swaggerhub.gmf-tech/bidbr-middleware-bids-apis/1.0.1/meta/import/input-bundle.json licence	passed	candidates.tsv
oauth2-password	screen	apis/openapi/swaggerhub.gmf-tech/bidbr-middleware-bids-apis/1.0.1/meta/import/input-bundle.json ref	failed	candidates.tsv
oauth2-password	screen	apis/openapi/swaggerhub.gmf-tech/bidbr-middleware-bids-apis/1.0.1/meta/import/input-bundle.json fern	not-run	candidates.tsv
oauth2-password	document	apis/openapi/swaggerhub.gmf-tech/bidbr-middleware-bids-apis/1.0.1/meta/import/input-entry.json	census 2	census.jsonl.gz
oauth2-password	candidate	apis/openapi/swaggerhub.gmf-tech/bidbr-middleware-bids-apis/1.0.1/meta/import/input-entry.json	census 2	census.jsonl.gz
oauth2-password	screen	apis/openapi/swaggerhub.gmf-tech/bidbr-middleware-bids-apis/1.0.1/meta/import/input-entry.json licence	passed	candidates.tsv
oauth2-password	screen	apis/openapi/swaggerhub.gmf-tech/bidbr-middleware-bids-apis/1.0.1/meta/import/input-entry.json ref	failed	candidates.tsv
oauth2-password	screen	apis/openapi/swaggerhub.gmf-tech/bidbr-middleware-bids-apis/1.0.1/meta/import/input-entry.json fern	not-run	candidates.tsv
oauth2-password	document	apis/openapi/swaggerhub.gmf-tech/bidbr-middleware-bids-apis/1.0.1/meta/import/output-bundle.json	census 2	census.jsonl.gz
oauth2-password	candidate	apis/openapi/swaggerhub.gmf-tech/bidbr-middleware-bids-apis/1.0.1/meta/import/output-bundle.json	census 2	census.jsonl.gz
oauth2-password	screen	apis/openapi/swaggerhub.gmf-tech/bidbr-middleware-bids-apis/1.0.1/meta/import/output-bundle.json licence	passed	candidates.tsv
oauth2-password	screen	apis/openapi/swaggerhub.gmf-tech/bidbr-middleware-bids-apis/1.0.1/meta/import/output-bundle.json ref	failed	candidates.tsv
oauth2-password	screen	apis/openapi/swaggerhub.gmf-tech/bidbr-middleware-bids-apis/1.0.1/meta/import/output-bundle.json fern	not-run	candidates.tsv
oauth2-password	document	apis/openapi/swaggerhub.gmf-tech/bidbr-middleware-bids-apis/1.0.1/meta/import/output-entry.json	census 2	census.jsonl.gz
oauth2-password	candidate	apis/openapi/swaggerhub.gmf-tech/bidbr-middleware-bids-apis/1.0.1/meta/import/output-entry.json	census 2	census.jsonl.gz
oauth2-password	screen	apis/openapi/swaggerhub.gmf-tech/bidbr-middleware-bids-apis/1.0.1/meta/import/output-entry.json licence	passed	candidates.tsv
oauth2-password	screen	apis/openapi/swaggerhub.gmf-tech/bidbr-middleware-bids-apis/1.0.1/meta/import/output-entry.json ref	failed	candidates.tsv
oauth2-password	screen	apis/openapi/swaggerhub.gmf-tech/bidbr-middleware-bids-apis/1.0.1/meta/import/output-entry.json fern	not-run	candidates.tsv
oauth2-password	document	apis/openapi/swaggerhub.gmf-tech/bidbr-middleware-bids-apis/1.0.1/openapi.json	census 2	census.jsonl.gz
oauth2-password	candidate	apis/openapi/swaggerhub.gmf-tech/bidbr-middleware-bids-apis/1.0.1/openapi.json	census 2	census.jsonl.gz
oauth2-password	screen	apis/openapi/swaggerhub.gmf-tech/bidbr-middleware-bids-apis/1.0.1/openapi.json licence	passed	candidates.tsv
oauth2-password	screen	apis/openapi/swaggerhub.gmf-tech/bidbr-middleware-bids-apis/1.0.1/openapi.json ref	failed	candidates.tsv
oauth2-password	screen	apis/openapi/swaggerhub.gmf-tech/bidbr-middleware-bids-apis/1.0.1/openapi.json fern	not-run	candidates.tsv
oauth2-password	document	apis/openapi/swaggerhub.gmf-tech/bidbr-middleware-collector-apis/1.0.8/meta/import/input-bundle.json	census 2	census.jsonl.gz
oauth2-password	candidate	apis/openapi/swaggerhub.gmf-tech/bidbr-middleware-collector-apis/1.0.8/meta/import/input-bundle.json	census 2	census.jsonl.gz
oauth2-password	screen	apis/openapi/swaggerhub.gmf-tech/bidbr-middleware-collector-apis/1.0.8/meta/import/input-bundle.json licence	passed	candidates.tsv
oauth2-password	screen	apis/openapi/swaggerhub.gmf-tech/bidbr-middleware-collector-apis/1.0.8/meta/import/input-bundle.json ref	failed	candidates.tsv
oauth2-password	screen	apis/openapi/swaggerhub.gmf-tech/bidbr-middleware-collector-apis/1.0.8/meta/import/input-bundle.json fern	not-run	candidates.tsv
oauth2-password	document	apis/openapi/swaggerhub.gmf-tech/bidbr-middleware-collector-apis/1.0.8/meta/import/input-entry.json	census 2	census.jsonl.gz
oauth2-password	candidate	apis/openapi/swaggerhub.gmf-tech/bidbr-middleware-collector-apis/1.0.8/meta/import/input-entry.json	census 2	census.jsonl.gz
oauth2-password	screen	apis/openapi/swaggerhub.gmf-tech/bidbr-middleware-collector-apis/1.0.8/meta/import/input-entry.json licence	passed	candidates.tsv
oauth2-password	screen	apis/openapi/swaggerhub.gmf-tech/bidbr-middleware-collector-apis/1.0.8/meta/import/input-entry.json ref	failed	candidates.tsv
oauth2-password	screen	apis/openapi/swaggerhub.gmf-tech/bidbr-middleware-collector-apis/1.0.8/meta/import/input-entry.json fern	not-run	candidates.tsv
oauth2-password	document	apis/openapi/swaggerhub.gmf-tech/bidbr-middleware-collector-apis/1.0.8/meta/import/output-bundle.json	census 2	census.jsonl.gz
oauth2-password	candidate	apis/openapi/swaggerhub.gmf-tech/bidbr-middleware-collector-apis/1.0.8/meta/import/output-bundle.json	census 2	census.jsonl.gz
oauth2-password	screen	apis/openapi/swaggerhub.gmf-tech/bidbr-middleware-collector-apis/1.0.8/meta/import/output-bundle.json licence	passed	candidates.tsv
oauth2-password	screen	apis/openapi/swaggerhub.gmf-tech/bidbr-middleware-collector-apis/1.0.8/meta/import/output-bundle.json ref	failed	candidates.tsv
oauth2-password	screen	apis/openapi/swaggerhub.gmf-tech/bidbr-middleware-collector-apis/1.0.8/meta/import/output-bundle.json fern	not-run	candidates.tsv
oauth2-password	document	apis/openapi/swaggerhub.gmf-tech/bidbr-middleware-collector-apis/1.0.8/meta/import/output-entry.json	census 2	census.jsonl.gz
oauth2-password	candidate	apis/openapi/swaggerhub.gmf-tech/bidbr-middleware-collector-apis/1.0.8/meta/import/output-entry.json	census 2	census.jsonl.gz
oauth2-password	screen	apis/openapi/swaggerhub.gmf-tech/bidbr-middleware-collector-apis/1.0.8/meta/import/output-entry.json licence	passed	candidates.tsv
oauth2-password	screen	apis/openapi/swaggerhub.gmf-tech/bidbr-middleware-collector-apis/1.0.8/meta/import/output-entry.json ref	failed	candidates.tsv
oauth2-password	screen	apis/openapi/swaggerhub.gmf-tech/bidbr-middleware-collector-apis/1.0.8/meta/import/output-entry.json fern	not-run	candidates.tsv
oauth2-password	document	apis/openapi/swaggerhub.gmf-tech/bidbr-middleware-collector-apis/1.0.8/openapi.json	census 2	census.jsonl.gz
oauth2-password	candidate	apis/openapi/swaggerhub.gmf-tech/bidbr-middleware-collector-apis/1.0.8/openapi.json	census 2	census.jsonl.gz
oauth2-password	screen	apis/openapi/swaggerhub.gmf-tech/bidbr-middleware-collector-apis/1.0.8/openapi.json licence	passed	candidates.tsv
oauth2-password	screen	apis/openapi/swaggerhub.gmf-tech/bidbr-middleware-collector-apis/1.0.8/openapi.json ref	failed	candidates.tsv
oauth2-password	screen	apis/openapi/swaggerhub.gmf-tech/bidbr-middleware-collector-apis/1.0.8/openapi.json fern	not-run	candidates.tsv
oauth2-password	document	apis/openapi/swaggerhub.gmf-tech/bidbr-middleware-customer-apis/1.0.3/meta/import/input-bundle.json	census 2	census.jsonl.gz
oauth2-password	candidate	apis/openapi/swaggerhub.gmf-tech/bidbr-middleware-customer-apis/1.0.3/meta/import/input-bundle.json	census 2	census.jsonl.gz
oauth2-password	screen	apis/openapi/swaggerhub.gmf-tech/bidbr-middleware-customer-apis/1.0.3/meta/import/input-bundle.json licence	passed	candidates.tsv
oauth2-password	screen	apis/openapi/swaggerhub.gmf-tech/bidbr-middleware-customer-apis/1.0.3/meta/import/input-bundle.json ref	failed	candidates.tsv
oauth2-password	screen	apis/openapi/swaggerhub.gmf-tech/bidbr-middleware-customer-apis/1.0.3/meta/import/input-bundle.json fern	not-run	candidates.tsv
oauth2-password	document	apis/openapi/swaggerhub.gmf-tech/bidbr-middleware-customer-apis/1.0.3/meta/import/input-entry.json	census 2	census.jsonl.gz
oauth2-password	candidate	apis/openapi/swaggerhub.gmf-tech/bidbr-middleware-customer-apis/1.0.3/meta/import/input-entry.json	census 2	census.jsonl.gz
oauth2-password	screen	apis/openapi/swaggerhub.gmf-tech/bidbr-middleware-customer-apis/1.0.3/meta/import/input-entry.json licence	passed	candidates.tsv
oauth2-password	screen	apis/openapi/swaggerhub.gmf-tech/bidbr-middleware-customer-apis/1.0.3/meta/import/input-entry.json ref	failed	candidates.tsv
oauth2-password	screen	apis/openapi/swaggerhub.gmf-tech/bidbr-middleware-customer-apis/1.0.3/meta/import/input-entry.json fern	not-run	candidates.tsv
oauth2-password	document	apis/openapi/swaggerhub.gmf-tech/bidbr-middleware-customer-apis/1.0.3/meta/import/output-bundle.json	census 2	census.jsonl.gz
oauth2-password	candidate	apis/openapi/swaggerhub.gmf-tech/bidbr-middleware-customer-apis/1.0.3/meta/import/output-bundle.json	census 2	census.jsonl.gz
oauth2-password	screen	apis/openapi/swaggerhub.gmf-tech/bidbr-middleware-customer-apis/1.0.3/meta/import/output-bundle.json licence	passed	candidates.tsv
oauth2-password	screen	apis/openapi/swaggerhub.gmf-tech/bidbr-middleware-customer-apis/1.0.3/meta/import/output-bundle.json ref	failed	candidates.tsv
oauth2-password	screen	apis/openapi/swaggerhub.gmf-tech/bidbr-middleware-customer-apis/1.0.3/meta/import/output-bundle.json fern	not-run	candidates.tsv
oauth2-password	document	apis/openapi/swaggerhub.gmf-tech/bidbr-middleware-customer-apis/1.0.3/meta/import/output-entry.json	census 2	census.jsonl.gz
oauth2-password	candidate	apis/openapi/swaggerhub.gmf-tech/bidbr-middleware-customer-apis/1.0.3/meta/import/output-entry.json	census 2	census.jsonl.gz
oauth2-password	screen	apis/openapi/swaggerhub.gmf-tech/bidbr-middleware-customer-apis/1.0.3/meta/import/output-entry.json licence	passed	candidates.tsv
oauth2-password	screen	apis/openapi/swaggerhub.gmf-tech/bidbr-middleware-customer-apis/1.0.3/meta/import/output-entry.json ref	failed	candidates.tsv
oauth2-password	screen	apis/openapi/swaggerhub.gmf-tech/bidbr-middleware-customer-apis/1.0.3/meta/import/output-entry.json fern	not-run	candidates.tsv
oauth2-password	document	apis/openapi/swaggerhub.gmf-tech/bidbr-middleware-customer-apis/1.0.3/openapi.json	census 2	census.jsonl.gz
oauth2-password	candidate	apis/openapi/swaggerhub.gmf-tech/bidbr-middleware-customer-apis/1.0.3/openapi.json	census 2	census.jsonl.gz
oauth2-password	screen	apis/openapi/swaggerhub.gmf-tech/bidbr-middleware-customer-apis/1.0.3/openapi.json licence	passed	candidates.tsv
oauth2-password	screen	apis/openapi/swaggerhub.gmf-tech/bidbr-middleware-customer-apis/1.0.3/openapi.json ref	failed	candidates.tsv
oauth2-password	screen	apis/openapi/swaggerhub.gmf-tech/bidbr-middleware-customer-apis/1.0.3/openapi.json fern	not-run	candidates.tsv
oauth2-password	document	apis/openapi/swaggerhub.gmf-tech/bidbr-middleware-filter-apis/1.0.3/meta/import/input-bundle.json	census 2	census.jsonl.gz
oauth2-password	candidate	apis/openapi/swaggerhub.gmf-tech/bidbr-middleware-filter-apis/1.0.3/meta/import/input-bundle.json	census 2	census.jsonl.gz
oauth2-password	screen	apis/openapi/swaggerhub.gmf-tech/bidbr-middleware-filter-apis/1.0.3/meta/import/input-bundle.json licence	passed	candidates.tsv
oauth2-password	screen	apis/openapi/swaggerhub.gmf-tech/bidbr-middleware-filter-apis/1.0.3/meta/import/input-bundle.json ref	failed	candidates.tsv
oauth2-password	screen	apis/openapi/swaggerhub.gmf-tech/bidbr-middleware-filter-apis/1.0.3/meta/import/input-bundle.json fern	not-run	candidates.tsv
oauth2-password	document	apis/openapi/swaggerhub.gmf-tech/bidbr-middleware-filter-apis/1.0.3/meta/import/input-entry.json	census 2	census.jsonl.gz
oauth2-password	candidate	apis/openapi/swaggerhub.gmf-tech/bidbr-middleware-filter-apis/1.0.3/meta/import/input-entry.json	census 2	census.jsonl.gz
oauth2-password	screen	apis/openapi/swaggerhub.gmf-tech/bidbr-middleware-filter-apis/1.0.3/meta/import/input-entry.json licence	passed	candidates.tsv
oauth2-password	screen	apis/openapi/swaggerhub.gmf-tech/bidbr-middleware-filter-apis/1.0.3/meta/import/input-entry.json ref	failed	candidates.tsv
oauth2-password	screen	apis/openapi/swaggerhub.gmf-tech/bidbr-middleware-filter-apis/1.0.3/meta/import/input-entry.json fern	not-run	candidates.tsv
oauth2-password	document	apis/openapi/swaggerhub.gmf-tech/bidbr-middleware-filter-apis/1.0.3/meta/import/output-bundle.json	census 2	census.jsonl.gz
oauth2-password	candidate	apis/openapi/swaggerhub.gmf-tech/bidbr-middleware-filter-apis/1.0.3/meta/import/output-bundle.json	census 2	census.jsonl.gz
oauth2-password	screen	apis/openapi/swaggerhub.gmf-tech/bidbr-middleware-filter-apis/1.0.3/meta/import/output-bundle.json licence	passed	candidates.tsv
oauth2-password	screen	apis/openapi/swaggerhub.gmf-tech/bidbr-middleware-filter-apis/1.0.3/meta/import/output-bundle.json ref	failed	candidates.tsv
oauth2-password	screen	apis/openapi/swaggerhub.gmf-tech/bidbr-middleware-filter-apis/1.0.3/meta/import/output-bundle.json fern	not-run	candidates.tsv
oauth2-password	document	apis/openapi/swaggerhub.gmf-tech/bidbr-middleware-filter-apis/1.0.3/meta/import/output-entry.json	census 2	census.jsonl.gz
oauth2-password	candidate	apis/openapi/swaggerhub.gmf-tech/bidbr-middleware-filter-apis/1.0.3/meta/import/output-entry.json	census 2	census.jsonl.gz
oauth2-password	screen	apis/openapi/swaggerhub.gmf-tech/bidbr-middleware-filter-apis/1.0.3/meta/import/output-entry.json licence	passed	candidates.tsv
oauth2-password	screen	apis/openapi/swaggerhub.gmf-tech/bidbr-middleware-filter-apis/1.0.3/meta/import/output-entry.json ref	failed	candidates.tsv
oauth2-password	screen	apis/openapi/swaggerhub.gmf-tech/bidbr-middleware-filter-apis/1.0.3/meta/import/output-entry.json fern	not-run	candidates.tsv
oauth2-password	document	apis/openapi/swaggerhub.gmf-tech/bidbr-middleware-filter-apis/1.0.3/openapi.json	census 2	census.jsonl.gz
oauth2-password	candidate	apis/openapi/swaggerhub.gmf-tech/bidbr-middleware-filter-apis/1.0.3/openapi.json	census 2	census.jsonl.gz
oauth2-password	screen	apis/openapi/swaggerhub.gmf-tech/bidbr-middleware-filter-apis/1.0.3/openapi.json licence	passed	candidates.tsv
oauth2-password	screen	apis/openapi/swaggerhub.gmf-tech/bidbr-middleware-filter-apis/1.0.3/openapi.json ref	failed	candidates.tsv
oauth2-password	screen	apis/openapi/swaggerhub.gmf-tech/bidbr-middleware-filter-apis/1.0.3/openapi.json fern	not-run	candidates.tsv
oauth2-password	document	apis/openapi/swaggerhub.gmf-tech/bidbr-middleware-proposal-apis/1.0.3/meta/import/input-bundle.json	census 2	census.jsonl.gz
oauth2-password	candidate	apis/openapi/swaggerhub.gmf-tech/bidbr-middleware-proposal-apis/1.0.3/meta/import/input-bundle.json	census 2	census.jsonl.gz
oauth2-password	screen	apis/openapi/swaggerhub.gmf-tech/bidbr-middleware-proposal-apis/1.0.3/meta/import/input-bundle.json licence	passed	candidates.tsv
oauth2-password	screen	apis/openapi/swaggerhub.gmf-tech/bidbr-middleware-proposal-apis/1.0.3/meta/import/input-bundle.json ref	failed	candidates.tsv
oauth2-password	screen	apis/openapi/swaggerhub.gmf-tech/bidbr-middleware-proposal-apis/1.0.3/meta/import/input-bundle.json fern	not-run	candidates.tsv
oauth2-password	document	apis/openapi/swaggerhub.gmf-tech/bidbr-middleware-proposal-apis/1.0.3/meta/import/input-entry.json	census 2	census.jsonl.gz
oauth2-password	candidate	apis/openapi/swaggerhub.gmf-tech/bidbr-middleware-proposal-apis/1.0.3/meta/import/input-entry.json	census 2	census.jsonl.gz
oauth2-password	screen	apis/openapi/swaggerhub.gmf-tech/bidbr-middleware-proposal-apis/1.0.3/meta/import/input-entry.json licence	passed	candidates.tsv
oauth2-password	screen	apis/openapi/swaggerhub.gmf-tech/bidbr-middleware-proposal-apis/1.0.3/meta/import/input-entry.json ref	failed	candidates.tsv
oauth2-password	screen	apis/openapi/swaggerhub.gmf-tech/bidbr-middleware-proposal-apis/1.0.3/meta/import/input-entry.json fern	not-run	candidates.tsv
oauth2-password	document	apis/openapi/swaggerhub.gmf-tech/bidbr-middleware-proposal-apis/1.0.3/meta/import/output-bundle.json	census 2	census.jsonl.gz
oauth2-password	candidate	apis/openapi/swaggerhub.gmf-tech/bidbr-middleware-proposal-apis/1.0.3/meta/import/output-bundle.json	census 2	census.jsonl.gz
oauth2-password	screen	apis/openapi/swaggerhub.gmf-tech/bidbr-middleware-proposal-apis/1.0.3/meta/import/output-bundle.json licence	passed	candidates.tsv
oauth2-password	screen	apis/openapi/swaggerhub.gmf-tech/bidbr-middleware-proposal-apis/1.0.3/meta/import/output-bundle.json ref	failed	candidates.tsv
oauth2-password	screen	apis/openapi/swaggerhub.gmf-tech/bidbr-middleware-proposal-apis/1.0.3/meta/import/output-bundle.json fern	not-run	candidates.tsv
oauth2-password	document	apis/openapi/swaggerhub.gmf-tech/bidbr-middleware-proposal-apis/1.0.3/meta/import/output-entry.json	census 2	census.jsonl.gz
oauth2-password	candidate	apis/openapi/swaggerhub.gmf-tech/bidbr-middleware-proposal-apis/1.0.3/meta/import/output-entry.json	census 2	census.jsonl.gz
oauth2-password	screen	apis/openapi/swaggerhub.gmf-tech/bidbr-middleware-proposal-apis/1.0.3/meta/import/output-entry.json licence	passed	candidates.tsv
oauth2-password	screen	apis/openapi/swaggerhub.gmf-tech/bidbr-middleware-proposal-apis/1.0.3/meta/import/output-entry.json ref	failed	candidates.tsv
oauth2-password	screen	apis/openapi/swaggerhub.gmf-tech/bidbr-middleware-proposal-apis/1.0.3/meta/import/output-entry.json fern	not-run	candidates.tsv
oauth2-password	document	apis/openapi/swaggerhub.gmf-tech/bidbr-middleware-proposal-apis/1.0.3/openapi.json	census 2	census.jsonl.gz
oauth2-password	candidate	apis/openapi/swaggerhub.gmf-tech/bidbr-middleware-proposal-apis/1.0.3/openapi.json	census 2	census.jsonl.gz
oauth2-password	screen	apis/openapi/swaggerhub.gmf-tech/bidbr-middleware-proposal-apis/1.0.3/openapi.json licence	passed	candidates.tsv
oauth2-password	screen	apis/openapi/swaggerhub.gmf-tech/bidbr-middleware-proposal-apis/1.0.3/openapi.json ref	failed	candidates.tsv
oauth2-password	screen	apis/openapi/swaggerhub.gmf-tech/bidbr-middleware-proposal-apis/1.0.3/openapi.json fern	not-run	candidates.tsv
oauth2-password	document	apis/openapi/swaggerhub.semantictouch/bentosandboxauth/1.0.1-oas3/meta/import/input-bundle.json	census 2	census.jsonl.gz
oauth2-password	candidate	apis/openapi/swaggerhub.semantictouch/bentosandboxauth/1.0.1-oas3/meta/import/input-bundle.json	census 2	census.jsonl.gz
oauth2-password	screen	apis/openapi/swaggerhub.semantictouch/bentosandboxauth/1.0.1-oas3/meta/import/input-bundle.json licence	failed	candidates.tsv
oauth2-password	screen	apis/openapi/swaggerhub.semantictouch/bentosandboxauth/1.0.1-oas3/meta/import/input-bundle.json ref	failed	candidates.tsv
oauth2-password	screen	apis/openapi/swaggerhub.semantictouch/bentosandboxauth/1.0.1-oas3/meta/import/input-bundle.json fern	not-run	candidates.tsv
oauth2-password	document	apis/openapi/swaggerhub.semantictouch/bentosandboxauth/1.0.1-oas3/meta/import/input-entry.json	census 2	census.jsonl.gz
oauth2-password	candidate	apis/openapi/swaggerhub.semantictouch/bentosandboxauth/1.0.1-oas3/meta/import/input-entry.json	census 2	census.jsonl.gz
oauth2-password	screen	apis/openapi/swaggerhub.semantictouch/bentosandboxauth/1.0.1-oas3/meta/import/input-entry.json licence	failed	candidates.tsv
oauth2-password	screen	apis/openapi/swaggerhub.semantictouch/bentosandboxauth/1.0.1-oas3/meta/import/input-entry.json ref	failed	candidates.tsv
oauth2-password	screen	apis/openapi/swaggerhub.semantictouch/bentosandboxauth/1.0.1-oas3/meta/import/input-entry.json fern	not-run	candidates.tsv
oauth2-password	document	apis/openapi/swaggerhub.semantictouch/bentosandboxauth/1.0.1-oas3/meta/import/output-bundle.json	census 2	census.jsonl.gz
oauth2-password	candidate	apis/openapi/swaggerhub.semantictouch/bentosandboxauth/1.0.1-oas3/meta/import/output-bundle.json	census 2	census.jsonl.gz
oauth2-password	screen	apis/openapi/swaggerhub.semantictouch/bentosandboxauth/1.0.1-oas3/meta/import/output-bundle.json licence	failed	candidates.tsv
oauth2-password	screen	apis/openapi/swaggerhub.semantictouch/bentosandboxauth/1.0.1-oas3/meta/import/output-bundle.json ref	failed	candidates.tsv
oauth2-password	screen	apis/openapi/swaggerhub.semantictouch/bentosandboxauth/1.0.1-oas3/meta/import/output-bundle.json fern	not-run	candidates.tsv
oauth2-password	document	apis/openapi/swaggerhub.semantictouch/bentosandboxauth/1.0.1-oas3/meta/import/output-entry.json	census 2	census.jsonl.gz
oauth2-password	candidate	apis/openapi/swaggerhub.semantictouch/bentosandboxauth/1.0.1-oas3/meta/import/output-entry.json	census 2	census.jsonl.gz
oauth2-password	screen	apis/openapi/swaggerhub.semantictouch/bentosandboxauth/1.0.1-oas3/meta/import/output-entry.json licence	failed	candidates.tsv
oauth2-password	screen	apis/openapi/swaggerhub.semantictouch/bentosandboxauth/1.0.1-oas3/meta/import/output-entry.json ref	failed	candidates.tsv
oauth2-password	screen	apis/openapi/swaggerhub.semantictouch/bentosandboxauth/1.0.1-oas3/meta/import/output-entry.json fern	not-run	candidates.tsv
oauth2-password	document	apis/openapi/swaggerhub.semantictouch/bentosandboxauth/1.0.1-oas3/openapi.json	census 2	census.jsonl.gz
oauth2-password	candidate	apis/openapi/swaggerhub.semantictouch/bentosandboxauth/1.0.1-oas3/openapi.json	census 2	census.jsonl.gz
oauth2-password	screen	apis/openapi/swaggerhub.semantictouch/bentosandboxauth/1.0.1-oas3/openapi.json licence	failed	candidates.tsv
oauth2-password	screen	apis/openapi/swaggerhub.semantictouch/bentosandboxauth/1.0.1-oas3/openapi.json ref	failed	candidates.tsv
oauth2-password	screen	apis/openapi/swaggerhub.semantictouch/bentosandboxauth/1.0.1-oas3/openapi.json fern	not-run	candidates.tsv
oauth2-password	document	apis/openapi/swaggerhub.semantictouch/bentosandboxorderapi/1.0.0-oas3/meta/import/input-bundle.json	census 2	census.jsonl.gz
oauth2-password	candidate	apis/openapi/swaggerhub.semantictouch/bentosandboxorderapi/1.0.0-oas3/meta/import/input-bundle.json	census 2	census.jsonl.gz
oauth2-password	screen	apis/openapi/swaggerhub.semantictouch/bentosandboxorderapi/1.0.0-oas3/meta/import/input-bundle.json licence	failed	candidates.tsv
oauth2-password	screen	apis/openapi/swaggerhub.semantictouch/bentosandboxorderapi/1.0.0-oas3/meta/import/input-bundle.json ref	failed	candidates.tsv
oauth2-password	screen	apis/openapi/swaggerhub.semantictouch/bentosandboxorderapi/1.0.0-oas3/meta/import/input-bundle.json fern	not-run	candidates.tsv
oauth2-password	document	apis/openapi/swaggerhub.semantictouch/bentosandboxorderapi/1.0.0-oas3/meta/import/input-entry.json	census 2	census.jsonl.gz
oauth2-password	candidate	apis/openapi/swaggerhub.semantictouch/bentosandboxorderapi/1.0.0-oas3/meta/import/input-entry.json	census 2	census.jsonl.gz
oauth2-password	screen	apis/openapi/swaggerhub.semantictouch/bentosandboxorderapi/1.0.0-oas3/meta/import/input-entry.json licence	failed	candidates.tsv
oauth2-password	screen	apis/openapi/swaggerhub.semantictouch/bentosandboxorderapi/1.0.0-oas3/meta/import/input-entry.json ref	failed	candidates.tsv
oauth2-password	screen	apis/openapi/swaggerhub.semantictouch/bentosandboxorderapi/1.0.0-oas3/meta/import/input-entry.json fern	not-run	candidates.tsv
oauth2-password	document	apis/openapi/swaggerhub.semantictouch/bentosandboxorderapi/1.0.0-oas3/meta/import/output-bundle.json	census 2	census.jsonl.gz
oauth2-password	candidate	apis/openapi/swaggerhub.semantictouch/bentosandboxorderapi/1.0.0-oas3/meta/import/output-bundle.json	census 2	census.jsonl.gz
oauth2-password	screen	apis/openapi/swaggerhub.semantictouch/bentosandboxorderapi/1.0.0-oas3/meta/import/output-bundle.json licence	failed	candidates.tsv
oauth2-password	screen	apis/openapi/swaggerhub.semantictouch/bentosandboxorderapi/1.0.0-oas3/meta/import/output-bundle.json ref	failed	candidates.tsv
oauth2-password	screen	apis/openapi/swaggerhub.semantictouch/bentosandboxorderapi/1.0.0-oas3/meta/import/output-bundle.json fern	not-run	candidates.tsv
oauth2-password	document	apis/openapi/swaggerhub.semantictouch/bentosandboxorderapi/1.0.0-oas3/meta/import/output-entry.json	census 2	census.jsonl.gz
oauth2-password	candidate	apis/openapi/swaggerhub.semantictouch/bentosandboxorderapi/1.0.0-oas3/meta/import/output-entry.json	census 2	census.jsonl.gz
oauth2-password	screen	apis/openapi/swaggerhub.semantictouch/bentosandboxorderapi/1.0.0-oas3/meta/import/output-entry.json licence	failed	candidates.tsv
oauth2-password	screen	apis/openapi/swaggerhub.semantictouch/bentosandboxorderapi/1.0.0-oas3/meta/import/output-entry.json ref	failed	candidates.tsv
oauth2-password	screen	apis/openapi/swaggerhub.semantictouch/bentosandboxorderapi/1.0.0-oas3/meta/import/output-entry.json fern	not-run	candidates.tsv
oauth2-password	document	apis/openapi/swaggerhub.semantictouch/bentosandboxorderapi/1.0.0-oas3/openapi.json	census 2	census.jsonl.gz
oauth2-password	candidate	apis/openapi/swaggerhub.semantictouch/bentosandboxorderapi/1.0.0-oas3/openapi.json	census 2	census.jsonl.gz
oauth2-password	screen	apis/openapi/swaggerhub.semantictouch/bentosandboxorderapi/1.0.0-oas3/openapi.json licence	failed	candidates.tsv
oauth2-password	screen	apis/openapi/swaggerhub.semantictouch/bentosandboxorderapi/1.0.0-oas3/openapi.json ref	failed	candidates.tsv
oauth2-password	screen	apis/openapi/swaggerhub.semantictouch/bentosandboxorderapi/1.0.0-oas3/openapi.json fern	not-run	candidates.tsv
oauth2-password	document	apis/openapi/swaggerhub.semantictouch/bentosandboxproduct/1.0.0-oas3/meta/import/input-bundle.json	census 2	census.jsonl.gz
oauth2-password	candidate	apis/openapi/swaggerhub.semantictouch/bentosandboxproduct/1.0.0-oas3/meta/import/input-bundle.json	census 2	census.jsonl.gz
oauth2-password	screen	apis/openapi/swaggerhub.semantictouch/bentosandboxproduct/1.0.0-oas3/meta/import/input-bundle.json licence	failed	candidates.tsv
oauth2-password	screen	apis/openapi/swaggerhub.semantictouch/bentosandboxproduct/1.0.0-oas3/meta/import/input-bundle.json ref	failed	candidates.tsv
oauth2-password	screen	apis/openapi/swaggerhub.semantictouch/bentosandboxproduct/1.0.0-oas3/meta/import/input-bundle.json fern	not-run	candidates.tsv
oauth2-password	document	apis/openapi/swaggerhub.semantictouch/bentosandboxproduct/1.0.0-oas3/meta/import/input-entry.json	census 2	census.jsonl.gz
oauth2-password	candidate	apis/openapi/swaggerhub.semantictouch/bentosandboxproduct/1.0.0-oas3/meta/import/input-entry.json	census 2	census.jsonl.gz
oauth2-password	screen	apis/openapi/swaggerhub.semantictouch/bentosandboxproduct/1.0.0-oas3/meta/import/input-entry.json licence	failed	candidates.tsv
oauth2-password	screen	apis/openapi/swaggerhub.semantictouch/bentosandboxproduct/1.0.0-oas3/meta/import/input-entry.json ref	failed	candidates.tsv
oauth2-password	screen	apis/openapi/swaggerhub.semantictouch/bentosandboxproduct/1.0.0-oas3/meta/import/input-entry.json fern	not-run	candidates.tsv
oauth2-password	document	apis/openapi/swaggerhub.semantictouch/bentosandboxproduct/1.0.0-oas3/meta/import/output-bundle.json	census 2	census.jsonl.gz
oauth2-password	candidate	apis/openapi/swaggerhub.semantictouch/bentosandboxproduct/1.0.0-oas3/meta/import/output-bundle.json	census 2	census.jsonl.gz
oauth2-password	screen	apis/openapi/swaggerhub.semantictouch/bentosandboxproduct/1.0.0-oas3/meta/import/output-bundle.json licence	failed	candidates.tsv
oauth2-password	screen	apis/openapi/swaggerhub.semantictouch/bentosandboxproduct/1.0.0-oas3/meta/import/output-bundle.json ref	failed	candidates.tsv
oauth2-password	screen	apis/openapi/swaggerhub.semantictouch/bentosandboxproduct/1.0.0-oas3/meta/import/output-bundle.json fern	not-run	candidates.tsv
oauth2-password	document	apis/openapi/swaggerhub.semantictouch/bentosandboxproduct/1.0.0-oas3/meta/import/output-entry.json	census 2	census.jsonl.gz
oauth2-password	candidate	apis/openapi/swaggerhub.semantictouch/bentosandboxproduct/1.0.0-oas3/meta/import/output-entry.json	census 2	census.jsonl.gz
oauth2-password	screen	apis/openapi/swaggerhub.semantictouch/bentosandboxproduct/1.0.0-oas3/meta/import/output-entry.json licence	failed	candidates.tsv
oauth2-password	screen	apis/openapi/swaggerhub.semantictouch/bentosandboxproduct/1.0.0-oas3/meta/import/output-entry.json ref	failed	candidates.tsv
oauth2-password	screen	apis/openapi/swaggerhub.semantictouch/bentosandboxproduct/1.0.0-oas3/meta/import/output-entry.json fern	not-run	candidates.tsv
oauth2-password	document	apis/openapi/swaggerhub.semantictouch/bentosandboxproduct/1.0.0-oas3/openapi.json	census 2	census.jsonl.gz
oauth2-password	candidate	apis/openapi/swaggerhub.semantictouch/bentosandboxproduct/1.0.0-oas3/openapi.json	census 2	census.jsonl.gz
oauth2-password	screen	apis/openapi/swaggerhub.semantictouch/bentosandboxproduct/1.0.0-oas3/openapi.json licence	failed	candidates.tsv
oauth2-password	screen	apis/openapi/swaggerhub.semantictouch/bentosandboxproduct/1.0.0-oas3/openapi.json ref	failed	candidates.tsv
oauth2-password	screen	apis/openapi/swaggerhub.semantictouch/bentosandboxproduct/1.0.0-oas3/openapi.json fern	not-run	candidates.tsv
oauth2-password	document	apis/openapi/swaggerhub.semantictouch/bentoweborderapi/1.0.0-oas3/meta/import/input-bundle.json	census 2	census.jsonl.gz
oauth2-password	candidate	apis/openapi/swaggerhub.semantictouch/bentoweborderapi/1.0.0-oas3/meta/import/input-bundle.json	census 2	census.jsonl.gz
oauth2-password	screen	apis/openapi/swaggerhub.semantictouch/bentoweborderapi/1.0.0-oas3/meta/import/input-bundle.json licence	failed	candidates.tsv
oauth2-password	screen	apis/openapi/swaggerhub.semantictouch/bentoweborderapi/1.0.0-oas3/meta/import/input-bundle.json ref	failed	candidates.tsv
oauth2-password	screen	apis/openapi/swaggerhub.semantictouch/bentoweborderapi/1.0.0-oas3/meta/import/input-bundle.json fern	not-run	candidates.tsv
oauth2-password	document	apis/openapi/swaggerhub.semantictouch/bentoweborderapi/1.0.0-oas3/meta/import/input-entry.json	census 2	census.jsonl.gz
oauth2-password	candidate	apis/openapi/swaggerhub.semantictouch/bentoweborderapi/1.0.0-oas3/meta/import/input-entry.json	census 2	census.jsonl.gz
oauth2-password	screen	apis/openapi/swaggerhub.semantictouch/bentoweborderapi/1.0.0-oas3/meta/import/input-entry.json licence	failed	candidates.tsv
oauth2-password	screen	apis/openapi/swaggerhub.semantictouch/bentoweborderapi/1.0.0-oas3/meta/import/input-entry.json ref	failed	candidates.tsv
oauth2-password	screen	apis/openapi/swaggerhub.semantictouch/bentoweborderapi/1.0.0-oas3/meta/import/input-entry.json fern	not-run	candidates.tsv
oauth2-password	document	apis/openapi/swaggerhub.semantictouch/bentoweborderapi/1.0.0-oas3/meta/import/output-bundle.json	census 2	census.jsonl.gz
oauth2-password	candidate	apis/openapi/swaggerhub.semantictouch/bentoweborderapi/1.0.0-oas3/meta/import/output-bundle.json	census 2	census.jsonl.gz
oauth2-password	screen	apis/openapi/swaggerhub.semantictouch/bentoweborderapi/1.0.0-oas3/meta/import/output-bundle.json licence	failed	candidates.tsv
oauth2-password	screen	apis/openapi/swaggerhub.semantictouch/bentoweborderapi/1.0.0-oas3/meta/import/output-bundle.json ref	failed	candidates.tsv
oauth2-password	screen	apis/openapi/swaggerhub.semantictouch/bentoweborderapi/1.0.0-oas3/meta/import/output-bundle.json fern	not-run	candidates.tsv
oauth2-password	document	apis/openapi/swaggerhub.semantictouch/bentoweborderapi/1.0.0-oas3/meta/import/output-entry.json	census 2	census.jsonl.gz
oauth2-password	candidate	apis/openapi/swaggerhub.semantictouch/bentoweborderapi/1.0.0-oas3/meta/import/output-entry.json	census 2	census.jsonl.gz
oauth2-password	screen	apis/openapi/swaggerhub.semantictouch/bentoweborderapi/1.0.0-oas3/meta/import/output-entry.json licence	failed	candidates.tsv
oauth2-password	screen	apis/openapi/swaggerhub.semantictouch/bentoweborderapi/1.0.0-oas3/meta/import/output-entry.json ref	failed	candidates.tsv
oauth2-password	screen	apis/openapi/swaggerhub.semantictouch/bentoweborderapi/1.0.0-oas3/meta/import/output-entry.json fern	not-run	candidates.tsv
oauth2-password	document	apis/openapi/swaggerhub.semantictouch/bentoweborderapi/1.0.0-oas3/openapi.json	census 2	census.jsonl.gz
oauth2-password	candidate	apis/openapi/swaggerhub.semantictouch/bentoweborderapi/1.0.0-oas3/openapi.json	census 2	census.jsonl.gz
oauth2-password	screen	apis/openapi/swaggerhub.semantictouch/bentoweborderapi/1.0.0-oas3/openapi.json licence	failed	candidates.tsv
oauth2-password	screen	apis/openapi/swaggerhub.semantictouch/bentoweborderapi/1.0.0-oas3/openapi.json ref	failed	candidates.tsv
oauth2-password	screen	apis/openapi/swaggerhub.semantictouch/bentoweborderapi/1.0.0-oas3/openapi.json fern	not-run	candidates.tsv
oauth2-password	document	apis/openapi/swaggerhub.semantictouch/bentowebproduct/1.0.0-oas3/meta/import/input-bundle.json	census 2	census.jsonl.gz
oauth2-password	candidate	apis/openapi/swaggerhub.semantictouch/bentowebproduct/1.0.0-oas3/meta/import/input-bundle.json	census 2	census.jsonl.gz
oauth2-password	screen	apis/openapi/swaggerhub.semantictouch/bentowebproduct/1.0.0-oas3/meta/import/input-bundle.json licence	failed	candidates.tsv
oauth2-password	screen	apis/openapi/swaggerhub.semantictouch/bentowebproduct/1.0.0-oas3/meta/import/input-bundle.json ref	failed	candidates.tsv
oauth2-password	screen	apis/openapi/swaggerhub.semantictouch/bentowebproduct/1.0.0-oas3/meta/import/input-bundle.json fern	not-run	candidates.tsv
oauth2-password	document	apis/openapi/swaggerhub.semantictouch/bentowebproduct/1.0.0-oas3/meta/import/input-entry.json	census 2	census.jsonl.gz
oauth2-password	candidate	apis/openapi/swaggerhub.semantictouch/bentowebproduct/1.0.0-oas3/meta/import/input-entry.json	census 2	census.jsonl.gz
oauth2-password	screen	apis/openapi/swaggerhub.semantictouch/bentowebproduct/1.0.0-oas3/meta/import/input-entry.json licence	failed	candidates.tsv
oauth2-password	screen	apis/openapi/swaggerhub.semantictouch/bentowebproduct/1.0.0-oas3/meta/import/input-entry.json ref	failed	candidates.tsv
oauth2-password	screen	apis/openapi/swaggerhub.semantictouch/bentowebproduct/1.0.0-oas3/meta/import/input-entry.json fern	not-run	candidates.tsv
oauth2-password	document	apis/openapi/swaggerhub.semantictouch/bentowebproduct/1.0.0-oas3/meta/import/output-bundle.json	census 2	census.jsonl.gz
oauth2-password	candidate	apis/openapi/swaggerhub.semantictouch/bentowebproduct/1.0.0-oas3/meta/import/output-bundle.json	census 2	census.jsonl.gz
oauth2-password	screen	apis/openapi/swaggerhub.semantictouch/bentowebproduct/1.0.0-oas3/meta/import/output-bundle.json licence	failed	candidates.tsv
oauth2-password	screen	apis/openapi/swaggerhub.semantictouch/bentowebproduct/1.0.0-oas3/meta/import/output-bundle.json ref	failed	candidates.tsv
oauth2-password	screen	apis/openapi/swaggerhub.semantictouch/bentowebproduct/1.0.0-oas3/meta/import/output-bundle.json fern	not-run	candidates.tsv
oauth2-password	document	apis/openapi/swaggerhub.semantictouch/bentowebproduct/1.0.0-oas3/meta/import/output-entry.json	census 2	census.jsonl.gz
oauth2-password	candidate	apis/openapi/swaggerhub.semantictouch/bentowebproduct/1.0.0-oas3/meta/import/output-entry.json	census 2	census.jsonl.gz
oauth2-password	screen	apis/openapi/swaggerhub.semantictouch/bentowebproduct/1.0.0-oas3/meta/import/output-entry.json licence	failed	candidates.tsv
oauth2-password	screen	apis/openapi/swaggerhub.semantictouch/bentowebproduct/1.0.0-oas3/meta/import/output-entry.json ref	failed	candidates.tsv
oauth2-password	screen	apis/openapi/swaggerhub.semantictouch/bentowebproduct/1.0.0-oas3/meta/import/output-entry.json fern	not-run	candidates.tsv
oauth2-password	document	apis/openapi/swaggerhub.semantictouch/bentowebproduct/1.0.0-oas3/openapi.json	census 2	census.jsonl.gz
oauth2-password	candidate	apis/openapi/swaggerhub.semantictouch/bentowebproduct/1.0.0-oas3/openapi.json	census 2	census.jsonl.gz
oauth2-password	screen	apis/openapi/swaggerhub.semantictouch/bentowebproduct/1.0.0-oas3/openapi.json licence	failed	candidates.tsv
oauth2-password	screen	apis/openapi/swaggerhub.semantictouch/bentowebproduct/1.0.0-oas3/openapi.json ref	failed	candidates.tsv
oauth2-password	screen	apis/openapi/swaggerhub.semantictouch/bentowebproduct/1.0.0-oas3/openapi.json fern	not-run	candidates.tsv
oauth2-password	document	apis/openapi/swaggerhub.tralixrd/b2b-rest/Tiimbrado/meta/import/input-bundle.json	census 2	census.jsonl.gz
oauth2-password	candidate	apis/openapi/swaggerhub.tralixrd/b2b-rest/Tiimbrado/meta/import/input-bundle.json	census 2	census.jsonl.gz
oauth2-password	screen	apis/openapi/swaggerhub.tralixrd/b2b-rest/Tiimbrado/meta/import/input-bundle.json licence	failed	candidates.tsv
oauth2-password	screen	apis/openapi/swaggerhub.tralixrd/b2b-rest/Tiimbrado/meta/import/input-bundle.json ref	failed	candidates.tsv
oauth2-password	screen	apis/openapi/swaggerhub.tralixrd/b2b-rest/Tiimbrado/meta/import/input-bundle.json fern	not-run	candidates.tsv
oauth2-password	document	apis/openapi/swaggerhub.tralixrd/b2b-rest/Tiimbrado/meta/import/input-entry.json	census 2	census.jsonl.gz
oauth2-password	candidate	apis/openapi/swaggerhub.tralixrd/b2b-rest/Tiimbrado/meta/import/input-entry.json	census 2	census.jsonl.gz
oauth2-password	screen	apis/openapi/swaggerhub.tralixrd/b2b-rest/Tiimbrado/meta/import/input-entry.json licence	failed	candidates.tsv
oauth2-password	screen	apis/openapi/swaggerhub.tralixrd/b2b-rest/Tiimbrado/meta/import/input-entry.json ref	failed	candidates.tsv
oauth2-password	screen	apis/openapi/swaggerhub.tralixrd/b2b-rest/Tiimbrado/meta/import/input-entry.json fern	not-run	candidates.tsv
oauth2-password	document	apis/openapi/swaggerhub.tralixrd/b2b-rest/Tiimbrado/meta/import/output-bundle.json	census 2	census.jsonl.gz
oauth2-password	candidate	apis/openapi/swaggerhub.tralixrd/b2b-rest/Tiimbrado/meta/import/output-bundle.json	census 2	census.jsonl.gz
oauth2-password	screen	apis/openapi/swaggerhub.tralixrd/b2b-rest/Tiimbrado/meta/import/output-bundle.json licence	failed	candidates.tsv
oauth2-password	screen	apis/openapi/swaggerhub.tralixrd/b2b-rest/Tiimbrado/meta/import/output-bundle.json ref	failed	candidates.tsv
oauth2-password	screen	apis/openapi/swaggerhub.tralixrd/b2b-rest/Tiimbrado/meta/import/output-bundle.json fern	not-run	candidates.tsv
oauth2-password	document	apis/openapi/swaggerhub.tralixrd/b2b-rest/Tiimbrado/meta/import/output-entry.json	census 2	census.jsonl.gz
oauth2-password	candidate	apis/openapi/swaggerhub.tralixrd/b2b-rest/Tiimbrado/meta/import/output-entry.json	census 2	census.jsonl.gz
oauth2-password	screen	apis/openapi/swaggerhub.tralixrd/b2b-rest/Tiimbrado/meta/import/output-entry.json licence	failed	candidates.tsv
oauth2-password	screen	apis/openapi/swaggerhub.tralixrd/b2b-rest/Tiimbrado/meta/import/output-entry.json ref	failed	candidates.tsv
oauth2-password	screen	apis/openapi/swaggerhub.tralixrd/b2b-rest/Tiimbrado/meta/import/output-entry.json fern	not-run	candidates.tsv
oauth2-password	document	apis/openapi/swaggerhub.tralixrd/b2b-rest/Tiimbrado/openapi.json	census 2	census.jsonl.gz
oauth2-password	candidate	apis/openapi/swaggerhub.tralixrd/b2b-rest/Tiimbrado/openapi.json	census 2	census.jsonl.gz
oauth2-password	screen	apis/openapi/swaggerhub.tralixrd/b2b-rest/Tiimbrado/openapi.json licence	failed	candidates.tsv
oauth2-password	screen	apis/openapi/swaggerhub.tralixrd/b2b-rest/Tiimbrado/openapi.json ref	failed	candidates.tsv
oauth2-password	screen	apis/openapi/swaggerhub.tralixrd/b2b-rest/Tiimbrado/openapi.json fern	not-run	candidates.tsv
oauth2-password	document	apis/openapi/swaggerhub.triquestra/accounts-receivable/1.0.10/meta/import/input-bundle.json	census 2	census.jsonl.gz
oauth2-password	candidate	apis/openapi/swaggerhub.triquestra/accounts-receivable/1.0.10/meta/import/input-bundle.json	census 2	census.jsonl.gz
oauth2-password	screen	apis/openapi/swaggerhub.triquestra/accounts-receivable/1.0.10/meta/import/input-bundle.json licence	failed	candidates.tsv
oauth2-password	screen	apis/openapi/swaggerhub.triquestra/accounts-receivable/1.0.10/meta/import/input-bundle.json ref	failed	candidates.tsv
oauth2-password	screen	apis/openapi/swaggerhub.triquestra/accounts-receivable/1.0.10/meta/import/input-bundle.json fern	not-run	candidates.tsv
oauth2-password	document	apis/openapi/swaggerhub.triquestra/accounts-receivable/1.0.10/meta/import/input-entry.json	census 2	census.jsonl.gz
oauth2-password	candidate	apis/openapi/swaggerhub.triquestra/accounts-receivable/1.0.10/meta/import/input-entry.json	census 2	census.jsonl.gz
oauth2-password	screen	apis/openapi/swaggerhub.triquestra/accounts-receivable/1.0.10/meta/import/input-entry.json licence	failed	candidates.tsv
oauth2-password	screen	apis/openapi/swaggerhub.triquestra/accounts-receivable/1.0.10/meta/import/input-entry.json ref	failed	candidates.tsv
oauth2-password	screen	apis/openapi/swaggerhub.triquestra/accounts-receivable/1.0.10/meta/import/input-entry.json fern	not-run	candidates.tsv
oauth2-password	document	apis/openapi/swaggerhub.triquestra/accounts-receivable/1.0.10/meta/import/output-bundle.json	census 2	census.jsonl.gz
oauth2-password	candidate	apis/openapi/swaggerhub.triquestra/accounts-receivable/1.0.10/meta/import/output-bundle.json	census 2	census.jsonl.gz
oauth2-password	screen	apis/openapi/swaggerhub.triquestra/accounts-receivable/1.0.10/meta/import/output-bundle.json licence	failed	candidates.tsv
oauth2-password	screen	apis/openapi/swaggerhub.triquestra/accounts-receivable/1.0.10/meta/import/output-bundle.json ref	failed	candidates.tsv
oauth2-password	screen	apis/openapi/swaggerhub.triquestra/accounts-receivable/1.0.10/meta/import/output-bundle.json fern	not-run	candidates.tsv
oauth2-password	document	apis/openapi/swaggerhub.triquestra/accounts-receivable/1.0.10/meta/import/output-entry.json	census 2	census.jsonl.gz
oauth2-password	candidate	apis/openapi/swaggerhub.triquestra/accounts-receivable/1.0.10/meta/import/output-entry.json	census 2	census.jsonl.gz
oauth2-password	screen	apis/openapi/swaggerhub.triquestra/accounts-receivable/1.0.10/meta/import/output-entry.json licence	failed	candidates.tsv
oauth2-password	screen	apis/openapi/swaggerhub.triquestra/accounts-receivable/1.0.10/meta/import/output-entry.json ref	failed	candidates.tsv
oauth2-password	screen	apis/openapi/swaggerhub.triquestra/accounts-receivable/1.0.10/meta/import/output-entry.json fern	not-run	candidates.tsv
oauth2-password	document	apis/openapi/swaggerhub.triquestra/accounts-receivable/1.0.10/openapi.json	census 2	census.jsonl.gz
oauth2-password	candidate	apis/openapi/swaggerhub.triquestra/accounts-receivable/1.0.10/openapi.json	census 2	census.jsonl.gz
oauth2-password	screen	apis/openapi/swaggerhub.triquestra/accounts-receivable/1.0.10/openapi.json licence	failed	candidates.tsv
oauth2-password	screen	apis/openapi/swaggerhub.triquestra/accounts-receivable/1.0.10/openapi.json ref	failed	candidates.tsv
oauth2-password	screen	apis/openapi/swaggerhub.triquestra/accounts-receivable/1.0.10/openapi.json fern	not-run	candidates.tsv
oauth2-password	document	apis/openapi/swaggerhub.triquestra/address/1.0.1/meta/import/input-bundle.json	census 2	census.jsonl.gz
oauth2-password	candidate	apis/openapi/swaggerhub.triquestra/address/1.0.1/meta/import/input-bundle.json	census 2	census.jsonl.gz
oauth2-password	screen	apis/openapi/swaggerhub.triquestra/address/1.0.1/meta/import/input-bundle.json licence	failed	candidates.tsv
oauth2-password	screen	apis/openapi/swaggerhub.triquestra/address/1.0.1/meta/import/input-bundle.json ref	failed	candidates.tsv
oauth2-password	screen	apis/openapi/swaggerhub.triquestra/address/1.0.1/meta/import/input-bundle.json fern	not-run	candidates.tsv
oauth2-password	document	apis/openapi/swaggerhub.triquestra/address/1.0.1/meta/import/input-entry.json	census 2	census.jsonl.gz
oauth2-password	candidate	apis/openapi/swaggerhub.triquestra/address/1.0.1/meta/import/input-entry.json	census 2	census.jsonl.gz
oauth2-password	screen	apis/openapi/swaggerhub.triquestra/address/1.0.1/meta/import/input-entry.json licence	failed	candidates.tsv
oauth2-password	screen	apis/openapi/swaggerhub.triquestra/address/1.0.1/meta/import/input-entry.json ref	failed	candidates.tsv
oauth2-password	screen	apis/openapi/swaggerhub.triquestra/address/1.0.1/meta/import/input-entry.json fern	not-run	candidates.tsv
oauth2-password	document	apis/openapi/swaggerhub.triquestra/address/1.0.1/meta/import/output-bundle.json	census 2	census.jsonl.gz
oauth2-password	candidate	apis/openapi/swaggerhub.triquestra/address/1.0.1/meta/import/output-bundle.json	census 2	census.jsonl.gz
oauth2-password	screen	apis/openapi/swaggerhub.triquestra/address/1.0.1/meta/import/output-bundle.json licence	failed	candidates.tsv
oauth2-password	screen	apis/openapi/swaggerhub.triquestra/address/1.0.1/meta/import/output-bundle.json ref	failed	candidates.tsv
oauth2-password	screen	apis/openapi/swaggerhub.triquestra/address/1.0.1/meta/import/output-bundle.json fern	not-run	candidates.tsv
oauth2-password	document	apis/openapi/swaggerhub.triquestra/address/1.0.1/meta/import/output-entry.json	census 2	census.jsonl.gz
oauth2-password	candidate	apis/openapi/swaggerhub.triquestra/address/1.0.1/meta/import/output-entry.json	census 2	census.jsonl.gz
oauth2-password	screen	apis/openapi/swaggerhub.triquestra/address/1.0.1/meta/import/output-entry.json licence	failed	candidates.tsv
oauth2-password	screen	apis/openapi/swaggerhub.triquestra/address/1.0.1/meta/import/output-entry.json ref	failed	candidates.tsv
oauth2-password	screen	apis/openapi/swaggerhub.triquestra/address/1.0.1/meta/import/output-entry.json fern	not-run	candidates.tsv
oauth2-password	document	apis/openapi/swaggerhub.triquestra/address/1.0.1/openapi.json	census 2	census.jsonl.gz
oauth2-password	candidate	apis/openapi/swaggerhub.triquestra/address/1.0.1/openapi.json	census 2	census.jsonl.gz
oauth2-password	screen	apis/openapi/swaggerhub.triquestra/address/1.0.1/openapi.json licence	failed	candidates.tsv
oauth2-password	screen	apis/openapi/swaggerhub.triquestra/address/1.0.1/openapi.json ref	failed	candidates.tsv
oauth2-password	screen	apis/openapi/swaggerhub.triquestra/address/1.0.1/openapi.json fern	not-run	candidates.tsv
oauth2-password	document	apis/openapi/swaggerhub.triquestra/agency-gateway/3.1/meta/import/input-bundle.json	census 2	census.jsonl.gz
oauth2-password	candidate	apis/openapi/swaggerhub.triquestra/agency-gateway/3.1/meta/import/input-bundle.json	census 2	census.jsonl.gz
oauth2-password	screen	apis/openapi/swaggerhub.triquestra/agency-gateway/3.1/meta/import/input-bundle.json licence	failed	candidates.tsv
oauth2-password	screen	apis/openapi/swaggerhub.triquestra/agency-gateway/3.1/meta/import/input-bundle.json ref	failed	candidates.tsv
oauth2-password	screen	apis/openapi/swaggerhub.triquestra/agency-gateway/3.1/meta/import/input-bundle.json fern	not-run	candidates.tsv
oauth2-password	document	apis/openapi/swaggerhub.triquestra/agency-gateway/3.1/meta/import/input-entry.json	census 2	census.jsonl.gz
oauth2-password	candidate	apis/openapi/swaggerhub.triquestra/agency-gateway/3.1/meta/import/input-entry.json	census 2	census.jsonl.gz
oauth2-password	screen	apis/openapi/swaggerhub.triquestra/agency-gateway/3.1/meta/import/input-entry.json licence	failed	candidates.tsv
oauth2-password	screen	apis/openapi/swaggerhub.triquestra/agency-gateway/3.1/meta/import/input-entry.json ref	failed	candidates.tsv
oauth2-password	screen	apis/openapi/swaggerhub.triquestra/agency-gateway/3.1/meta/import/input-entry.json fern	not-run	candidates.tsv
oauth2-password	document	apis/openapi/swaggerhub.triquestra/agency-gateway/3.1/meta/import/output-bundle.json	census 2	census.jsonl.gz
oauth2-password	candidate	apis/openapi/swaggerhub.triquestra/agency-gateway/3.1/meta/import/output-bundle.json	census 2	census.jsonl.gz
oauth2-password	screen	apis/openapi/swaggerhub.triquestra/agency-gateway/3.1/meta/import/output-bundle.json licence	failed	candidates.tsv
oauth2-password	screen	apis/openapi/swaggerhub.triquestra/agency-gateway/3.1/meta/import/output-bundle.json ref	failed	candidates.tsv
oauth2-password	screen	apis/openapi/swaggerhub.triquestra/agency-gateway/3.1/meta/import/output-bundle.json fern	not-run	candidates.tsv
oauth2-password	document	apis/openapi/swaggerhub.triquestra/agency-gateway/3.1/meta/import/output-entry.json	census 2	census.jsonl.gz
oauth2-password	candidate	apis/openapi/swaggerhub.triquestra/agency-gateway/3.1/meta/import/output-entry.json	census 2	census.jsonl.gz
oauth2-password	screen	apis/openapi/swaggerhub.triquestra/agency-gateway/3.1/meta/import/output-entry.json licence	failed	candidates.tsv
oauth2-password	screen	apis/openapi/swaggerhub.triquestra/agency-gateway/3.1/meta/import/output-entry.json ref	failed	candidates.tsv
oauth2-password	screen	apis/openapi/swaggerhub.triquestra/agency-gateway/3.1/meta/import/output-entry.json fern	not-run	candidates.tsv
oauth2-password	document	apis/openapi/swaggerhub.triquestra/agency-gateway/3.1/openapi.json	census 2	census.jsonl.gz
oauth2-password	candidate	apis/openapi/swaggerhub.triquestra/agency-gateway/3.1/openapi.json	census 2	census.jsonl.gz
oauth2-password	screen	apis/openapi/swaggerhub.triquestra/agency-gateway/3.1/openapi.json licence	failed	candidates.tsv
oauth2-password	screen	apis/openapi/swaggerhub.triquestra/agency-gateway/3.1/openapi.json ref	failed	candidates.tsv
oauth2-password	screen	apis/openapi/swaggerhub.triquestra/agency-gateway/3.1/openapi.json fern	not-run	candidates.tsv
oauth2-password	document	apis/openapi/swaggerhub.usac93/authentication/1.0.0/meta/import/input-bundle.json	census 2	census.jsonl.gz
oauth2-password	candidate	apis/openapi/swaggerhub.usac93/authentication/1.0.0/meta/import/input-bundle.json	census 2	census.jsonl.gz
oauth2-password	screen	apis/openapi/swaggerhub.usac93/authentication/1.0.0/meta/import/input-bundle.json licence	failed	candidates.tsv
oauth2-password	screen	apis/openapi/swaggerhub.usac93/authentication/1.0.0/meta/import/input-bundle.json ref	failed	candidates.tsv
oauth2-password	screen	apis/openapi/swaggerhub.usac93/authentication/1.0.0/meta/import/input-bundle.json fern	not-run	candidates.tsv
oauth2-password	document	apis/openapi/swaggerhub.usac93/authentication/1.0.0/meta/import/input-entry.json	census 2	census.jsonl.gz
oauth2-password	candidate	apis/openapi/swaggerhub.usac93/authentication/1.0.0/meta/import/input-entry.json	census 2	census.jsonl.gz
oauth2-password	screen	apis/openapi/swaggerhub.usac93/authentication/1.0.0/meta/import/input-entry.json licence	failed	candidates.tsv
oauth2-password	screen	apis/openapi/swaggerhub.usac93/authentication/1.0.0/meta/import/input-entry.json ref	failed	candidates.tsv
oauth2-password	screen	apis/openapi/swaggerhub.usac93/authentication/1.0.0/meta/import/input-entry.json fern	not-run	candidates.tsv
oauth2-password	document	apis/openapi/swaggerhub.usac93/authentication/1.0.0/meta/import/output-bundle.json	census 2	census.jsonl.gz
oauth2-password	candidate	apis/openapi/swaggerhub.usac93/authentication/1.0.0/meta/import/output-bundle.json	census 2	census.jsonl.gz
oauth2-password	screen	apis/openapi/swaggerhub.usac93/authentication/1.0.0/meta/import/output-bundle.json licence	failed	candidates.tsv
oauth2-password	screen	apis/openapi/swaggerhub.usac93/authentication/1.0.0/meta/import/output-bundle.json ref	failed	candidates.tsv
oauth2-password	screen	apis/openapi/swaggerhub.usac93/authentication/1.0.0/meta/import/output-bundle.json fern	not-run	candidates.tsv
oauth2-password	document	apis/openapi/swaggerhub.usac93/authentication/1.0.0/meta/import/output-entry.json	census 2	census.jsonl.gz
oauth2-password	candidate	apis/openapi/swaggerhub.usac93/authentication/1.0.0/meta/import/output-entry.json	census 2	census.jsonl.gz
oauth2-password	screen	apis/openapi/swaggerhub.usac93/authentication/1.0.0/meta/import/output-entry.json licence	failed	candidates.tsv
oauth2-password	screen	apis/openapi/swaggerhub.usac93/authentication/1.0.0/meta/import/output-entry.json ref	failed	candidates.tsv
oauth2-password	screen	apis/openapi/swaggerhub.usac93/authentication/1.0.0/meta/import/output-entry.json fern	not-run	candidates.tsv
oauth2-password	document	apis/openapi/swaggerhub.usac93/authentication/1.0.0/openapi.json	census 2	census.jsonl.gz
oauth2-password	candidate	apis/openapi/swaggerhub.usac93/authentication/1.0.0/openapi.json	census 2	census.jsonl.gz
oauth2-password	screen	apis/openapi/swaggerhub.usac93/authentication/1.0.0/openapi.json licence	failed	candidates.tsv
oauth2-password	screen	apis/openapi/swaggerhub.usac93/authentication/1.0.0/openapi.json ref	failed	candidates.tsv
oauth2-password	screen	apis/openapi/swaggerhub.usac93/authentication/1.0.0/openapi.json fern	not-run	candidates.tsv
oauth2-password	document	apis/openapi/theirstack.com/main/1.0.0/meta/import/input-bundle.json	census 2	census.jsonl.gz
oauth2-password	candidate	apis/openapi/theirstack.com/main/1.0.0/meta/import/input-bundle.json	census 2	census.jsonl.gz
oauth2-password	screen	apis/openapi/theirstack.com/main/1.0.0/meta/import/input-bundle.json licence	failed	candidates.tsv
oauth2-password	screen	apis/openapi/theirstack.com/main/1.0.0/meta/import/input-bundle.json ref	failed	candidates.tsv
oauth2-password	screen	apis/openapi/theirstack.com/main/1.0.0/meta/import/input-bundle.json fern	not-run	candidates.tsv
oauth2-password	document	apis/openapi/theirstack.com/main/1.0.0/meta/import/input-entry.json	census 2	census.jsonl.gz
oauth2-password	candidate	apis/openapi/theirstack.com/main/1.0.0/meta/import/input-entry.json	census 2	census.jsonl.gz
oauth2-password	screen	apis/openapi/theirstack.com/main/1.0.0/meta/import/input-entry.json licence	failed	candidates.tsv
oauth2-password	screen	apis/openapi/theirstack.com/main/1.0.0/meta/import/input-entry.json ref	failed	candidates.tsv
oauth2-password	screen	apis/openapi/theirstack.com/main/1.0.0/meta/import/input-entry.json fern	not-run	candidates.tsv
oauth2-password	document	apis/openapi/theirstack.com/main/1.0.0/meta/import/output-bundle.json	census 2	census.jsonl.gz
oauth2-password	candidate	apis/openapi/theirstack.com/main/1.0.0/meta/import/output-bundle.json	census 2	census.jsonl.gz
oauth2-password	screen	apis/openapi/theirstack.com/main/1.0.0/meta/import/output-bundle.json licence	failed	candidates.tsv
oauth2-password	screen	apis/openapi/theirstack.com/main/1.0.0/meta/import/output-bundle.json ref	failed	candidates.tsv
oauth2-password	screen	apis/openapi/theirstack.com/main/1.0.0/meta/import/output-bundle.json fern	not-run	candidates.tsv
oauth2-password	document	apis/openapi/theirstack.com/main/1.0.0/meta/import/output-entry.json	census 2	census.jsonl.gz
oauth2-password	candidate	apis/openapi/theirstack.com/main/1.0.0/meta/import/output-entry.json	census 2	census.jsonl.gz
oauth2-password	screen	apis/openapi/theirstack.com/main/1.0.0/meta/import/output-entry.json licence	failed	candidates.tsv
oauth2-password	screen	apis/openapi/theirstack.com/main/1.0.0/meta/import/output-entry.json ref	failed	candidates.tsv
oauth2-password	screen	apis/openapi/theirstack.com/main/1.0.0/meta/import/output-entry.json fern	not-run	candidates.tsv
oauth2-password	document	apis/openapi/theirstack.com/main/1.0.0/openapi.json	census 2	census.jsonl.gz
oauth2-password	candidate	apis/openapi/theirstack.com/main/1.0.0/openapi.json	census 2	census.jsonl.gz
oauth2-password	screen	apis/openapi/theirstack.com/main/1.0.0/openapi.json licence	failed	candidates.tsv
oauth2-password	screen	apis/openapi/theirstack.com/main/1.0.0/openapi.json ref	failed	candidates.tsv
oauth2-password	screen	apis/openapi/theirstack.com/main/1.0.0/openapi.json fern	not-run	candidates.tsv
oauth2-password	document	apis/openapi/webshipper.io/main/2.0/meta/import/input-bundle.json	census 2	census.jsonl.gz
oauth2-password	candidate	apis/openapi/webshipper.io/main/2.0/meta/import/input-bundle.json	census 2	census.jsonl.gz
oauth2-password	screen	apis/openapi/webshipper.io/main/2.0/meta/import/input-bundle.json licence	failed	candidates.tsv
oauth2-password	screen	apis/openapi/webshipper.io/main/2.0/meta/import/input-bundle.json ref	failed	candidates.tsv
oauth2-password	screen	apis/openapi/webshipper.io/main/2.0/meta/import/input-bundle.json fern	not-run	candidates.tsv
oauth2-password	document	apis/openapi/webshipper.io/main/2.0/meta/import/input-entry.json	census 2	census.jsonl.gz
oauth2-password	candidate	apis/openapi/webshipper.io/main/2.0/meta/import/input-entry.json	census 2	census.jsonl.gz
oauth2-password	screen	apis/openapi/webshipper.io/main/2.0/meta/import/input-entry.json licence	failed	candidates.tsv
oauth2-password	screen	apis/openapi/webshipper.io/main/2.0/meta/import/input-entry.json ref	failed	candidates.tsv
oauth2-password	screen	apis/openapi/webshipper.io/main/2.0/meta/import/input-entry.json fern	not-run	candidates.tsv
oauth2-password	document	apis/openapi/webshipper.io/main/2.0/meta/import/output-bundle.json	census 2	census.jsonl.gz
oauth2-password	candidate	apis/openapi/webshipper.io/main/2.0/meta/import/output-bundle.json	census 2	census.jsonl.gz
oauth2-password	screen	apis/openapi/webshipper.io/main/2.0/meta/import/output-bundle.json licence	failed	candidates.tsv
oauth2-password	screen	apis/openapi/webshipper.io/main/2.0/meta/import/output-bundle.json ref	failed	candidates.tsv
oauth2-password	screen	apis/openapi/webshipper.io/main/2.0/meta/import/output-bundle.json fern	not-run	candidates.tsv
oauth2-password	document	apis/openapi/webshipper.io/main/2.0/meta/import/output-entry.json	census 2	census.jsonl.gz
oauth2-password	candidate	apis/openapi/webshipper.io/main/2.0/meta/import/output-entry.json	census 2	census.jsonl.gz
oauth2-password	screen	apis/openapi/webshipper.io/main/2.0/meta/import/output-entry.json licence	failed	candidates.tsv
oauth2-password	screen	apis/openapi/webshipper.io/main/2.0/meta/import/output-entry.json ref	failed	candidates.tsv
oauth2-password	screen	apis/openapi/webshipper.io/main/2.0/meta/import/output-entry.json fern	not-run	candidates.tsv
oauth2-password	document	apis/openapi/webshipper.io/main/2.0/openapi.json	census 2	census.jsonl.gz
oauth2-password	candidate	apis/openapi/webshipper.io/main/2.0/openapi.json	census 2	census.jsonl.gz
oauth2-password	screen	apis/openapi/webshipper.io/main/2.0/openapi.json licence	failed	candidates.tsv
oauth2-password	screen	apis/openapi/webshipper.io/main/2.0/openapi.json ref	failed	candidates.tsv
oauth2-password	screen	apis/openapi/webshipper.io/main/2.0/openapi.json fern	not-run	candidates.tsv
oauth2-password	document	apis/openapi/wildapricot.com/main/9.6.1/meta/import/input-bundle.json	census 2	census.jsonl.gz
oauth2-password	candidate	apis/openapi/wildapricot.com/main/9.6.1/meta/import/input-bundle.json	census 2	census.jsonl.gz
oauth2-password	screen	apis/openapi/wildapricot.com/main/9.6.1/meta/import/input-bundle.json licence	failed	candidates.tsv
oauth2-password	screen	apis/openapi/wildapricot.com/main/9.6.1/meta/import/input-bundle.json ref	failed	candidates.tsv
oauth2-password	screen	apis/openapi/wildapricot.com/main/9.6.1/meta/import/input-bundle.json fern	not-run	candidates.tsv
oauth2-password	document	apis/openapi/wildapricot.com/main/9.6.1/meta/import/input-entry.json	census 2	census.jsonl.gz
oauth2-password	candidate	apis/openapi/wildapricot.com/main/9.6.1/meta/import/input-entry.json	census 2	census.jsonl.gz
oauth2-password	screen	apis/openapi/wildapricot.com/main/9.6.1/meta/import/input-entry.json licence	failed	candidates.tsv
oauth2-password	screen	apis/openapi/wildapricot.com/main/9.6.1/meta/import/input-entry.json ref	failed	candidates.tsv
oauth2-password	screen	apis/openapi/wildapricot.com/main/9.6.1/meta/import/input-entry.json fern	not-run	candidates.tsv
oauth2-password	document	apis/openapi/wildapricot.com/main/9.6.1/meta/import/output-bundle.json	census 2	census.jsonl.gz
oauth2-password	candidate	apis/openapi/wildapricot.com/main/9.6.1/meta/import/output-bundle.json	census 2	census.jsonl.gz
oauth2-password	screen	apis/openapi/wildapricot.com/main/9.6.1/meta/import/output-bundle.json licence	failed	candidates.tsv
oauth2-password	screen	apis/openapi/wildapricot.com/main/9.6.1/meta/import/output-bundle.json ref	failed	candidates.tsv
oauth2-password	screen	apis/openapi/wildapricot.com/main/9.6.1/meta/import/output-bundle.json fern	not-run	candidates.tsv
oauth2-password	document	apis/openapi/wildapricot.com/main/9.6.1/meta/import/output-entry.json	census 2	census.jsonl.gz
oauth2-password	candidate	apis/openapi/wildapricot.com/main/9.6.1/meta/import/output-entry.json	census 2	census.jsonl.gz
oauth2-password	screen	apis/openapi/wildapricot.com/main/9.6.1/meta/import/output-entry.json licence	failed	candidates.tsv
oauth2-password	screen	apis/openapi/wildapricot.com/main/9.6.1/meta/import/output-entry.json ref	failed	candidates.tsv
oauth2-password	screen	apis/openapi/wildapricot.com/main/9.6.1/meta/import/output-entry.json fern	not-run	candidates.tsv
oauth2-password	document	apis/openapi/wildapricot.com/main/9.6.1/openapi.json	census 2	census.jsonl.gz
oauth2-password	candidate	apis/openapi/wildapricot.com/main/9.6.1/openapi.json	census 2	census.jsonl.gz
oauth2-password	screen	apis/openapi/wildapricot.com/main/9.6.1/openapi.json licence	failed	candidates.tsv
oauth2-password	screen	apis/openapi/wildapricot.com/main/9.6.1/openapi.json ref	failed	candidates.tsv
oauth2-password	screen	apis/openapi/wildapricot.com/main/9.6.1/openapi.json fern	not-run	candidates.tsv
oauth2-password	document	apis/openapi/{vanity-name}.api.visier.io/visier-data-handling/22222222.99201.1256/meta/import/input-bundle.json	census 2	census.jsonl.gz
oauth2-password	candidate	apis/openapi/{vanity-name}.api.visier.io/visier-data-handling/22222222.99201.1256/meta/import/input-bundle.json	census 2	census.jsonl.gz
oauth2-password	screen	apis/openapi/{vanity-name}.api.visier.io/visier-data-handling/22222222.99201.1256/meta/import/input-bundle.json licence	passed	candidates.tsv
oauth2-password	screen	apis/openapi/{vanity-name}.api.visier.io/visier-data-handling/22222222.99201.1256/meta/import/input-bundle.json ref	failed	candidates.tsv
oauth2-password	screen	apis/openapi/{vanity-name}.api.visier.io/visier-data-handling/22222222.99201.1256/meta/import/input-bundle.json fern	not-run	candidates.tsv
oauth2-password	document	apis/openapi/{vanity-name}.api.visier.io/visier-data-handling/22222222.99201.1256/meta/import/input-entry.json	census 2	census.jsonl.gz
oauth2-password	candidate	apis/openapi/{vanity-name}.api.visier.io/visier-data-handling/22222222.99201.1256/meta/import/input-entry.json	census 2	census.jsonl.gz
oauth2-password	screen	apis/openapi/{vanity-name}.api.visier.io/visier-data-handling/22222222.99201.1256/meta/import/input-entry.json licence	passed	candidates.tsv
oauth2-password	screen	apis/openapi/{vanity-name}.api.visier.io/visier-data-handling/22222222.99201.1256/meta/import/input-entry.json ref	failed	candidates.tsv
oauth2-password	screen	apis/openapi/{vanity-name}.api.visier.io/visier-data-handling/22222222.99201.1256/meta/import/input-entry.json fern	not-run	candidates.tsv
oauth2-password	document	apis/openapi/{vanity-name}.api.visier.io/visier-data-handling/22222222.99201.1256/meta/import/output-bundle.json	census 2	census.jsonl.gz
oauth2-password	candidate	apis/openapi/{vanity-name}.api.visier.io/visier-data-handling/22222222.99201.1256/meta/import/output-bundle.json	census 2	census.jsonl.gz
oauth2-password	screen	apis/openapi/{vanity-name}.api.visier.io/visier-data-handling/22222222.99201.1256/meta/import/output-bundle.json licence	passed	candidates.tsv
oauth2-password	screen	apis/openapi/{vanity-name}.api.visier.io/visier-data-handling/22222222.99201.1256/meta/import/output-bundle.json ref	failed	candidates.tsv
oauth2-password	screen	apis/openapi/{vanity-name}.api.visier.io/visier-data-handling/22222222.99201.1256/meta/import/output-bundle.json fern	not-run	candidates.tsv
oauth2-password	document	apis/openapi/{vanity-name}.api.visier.io/visier-data-handling/22222222.99201.1256/meta/import/output-entry.json	census 2	census.jsonl.gz
oauth2-password	candidate	apis/openapi/{vanity-name}.api.visier.io/visier-data-handling/22222222.99201.1256/meta/import/output-entry.json	census 2	census.jsonl.gz
oauth2-password	screen	apis/openapi/{vanity-name}.api.visier.io/visier-data-handling/22222222.99201.1256/meta/import/output-entry.json licence	passed	candidates.tsv
oauth2-password	screen	apis/openapi/{vanity-name}.api.visier.io/visier-data-handling/22222222.99201.1256/meta/import/output-entry.json ref	failed	candidates.tsv
oauth2-password	screen	apis/openapi/{vanity-name}.api.visier.io/visier-data-handling/22222222.99201.1256/meta/import/output-entry.json fern	not-run	candidates.tsv
oauth2-password	document	apis/openapi/{vanity-name}.api.visier.io/visier-data-handling/22222222.99201.1256/openapi.json	census 2	census.jsonl.gz
oauth2-password	candidate	apis/openapi/{vanity-name}.api.visier.io/visier-data-handling/22222222.99201.1256/openapi.json	census 2	census.jsonl.gz
oauth2-password	screen	apis/openapi/{vanity-name}.api.visier.io/visier-data-handling/22222222.99201.1256/openapi.json licence	passed	candidates.tsv
oauth2-password	screen	apis/openapi/{vanity-name}.api.visier.io/visier-data-handling/22222222.99201.1256/openapi.json ref	failed	candidates.tsv
oauth2-password	screen	apis/openapi/{vanity-name}.api.visier.io/visier-data-handling/22222222.99201.1256/openapi.json fern	not-run	candidates.tsv
oauth2-password	document	apis/openapi/{vanity-name}.api.visier.io/visier-data-intake/22222222.99201.1256/meta/import/input-bundle.json	census 2	census.jsonl.gz
oauth2-password	candidate	apis/openapi/{vanity-name}.api.visier.io/visier-data-intake/22222222.99201.1256/meta/import/input-bundle.json	census 2	census.jsonl.gz
oauth2-password	screen	apis/openapi/{vanity-name}.api.visier.io/visier-data-intake/22222222.99201.1256/meta/import/input-bundle.json licence	passed	candidates.tsv
oauth2-password	screen	apis/openapi/{vanity-name}.api.visier.io/visier-data-intake/22222222.99201.1256/meta/import/input-bundle.json ref	failed	candidates.tsv
oauth2-password	screen	apis/openapi/{vanity-name}.api.visier.io/visier-data-intake/22222222.99201.1256/meta/import/input-bundle.json fern	not-run	candidates.tsv
oauth2-password	document	apis/openapi/{vanity-name}.api.visier.io/visier-data-intake/22222222.99201.1256/meta/import/input-entry.json	census 2	census.jsonl.gz
oauth2-password	candidate	apis/openapi/{vanity-name}.api.visier.io/visier-data-intake/22222222.99201.1256/meta/import/input-entry.json	census 2	census.jsonl.gz
oauth2-password	screen	apis/openapi/{vanity-name}.api.visier.io/visier-data-intake/22222222.99201.1256/meta/import/input-entry.json licence	passed	candidates.tsv
oauth2-password	screen	apis/openapi/{vanity-name}.api.visier.io/visier-data-intake/22222222.99201.1256/meta/import/input-entry.json ref	failed	candidates.tsv
oauth2-password	screen	apis/openapi/{vanity-name}.api.visier.io/visier-data-intake/22222222.99201.1256/meta/import/input-entry.json fern	not-run	candidates.tsv
oauth2-password	document	apis/openapi/{vanity-name}.api.visier.io/visier-data-intake/22222222.99201.1256/meta/import/output-bundle.json	census 2	census.jsonl.gz
oauth2-password	candidate	apis/openapi/{vanity-name}.api.visier.io/visier-data-intake/22222222.99201.1256/meta/import/output-bundle.json	census 2	census.jsonl.gz
oauth2-password	screen	apis/openapi/{vanity-name}.api.visier.io/visier-data-intake/22222222.99201.1256/meta/import/output-bundle.json licence	passed	candidates.tsv
oauth2-password	screen	apis/openapi/{vanity-name}.api.visier.io/visier-data-intake/22222222.99201.1256/meta/import/output-bundle.json ref	failed	candidates.tsv
oauth2-password	screen	apis/openapi/{vanity-name}.api.visier.io/visier-data-intake/22222222.99201.1256/meta/import/output-bundle.json fern	not-run	candidates.tsv
oauth2-password	document	apis/openapi/{vanity-name}.api.visier.io/visier-data-intake/22222222.99201.1256/meta/import/output-entry.json	census 2	census.jsonl.gz
oauth2-password	candidate	apis/openapi/{vanity-name}.api.visier.io/visier-data-intake/22222222.99201.1256/meta/import/output-entry.json	census 2	census.jsonl.gz
oauth2-password	screen	apis/openapi/{vanity-name}.api.visier.io/visier-data-intake/22222222.99201.1256/meta/import/output-entry.json licence	passed	candidates.tsv
oauth2-password	screen	apis/openapi/{vanity-name}.api.visier.io/visier-data-intake/22222222.99201.1256/meta/import/output-entry.json ref	failed	candidates.tsv
oauth2-password	screen	apis/openapi/{vanity-name}.api.visier.io/visier-data-intake/22222222.99201.1256/meta/import/output-entry.json fern	not-run	candidates.tsv
oauth2-password	document	apis/openapi/{vanity-name}.api.visier.io/visier-data-intake/22222222.99201.1256/openapi.json	census 2	census.jsonl.gz
oauth2-password	candidate	apis/openapi/{vanity-name}.api.visier.io/visier-data-intake/22222222.99201.1256/openapi.json	census 2	census.jsonl.gz
oauth2-password	screen	apis/openapi/{vanity-name}.api.visier.io/visier-data-intake/22222222.99201.1256/openapi.json licence	passed	candidates.tsv
oauth2-password	screen	apis/openapi/{vanity-name}.api.visier.io/visier-data-intake/22222222.99201.1256/openapi.json ref	failed	candidates.tsv
oauth2-password	screen	apis/openapi/{vanity-name}.api.visier.io/visier-data-intake/22222222.99201.1256/openapi.json fern	not-run	candidates.tsv
oauth2-password	document	apis/openapi/{vanity-name}.api.visier.io/visier-document-search/22222222.99201.1256/meta/import/input-bundle.json	census 2	census.jsonl.gz
oauth2-password	candidate	apis/openapi/{vanity-name}.api.visier.io/visier-document-search/22222222.99201.1256/meta/import/input-bundle.json	census 2	census.jsonl.gz
oauth2-password	screen	apis/openapi/{vanity-name}.api.visier.io/visier-document-search/22222222.99201.1256/meta/import/input-bundle.json licence	passed	candidates.tsv
oauth2-password	screen	apis/openapi/{vanity-name}.api.visier.io/visier-document-search/22222222.99201.1256/meta/import/input-bundle.json ref	failed	candidates.tsv
oauth2-password	screen	apis/openapi/{vanity-name}.api.visier.io/visier-document-search/22222222.99201.1256/meta/import/input-bundle.json fern	not-run	candidates.tsv
oauth2-password	document	apis/openapi/{vanity-name}.api.visier.io/visier-document-search/22222222.99201.1256/meta/import/input-entry.json	census 2	census.jsonl.gz
oauth2-password	candidate	apis/openapi/{vanity-name}.api.visier.io/visier-document-search/22222222.99201.1256/meta/import/input-entry.json	census 2	census.jsonl.gz
oauth2-password	screen	apis/openapi/{vanity-name}.api.visier.io/visier-document-search/22222222.99201.1256/meta/import/input-entry.json licence	passed	candidates.tsv
oauth2-password	screen	apis/openapi/{vanity-name}.api.visier.io/visier-document-search/22222222.99201.1256/meta/import/input-entry.json ref	failed	candidates.tsv
oauth2-password	screen	apis/openapi/{vanity-name}.api.visier.io/visier-document-search/22222222.99201.1256/meta/import/input-entry.json fern	not-run	candidates.tsv
oauth2-password	document	apis/openapi/{vanity-name}.api.visier.io/visier-document-search/22222222.99201.1256/meta/import/output-bundle.json	census 2	census.jsonl.gz
oauth2-password	candidate	apis/openapi/{vanity-name}.api.visier.io/visier-document-search/22222222.99201.1256/meta/import/output-bundle.json	census 2	census.jsonl.gz
oauth2-password	screen	apis/openapi/{vanity-name}.api.visier.io/visier-document-search/22222222.99201.1256/meta/import/output-bundle.json licence	passed	candidates.tsv
oauth2-password	screen	apis/openapi/{vanity-name}.api.visier.io/visier-document-search/22222222.99201.1256/meta/import/output-bundle.json ref	failed	candidates.tsv
oauth2-password	screen	apis/openapi/{vanity-name}.api.visier.io/visier-document-search/22222222.99201.1256/meta/import/output-bundle.json fern	not-run	candidates.tsv
oauth2-password	document	apis/openapi/{vanity-name}.api.visier.io/visier-document-search/22222222.99201.1256/meta/import/output-entry.json	census 2	census.jsonl.gz
oauth2-password	candidate	apis/openapi/{vanity-name}.api.visier.io/visier-document-search/22222222.99201.1256/meta/import/output-entry.json	census 2	census.jsonl.gz
oauth2-password	screen	apis/openapi/{vanity-name}.api.visier.io/visier-document-search/22222222.99201.1256/meta/import/output-entry.json licence	passed	candidates.tsv
oauth2-password	screen	apis/openapi/{vanity-name}.api.visier.io/visier-document-search/22222222.99201.1256/meta/import/output-entry.json ref	failed	candidates.tsv
oauth2-password	screen	apis/openapi/{vanity-name}.api.visier.io/visier-document-search/22222222.99201.1256/meta/import/output-entry.json fern	not-run	candidates.tsv
oauth2-password	document	apis/openapi/{vanity-name}.api.visier.io/visier-document-search/22222222.99201.1256/openapi.json	census 2	census.jsonl.gz
oauth2-password	candidate	apis/openapi/{vanity-name}.api.visier.io/visier-document-search/22222222.99201.1256/openapi.json	census 2	census.jsonl.gz
oauth2-password	screen	apis/openapi/{vanity-name}.api.visier.io/visier-document-search/22222222.99201.1256/openapi.json licence	passed	candidates.tsv
oauth2-password	screen	apis/openapi/{vanity-name}.api.visier.io/visier-document-search/22222222.99201.1256/openapi.json ref	failed	candidates.tsv
oauth2-password	screen	apis/openapi/{vanity-name}.api.visier.io/visier-document-search/22222222.99201.1256/openapi.json fern	not-run	candidates.tsv
oauth2-password	document	apis/openapi/{vanity-name}.api.visier.io/visier-model-query/22222222.99201.1256/meta/import/input-bundle.json	census 2	census.jsonl.gz
oauth2-password	candidate	apis/openapi/{vanity-name}.api.visier.io/visier-model-query/22222222.99201.1256/meta/import/input-bundle.json	census 2	census.jsonl.gz
oauth2-password	screen	apis/openapi/{vanity-name}.api.visier.io/visier-model-query/22222222.99201.1256/meta/import/input-bundle.json licence	passed	candidates.tsv
oauth2-password	screen	apis/openapi/{vanity-name}.api.visier.io/visier-model-query/22222222.99201.1256/meta/import/input-bundle.json ref	failed	candidates.tsv
oauth2-password	screen	apis/openapi/{vanity-name}.api.visier.io/visier-model-query/22222222.99201.1256/meta/import/input-bundle.json fern	not-run	candidates.tsv
oauth2-password	document	apis/openapi/{vanity-name}.api.visier.io/visier-model-query/22222222.99201.1256/meta/import/input-entry.json	census 2	census.jsonl.gz
oauth2-password	candidate	apis/openapi/{vanity-name}.api.visier.io/visier-model-query/22222222.99201.1256/meta/import/input-entry.json	census 2	census.jsonl.gz
oauth2-password	screen	apis/openapi/{vanity-name}.api.visier.io/visier-model-query/22222222.99201.1256/meta/import/input-entry.json licence	passed	candidates.tsv
oauth2-password	screen	apis/openapi/{vanity-name}.api.visier.io/visier-model-query/22222222.99201.1256/meta/import/input-entry.json ref	failed	candidates.tsv
oauth2-password	screen	apis/openapi/{vanity-name}.api.visier.io/visier-model-query/22222222.99201.1256/meta/import/input-entry.json fern	not-run	candidates.tsv
oauth2-password	document	apis/openapi/{vanity-name}.api.visier.io/visier-model-query/22222222.99201.1256/meta/import/output-bundle.json	census 2	census.jsonl.gz
oauth2-password	candidate	apis/openapi/{vanity-name}.api.visier.io/visier-model-query/22222222.99201.1256/meta/import/output-bundle.json	census 2	census.jsonl.gz
oauth2-password	screen	apis/openapi/{vanity-name}.api.visier.io/visier-model-query/22222222.99201.1256/meta/import/output-bundle.json licence	passed	candidates.tsv
oauth2-password	screen	apis/openapi/{vanity-name}.api.visier.io/visier-model-query/22222222.99201.1256/meta/import/output-bundle.json ref	failed	candidates.tsv
oauth2-password	screen	apis/openapi/{vanity-name}.api.visier.io/visier-model-query/22222222.99201.1256/meta/import/output-bundle.json fern	not-run	candidates.tsv
oauth2-password	document	apis/openapi/{vanity-name}.api.visier.io/visier-model-query/22222222.99201.1256/meta/import/output-entry.json	census 2	census.jsonl.gz
oauth2-password	candidate	apis/openapi/{vanity-name}.api.visier.io/visier-model-query/22222222.99201.1256/meta/import/output-entry.json	census 2	census.jsonl.gz
oauth2-password	screen	apis/openapi/{vanity-name}.api.visier.io/visier-model-query/22222222.99201.1256/meta/import/output-entry.json licence	passed	candidates.tsv
oauth2-password	screen	apis/openapi/{vanity-name}.api.visier.io/visier-model-query/22222222.99201.1256/meta/import/output-entry.json ref	failed	candidates.tsv
oauth2-password	screen	apis/openapi/{vanity-name}.api.visier.io/visier-model-query/22222222.99201.1256/meta/import/output-entry.json fern	not-run	candidates.tsv
oauth2-password	document	apis/openapi/{vanity-name}.api.visier.io/visier-model-query/22222222.99201.1256/openapi.json	census 2	census.jsonl.gz
oauth2-password	candidate	apis/openapi/{vanity-name}.api.visier.io/visier-model-query/22222222.99201.1256/openapi.json	census 2	census.jsonl.gz
oauth2-password	screen	apis/openapi/{vanity-name}.api.visier.io/visier-model-query/22222222.99201.1256/openapi.json licence	passed	candidates.tsv
oauth2-password	screen	apis/openapi/{vanity-name}.api.visier.io/visier-model-query/22222222.99201.1256/openapi.json ref	failed	candidates.tsv
oauth2-password	screen	apis/openapi/{vanity-name}.api.visier.io/visier-model-query/22222222.99201.1256/openapi.json fern	not-run	candidates.tsv
oauth2-password	document	apis/openapi/{vanity-name}.api.visier.io/visier-object-configuration/22222222.99201.1256/meta/import/input-bundle.json	census 2	census.jsonl.gz
oauth2-password	candidate	apis/openapi/{vanity-name}.api.visier.io/visier-object-configuration/22222222.99201.1256/meta/import/input-bundle.json	census 2	census.jsonl.gz
oauth2-password	screen	apis/openapi/{vanity-name}.api.visier.io/visier-object-configuration/22222222.99201.1256/meta/import/input-bundle.json licence	passed	candidates.tsv
oauth2-password	screen	apis/openapi/{vanity-name}.api.visier.io/visier-object-configuration/22222222.99201.1256/meta/import/input-bundle.json ref	failed	candidates.tsv
oauth2-password	screen	apis/openapi/{vanity-name}.api.visier.io/visier-object-configuration/22222222.99201.1256/meta/import/input-bundle.json fern	not-run	candidates.tsv
oauth2-password	document	apis/openapi/{vanity-name}.api.visier.io/visier-object-configuration/22222222.99201.1256/meta/import/input-entry.json	census 2	census.jsonl.gz
oauth2-password	candidate	apis/openapi/{vanity-name}.api.visier.io/visier-object-configuration/22222222.99201.1256/meta/import/input-entry.json	census 2	census.jsonl.gz
oauth2-password	screen	apis/openapi/{vanity-name}.api.visier.io/visier-object-configuration/22222222.99201.1256/meta/import/input-entry.json licence	passed	candidates.tsv
oauth2-password	screen	apis/openapi/{vanity-name}.api.visier.io/visier-object-configuration/22222222.99201.1256/meta/import/input-entry.json ref	failed	candidates.tsv
oauth2-password	screen	apis/openapi/{vanity-name}.api.visier.io/visier-object-configuration/22222222.99201.1256/meta/import/input-entry.json fern	not-run	candidates.tsv
oauth2-password	document	apis/openapi/{vanity-name}.api.visier.io/visier-object-configuration/22222222.99201.1256/meta/import/output-bundle.json	census 2	census.jsonl.gz
oauth2-password	candidate	apis/openapi/{vanity-name}.api.visier.io/visier-object-configuration/22222222.99201.1256/meta/import/output-bundle.json	census 2	census.jsonl.gz
oauth2-password	screen	apis/openapi/{vanity-name}.api.visier.io/visier-object-configuration/22222222.99201.1256/meta/import/output-bundle.json licence	passed	candidates.tsv
oauth2-password	screen	apis/openapi/{vanity-name}.api.visier.io/visier-object-configuration/22222222.99201.1256/meta/import/output-bundle.json ref	failed	candidates.tsv
oauth2-password	screen	apis/openapi/{vanity-name}.api.visier.io/visier-object-configuration/22222222.99201.1256/meta/import/output-bundle.json fern	not-run	candidates.tsv
oauth2-password	document	apis/openapi/{vanity-name}.api.visier.io/visier-object-configuration/22222222.99201.1256/meta/import/output-entry.json	census 2	census.jsonl.gz
oauth2-password	candidate	apis/openapi/{vanity-name}.api.visier.io/visier-object-configuration/22222222.99201.1256/meta/import/output-entry.json	census 2	census.jsonl.gz
oauth2-password	screen	apis/openapi/{vanity-name}.api.visier.io/visier-object-configuration/22222222.99201.1256/meta/import/output-entry.json licence	passed	candidates.tsv
oauth2-password	screen	apis/openapi/{vanity-name}.api.visier.io/visier-object-configuration/22222222.99201.1256/meta/import/output-entry.json ref	failed	candidates.tsv
oauth2-password	screen	apis/openapi/{vanity-name}.api.visier.io/visier-object-configuration/22222222.99201.1256/meta/import/output-entry.json fern	not-run	candidates.tsv
oauth2-password	document	apis/openapi/{vanity-name}.api.visier.io/visier-object-configuration/22222222.99201.1256/openapi.json	census 2	census.jsonl.gz
oauth2-password	candidate	apis/openapi/{vanity-name}.api.visier.io/visier-object-configuration/22222222.99201.1256/openapi.json	census 2	census.jsonl.gz
oauth2-password	screen	apis/openapi/{vanity-name}.api.visier.io/visier-object-configuration/22222222.99201.1256/openapi.json licence	passed	candidates.tsv
oauth2-password	screen	apis/openapi/{vanity-name}.api.visier.io/visier-object-configuration/22222222.99201.1256/openapi.json ref	failed	candidates.tsv
oauth2-password	screen	apis/openapi/{vanity-name}.api.visier.io/visier-object-configuration/22222222.99201.1256/openapi.json fern	not-run	candidates.tsv
oauth2-password	document	apis/openapi/{vanity-name}.api.visier.io/visier-permission-management/22222222.99201.1256/meta/import/input-bundle.json	census 2	census.jsonl.gz
oauth2-password	candidate	apis/openapi/{vanity-name}.api.visier.io/visier-permission-management/22222222.99201.1256/meta/import/input-bundle.json	census 2	census.jsonl.gz
oauth2-password	screen	apis/openapi/{vanity-name}.api.visier.io/visier-permission-management/22222222.99201.1256/meta/import/input-bundle.json licence	passed	candidates.tsv
oauth2-password	screen	apis/openapi/{vanity-name}.api.visier.io/visier-permission-management/22222222.99201.1256/meta/import/input-bundle.json ref	failed	candidates.tsv
oauth2-password	screen	apis/openapi/{vanity-name}.api.visier.io/visier-permission-management/22222222.99201.1256/meta/import/input-bundle.json fern	not-run	candidates.tsv
oauth2-password	document	apis/openapi/{vanity-name}.api.visier.io/visier-permission-management/22222222.99201.1256/meta/import/input-entry.json	census 2	census.jsonl.gz
oauth2-password	candidate	apis/openapi/{vanity-name}.api.visier.io/visier-permission-management/22222222.99201.1256/meta/import/input-entry.json	census 2	census.jsonl.gz
oauth2-password	screen	apis/openapi/{vanity-name}.api.visier.io/visier-permission-management/22222222.99201.1256/meta/import/input-entry.json licence	passed	candidates.tsv
oauth2-password	screen	apis/openapi/{vanity-name}.api.visier.io/visier-permission-management/22222222.99201.1256/meta/import/input-entry.json ref	failed	candidates.tsv
oauth2-password	screen	apis/openapi/{vanity-name}.api.visier.io/visier-permission-management/22222222.99201.1256/meta/import/input-entry.json fern	not-run	candidates.tsv
oauth2-password	document	apis/openapi/{vanity-name}.api.visier.io/visier-permission-management/22222222.99201.1256/meta/import/output-bundle.json	census 2	census.jsonl.gz
oauth2-password	candidate	apis/openapi/{vanity-name}.api.visier.io/visier-permission-management/22222222.99201.1256/meta/import/output-bundle.json	census 2	census.jsonl.gz
oauth2-password	screen	apis/openapi/{vanity-name}.api.visier.io/visier-permission-management/22222222.99201.1256/meta/import/output-bundle.json licence	passed	candidates.tsv
oauth2-password	screen	apis/openapi/{vanity-name}.api.visier.io/visier-permission-management/22222222.99201.1256/meta/import/output-bundle.json ref	failed	candidates.tsv
oauth2-password	screen	apis/openapi/{vanity-name}.api.visier.io/visier-permission-management/22222222.99201.1256/meta/import/output-bundle.json fern	not-run	candidates.tsv
oauth2-password	document	apis/openapi/{vanity-name}.api.visier.io/visier-permission-management/22222222.99201.1256/meta/import/output-entry.json	census 2	census.jsonl.gz
oauth2-password	candidate	apis/openapi/{vanity-name}.api.visier.io/visier-permission-management/22222222.99201.1256/meta/import/output-entry.json	census 2	census.jsonl.gz
oauth2-password	screen	apis/openapi/{vanity-name}.api.visier.io/visier-permission-management/22222222.99201.1256/meta/import/output-entry.json licence	passed	candidates.tsv
oauth2-password	screen	apis/openapi/{vanity-name}.api.visier.io/visier-permission-management/22222222.99201.1256/meta/import/output-entry.json ref	failed	candidates.tsv
oauth2-password	screen	apis/openapi/{vanity-name}.api.visier.io/visier-permission-management/22222222.99201.1256/meta/import/output-entry.json fern	not-run	candidates.tsv
oauth2-password	document	apis/openapi/{vanity-name}.api.visier.io/visier-permission-management/22222222.99201.1256/openapi.json	census 2	census.jsonl.gz
oauth2-password	candidate	apis/openapi/{vanity-name}.api.visier.io/visier-permission-management/22222222.99201.1256/openapi.json	census 2	census.jsonl.gz
oauth2-password	screen	apis/openapi/{vanity-name}.api.visier.io/visier-permission-management/22222222.99201.1256/openapi.json licence	passed	candidates.tsv
oauth2-password	screen	apis/openapi/{vanity-name}.api.visier.io/visier-permission-management/22222222.99201.1256/openapi.json ref	failed	candidates.tsv
oauth2-password	screen	apis/openapi/{vanity-name}.api.visier.io/visier-permission-management/22222222.99201.1256/openapi.json fern	not-run	candidates.tsv
oauth2-password	document	apis/openapi/{vanity-name}.api.visier.io/visier-profile-management/22222222.99201.1256/meta/import/input-bundle.json	census 2	census.jsonl.gz
oauth2-password	candidate	apis/openapi/{vanity-name}.api.visier.io/visier-profile-management/22222222.99201.1256/meta/import/input-bundle.json	census 2	census.jsonl.gz
oauth2-password	screen	apis/openapi/{vanity-name}.api.visier.io/visier-profile-management/22222222.99201.1256/meta/import/input-bundle.json licence	passed	candidates.tsv
oauth2-password	screen	apis/openapi/{vanity-name}.api.visier.io/visier-profile-management/22222222.99201.1256/meta/import/input-bundle.json ref	failed	candidates.tsv
oauth2-password	screen	apis/openapi/{vanity-name}.api.visier.io/visier-profile-management/22222222.99201.1256/meta/import/input-bundle.json fern	not-run	candidates.tsv
oauth2-password	document	apis/openapi/{vanity-name}.api.visier.io/visier-profile-management/22222222.99201.1256/meta/import/input-entry.json	census 2	census.jsonl.gz
oauth2-password	candidate	apis/openapi/{vanity-name}.api.visier.io/visier-profile-management/22222222.99201.1256/meta/import/input-entry.json	census 2	census.jsonl.gz
oauth2-password	screen	apis/openapi/{vanity-name}.api.visier.io/visier-profile-management/22222222.99201.1256/meta/import/input-entry.json licence	passed	candidates.tsv
oauth2-password	screen	apis/openapi/{vanity-name}.api.visier.io/visier-profile-management/22222222.99201.1256/meta/import/input-entry.json ref	failed	candidates.tsv
oauth2-password	screen	apis/openapi/{vanity-name}.api.visier.io/visier-profile-management/22222222.99201.1256/meta/import/input-entry.json fern	not-run	candidates.tsv
oauth2-password	document	apis/openapi/{vanity-name}.api.visier.io/visier-profile-management/22222222.99201.1256/meta/import/output-bundle.json	census 2	census.jsonl.gz
oauth2-password	candidate	apis/openapi/{vanity-name}.api.visier.io/visier-profile-management/22222222.99201.1256/meta/import/output-bundle.json	census 2	census.jsonl.gz
oauth2-password	screen	apis/openapi/{vanity-name}.api.visier.io/visier-profile-management/22222222.99201.1256/meta/import/output-bundle.json licence	passed	candidates.tsv
oauth2-password	screen	apis/openapi/{vanity-name}.api.visier.io/visier-profile-management/22222222.99201.1256/meta/import/output-bundle.json ref	failed	candidates.tsv
oauth2-password	screen	apis/openapi/{vanity-name}.api.visier.io/visier-profile-management/22222222.99201.1256/meta/import/output-bundle.json fern	not-run	candidates.tsv
oauth2-password	document	apis/openapi/{vanity-name}.api.visier.io/visier-profile-management/22222222.99201.1256/meta/import/output-entry.json	census 2	census.jsonl.gz
oauth2-password	candidate	apis/openapi/{vanity-name}.api.visier.io/visier-profile-management/22222222.99201.1256/meta/import/output-entry.json	census 2	census.jsonl.gz
oauth2-password	screen	apis/openapi/{vanity-name}.api.visier.io/visier-profile-management/22222222.99201.1256/meta/import/output-entry.json licence	passed	candidates.tsv
oauth2-password	screen	apis/openapi/{vanity-name}.api.visier.io/visier-profile-management/22222222.99201.1256/meta/import/output-entry.json ref	failed	candidates.tsv
oauth2-password	screen	apis/openapi/{vanity-name}.api.visier.io/visier-profile-management/22222222.99201.1256/meta/import/output-entry.json fern	not-run	candidates.tsv
oauth2-password	document	apis/openapi/{vanity-name}.api.visier.io/visier-profile-management/22222222.99201.1256/openapi.json	census 2	census.jsonl.gz
oauth2-password	candidate	apis/openapi/{vanity-name}.api.visier.io/visier-profile-management/22222222.99201.1256/openapi.json	census 2	census.jsonl.gz
oauth2-password	screen	apis/openapi/{vanity-name}.api.visier.io/visier-profile-management/22222222.99201.1256/openapi.json licence	passed	candidates.tsv
oauth2-password	screen	apis/openapi/{vanity-name}.api.visier.io/visier-profile-management/22222222.99201.1256/openapi.json ref	failed	candidates.tsv
oauth2-password	screen	apis/openapi/{vanity-name}.api.visier.io/visier-profile-management/22222222.99201.1256/openapi.json fern	not-run	candidates.tsv
oauth2-password	document	apis/openapi/{vanity-name}.api.visier.io/visier-tenant-management/22222222.99201.1256/meta/import/input-bundle.json	census 2	census.jsonl.gz
oauth2-password	candidate	apis/openapi/{vanity-name}.api.visier.io/visier-tenant-management/22222222.99201.1256/meta/import/input-bundle.json	census 2	census.jsonl.gz
oauth2-password	screen	apis/openapi/{vanity-name}.api.visier.io/visier-tenant-management/22222222.99201.1256/meta/import/input-bundle.json licence	passed	candidates.tsv
oauth2-password	screen	apis/openapi/{vanity-name}.api.visier.io/visier-tenant-management/22222222.99201.1256/meta/import/input-bundle.json ref	failed	candidates.tsv
oauth2-password	screen	apis/openapi/{vanity-name}.api.visier.io/visier-tenant-management/22222222.99201.1256/meta/import/input-bundle.json fern	not-run	candidates.tsv
oauth2-password	document	apis/openapi/{vanity-name}.api.visier.io/visier-tenant-management/22222222.99201.1256/meta/import/input-entry.json	census 2	census.jsonl.gz
oauth2-password	candidate	apis/openapi/{vanity-name}.api.visier.io/visier-tenant-management/22222222.99201.1256/meta/import/input-entry.json	census 2	census.jsonl.gz
oauth2-password	screen	apis/openapi/{vanity-name}.api.visier.io/visier-tenant-management/22222222.99201.1256/meta/import/input-entry.json licence	passed	candidates.tsv
oauth2-password	screen	apis/openapi/{vanity-name}.api.visier.io/visier-tenant-management/22222222.99201.1256/meta/import/input-entry.json ref	failed	candidates.tsv
oauth2-password	screen	apis/openapi/{vanity-name}.api.visier.io/visier-tenant-management/22222222.99201.1256/meta/import/input-entry.json fern	not-run	candidates.tsv
oauth2-password	document	apis/openapi/{vanity-name}.api.visier.io/visier-tenant-management/22222222.99201.1256/meta/import/output-bundle.json	census 2	census.jsonl.gz
oauth2-password	candidate	apis/openapi/{vanity-name}.api.visier.io/visier-tenant-management/22222222.99201.1256/meta/import/output-bundle.json	census 2	census.jsonl.gz
oauth2-password	screen	apis/openapi/{vanity-name}.api.visier.io/visier-tenant-management/22222222.99201.1256/meta/import/output-bundle.json licence	passed	candidates.tsv
oauth2-password	screen	apis/openapi/{vanity-name}.api.visier.io/visier-tenant-management/22222222.99201.1256/meta/import/output-bundle.json ref	failed	candidates.tsv
oauth2-password	screen	apis/openapi/{vanity-name}.api.visier.io/visier-tenant-management/22222222.99201.1256/meta/import/output-bundle.json fern	not-run	candidates.tsv
oauth2-password	document	apis/openapi/{vanity-name}.api.visier.io/visier-tenant-management/22222222.99201.1256/meta/import/output-entry.json	census 2	census.jsonl.gz
oauth2-password	candidate	apis/openapi/{vanity-name}.api.visier.io/visier-tenant-management/22222222.99201.1256/meta/import/output-entry.json	census 2	census.jsonl.gz
oauth2-password	screen	apis/openapi/{vanity-name}.api.visier.io/visier-tenant-management/22222222.99201.1256/meta/import/output-entry.json licence	passed	candidates.tsv
oauth2-password	screen	apis/openapi/{vanity-name}.api.visier.io/visier-tenant-management/22222222.99201.1256/meta/import/output-entry.json ref	failed	candidates.tsv
oauth2-password	screen	apis/openapi/{vanity-name}.api.visier.io/visier-tenant-management/22222222.99201.1256/meta/import/output-entry.json fern	not-run	candidates.tsv
oauth2-password	document	apis/openapi/{vanity-name}.api.visier.io/visier-tenant-management/22222222.99201.1256/openapi.json	census 2	census.jsonl.gz
oauth2-password	candidate	apis/openapi/{vanity-name}.api.visier.io/visier-tenant-management/22222222.99201.1256/openapi.json	census 2	census.jsonl.gz
oauth2-password	screen	apis/openapi/{vanity-name}.api.visier.io/visier-tenant-management/22222222.99201.1256/openapi.json licence	passed	candidates.tsv
oauth2-password	screen	apis/openapi/{vanity-name}.api.visier.io/visier-tenant-management/22222222.99201.1256/openapi.json ref	failed	candidates.tsv
oauth2-password	screen	apis/openapi/{vanity-name}.api.visier.io/visier-tenant-management/22222222.99201.1256/openapi.json fern	not-run	candidates.tsv
oauth2-password	document	apis/openapi/{vanity-name}.api.visier.io/visier-user-management/22222222.99201.1256/meta/import/input-bundle.json	census 2	census.jsonl.gz
oauth2-password	candidate	apis/openapi/{vanity-name}.api.visier.io/visier-user-management/22222222.99201.1256/meta/import/input-bundle.json	census 2	census.jsonl.gz
oauth2-password	screen	apis/openapi/{vanity-name}.api.visier.io/visier-user-management/22222222.99201.1256/meta/import/input-bundle.json licence	passed	candidates.tsv
oauth2-password	screen	apis/openapi/{vanity-name}.api.visier.io/visier-user-management/22222222.99201.1256/meta/import/input-bundle.json ref	failed	candidates.tsv
oauth2-password	screen	apis/openapi/{vanity-name}.api.visier.io/visier-user-management/22222222.99201.1256/meta/import/input-bundle.json fern	not-run	candidates.tsv
oauth2-password	document	apis/openapi/{vanity-name}.api.visier.io/visier-user-management/22222222.99201.1256/meta/import/input-entry.json	census 2	census.jsonl.gz
oauth2-password	candidate	apis/openapi/{vanity-name}.api.visier.io/visier-user-management/22222222.99201.1256/meta/import/input-entry.json	census 2	census.jsonl.gz
oauth2-password	screen	apis/openapi/{vanity-name}.api.visier.io/visier-user-management/22222222.99201.1256/meta/import/input-entry.json licence	passed	candidates.tsv
oauth2-password	screen	apis/openapi/{vanity-name}.api.visier.io/visier-user-management/22222222.99201.1256/meta/import/input-entry.json ref	failed	candidates.tsv
oauth2-password	screen	apis/openapi/{vanity-name}.api.visier.io/visier-user-management/22222222.99201.1256/meta/import/input-entry.json fern	not-run	candidates.tsv
oauth2-password	document	apis/openapi/{vanity-name}.api.visier.io/visier-user-management/22222222.99201.1256/meta/import/output-bundle.json	census 2	census.jsonl.gz
oauth2-password	candidate	apis/openapi/{vanity-name}.api.visier.io/visier-user-management/22222222.99201.1256/meta/import/output-bundle.json	census 2	census.jsonl.gz
oauth2-password	screen	apis/openapi/{vanity-name}.api.visier.io/visier-user-management/22222222.99201.1256/meta/import/output-bundle.json licence	passed	candidates.tsv
oauth2-password	screen	apis/openapi/{vanity-name}.api.visier.io/visier-user-management/22222222.99201.1256/meta/import/output-bundle.json ref	failed	candidates.tsv
oauth2-password	screen	apis/openapi/{vanity-name}.api.visier.io/visier-user-management/22222222.99201.1256/meta/import/output-bundle.json fern	not-run	candidates.tsv
oauth2-password	document	apis/openapi/{vanity-name}.api.visier.io/visier-user-management/22222222.99201.1256/meta/import/output-entry.json	census 2	census.jsonl.gz
oauth2-password	candidate	apis/openapi/{vanity-name}.api.visier.io/visier-user-management/22222222.99201.1256/meta/import/output-entry.json	census 2	census.jsonl.gz
oauth2-password	screen	apis/openapi/{vanity-name}.api.visier.io/visier-user-management/22222222.99201.1256/meta/import/output-entry.json licence	passed	candidates.tsv
oauth2-password	screen	apis/openapi/{vanity-name}.api.visier.io/visier-user-management/22222222.99201.1256/meta/import/output-entry.json ref	failed	candidates.tsv
oauth2-password	screen	apis/openapi/{vanity-name}.api.visier.io/visier-user-management/22222222.99201.1256/meta/import/output-entry.json fern	not-run	candidates.tsv
oauth2-password	document	apis/openapi/{vanity-name}.api.visier.io/visier-user-management/22222222.99201.1256/openapi.json	census 2	census.jsonl.gz
oauth2-password	candidate	apis/openapi/{vanity-name}.api.visier.io/visier-user-management/22222222.99201.1256/openapi.json	census 2	census.jsonl.gz
oauth2-password	screen	apis/openapi/{vanity-name}.api.visier.io/visier-user-management/22222222.99201.1256/openapi.json licence	passed	candidates.tsv
oauth2-password	screen	apis/openapi/{vanity-name}.api.visier.io/visier-user-management/22222222.99201.1256/openapi.json ref	failed	candidates.tsv
oauth2-password	screen	apis/openapi/{vanity-name}.api.visier.io/visier-user-management/22222222.99201.1256/openapi.json fern	not-run	candidates.tsv
oneof-array-variant-annotated-ref-item	walk	jentic/jentic-public-apis@eb9d12a2684b0fbcb5aecf51e8ae54dba0929743	74240	acquisition-manifest.tsv
oneof-array-variant-anyof-discriminated-union-item	walk	jentic/jentic-public-apis@eb9d12a2684b0fbcb5aecf51e8ae54dba0929743	74240	acquisition-manifest.tsv
oneof-array-variant-anyof-item	walk	jentic/jentic-public-apis@eb9d12a2684b0fbcb5aecf51e8ae54dba0929743	74240	acquisition-manifest.tsv
oneof-array-variant-anyof-item	document	apis/openapi/cov-spectrum.org/main/v0/meta/import/input-bundle.json	census 9	census.jsonl.gz
oneof-array-variant-anyof-item	candidate	apis/openapi/cov-spectrum.org/main/v0/meta/import/input-bundle.json	census 9	census.jsonl.gz
oneof-array-variant-anyof-item	screen	apis/openapi/cov-spectrum.org/main/v0/meta/import/input-bundle.json licence	passed	candidates.tsv
oneof-array-variant-anyof-item	screen	apis/openapi/cov-spectrum.org/main/v0/meta/import/input-bundle.json ref	passed	candidates.tsv
oneof-array-variant-anyof-item	screen	apis/openapi/cov-spectrum.org/main/v0/meta/import/input-bundle.json fern	failed	candidates.tsv
oneof-array-variant-anyof-item	document	apis/openapi/cov-spectrum.org/main/v0/meta/import/input-entry.json	census 9	census.jsonl.gz
oneof-array-variant-anyof-item	candidate	apis/openapi/cov-spectrum.org/main/v0/meta/import/input-entry.json	census 9	census.jsonl.gz
oneof-array-variant-anyof-item	screen	apis/openapi/cov-spectrum.org/main/v0/meta/import/input-entry.json licence	passed	candidates.tsv
oneof-array-variant-anyof-item	screen	apis/openapi/cov-spectrum.org/main/v0/meta/import/input-entry.json ref	passed	candidates.tsv
oneof-array-variant-anyof-item	screen	apis/openapi/cov-spectrum.org/main/v0/meta/import/input-entry.json fern	failed	candidates.tsv
oneof-array-variant-anyof-item	document	apis/openapi/cov-spectrum.org/main/v0/meta/import/output-bundle.json	census 9	census.jsonl.gz
oneof-array-variant-anyof-item	candidate	apis/openapi/cov-spectrum.org/main/v0/meta/import/output-bundle.json	census 9	census.jsonl.gz
oneof-array-variant-anyof-item	screen	apis/openapi/cov-spectrum.org/main/v0/meta/import/output-bundle.json licence	passed	candidates.tsv
oneof-array-variant-anyof-item	screen	apis/openapi/cov-spectrum.org/main/v0/meta/import/output-bundle.json ref	passed	candidates.tsv
oneof-array-variant-anyof-item	screen	apis/openapi/cov-spectrum.org/main/v0/meta/import/output-bundle.json fern	failed	candidates.tsv
oneof-array-variant-anyof-item	document	apis/openapi/cov-spectrum.org/main/v0/meta/import/output-entry.json	census 9	census.jsonl.gz
oneof-array-variant-anyof-item	candidate	apis/openapi/cov-spectrum.org/main/v0/meta/import/output-entry.json	census 9	census.jsonl.gz
oneof-array-variant-anyof-item	screen	apis/openapi/cov-spectrum.org/main/v0/meta/import/output-entry.json licence	passed	candidates.tsv
oneof-array-variant-anyof-item	screen	apis/openapi/cov-spectrum.org/main/v0/meta/import/output-entry.json ref	passed	candidates.tsv
oneof-array-variant-anyof-item	screen	apis/openapi/cov-spectrum.org/main/v0/meta/import/output-entry.json fern	failed	candidates.tsv
oneof-array-variant-anyof-item	document	apis/openapi/cov-spectrum.org/main/v0/openapi.json	census 9	census.jsonl.gz
oneof-array-variant-anyof-item	candidate	apis/openapi/cov-spectrum.org/main/v0/openapi.json	census 9	census.jsonl.gz
oneof-array-variant-anyof-item	screen	apis/openapi/cov-spectrum.org/main/v0/openapi.json licence	passed	candidates.tsv
oneof-array-variant-anyof-item	screen	apis/openapi/cov-spectrum.org/main/v0/openapi.json ref	passed	candidates.tsv
oneof-array-variant-anyof-item	screen	apis/openapi/cov-spectrum.org/main/v0/openapi.json fern	failed	candidates.tsv
oneof-array-variant-anyof-item	document	apis/openapi/metabase.com/main/v0.57.1-SNAPSHOT/meta/import/input-bundle.json	census 2	census.jsonl.gz
oneof-array-variant-anyof-item	candidate	apis/openapi/metabase.com/main/v0.57.1-SNAPSHOT/meta/import/input-bundle.json	census 2	census.jsonl.gz
oneof-array-variant-anyof-item	screen	apis/openapi/metabase.com/main/v0.57.1-SNAPSHOT/meta/import/input-bundle.json licence	failed	candidates.tsv
oneof-array-variant-anyof-item	screen	apis/openapi/metabase.com/main/v0.57.1-SNAPSHOT/meta/import/input-bundle.json ref	failed	candidates.tsv
oneof-array-variant-anyof-item	screen	apis/openapi/metabase.com/main/v0.57.1-SNAPSHOT/meta/import/input-bundle.json fern	not-run	candidates.tsv
oneof-array-variant-anyof-item	document	apis/openapi/metabase.com/main/v0.57.1-SNAPSHOT/meta/import/input-entry.json	census 2	census.jsonl.gz
oneof-array-variant-anyof-item	candidate	apis/openapi/metabase.com/main/v0.57.1-SNAPSHOT/meta/import/input-entry.json	census 2	census.jsonl.gz
oneof-array-variant-anyof-item	screen	apis/openapi/metabase.com/main/v0.57.1-SNAPSHOT/meta/import/input-entry.json licence	passed	candidates.tsv
oneof-array-variant-anyof-item	screen	apis/openapi/metabase.com/main/v0.57.1-SNAPSHOT/meta/import/input-entry.json ref	passed	candidates.tsv
oneof-array-variant-anyof-item	screen	apis/openapi/metabase.com/main/v0.57.1-SNAPSHOT/meta/import/input-entry.json fern	failed	candidates.tsv
oneof-array-variant-anyof-item	document	apis/openapi/metabase.com/main/v0.57.1-SNAPSHOT/meta/import/output-bundle.json	census 2	census.jsonl.gz
oneof-array-variant-anyof-item	candidate	apis/openapi/metabase.com/main/v0.57.1-SNAPSHOT/meta/import/output-bundle.json	census 2	census.jsonl.gz
oneof-array-variant-anyof-item	screen	apis/openapi/metabase.com/main/v0.57.1-SNAPSHOT/meta/import/output-bundle.json licence	failed	candidates.tsv
oneof-array-variant-anyof-item	screen	apis/openapi/metabase.com/main/v0.57.1-SNAPSHOT/meta/import/output-bundle.json ref	failed	candidates.tsv
oneof-array-variant-anyof-item	screen	apis/openapi/metabase.com/main/v0.57.1-SNAPSHOT/meta/import/output-bundle.json fern	not-run	candidates.tsv
oneof-array-variant-anyof-item	document	apis/openapi/metabase.com/main/v0.57.1-SNAPSHOT/meta/import/output-entry.json	census 2	census.jsonl.gz
oneof-array-variant-anyof-item	candidate	apis/openapi/metabase.com/main/v0.57.1-SNAPSHOT/meta/import/output-entry.json	census 2	census.jsonl.gz
oneof-array-variant-anyof-item	screen	apis/openapi/metabase.com/main/v0.57.1-SNAPSHOT/meta/import/output-entry.json licence	passed	candidates.tsv
oneof-array-variant-anyof-item	screen	apis/openapi/metabase.com/main/v0.57.1-SNAPSHOT/meta/import/output-entry.json ref	passed	candidates.tsv
oneof-array-variant-anyof-item	screen	apis/openapi/metabase.com/main/v0.57.1-SNAPSHOT/meta/import/output-entry.json fern	failed	candidates.tsv
oneof-array-variant-anyof-item	document	apis/openapi/metabase.com/main/v0.57.1-SNAPSHOT/openapi.json	census 2	census.jsonl.gz
oneof-array-variant-anyof-item	candidate	apis/openapi/metabase.com/main/v0.57.1-SNAPSHOT/openapi.json	census 2	census.jsonl.gz
oneof-array-variant-anyof-item	screen	apis/openapi/metabase.com/main/v0.57.1-SNAPSHOT/openapi.json licence	failed	candidates.tsv
oneof-array-variant-anyof-item	screen	apis/openapi/metabase.com/main/v0.57.1-SNAPSHOT/openapi.json ref	failed	candidates.tsv
oneof-array-variant-anyof-item	screen	apis/openapi/metabase.com/main/v0.57.1-SNAPSHOT/openapi.json fern	not-run	candidates.tsv
oneof-array-variant-anyof-item	document	apis/openapi/novu.co/novu-api/3.14.0/meta/import/input-bundle.json	census 5	census.jsonl.gz
oneof-array-variant-anyof-item	candidate	apis/openapi/novu.co/novu-api/3.14.0/meta/import/input-bundle.json	census 5	census.jsonl.gz
oneof-array-variant-anyof-item	screen	apis/openapi/novu.co/novu-api/3.14.0/meta/import/input-bundle.json licence	passed	candidates.tsv
oneof-array-variant-anyof-item	screen	apis/openapi/novu.co/novu-api/3.14.0/meta/import/input-bundle.json ref	passed	candidates.tsv
oneof-array-variant-anyof-item	screen	apis/openapi/novu.co/novu-api/3.14.0/meta/import/input-bundle.json fern	failed	candidates.tsv
oneof-array-variant-anyof-item	document	apis/openapi/novu.co/novu-api/3.14.0/meta/import/input-entry.json	census 5	census.jsonl.gz
oneof-array-variant-anyof-item	candidate	apis/openapi/novu.co/novu-api/3.14.0/meta/import/input-entry.json	census 5	census.jsonl.gz
oneof-array-variant-anyof-item	screen	apis/openapi/novu.co/novu-api/3.14.0/meta/import/input-entry.json licence	passed	candidates.tsv
oneof-array-variant-anyof-item	screen	apis/openapi/novu.co/novu-api/3.14.0/meta/import/input-entry.json ref	passed	candidates.tsv
oneof-array-variant-anyof-item	screen	apis/openapi/novu.co/novu-api/3.14.0/meta/import/input-entry.json fern	failed	candidates.tsv
oneof-array-variant-anyof-item	document	apis/openapi/novu.co/novu-api/3.14.0/meta/import/output-bundle.json	census 5	census.jsonl.gz
oneof-array-variant-anyof-item	candidate	apis/openapi/novu.co/novu-api/3.14.0/meta/import/output-bundle.json	census 5	census.jsonl.gz
oneof-array-variant-anyof-item	screen	apis/openapi/novu.co/novu-api/3.14.0/meta/import/output-bundle.json licence	passed	candidates.tsv
oneof-array-variant-anyof-item	screen	apis/openapi/novu.co/novu-api/3.14.0/meta/import/output-bundle.json ref	passed	candidates.tsv
oneof-array-variant-anyof-item	screen	apis/openapi/novu.co/novu-api/3.14.0/meta/import/output-bundle.json fern	failed	candidates.tsv
oneof-array-variant-anyof-item	document	apis/openapi/novu.co/novu-api/3.14.0/meta/import/output-entry.json	census 5	census.jsonl.gz
oneof-array-variant-anyof-item	candidate	apis/openapi/novu.co/novu-api/3.14.0/meta/import/output-entry.json	census 5	census.jsonl.gz
oneof-array-variant-anyof-item	screen	apis/openapi/novu.co/novu-api/3.14.0/meta/import/output-entry.json licence	passed	candidates.tsv
oneof-array-variant-anyof-item	screen	apis/openapi/novu.co/novu-api/3.14.0/meta/import/output-entry.json ref	passed	candidates.tsv
oneof-array-variant-anyof-item	screen	apis/openapi/novu.co/novu-api/3.14.0/meta/import/output-entry.json fern	failed	candidates.tsv
oneof-array-variant-anyof-item	document	apis/openapi/novu.co/novu-api/3.14.0/openapi.json	census 5	census.jsonl.gz
oneof-array-variant-anyof-item	candidate	apis/openapi/novu.co/novu-api/3.14.0/openapi.json	census 5	census.jsonl.gz
oneof-array-variant-anyof-item	screen	apis/openapi/novu.co/novu-api/3.14.0/openapi.json licence	passed	candidates.tsv
oneof-array-variant-anyof-item	screen	apis/openapi/novu.co/novu-api/3.14.0/openapi.json ref	passed	candidates.tsv
oneof-array-variant-anyof-item	screen	apis/openapi/novu.co/novu-api/3.14.0/openapi.json fern	failed	candidates.tsv
oneof-array-variant-anyof-item	document	apis/openapi/prolific.com/main/1.0/meta/import/input-bundle.json	census 1	census.jsonl.gz
oneof-array-variant-anyof-item	candidate	apis/openapi/prolific.com/main/1.0/meta/import/input-bundle.json	census 1	census.jsonl.gz
oneof-array-variant-anyof-item	screen	apis/openapi/prolific.com/main/1.0/meta/import/input-bundle.json licence	failed	candidates.tsv
oneof-array-variant-anyof-item	screen	apis/openapi/prolific.com/main/1.0/meta/import/input-bundle.json ref	failed	candidates.tsv
oneof-array-variant-anyof-item	screen	apis/openapi/prolific.com/main/1.0/meta/import/input-bundle.json fern	not-run	candidates.tsv
oneof-array-variant-anyof-item	document	apis/openapi/prolific.com/main/1.0/meta/import/input-entry.json	census 1	census.jsonl.gz
oneof-array-variant-anyof-item	candidate	apis/openapi/prolific.com/main/1.0/meta/import/input-entry.json	census 1	census.jsonl.gz
oneof-array-variant-anyof-item	screen	apis/openapi/prolific.com/main/1.0/meta/import/input-entry.json licence	failed	candidates.tsv
oneof-array-variant-anyof-item	screen	apis/openapi/prolific.com/main/1.0/meta/import/input-entry.json ref	failed	candidates.tsv
oneof-array-variant-anyof-item	screen	apis/openapi/prolific.com/main/1.0/meta/import/input-entry.json fern	not-run	candidates.tsv
oneof-array-variant-anyof-item	document	apis/openapi/prolific.com/main/1.0/meta/import/output-bundle.json	census 1	census.jsonl.gz
oneof-array-variant-anyof-item	candidate	apis/openapi/prolific.com/main/1.0/meta/import/output-bundle.json	census 1	census.jsonl.gz
oneof-array-variant-anyof-item	screen	apis/openapi/prolific.com/main/1.0/meta/import/output-bundle.json licence	failed	candidates.tsv
oneof-array-variant-anyof-item	screen	apis/openapi/prolific.com/main/1.0/meta/import/output-bundle.json ref	failed	candidates.tsv
oneof-array-variant-anyof-item	screen	apis/openapi/prolific.com/main/1.0/meta/import/output-bundle.json fern	not-run	candidates.tsv
oneof-array-variant-anyof-item	document	apis/openapi/prolific.com/main/1.0/meta/import/output-entry.json	census 1	census.jsonl.gz
oneof-array-variant-anyof-item	candidate	apis/openapi/prolific.com/main/1.0/meta/import/output-entry.json	census 1	census.jsonl.gz
oneof-array-variant-anyof-item	screen	apis/openapi/prolific.com/main/1.0/meta/import/output-entry.json licence	failed	candidates.tsv
oneof-array-variant-anyof-item	screen	apis/openapi/prolific.com/main/1.0/meta/import/output-entry.json ref	failed	candidates.tsv
oneof-array-variant-anyof-item	screen	apis/openapi/prolific.com/main/1.0/meta/import/output-entry.json fern	not-run	candidates.tsv
oneof-array-variant-anyof-item	document	apis/openapi/prolific.com/main/1.0/openapi.json	census 1	census.jsonl.gz
oneof-array-variant-anyof-item	candidate	apis/openapi/prolific.com/main/1.0/openapi.json	census 1	census.jsonl.gz
oneof-array-variant-anyof-item	screen	apis/openapi/prolific.com/main/1.0/openapi.json licence	failed	candidates.tsv
oneof-array-variant-anyof-item	screen	apis/openapi/prolific.com/main/1.0/openapi.json ref	failed	candidates.tsv
oneof-array-variant-anyof-item	screen	apis/openapi/prolific.com/main/1.0/openapi.json fern	not-run	candidates.tsv
oneof-array-variant-anyof-item	document	apis/openapi/vercel.com/main/0.0.1/meta/import/input-bundled.json	census 1	census.jsonl.gz
oneof-array-variant-anyof-item	candidate	apis/openapi/vercel.com/main/0.0.1/meta/import/input-bundled.json	census 1	census.jsonl.gz
oneof-array-variant-anyof-item	screen	apis/openapi/vercel.com/main/0.0.1/meta/import/input-bundled.json licence	failed	candidates.tsv
oneof-array-variant-anyof-item	screen	apis/openapi/vercel.com/main/0.0.1/meta/import/input-bundled.json ref	failed	candidates.tsv
oneof-array-variant-anyof-item	screen	apis/openapi/vercel.com/main/0.0.1/meta/import/input-bundled.json fern	not-run	candidates.tsv
oneof-array-variant-anyof-item	document	apis/openapi/vercel.com/main/0.0.1/meta/import/input-entry.json	census 1	census.jsonl.gz
oneof-array-variant-anyof-item	candidate	apis/openapi/vercel.com/main/0.0.1/meta/import/input-entry.json	census 1	census.jsonl.gz
oneof-array-variant-anyof-item	screen	apis/openapi/vercel.com/main/0.0.1/meta/import/input-entry.json licence	failed	candidates.tsv
oneof-array-variant-anyof-item	screen	apis/openapi/vercel.com/main/0.0.1/meta/import/input-entry.json ref	failed	candidates.tsv
oneof-array-variant-anyof-item	screen	apis/openapi/vercel.com/main/0.0.1/meta/import/input-entry.json fern	not-run	candidates.tsv
oneof-array-variant-anyof-item	document	apis/openapi/vercel.com/main/0.0.1/meta/import/output-bundled.json	census 1	census.jsonl.gz
oneof-array-variant-anyof-item	candidate	apis/openapi/vercel.com/main/0.0.1/meta/import/output-bundled.json	census 1	census.jsonl.gz
oneof-array-variant-anyof-item	screen	apis/openapi/vercel.com/main/0.0.1/meta/import/output-bundled.json licence	failed	candidates.tsv
oneof-array-variant-anyof-item	screen	apis/openapi/vercel.com/main/0.0.1/meta/import/output-bundled.json ref	failed	candidates.tsv
oneof-array-variant-anyof-item	screen	apis/openapi/vercel.com/main/0.0.1/meta/import/output-bundled.json fern	not-run	candidates.tsv
oneof-array-variant-anyof-item	document	apis/openapi/vercel.com/main/0.0.1/meta/import/output-entry.json	census 1	census.jsonl.gz
oneof-array-variant-anyof-item	candidate	apis/openapi/vercel.com/main/0.0.1/meta/import/output-entry.json	census 1	census.jsonl.gz
oneof-array-variant-anyof-item	screen	apis/openapi/vercel.com/main/0.0.1/meta/import/output-entry.json licence	failed	candidates.tsv
oneof-array-variant-anyof-item	screen	apis/openapi/vercel.com/main/0.0.1/meta/import/output-entry.json ref	failed	candidates.tsv
oneof-array-variant-anyof-item	screen	apis/openapi/vercel.com/main/0.0.1/meta/import/output-entry.json fern	not-run	candidates.tsv
oneof-array-variant-anyof-item	document	apis/openapi/vercel.com/main/0.0.1/openapi.json	census 1	census.jsonl.gz
oneof-array-variant-anyof-item	candidate	apis/openapi/vercel.com/main/0.0.1/openapi.json	census 1	census.jsonl.gz
oneof-array-variant-anyof-item	screen	apis/openapi/vercel.com/main/0.0.1/openapi.json licence	failed	candidates.tsv
oneof-array-variant-anyof-item	screen	apis/openapi/vercel.com/main/0.0.1/openapi.json ref	failed	candidates.tsv
oneof-array-variant-anyof-item	screen	apis/openapi/vercel.com/main/0.0.1/openapi.json fern	not-run	candidates.tsv
oneof-array-variant-anyof-nullable-item	walk	jentic/jentic-public-apis@eb9d12a2684b0fbcb5aecf51e8ae54dba0929743	74240	acquisition-manifest.tsv
oneof-array-variant-closed-object-item	walk	jentic/jentic-public-apis@eb9d12a2684b0fbcb5aecf51e8ae54dba0929743	74240	acquisition-manifest.tsv
oneof-array-variant-closed-object-item	document	apis/openapi/telnyx.com/main/2.0.0/meta/import/input-bundled.json	census 1	census.jsonl.gz
oneof-array-variant-closed-object-item	candidate	apis/openapi/telnyx.com/main/2.0.0/meta/import/input-bundled.json	census 1	census.jsonl.gz
oneof-array-variant-closed-object-item	screen	apis/openapi/telnyx.com/main/2.0.0/meta/import/input-bundled.json licence	failed	candidates.tsv
oneof-array-variant-closed-object-item	screen	apis/openapi/telnyx.com/main/2.0.0/meta/import/input-bundled.json ref	failed	candidates.tsv
oneof-array-variant-closed-object-item	screen	apis/openapi/telnyx.com/main/2.0.0/meta/import/input-bundled.json fern	not-run	candidates.tsv
oneof-array-variant-closed-object-item	document	apis/openapi/telnyx.com/main/2.0.0/meta/import/input-entry.json	census 1	census.jsonl.gz
oneof-array-variant-closed-object-item	candidate	apis/openapi/telnyx.com/main/2.0.0/meta/import/input-entry.json	census 1	census.jsonl.gz
oneof-array-variant-closed-object-item	screen	apis/openapi/telnyx.com/main/2.0.0/meta/import/input-entry.json licence	failed	candidates.tsv
oneof-array-variant-closed-object-item	screen	apis/openapi/telnyx.com/main/2.0.0/meta/import/input-entry.json ref	failed	candidates.tsv
oneof-array-variant-closed-object-item	screen	apis/openapi/telnyx.com/main/2.0.0/meta/import/input-entry.json fern	not-run	candidates.tsv
oneof-array-variant-closed-object-item	document	apis/openapi/telnyx.com/main/2.0.0/meta/import/output-bundled.json	census 1	census.jsonl.gz
oneof-array-variant-closed-object-item	candidate	apis/openapi/telnyx.com/main/2.0.0/meta/import/output-bundled.json	census 1	census.jsonl.gz
oneof-array-variant-closed-object-item	screen	apis/openapi/telnyx.com/main/2.0.0/meta/import/output-bundled.json licence	failed	candidates.tsv
oneof-array-variant-closed-object-item	screen	apis/openapi/telnyx.com/main/2.0.0/meta/import/output-bundled.json ref	failed	candidates.tsv
oneof-array-variant-closed-object-item	screen	apis/openapi/telnyx.com/main/2.0.0/meta/import/output-bundled.json fern	not-run	candidates.tsv
oneof-array-variant-closed-object-item	document	apis/openapi/telnyx.com/main/2.0.0/meta/import/output-entry.json	census 1	census.jsonl.gz
oneof-array-variant-closed-object-item	candidate	apis/openapi/telnyx.com/main/2.0.0/meta/import/output-entry.json	census 1	census.jsonl.gz
oneof-array-variant-closed-object-item	screen	apis/openapi/telnyx.com/main/2.0.0/meta/import/output-entry.json licence	failed	candidates.tsv
oneof-array-variant-closed-object-item	screen	apis/openapi/telnyx.com/main/2.0.0/meta/import/output-entry.json ref	failed	candidates.tsv
oneof-array-variant-closed-object-item	screen	apis/openapi/telnyx.com/main/2.0.0/meta/import/output-entry.json fern	not-run	candidates.tsv
oneof-array-variant-closed-object-item	document	apis/openapi/telnyx.com/main/2.0.0/openapi.json	census 1	census.jsonl.gz
oneof-array-variant-closed-object-item	candidate	apis/openapi/telnyx.com/main/2.0.0/openapi.json	census 1	census.jsonl.gz
oneof-array-variant-closed-object-item	screen	apis/openapi/telnyx.com/main/2.0.0/openapi.json licence	failed	candidates.tsv
oneof-array-variant-closed-object-item	screen	apis/openapi/telnyx.com/main/2.0.0/openapi.json ref	failed	candidates.tsv
oneof-array-variant-closed-object-item	screen	apis/openapi/telnyx.com/main/2.0.0/openapi.json fern	not-run	candidates.tsv
oneof-array-variant-closed-object-item	document	apis/openapi/vercel.com/main/0.0.1/meta/import/input-bundled.json	census 1	census.jsonl.gz
oneof-array-variant-closed-object-item	candidate	apis/openapi/vercel.com/main/0.0.1/meta/import/input-bundled.json	census 1	census.jsonl.gz
oneof-array-variant-closed-object-item	screen	apis/openapi/vercel.com/main/0.0.1/meta/import/input-bundled.json licence	failed	candidates.tsv
oneof-array-variant-closed-object-item	screen	apis/openapi/vercel.com/main/0.0.1/meta/import/input-bundled.json ref	failed	candidates.tsv
oneof-array-variant-closed-object-item	screen	apis/openapi/vercel.com/main/0.0.1/meta/import/input-bundled.json fern	not-run	candidates.tsv
oneof-array-variant-closed-object-item	document	apis/openapi/vercel.com/main/0.0.1/meta/import/input-entry.json	census 1	census.jsonl.gz
oneof-array-variant-closed-object-item	candidate	apis/openapi/vercel.com/main/0.0.1/meta/import/input-entry.json	census 1	census.jsonl.gz
oneof-array-variant-closed-object-item	screen	apis/openapi/vercel.com/main/0.0.1/meta/import/input-entry.json licence	failed	candidates.tsv
oneof-array-variant-closed-object-item	screen	apis/openapi/vercel.com/main/0.0.1/meta/import/input-entry.json ref	failed	candidates.tsv
oneof-array-variant-closed-object-item	screen	apis/openapi/vercel.com/main/0.0.1/meta/import/input-entry.json fern	not-run	candidates.tsv
oneof-array-variant-closed-object-item	document	apis/openapi/vercel.com/main/0.0.1/meta/import/output-bundled.json	census 1	census.jsonl.gz
oneof-array-variant-closed-object-item	candidate	apis/openapi/vercel.com/main/0.0.1/meta/import/output-bundled.json	census 1	census.jsonl.gz
oneof-array-variant-closed-object-item	screen	apis/openapi/vercel.com/main/0.0.1/meta/import/output-bundled.json licence	failed	candidates.tsv
oneof-array-variant-closed-object-item	screen	apis/openapi/vercel.com/main/0.0.1/meta/import/output-bundled.json ref	failed	candidates.tsv
oneof-array-variant-closed-object-item	screen	apis/openapi/vercel.com/main/0.0.1/meta/import/output-bundled.json fern	not-run	candidates.tsv
oneof-array-variant-closed-object-item	document	apis/openapi/vercel.com/main/0.0.1/meta/import/output-entry.json	census 1	census.jsonl.gz
oneof-array-variant-closed-object-item	candidate	apis/openapi/vercel.com/main/0.0.1/meta/import/output-entry.json	census 1	census.jsonl.gz
oneof-array-variant-closed-object-item	screen	apis/openapi/vercel.com/main/0.0.1/meta/import/output-entry.json licence	failed	candidates.tsv
oneof-array-variant-closed-object-item	screen	apis/openapi/vercel.com/main/0.0.1/meta/import/output-entry.json ref	failed	candidates.tsv
oneof-array-variant-closed-object-item	screen	apis/openapi/vercel.com/main/0.0.1/meta/import/output-entry.json fern	not-run	candidates.tsv
oneof-array-variant-closed-object-item	document	apis/openapi/vercel.com/main/0.0.1/openapi.json	census 1	census.jsonl.gz
oneof-array-variant-closed-object-item	candidate	apis/openapi/vercel.com/main/0.0.1/openapi.json	census 1	census.jsonl.gz
oneof-array-variant-closed-object-item	screen	apis/openapi/vercel.com/main/0.0.1/openapi.json licence	failed	candidates.tsv
oneof-array-variant-closed-object-item	screen	apis/openapi/vercel.com/main/0.0.1/openapi.json ref	failed	candidates.tsv
oneof-array-variant-closed-object-item	screen	apis/openapi/vercel.com/main/0.0.1/openapi.json fern	not-run	candidates.tsv
oneof-array-variant-closed-object-item	document	apis/openapi/zulip.com/zulip/1.0.0/meta/import/input-bundle.json	census 1	census.jsonl.gz
oneof-array-variant-closed-object-item	candidate	apis/openapi/zulip.com/zulip/1.0.0/meta/import/input-bundle.json	census 1	census.jsonl.gz
oneof-array-variant-closed-object-item	screen	apis/openapi/zulip.com/zulip/1.0.0/meta/import/input-bundle.json licence	passed	candidates.tsv
oneof-array-variant-closed-object-item	screen	apis/openapi/zulip.com/zulip/1.0.0/meta/import/input-bundle.json ref	passed	candidates.tsv
oneof-array-variant-closed-object-item	screen	apis/openapi/zulip.com/zulip/1.0.0/meta/import/input-bundle.json fern	passed	candidates.tsv
oneof-array-variant-closed-object-item	document	apis/openapi/zulip.com/zulip/1.0.0/meta/import/input-entry.json	census 1	census.jsonl.gz
oneof-array-variant-closed-object-item	candidate	apis/openapi/zulip.com/zulip/1.0.0/meta/import/input-entry.json	census 1	census.jsonl.gz
oneof-array-variant-closed-object-item	screen	apis/openapi/zulip.com/zulip/1.0.0/meta/import/input-entry.json licence	passed	candidates.tsv
oneof-array-variant-closed-object-item	screen	apis/openapi/zulip.com/zulip/1.0.0/meta/import/input-entry.json ref	passed	candidates.tsv
oneof-array-variant-closed-object-item	screen	apis/openapi/zulip.com/zulip/1.0.0/meta/import/input-entry.json fern	passed	candidates.tsv
oneof-array-variant-closed-object-item	document	apis/openapi/zulip.com/zulip/1.0.0/meta/import/output-bundle.json	census 1	census.jsonl.gz
oneof-array-variant-closed-object-item	candidate	apis/openapi/zulip.com/zulip/1.0.0/meta/import/output-bundle.json	census 1	census.jsonl.gz
oneof-array-variant-closed-object-item	screen	apis/openapi/zulip.com/zulip/1.0.0/meta/import/output-bundle.json licence	passed	candidates.tsv
oneof-array-variant-closed-object-item	screen	apis/openapi/zulip.com/zulip/1.0.0/meta/import/output-bundle.json ref	passed	candidates.tsv
oneof-array-variant-closed-object-item	screen	apis/openapi/zulip.com/zulip/1.0.0/meta/import/output-bundle.json fern	passed	candidates.tsv
oneof-array-variant-closed-object-item	document	apis/openapi/zulip.com/zulip/1.0.0/meta/import/output-entry.json	census 1	census.jsonl.gz
oneof-array-variant-closed-object-item	candidate	apis/openapi/zulip.com/zulip/1.0.0/meta/import/output-entry.json	census 1	census.jsonl.gz
oneof-array-variant-closed-object-item	screen	apis/openapi/zulip.com/zulip/1.0.0/meta/import/output-entry.json licence	passed	candidates.tsv
oneof-array-variant-closed-object-item	screen	apis/openapi/zulip.com/zulip/1.0.0/meta/import/output-entry.json ref	passed	candidates.tsv
oneof-array-variant-closed-object-item	screen	apis/openapi/zulip.com/zulip/1.0.0/meta/import/output-entry.json fern	passed	candidates.tsv
oneof-array-variant-closed-object-item	document	apis/openapi/zulip.com/zulip/1.0.0/openapi.json	census 1	census.jsonl.gz
oneof-array-variant-closed-object-item	candidate	apis/openapi/zulip.com/zulip/1.0.0/openapi.json	census 1	census.jsonl.gz
oneof-array-variant-closed-object-item	screen	apis/openapi/zulip.com/zulip/1.0.0/openapi.json licence	passed	candidates.tsv
oneof-array-variant-closed-object-item	screen	apis/openapi/zulip.com/zulip/1.0.0/openapi.json ref	passed	candidates.tsv
oneof-array-variant-closed-object-item	screen	apis/openapi/zulip.com/zulip/1.0.0/openapi.json fern	passed	candidates.tsv
oneof-array-variant-composed-item	walk	jentic/jentic-public-apis@eb9d12a2684b0fbcb5aecf51e8ae54dba0929743	74240	acquisition-manifest.tsv
oneof-array-variant-composed-item	document	apis/openapi/metabase.com/main/v0.57.1-SNAPSHOT/meta/import/input-bundle.json	census 2	census.jsonl.gz
oneof-array-variant-composed-item	candidate	apis/openapi/metabase.com/main/v0.57.1-SNAPSHOT/meta/import/input-bundle.json	census 2	census.jsonl.gz
oneof-array-variant-composed-item	screen	apis/openapi/metabase.com/main/v0.57.1-SNAPSHOT/meta/import/input-bundle.json licence	failed	candidates.tsv
oneof-array-variant-composed-item	screen	apis/openapi/metabase.com/main/v0.57.1-SNAPSHOT/meta/import/input-bundle.json ref	failed	candidates.tsv
oneof-array-variant-composed-item	screen	apis/openapi/metabase.com/main/v0.57.1-SNAPSHOT/meta/import/input-bundle.json fern	not-run	candidates.tsv
oneof-array-variant-composed-item	document	apis/openapi/metabase.com/main/v0.57.1-SNAPSHOT/meta/import/input-entry.json	census 2	census.jsonl.gz
oneof-array-variant-composed-item	candidate	apis/openapi/metabase.com/main/v0.57.1-SNAPSHOT/meta/import/input-entry.json	census 2	census.jsonl.gz
oneof-array-variant-composed-item	screen	apis/openapi/metabase.com/main/v0.57.1-SNAPSHOT/meta/import/input-entry.json licence	passed	candidates.tsv
oneof-array-variant-composed-item	screen	apis/openapi/metabase.com/main/v0.57.1-SNAPSHOT/meta/import/input-entry.json ref	passed	candidates.tsv
oneof-array-variant-composed-item	screen	apis/openapi/metabase.com/main/v0.57.1-SNAPSHOT/meta/import/input-entry.json fern	failed	candidates.tsv
oneof-array-variant-composed-item	document	apis/openapi/metabase.com/main/v0.57.1-SNAPSHOT/meta/import/output-bundle.json	census 2	census.jsonl.gz
oneof-array-variant-composed-item	candidate	apis/openapi/metabase.com/main/v0.57.1-SNAPSHOT/meta/import/output-bundle.json	census 2	census.jsonl.gz
oneof-array-variant-composed-item	screen	apis/openapi/metabase.com/main/v0.57.1-SNAPSHOT/meta/import/output-bundle.json licence	failed	candidates.tsv
oneof-array-variant-composed-item	screen	apis/openapi/metabase.com/main/v0.57.1-SNAPSHOT/meta/import/output-bundle.json ref	failed	candidates.tsv
oneof-array-variant-composed-item	screen	apis/openapi/metabase.com/main/v0.57.1-SNAPSHOT/meta/import/output-bundle.json fern	not-run	candidates.tsv
oneof-array-variant-composed-item	document	apis/openapi/metabase.com/main/v0.57.1-SNAPSHOT/meta/import/output-entry.json	census 2	census.jsonl.gz
oneof-array-variant-composed-item	candidate	apis/openapi/metabase.com/main/v0.57.1-SNAPSHOT/meta/import/output-entry.json	census 2	census.jsonl.gz
oneof-array-variant-composed-item	screen	apis/openapi/metabase.com/main/v0.57.1-SNAPSHOT/meta/import/output-entry.json licence	passed	candidates.tsv
oneof-array-variant-composed-item	screen	apis/openapi/metabase.com/main/v0.57.1-SNAPSHOT/meta/import/output-entry.json ref	passed	candidates.tsv
oneof-array-variant-composed-item	screen	apis/openapi/metabase.com/main/v0.57.1-SNAPSHOT/meta/import/output-entry.json fern	failed	candidates.tsv
oneof-array-variant-composed-item	document	apis/openapi/metabase.com/main/v0.57.1-SNAPSHOT/openapi.json	census 2	census.jsonl.gz
oneof-array-variant-composed-item	candidate	apis/openapi/metabase.com/main/v0.57.1-SNAPSHOT/openapi.json	census 2	census.jsonl.gz
oneof-array-variant-composed-item	screen	apis/openapi/metabase.com/main/v0.57.1-SNAPSHOT/openapi.json licence	failed	candidates.tsv
oneof-array-variant-composed-item	screen	apis/openapi/metabase.com/main/v0.57.1-SNAPSHOT/openapi.json ref	failed	candidates.tsv
oneof-array-variant-composed-item	screen	apis/openapi/metabase.com/main/v0.57.1-SNAPSHOT/openapi.json fern	not-run	candidates.tsv
oneof-array-variant-composed-item	document	apis/openapi/swaggerhub.nexus-gg/attribution/1.6.5/meta/import/input-bundle.json	census 1	census.jsonl.gz
oneof-array-variant-composed-item	candidate	apis/openapi/swaggerhub.nexus-gg/attribution/1.6.5/meta/import/input-bundle.json	census 1	census.jsonl.gz
oneof-array-variant-composed-item	screen	apis/openapi/swaggerhub.nexus-gg/attribution/1.6.5/meta/import/input-bundle.json licence	failed	candidates.tsv
oneof-array-variant-composed-item	screen	apis/openapi/swaggerhub.nexus-gg/attribution/1.6.5/meta/import/input-bundle.json ref	failed	candidates.tsv
oneof-array-variant-composed-item	screen	apis/openapi/swaggerhub.nexus-gg/attribution/1.6.5/meta/import/input-bundle.json fern	not-run	candidates.tsv
oneof-array-variant-composed-item	document	apis/openapi/swaggerhub.nexus-gg/attribution/1.6.5/meta/import/input-entry.json	census 1	census.jsonl.gz
oneof-array-variant-composed-item	candidate	apis/openapi/swaggerhub.nexus-gg/attribution/1.6.5/meta/import/input-entry.json	census 1	census.jsonl.gz
oneof-array-variant-composed-item	screen	apis/openapi/swaggerhub.nexus-gg/attribution/1.6.5/meta/import/input-entry.json licence	failed	candidates.tsv
oneof-array-variant-composed-item	screen	apis/openapi/swaggerhub.nexus-gg/attribution/1.6.5/meta/import/input-entry.json ref	failed	candidates.tsv
oneof-array-variant-composed-item	screen	apis/openapi/swaggerhub.nexus-gg/attribution/1.6.5/meta/import/input-entry.json fern	not-run	candidates.tsv
oneof-array-variant-composed-item	document	apis/openapi/swaggerhub.nexus-gg/attribution/1.6.5/meta/import/output-bundle.json	census 1	census.jsonl.gz
oneof-array-variant-composed-item	candidate	apis/openapi/swaggerhub.nexus-gg/attribution/1.6.5/meta/import/output-bundle.json	census 1	census.jsonl.gz
oneof-array-variant-composed-item	screen	apis/openapi/swaggerhub.nexus-gg/attribution/1.6.5/meta/import/output-bundle.json licence	failed	candidates.tsv
oneof-array-variant-composed-item	screen	apis/openapi/swaggerhub.nexus-gg/attribution/1.6.5/meta/import/output-bundle.json ref	failed	candidates.tsv
oneof-array-variant-composed-item	screen	apis/openapi/swaggerhub.nexus-gg/attribution/1.6.5/meta/import/output-bundle.json fern	not-run	candidates.tsv
oneof-array-variant-composed-item	document	apis/openapi/swaggerhub.nexus-gg/attribution/1.6.5/meta/import/output-entry.json	census 1	census.jsonl.gz
oneof-array-variant-composed-item	candidate	apis/openapi/swaggerhub.nexus-gg/attribution/1.6.5/meta/import/output-entry.json	census 1	census.jsonl.gz
oneof-array-variant-composed-item	screen	apis/openapi/swaggerhub.nexus-gg/attribution/1.6.5/meta/import/output-entry.json licence	failed	candidates.tsv
oneof-array-variant-composed-item	screen	apis/openapi/swaggerhub.nexus-gg/attribution/1.6.5/meta/import/output-entry.json ref	failed	candidates.tsv
oneof-array-variant-composed-item	screen	apis/openapi/swaggerhub.nexus-gg/attribution/1.6.5/meta/import/output-entry.json fern	not-run	candidates.tsv
oneof-array-variant-composed-item	document	apis/openapi/swaggerhub.nexus-gg/attribution/1.6.5/openapi.json	census 1	census.jsonl.gz
oneof-array-variant-composed-item	candidate	apis/openapi/swaggerhub.nexus-gg/attribution/1.6.5/openapi.json	census 1	census.jsonl.gz
oneof-array-variant-composed-item	screen	apis/openapi/swaggerhub.nexus-gg/attribution/1.6.5/openapi.json licence	failed	candidates.tsv
oneof-array-variant-composed-item	screen	apis/openapi/swaggerhub.nexus-gg/attribution/1.6.5/openapi.json ref	failed	candidates.tsv
oneof-array-variant-composed-item	screen	apis/openapi/swaggerhub.nexus-gg/attribution/1.6.5/openapi.json fern	not-run	candidates.tsv
oneof-array-variant-empty-object-item	walk	jentic/jentic-public-apis@eb9d12a2684b0fbcb5aecf51e8ae54dba0929743	74240	acquisition-manifest.tsv
oneof-array-variant-empty-object-item	document	apis/openapi/metabase.com/main/v0.57.1-SNAPSHOT/meta/import/input-bundle.json	census 9	census.jsonl.gz
oneof-array-variant-empty-object-item	candidate	apis/openapi/metabase.com/main/v0.57.1-SNAPSHOT/meta/import/input-bundle.json	census 9	census.jsonl.gz
oneof-array-variant-empty-object-item	screen	apis/openapi/metabase.com/main/v0.57.1-SNAPSHOT/meta/import/input-bundle.json licence	failed	candidates.tsv
oneof-array-variant-empty-object-item	screen	apis/openapi/metabase.com/main/v0.57.1-SNAPSHOT/meta/import/input-bundle.json ref	failed	candidates.tsv
oneof-array-variant-empty-object-item	screen	apis/openapi/metabase.com/main/v0.57.1-SNAPSHOT/meta/import/input-bundle.json fern	not-run	candidates.tsv
oneof-array-variant-empty-object-item	document	apis/openapi/metabase.com/main/v0.57.1-SNAPSHOT/meta/import/input-entry.json	census 9	census.jsonl.gz
oneof-array-variant-empty-object-item	candidate	apis/openapi/metabase.com/main/v0.57.1-SNAPSHOT/meta/import/input-entry.json	census 9	census.jsonl.gz
oneof-array-variant-empty-object-item	screen	apis/openapi/metabase.com/main/v0.57.1-SNAPSHOT/meta/import/input-entry.json licence	passed	candidates.tsv
oneof-array-variant-empty-object-item	screen	apis/openapi/metabase.com/main/v0.57.1-SNAPSHOT/meta/import/input-entry.json ref	passed	candidates.tsv
oneof-array-variant-empty-object-item	screen	apis/openapi/metabase.com/main/v0.57.1-SNAPSHOT/meta/import/input-entry.json fern	failed	candidates.tsv
oneof-array-variant-empty-object-item	document	apis/openapi/metabase.com/main/v0.57.1-SNAPSHOT/meta/import/output-bundle.json	census 9	census.jsonl.gz
oneof-array-variant-empty-object-item	candidate	apis/openapi/metabase.com/main/v0.57.1-SNAPSHOT/meta/import/output-bundle.json	census 9	census.jsonl.gz
oneof-array-variant-empty-object-item	screen	apis/openapi/metabase.com/main/v0.57.1-SNAPSHOT/meta/import/output-bundle.json licence	failed	candidates.tsv
oneof-array-variant-empty-object-item	screen	apis/openapi/metabase.com/main/v0.57.1-SNAPSHOT/meta/import/output-bundle.json ref	failed	candidates.tsv
oneof-array-variant-empty-object-item	screen	apis/openapi/metabase.com/main/v0.57.1-SNAPSHOT/meta/import/output-bundle.json fern	not-run	candidates.tsv
oneof-array-variant-empty-object-item	document	apis/openapi/metabase.com/main/v0.57.1-SNAPSHOT/meta/import/output-entry.json	census 9	census.jsonl.gz
oneof-array-variant-empty-object-item	candidate	apis/openapi/metabase.com/main/v0.57.1-SNAPSHOT/meta/import/output-entry.json	census 9	census.jsonl.gz
oneof-array-variant-empty-object-item	screen	apis/openapi/metabase.com/main/v0.57.1-SNAPSHOT/meta/import/output-entry.json licence	passed	candidates.tsv
oneof-array-variant-empty-object-item	screen	apis/openapi/metabase.com/main/v0.57.1-SNAPSHOT/meta/import/output-entry.json ref	passed	candidates.tsv
oneof-array-variant-empty-object-item	screen	apis/openapi/metabase.com/main/v0.57.1-SNAPSHOT/meta/import/output-entry.json fern	failed	candidates.tsv
oneof-array-variant-empty-object-item	document	apis/openapi/metabase.com/main/v0.57.1-SNAPSHOT/openapi.json	census 9	census.jsonl.gz
oneof-array-variant-empty-object-item	candidate	apis/openapi/metabase.com/main/v0.57.1-SNAPSHOT/openapi.json	census 9	census.jsonl.gz
oneof-array-variant-empty-object-item	screen	apis/openapi/metabase.com/main/v0.57.1-SNAPSHOT/openapi.json licence	failed	candidates.tsv
oneof-array-variant-empty-object-item	screen	apis/openapi/metabase.com/main/v0.57.1-SNAPSHOT/openapi.json ref	failed	candidates.tsv
oneof-array-variant-empty-object-item	screen	apis/openapi/metabase.com/main/v0.57.1-SNAPSHOT/openapi.json fern	not-run	candidates.tsv
oneof-bare-object-example-variant	walk	jentic/jentic-public-apis@eb9d12a2684b0fbcb5aecf51e8ae54dba0929743	74240	acquisition-manifest.tsv
oneof-bare-object-example-variant	document	apis/openapi/ironcladapp.com/ironclad/1/meta/import/input-bundle.json	census 1	census.jsonl.gz
oneof-bare-object-example-variant	candidate	apis/openapi/ironcladapp.com/ironclad/1/meta/import/input-bundle.json	census 1	census.jsonl.gz
oneof-bare-object-example-variant	screen	apis/openapi/ironcladapp.com/ironclad/1/meta/import/input-bundle.json licence	failed	candidates.tsv
oneof-bare-object-example-variant	screen	apis/openapi/ironcladapp.com/ironclad/1/meta/import/input-bundle.json ref	failed	candidates.tsv
oneof-bare-object-example-variant	screen	apis/openapi/ironcladapp.com/ironclad/1/meta/import/input-bundle.json fern	not-run	candidates.tsv
oneof-bare-object-example-variant	document	apis/openapi/ironcladapp.com/ironclad/1/meta/import/input-entry.json	census 1	census.jsonl.gz
oneof-bare-object-example-variant	candidate	apis/openapi/ironcladapp.com/ironclad/1/meta/import/input-entry.json	census 1	census.jsonl.gz
oneof-bare-object-example-variant	screen	apis/openapi/ironcladapp.com/ironclad/1/meta/import/input-entry.json licence	failed	candidates.tsv
oneof-bare-object-example-variant	screen	apis/openapi/ironcladapp.com/ironclad/1/meta/import/input-entry.json ref	failed	candidates.tsv
oneof-bare-object-example-variant	screen	apis/openapi/ironcladapp.com/ironclad/1/meta/import/input-entry.json fern	not-run	candidates.tsv
oneof-bare-object-example-variant	document	apis/openapi/ironcladapp.com/ironclad/1/meta/import/output-bundle.json	census 1	census.jsonl.gz
oneof-bare-object-example-variant	candidate	apis/openapi/ironcladapp.com/ironclad/1/meta/import/output-bundle.json	census 1	census.jsonl.gz
oneof-bare-object-example-variant	screen	apis/openapi/ironcladapp.com/ironclad/1/meta/import/output-bundle.json licence	failed	candidates.tsv
oneof-bare-object-example-variant	screen	apis/openapi/ironcladapp.com/ironclad/1/meta/import/output-bundle.json ref	failed	candidates.tsv
oneof-bare-object-example-variant	screen	apis/openapi/ironcladapp.com/ironclad/1/meta/import/output-bundle.json fern	not-run	candidates.tsv
oneof-bare-object-example-variant	document	apis/openapi/ironcladapp.com/ironclad/1/meta/import/output-entry.json	census 1	census.jsonl.gz
oneof-bare-object-example-variant	candidate	apis/openapi/ironcladapp.com/ironclad/1/meta/import/output-entry.json	census 1	census.jsonl.gz
oneof-bare-object-example-variant	screen	apis/openapi/ironcladapp.com/ironclad/1/meta/import/output-entry.json licence	failed	candidates.tsv
oneof-bare-object-example-variant	screen	apis/openapi/ironcladapp.com/ironclad/1/meta/import/output-entry.json ref	failed	candidates.tsv
oneof-bare-object-example-variant	screen	apis/openapi/ironcladapp.com/ironclad/1/meta/import/output-entry.json fern	not-run	candidates.tsv
oneof-bare-object-example-variant	document	apis/openapi/ironcladapp.com/ironclad/1/openapi.json	census 1	census.jsonl.gz
oneof-bare-object-example-variant	candidate	apis/openapi/ironcladapp.com/ironclad/1/openapi.json	census 1	census.jsonl.gz
oneof-bare-object-example-variant	screen	apis/openapi/ironcladapp.com/ironclad/1/openapi.json licence	failed	candidates.tsv
oneof-bare-object-example-variant	screen	apis/openapi/ironcladapp.com/ironclad/1/openapi.json ref	failed	candidates.tsv
oneof-bare-object-example-variant	screen	apis/openapi/ironcladapp.com/ironclad/1/openapi.json fern	not-run	candidates.tsv
property-sole-anyof-closed-object-member	walk	jentic/jentic-public-apis@eb9d12a2684b0fbcb5aecf51e8ae54dba0929743	74240	acquisition-manifest.tsv
property-sole-anyof-composed-member	walk	jentic/jentic-public-apis@eb9d12a2684b0fbcb5aecf51e8ae54dba0929743	74240	acquisition-manifest.tsv
property-sole-anyof-empty-object-member	walk	jentic/jentic-public-apis@eb9d12a2684b0fbcb5aecf51e8ae54dba0929743	74240	acquisition-manifest.tsv
property-sole-anyof-struct-member	walk	jentic/jentic-public-apis@eb9d12a2684b0fbcb5aecf51e8ae54dba0929743	74240	acquisition-manifest.tsv
property-sole-anyof-struct-member	document	apis/openapi/7shifts.com/7-shifts/2023-05-01/meta/import/input-bundle.json	census 17	census.jsonl.gz
property-sole-anyof-struct-member	candidate	apis/openapi/7shifts.com/7-shifts/2023-05-01/meta/import/input-bundle.json	census 17	census.jsonl.gz
property-sole-anyof-struct-member	screen	apis/openapi/7shifts.com/7-shifts/2023-05-01/meta/import/input-bundle.json licence	failed	candidates.tsv
property-sole-anyof-struct-member	screen	apis/openapi/7shifts.com/7-shifts/2023-05-01/meta/import/input-bundle.json ref	failed	candidates.tsv
property-sole-anyof-struct-member	screen	apis/openapi/7shifts.com/7-shifts/2023-05-01/meta/import/input-bundle.json fern	not-run	candidates.tsv
property-sole-anyof-struct-member	document	apis/openapi/7shifts.com/7-shifts/2023-05-01/meta/import/input-entry.json	census 17	census.jsonl.gz
property-sole-anyof-struct-member	candidate	apis/openapi/7shifts.com/7-shifts/2023-05-01/meta/import/input-entry.json	census 17	census.jsonl.gz
property-sole-anyof-struct-member	screen	apis/openapi/7shifts.com/7-shifts/2023-05-01/meta/import/input-entry.json licence	failed	candidates.tsv
property-sole-anyof-struct-member	screen	apis/openapi/7shifts.com/7-shifts/2023-05-01/meta/import/input-entry.json ref	failed	candidates.tsv
property-sole-anyof-struct-member	screen	apis/openapi/7shifts.com/7-shifts/2023-05-01/meta/import/input-entry.json fern	not-run	candidates.tsv
property-sole-anyof-struct-member	document	apis/openapi/7shifts.com/7-shifts/2023-05-01/meta/import/output-bundle.json	census 17	census.jsonl.gz
property-sole-anyof-struct-member	candidate	apis/openapi/7shifts.com/7-shifts/2023-05-01/meta/import/output-bundle.json	census 17	census.jsonl.gz
property-sole-anyof-struct-member	screen	apis/openapi/7shifts.com/7-shifts/2023-05-01/meta/import/output-bundle.json licence	failed	candidates.tsv
property-sole-anyof-struct-member	screen	apis/openapi/7shifts.com/7-shifts/2023-05-01/meta/import/output-bundle.json ref	failed	candidates.tsv
property-sole-anyof-struct-member	screen	apis/openapi/7shifts.com/7-shifts/2023-05-01/meta/import/output-bundle.json fern	not-run	candidates.tsv
property-sole-anyof-struct-member	document	apis/openapi/7shifts.com/7-shifts/2023-05-01/meta/import/output-entry.json	census 17	census.jsonl.gz
property-sole-anyof-struct-member	candidate	apis/openapi/7shifts.com/7-shifts/2023-05-01/meta/import/output-entry.json	census 17	census.jsonl.gz
property-sole-anyof-struct-member	screen	apis/openapi/7shifts.com/7-shifts/2023-05-01/meta/import/output-entry.json licence	failed	candidates.tsv
property-sole-anyof-struct-member	screen	apis/openapi/7shifts.com/7-shifts/2023-05-01/meta/import/output-entry.json ref	failed	candidates.tsv
property-sole-anyof-struct-member	screen	apis/openapi/7shifts.com/7-shifts/2023-05-01/meta/import/output-entry.json fern	not-run	candidates.tsv
property-sole-anyof-struct-member	document	apis/openapi/7shifts.com/7-shifts/2023-05-01/openapi.json	census 17	census.jsonl.gz
property-sole-anyof-struct-member	candidate	apis/openapi/7shifts.com/7-shifts/2023-05-01/openapi.json	census 17	census.jsonl.gz
property-sole-anyof-struct-member	screen	apis/openapi/7shifts.com/7-shifts/2023-05-01/openapi.json licence	failed	candidates.tsv
property-sole-anyof-struct-member	screen	apis/openapi/7shifts.com/7-shifts/2023-05-01/openapi.json ref	failed	candidates.tsv
property-sole-anyof-struct-member	screen	apis/openapi/7shifts.com/7-shifts/2023-05-01/openapi.json fern	not-run	candidates.tsv
property-sole-anyof-struct-member	document	apis/openapi/cloudflare.com/main/4.0.0/meta/import/input-bundle.json	census 6	census.jsonl.gz
property-sole-anyof-struct-member	candidate	apis/openapi/cloudflare.com/main/4.0.0/meta/import/input-bundle.json	census 6	census.jsonl.gz
property-sole-anyof-struct-member	screen	apis/openapi/cloudflare.com/main/4.0.0/meta/import/input-bundle.json licence	failed	candidates.tsv
property-sole-anyof-struct-member	screen	apis/openapi/cloudflare.com/main/4.0.0/meta/import/input-bundle.json ref	failed	candidates.tsv
property-sole-anyof-struct-member	screen	apis/openapi/cloudflare.com/main/4.0.0/meta/import/input-bundle.json fern	not-run	candidates.tsv
property-sole-anyof-struct-member	document	apis/openapi/cloudflare.com/main/4.0.0/meta/import/input-entry.json	census 6	census.jsonl.gz
property-sole-anyof-struct-member	candidate	apis/openapi/cloudflare.com/main/4.0.0/meta/import/input-entry.json	census 6	census.jsonl.gz
property-sole-anyof-struct-member	screen	apis/openapi/cloudflare.com/main/4.0.0/meta/import/input-entry.json licence	failed	candidates.tsv
property-sole-anyof-struct-member	screen	apis/openapi/cloudflare.com/main/4.0.0/meta/import/input-entry.json ref	failed	candidates.tsv
property-sole-anyof-struct-member	screen	apis/openapi/cloudflare.com/main/4.0.0/meta/import/input-entry.json fern	not-run	candidates.tsv
property-sole-anyof-struct-member	document	apis/openapi/cloudflare.com/main/4.0.0/meta/import/output-bundle.json	census 6	census.jsonl.gz
property-sole-anyof-struct-member	candidate	apis/openapi/cloudflare.com/main/4.0.0/meta/import/output-bundle.json	census 6	census.jsonl.gz
property-sole-anyof-struct-member	screen	apis/openapi/cloudflare.com/main/4.0.0/meta/import/output-bundle.json licence	failed	candidates.tsv
property-sole-anyof-struct-member	screen	apis/openapi/cloudflare.com/main/4.0.0/meta/import/output-bundle.json ref	failed	candidates.tsv
property-sole-anyof-struct-member	screen	apis/openapi/cloudflare.com/main/4.0.0/meta/import/output-bundle.json fern	not-run	candidates.tsv
property-sole-anyof-struct-member	document	apis/openapi/cloudflare.com/main/4.0.0/meta/import/output-entry.json	census 6	census.jsonl.gz
property-sole-anyof-struct-member	candidate	apis/openapi/cloudflare.com/main/4.0.0/meta/import/output-entry.json	census 6	census.jsonl.gz
property-sole-anyof-struct-member	screen	apis/openapi/cloudflare.com/main/4.0.0/meta/import/output-entry.json licence	failed	candidates.tsv
property-sole-anyof-struct-member	screen	apis/openapi/cloudflare.com/main/4.0.0/meta/import/output-entry.json ref	failed	candidates.tsv
property-sole-anyof-struct-member	screen	apis/openapi/cloudflare.com/main/4.0.0/meta/import/output-entry.json fern	not-run	candidates.tsv
property-sole-anyof-struct-member	document	apis/openapi/cloudflare.com/main/4.0.0/openapi.json	census 6	census.jsonl.gz
property-sole-anyof-struct-member	candidate	apis/openapi/cloudflare.com/main/4.0.0/openapi.json	census 6	census.jsonl.gz
property-sole-anyof-struct-member	screen	apis/openapi/cloudflare.com/main/4.0.0/openapi.json licence	failed	candidates.tsv
property-sole-anyof-struct-member	screen	apis/openapi/cloudflare.com/main/4.0.0/openapi.json ref	failed	candidates.tsv
property-sole-anyof-struct-member	screen	apis/openapi/cloudflare.com/main/4.0.0/openapi.json fern	not-run	candidates.tsv
property-sole-anyof-struct-member	document	apis/openapi/cpy.re/peertube/7.1.0/meta/import/input-bundled.json	census 1	census.jsonl.gz
property-sole-anyof-struct-member	candidate	apis/openapi/cpy.re/peertube/7.1.0/meta/import/input-bundled.json	census 1	census.jsonl.gz
property-sole-anyof-struct-member	screen	apis/openapi/cpy.re/peertube/7.1.0/meta/import/input-bundled.json licence	failed	candidates.tsv
property-sole-anyof-struct-member	screen	apis/openapi/cpy.re/peertube/7.1.0/meta/import/input-bundled.json ref	failed	candidates.tsv
property-sole-anyof-struct-member	screen	apis/openapi/cpy.re/peertube/7.1.0/meta/import/input-bundled.json fern	not-run	candidates.tsv
property-sole-anyof-struct-member	document	apis/openapi/cpy.re/peertube/7.1.0/meta/import/input-entry.json	census 1	census.jsonl.gz
property-sole-anyof-struct-member	candidate	apis/openapi/cpy.re/peertube/7.1.0/meta/import/input-entry.json	census 1	census.jsonl.gz
property-sole-anyof-struct-member	screen	apis/openapi/cpy.re/peertube/7.1.0/meta/import/input-entry.json licence	failed	candidates.tsv
property-sole-anyof-struct-member	screen	apis/openapi/cpy.re/peertube/7.1.0/meta/import/input-entry.json ref	failed	candidates.tsv
property-sole-anyof-struct-member	screen	apis/openapi/cpy.re/peertube/7.1.0/meta/import/input-entry.json fern	not-run	candidates.tsv
property-sole-anyof-struct-member	document	apis/openapi/cpy.re/peertube/7.1.0/meta/import/output-bundled.json	census 1	census.jsonl.gz
property-sole-anyof-struct-member	candidate	apis/openapi/cpy.re/peertube/7.1.0/meta/import/output-bundled.json	census 1	census.jsonl.gz
property-sole-anyof-struct-member	screen	apis/openapi/cpy.re/peertube/7.1.0/meta/import/output-bundled.json licence	failed	candidates.tsv
property-sole-anyof-struct-member	screen	apis/openapi/cpy.re/peertube/7.1.0/meta/import/output-bundled.json ref	failed	candidates.tsv
property-sole-anyof-struct-member	screen	apis/openapi/cpy.re/peertube/7.1.0/meta/import/output-bundled.json fern	not-run	candidates.tsv
property-sole-anyof-struct-member	document	apis/openapi/cpy.re/peertube/7.1.0/meta/import/output-entry.json	census 1	census.jsonl.gz
property-sole-anyof-struct-member	candidate	apis/openapi/cpy.re/peertube/7.1.0/meta/import/output-entry.json	census 1	census.jsonl.gz
property-sole-anyof-struct-member	screen	apis/openapi/cpy.re/peertube/7.1.0/meta/import/output-entry.json licence	failed	candidates.tsv
property-sole-anyof-struct-member	screen	apis/openapi/cpy.re/peertube/7.1.0/meta/import/output-entry.json ref	failed	candidates.tsv
property-sole-anyof-struct-member	screen	apis/openapi/cpy.re/peertube/7.1.0/meta/import/output-entry.json fern	not-run	candidates.tsv
property-sole-anyof-struct-member	document	apis/openapi/cpy.re/peertube/7.1.0/openapi.json	census 1	census.jsonl.gz
property-sole-anyof-struct-member	candidate	apis/openapi/cpy.re/peertube/7.1.0/openapi.json	census 1	census.jsonl.gz
property-sole-anyof-struct-member	screen	apis/openapi/cpy.re/peertube/7.1.0/openapi.json licence	failed	candidates.tsv
property-sole-anyof-struct-member	screen	apis/openapi/cpy.re/peertube/7.1.0/openapi.json ref	failed	candidates.tsv
property-sole-anyof-struct-member	screen	apis/openapi/cpy.re/peertube/7.1.0/openapi.json fern	not-run	candidates.tsv
property-sole-anyof-struct-member	document	apis/openapi/cvent.com/main/ea/meta/import/input-bundle.json	census 1	census.jsonl.gz
property-sole-anyof-struct-member	candidate	apis/openapi/cvent.com/main/ea/meta/import/input-bundle.json	census 1	census.jsonl.gz
property-sole-anyof-struct-member	screen	apis/openapi/cvent.com/main/ea/meta/import/input-bundle.json licence	failed	candidates.tsv
property-sole-anyof-struct-member	screen	apis/openapi/cvent.com/main/ea/meta/import/input-bundle.json ref	failed	candidates.tsv
property-sole-anyof-struct-member	screen	apis/openapi/cvent.com/main/ea/meta/import/input-bundle.json fern	not-run	candidates.tsv
property-sole-anyof-struct-member	document	apis/openapi/cvent.com/main/ea/meta/import/input-entry.json	census 1	census.jsonl.gz
property-sole-anyof-struct-member	candidate	apis/openapi/cvent.com/main/ea/meta/import/input-entry.json	census 1	census.jsonl.gz
property-sole-anyof-struct-member	screen	apis/openapi/cvent.com/main/ea/meta/import/input-entry.json licence	passed	candidates.tsv
property-sole-anyof-struct-member	screen	apis/openapi/cvent.com/main/ea/meta/import/input-entry.json ref	passed	candidates.tsv
property-sole-anyof-struct-member	screen	apis/openapi/cvent.com/main/ea/meta/import/input-entry.json fern	failed	candidates.tsv
property-sole-anyof-struct-member	document	apis/openapi/cvent.com/main/ea/meta/import/output-bundle.json	census 1	census.jsonl.gz
property-sole-anyof-struct-member	candidate	apis/openapi/cvent.com/main/ea/meta/import/output-bundle.json	census 1	census.jsonl.gz
property-sole-anyof-struct-member	screen	apis/openapi/cvent.com/main/ea/meta/import/output-bundle.json licence	failed	candidates.tsv
property-sole-anyof-struct-member	screen	apis/openapi/cvent.com/main/ea/meta/import/output-bundle.json ref	failed	candidates.tsv
property-sole-anyof-struct-member	screen	apis/openapi/cvent.com/main/ea/meta/import/output-bundle.json fern	not-run	candidates.tsv
property-sole-anyof-struct-member	document	apis/openapi/cvent.com/main/ea/meta/import/output-entry.json	census 1	census.jsonl.gz
property-sole-anyof-struct-member	candidate	apis/openapi/cvent.com/main/ea/meta/import/output-entry.json	census 1	census.jsonl.gz
property-sole-anyof-struct-member	screen	apis/openapi/cvent.com/main/ea/meta/import/output-entry.json licence	passed	candidates.tsv
property-sole-anyof-struct-member	screen	apis/openapi/cvent.com/main/ea/meta/import/output-entry.json ref	passed	candidates.tsv
property-sole-anyof-struct-member	screen	apis/openapi/cvent.com/main/ea/meta/import/output-entry.json fern	failed	candidates.tsv
property-sole-anyof-struct-member	document	apis/openapi/cvent.com/main/ea/openapi.json	census 1	census.jsonl.gz
property-sole-anyof-struct-member	candidate	apis/openapi/cvent.com/main/ea/openapi.json	census 1	census.jsonl.gz
property-sole-anyof-struct-member	screen	apis/openapi/cvent.com/main/ea/openapi.json licence	failed	candidates.tsv
property-sole-anyof-struct-member	screen	apis/openapi/cvent.com/main/ea/openapi.json ref	failed	candidates.tsv
property-sole-anyof-struct-member	screen	apis/openapi/cvent.com/main/ea/openapi.json fern	not-run	candidates.tsv
property-sole-anyof-struct-member	document	apis/openapi/griffin.com/main/1.0/meta/import/input-bundle.json	census 3	census.jsonl.gz
property-sole-anyof-struct-member	candidate	apis/openapi/griffin.com/main/1.0/meta/import/input-bundle.json	census 3	census.jsonl.gz
property-sole-anyof-struct-member	screen	apis/openapi/griffin.com/main/1.0/meta/import/input-bundle.json licence	failed	candidates.tsv
property-sole-anyof-struct-member	screen	apis/openapi/griffin.com/main/1.0/meta/import/input-bundle.json ref	failed	candidates.tsv
property-sole-anyof-struct-member	screen	apis/openapi/griffin.com/main/1.0/meta/import/input-bundle.json fern	not-run	candidates.tsv
property-sole-anyof-struct-member	document	apis/openapi/griffin.com/main/1.0/meta/import/input-entry.json	census 3	census.jsonl.gz
property-sole-anyof-struct-member	candidate	apis/openapi/griffin.com/main/1.0/meta/import/input-entry.json	census 3	census.jsonl.gz
property-sole-anyof-struct-member	screen	apis/openapi/griffin.com/main/1.0/meta/import/input-entry.json licence	failed	candidates.tsv
property-sole-anyof-struct-member	screen	apis/openapi/griffin.com/main/1.0/meta/import/input-entry.json ref	failed	candidates.tsv
property-sole-anyof-struct-member	screen	apis/openapi/griffin.com/main/1.0/meta/import/input-entry.json fern	not-run	candidates.tsv
property-sole-anyof-struct-member	document	apis/openapi/griffin.com/main/1.0/meta/import/output-bundle.json	census 3	census.jsonl.gz
property-sole-anyof-struct-member	candidate	apis/openapi/griffin.com/main/1.0/meta/import/output-bundle.json	census 3	census.jsonl.gz
property-sole-anyof-struct-member	screen	apis/openapi/griffin.com/main/1.0/meta/import/output-bundle.json licence	failed	candidates.tsv
property-sole-anyof-struct-member	screen	apis/openapi/griffin.com/main/1.0/meta/import/output-bundle.json ref	failed	candidates.tsv
property-sole-anyof-struct-member	screen	apis/openapi/griffin.com/main/1.0/meta/import/output-bundle.json fern	not-run	candidates.tsv
property-sole-anyof-struct-member	document	apis/openapi/griffin.com/main/1.0/meta/import/output-entry.json	census 3	census.jsonl.gz
property-sole-anyof-struct-member	candidate	apis/openapi/griffin.com/main/1.0/meta/import/output-entry.json	census 3	census.jsonl.gz
property-sole-anyof-struct-member	screen	apis/openapi/griffin.com/main/1.0/meta/import/output-entry.json licence	failed	candidates.tsv
property-sole-anyof-struct-member	screen	apis/openapi/griffin.com/main/1.0/meta/import/output-entry.json ref	failed	candidates.tsv
property-sole-anyof-struct-member	screen	apis/openapi/griffin.com/main/1.0/meta/import/output-entry.json fern	not-run	candidates.tsv
property-sole-anyof-struct-member	document	apis/openapi/griffin.com/main/1.0/openapi.json	census 3	census.jsonl.gz
property-sole-anyof-struct-member	candidate	apis/openapi/griffin.com/main/1.0/openapi.json	census 3	census.jsonl.gz
property-sole-anyof-struct-member	screen	apis/openapi/griffin.com/main/1.0/openapi.json licence	failed	candidates.tsv
property-sole-anyof-struct-member	screen	apis/openapi/griffin.com/main/1.0/openapi.json ref	failed	candidates.tsv
property-sole-anyof-struct-member	screen	apis/openapi/griffin.com/main/1.0/openapi.json fern	not-run	candidates.tsv
property-sole-oneof-closed-object-member	walk	jentic/jentic-public-apis@eb9d12a2684b0fbcb5aecf51e8ae54dba0929743	74240	acquisition-manifest.tsv
property-sole-oneof-composed-member	walk	jentic/jentic-public-apis@eb9d12a2684b0fbcb5aecf51e8ae54dba0929743	74240	acquisition-manifest.tsv
property-sole-oneof-composed-member	document	apis/openapi/cvent.com/main/ea/meta/import/input-bundle.json	census 1	census.jsonl.gz
property-sole-oneof-composed-member	candidate	apis/openapi/cvent.com/main/ea/meta/import/input-bundle.json	census 1	census.jsonl.gz
property-sole-oneof-composed-member	screen	apis/openapi/cvent.com/main/ea/meta/import/input-bundle.json licence	failed	candidates.tsv
property-sole-oneof-composed-member	screen	apis/openapi/cvent.com/main/ea/meta/import/input-bundle.json ref	failed	candidates.tsv
property-sole-oneof-composed-member	screen	apis/openapi/cvent.com/main/ea/meta/import/input-bundle.json fern	not-run	candidates.tsv
property-sole-oneof-composed-member	document	apis/openapi/cvent.com/main/ea/meta/import/input-entry.json	census 1	census.jsonl.gz
property-sole-oneof-composed-member	candidate	apis/openapi/cvent.com/main/ea/meta/import/input-entry.json	census 1	census.jsonl.gz
property-sole-oneof-composed-member	screen	apis/openapi/cvent.com/main/ea/meta/import/input-entry.json licence	passed	candidates.tsv
property-sole-oneof-composed-member	screen	apis/openapi/cvent.com/main/ea/meta/import/input-entry.json ref	passed	candidates.tsv
property-sole-oneof-composed-member	screen	apis/openapi/cvent.com/main/ea/meta/import/input-entry.json fern	failed	candidates.tsv
property-sole-oneof-composed-member	document	apis/openapi/cvent.com/main/ea/meta/import/output-bundle.json	census 1	census.jsonl.gz
property-sole-oneof-composed-member	candidate	apis/openapi/cvent.com/main/ea/meta/import/output-bundle.json	census 1	census.jsonl.gz
property-sole-oneof-composed-member	screen	apis/openapi/cvent.com/main/ea/meta/import/output-bundle.json licence	failed	candidates.tsv
property-sole-oneof-composed-member	screen	apis/openapi/cvent.com/main/ea/meta/import/output-bundle.json ref	failed	candidates.tsv
property-sole-oneof-composed-member	screen	apis/openapi/cvent.com/main/ea/meta/import/output-bundle.json fern	not-run	candidates.tsv
property-sole-oneof-composed-member	document	apis/openapi/cvent.com/main/ea/meta/import/output-entry.json	census 1	census.jsonl.gz
property-sole-oneof-composed-member	candidate	apis/openapi/cvent.com/main/ea/meta/import/output-entry.json	census 1	census.jsonl.gz
property-sole-oneof-composed-member	screen	apis/openapi/cvent.com/main/ea/meta/import/output-entry.json licence	passed	candidates.tsv
property-sole-oneof-composed-member	screen	apis/openapi/cvent.com/main/ea/meta/import/output-entry.json ref	passed	candidates.tsv
property-sole-oneof-composed-member	screen	apis/openapi/cvent.com/main/ea/meta/import/output-entry.json fern	failed	candidates.tsv
property-sole-oneof-composed-member	document	apis/openapi/cvent.com/main/ea/openapi.json	census 1	census.jsonl.gz
property-sole-oneof-composed-member	candidate	apis/openapi/cvent.com/main/ea/openapi.json	census 1	census.jsonl.gz
property-sole-oneof-composed-member	screen	apis/openapi/cvent.com/main/ea/openapi.json licence	failed	candidates.tsv
property-sole-oneof-composed-member	screen	apis/openapi/cvent.com/main/ea/openapi.json ref	failed	candidates.tsv
property-sole-oneof-composed-member	screen	apis/openapi/cvent.com/main/ea/openapi.json fern	not-run	candidates.tsv
property-sole-oneof-empty-object-member	walk	jentic/jentic-public-apis@eb9d12a2684b0fbcb5aecf51e8ae54dba0929743	74240	acquisition-manifest.tsv
ref-pointer-undeclared-component-head	walk	jentic/jentic-public-apis@eb9d12a2684b0fbcb5aecf51e8ae54dba0929743	74240	acquisition-manifest.tsv
ref-pointer-undeclared-component-head	document	apis/openapi/airbyte.com/main/1.0.0/meta/import/input-bundle.json	census 2	census.jsonl.gz
ref-pointer-undeclared-component-head	candidate	apis/openapi/airbyte.com/main/1.0.0/meta/import/input-bundle.json	census 2	census.jsonl.gz
ref-pointer-undeclared-component-head	screen	apis/openapi/airbyte.com/main/1.0.0/meta/import/input-bundle.json licence	failed	candidates.tsv
ref-pointer-undeclared-component-head	screen	apis/openapi/airbyte.com/main/1.0.0/meta/import/input-bundle.json ref	failed	candidates.tsv
ref-pointer-undeclared-component-head	screen	apis/openapi/airbyte.com/main/1.0.0/meta/import/input-bundle.json fern	not-run	candidates.tsv
ref-pointer-undeclared-component-head	document	apis/openapi/airbyte.com/main/1.0.0/meta/import/input-entry.json	census 2	census.jsonl.gz
ref-pointer-undeclared-component-head	candidate	apis/openapi/airbyte.com/main/1.0.0/meta/import/input-entry.json	census 2	census.jsonl.gz
ref-pointer-undeclared-component-head	screen	apis/openapi/airbyte.com/main/1.0.0/meta/import/input-entry.json licence	passed	candidates.tsv
ref-pointer-undeclared-component-head	screen	apis/openapi/airbyte.com/main/1.0.0/meta/import/input-entry.json ref	passed	candidates.tsv
ref-pointer-undeclared-component-head	screen	apis/openapi/airbyte.com/main/1.0.0/meta/import/input-entry.json fern	failed	candidates.tsv
ref-pointer-undeclared-component-head	document	apis/openapi/airbyte.com/main/1.0.0/meta/import/output-bundle.json	census 2	census.jsonl.gz
ref-pointer-undeclared-component-head	candidate	apis/openapi/airbyte.com/main/1.0.0/meta/import/output-bundle.json	census 2	census.jsonl.gz
ref-pointer-undeclared-component-head	screen	apis/openapi/airbyte.com/main/1.0.0/meta/import/output-bundle.json licence	failed	candidates.tsv
ref-pointer-undeclared-component-head	screen	apis/openapi/airbyte.com/main/1.0.0/meta/import/output-bundle.json ref	failed	candidates.tsv
ref-pointer-undeclared-component-head	screen	apis/openapi/airbyte.com/main/1.0.0/meta/import/output-bundle.json fern	not-run	candidates.tsv
ref-pointer-undeclared-component-head	document	apis/openapi/airbyte.com/main/1.0.0/meta/import/output-entry.json	census 2	census.jsonl.gz
ref-pointer-undeclared-component-head	candidate	apis/openapi/airbyte.com/main/1.0.0/meta/import/output-entry.json	census 2	census.jsonl.gz
ref-pointer-undeclared-component-head	screen	apis/openapi/airbyte.com/main/1.0.0/meta/import/output-entry.json licence	passed	candidates.tsv
ref-pointer-undeclared-component-head	screen	apis/openapi/airbyte.com/main/1.0.0/meta/import/output-entry.json ref	passed	candidates.tsv
ref-pointer-undeclared-component-head	screen	apis/openapi/airbyte.com/main/1.0.0/meta/import/output-entry.json fern	failed	candidates.tsv
ref-pointer-undeclared-component-head	document	apis/openapi/airbyte.com/main/1.0.0/openapi.json	census 2	census.jsonl.gz
ref-pointer-undeclared-component-head	candidate	apis/openapi/airbyte.com/main/1.0.0/openapi.json	census 2	census.jsonl.gz
ref-pointer-undeclared-component-head	screen	apis/openapi/airbyte.com/main/1.0.0/openapi.json licence	failed	candidates.tsv
ref-pointer-undeclared-component-head	screen	apis/openapi/airbyte.com/main/1.0.0/openapi.json ref	failed	candidates.tsv
ref-pointer-undeclared-component-head	screen	apis/openapi/airbyte.com/main/1.0.0/openapi.json fern	not-run	candidates.tsv
ref-pointer-undeclared-component-head	document	apis/openapi/alma_france_api/main/1.0.0/meta/import/input-bundle.json	census 14	census.jsonl.gz
ref-pointer-undeclared-component-head	candidate	apis/openapi/alma_france_api/main/1.0.0/meta/import/input-bundle.json	census 14	census.jsonl.gz
ref-pointer-undeclared-component-head	screen	apis/openapi/alma_france_api/main/1.0.0/meta/import/input-bundle.json licence	passed	candidates.tsv
ref-pointer-undeclared-component-head	screen	apis/openapi/alma_france_api/main/1.0.0/meta/import/input-bundle.json ref	passed	candidates.tsv
ref-pointer-undeclared-component-head	screen	apis/openapi/alma_france_api/main/1.0.0/meta/import/input-bundle.json fern	passed	candidates.tsv
ref-pointer-undeclared-component-head	document	apis/openapi/alma_france_api/main/1.0.0/meta/import/input-entry.json	census 14	census.jsonl.gz
ref-pointer-undeclared-component-head	candidate	apis/openapi/alma_france_api/main/1.0.0/meta/import/input-entry.json	census 14	census.jsonl.gz
ref-pointer-undeclared-component-head	screen	apis/openapi/alma_france_api/main/1.0.0/meta/import/input-entry.json licence	passed	candidates.tsv
ref-pointer-undeclared-component-head	screen	apis/openapi/alma_france_api/main/1.0.0/meta/import/input-entry.json ref	passed	candidates.tsv
ref-pointer-undeclared-component-head	screen	apis/openapi/alma_france_api/main/1.0.0/meta/import/input-entry.json fern	passed	candidates.tsv
ref-pointer-undeclared-component-head	document	apis/openapi/alma_france_api/main/1.0.0/meta/import/output-bundle.json	census 14	census.jsonl.gz
ref-pointer-undeclared-component-head	candidate	apis/openapi/alma_france_api/main/1.0.0/meta/import/output-bundle.json	census 14	census.jsonl.gz
ref-pointer-undeclared-component-head	screen	apis/openapi/alma_france_api/main/1.0.0/meta/import/output-bundle.json licence	passed	candidates.tsv
ref-pointer-undeclared-component-head	screen	apis/openapi/alma_france_api/main/1.0.0/meta/import/output-bundle.json ref	passed	candidates.tsv
ref-pointer-undeclared-component-head	screen	apis/openapi/alma_france_api/main/1.0.0/meta/import/output-bundle.json fern	passed	candidates.tsv
ref-pointer-undeclared-component-head	document	apis/openapi/alma_france_api/main/1.0.0/meta/import/output-entry.json	census 14	census.jsonl.gz
ref-pointer-undeclared-component-head	candidate	apis/openapi/alma_france_api/main/1.0.0/meta/import/output-entry.json	census 14	census.jsonl.gz
ref-pointer-undeclared-component-head	screen	apis/openapi/alma_france_api/main/1.0.0/meta/import/output-entry.json licence	passed	candidates.tsv
ref-pointer-undeclared-component-head	screen	apis/openapi/alma_france_api/main/1.0.0/meta/import/output-entry.json ref	passed	candidates.tsv
ref-pointer-undeclared-component-head	screen	apis/openapi/alma_france_api/main/1.0.0/meta/import/output-entry.json fern	passed	candidates.tsv
ref-pointer-undeclared-component-head	document	apis/openapi/alma_france_api/main/1.0.0/openapi.json	census 14	census.jsonl.gz
ref-pointer-undeclared-component-head	candidate	apis/openapi/alma_france_api/main/1.0.0/openapi.json	census 14	census.jsonl.gz
ref-pointer-undeclared-component-head	screen	apis/openapi/alma_france_api/main/1.0.0/openapi.json licence	passed	candidates.tsv
ref-pointer-undeclared-component-head	screen	apis/openapi/alma_france_api/main/1.0.0/openapi.json ref	passed	candidates.tsv
ref-pointer-undeclared-component-head	screen	apis/openapi/alma_france_api/main/1.0.0/openapi.json fern	passed	candidates.tsv
ref-pointer-undeclared-component-head	document	apis/openapi/anthropic.com/messages/1.0.0/meta/import/input-bundle.json	census 2	census.jsonl.gz
ref-pointer-undeclared-component-head	candidate	apis/openapi/anthropic.com/messages/1.0.0/meta/import/input-bundle.json	census 2	census.jsonl.gz
ref-pointer-undeclared-component-head	screen	apis/openapi/anthropic.com/messages/1.0.0/meta/import/input-bundle.json licence	failed	candidates.tsv
ref-pointer-undeclared-component-head	screen	apis/openapi/anthropic.com/messages/1.0.0/meta/import/input-bundle.json ref	failed	candidates.tsv
ref-pointer-undeclared-component-head	screen	apis/openapi/anthropic.com/messages/1.0.0/meta/import/input-bundle.json fern	not-run	candidates.tsv
ref-pointer-undeclared-component-head	document	apis/openapi/anthropic.com/messages/1.0.0/meta/import/input-entry.json	census 2	census.jsonl.gz
ref-pointer-undeclared-component-head	candidate	apis/openapi/anthropic.com/messages/1.0.0/meta/import/input-entry.json	census 2	census.jsonl.gz
ref-pointer-undeclared-component-head	screen	apis/openapi/anthropic.com/messages/1.0.0/meta/import/input-entry.json licence	failed	candidates.tsv
ref-pointer-undeclared-component-head	screen	apis/openapi/anthropic.com/messages/1.0.0/meta/import/input-entry.json ref	failed	candidates.tsv
ref-pointer-undeclared-component-head	screen	apis/openapi/anthropic.com/messages/1.0.0/meta/import/input-entry.json fern	not-run	candidates.tsv
ref-pointer-undeclared-component-head	document	apis/openapi/anthropic.com/messages/1.0.0/meta/import/output-bundle.json	census 2	census.jsonl.gz
ref-pointer-undeclared-component-head	candidate	apis/openapi/anthropic.com/messages/1.0.0/meta/import/output-bundle.json	census 2	census.jsonl.gz
ref-pointer-undeclared-component-head	screen	apis/openapi/anthropic.com/messages/1.0.0/meta/import/output-bundle.json licence	failed	candidates.tsv
ref-pointer-undeclared-component-head	screen	apis/openapi/anthropic.com/messages/1.0.0/meta/import/output-bundle.json ref	failed	candidates.tsv
ref-pointer-undeclared-component-head	screen	apis/openapi/anthropic.com/messages/1.0.0/meta/import/output-bundle.json fern	not-run	candidates.tsv
ref-pointer-undeclared-component-head	document	apis/openapi/anthropic.com/messages/1.0.0/meta/import/output-entry.json	census 2	census.jsonl.gz
ref-pointer-undeclared-component-head	candidate	apis/openapi/anthropic.com/messages/1.0.0/meta/import/output-entry.json	census 2	census.jsonl.gz
ref-pointer-undeclared-component-head	screen	apis/openapi/anthropic.com/messages/1.0.0/meta/import/output-entry.json licence	failed	candidates.tsv
ref-pointer-undeclared-component-head	screen	apis/openapi/anthropic.com/messages/1.0.0/meta/import/output-entry.json ref	failed	candidates.tsv
ref-pointer-undeclared-component-head	screen	apis/openapi/anthropic.com/messages/1.0.0/meta/import/output-entry.json fern	not-run	candidates.tsv
ref-pointer-undeclared-component-head	document	apis/openapi/anthropic.com/messages/1.0.0/openapi.json	census 2	census.jsonl.gz
ref-pointer-undeclared-component-head	candidate	apis/openapi/anthropic.com/messages/1.0.0/openapi.json	census 2	census.jsonl.gz
ref-pointer-undeclared-component-head	screen	apis/openapi/anthropic.com/messages/1.0.0/openapi.json licence	failed	candidates.tsv
ref-pointer-undeclared-component-head	screen	apis/openapi/anthropic.com/messages/1.0.0/openapi.json ref	failed	candidates.tsv
ref-pointer-undeclared-component-head	screen	apis/openapi/anthropic.com/messages/1.0.0/openapi.json fern	not-run	candidates.tsv
ref-pointer-undeclared-component-head	document	apis/openapi/axiom.co/main/2.0.0/meta/import/input-bundle.json	census 2	census.jsonl.gz
ref-pointer-undeclared-component-head	candidate	apis/openapi/axiom.co/main/2.0.0/meta/import/input-bundle.json	census 2	census.jsonl.gz
ref-pointer-undeclared-component-head	screen	apis/openapi/axiom.co/main/2.0.0/meta/import/input-bundle.json licence	failed	candidates.tsv
ref-pointer-undeclared-component-head	screen	apis/openapi/axiom.co/main/2.0.0/meta/import/input-bundle.json ref	failed	candidates.tsv
ref-pointer-undeclared-component-head	screen	apis/openapi/axiom.co/main/2.0.0/meta/import/input-bundle.json fern	not-run	candidates.tsv
ref-pointer-undeclared-component-head	document	apis/openapi/axiom.co/main/2.0.0/meta/import/input-entry.json	census 2	census.jsonl.gz
ref-pointer-undeclared-component-head	candidate	apis/openapi/axiom.co/main/2.0.0/meta/import/input-entry.json	census 2	census.jsonl.gz
ref-pointer-undeclared-component-head	screen	apis/openapi/axiom.co/main/2.0.0/meta/import/input-entry.json licence	passed	candidates.tsv
ref-pointer-undeclared-component-head	screen	apis/openapi/axiom.co/main/2.0.0/meta/import/input-entry.json ref	passed	candidates.tsv
ref-pointer-undeclared-component-head	screen	apis/openapi/axiom.co/main/2.0.0/meta/import/input-entry.json fern	failed	candidates.tsv
ref-pointer-undeclared-component-head	document	apis/openapi/axiom.co/main/2.0.0/meta/import/output-bundle.json	census 2	census.jsonl.gz
ref-pointer-undeclared-component-head	candidate	apis/openapi/axiom.co/main/2.0.0/meta/import/output-bundle.json	census 2	census.jsonl.gz
ref-pointer-undeclared-component-head	screen	apis/openapi/axiom.co/main/2.0.0/meta/import/output-bundle.json licence	failed	candidates.tsv
ref-pointer-undeclared-component-head	screen	apis/openapi/axiom.co/main/2.0.0/meta/import/output-bundle.json ref	failed	candidates.tsv
ref-pointer-undeclared-component-head	screen	apis/openapi/axiom.co/main/2.0.0/meta/import/output-bundle.json fern	not-run	candidates.tsv
ref-pointer-undeclared-component-head	document	apis/openapi/axiom.co/main/2.0.0/meta/import/output-entry.json	census 2	census.jsonl.gz
ref-pointer-undeclared-component-head	candidate	apis/openapi/axiom.co/main/2.0.0/meta/import/output-entry.json	census 2	census.jsonl.gz
ref-pointer-undeclared-component-head	screen	apis/openapi/axiom.co/main/2.0.0/meta/import/output-entry.json licence	passed	candidates.tsv
ref-pointer-undeclared-component-head	screen	apis/openapi/axiom.co/main/2.0.0/meta/import/output-entry.json ref	passed	candidates.tsv
ref-pointer-undeclared-component-head	screen	apis/openapi/axiom.co/main/2.0.0/meta/import/output-entry.json fern	failed	candidates.tsv
ref-pointer-undeclared-component-head	document	apis/openapi/axiom.co/main/2.0.0/openapi.json	census 2	census.jsonl.gz
ref-pointer-undeclared-component-head	candidate	apis/openapi/axiom.co/main/2.0.0/openapi.json	census 2	census.jsonl.gz
ref-pointer-undeclared-component-head	screen	apis/openapi/axiom.co/main/2.0.0/openapi.json licence	failed	candidates.tsv
ref-pointer-undeclared-component-head	screen	apis/openapi/axiom.co/main/2.0.0/openapi.json ref	failed	candidates.tsv
ref-pointer-undeclared-component-head	screen	apis/openapi/axiom.co/main/2.0.0/openapi.json fern	not-run	candidates.tsv
ref-pointer-undeclared-component-head	document	apis/openapi/billie.io/main/2.0.0/meta/import/input-bundle.json	census 10	census.jsonl.gz
ref-pointer-undeclared-component-head	candidate	apis/openapi/billie.io/main/2.0.0/meta/import/input-bundle.json	census 10	census.jsonl.gz
ref-pointer-undeclared-component-head	screen	apis/openapi/billie.io/main/2.0.0/meta/import/input-bundle.json licence	passed	candidates.tsv
ref-pointer-undeclared-component-head	screen	apis/openapi/billie.io/main/2.0.0/meta/import/input-bundle.json ref	passed	candidates.tsv
ref-pointer-undeclared-component-head	screen	apis/openapi/billie.io/main/2.0.0/meta/import/input-bundle.json fern	passed	candidates.tsv
ref-pointer-undeclared-component-head	document	apis/openapi/billie.io/main/2.0.0/meta/import/input-entry.json	census 10	census.jsonl.gz
ref-pointer-undeclared-component-head	candidate	apis/openapi/billie.io/main/2.0.0/meta/import/input-entry.json	census 10	census.jsonl.gz
ref-pointer-undeclared-component-head	screen	apis/openapi/billie.io/main/2.0.0/meta/import/input-entry.json licence	passed	candidates.tsv
ref-pointer-undeclared-component-head	screen	apis/openapi/billie.io/main/2.0.0/meta/import/input-entry.json ref	passed	candidates.tsv
ref-pointer-undeclared-component-head	screen	apis/openapi/billie.io/main/2.0.0/meta/import/input-entry.json fern	passed	candidates.tsv
ref-pointer-undeclared-component-head	document	apis/openapi/billie.io/main/2.0.0/meta/import/output-bundle.json	census 10	census.jsonl.gz
ref-pointer-undeclared-component-head	candidate	apis/openapi/billie.io/main/2.0.0/meta/import/output-bundle.json	census 10	census.jsonl.gz
ref-pointer-undeclared-component-head	screen	apis/openapi/billie.io/main/2.0.0/meta/import/output-bundle.json licence	passed	candidates.tsv
ref-pointer-undeclared-component-head	screen	apis/openapi/billie.io/main/2.0.0/meta/import/output-bundle.json ref	passed	candidates.tsv
ref-pointer-undeclared-component-head	screen	apis/openapi/billie.io/main/2.0.0/meta/import/output-bundle.json fern	passed	candidates.tsv
ref-pointer-undeclared-component-head	document	apis/openapi/billie.io/main/2.0.0/meta/import/output-entry.json	census 10	census.jsonl.gz
ref-pointer-undeclared-component-head	candidate	apis/openapi/billie.io/main/2.0.0/meta/import/output-entry.json	census 10	census.jsonl.gz
ref-pointer-undeclared-component-head	screen	apis/openapi/billie.io/main/2.0.0/meta/import/output-entry.json licence	passed	candidates.tsv
ref-pointer-undeclared-component-head	screen	apis/openapi/billie.io/main/2.0.0/meta/import/output-entry.json ref	passed	candidates.tsv
ref-pointer-undeclared-component-head	screen	apis/openapi/billie.io/main/2.0.0/meta/import/output-entry.json fern	passed	candidates.tsv
ref-pointer-undeclared-component-head	document	apis/openapi/billie.io/main/2.0.0/openapi.json	census 10	census.jsonl.gz
ref-pointer-undeclared-component-head	candidate	apis/openapi/billie.io/main/2.0.0/openapi.json	census 10	census.jsonl.gz
ref-pointer-undeclared-component-head	screen	apis/openapi/billie.io/main/2.0.0/openapi.json licence	passed	candidates.tsv
ref-pointer-undeclared-component-head	screen	apis/openapi/billie.io/main/2.0.0/openapi.json ref	passed	candidates.tsv
ref-pointer-undeclared-component-head	screen	apis/openapi/billie.io/main/2.0.0/openapi.json fern	passed	candidates.tsv
ref-pointer-undeclared-component-head	document	apis/openapi/cryptomkt.com/main/3.0/meta/import/input-bundle.json	census 8	census.jsonl.gz
ref-pointer-undeclared-component-head	candidate	apis/openapi/cryptomkt.com/main/3.0/meta/import/input-bundle.json	census 8	census.jsonl.gz
ref-pointer-undeclared-component-head	screen	apis/openapi/cryptomkt.com/main/3.0/meta/import/input-bundle.json licence	failed	candidates.tsv
ref-pointer-undeclared-component-head	screen	apis/openapi/cryptomkt.com/main/3.0/meta/import/input-bundle.json ref	failed	candidates.tsv
ref-pointer-undeclared-component-head	screen	apis/openapi/cryptomkt.com/main/3.0/meta/import/input-bundle.json fern	not-run	candidates.tsv
ref-pointer-undeclared-component-head	document	apis/openapi/cryptomkt.com/main/3.0/meta/import/input-entry.json	census 8	census.jsonl.gz
ref-pointer-undeclared-component-head	candidate	apis/openapi/cryptomkt.com/main/3.0/meta/import/input-entry.json	census 8	census.jsonl.gz
ref-pointer-undeclared-component-head	screen	apis/openapi/cryptomkt.com/main/3.0/meta/import/input-entry.json licence	failed	candidates.tsv
ref-pointer-undeclared-component-head	screen	apis/openapi/cryptomkt.com/main/3.0/meta/import/input-entry.json ref	failed	candidates.tsv
ref-pointer-undeclared-component-head	screen	apis/openapi/cryptomkt.com/main/3.0/meta/import/input-entry.json fern	not-run	candidates.tsv
ref-pointer-undeclared-component-head	document	apis/openapi/cryptomkt.com/main/3.0/meta/import/output-bundle.json	census 8	census.jsonl.gz
ref-pointer-undeclared-component-head	candidate	apis/openapi/cryptomkt.com/main/3.0/meta/import/output-bundle.json	census 8	census.jsonl.gz
ref-pointer-undeclared-component-head	screen	apis/openapi/cryptomkt.com/main/3.0/meta/import/output-bundle.json licence	failed	candidates.tsv
ref-pointer-undeclared-component-head	screen	apis/openapi/cryptomkt.com/main/3.0/meta/import/output-bundle.json ref	failed	candidates.tsv
ref-pointer-undeclared-component-head	screen	apis/openapi/cryptomkt.com/main/3.0/meta/import/output-bundle.json fern	not-run	candidates.tsv
ref-pointer-undeclared-component-head	document	apis/openapi/cryptomkt.com/main/3.0/meta/import/output-entry.json	census 8	census.jsonl.gz
ref-pointer-undeclared-component-head	candidate	apis/openapi/cryptomkt.com/main/3.0/meta/import/output-entry.json	census 8	census.jsonl.gz
ref-pointer-undeclared-component-head	screen	apis/openapi/cryptomkt.com/main/3.0/meta/import/output-entry.json licence	failed	candidates.tsv
ref-pointer-undeclared-component-head	screen	apis/openapi/cryptomkt.com/main/3.0/meta/import/output-entry.json ref	failed	candidates.tsv
ref-pointer-undeclared-component-head	screen	apis/openapi/cryptomkt.com/main/3.0/meta/import/output-entry.json fern	not-run	candidates.tsv
ref-pointer-undeclared-component-head	document	apis/openapi/cryptomkt.com/main/3.0/openapi.json	census 8	census.jsonl.gz
ref-pointer-undeclared-component-head	candidate	apis/openapi/cryptomkt.com/main/3.0/openapi.json	census 8	census.jsonl.gz
ref-pointer-undeclared-component-head	screen	apis/openapi/cryptomkt.com/main/3.0/openapi.json licence	failed	candidates.tsv
ref-pointer-undeclared-component-head	screen	apis/openapi/cryptomkt.com/main/3.0/openapi.json ref	failed	candidates.tsv
ref-pointer-undeclared-component-head	screen	apis/openapi/cryptomkt.com/main/3.0/openapi.json fern	not-run	candidates.tsv
ref-pointer-undeclared-component-head	document	apis/openapi/dropbox.com/dropbox-api-v2/2.0.0/meta/import/input-bundle.json	census 98	census.jsonl.gz
ref-pointer-undeclared-component-head	candidate	apis/openapi/dropbox.com/dropbox-api-v2/2.0.0/meta/import/input-bundle.json	census 98	census.jsonl.gz
ref-pointer-undeclared-component-head	screen	apis/openapi/dropbox.com/dropbox-api-v2/2.0.0/meta/import/input-bundle.json licence	passed	candidates.tsv
ref-pointer-undeclared-component-head	screen	apis/openapi/dropbox.com/dropbox-api-v2/2.0.0/meta/import/input-bundle.json ref	passed	candidates.tsv
ref-pointer-undeclared-component-head	screen	apis/openapi/dropbox.com/dropbox-api-v2/2.0.0/meta/import/input-bundle.json fern	failed	candidates.tsv
ref-pointer-undeclared-component-head	document	apis/openapi/dropbox.com/dropbox-api-v2/2.0.0/meta/import/input-entry.json	census 98	census.jsonl.gz
ref-pointer-undeclared-component-head	candidate	apis/openapi/dropbox.com/dropbox-api-v2/2.0.0/meta/import/input-entry.json	census 98	census.jsonl.gz
ref-pointer-undeclared-component-head	screen	apis/openapi/dropbox.com/dropbox-api-v2/2.0.0/meta/import/input-entry.json licence	passed	candidates.tsv
ref-pointer-undeclared-component-head	screen	apis/openapi/dropbox.com/dropbox-api-v2/2.0.0/meta/import/input-entry.json ref	passed	candidates.tsv
ref-pointer-undeclared-component-head	screen	apis/openapi/dropbox.com/dropbox-api-v2/2.0.0/meta/import/input-entry.json fern	failed	candidates.tsv
ref-pointer-undeclared-component-head	document	apis/openapi/dropbox.com/dropbox-api-v2/2.0.0/meta/import/output-bundle.json	census 98	census.jsonl.gz
ref-pointer-undeclared-component-head	candidate	apis/openapi/dropbox.com/dropbox-api-v2/2.0.0/meta/import/output-bundle.json	census 98	census.jsonl.gz
ref-pointer-undeclared-component-head	screen	apis/openapi/dropbox.com/dropbox-api-v2/2.0.0/meta/import/output-bundle.json licence	passed	candidates.tsv
ref-pointer-undeclared-component-head	screen	apis/openapi/dropbox.com/dropbox-api-v2/2.0.0/meta/import/output-bundle.json ref	passed	candidates.tsv
ref-pointer-undeclared-component-head	screen	apis/openapi/dropbox.com/dropbox-api-v2/2.0.0/meta/import/output-bundle.json fern	failed	candidates.tsv
ref-pointer-undeclared-component-head	document	apis/openapi/dropbox.com/dropbox-api-v2/2.0.0/meta/import/output-entry.json	census 98	census.jsonl.gz
ref-pointer-undeclared-component-head	candidate	apis/openapi/dropbox.com/dropbox-api-v2/2.0.0/meta/import/output-entry.json	census 98	census.jsonl.gz
ref-pointer-undeclared-component-head	screen	apis/openapi/dropbox.com/dropbox-api-v2/2.0.0/meta/import/output-entry.json licence	passed	candidates.tsv
ref-pointer-undeclared-component-head	screen	apis/openapi/dropbox.com/dropbox-api-v2/2.0.0/meta/import/output-entry.json ref	passed	candidates.tsv
ref-pointer-undeclared-component-head	screen	apis/openapi/dropbox.com/dropbox-api-v2/2.0.0/meta/import/output-entry.json fern	failed	candidates.tsv
ref-pointer-undeclared-component-head	document	apis/openapi/dropbox.com/dropbox-api-v2/2.0.0/openapi.json	census 98	census.jsonl.gz
ref-pointer-undeclared-component-head	candidate	apis/openapi/dropbox.com/dropbox-api-v2/2.0.0/openapi.json	census 98	census.jsonl.gz
ref-pointer-undeclared-component-head	screen	apis/openapi/dropbox.com/dropbox-api-v2/2.0.0/openapi.json licence	passed	candidates.tsv
ref-pointer-undeclared-component-head	screen	apis/openapi/dropbox.com/dropbox-api-v2/2.0.0/openapi.json ref	passed	candidates.tsv
ref-pointer-undeclared-component-head	screen	apis/openapi/dropbox.com/dropbox-api-v2/2.0.0/openapi.json fern	failed	candidates.tsv
ref-pointer-undeclared-component-head	document	apis/openapi/getalma.eu/main/1.0.0/meta/import/input-bundle.json	census 14	census.jsonl.gz
ref-pointer-undeclared-component-head	candidate	apis/openapi/getalma.eu/main/1.0.0/meta/import/input-bundle.json	census 14	census.jsonl.gz
ref-pointer-undeclared-component-head	screen	apis/openapi/getalma.eu/main/1.0.0/meta/import/input-bundle.json licence	passed	candidates.tsv
ref-pointer-undeclared-component-head	screen	apis/openapi/getalma.eu/main/1.0.0/meta/import/input-bundle.json ref	passed	candidates.tsv
ref-pointer-undeclared-component-head	screen	apis/openapi/getalma.eu/main/1.0.0/meta/import/input-bundle.json fern	passed	candidates.tsv
ref-pointer-undeclared-component-head	document	apis/openapi/getalma.eu/main/1.0.0/meta/import/input-entry.json	census 14	census.jsonl.gz
ref-pointer-undeclared-component-head	candidate	apis/openapi/getalma.eu/main/1.0.0/meta/import/input-entry.json	census 14	census.jsonl.gz
ref-pointer-undeclared-component-head	screen	apis/openapi/getalma.eu/main/1.0.0/meta/import/input-entry.json licence	passed	candidates.tsv
ref-pointer-undeclared-component-head	screen	apis/openapi/getalma.eu/main/1.0.0/meta/import/input-entry.json ref	passed	candidates.tsv
ref-pointer-undeclared-component-head	screen	apis/openapi/getalma.eu/main/1.0.0/meta/import/input-entry.json fern	passed	candidates.tsv
ref-pointer-undeclared-component-head	document	apis/openapi/getalma.eu/main/1.0.0/meta/import/output-bundle.json	census 14	census.jsonl.gz
ref-pointer-undeclared-component-head	candidate	apis/openapi/getalma.eu/main/1.0.0/meta/import/output-bundle.json	census 14	census.jsonl.gz
ref-pointer-undeclared-component-head	screen	apis/openapi/getalma.eu/main/1.0.0/meta/import/output-bundle.json licence	passed	candidates.tsv
ref-pointer-undeclared-component-head	screen	apis/openapi/getalma.eu/main/1.0.0/meta/import/output-bundle.json ref	passed	candidates.tsv
ref-pointer-undeclared-component-head	screen	apis/openapi/getalma.eu/main/1.0.0/meta/import/output-bundle.json fern	passed	candidates.tsv
ref-pointer-undeclared-component-head	document	apis/openapi/getalma.eu/main/1.0.0/meta/import/output-entry.json	census 14	census.jsonl.gz
ref-pointer-undeclared-component-head	candidate	apis/openapi/getalma.eu/main/1.0.0/meta/import/output-entry.json	census 14	census.jsonl.gz
ref-pointer-undeclared-component-head	screen	apis/openapi/getalma.eu/main/1.0.0/meta/import/output-entry.json licence	passed	candidates.tsv
ref-pointer-undeclared-component-head	screen	apis/openapi/getalma.eu/main/1.0.0/meta/import/output-entry.json ref	passed	candidates.tsv
ref-pointer-undeclared-component-head	screen	apis/openapi/getalma.eu/main/1.0.0/meta/import/output-entry.json fern	passed	candidates.tsv
ref-pointer-undeclared-component-head	document	apis/openapi/getalma.eu/main/1.0.0/openapi.json	census 14	census.jsonl.gz
ref-pointer-undeclared-component-head	candidate	apis/openapi/getalma.eu/main/1.0.0/openapi.json	census 14	census.jsonl.gz
ref-pointer-undeclared-component-head	screen	apis/openapi/getalma.eu/main/1.0.0/openapi.json licence	passed	candidates.tsv
ref-pointer-undeclared-component-head	screen	apis/openapi/getalma.eu/main/1.0.0/openapi.json ref	passed	candidates.tsv
ref-pointer-undeclared-component-head	screen	apis/openapi/getalma.eu/main/1.0.0/openapi.json fern	passed	candidates.tsv
ref-pointer-undeclared-component-head	document	apis/openapi/gohighlevel.com/main/1.0/meta/import/input-bundle.json	census 52	census.jsonl.gz
ref-pointer-undeclared-component-head	candidate	apis/openapi/gohighlevel.com/main/1.0/meta/import/input-bundle.json	census 52	census.jsonl.gz
ref-pointer-undeclared-component-head	screen	apis/openapi/gohighlevel.com/main/1.0/meta/import/input-bundle.json licence	passed	candidates.tsv
ref-pointer-undeclared-component-head	screen	apis/openapi/gohighlevel.com/main/1.0/meta/import/input-bundle.json ref	passed	candidates.tsv
ref-pointer-undeclared-component-head	screen	apis/openapi/gohighlevel.com/main/1.0/meta/import/input-bundle.json fern	failed	candidates.tsv
ref-pointer-undeclared-component-head	document	apis/openapi/gohighlevel.com/main/1.0/meta/import/input-entry.json	census 52	census.jsonl.gz
ref-pointer-undeclared-component-head	candidate	apis/openapi/gohighlevel.com/main/1.0/meta/import/input-entry.json	census 52	census.jsonl.gz
ref-pointer-undeclared-component-head	screen	apis/openapi/gohighlevel.com/main/1.0/meta/import/input-entry.json licence	passed	candidates.tsv
ref-pointer-undeclared-component-head	screen	apis/openapi/gohighlevel.com/main/1.0/meta/import/input-entry.json ref	passed	candidates.tsv
ref-pointer-undeclared-component-head	screen	apis/openapi/gohighlevel.com/main/1.0/meta/import/input-entry.json fern	failed	candidates.tsv
ref-pointer-undeclared-component-head	document	apis/openapi/gohighlevel.com/main/1.0/meta/import/output-bundle.json	census 52	census.jsonl.gz
ref-pointer-undeclared-component-head	candidate	apis/openapi/gohighlevel.com/main/1.0/meta/import/output-bundle.json	census 52	census.jsonl.gz
ref-pointer-undeclared-component-head	screen	apis/openapi/gohighlevel.com/main/1.0/meta/import/output-bundle.json licence	passed	candidates.tsv
ref-pointer-undeclared-component-head	screen	apis/openapi/gohighlevel.com/main/1.0/meta/import/output-bundle.json ref	passed	candidates.tsv
ref-pointer-undeclared-component-head	screen	apis/openapi/gohighlevel.com/main/1.0/meta/import/output-bundle.json fern	failed	candidates.tsv
ref-pointer-undeclared-component-head	document	apis/openapi/gohighlevel.com/main/1.0/meta/import/output-entry.json	census 52	census.jsonl.gz
ref-pointer-undeclared-component-head	candidate	apis/openapi/gohighlevel.com/main/1.0/meta/import/output-entry.json	census 52	census.jsonl.gz
ref-pointer-undeclared-component-head	screen	apis/openapi/gohighlevel.com/main/1.0/meta/import/output-entry.json licence	passed	candidates.tsv
ref-pointer-undeclared-component-head	screen	apis/openapi/gohighlevel.com/main/1.0/meta/import/output-entry.json ref	passed	candidates.tsv
ref-pointer-undeclared-component-head	screen	apis/openapi/gohighlevel.com/main/1.0/meta/import/output-entry.json fern	failed	candidates.tsv
ref-pointer-undeclared-component-head	document	apis/openapi/gohighlevel.com/main/1.0/openapi.json	census 52	census.jsonl.gz
ref-pointer-undeclared-component-head	candidate	apis/openapi/gohighlevel.com/main/1.0/openapi.json	census 52	census.jsonl.gz
ref-pointer-undeclared-component-head	screen	apis/openapi/gohighlevel.com/main/1.0/openapi.json licence	passed	candidates.tsv
ref-pointer-undeclared-component-head	screen	apis/openapi/gohighlevel.com/main/1.0/openapi.json ref	passed	candidates.tsv
ref-pointer-undeclared-component-head	screen	apis/openapi/gohighlevel.com/main/1.0/openapi.json fern	failed	candidates.tsv
ref-pointer-undeclared-component-head	document	apis/openapi/grocy.info/main/xxx/meta/import/input-bundle.json	census 14	census.jsonl.gz
ref-pointer-undeclared-component-head	candidate	apis/openapi/grocy.info/main/xxx/meta/import/input-bundle.json	census 14	census.jsonl.gz
ref-pointer-undeclared-component-head	screen	apis/openapi/grocy.info/main/xxx/meta/import/input-bundle.json licence	failed	candidates.tsv
ref-pointer-undeclared-component-head	screen	apis/openapi/grocy.info/main/xxx/meta/import/input-bundle.json ref	failed	candidates.tsv
ref-pointer-undeclared-component-head	screen	apis/openapi/grocy.info/main/xxx/meta/import/input-bundle.json fern	not-run	candidates.tsv
ref-pointer-undeclared-component-head	document	apis/openapi/grocy.info/main/xxx/meta/import/input-entry.json	census 14	census.jsonl.gz
ref-pointer-undeclared-component-head	candidate	apis/openapi/grocy.info/main/xxx/meta/import/input-entry.json	census 14	census.jsonl.gz
ref-pointer-undeclared-component-head	screen	apis/openapi/grocy.info/main/xxx/meta/import/input-entry.json licence	failed	candidates.tsv
ref-pointer-undeclared-component-head	screen	apis/openapi/grocy.info/main/xxx/meta/import/input-entry.json ref	failed	candidates.tsv
ref-pointer-undeclared-component-head	screen	apis/openapi/grocy.info/main/xxx/meta/import/input-entry.json fern	not-run	candidates.tsv
ref-pointer-undeclared-component-head	document	apis/openapi/grocy.info/main/xxx/meta/import/output-bundle.json	census 14	census.jsonl.gz
ref-pointer-undeclared-component-head	candidate	apis/openapi/grocy.info/main/xxx/meta/import/output-bundle.json	census 14	census.jsonl.gz
ref-pointer-undeclared-component-head	screen	apis/openapi/grocy.info/main/xxx/meta/import/output-bundle.json licence	failed	candidates.tsv
ref-pointer-undeclared-component-head	screen	apis/openapi/grocy.info/main/xxx/meta/import/output-bundle.json ref	failed	candidates.tsv
ref-pointer-undeclared-component-head	screen	apis/openapi/grocy.info/main/xxx/meta/import/output-bundle.json fern	not-run	candidates.tsv
ref-pointer-undeclared-component-head	document	apis/openapi/grocy.info/main/xxx/meta/import/output-entry.json	census 14	census.jsonl.gz
ref-pointer-undeclared-component-head	candidate	apis/openapi/grocy.info/main/xxx/meta/import/output-entry.json	census 14	census.jsonl.gz
ref-pointer-undeclared-component-head	screen	apis/openapi/grocy.info/main/xxx/meta/import/output-entry.json licence	failed	candidates.tsv
ref-pointer-undeclared-component-head	screen	apis/openapi/grocy.info/main/xxx/meta/import/output-entry.json ref	failed	candidates.tsv
ref-pointer-undeclared-component-head	screen	apis/openapi/grocy.info/main/xxx/meta/import/output-entry.json fern	not-run	candidates.tsv
ref-pointer-undeclared-component-head	document	apis/openapi/grocy.info/main/xxx/openapi.json	census 14	census.jsonl.gz
ref-pointer-undeclared-component-head	candidate	apis/openapi/grocy.info/main/xxx/openapi.json	census 14	census.jsonl.gz
ref-pointer-undeclared-component-head	screen	apis/openapi/grocy.info/main/xxx/openapi.json licence	failed	candidates.tsv
ref-pointer-undeclared-component-head	screen	apis/openapi/grocy.info/main/xxx/openapi.json ref	failed	candidates.tsv
ref-pointer-undeclared-component-head	screen	apis/openapi/grocy.info/main/xxx/openapi.json fern	not-run	candidates.tsv
ref-pointer-undeclared-component-head	document	apis/openapi/groove.cm/main/1.0.0/meta/import/input-bundle.json	census 18	census.jsonl.gz
ref-pointer-undeclared-component-head	candidate	apis/openapi/groove.cm/main/1.0.0/meta/import/input-bundle.json	census 18	census.jsonl.gz
ref-pointer-undeclared-component-head	screen	apis/openapi/groove.cm/main/1.0.0/meta/import/input-bundle.json licence	failed	candidates.tsv
ref-pointer-undeclared-component-head	screen	apis/openapi/groove.cm/main/1.0.0/meta/import/input-bundle.json ref	failed	candidates.tsv
ref-pointer-undeclared-component-head	screen	apis/openapi/groove.cm/main/1.0.0/meta/import/input-bundle.json fern	not-run	candidates.tsv
ref-pointer-undeclared-component-head	document	apis/openapi/groove.cm/main/1.0.0/meta/import/input-entry.json	census 18	census.jsonl.gz
ref-pointer-undeclared-component-head	candidate	apis/openapi/groove.cm/main/1.0.0/meta/import/input-entry.json	census 18	census.jsonl.gz
ref-pointer-undeclared-component-head	screen	apis/openapi/groove.cm/main/1.0.0/meta/import/input-entry.json licence	failed	candidates.tsv
ref-pointer-undeclared-component-head	screen	apis/openapi/groove.cm/main/1.0.0/meta/import/input-entry.json ref	failed	candidates.tsv
ref-pointer-undeclared-component-head	screen	apis/openapi/groove.cm/main/1.0.0/meta/import/input-entry.json fern	not-run	candidates.tsv
ref-pointer-undeclared-component-head	document	apis/openapi/groove.cm/main/1.0.0/meta/import/output-bundle.json	census 18	census.jsonl.gz
ref-pointer-undeclared-component-head	candidate	apis/openapi/groove.cm/main/1.0.0/meta/import/output-bundle.json	census 18	census.jsonl.gz
ref-pointer-undeclared-component-head	screen	apis/openapi/groove.cm/main/1.0.0/meta/import/output-bundle.json licence	failed	candidates.tsv
ref-pointer-undeclared-component-head	screen	apis/openapi/groove.cm/main/1.0.0/meta/import/output-bundle.json ref	failed	candidates.tsv
ref-pointer-undeclared-component-head	screen	apis/openapi/groove.cm/main/1.0.0/meta/import/output-bundle.json fern	not-run	candidates.tsv
ref-pointer-undeclared-component-head	document	apis/openapi/groove.cm/main/1.0.0/meta/import/output-entry.json	census 18	census.jsonl.gz
ref-pointer-undeclared-component-head	candidate	apis/openapi/groove.cm/main/1.0.0/meta/import/output-entry.json	census 18	census.jsonl.gz
ref-pointer-undeclared-component-head	screen	apis/openapi/groove.cm/main/1.0.0/meta/import/output-entry.json licence	failed	candidates.tsv
ref-pointer-undeclared-component-head	screen	apis/openapi/groove.cm/main/1.0.0/meta/import/output-entry.json ref	failed	candidates.tsv
ref-pointer-undeclared-component-head	screen	apis/openapi/groove.cm/main/1.0.0/meta/import/output-entry.json fern	not-run	candidates.tsv
ref-pointer-undeclared-component-head	document	apis/openapi/groove.cm/main/1.0.0/openapi.json	census 18	census.jsonl.gz
ref-pointer-undeclared-component-head	candidate	apis/openapi/groove.cm/main/1.0.0/openapi.json	census 18	census.jsonl.gz
ref-pointer-undeclared-component-head	screen	apis/openapi/groove.cm/main/1.0.0/openapi.json licence	failed	candidates.tsv
ref-pointer-undeclared-component-head	screen	apis/openapi/groove.cm/main/1.0.0/openapi.json ref	failed	candidates.tsv
ref-pointer-undeclared-component-head	screen	apis/openapi/groove.cm/main/1.0.0/openapi.json fern	not-run	candidates.tsv
ref-pointer-undeclared-component-head	document	apis/openapi/heidihealth.com/main/0.1.0/meta/import/input-bundle.json	census 10	census.jsonl.gz
ref-pointer-undeclared-component-head	candidate	apis/openapi/heidihealth.com/main/0.1.0/meta/import/input-bundle.json	census 10	census.jsonl.gz
ref-pointer-undeclared-component-head	screen	apis/openapi/heidihealth.com/main/0.1.0/meta/import/input-bundle.json licence	failed	candidates.tsv
ref-pointer-undeclared-component-head	screen	apis/openapi/heidihealth.com/main/0.1.0/meta/import/input-bundle.json ref	failed	candidates.tsv
ref-pointer-undeclared-component-head	screen	apis/openapi/heidihealth.com/main/0.1.0/meta/import/input-bundle.json fern	not-run	candidates.tsv
ref-pointer-undeclared-component-head	document	apis/openapi/heidihealth.com/main/0.1.0/meta/import/input-entry.json	census 10	census.jsonl.gz
ref-pointer-undeclared-component-head	candidate	apis/openapi/heidihealth.com/main/0.1.0/meta/import/input-entry.json	census 10	census.jsonl.gz
ref-pointer-undeclared-component-head	screen	apis/openapi/heidihealth.com/main/0.1.0/meta/import/input-entry.json licence	failed	candidates.tsv
ref-pointer-undeclared-component-head	screen	apis/openapi/heidihealth.com/main/0.1.0/meta/import/input-entry.json ref	failed	candidates.tsv
ref-pointer-undeclared-component-head	screen	apis/openapi/heidihealth.com/main/0.1.0/meta/import/input-entry.json fern	not-run	candidates.tsv
ref-pointer-undeclared-component-head	document	apis/openapi/heidihealth.com/main/0.1.0/meta/import/output-bundle.json	census 10	census.jsonl.gz
ref-pointer-undeclared-component-head	candidate	apis/openapi/heidihealth.com/main/0.1.0/meta/import/output-bundle.json	census 10	census.jsonl.gz
ref-pointer-undeclared-component-head	screen	apis/openapi/heidihealth.com/main/0.1.0/meta/import/output-bundle.json licence	failed	candidates.tsv
ref-pointer-undeclared-component-head	screen	apis/openapi/heidihealth.com/main/0.1.0/meta/import/output-bundle.json ref	failed	candidates.tsv
ref-pointer-undeclared-component-head	screen	apis/openapi/heidihealth.com/main/0.1.0/meta/import/output-bundle.json fern	not-run	candidates.tsv
ref-pointer-undeclared-component-head	document	apis/openapi/heidihealth.com/main/0.1.0/meta/import/output-entry.json	census 10	census.jsonl.gz
ref-pointer-undeclared-component-head	candidate	apis/openapi/heidihealth.com/main/0.1.0/meta/import/output-entry.json	census 10	census.jsonl.gz
ref-pointer-undeclared-component-head	screen	apis/openapi/heidihealth.com/main/0.1.0/meta/import/output-entry.json licence	failed	candidates.tsv
ref-pointer-undeclared-component-head	screen	apis/openapi/heidihealth.com/main/0.1.0/meta/import/output-entry.json ref	failed	candidates.tsv
ref-pointer-undeclared-component-head	screen	apis/openapi/heidihealth.com/main/0.1.0/meta/import/output-entry.json fern	not-run	candidates.tsv
ref-pointer-undeclared-component-head	document	apis/openapi/heidihealth.com/main/0.1.0/openapi.json	census 10	census.jsonl.gz
ref-pointer-undeclared-component-head	candidate	apis/openapi/heidihealth.com/main/0.1.0/openapi.json	census 10	census.jsonl.gz
ref-pointer-undeclared-component-head	screen	apis/openapi/heidihealth.com/main/0.1.0/openapi.json licence	failed	candidates.tsv
ref-pointer-undeclared-component-head	screen	apis/openapi/heidihealth.com/main/0.1.0/openapi.json ref	failed	candidates.tsv
ref-pointer-undeclared-component-head	screen	apis/openapi/heidihealth.com/main/0.1.0/openapi.json fern	not-run	candidates.tsv
ref-pointer-undeclared-component-head	document	apis/openapi/matrix.org/main/1.13.0/meta/import/input-bundle.json	census 158	census.jsonl.gz
ref-pointer-undeclared-component-head	candidate	apis/openapi/matrix.org/main/1.13.0/meta/import/input-bundle.json	census 158	census.jsonl.gz
ref-pointer-undeclared-component-head	screen	apis/openapi/matrix.org/main/1.13.0/meta/import/input-bundle.json licence	passed	candidates.tsv
ref-pointer-undeclared-component-head	screen	apis/openapi/matrix.org/main/1.13.0/meta/import/input-bundle.json ref	passed	candidates.tsv
ref-pointer-undeclared-component-head	screen	apis/openapi/matrix.org/main/1.13.0/meta/import/input-bundle.json fern	failed	candidates.tsv
ref-pointer-undeclared-component-head	document	apis/openapi/matrix.org/main/1.13.0/meta/import/input-entry.json	census 158	census.jsonl.gz
ref-pointer-undeclared-component-head	candidate	apis/openapi/matrix.org/main/1.13.0/meta/import/input-entry.json	census 158	census.jsonl.gz
ref-pointer-undeclared-component-head	screen	apis/openapi/matrix.org/main/1.13.0/meta/import/input-entry.json licence	passed	candidates.tsv
ref-pointer-undeclared-component-head	screen	apis/openapi/matrix.org/main/1.13.0/meta/import/input-entry.json ref	passed	candidates.tsv
ref-pointer-undeclared-component-head	screen	apis/openapi/matrix.org/main/1.13.0/meta/import/input-entry.json fern	failed	candidates.tsv
ref-pointer-undeclared-component-head	document	apis/openapi/matrix.org/main/1.13.0/meta/import/output-bundle.json	census 158	census.jsonl.gz
ref-pointer-undeclared-component-head	candidate	apis/openapi/matrix.org/main/1.13.0/meta/import/output-bundle.json	census 158	census.jsonl.gz
ref-pointer-undeclared-component-head	screen	apis/openapi/matrix.org/main/1.13.0/meta/import/output-bundle.json licence	passed	candidates.tsv
ref-pointer-undeclared-component-head	screen	apis/openapi/matrix.org/main/1.13.0/meta/import/output-bundle.json ref	passed	candidates.tsv
ref-pointer-undeclared-component-head	screen	apis/openapi/matrix.org/main/1.13.0/meta/import/output-bundle.json fern	failed	candidates.tsv
ref-pointer-undeclared-component-head	document	apis/openapi/matrix.org/main/1.13.0/meta/import/output-entry.json	census 158	census.jsonl.gz
ref-pointer-undeclared-component-head	candidate	apis/openapi/matrix.org/main/1.13.0/meta/import/output-entry.json	census 158	census.jsonl.gz
ref-pointer-undeclared-component-head	screen	apis/openapi/matrix.org/main/1.13.0/meta/import/output-entry.json licence	passed	candidates.tsv
ref-pointer-undeclared-component-head	screen	apis/openapi/matrix.org/main/1.13.0/meta/import/output-entry.json ref	passed	candidates.tsv
ref-pointer-undeclared-component-head	screen	apis/openapi/matrix.org/main/1.13.0/meta/import/output-entry.json fern	failed	candidates.tsv
ref-pointer-undeclared-component-head	document	apis/openapi/matrix.org/main/1.13.0/openapi.json	census 158	census.jsonl.gz
ref-pointer-undeclared-component-head	candidate	apis/openapi/matrix.org/main/1.13.0/openapi.json	census 158	census.jsonl.gz
ref-pointer-undeclared-component-head	screen	apis/openapi/matrix.org/main/1.13.0/openapi.json licence	passed	candidates.tsv
ref-pointer-undeclared-component-head	screen	apis/openapi/matrix.org/main/1.13.0/openapi.json ref	passed	candidates.tsv
ref-pointer-undeclared-component-head	screen	apis/openapi/matrix.org/main/1.13.0/openapi.json fern	failed	candidates.tsv
ref-pointer-undeclared-component-head	document	apis/openapi/nextgen.com/main/1.0/meta/import/input-bundle.json	census 118	census.jsonl.gz
ref-pointer-undeclared-component-head	candidate	apis/openapi/nextgen.com/main/1.0/meta/import/input-bundle.json	census 118	census.jsonl.gz
ref-pointer-undeclared-component-head	screen	apis/openapi/nextgen.com/main/1.0/meta/import/input-bundle.json licence	failed	candidates.tsv
ref-pointer-undeclared-component-head	screen	apis/openapi/nextgen.com/main/1.0/meta/import/input-bundle.json ref	failed	candidates.tsv
ref-pointer-undeclared-component-head	screen	apis/openapi/nextgen.com/main/1.0/meta/import/input-bundle.json fern	not-run	candidates.tsv
ref-pointer-undeclared-component-head	document	apis/openapi/nextgen.com/main/1.0/meta/import/input-entry.json	census 118	census.jsonl.gz
ref-pointer-undeclared-component-head	candidate	apis/openapi/nextgen.com/main/1.0/meta/import/input-entry.json	census 118	census.jsonl.gz
ref-pointer-undeclared-component-head	screen	apis/openapi/nextgen.com/main/1.0/meta/import/input-entry.json licence	passed	candidates.tsv
ref-pointer-undeclared-component-head	screen	apis/openapi/nextgen.com/main/1.0/meta/import/input-entry.json ref	passed	candidates.tsv
ref-pointer-undeclared-component-head	screen	apis/openapi/nextgen.com/main/1.0/meta/import/input-entry.json fern	passed	candidates.tsv
ref-pointer-undeclared-component-head	document	apis/openapi/nextgen.com/main/1.0/meta/import/output-bundle.json	census 118	census.jsonl.gz
ref-pointer-undeclared-component-head	candidate	apis/openapi/nextgen.com/main/1.0/meta/import/output-bundle.json	census 118	census.jsonl.gz
ref-pointer-undeclared-component-head	screen	apis/openapi/nextgen.com/main/1.0/meta/import/output-bundle.json licence	failed	candidates.tsv
ref-pointer-undeclared-component-head	screen	apis/openapi/nextgen.com/main/1.0/meta/import/output-bundle.json ref	failed	candidates.tsv
ref-pointer-undeclared-component-head	screen	apis/openapi/nextgen.com/main/1.0/meta/import/output-bundle.json fern	not-run	candidates.tsv
ref-pointer-undeclared-component-head	document	apis/openapi/nextgen.com/main/1.0/meta/import/output-entry.json	census 118	census.jsonl.gz
ref-pointer-undeclared-component-head	candidate	apis/openapi/nextgen.com/main/1.0/meta/import/output-entry.json	census 118	census.jsonl.gz
ref-pointer-undeclared-component-head	screen	apis/openapi/nextgen.com/main/1.0/meta/import/output-entry.json licence	passed	candidates.tsv
ref-pointer-undeclared-component-head	screen	apis/openapi/nextgen.com/main/1.0/meta/import/output-entry.json ref	passed	candidates.tsv
ref-pointer-undeclared-component-head	screen	apis/openapi/nextgen.com/main/1.0/meta/import/output-entry.json fern	passed	candidates.tsv
ref-pointer-undeclared-component-head	document	apis/openapi/nextgen.com/main/1.0/openapi.json	census 118	census.jsonl.gz
ref-pointer-undeclared-component-head	candidate	apis/openapi/nextgen.com/main/1.0/openapi.json	census 118	census.jsonl.gz
ref-pointer-undeclared-component-head	screen	apis/openapi/nextgen.com/main/1.0/openapi.json licence	failed	candidates.tsv
ref-pointer-undeclared-component-head	screen	apis/openapi/nextgen.com/main/1.0/openapi.json ref	failed	candidates.tsv
ref-pointer-undeclared-component-head	screen	apis/openapi/nextgen.com/main/1.0/openapi.json fern	not-run	candidates.tsv
ref-pointer-undeclared-component-head	document	apis/openapi/nocodb.com/main/1.0/meta/import/input-bundle.json	census 2	census.jsonl.gz
ref-pointer-undeclared-component-head	candidate	apis/openapi/nocodb.com/main/1.0/meta/import/input-bundle.json	census 2	census.jsonl.gz
ref-pointer-undeclared-component-head	screen	apis/openapi/nocodb.com/main/1.0/meta/import/input-bundle.json licence	failed	candidates.tsv
ref-pointer-undeclared-component-head	screen	apis/openapi/nocodb.com/main/1.0/meta/import/input-bundle.json ref	failed	candidates.tsv
ref-pointer-undeclared-component-head	screen	apis/openapi/nocodb.com/main/1.0/meta/import/input-bundle.json fern	not-run	candidates.tsv
ref-pointer-undeclared-component-head	document	apis/openapi/nocodb.com/main/1.0/meta/import/input-entry.json	census 2	census.jsonl.gz
ref-pointer-undeclared-component-head	candidate	apis/openapi/nocodb.com/main/1.0/meta/import/input-entry.json	census 2	census.jsonl.gz
ref-pointer-undeclared-component-head	screen	apis/openapi/nocodb.com/main/1.0/meta/import/input-entry.json licence	failed	candidates.tsv
ref-pointer-undeclared-component-head	screen	apis/openapi/nocodb.com/main/1.0/meta/import/input-entry.json ref	failed	candidates.tsv
ref-pointer-undeclared-component-head	screen	apis/openapi/nocodb.com/main/1.0/meta/import/input-entry.json fern	not-run	candidates.tsv
ref-pointer-undeclared-component-head	document	apis/openapi/nocodb.com/main/1.0/meta/import/output-bundle.json	census 2	census.jsonl.gz
ref-pointer-undeclared-component-head	candidate	apis/openapi/nocodb.com/main/1.0/meta/import/output-bundle.json	census 2	census.jsonl.gz
ref-pointer-undeclared-component-head	screen	apis/openapi/nocodb.com/main/1.0/meta/import/output-bundle.json licence	failed	candidates.tsv
ref-pointer-undeclared-component-head	screen	apis/openapi/nocodb.com/main/1.0/meta/import/output-bundle.json ref	failed	candidates.tsv
ref-pointer-undeclared-component-head	screen	apis/openapi/nocodb.com/main/1.0/meta/import/output-bundle.json fern	not-run	candidates.tsv
ref-pointer-undeclared-component-head	document	apis/openapi/nocodb.com/main/1.0/meta/import/output-entry.json	census 2	census.jsonl.gz
ref-pointer-undeclared-component-head	candidate	apis/openapi/nocodb.com/main/1.0/meta/import/output-entry.json	census 2	census.jsonl.gz
ref-pointer-undeclared-component-head	screen	apis/openapi/nocodb.com/main/1.0/meta/import/output-entry.json licence	failed	candidates.tsv
ref-pointer-undeclared-component-head	screen	apis/openapi/nocodb.com/main/1.0/meta/import/output-entry.json ref	failed	candidates.tsv
ref-pointer-undeclared-component-head	screen	apis/openapi/nocodb.com/main/1.0/meta/import/output-entry.json fern	not-run	candidates.tsv
ref-pointer-undeclared-component-head	document	apis/openapi/nocodb.com/main/1.0/openapi.json	census 2	census.jsonl.gz
ref-pointer-undeclared-component-head	candidate	apis/openapi/nocodb.com/main/1.0/openapi.json	census 2	census.jsonl.gz
ref-pointer-undeclared-component-head	screen	apis/openapi/nocodb.com/main/1.0/openapi.json licence	failed	candidates.tsv
ref-pointer-undeclared-component-head	screen	apis/openapi/nocodb.com/main/1.0/openapi.json ref	failed	candidates.tsv
ref-pointer-undeclared-component-head	screen	apis/openapi/nocodb.com/main/1.0/openapi.json fern	not-run	candidates.tsv
ref-pointer-undeclared-component-head	document	apis/openapi/outreach.io/main/2.0/meta/import/input-bundle.json	census 2	census.jsonl.gz
ref-pointer-undeclared-component-head	candidate	apis/openapi/outreach.io/main/2.0/meta/import/input-bundle.json	census 2	census.jsonl.gz
ref-pointer-undeclared-component-head	screen	apis/openapi/outreach.io/main/2.0/meta/import/input-bundle.json licence	passed	candidates.tsv
ref-pointer-undeclared-component-head	screen	apis/openapi/outreach.io/main/2.0/meta/import/input-bundle.json ref	passed	candidates.tsv
ref-pointer-undeclared-component-head	screen	apis/openapi/outreach.io/main/2.0/meta/import/input-bundle.json fern	passed	candidates.tsv
ref-pointer-undeclared-component-head	document	apis/openapi/outreach.io/main/2.0/meta/import/input-entry.json	census 2	census.jsonl.gz
ref-pointer-undeclared-component-head	candidate	apis/openapi/outreach.io/main/2.0/meta/import/input-entry.json	census 2	census.jsonl.gz
ref-pointer-undeclared-component-head	screen	apis/openapi/outreach.io/main/2.0/meta/import/input-entry.json licence	passed	candidates.tsv
ref-pointer-undeclared-component-head	screen	apis/openapi/outreach.io/main/2.0/meta/import/input-entry.json ref	passed	candidates.tsv
ref-pointer-undeclared-component-head	screen	apis/openapi/outreach.io/main/2.0/meta/import/input-entry.json fern	passed	candidates.tsv
ref-pointer-undeclared-component-head	document	apis/openapi/outreach.io/main/2.0/meta/import/output-bundle.json	census 2	census.jsonl.gz
ref-pointer-undeclared-component-head	candidate	apis/openapi/outreach.io/main/2.0/meta/import/output-bundle.json	census 2	census.jsonl.gz
ref-pointer-undeclared-component-head	screen	apis/openapi/outreach.io/main/2.0/meta/import/output-bundle.json licence	passed	candidates.tsv
ref-pointer-undeclared-component-head	screen	apis/openapi/outreach.io/main/2.0/meta/import/output-bundle.json ref	passed	candidates.tsv
ref-pointer-undeclared-component-head	screen	apis/openapi/outreach.io/main/2.0/meta/import/output-bundle.json fern	passed	candidates.tsv
ref-pointer-undeclared-component-head	document	apis/openapi/outreach.io/main/2.0/meta/import/output-entry.json	census 2	census.jsonl.gz
ref-pointer-undeclared-component-head	candidate	apis/openapi/outreach.io/main/2.0/meta/import/output-entry.json	census 2	census.jsonl.gz
ref-pointer-undeclared-component-head	screen	apis/openapi/outreach.io/main/2.0/meta/import/output-entry.json licence	passed	candidates.tsv
ref-pointer-undeclared-component-head	screen	apis/openapi/outreach.io/main/2.0/meta/import/output-entry.json ref	passed	candidates.tsv
ref-pointer-undeclared-component-head	screen	apis/openapi/outreach.io/main/2.0/meta/import/output-entry.json fern	passed	candidates.tsv
ref-pointer-undeclared-component-head	document	apis/openapi/outreach.io/main/2.0/openapi.json	census 2	census.jsonl.gz
ref-pointer-undeclared-component-head	candidate	apis/openapi/outreach.io/main/2.0/openapi.json	census 2	census.jsonl.gz
ref-pointer-undeclared-component-head	screen	apis/openapi/outreach.io/main/2.0/openapi.json licence	passed	candidates.tsv
ref-pointer-undeclared-component-head	screen	apis/openapi/outreach.io/main/2.0/openapi.json ref	passed	candidates.tsv
ref-pointer-undeclared-component-head	screen	apis/openapi/outreach.io/main/2.0/openapi.json fern	passed	candidates.tsv
ref-pointer-undeclared-component-head	document	apis/openapi/runscopeapi/main/1.0.0/meta/import/input-bundle.json	census 6	census.jsonl.gz
ref-pointer-undeclared-component-head	candidate	apis/openapi/runscopeapi/main/1.0.0/meta/import/input-bundle.json	census 6	census.jsonl.gz
ref-pointer-undeclared-component-head	screen	apis/openapi/runscopeapi/main/1.0.0/meta/import/input-bundle.json licence	failed	candidates.tsv
ref-pointer-undeclared-component-head	screen	apis/openapi/runscopeapi/main/1.0.0/meta/import/input-bundle.json ref	failed	candidates.tsv
ref-pointer-undeclared-component-head	screen	apis/openapi/runscopeapi/main/1.0.0/meta/import/input-bundle.json fern	not-run	candidates.tsv
ref-pointer-undeclared-component-head	document	apis/openapi/runscopeapi/main/1.0.0/meta/import/input-entry.json	census 6	census.jsonl.gz
ref-pointer-undeclared-component-head	candidate	apis/openapi/runscopeapi/main/1.0.0/meta/import/input-entry.json	census 6	census.jsonl.gz
ref-pointer-undeclared-component-head	screen	apis/openapi/runscopeapi/main/1.0.0/meta/import/input-entry.json licence	failed	candidates.tsv
ref-pointer-undeclared-component-head	screen	apis/openapi/runscopeapi/main/1.0.0/meta/import/input-entry.json ref	failed	candidates.tsv
ref-pointer-undeclared-component-head	screen	apis/openapi/runscopeapi/main/1.0.0/meta/import/input-entry.json fern	not-run	candidates.tsv
ref-pointer-undeclared-component-head	document	apis/openapi/runscopeapi/main/1.0.0/meta/import/output-bundle.json	census 6	census.jsonl.gz
ref-pointer-undeclared-component-head	candidate	apis/openapi/runscopeapi/main/1.0.0/meta/import/output-bundle.json	census 6	census.jsonl.gz
ref-pointer-undeclared-component-head	screen	apis/openapi/runscopeapi/main/1.0.0/meta/import/output-bundle.json licence	failed	candidates.tsv
ref-pointer-undeclared-component-head	screen	apis/openapi/runscopeapi/main/1.0.0/meta/import/output-bundle.json ref	failed	candidates.tsv
ref-pointer-undeclared-component-head	screen	apis/openapi/runscopeapi/main/1.0.0/meta/import/output-bundle.json fern	not-run	candidates.tsv
ref-pointer-undeclared-component-head	document	apis/openapi/runscopeapi/main/1.0.0/meta/import/output-entry.json	census 6	census.jsonl.gz
ref-pointer-undeclared-component-head	candidate	apis/openapi/runscopeapi/main/1.0.0/meta/import/output-entry.json	census 6	census.jsonl.gz
ref-pointer-undeclared-component-head	screen	apis/openapi/runscopeapi/main/1.0.0/meta/import/output-entry.json licence	failed	candidates.tsv
ref-pointer-undeclared-component-head	screen	apis/openapi/runscopeapi/main/1.0.0/meta/import/output-entry.json ref	failed	candidates.tsv
ref-pointer-undeclared-component-head	screen	apis/openapi/runscopeapi/main/1.0.0/meta/import/output-entry.json fern	not-run	candidates.tsv
ref-pointer-undeclared-component-head	document	apis/openapi/runscopeapi/main/1.0.0/openapi.json	census 6	census.jsonl.gz
ref-pointer-undeclared-component-head	candidate	apis/openapi/runscopeapi/main/1.0.0/openapi.json	census 6	census.jsonl.gz
ref-pointer-undeclared-component-head	screen	apis/openapi/runscopeapi/main/1.0.0/openapi.json licence	failed	candidates.tsv
ref-pointer-undeclared-component-head	screen	apis/openapi/runscopeapi/main/1.0.0/openapi.json ref	failed	candidates.tsv
ref-pointer-undeclared-component-head	screen	apis/openapi/runscopeapi/main/1.0.0/openapi.json fern	not-run	candidates.tsv
ref-pointer-undeclared-component-head	document	apis/openapi/skool.com/main/1.0.0/meta/import/input-bundle.json	census 2	census.jsonl.gz
ref-pointer-undeclared-component-head	candidate	apis/openapi/skool.com/main/1.0.0/meta/import/input-bundle.json	census 2	census.jsonl.gz
ref-pointer-undeclared-component-head	screen	apis/openapi/skool.com/main/1.0.0/meta/import/input-bundle.json licence	passed	candidates.tsv
ref-pointer-undeclared-component-head	screen	apis/openapi/skool.com/main/1.0.0/meta/import/input-bundle.json ref	passed	candidates.tsv
ref-pointer-undeclared-component-head	screen	apis/openapi/skool.com/main/1.0.0/meta/import/input-bundle.json fern	passed	candidates.tsv
ref-pointer-undeclared-component-head	document	apis/openapi/skool.com/main/1.0.0/meta/import/input-entry.json	census 2	census.jsonl.gz
ref-pointer-undeclared-component-head	candidate	apis/openapi/skool.com/main/1.0.0/meta/import/input-entry.json	census 2	census.jsonl.gz
ref-pointer-undeclared-component-head	screen	apis/openapi/skool.com/main/1.0.0/meta/import/input-entry.json licence	passed	candidates.tsv
ref-pointer-undeclared-component-head	screen	apis/openapi/skool.com/main/1.0.0/meta/import/input-entry.json ref	passed	candidates.tsv
ref-pointer-undeclared-component-head	screen	apis/openapi/skool.com/main/1.0.0/meta/import/input-entry.json fern	passed	candidates.tsv
ref-pointer-undeclared-component-head	document	apis/openapi/skool.com/main/1.0.0/meta/import/output-bundle.json	census 2	census.jsonl.gz
ref-pointer-undeclared-component-head	candidate	apis/openapi/skool.com/main/1.0.0/meta/import/output-bundle.json	census 2	census.jsonl.gz
ref-pointer-undeclared-component-head	screen	apis/openapi/skool.com/main/1.0.0/meta/import/output-bundle.json licence	passed	candidates.tsv
ref-pointer-undeclared-component-head	screen	apis/openapi/skool.com/main/1.0.0/meta/import/output-bundle.json ref	passed	candidates.tsv
ref-pointer-undeclared-component-head	screen	apis/openapi/skool.com/main/1.0.0/meta/import/output-bundle.json fern	passed	candidates.tsv
ref-pointer-undeclared-component-head	document	apis/openapi/skool.com/main/1.0.0/meta/import/output-entry.json	census 2	census.jsonl.gz
ref-pointer-undeclared-component-head	candidate	apis/openapi/skool.com/main/1.0.0/meta/import/output-entry.json	census 2	census.jsonl.gz
ref-pointer-undeclared-component-head	screen	apis/openapi/skool.com/main/1.0.0/meta/import/output-entry.json licence	passed	candidates.tsv
ref-pointer-undeclared-component-head	screen	apis/openapi/skool.com/main/1.0.0/meta/import/output-entry.json ref	passed	candidates.tsv
ref-pointer-undeclared-component-head	screen	apis/openapi/skool.com/main/1.0.0/meta/import/output-entry.json fern	passed	candidates.tsv
ref-pointer-undeclared-component-head	document	apis/openapi/skool.com/main/1.0.0/openapi.json	census 2	census.jsonl.gz
ref-pointer-undeclared-component-head	candidate	apis/openapi/skool.com/main/1.0.0/openapi.json	census 2	census.jsonl.gz
ref-pointer-undeclared-component-head	screen	apis/openapi/skool.com/main/1.0.0/openapi.json licence	passed	candidates.tsv
ref-pointer-undeclared-component-head	screen	apis/openapi/skool.com/main/1.0.0/openapi.json ref	passed	candidates.tsv
ref-pointer-undeclared-component-head	screen	apis/openapi/skool.com/main/1.0.0/openapi.json fern	passed	candidates.tsv
ref-pointer-undeclared-component-head	document	apis/openapi/spendesk.com/main/1.0.0/meta/import/input-bundle.json	census 8	census.jsonl.gz
ref-pointer-undeclared-component-head	candidate	apis/openapi/spendesk.com/main/1.0.0/meta/import/input-bundle.json	census 8	census.jsonl.gz
ref-pointer-undeclared-component-head	screen	apis/openapi/spendesk.com/main/1.0.0/meta/import/input-bundle.json licence	passed	candidates.tsv
ref-pointer-undeclared-component-head	screen	apis/openapi/spendesk.com/main/1.0.0/meta/import/input-bundle.json ref	passed	candidates.tsv
ref-pointer-undeclared-component-head	screen	apis/openapi/spendesk.com/main/1.0.0/meta/import/input-bundle.json fern	passed	candidates.tsv
ref-pointer-undeclared-component-head	document	apis/openapi/spendesk.com/main/1.0.0/meta/import/input-entry.json	census 8	census.jsonl.gz
ref-pointer-undeclared-component-head	candidate	apis/openapi/spendesk.com/main/1.0.0/meta/import/input-entry.json	census 8	census.jsonl.gz
ref-pointer-undeclared-component-head	screen	apis/openapi/spendesk.com/main/1.0.0/meta/import/input-entry.json licence	passed	candidates.tsv
ref-pointer-undeclared-component-head	screen	apis/openapi/spendesk.com/main/1.0.0/meta/import/input-entry.json ref	passed	candidates.tsv
ref-pointer-undeclared-component-head	screen	apis/openapi/spendesk.com/main/1.0.0/meta/import/input-entry.json fern	passed	candidates.tsv
ref-pointer-undeclared-component-head	document	apis/openapi/spendesk.com/main/1.0.0/meta/import/output-bundle.json	census 8	census.jsonl.gz
ref-pointer-undeclared-component-head	candidate	apis/openapi/spendesk.com/main/1.0.0/meta/import/output-bundle.json	census 8	census.jsonl.gz
ref-pointer-undeclared-component-head	screen	apis/openapi/spendesk.com/main/1.0.0/meta/import/output-bundle.json licence	passed	candidates.tsv
ref-pointer-undeclared-component-head	screen	apis/openapi/spendesk.com/main/1.0.0/meta/import/output-bundle.json ref	passed	candidates.tsv
ref-pointer-undeclared-component-head	screen	apis/openapi/spendesk.com/main/1.0.0/meta/import/output-bundle.json fern	passed	candidates.tsv
ref-pointer-undeclared-component-head	document	apis/openapi/spendesk.com/main/1.0.0/meta/import/output-entry.json	census 8	census.jsonl.gz
ref-pointer-undeclared-component-head	candidate	apis/openapi/spendesk.com/main/1.0.0/meta/import/output-entry.json	census 8	census.jsonl.gz
ref-pointer-undeclared-component-head	screen	apis/openapi/spendesk.com/main/1.0.0/meta/import/output-entry.json licence	passed	candidates.tsv
ref-pointer-undeclared-component-head	screen	apis/openapi/spendesk.com/main/1.0.0/meta/import/output-entry.json ref	passed	candidates.tsv
ref-pointer-undeclared-component-head	screen	apis/openapi/spendesk.com/main/1.0.0/meta/import/output-entry.json fern	passed	candidates.tsv
ref-pointer-undeclared-component-head	document	apis/openapi/spendesk.com/main/1.0.0/openapi.json	census 8	census.jsonl.gz
ref-pointer-undeclared-component-head	candidate	apis/openapi/spendesk.com/main/1.0.0/openapi.json	census 8	census.jsonl.gz
ref-pointer-undeclared-component-head	screen	apis/openapi/spendesk.com/main/1.0.0/openapi.json licence	passed	candidates.tsv
ref-pointer-undeclared-component-head	screen	apis/openapi/spendesk.com/main/1.0.0/openapi.json ref	passed	candidates.tsv
ref-pointer-undeclared-component-head	screen	apis/openapi/spendesk.com/main/1.0.0/openapi.json fern	passed	candidates.tsv
ref-pointer-undeclared-component-head	document	apis/openapi/square.com/square/2.0/openapi.json	census 10	census.jsonl.gz
ref-pointer-undeclared-component-head	candidate	apis/openapi/square.com/square/2.0/openapi.json	census 10	census.jsonl.gz
ref-pointer-undeclared-component-head	screen	apis/openapi/square.com/square/2.0/openapi.json licence	failed	candidates.tsv
ref-pointer-undeclared-component-head	screen	apis/openapi/square.com/square/2.0/openapi.json ref	failed	candidates.tsv
ref-pointer-undeclared-component-head	screen	apis/openapi/square.com/square/2.0/openapi.json fern	not-run	candidates.tsv
ref-pointer-undeclared-component-head	document	apis/openapi/tally.so/main/1.0.0/meta/import/input-bundle.json	census 8	census.jsonl.gz
ref-pointer-undeclared-component-head	candidate	apis/openapi/tally.so/main/1.0.0/meta/import/input-bundle.json	census 8	census.jsonl.gz
ref-pointer-undeclared-component-head	screen	apis/openapi/tally.so/main/1.0.0/meta/import/input-bundle.json licence	passed	candidates.tsv
ref-pointer-undeclared-component-head	screen	apis/openapi/tally.so/main/1.0.0/meta/import/input-bundle.json ref	passed	candidates.tsv
ref-pointer-undeclared-component-head	screen	apis/openapi/tally.so/main/1.0.0/meta/import/input-bundle.json fern	passed	candidates.tsv
ref-pointer-undeclared-component-head	document	apis/openapi/tally.so/main/1.0.0/meta/import/input-entry.json	census 8	census.jsonl.gz
ref-pointer-undeclared-component-head	candidate	apis/openapi/tally.so/main/1.0.0/meta/import/input-entry.json	census 8	census.jsonl.gz
ref-pointer-undeclared-component-head	screen	apis/openapi/tally.so/main/1.0.0/meta/import/input-entry.json licence	passed	candidates.tsv
ref-pointer-undeclared-component-head	screen	apis/openapi/tally.so/main/1.0.0/meta/import/input-entry.json ref	passed	candidates.tsv
ref-pointer-undeclared-component-head	screen	apis/openapi/tally.so/main/1.0.0/meta/import/input-entry.json fern	passed	candidates.tsv
ref-pointer-undeclared-component-head	document	apis/openapi/tally.so/main/1.0.0/meta/import/output-bundle.json	census 8	census.jsonl.gz
ref-pointer-undeclared-component-head	candidate	apis/openapi/tally.so/main/1.0.0/meta/import/output-bundle.json	census 8	census.jsonl.gz
ref-pointer-undeclared-component-head	screen	apis/openapi/tally.so/main/1.0.0/meta/import/output-bundle.json licence	passed	candidates.tsv
ref-pointer-undeclared-component-head	screen	apis/openapi/tally.so/main/1.0.0/meta/import/output-bundle.json ref	passed	candidates.tsv
ref-pointer-undeclared-component-head	screen	apis/openapi/tally.so/main/1.0.0/meta/import/output-bundle.json fern	passed	candidates.tsv
ref-pointer-undeclared-component-head	document	apis/openapi/tally.so/main/1.0.0/meta/import/output-entry.json	census 8	census.jsonl.gz
ref-pointer-undeclared-component-head	candidate	apis/openapi/tally.so/main/1.0.0/meta/import/output-entry.json	census 8	census.jsonl.gz
ref-pointer-undeclared-component-head	screen	apis/openapi/tally.so/main/1.0.0/meta/import/output-entry.json licence	passed	candidates.tsv
ref-pointer-undeclared-component-head	screen	apis/openapi/tally.so/main/1.0.0/meta/import/output-entry.json ref	passed	candidates.tsv
ref-pointer-undeclared-component-head	screen	apis/openapi/tally.so/main/1.0.0/meta/import/output-entry.json fern	passed	candidates.tsv
ref-pointer-undeclared-component-head	document	apis/openapi/tally.so/main/1.0.0/openapi.json	census 8	census.jsonl.gz
ref-pointer-undeclared-component-head	candidate	apis/openapi/tally.so/main/1.0.0/openapi.json	census 8	census.jsonl.gz
ref-pointer-undeclared-component-head	screen	apis/openapi/tally.so/main/1.0.0/openapi.json licence	passed	candidates.tsv
ref-pointer-undeclared-component-head	screen	apis/openapi/tally.so/main/1.0.0/openapi.json ref	passed	candidates.tsv
ref-pointer-undeclared-component-head	screen	apis/openapi/tally.so/main/1.0.0/openapi.json fern	passed	candidates.tsv
ref-pointer-undeclared-component-head	document	apis/openapi/terminal49.com/main/0.2.0/meta/import/input-bundle.json	census 12	census.jsonl.gz
ref-pointer-undeclared-component-head	candidate	apis/openapi/terminal49.com/main/0.2.0/meta/import/input-bundle.json	census 12	census.jsonl.gz
ref-pointer-undeclared-component-head	screen	apis/openapi/terminal49.com/main/0.2.0/meta/import/input-bundle.json licence	passed	candidates.tsv
ref-pointer-undeclared-component-head	screen	apis/openapi/terminal49.com/main/0.2.0/meta/import/input-bundle.json ref	passed	candidates.tsv
ref-pointer-undeclared-component-head	screen	apis/openapi/terminal49.com/main/0.2.0/meta/import/input-bundle.json fern	failed	candidates.tsv
ref-pointer-undeclared-component-head	document	apis/openapi/terminal49.com/main/0.2.0/meta/import/input-entry.json	census 12	census.jsonl.gz
ref-pointer-undeclared-component-head	candidate	apis/openapi/terminal49.com/main/0.2.0/meta/import/input-entry.json	census 12	census.jsonl.gz
ref-pointer-undeclared-component-head	screen	apis/openapi/terminal49.com/main/0.2.0/meta/import/input-entry.json licence	passed	candidates.tsv
ref-pointer-undeclared-component-head	screen	apis/openapi/terminal49.com/main/0.2.0/meta/import/input-entry.json ref	passed	candidates.tsv
ref-pointer-undeclared-component-head	screen	apis/openapi/terminal49.com/main/0.2.0/meta/import/input-entry.json fern	failed	candidates.tsv
ref-pointer-undeclared-component-head	document	apis/openapi/terminal49.com/main/0.2.0/meta/import/output-bundle.json	census 12	census.jsonl.gz
ref-pointer-undeclared-component-head	candidate	apis/openapi/terminal49.com/main/0.2.0/meta/import/output-bundle.json	census 12	census.jsonl.gz
ref-pointer-undeclared-component-head	screen	apis/openapi/terminal49.com/main/0.2.0/meta/import/output-bundle.json licence	passed	candidates.tsv
ref-pointer-undeclared-component-head	screen	apis/openapi/terminal49.com/main/0.2.0/meta/import/output-bundle.json ref	passed	candidates.tsv
ref-pointer-undeclared-component-head	screen	apis/openapi/terminal49.com/main/0.2.0/meta/import/output-bundle.json fern	failed	candidates.tsv
ref-pointer-undeclared-component-head	document	apis/openapi/terminal49.com/main/0.2.0/meta/import/output-entry.json	census 12	census.jsonl.gz
ref-pointer-undeclared-component-head	candidate	apis/openapi/terminal49.com/main/0.2.0/meta/import/output-entry.json	census 12	census.jsonl.gz
ref-pointer-undeclared-component-head	screen	apis/openapi/terminal49.com/main/0.2.0/meta/import/output-entry.json licence	passed	candidates.tsv
ref-pointer-undeclared-component-head	screen	apis/openapi/terminal49.com/main/0.2.0/meta/import/output-entry.json ref	passed	candidates.tsv
ref-pointer-undeclared-component-head	screen	apis/openapi/terminal49.com/main/0.2.0/meta/import/output-entry.json fern	failed	candidates.tsv
ref-pointer-undeclared-component-head	document	apis/openapi/terminal49.com/main/0.2.0/openapi.json	census 12	census.jsonl.gz
ref-pointer-undeclared-component-head	candidate	apis/openapi/terminal49.com/main/0.2.0/openapi.json	census 12	census.jsonl.gz
ref-pointer-undeclared-component-head	screen	apis/openapi/terminal49.com/main/0.2.0/openapi.json licence	passed	candidates.tsv
ref-pointer-undeclared-component-head	screen	apis/openapi/terminal49.com/main/0.2.0/openapi.json ref	passed	candidates.tsv
ref-pointer-undeclared-component-head	screen	apis/openapi/terminal49.com/main/0.2.0/openapi.json fern	failed	candidates.tsv
ref-pointer-undeclared-component-head	document	apis/openapi/thrivecart.com/main/1.0.0/meta/import/input-bundle.json	census 64	census.jsonl.gz
ref-pointer-undeclared-component-head	candidate	apis/openapi/thrivecart.com/main/1.0.0/meta/import/input-bundle.json	census 64	census.jsonl.gz
ref-pointer-undeclared-component-head	screen	apis/openapi/thrivecart.com/main/1.0.0/meta/import/input-bundle.json licence	passed	candidates.tsv
ref-pointer-undeclared-component-head	screen	apis/openapi/thrivecart.com/main/1.0.0/meta/import/input-bundle.json ref	passed	candidates.tsv
ref-pointer-undeclared-component-head	screen	apis/openapi/thrivecart.com/main/1.0.0/meta/import/input-bundle.json fern	passed	candidates.tsv
ref-pointer-undeclared-component-head	document	apis/openapi/thrivecart.com/main/1.0.0/meta/import/input-entry.json	census 64	census.jsonl.gz
ref-pointer-undeclared-component-head	candidate	apis/openapi/thrivecart.com/main/1.0.0/meta/import/input-entry.json	census 64	census.jsonl.gz
ref-pointer-undeclared-component-head	screen	apis/openapi/thrivecart.com/main/1.0.0/meta/import/input-entry.json licence	passed	candidates.tsv
ref-pointer-undeclared-component-head	screen	apis/openapi/thrivecart.com/main/1.0.0/meta/import/input-entry.json ref	passed	candidates.tsv
ref-pointer-undeclared-component-head	screen	apis/openapi/thrivecart.com/main/1.0.0/meta/import/input-entry.json fern	passed	candidates.tsv
ref-pointer-undeclared-component-head	document	apis/openapi/thrivecart.com/main/1.0.0/meta/import/output-bundle.json	census 64	census.jsonl.gz
ref-pointer-undeclared-component-head	candidate	apis/openapi/thrivecart.com/main/1.0.0/meta/import/output-bundle.json	census 64	census.jsonl.gz
ref-pointer-undeclared-component-head	screen	apis/openapi/thrivecart.com/main/1.0.0/meta/import/output-bundle.json licence	passed	candidates.tsv
ref-pointer-undeclared-component-head	screen	apis/openapi/thrivecart.com/main/1.0.0/meta/import/output-bundle.json ref	passed	candidates.tsv
ref-pointer-undeclared-component-head	screen	apis/openapi/thrivecart.com/main/1.0.0/meta/import/output-bundle.json fern	passed	candidates.tsv
ref-pointer-undeclared-component-head	document	apis/openapi/thrivecart.com/main/1.0.0/meta/import/output-entry.json	census 64	census.jsonl.gz
ref-pointer-undeclared-component-head	candidate	apis/openapi/thrivecart.com/main/1.0.0/meta/import/output-entry.json	census 64	census.jsonl.gz
ref-pointer-undeclared-component-head	screen	apis/openapi/thrivecart.com/main/1.0.0/meta/import/output-entry.json licence	passed	candidates.tsv
ref-pointer-undeclared-component-head	screen	apis/openapi/thrivecart.com/main/1.0.0/meta/import/output-entry.json ref	passed	candidates.tsv
ref-pointer-undeclared-component-head	screen	apis/openapi/thrivecart.com/main/1.0.0/meta/import/output-entry.json fern	passed	candidates.tsv
ref-pointer-undeclared-component-head	document	apis/openapi/thrivecart.com/main/1.0.0/openapi.json	census 64	census.jsonl.gz
ref-pointer-undeclared-component-head	candidate	apis/openapi/thrivecart.com/main/1.0.0/openapi.json	census 64	census.jsonl.gz
ref-pointer-undeclared-component-head	screen	apis/openapi/thrivecart.com/main/1.0.0/openapi.json licence	passed	candidates.tsv
ref-pointer-undeclared-component-head	screen	apis/openapi/thrivecart.com/main/1.0.0/openapi.json ref	passed	candidates.tsv
ref-pointer-undeclared-component-head	screen	apis/openapi/thrivecart.com/main/1.0.0/openapi.json fern	passed	candidates.tsv
ref-pointer-undeclared-component-head	document	apis/openapi/wayfront.com/main/latest/meta/import/input-bundle.json	census 4	census.jsonl.gz
ref-pointer-undeclared-component-head	candidate	apis/openapi/wayfront.com/main/latest/meta/import/input-bundle.json	census 4	census.jsonl.gz
ref-pointer-undeclared-component-head	screen	apis/openapi/wayfront.com/main/latest/meta/import/input-bundle.json licence	passed	candidates.tsv
ref-pointer-undeclared-component-head	screen	apis/openapi/wayfront.com/main/latest/meta/import/input-bundle.json ref	passed	candidates.tsv
ref-pointer-undeclared-component-head	screen	apis/openapi/wayfront.com/main/latest/meta/import/input-bundle.json fern	failed	candidates.tsv
ref-pointer-undeclared-component-head	document	apis/openapi/wayfront.com/main/latest/meta/import/input-entry.json	census 4	census.jsonl.gz
ref-pointer-undeclared-component-head	candidate	apis/openapi/wayfront.com/main/latest/meta/import/input-entry.json	census 4	census.jsonl.gz
ref-pointer-undeclared-component-head	screen	apis/openapi/wayfront.com/main/latest/meta/import/input-entry.json licence	passed	candidates.tsv
ref-pointer-undeclared-component-head	screen	apis/openapi/wayfront.com/main/latest/meta/import/input-entry.json ref	passed	candidates.tsv
ref-pointer-undeclared-component-head	screen	apis/openapi/wayfront.com/main/latest/meta/import/input-entry.json fern	failed	candidates.tsv
ref-pointer-undeclared-component-head	document	apis/openapi/wayfront.com/main/latest/meta/import/output-bundle.json	census 4	census.jsonl.gz
ref-pointer-undeclared-component-head	candidate	apis/openapi/wayfront.com/main/latest/meta/import/output-bundle.json	census 4	census.jsonl.gz
ref-pointer-undeclared-component-head	screen	apis/openapi/wayfront.com/main/latest/meta/import/output-bundle.json licence	passed	candidates.tsv
ref-pointer-undeclared-component-head	screen	apis/openapi/wayfront.com/main/latest/meta/import/output-bundle.json ref	passed	candidates.tsv
ref-pointer-undeclared-component-head	screen	apis/openapi/wayfront.com/main/latest/meta/import/output-bundle.json fern	failed	candidates.tsv
ref-pointer-undeclared-component-head	document	apis/openapi/wayfront.com/main/latest/meta/import/output-entry.json	census 4	census.jsonl.gz
ref-pointer-undeclared-component-head	candidate	apis/openapi/wayfront.com/main/latest/meta/import/output-entry.json	census 4	census.jsonl.gz
ref-pointer-undeclared-component-head	screen	apis/openapi/wayfront.com/main/latest/meta/import/output-entry.json licence	passed	candidates.tsv
ref-pointer-undeclared-component-head	screen	apis/openapi/wayfront.com/main/latest/meta/import/output-entry.json ref	passed	candidates.tsv
ref-pointer-undeclared-component-head	screen	apis/openapi/wayfront.com/main/latest/meta/import/output-entry.json fern	failed	candidates.tsv
ref-pointer-undeclared-component-head	document	apis/openapi/wayfront.com/main/latest/openapi.json	census 4	census.jsonl.gz
ref-pointer-undeclared-component-head	candidate	apis/openapi/wayfront.com/main/latest/openapi.json	census 4	census.jsonl.gz
ref-pointer-undeclared-component-head	screen	apis/openapi/wayfront.com/main/latest/openapi.json licence	passed	candidates.tsv
ref-pointer-undeclared-component-head	screen	apis/openapi/wayfront.com/main/latest/openapi.json ref	passed	candidates.tsv
ref-pointer-undeclared-component-head	screen	apis/openapi/wayfront.com/main/latest/openapi.json fern	failed	candidates.tsv
ref-pointer-unnamed-segment	walk	jentic/jentic-public-apis@eb9d12a2684b0fbcb5aecf51e8ae54dba0929743	74240	acquisition-manifest.tsv
ref-pointer-unnamed-segment	document	apis/openapi/clearbooks.co.uk/clear-books-api/1.0.0/meta/import/input-bundle.json	census 16	census.jsonl.gz
ref-pointer-unnamed-segment	candidate	apis/openapi/clearbooks.co.uk/clear-books-api/1.0.0/meta/import/input-bundle.json	census 16	census.jsonl.gz
ref-pointer-unnamed-segment	screen	apis/openapi/clearbooks.co.uk/clear-books-api/1.0.0/meta/import/input-bundle.json licence	failed	candidates.tsv
ref-pointer-unnamed-segment	screen	apis/openapi/clearbooks.co.uk/clear-books-api/1.0.0/meta/import/input-bundle.json ref	failed	candidates.tsv
ref-pointer-unnamed-segment	screen	apis/openapi/clearbooks.co.uk/clear-books-api/1.0.0/meta/import/input-bundle.json fern	not-run	candidates.tsv
ref-pointer-unnamed-segment	document	apis/openapi/clearbooks.co.uk/clear-books-api/1.0.0/meta/import/input-entry.json	census 16	census.jsonl.gz
ref-pointer-unnamed-segment	candidate	apis/openapi/clearbooks.co.uk/clear-books-api/1.0.0/meta/import/input-entry.json	census 16	census.jsonl.gz
ref-pointer-unnamed-segment	screen	apis/openapi/clearbooks.co.uk/clear-books-api/1.0.0/meta/import/input-entry.json licence	passed	candidates.tsv
ref-pointer-unnamed-segment	screen	apis/openapi/clearbooks.co.uk/clear-books-api/1.0.0/meta/import/input-entry.json ref	passed	candidates.tsv
ref-pointer-unnamed-segment	screen	apis/openapi/clearbooks.co.uk/clear-books-api/1.0.0/meta/import/input-entry.json fern	failed	candidates.tsv
ref-pointer-unnamed-segment	document	apis/openapi/clearbooks.co.uk/clear-books-api/1.0.0/meta/import/output-bundle.json	census 16	census.jsonl.gz
ref-pointer-unnamed-segment	candidate	apis/openapi/clearbooks.co.uk/clear-books-api/1.0.0/meta/import/output-bundle.json	census 16	census.jsonl.gz
ref-pointer-unnamed-segment	screen	apis/openapi/clearbooks.co.uk/clear-books-api/1.0.0/meta/import/output-bundle.json licence	failed	candidates.tsv
ref-pointer-unnamed-segment	screen	apis/openapi/clearbooks.co.uk/clear-books-api/1.0.0/meta/import/output-bundle.json ref	failed	candidates.tsv
ref-pointer-unnamed-segment	screen	apis/openapi/clearbooks.co.uk/clear-books-api/1.0.0/meta/import/output-bundle.json fern	not-run	candidates.tsv
ref-pointer-unnamed-segment	document	apis/openapi/clearbooks.co.uk/clear-books-api/1.0.0/meta/import/output-entry.json	census 16	census.jsonl.gz
ref-pointer-unnamed-segment	candidate	apis/openapi/clearbooks.co.uk/clear-books-api/1.0.0/meta/import/output-entry.json	census 16	census.jsonl.gz
ref-pointer-unnamed-segment	screen	apis/openapi/clearbooks.co.uk/clear-books-api/1.0.0/meta/import/output-entry.json licence	passed	candidates.tsv
ref-pointer-unnamed-segment	screen	apis/openapi/clearbooks.co.uk/clear-books-api/1.0.0/meta/import/output-entry.json ref	passed	candidates.tsv
ref-pointer-unnamed-segment	screen	apis/openapi/clearbooks.co.uk/clear-books-api/1.0.0/meta/import/output-entry.json fern	failed	candidates.tsv
ref-pointer-unnamed-segment	document	apis/openapi/clearbooks.co.uk/clear-books-api/1.0.0/openapi.json	census 16	census.jsonl.gz
ref-pointer-unnamed-segment	candidate	apis/openapi/clearbooks.co.uk/clear-books-api/1.0.0/openapi.json	census 16	census.jsonl.gz
ref-pointer-unnamed-segment	screen	apis/openapi/clearbooks.co.uk/clear-books-api/1.0.0/openapi.json licence	failed	candidates.tsv
ref-pointer-unnamed-segment	screen	apis/openapi/clearbooks.co.uk/clear-books-api/1.0.0/openapi.json ref	failed	candidates.tsv
ref-pointer-unnamed-segment	screen	apis/openapi/clearbooks.co.uk/clear-books-api/1.0.0/openapi.json fern	not-run	candidates.tsv
ref-pointer-unnamed-segment	document	apis/openapi/codat.io/accounting/3.0.0/meta/import/input-bundled.json	census 450	census.jsonl.gz
ref-pointer-unnamed-segment	candidate	apis/openapi/codat.io/accounting/3.0.0/meta/import/input-bundled.json	census 450	census.jsonl.gz
ref-pointer-unnamed-segment	screen	apis/openapi/codat.io/accounting/3.0.0/meta/import/input-bundled.json licence	failed	candidates.tsv
ref-pointer-unnamed-segment	screen	apis/openapi/codat.io/accounting/3.0.0/meta/import/input-bundled.json ref	failed	candidates.tsv
ref-pointer-unnamed-segment	screen	apis/openapi/codat.io/accounting/3.0.0/meta/import/input-bundled.json fern	not-run	candidates.tsv
ref-pointer-unnamed-segment	document	apis/openapi/codat.io/accounting/3.0.0/meta/import/input-entry.json	census 450	census.jsonl.gz
ref-pointer-unnamed-segment	candidate	apis/openapi/codat.io/accounting/3.0.0/meta/import/input-entry.json	census 450	census.jsonl.gz
ref-pointer-unnamed-segment	screen	apis/openapi/codat.io/accounting/3.0.0/meta/import/input-entry.json licence	failed	candidates.tsv
ref-pointer-unnamed-segment	screen	apis/openapi/codat.io/accounting/3.0.0/meta/import/input-entry.json ref	failed	candidates.tsv
ref-pointer-unnamed-segment	screen	apis/openapi/codat.io/accounting/3.0.0/meta/import/input-entry.json fern	not-run	candidates.tsv
ref-pointer-unnamed-segment	document	apis/openapi/codat.io/accounting/3.0.0/meta/import/output-bundled.json	census 450	census.jsonl.gz
ref-pointer-unnamed-segment	candidate	apis/openapi/codat.io/accounting/3.0.0/meta/import/output-bundled.json	census 450	census.jsonl.gz
ref-pointer-unnamed-segment	screen	apis/openapi/codat.io/accounting/3.0.0/meta/import/output-bundled.json licence	failed	candidates.tsv
ref-pointer-unnamed-segment	screen	apis/openapi/codat.io/accounting/3.0.0/meta/import/output-bundled.json ref	failed	candidates.tsv
ref-pointer-unnamed-segment	screen	apis/openapi/codat.io/accounting/3.0.0/meta/import/output-bundled.json fern	not-run	candidates.tsv
ref-pointer-unnamed-segment	document	apis/openapi/codat.io/accounting/3.0.0/meta/import/output-entry.json	census 450	census.jsonl.gz
ref-pointer-unnamed-segment	candidate	apis/openapi/codat.io/accounting/3.0.0/meta/import/output-entry.json	census 450	census.jsonl.gz
ref-pointer-unnamed-segment	screen	apis/openapi/codat.io/accounting/3.0.0/meta/import/output-entry.json licence	failed	candidates.tsv
ref-pointer-unnamed-segment	screen	apis/openapi/codat.io/accounting/3.0.0/meta/import/output-entry.json ref	failed	candidates.tsv
ref-pointer-unnamed-segment	screen	apis/openapi/codat.io/accounting/3.0.0/meta/import/output-entry.json fern	not-run	candidates.tsv
ref-pointer-unnamed-segment	document	apis/openapi/codat.io/accounting/3.0.0/openapi.json	census 450	census.jsonl.gz
ref-pointer-unnamed-segment	candidate	apis/openapi/codat.io/accounting/3.0.0/openapi.json	census 450	census.jsonl.gz
ref-pointer-unnamed-segment	screen	apis/openapi/codat.io/accounting/3.0.0/openapi.json licence	failed	candidates.tsv
ref-pointer-unnamed-segment	screen	apis/openapi/codat.io/accounting/3.0.0/openapi.json ref	failed	candidates.tsv
ref-pointer-unnamed-segment	screen	apis/openapi/codat.io/accounting/3.0.0/openapi.json fern	not-run	candidates.tsv
ref-pointer-unnamed-segment	document	apis/openapi/codat.io/assess/1.0/meta/import/input-bundled.json	census 144	census.jsonl.gz
ref-pointer-unnamed-segment	candidate	apis/openapi/codat.io/assess/1.0/meta/import/input-bundled.json	census 144	census.jsonl.gz
ref-pointer-unnamed-segment	screen	apis/openapi/codat.io/assess/1.0/meta/import/input-bundled.json licence	failed	candidates.tsv
ref-pointer-unnamed-segment	screen	apis/openapi/codat.io/assess/1.0/meta/import/input-bundled.json ref	failed	candidates.tsv
ref-pointer-unnamed-segment	screen	apis/openapi/codat.io/assess/1.0/meta/import/input-bundled.json fern	not-run	candidates.tsv
ref-pointer-unnamed-segment	document	apis/openapi/codat.io/assess/1.0/meta/import/input-entry.json	census 144	census.jsonl.gz
ref-pointer-unnamed-segment	candidate	apis/openapi/codat.io/assess/1.0/meta/import/input-entry.json	census 144	census.jsonl.gz
ref-pointer-unnamed-segment	screen	apis/openapi/codat.io/assess/1.0/meta/import/input-entry.json licence	failed	candidates.tsv
ref-pointer-unnamed-segment	screen	apis/openapi/codat.io/assess/1.0/meta/import/input-entry.json ref	failed	candidates.tsv
ref-pointer-unnamed-segment	screen	apis/openapi/codat.io/assess/1.0/meta/import/input-entry.json fern	not-run	candidates.tsv
ref-pointer-unnamed-segment	document	apis/openapi/codat.io/assess/1.0/meta/import/output-bundled.json	census 144	census.jsonl.gz
ref-pointer-unnamed-segment	candidate	apis/openapi/codat.io/assess/1.0/meta/import/output-bundled.json	census 144	census.jsonl.gz
ref-pointer-unnamed-segment	screen	apis/openapi/codat.io/assess/1.0/meta/import/output-bundled.json licence	failed	candidates.tsv
ref-pointer-unnamed-segment	screen	apis/openapi/codat.io/assess/1.0/meta/import/output-bundled.json ref	failed	candidates.tsv
ref-pointer-unnamed-segment	screen	apis/openapi/codat.io/assess/1.0/meta/import/output-bundled.json fern	not-run	candidates.tsv
ref-pointer-unnamed-segment	document	apis/openapi/codat.io/assess/1.0/meta/import/output-entry.json	census 144	census.jsonl.gz
ref-pointer-unnamed-segment	candidate	apis/openapi/codat.io/assess/1.0/meta/import/output-entry.json	census 144	census.jsonl.gz
ref-pointer-unnamed-segment	screen	apis/openapi/codat.io/assess/1.0/meta/import/output-entry.json licence	failed	candidates.tsv
ref-pointer-unnamed-segment	screen	apis/openapi/codat.io/assess/1.0/meta/import/output-entry.json ref	failed	candidates.tsv
ref-pointer-unnamed-segment	screen	apis/openapi/codat.io/assess/1.0/meta/import/output-entry.json fern	not-run	candidates.tsv
ref-pointer-unnamed-segment	document	apis/openapi/codat.io/assess/1.0/openapi.json	census 144	census.jsonl.gz
ref-pointer-unnamed-segment	candidate	apis/openapi/codat.io/assess/1.0/openapi.json	census 144	census.jsonl.gz
ref-pointer-unnamed-segment	screen	apis/openapi/codat.io/assess/1.0/openapi.json licence	failed	candidates.tsv
ref-pointer-unnamed-segment	screen	apis/openapi/codat.io/assess/1.0/openapi.json ref	failed	candidates.tsv
ref-pointer-unnamed-segment	screen	apis/openapi/codat.io/assess/1.0/openapi.json fern	not-run	candidates.tsv
ref-pointer-unnamed-segment	document	apis/openapi/codat.io/bank-feeds/3.0.0/meta/import/input-bundled.json	census 148	census.jsonl.gz
ref-pointer-unnamed-segment	candidate	apis/openapi/codat.io/bank-feeds/3.0.0/meta/import/input-bundled.json	census 148	census.jsonl.gz
ref-pointer-unnamed-segment	screen	apis/openapi/codat.io/bank-feeds/3.0.0/meta/import/input-bundled.json licence	failed	candidates.tsv
ref-pointer-unnamed-segment	screen	apis/openapi/codat.io/bank-feeds/3.0.0/meta/import/input-bundled.json ref	failed	candidates.tsv
ref-pointer-unnamed-segment	screen	apis/openapi/codat.io/bank-feeds/3.0.0/meta/import/input-bundled.json fern	not-run	candidates.tsv
ref-pointer-unnamed-segment	document	apis/openapi/codat.io/bank-feeds/3.0.0/meta/import/input-entry.json	census 150	census.jsonl.gz
ref-pointer-unnamed-segment	candidate	apis/openapi/codat.io/bank-feeds/3.0.0/meta/import/input-entry.json	census 150	census.jsonl.gz
ref-pointer-unnamed-segment	screen	apis/openapi/codat.io/bank-feeds/3.0.0/meta/import/input-entry.json licence	failed	candidates.tsv
ref-pointer-unnamed-segment	screen	apis/openapi/codat.io/bank-feeds/3.0.0/meta/import/input-entry.json ref	failed	candidates.tsv
ref-pointer-unnamed-segment	screen	apis/openapi/codat.io/bank-feeds/3.0.0/meta/import/input-entry.json fern	not-run	candidates.tsv
ref-pointer-unnamed-segment	document	apis/openapi/codat.io/bank-feeds/3.0.0/meta/import/output-bundled.json	census 148	census.jsonl.gz
ref-pointer-unnamed-segment	candidate	apis/openapi/codat.io/bank-feeds/3.0.0/meta/import/output-bundled.json	census 148	census.jsonl.gz
ref-pointer-unnamed-segment	screen	apis/openapi/codat.io/bank-feeds/3.0.0/meta/import/output-bundled.json licence	failed	candidates.tsv
ref-pointer-unnamed-segment	screen	apis/openapi/codat.io/bank-feeds/3.0.0/meta/import/output-bundled.json ref	failed	candidates.tsv
ref-pointer-unnamed-segment	screen	apis/openapi/codat.io/bank-feeds/3.0.0/meta/import/output-bundled.json fern	not-run	candidates.tsv
ref-pointer-unnamed-segment	document	apis/openapi/codat.io/bank-feeds/3.0.0/meta/import/output-entry.json	census 150	census.jsonl.gz
ref-pointer-unnamed-segment	candidate	apis/openapi/codat.io/bank-feeds/3.0.0/meta/import/output-entry.json	census 150	census.jsonl.gz
ref-pointer-unnamed-segment	screen	apis/openapi/codat.io/bank-feeds/3.0.0/meta/import/output-entry.json licence	failed	candidates.tsv
ref-pointer-unnamed-segment	screen	apis/openapi/codat.io/bank-feeds/3.0.0/meta/import/output-entry.json ref	failed	candidates.tsv
ref-pointer-unnamed-segment	screen	apis/openapi/codat.io/bank-feeds/3.0.0/meta/import/output-entry.json fern	not-run	candidates.tsv
ref-pointer-unnamed-segment	document	apis/openapi/codat.io/bank-feeds/3.0.0/openapi.json	census 148	census.jsonl.gz
ref-pointer-unnamed-segment	candidate	apis/openapi/codat.io/bank-feeds/3.0.0/openapi.json	census 148	census.jsonl.gz
ref-pointer-unnamed-segment	screen	apis/openapi/codat.io/bank-feeds/3.0.0/openapi.json licence	failed	candidates.tsv
ref-pointer-unnamed-segment	screen	apis/openapi/codat.io/bank-feeds/3.0.0/openapi.json ref	failed	candidates.tsv
ref-pointer-unnamed-segment	screen	apis/openapi/codat.io/bank-feeds/3.0.0/openapi.json fern	not-run	candidates.tsv
ref-pointer-unnamed-segment	document	apis/openapi/codat.io/banking/3.0.0/meta/import/input-bundled.json	census 32	census.jsonl.gz
ref-pointer-unnamed-segment	candidate	apis/openapi/codat.io/banking/3.0.0/meta/import/input-bundled.json	census 32	census.jsonl.gz
ref-pointer-unnamed-segment	screen	apis/openapi/codat.io/banking/3.0.0/meta/import/input-bundled.json licence	failed	candidates.tsv
ref-pointer-unnamed-segment	screen	apis/openapi/codat.io/banking/3.0.0/meta/import/input-bundled.json ref	failed	candidates.tsv
ref-pointer-unnamed-segment	screen	apis/openapi/codat.io/banking/3.0.0/meta/import/input-bundled.json fern	not-run	candidates.tsv
ref-pointer-unnamed-segment	document	apis/openapi/codat.io/banking/3.0.0/meta/import/input-entry.json	census 32	census.jsonl.gz
ref-pointer-unnamed-segment	candidate	apis/openapi/codat.io/banking/3.0.0/meta/import/input-entry.json	census 32	census.jsonl.gz
ref-pointer-unnamed-segment	screen	apis/openapi/codat.io/banking/3.0.0/meta/import/input-entry.json licence	failed	candidates.tsv
ref-pointer-unnamed-segment	screen	apis/openapi/codat.io/banking/3.0.0/meta/import/input-entry.json ref	failed	candidates.tsv
ref-pointer-unnamed-segment	screen	apis/openapi/codat.io/banking/3.0.0/meta/import/input-entry.json fern	not-run	candidates.tsv
ref-pointer-unnamed-segment	document	apis/openapi/codat.io/banking/3.0.0/meta/import/output-bundled.json	census 32	census.jsonl.gz
ref-pointer-unnamed-segment	candidate	apis/openapi/codat.io/banking/3.0.0/meta/import/output-bundled.json	census 32	census.jsonl.gz
ref-pointer-unnamed-segment	screen	apis/openapi/codat.io/banking/3.0.0/meta/import/output-bundled.json licence	failed	candidates.tsv
ref-pointer-unnamed-segment	screen	apis/openapi/codat.io/banking/3.0.0/meta/import/output-bundled.json ref	failed	candidates.tsv
ref-pointer-unnamed-segment	screen	apis/openapi/codat.io/banking/3.0.0/meta/import/output-bundled.json fern	not-run	candidates.tsv
ref-pointer-unnamed-segment	document	apis/openapi/codat.io/banking/3.0.0/meta/import/output-entry.json	census 32	census.jsonl.gz
ref-pointer-unnamed-segment	candidate	apis/openapi/codat.io/banking/3.0.0/meta/import/output-entry.json	census 32	census.jsonl.gz
ref-pointer-unnamed-segment	screen	apis/openapi/codat.io/banking/3.0.0/meta/import/output-entry.json licence	failed	candidates.tsv
ref-pointer-unnamed-segment	screen	apis/openapi/codat.io/banking/3.0.0/meta/import/output-entry.json ref	failed	candidates.tsv
ref-pointer-unnamed-segment	screen	apis/openapi/codat.io/banking/3.0.0/meta/import/output-entry.json fern	not-run	candidates.tsv
ref-pointer-unnamed-segment	document	apis/openapi/codat.io/banking/3.0.0/openapi.json	census 32	census.jsonl.gz
ref-pointer-unnamed-segment	candidate	apis/openapi/codat.io/banking/3.0.0/openapi.json	census 32	census.jsonl.gz
ref-pointer-unnamed-segment	screen	apis/openapi/codat.io/banking/3.0.0/openapi.json licence	failed	candidates.tsv
ref-pointer-unnamed-segment	screen	apis/openapi/codat.io/banking/3.0.0/openapi.json ref	failed	candidates.tsv
ref-pointer-unnamed-segment	screen	apis/openapi/codat.io/banking/3.0.0/openapi.json fern	not-run	candidates.tsv
ref-pointer-unnamed-segment	document	apis/openapi/codat.io/commerce/3.0.0/meta/import/input-bundled.json	census 74	census.jsonl.gz
ref-pointer-unnamed-segment	candidate	apis/openapi/codat.io/commerce/3.0.0/meta/import/input-bundled.json	census 74	census.jsonl.gz
ref-pointer-unnamed-segment	screen	apis/openapi/codat.io/commerce/3.0.0/meta/import/input-bundled.json licence	failed	candidates.tsv
ref-pointer-unnamed-segment	screen	apis/openapi/codat.io/commerce/3.0.0/meta/import/input-bundled.json ref	failed	candidates.tsv
ref-pointer-unnamed-segment	screen	apis/openapi/codat.io/commerce/3.0.0/meta/import/input-bundled.json fern	not-run	candidates.tsv
ref-pointer-unnamed-segment	document	apis/openapi/codat.io/commerce/3.0.0/meta/import/input-entry.json	census 74	census.jsonl.gz
ref-pointer-unnamed-segment	candidate	apis/openapi/codat.io/commerce/3.0.0/meta/import/input-entry.json	census 74	census.jsonl.gz
ref-pointer-unnamed-segment	screen	apis/openapi/codat.io/commerce/3.0.0/meta/import/input-entry.json licence	failed	candidates.tsv
ref-pointer-unnamed-segment	screen	apis/openapi/codat.io/commerce/3.0.0/meta/import/input-entry.json ref	failed	candidates.tsv
ref-pointer-unnamed-segment	screen	apis/openapi/codat.io/commerce/3.0.0/meta/import/input-entry.json fern	not-run	candidates.tsv
ref-pointer-unnamed-segment	document	apis/openapi/codat.io/commerce/3.0.0/meta/import/output-bundled.json	census 74	census.jsonl.gz
ref-pointer-unnamed-segment	candidate	apis/openapi/codat.io/commerce/3.0.0/meta/import/output-bundled.json	census 74	census.jsonl.gz
ref-pointer-unnamed-segment	screen	apis/openapi/codat.io/commerce/3.0.0/meta/import/output-bundled.json licence	failed	candidates.tsv
ref-pointer-unnamed-segment	screen	apis/openapi/codat.io/commerce/3.0.0/meta/import/output-bundled.json ref	failed	candidates.tsv
ref-pointer-unnamed-segment	screen	apis/openapi/codat.io/commerce/3.0.0/meta/import/output-bundled.json fern	not-run	candidates.tsv
ref-pointer-unnamed-segment	document	apis/openapi/codat.io/commerce/3.0.0/meta/import/output-entry.json	census 74	census.jsonl.gz
ref-pointer-unnamed-segment	candidate	apis/openapi/codat.io/commerce/3.0.0/meta/import/output-entry.json	census 74	census.jsonl.gz
ref-pointer-unnamed-segment	screen	apis/openapi/codat.io/commerce/3.0.0/meta/import/output-entry.json licence	failed	candidates.tsv
ref-pointer-unnamed-segment	screen	apis/openapi/codat.io/commerce/3.0.0/meta/import/output-entry.json ref	failed	candidates.tsv
ref-pointer-unnamed-segment	screen	apis/openapi/codat.io/commerce/3.0.0/meta/import/output-entry.json fern	not-run	candidates.tsv
ref-pointer-unnamed-segment	document	apis/openapi/codat.io/commerce/3.0.0/openapi.json	census 74	census.jsonl.gz
ref-pointer-unnamed-segment	candidate	apis/openapi/codat.io/commerce/3.0.0/openapi.json	census 74	census.jsonl.gz
ref-pointer-unnamed-segment	screen	apis/openapi/codat.io/commerce/3.0.0/openapi.json licence	failed	candidates.tsv
ref-pointer-unnamed-segment	screen	apis/openapi/codat.io/commerce/3.0.0/openapi.json ref	failed	candidates.tsv
ref-pointer-unnamed-segment	screen	apis/openapi/codat.io/commerce/3.0.0/openapi.json fern	not-run	candidates.tsv
ref-pointer-unnamed-segment	document	apis/openapi/codat.io/sync-for-commerce/1.1/meta/import/input-bundled.json	census 128	census.jsonl.gz
ref-pointer-unnamed-segment	candidate	apis/openapi/codat.io/sync-for-commerce/1.1/meta/import/input-bundled.json	census 128	census.jsonl.gz
ref-pointer-unnamed-segment	screen	apis/openapi/codat.io/sync-for-commerce/1.1/meta/import/input-bundled.json licence	failed	candidates.tsv
ref-pointer-unnamed-segment	screen	apis/openapi/codat.io/sync-for-commerce/1.1/meta/import/input-bundled.json ref	failed	candidates.tsv
ref-pointer-unnamed-segment	screen	apis/openapi/codat.io/sync-for-commerce/1.1/meta/import/input-bundled.json fern	not-run	candidates.tsv
ref-pointer-unnamed-segment	document	apis/openapi/codat.io/sync-for-commerce/1.1/meta/import/input-entry.json	census 130	census.jsonl.gz
ref-pointer-unnamed-segment	candidate	apis/openapi/codat.io/sync-for-commerce/1.1/meta/import/input-entry.json	census 130	census.jsonl.gz
ref-pointer-unnamed-segment	screen	apis/openapi/codat.io/sync-for-commerce/1.1/meta/import/input-entry.json licence	failed	candidates.tsv
ref-pointer-unnamed-segment	screen	apis/openapi/codat.io/sync-for-commerce/1.1/meta/import/input-entry.json ref	failed	candidates.tsv
ref-pointer-unnamed-segment	screen	apis/openapi/codat.io/sync-for-commerce/1.1/meta/import/input-entry.json fern	not-run	candidates.tsv
ref-pointer-unnamed-segment	document	apis/openapi/codat.io/sync-for-commerce/1.1/meta/import/output-bundled.json	census 128	census.jsonl.gz
ref-pointer-unnamed-segment	candidate	apis/openapi/codat.io/sync-for-commerce/1.1/meta/import/output-bundled.json	census 128	census.jsonl.gz
ref-pointer-unnamed-segment	screen	apis/openapi/codat.io/sync-for-commerce/1.1/meta/import/output-bundled.json licence	failed	candidates.tsv
ref-pointer-unnamed-segment	screen	apis/openapi/codat.io/sync-for-commerce/1.1/meta/import/output-bundled.json ref	failed	candidates.tsv
ref-pointer-unnamed-segment	screen	apis/openapi/codat.io/sync-for-commerce/1.1/meta/import/output-bundled.json fern	not-run	candidates.tsv
ref-pointer-unnamed-segment	document	apis/openapi/codat.io/sync-for-commerce/1.1/meta/import/output-entry.json	census 130	census.jsonl.gz
ref-pointer-unnamed-segment	candidate	apis/openapi/codat.io/sync-for-commerce/1.1/meta/import/output-entry.json	census 130	census.jsonl.gz
ref-pointer-unnamed-segment	screen	apis/openapi/codat.io/sync-for-commerce/1.1/meta/import/output-entry.json licence	failed	candidates.tsv
ref-pointer-unnamed-segment	screen	apis/openapi/codat.io/sync-for-commerce/1.1/meta/import/output-entry.json ref	failed	candidates.tsv
ref-pointer-unnamed-segment	screen	apis/openapi/codat.io/sync-for-commerce/1.1/meta/import/output-entry.json fern	not-run	candidates.tsv
ref-pointer-unnamed-segment	document	apis/openapi/codat.io/sync-for-commerce/1.1/openapi.json	census 128	census.jsonl.gz
ref-pointer-unnamed-segment	candidate	apis/openapi/codat.io/sync-for-commerce/1.1/openapi.json	census 128	census.jsonl.gz
ref-pointer-unnamed-segment	screen	apis/openapi/codat.io/sync-for-commerce/1.1/openapi.json licence	failed	candidates.tsv
ref-pointer-unnamed-segment	screen	apis/openapi/codat.io/sync-for-commerce/1.1/openapi.json ref	failed	candidates.tsv
ref-pointer-unnamed-segment	screen	apis/openapi/codat.io/sync-for-commerce/1.1/openapi.json fern	not-run	candidates.tsv
ref-pointer-unnamed-segment	document	apis/openapi/codat.io/sync-for-expenses/prealpha/meta/import/input-bundled.json	census 6	census.jsonl.gz
ref-pointer-unnamed-segment	candidate	apis/openapi/codat.io/sync-for-expenses/prealpha/meta/import/input-bundled.json	census 6	census.jsonl.gz
ref-pointer-unnamed-segment	screen	apis/openapi/codat.io/sync-for-expenses/prealpha/meta/import/input-bundled.json licence	failed	candidates.tsv
ref-pointer-unnamed-segment	screen	apis/openapi/codat.io/sync-for-expenses/prealpha/meta/import/input-bundled.json ref	failed	candidates.tsv
ref-pointer-unnamed-segment	screen	apis/openapi/codat.io/sync-for-expenses/prealpha/meta/import/input-bundled.json fern	not-run	candidates.tsv
ref-pointer-unnamed-segment	document	apis/openapi/codat.io/sync-for-expenses/prealpha/meta/import/input-entry.json	census 6	census.jsonl.gz
ref-pointer-unnamed-segment	candidate	apis/openapi/codat.io/sync-for-expenses/prealpha/meta/import/input-entry.json	census 6	census.jsonl.gz
ref-pointer-unnamed-segment	screen	apis/openapi/codat.io/sync-for-expenses/prealpha/meta/import/input-entry.json licence	failed	candidates.tsv
ref-pointer-unnamed-segment	screen	apis/openapi/codat.io/sync-for-expenses/prealpha/meta/import/input-entry.json ref	failed	candidates.tsv
ref-pointer-unnamed-segment	screen	apis/openapi/codat.io/sync-for-expenses/prealpha/meta/import/input-entry.json fern	not-run	candidates.tsv
ref-pointer-unnamed-segment	document	apis/openapi/codat.io/sync-for-expenses/prealpha/meta/import/output-bundled.json	census 6	census.jsonl.gz
ref-pointer-unnamed-segment	candidate	apis/openapi/codat.io/sync-for-expenses/prealpha/meta/import/output-bundled.json	census 6	census.jsonl.gz
ref-pointer-unnamed-segment	screen	apis/openapi/codat.io/sync-for-expenses/prealpha/meta/import/output-bundled.json licence	failed	candidates.tsv
ref-pointer-unnamed-segment	screen	apis/openapi/codat.io/sync-for-expenses/prealpha/meta/import/output-bundled.json ref	failed	candidates.tsv
ref-pointer-unnamed-segment	screen	apis/openapi/codat.io/sync-for-expenses/prealpha/meta/import/output-bundled.json fern	not-run	candidates.tsv
ref-pointer-unnamed-segment	document	apis/openapi/codat.io/sync-for-expenses/prealpha/meta/import/output-entry.json	census 6	census.jsonl.gz
ref-pointer-unnamed-segment	candidate	apis/openapi/codat.io/sync-for-expenses/prealpha/meta/import/output-entry.json	census 6	census.jsonl.gz
ref-pointer-unnamed-segment	screen	apis/openapi/codat.io/sync-for-expenses/prealpha/meta/import/output-entry.json licence	failed	candidates.tsv
ref-pointer-unnamed-segment	screen	apis/openapi/codat.io/sync-for-expenses/prealpha/meta/import/output-entry.json ref	failed	candidates.tsv
ref-pointer-unnamed-segment	screen	apis/openapi/codat.io/sync-for-expenses/prealpha/meta/import/output-entry.json fern	not-run	candidates.tsv
ref-pointer-unnamed-segment	document	apis/openapi/codat.io/sync-for-expenses/prealpha/openapi.json	census 6	census.jsonl.gz
ref-pointer-unnamed-segment	candidate	apis/openapi/codat.io/sync-for-expenses/prealpha/openapi.json	census 6	census.jsonl.gz
ref-pointer-unnamed-segment	screen	apis/openapi/codat.io/sync-for-expenses/prealpha/openapi.json licence	failed	candidates.tsv
ref-pointer-unnamed-segment	screen	apis/openapi/codat.io/sync-for-expenses/prealpha/openapi.json ref	failed	candidates.tsv
ref-pointer-unnamed-segment	screen	apis/openapi/codat.io/sync-for-expenses/prealpha/openapi.json fern	not-run	candidates.tsv
ref-pointer-unnamed-segment	document	apis/openapi/fareharbor.com/fareharbor-api/1.0/meta/import/input-bundle.json	census 468	census.jsonl.gz
ref-pointer-unnamed-segment	candidate	apis/openapi/fareharbor.com/fareharbor-api/1.0/meta/import/input-bundle.json	census 468	census.jsonl.gz
ref-pointer-unnamed-segment	screen	apis/openapi/fareharbor.com/fareharbor-api/1.0/meta/import/input-bundle.json licence	failed	candidates.tsv
ref-pointer-unnamed-segment	screen	apis/openapi/fareharbor.com/fareharbor-api/1.0/meta/import/input-bundle.json ref	failed	candidates.tsv
ref-pointer-unnamed-segment	screen	apis/openapi/fareharbor.com/fareharbor-api/1.0/meta/import/input-bundle.json fern	not-run	candidates.tsv
ref-pointer-unnamed-segment	document	apis/openapi/fareharbor.com/fareharbor-api/1.0/meta/import/input-entry.json	census 468	census.jsonl.gz
ref-pointer-unnamed-segment	candidate	apis/openapi/fareharbor.com/fareharbor-api/1.0/meta/import/input-entry.json	census 468	census.jsonl.gz
ref-pointer-unnamed-segment	screen	apis/openapi/fareharbor.com/fareharbor-api/1.0/meta/import/input-entry.json licence	failed	candidates.tsv
ref-pointer-unnamed-segment	screen	apis/openapi/fareharbor.com/fareharbor-api/1.0/meta/import/input-entry.json ref	failed	candidates.tsv
ref-pointer-unnamed-segment	screen	apis/openapi/fareharbor.com/fareharbor-api/1.0/meta/import/input-entry.json fern	not-run	candidates.tsv
ref-pointer-unnamed-segment	document	apis/openapi/fareharbor.com/fareharbor-api/1.0/meta/import/output-bundle.json	census 468	census.jsonl.gz
ref-pointer-unnamed-segment	candidate	apis/openapi/fareharbor.com/fareharbor-api/1.0/meta/import/output-bundle.json	census 468	census.jsonl.gz
ref-pointer-unnamed-segment	screen	apis/openapi/fareharbor.com/fareharbor-api/1.0/meta/import/output-bundle.json licence	failed	candidates.tsv
ref-pointer-unnamed-segment	screen	apis/openapi/fareharbor.com/fareharbor-api/1.0/meta/import/output-bundle.json ref	failed	candidates.tsv
ref-pointer-unnamed-segment	screen	apis/openapi/fareharbor.com/fareharbor-api/1.0/meta/import/output-bundle.json fern	not-run	candidates.tsv
ref-pointer-unnamed-segment	document	apis/openapi/fareharbor.com/fareharbor-api/1.0/meta/import/output-entry.json	census 468	census.jsonl.gz
ref-pointer-unnamed-segment	candidate	apis/openapi/fareharbor.com/fareharbor-api/1.0/meta/import/output-entry.json	census 468	census.jsonl.gz
ref-pointer-unnamed-segment	screen	apis/openapi/fareharbor.com/fareharbor-api/1.0/meta/import/output-entry.json licence	failed	candidates.tsv
ref-pointer-unnamed-segment	screen	apis/openapi/fareharbor.com/fareharbor-api/1.0/meta/import/output-entry.json ref	failed	candidates.tsv
ref-pointer-unnamed-segment	screen	apis/openapi/fareharbor.com/fareharbor-api/1.0/meta/import/output-entry.json fern	not-run	candidates.tsv
ref-pointer-unnamed-segment	document	apis/openapi/fareharbor.com/fareharbor-api/1.0/openapi.json	census 468	census.jsonl.gz
ref-pointer-unnamed-segment	candidate	apis/openapi/fareharbor.com/fareharbor-api/1.0/openapi.json	census 468	census.jsonl.gz
ref-pointer-unnamed-segment	screen	apis/openapi/fareharbor.com/fareharbor-api/1.0/openapi.json licence	failed	candidates.tsv
ref-pointer-unnamed-segment	screen	apis/openapi/fareharbor.com/fareharbor-api/1.0/openapi.json ref	failed	candidates.tsv
ref-pointer-unnamed-segment	screen	apis/openapi/fareharbor.com/fareharbor-api/1.0/openapi.json fern	not-run	candidates.tsv
ref-pointer-unnamed-segment	document	apis/openapi/icarusapi.keatext.ai/main/2.0.0/meta/import/input-bundle.json	census 2	census.jsonl.gz
ref-pointer-unnamed-segment	candidate	apis/openapi/icarusapi.keatext.ai/main/2.0.0/meta/import/input-bundle.json	census 2	census.jsonl.gz
ref-pointer-unnamed-segment	screen	apis/openapi/icarusapi.keatext.ai/main/2.0.0/meta/import/input-bundle.json licence	failed	candidates.tsv
ref-pointer-unnamed-segment	screen	apis/openapi/icarusapi.keatext.ai/main/2.0.0/meta/import/input-bundle.json ref	failed	candidates.tsv
ref-pointer-unnamed-segment	screen	apis/openapi/icarusapi.keatext.ai/main/2.0.0/meta/import/input-bundle.json fern	not-run	candidates.tsv
ref-pointer-unnamed-segment	document	apis/openapi/icarusapi.keatext.ai/main/2.0.0/meta/import/input-entry.json	census 2	census.jsonl.gz
ref-pointer-unnamed-segment	candidate	apis/openapi/icarusapi.keatext.ai/main/2.0.0/meta/import/input-entry.json	census 2	census.jsonl.gz
ref-pointer-unnamed-segment	screen	apis/openapi/icarusapi.keatext.ai/main/2.0.0/meta/import/input-entry.json licence	failed	candidates.tsv
ref-pointer-unnamed-segment	screen	apis/openapi/icarusapi.keatext.ai/main/2.0.0/meta/import/input-entry.json ref	failed	candidates.tsv
ref-pointer-unnamed-segment	screen	apis/openapi/icarusapi.keatext.ai/main/2.0.0/meta/import/input-entry.json fern	not-run	candidates.tsv
ref-pointer-unnamed-segment	document	apis/openapi/icarusapi.keatext.ai/main/2.0.0/meta/import/output-bundle.json	census 2	census.jsonl.gz
ref-pointer-unnamed-segment	candidate	apis/openapi/icarusapi.keatext.ai/main/2.0.0/meta/import/output-bundle.json	census 2	census.jsonl.gz
ref-pointer-unnamed-segment	screen	apis/openapi/icarusapi.keatext.ai/main/2.0.0/meta/import/output-bundle.json licence	failed	candidates.tsv
ref-pointer-unnamed-segment	screen	apis/openapi/icarusapi.keatext.ai/main/2.0.0/meta/import/output-bundle.json ref	failed	candidates.tsv
ref-pointer-unnamed-segment	screen	apis/openapi/icarusapi.keatext.ai/main/2.0.0/meta/import/output-bundle.json fern	not-run	candidates.tsv
ref-pointer-unnamed-segment	document	apis/openapi/icarusapi.keatext.ai/main/2.0.0/meta/import/output-entry.json	census 2	census.jsonl.gz
ref-pointer-unnamed-segment	candidate	apis/openapi/icarusapi.keatext.ai/main/2.0.0/meta/import/output-entry.json	census 2	census.jsonl.gz
ref-pointer-unnamed-segment	screen	apis/openapi/icarusapi.keatext.ai/main/2.0.0/meta/import/output-entry.json licence	failed	candidates.tsv
ref-pointer-unnamed-segment	screen	apis/openapi/icarusapi.keatext.ai/main/2.0.0/meta/import/output-entry.json ref	failed	candidates.tsv
ref-pointer-unnamed-segment	screen	apis/openapi/icarusapi.keatext.ai/main/2.0.0/meta/import/output-entry.json fern	not-run	candidates.tsv
ref-pointer-unnamed-segment	document	apis/openapi/icarusapi.keatext.ai/main/2.0.0/openapi.json	census 2	census.jsonl.gz
ref-pointer-unnamed-segment	candidate	apis/openapi/icarusapi.keatext.ai/main/2.0.0/openapi.json	census 2	census.jsonl.gz
ref-pointer-unnamed-segment	screen	apis/openapi/icarusapi.keatext.ai/main/2.0.0/openapi.json licence	failed	candidates.tsv
ref-pointer-unnamed-segment	screen	apis/openapi/icarusapi.keatext.ai/main/2.0.0/openapi.json ref	failed	candidates.tsv
ref-pointer-unnamed-segment	screen	apis/openapi/icarusapi.keatext.ai/main/2.0.0/openapi.json fern	not-run	candidates.tsv
schema-name-nonidentifier-name	walk	jentic/jentic-public-apis@eb9d12a2684b0fbcb5aecf51e8ae54dba0929743	74240	acquisition-manifest.tsv
schema-name-nonidentifier-name	document	apis/openapi/afterpay.com/main/v2/meta/import/input-bundle.json	census 13	census.jsonl.gz
schema-name-nonidentifier-name	candidate	apis/openapi/afterpay.com/main/v2/meta/import/input-bundle.json	census 13	census.jsonl.gz
schema-name-nonidentifier-name	screen	apis/openapi/afterpay.com/main/v2/meta/import/input-bundle.json licence	failed	candidates.tsv
schema-name-nonidentifier-name	screen	apis/openapi/afterpay.com/main/v2/meta/import/input-bundle.json ref	failed	candidates.tsv
schema-name-nonidentifier-name	screen	apis/openapi/afterpay.com/main/v2/meta/import/input-bundle.json fern	not-run	candidates.tsv
schema-name-nonidentifier-name	document	apis/openapi/afterpay.com/main/v2/meta/import/input-entry.json	census 13	census.jsonl.gz
schema-name-nonidentifier-name	candidate	apis/openapi/afterpay.com/main/v2/meta/import/input-entry.json	census 13	census.jsonl.gz
schema-name-nonidentifier-name	screen	apis/openapi/afterpay.com/main/v2/meta/import/input-entry.json licence	failed	candidates.tsv
schema-name-nonidentifier-name	screen	apis/openapi/afterpay.com/main/v2/meta/import/input-entry.json ref	failed	candidates.tsv
schema-name-nonidentifier-name	screen	apis/openapi/afterpay.com/main/v2/meta/import/input-entry.json fern	not-run	candidates.tsv
schema-name-nonidentifier-name	document	apis/openapi/afterpay.com/main/v2/meta/import/output-bundle.json	census 13	census.jsonl.gz
schema-name-nonidentifier-name	candidate	apis/openapi/afterpay.com/main/v2/meta/import/output-bundle.json	census 13	census.jsonl.gz
schema-name-nonidentifier-name	screen	apis/openapi/afterpay.com/main/v2/meta/import/output-bundle.json licence	failed	candidates.tsv
schema-name-nonidentifier-name	screen	apis/openapi/afterpay.com/main/v2/meta/import/output-bundle.json ref	failed	candidates.tsv
schema-name-nonidentifier-name	screen	apis/openapi/afterpay.com/main/v2/meta/import/output-bundle.json fern	not-run	candidates.tsv
schema-name-nonidentifier-name	document	apis/openapi/afterpay.com/main/v2/meta/import/output-entry.json	census 13	census.jsonl.gz
schema-name-nonidentifier-name	candidate	apis/openapi/afterpay.com/main/v2/meta/import/output-entry.json	census 13	census.jsonl.gz
schema-name-nonidentifier-name	screen	apis/openapi/afterpay.com/main/v2/meta/import/output-entry.json licence	failed	candidates.tsv
schema-name-nonidentifier-name	screen	apis/openapi/afterpay.com/main/v2/meta/import/output-entry.json ref	failed	candidates.tsv
schema-name-nonidentifier-name	screen	apis/openapi/afterpay.com/main/v2/meta/import/output-entry.json fern	not-run	candidates.tsv
schema-name-nonidentifier-name	document	apis/openapi/afterpay.com/main/v2/openapi.json	census 13	census.jsonl.gz
schema-name-nonidentifier-name	candidate	apis/openapi/afterpay.com/main/v2/openapi.json	census 13	census.jsonl.gz
schema-name-nonidentifier-name	screen	apis/openapi/afterpay.com/main/v2/openapi.json licence	failed	candidates.tsv
schema-name-nonidentifier-name	screen	apis/openapi/afterpay.com/main/v2/openapi.json ref	failed	candidates.tsv
schema-name-nonidentifier-name	screen	apis/openapi/afterpay.com/main/v2/openapi.json fern	not-run	candidates.tsv
schema-name-nonidentifier-name	document	apis/openapi/airtop.ai/airtop/1.0.0/meta/import/input-bundle.json	census 89	census.jsonl.gz
schema-name-nonidentifier-name	candidate	apis/openapi/airtop.ai/airtop/1.0.0/meta/import/input-bundle.json	census 89	census.jsonl.gz
schema-name-nonidentifier-name	screen	apis/openapi/airtop.ai/airtop/1.0.0/meta/import/input-bundle.json licence	failed	candidates.tsv
schema-name-nonidentifier-name	screen	apis/openapi/airtop.ai/airtop/1.0.0/meta/import/input-bundle.json ref	failed	candidates.tsv
schema-name-nonidentifier-name	screen	apis/openapi/airtop.ai/airtop/1.0.0/meta/import/input-bundle.json fern	not-run	candidates.tsv
schema-name-nonidentifier-name	document	apis/openapi/airtop.ai/airtop/1.0.0/meta/import/input-entry.json	census 89	census.jsonl.gz
schema-name-nonidentifier-name	candidate	apis/openapi/airtop.ai/airtop/1.0.0/meta/import/input-entry.json	census 89	census.jsonl.gz
schema-name-nonidentifier-name	screen	apis/openapi/airtop.ai/airtop/1.0.0/meta/import/input-entry.json licence	failed	candidates.tsv
schema-name-nonidentifier-name	screen	apis/openapi/airtop.ai/airtop/1.0.0/meta/import/input-entry.json ref	failed	candidates.tsv
schema-name-nonidentifier-name	screen	apis/openapi/airtop.ai/airtop/1.0.0/meta/import/input-entry.json fern	not-run	candidates.tsv
schema-name-nonidentifier-name	document	apis/openapi/airtop.ai/airtop/1.0.0/meta/import/output-bundle.json	census 89	census.jsonl.gz
schema-name-nonidentifier-name	candidate	apis/openapi/airtop.ai/airtop/1.0.0/meta/import/output-bundle.json	census 89	census.jsonl.gz
schema-name-nonidentifier-name	screen	apis/openapi/airtop.ai/airtop/1.0.0/meta/import/output-bundle.json licence	failed	candidates.tsv
schema-name-nonidentifier-name	screen	apis/openapi/airtop.ai/airtop/1.0.0/meta/import/output-bundle.json ref	failed	candidates.tsv
schema-name-nonidentifier-name	screen	apis/openapi/airtop.ai/airtop/1.0.0/meta/import/output-bundle.json fern	not-run	candidates.tsv
schema-name-nonidentifier-name	document	apis/openapi/airtop.ai/airtop/1.0.0/meta/import/output-entry.json	census 89	census.jsonl.gz
schema-name-nonidentifier-name	candidate	apis/openapi/airtop.ai/airtop/1.0.0/meta/import/output-entry.json	census 89	census.jsonl.gz
schema-name-nonidentifier-name	screen	apis/openapi/airtop.ai/airtop/1.0.0/meta/import/output-entry.json licence	failed	candidates.tsv
schema-name-nonidentifier-name	screen	apis/openapi/airtop.ai/airtop/1.0.0/meta/import/output-entry.json ref	failed	candidates.tsv
schema-name-nonidentifier-name	screen	apis/openapi/airtop.ai/airtop/1.0.0/meta/import/output-entry.json fern	not-run	candidates.tsv
schema-name-nonidentifier-name	document	apis/openapi/airtop.ai/airtop/1.0.0/openapi.json	census 89	census.jsonl.gz
schema-name-nonidentifier-name	candidate	apis/openapi/airtop.ai/airtop/1.0.0/openapi.json	census 89	census.jsonl.gz
schema-name-nonidentifier-name	screen	apis/openapi/airtop.ai/airtop/1.0.0/openapi.json licence	failed	candidates.tsv
schema-name-nonidentifier-name	screen	apis/openapi/airtop.ai/airtop/1.0.0/openapi.json ref	failed	candidates.tsv
schema-name-nonidentifier-name	screen	apis/openapi/airtop.ai/airtop/1.0.0/openapi.json fern	not-run	candidates.tsv
schema-name-nonidentifier-name	document	apis/openapi/airtop.ai/main/1.0.0/meta/import/input-bundle.json	census 89	census.jsonl.gz
schema-name-nonidentifier-name	candidate	apis/openapi/airtop.ai/main/1.0.0/meta/import/input-bundle.json	census 89	census.jsonl.gz
schema-name-nonidentifier-name	screen	apis/openapi/airtop.ai/main/1.0.0/meta/import/input-bundle.json licence	failed	candidates.tsv
schema-name-nonidentifier-name	screen	apis/openapi/airtop.ai/main/1.0.0/meta/import/input-bundle.json ref	failed	candidates.tsv
schema-name-nonidentifier-name	screen	apis/openapi/airtop.ai/main/1.0.0/meta/import/input-bundle.json fern	not-run	candidates.tsv
schema-name-nonidentifier-name	document	apis/openapi/airtop.ai/main/1.0.0/meta/import/input-entry.json	census 89	census.jsonl.gz
schema-name-nonidentifier-name	candidate	apis/openapi/airtop.ai/main/1.0.0/meta/import/input-entry.json	census 89	census.jsonl.gz
schema-name-nonidentifier-name	screen	apis/openapi/airtop.ai/main/1.0.0/meta/import/input-entry.json licence	failed	candidates.tsv
schema-name-nonidentifier-name	screen	apis/openapi/airtop.ai/main/1.0.0/meta/import/input-entry.json ref	failed	candidates.tsv
schema-name-nonidentifier-name	screen	apis/openapi/airtop.ai/main/1.0.0/meta/import/input-entry.json fern	not-run	candidates.tsv
schema-name-nonidentifier-name	document	apis/openapi/airtop.ai/main/1.0.0/meta/import/output-bundle.json	census 89	census.jsonl.gz
schema-name-nonidentifier-name	candidate	apis/openapi/airtop.ai/main/1.0.0/meta/import/output-bundle.json	census 89	census.jsonl.gz
schema-name-nonidentifier-name	screen	apis/openapi/airtop.ai/main/1.0.0/meta/import/output-bundle.json licence	failed	candidates.tsv
schema-name-nonidentifier-name	screen	apis/openapi/airtop.ai/main/1.0.0/meta/import/output-bundle.json ref	failed	candidates.tsv
schema-name-nonidentifier-name	screen	apis/openapi/airtop.ai/main/1.0.0/meta/import/output-bundle.json fern	not-run	candidates.tsv
schema-name-nonidentifier-name	document	apis/openapi/airtop.ai/main/1.0.0/meta/import/output-entry.json	census 89	census.jsonl.gz
schema-name-nonidentifier-name	candidate	apis/openapi/airtop.ai/main/1.0.0/meta/import/output-entry.json	census 89	census.jsonl.gz
schema-name-nonidentifier-name	screen	apis/openapi/airtop.ai/main/1.0.0/meta/import/output-entry.json licence	failed	candidates.tsv
schema-name-nonidentifier-name	screen	apis/openapi/airtop.ai/main/1.0.0/meta/import/output-entry.json ref	failed	candidates.tsv
schema-name-nonidentifier-name	screen	apis/openapi/airtop.ai/main/1.0.0/meta/import/output-entry.json fern	not-run	candidates.tsv
schema-name-nonidentifier-name	document	apis/openapi/airtop.ai/main/1.0.0/openapi.json	census 89	census.jsonl.gz
schema-name-nonidentifier-name	candidate	apis/openapi/airtop.ai/main/1.0.0/openapi.json	census 89	census.jsonl.gz
schema-name-nonidentifier-name	screen	apis/openapi/airtop.ai/main/1.0.0/openapi.json licence	failed	candidates.tsv
schema-name-nonidentifier-name	screen	apis/openapi/airtop.ai/main/1.0.0/openapi.json ref	failed	candidates.tsv
schema-name-nonidentifier-name	screen	apis/openapi/airtop.ai/main/1.0.0/openapi.json fern	not-run	candidates.tsv
schema-name-nonidentifier-name	document	apis/openapi/api-sxkan78ybekjjaveh1lcig.teamhood.com/main/v1/meta/import/input-bundle.json	census 4	census.jsonl.gz
schema-name-nonidentifier-name	candidate	apis/openapi/api-sxkan78ybekjjaveh1lcig.teamhood.com/main/v1/meta/import/input-bundle.json	census 4	census.jsonl.gz
schema-name-nonidentifier-name	screen	apis/openapi/api-sxkan78ybekjjaveh1lcig.teamhood.com/main/v1/meta/import/input-bundle.json licence	failed	candidates.tsv
schema-name-nonidentifier-name	screen	apis/openapi/api-sxkan78ybekjjaveh1lcig.teamhood.com/main/v1/meta/import/input-bundle.json ref	failed	candidates.tsv
schema-name-nonidentifier-name	screen	apis/openapi/api-sxkan78ybekjjaveh1lcig.teamhood.com/main/v1/meta/import/input-bundle.json fern	not-run	candidates.tsv
schema-name-nonidentifier-name	document	apis/openapi/api-sxkan78ybekjjaveh1lcig.teamhood.com/main/v1/meta/import/input-entry.json	census 4	census.jsonl.gz
schema-name-nonidentifier-name	candidate	apis/openapi/api-sxkan78ybekjjaveh1lcig.teamhood.com/main/v1/meta/import/input-entry.json	census 4	census.jsonl.gz
schema-name-nonidentifier-name	screen	apis/openapi/api-sxkan78ybekjjaveh1lcig.teamhood.com/main/v1/meta/import/input-entry.json licence	failed	candidates.tsv
schema-name-nonidentifier-name	screen	apis/openapi/api-sxkan78ybekjjaveh1lcig.teamhood.com/main/v1/meta/import/input-entry.json ref	failed	candidates.tsv
schema-name-nonidentifier-name	screen	apis/openapi/api-sxkan78ybekjjaveh1lcig.teamhood.com/main/v1/meta/import/input-entry.json fern	not-run	candidates.tsv
schema-name-nonidentifier-name	document	apis/openapi/api-sxkan78ybekjjaveh1lcig.teamhood.com/main/v1/meta/import/output-bundle.json	census 4	census.jsonl.gz
schema-name-nonidentifier-name	candidate	apis/openapi/api-sxkan78ybekjjaveh1lcig.teamhood.com/main/v1/meta/import/output-bundle.json	census 4	census.jsonl.gz
schema-name-nonidentifier-name	screen	apis/openapi/api-sxkan78ybekjjaveh1lcig.teamhood.com/main/v1/meta/import/output-bundle.json licence	failed	candidates.tsv
schema-name-nonidentifier-name	screen	apis/openapi/api-sxkan78ybekjjaveh1lcig.teamhood.com/main/v1/meta/import/output-bundle.json ref	failed	candidates.tsv
schema-name-nonidentifier-name	screen	apis/openapi/api-sxkan78ybekjjaveh1lcig.teamhood.com/main/v1/meta/import/output-bundle.json fern	not-run	candidates.tsv
schema-name-nonidentifier-name	document	apis/openapi/api-sxkan78ybekjjaveh1lcig.teamhood.com/main/v1/meta/import/output-entry.json	census 4	census.jsonl.gz
schema-name-nonidentifier-name	candidate	apis/openapi/api-sxkan78ybekjjaveh1lcig.teamhood.com/main/v1/meta/import/output-entry.json	census 4	census.jsonl.gz
schema-name-nonidentifier-name	screen	apis/openapi/api-sxkan78ybekjjaveh1lcig.teamhood.com/main/v1/meta/import/output-entry.json licence	failed	candidates.tsv
schema-name-nonidentifier-name	screen	apis/openapi/api-sxkan78ybekjjaveh1lcig.teamhood.com/main/v1/meta/import/output-entry.json ref	failed	candidates.tsv
schema-name-nonidentifier-name	screen	apis/openapi/api-sxkan78ybekjjaveh1lcig.teamhood.com/main/v1/meta/import/output-entry.json fern	not-run	candidates.tsv
schema-name-nonidentifier-name	document	apis/openapi/api-sxkan78ybekjjaveh1lcig.teamhood.com/main/v1/openapi.json	census 4	census.jsonl.gz
schema-name-nonidentifier-name	candidate	apis/openapi/api-sxkan78ybekjjaveh1lcig.teamhood.com/main/v1/openapi.json	census 4	census.jsonl.gz
schema-name-nonidentifier-name	screen	apis/openapi/api-sxkan78ybekjjaveh1lcig.teamhood.com/main/v1/openapi.json licence	failed	candidates.tsv
schema-name-nonidentifier-name	screen	apis/openapi/api-sxkan78ybekjjaveh1lcig.teamhood.com/main/v1/openapi.json ref	failed	candidates.tsv
schema-name-nonidentifier-name	screen	apis/openapi/api-sxkan78ybekjjaveh1lcig.teamhood.com/main/v1/openapi.json fern	not-run	candidates.tsv
schema-name-nonidentifier-name	document	apis/openapi/api.skubana.com/main/1.0/meta/import/input-bundle.json	census 2	census.jsonl.gz
schema-name-nonidentifier-name	candidate	apis/openapi/api.skubana.com/main/1.0/meta/import/input-bundle.json	census 2	census.jsonl.gz
schema-name-nonidentifier-name	screen	apis/openapi/api.skubana.com/main/1.0/meta/import/input-bundle.json licence	failed	candidates.tsv
schema-name-nonidentifier-name	screen	apis/openapi/api.skubana.com/main/1.0/meta/import/input-bundle.json ref	failed	candidates.tsv
schema-name-nonidentifier-name	screen	apis/openapi/api.skubana.com/main/1.0/meta/import/input-bundle.json fern	not-run	candidates.tsv
schema-name-nonidentifier-name	document	apis/openapi/api.skubana.com/main/1.0/meta/import/input-entry.json	census 2	census.jsonl.gz
schema-name-nonidentifier-name	candidate	apis/openapi/api.skubana.com/main/1.0/meta/import/input-entry.json	census 2	census.jsonl.gz
schema-name-nonidentifier-name	screen	apis/openapi/api.skubana.com/main/1.0/meta/import/input-entry.json licence	failed	candidates.tsv
schema-name-nonidentifier-name	screen	apis/openapi/api.skubana.com/main/1.0/meta/import/input-entry.json ref	failed	candidates.tsv
schema-name-nonidentifier-name	screen	apis/openapi/api.skubana.com/main/1.0/meta/import/input-entry.json fern	not-run	candidates.tsv
schema-name-nonidentifier-name	document	apis/openapi/api.skubana.com/main/1.0/meta/import/output-bundle.json	census 2	census.jsonl.gz
schema-name-nonidentifier-name	candidate	apis/openapi/api.skubana.com/main/1.0/meta/import/output-bundle.json	census 2	census.jsonl.gz
schema-name-nonidentifier-name	screen	apis/openapi/api.skubana.com/main/1.0/meta/import/output-bundle.json licence	failed	candidates.tsv
schema-name-nonidentifier-name	screen	apis/openapi/api.skubana.com/main/1.0/meta/import/output-bundle.json ref	failed	candidates.tsv
schema-name-nonidentifier-name	screen	apis/openapi/api.skubana.com/main/1.0/meta/import/output-bundle.json fern	not-run	candidates.tsv
schema-name-nonidentifier-name	document	apis/openapi/api.skubana.com/main/1.0/meta/import/output-entry.json	census 2	census.jsonl.gz
schema-name-nonidentifier-name	candidate	apis/openapi/api.skubana.com/main/1.0/meta/import/output-entry.json	census 2	census.jsonl.gz
schema-name-nonidentifier-name	screen	apis/openapi/api.skubana.com/main/1.0/meta/import/output-entry.json licence	failed	candidates.tsv
schema-name-nonidentifier-name	screen	apis/openapi/api.skubana.com/main/1.0/meta/import/output-entry.json ref	failed	candidates.tsv
schema-name-nonidentifier-name	screen	apis/openapi/api.skubana.com/main/1.0/meta/import/output-entry.json fern	not-run	candidates.tsv
schema-name-nonidentifier-name	document	apis/openapi/api.skubana.com/main/1.0/openapi.json	census 2	census.jsonl.gz
schema-name-nonidentifier-name	candidate	apis/openapi/api.skubana.com/main/1.0/openapi.json	census 2	census.jsonl.gz
schema-name-nonidentifier-name	screen	apis/openapi/api.skubana.com/main/1.0/openapi.json licence	failed	candidates.tsv
schema-name-nonidentifier-name	screen	apis/openapi/api.skubana.com/main/1.0/openapi.json ref	failed	candidates.tsv
schema-name-nonidentifier-name	screen	apis/openapi/api.skubana.com/main/1.0/openapi.json fern	not-run	candidates.tsv
schema-name-nonidentifier-name	document	apis/openapi/api.x.flatfile.com/main/1.0.0/meta/import/input-bundle.json	census 462	census.jsonl.gz
schema-name-nonidentifier-name	candidate	apis/openapi/api.x.flatfile.com/main/1.0.0/meta/import/input-bundle.json	census 462	census.jsonl.gz
schema-name-nonidentifier-name	screen	apis/openapi/api.x.flatfile.com/main/1.0.0/meta/import/input-bundle.json licence	failed	candidates.tsv
schema-name-nonidentifier-name	screen	apis/openapi/api.x.flatfile.com/main/1.0.0/meta/import/input-bundle.json ref	failed	candidates.tsv
schema-name-nonidentifier-name	screen	apis/openapi/api.x.flatfile.com/main/1.0.0/meta/import/input-bundle.json fern	not-run	candidates.tsv
schema-name-nonidentifier-name	document	apis/openapi/api.x.flatfile.com/main/1.0.0/meta/import/input-entry.json	census 462	census.jsonl.gz
schema-name-nonidentifier-name	candidate	apis/openapi/api.x.flatfile.com/main/1.0.0/meta/import/input-entry.json	census 462	census.jsonl.gz
schema-name-nonidentifier-name	screen	apis/openapi/api.x.flatfile.com/main/1.0.0/meta/import/input-entry.json licence	failed	candidates.tsv
schema-name-nonidentifier-name	screen	apis/openapi/api.x.flatfile.com/main/1.0.0/meta/import/input-entry.json ref	failed	candidates.tsv
schema-name-nonidentifier-name	screen	apis/openapi/api.x.flatfile.com/main/1.0.0/meta/import/input-entry.json fern	not-run	candidates.tsv
schema-name-nonidentifier-name	document	apis/openapi/api.x.flatfile.com/main/1.0.0/meta/import/output-bundle.json	census 462	census.jsonl.gz
schema-name-nonidentifier-name	candidate	apis/openapi/api.x.flatfile.com/main/1.0.0/meta/import/output-bundle.json	census 462	census.jsonl.gz
schema-name-nonidentifier-name	screen	apis/openapi/api.x.flatfile.com/main/1.0.0/meta/import/output-bundle.json licence	failed	candidates.tsv
schema-name-nonidentifier-name	screen	apis/openapi/api.x.flatfile.com/main/1.0.0/meta/import/output-bundle.json ref	failed	candidates.tsv
schema-name-nonidentifier-name	screen	apis/openapi/api.x.flatfile.com/main/1.0.0/meta/import/output-bundle.json fern	not-run	candidates.tsv
schema-name-nonidentifier-name	document	apis/openapi/api.x.flatfile.com/main/1.0.0/meta/import/output-entry.json	census 462	census.jsonl.gz
schema-name-nonidentifier-name	candidate	apis/openapi/api.x.flatfile.com/main/1.0.0/meta/import/output-entry.json	census 462	census.jsonl.gz
schema-name-nonidentifier-name	screen	apis/openapi/api.x.flatfile.com/main/1.0.0/meta/import/output-entry.json licence	failed	candidates.tsv
schema-name-nonidentifier-name	screen	apis/openapi/api.x.flatfile.com/main/1.0.0/meta/import/output-entry.json ref	failed	candidates.tsv
schema-name-nonidentifier-name	screen	apis/openapi/api.x.flatfile.com/main/1.0.0/meta/import/output-entry.json fern	not-run	candidates.tsv
schema-name-nonidentifier-name	document	apis/openapi/api.x.flatfile.com/main/1.0.0/openapi.json	census 462	census.jsonl.gz
schema-name-nonidentifier-name	candidate	apis/openapi/api.x.flatfile.com/main/1.0.0/openapi.json	census 462	census.jsonl.gz
schema-name-nonidentifier-name	screen	apis/openapi/api.x.flatfile.com/main/1.0.0/openapi.json licence	failed	candidates.tsv
schema-name-nonidentifier-name	screen	apis/openapi/api.x.flatfile.com/main/1.0.0/openapi.json ref	failed	candidates.tsv
schema-name-nonidentifier-name	screen	apis/openapi/api.x.flatfile.com/main/1.0.0/openapi.json fern	not-run	candidates.tsv
schema-name-nonidentifier-name	document	apis/openapi/atera.com/main/v3/meta/import/input-bundle.json	census 17	census.jsonl.gz
schema-name-nonidentifier-name	candidate	apis/openapi/atera.com/main/v3/meta/import/input-bundle.json	census 17	census.jsonl.gz
schema-name-nonidentifier-name	screen	apis/openapi/atera.com/main/v3/meta/import/input-bundle.json licence	failed	candidates.tsv
schema-name-nonidentifier-name	screen	apis/openapi/atera.com/main/v3/meta/import/input-bundle.json ref	failed	candidates.tsv
schema-name-nonidentifier-name	screen	apis/openapi/atera.com/main/v3/meta/import/input-bundle.json fern	not-run	candidates.tsv
schema-name-nonidentifier-name	document	apis/openapi/atera.com/main/v3/meta/import/input-entry.json	census 17	census.jsonl.gz
schema-name-nonidentifier-name	candidate	apis/openapi/atera.com/main/v3/meta/import/input-entry.json	census 17	census.jsonl.gz
schema-name-nonidentifier-name	screen	apis/openapi/atera.com/main/v3/meta/import/input-entry.json licence	failed	candidates.tsv
schema-name-nonidentifier-name	screen	apis/openapi/atera.com/main/v3/meta/import/input-entry.json ref	failed	candidates.tsv
schema-name-nonidentifier-name	screen	apis/openapi/atera.com/main/v3/meta/import/input-entry.json fern	not-run	candidates.tsv
schema-name-nonidentifier-name	document	apis/openapi/atera.com/main/v3/meta/import/output-bundle.json	census 17	census.jsonl.gz
schema-name-nonidentifier-name	candidate	apis/openapi/atera.com/main/v3/meta/import/output-bundle.json	census 17	census.jsonl.gz
schema-name-nonidentifier-name	screen	apis/openapi/atera.com/main/v3/meta/import/output-bundle.json licence	failed	candidates.tsv
schema-name-nonidentifier-name	screen	apis/openapi/atera.com/main/v3/meta/import/output-bundle.json ref	failed	candidates.tsv
schema-name-nonidentifier-name	screen	apis/openapi/atera.com/main/v3/meta/import/output-bundle.json fern	not-run	candidates.tsv
schema-name-nonidentifier-name	document	apis/openapi/atera.com/main/v3/meta/import/output-entry.json	census 17	census.jsonl.gz
schema-name-nonidentifier-name	candidate	apis/openapi/atera.com/main/v3/meta/import/output-entry.json	census 17	census.jsonl.gz
schema-name-nonidentifier-name	screen	apis/openapi/atera.com/main/v3/meta/import/output-entry.json licence	failed	candidates.tsv
schema-name-nonidentifier-name	screen	apis/openapi/atera.com/main/v3/meta/import/output-entry.json ref	failed	candidates.tsv
schema-name-nonidentifier-name	screen	apis/openapi/atera.com/main/v3/meta/import/output-entry.json fern	not-run	candidates.tsv
schema-name-nonidentifier-name	document	apis/openapi/atera.com/main/v3/openapi.json	census 17	census.jsonl.gz
schema-name-nonidentifier-name	candidate	apis/openapi/atera.com/main/v3/openapi.json	census 17	census.jsonl.gz
schema-name-nonidentifier-name	screen	apis/openapi/atera.com/main/v3/openapi.json licence	failed	candidates.tsv
schema-name-nonidentifier-name	screen	apis/openapi/atera.com/main/v3/openapi.json ref	failed	candidates.tsv
schema-name-nonidentifier-name	screen	apis/openapi/atera.com/main/v3/openapi.json fern	not-run	candidates.tsv
schema-name-nonidentifier-name	document	apis/openapi/beehiiv.com/main/1.0.0/meta/import/input-bundle.json	census 238	census.jsonl.gz
schema-name-nonidentifier-name	candidate	apis/openapi/beehiiv.com/main/1.0.0/meta/import/input-bundle.json	census 238	census.jsonl.gz
schema-name-nonidentifier-name	screen	apis/openapi/beehiiv.com/main/1.0.0/meta/import/input-bundle.json licence	failed	candidates.tsv
schema-name-nonidentifier-name	screen	apis/openapi/beehiiv.com/main/1.0.0/meta/import/input-bundle.json ref	failed	candidates.tsv
schema-name-nonidentifier-name	screen	apis/openapi/beehiiv.com/main/1.0.0/meta/import/input-bundle.json fern	not-run	candidates.tsv
schema-name-nonidentifier-name	document	apis/openapi/beehiiv.com/main/1.0.0/meta/import/input-entry.json	census 238	census.jsonl.gz
schema-name-nonidentifier-name	candidate	apis/openapi/beehiiv.com/main/1.0.0/meta/import/input-entry.json	census 238	census.jsonl.gz
schema-name-nonidentifier-name	screen	apis/openapi/beehiiv.com/main/1.0.0/meta/import/input-entry.json licence	failed	candidates.tsv
schema-name-nonidentifier-name	screen	apis/openapi/beehiiv.com/main/1.0.0/meta/import/input-entry.json ref	failed	candidates.tsv
schema-name-nonidentifier-name	screen	apis/openapi/beehiiv.com/main/1.0.0/meta/import/input-entry.json fern	not-run	candidates.tsv
schema-name-nonidentifier-name	document	apis/openapi/beehiiv.com/main/1.0.0/meta/import/output-bundle.json	census 238	census.jsonl.gz
schema-name-nonidentifier-name	candidate	apis/openapi/beehiiv.com/main/1.0.0/meta/import/output-bundle.json	census 238	census.jsonl.gz
schema-name-nonidentifier-name	screen	apis/openapi/beehiiv.com/main/1.0.0/meta/import/output-bundle.json licence	failed	candidates.tsv
schema-name-nonidentifier-name	screen	apis/openapi/beehiiv.com/main/1.0.0/meta/import/output-bundle.json ref	failed	candidates.tsv
schema-name-nonidentifier-name	screen	apis/openapi/beehiiv.com/main/1.0.0/meta/import/output-bundle.json fern	not-run	candidates.tsv
schema-name-nonidentifier-name	document	apis/openapi/beehiiv.com/main/1.0.0/meta/import/output-entry.json	census 238	census.jsonl.gz
schema-name-nonidentifier-name	candidate	apis/openapi/beehiiv.com/main/1.0.0/meta/import/output-entry.json	census 238	census.jsonl.gz
schema-name-nonidentifier-name	screen	apis/openapi/beehiiv.com/main/1.0.0/meta/import/output-entry.json licence	failed	candidates.tsv
schema-name-nonidentifier-name	screen	apis/openapi/beehiiv.com/main/1.0.0/meta/import/output-entry.json ref	failed	candidates.tsv
schema-name-nonidentifier-name	screen	apis/openapi/beehiiv.com/main/1.0.0/meta/import/output-entry.json fern	not-run	candidates.tsv
schema-name-nonidentifier-name	document	apis/openapi/beehiiv.com/main/1.0.0/openapi.json	census 238	census.jsonl.gz
schema-name-nonidentifier-name	candidate	apis/openapi/beehiiv.com/main/1.0.0/openapi.json	census 238	census.jsonl.gz
schema-name-nonidentifier-name	screen	apis/openapi/beehiiv.com/main/1.0.0/openapi.json licence	failed	candidates.tsv
schema-name-nonidentifier-name	screen	apis/openapi/beehiiv.com/main/1.0.0/openapi.json ref	failed	candidates.tsv
schema-name-nonidentifier-name	screen	apis/openapi/beehiiv.com/main/1.0.0/openapi.json fern	not-run	candidates.tsv
schema-name-nonidentifier-name	document	apis/openapi/blazemeter.com/main/4/meta/import/input-bundle.json	census 7	census.jsonl.gz
schema-name-nonidentifier-name	candidate	apis/openapi/blazemeter.com/main/4/meta/import/input-bundle.json	census 7	census.jsonl.gz
schema-name-nonidentifier-name	screen	apis/openapi/blazemeter.com/main/4/meta/import/input-bundle.json licence	passed	candidates.tsv
schema-name-nonidentifier-name	screen	apis/openapi/blazemeter.com/main/4/meta/import/input-bundle.json ref	failed	candidates.tsv
schema-name-nonidentifier-name	screen	apis/openapi/blazemeter.com/main/4/meta/import/input-bundle.json fern	not-run	candidates.tsv
schema-name-nonidentifier-name	document	apis/openapi/blazemeter.com/main/4/meta/import/input-entry.json	census 7	census.jsonl.gz
schema-name-nonidentifier-name	candidate	apis/openapi/blazemeter.com/main/4/meta/import/input-entry.json	census 7	census.jsonl.gz
schema-name-nonidentifier-name	screen	apis/openapi/blazemeter.com/main/4/meta/import/input-entry.json licence	passed	candidates.tsv
schema-name-nonidentifier-name	screen	apis/openapi/blazemeter.com/main/4/meta/import/input-entry.json ref	failed	candidates.tsv
schema-name-nonidentifier-name	screen	apis/openapi/blazemeter.com/main/4/meta/import/input-entry.json fern	not-run	candidates.tsv
schema-name-nonidentifier-name	document	apis/openapi/blazemeter.com/main/4/meta/import/output-bundle.json	census 7	census.jsonl.gz
schema-name-nonidentifier-name	candidate	apis/openapi/blazemeter.com/main/4/meta/import/output-bundle.json	census 7	census.jsonl.gz
schema-name-nonidentifier-name	screen	apis/openapi/blazemeter.com/main/4/meta/import/output-bundle.json licence	passed	candidates.tsv
schema-name-nonidentifier-name	screen	apis/openapi/blazemeter.com/main/4/meta/import/output-bundle.json ref	failed	candidates.tsv
schema-name-nonidentifier-name	screen	apis/openapi/blazemeter.com/main/4/meta/import/output-bundle.json fern	not-run	candidates.tsv
schema-name-nonidentifier-name	document	apis/openapi/blazemeter.com/main/4/meta/import/output-entry.json	census 7	census.jsonl.gz
schema-name-nonidentifier-name	candidate	apis/openapi/blazemeter.com/main/4/meta/import/output-entry.json	census 7	census.jsonl.gz
schema-name-nonidentifier-name	screen	apis/openapi/blazemeter.com/main/4/meta/import/output-entry.json licence	passed	candidates.tsv
schema-name-nonidentifier-name	screen	apis/openapi/blazemeter.com/main/4/meta/import/output-entry.json ref	failed	candidates.tsv
schema-name-nonidentifier-name	screen	apis/openapi/blazemeter.com/main/4/meta/import/output-entry.json fern	not-run	candidates.tsv
schema-name-nonidentifier-name	document	apis/openapi/blazemeter.com/main/4/openapi.json	census 7	census.jsonl.gz
schema-name-nonidentifier-name	candidate	apis/openapi/blazemeter.com/main/4/openapi.json	census 7	census.jsonl.gz
schema-name-nonidentifier-name	screen	apis/openapi/blazemeter.com/main/4/openapi.json licence	passed	candidates.tsv
schema-name-nonidentifier-name	screen	apis/openapi/blazemeter.com/main/4/openapi.json ref	failed	candidates.tsv
schema-name-nonidentifier-name	screen	apis/openapi/blazemeter.com/main/4/openapi.json fern	not-run	candidates.tsv
schema-name-nonidentifier-name	document	apis/openapi/bluetick.io/main/v1/meta/import/input-bundle.json	census 2	census.jsonl.gz
schema-name-nonidentifier-name	candidate	apis/openapi/bluetick.io/main/v1/meta/import/input-bundle.json	census 2	census.jsonl.gz
schema-name-nonidentifier-name	screen	apis/openapi/bluetick.io/main/v1/meta/import/input-bundle.json licence	failed	candidates.tsv
schema-name-nonidentifier-name	screen	apis/openapi/bluetick.io/main/v1/meta/import/input-bundle.json ref	failed	candidates.tsv
schema-name-nonidentifier-name	screen	apis/openapi/bluetick.io/main/v1/meta/import/input-bundle.json fern	not-run	candidates.tsv
schema-name-nonidentifier-name	document	apis/openapi/bluetick.io/main/v1/meta/import/input-entry.json	census 2	census.jsonl.gz
schema-name-nonidentifier-name	candidate	apis/openapi/bluetick.io/main/v1/meta/import/input-entry.json	census 2	census.jsonl.gz
schema-name-nonidentifier-name	screen	apis/openapi/bluetick.io/main/v1/meta/import/input-entry.json licence	failed	candidates.tsv
schema-name-nonidentifier-name	screen	apis/openapi/bluetick.io/main/v1/meta/import/input-entry.json ref	failed	candidates.tsv
schema-name-nonidentifier-name	screen	apis/openapi/bluetick.io/main/v1/meta/import/input-entry.json fern	not-run	candidates.tsv
schema-name-nonidentifier-name	document	apis/openapi/bluetick.io/main/v1/meta/import/output-bundle.json	census 2	census.jsonl.gz
schema-name-nonidentifier-name	candidate	apis/openapi/bluetick.io/main/v1/meta/import/output-bundle.json	census 2	census.jsonl.gz
schema-name-nonidentifier-name	screen	apis/openapi/bluetick.io/main/v1/meta/import/output-bundle.json licence	failed	candidates.tsv
schema-name-nonidentifier-name	screen	apis/openapi/bluetick.io/main/v1/meta/import/output-bundle.json ref	failed	candidates.tsv
schema-name-nonidentifier-name	screen	apis/openapi/bluetick.io/main/v1/meta/import/output-bundle.json fern	not-run	candidates.tsv
schema-name-nonidentifier-name	document	apis/openapi/bluetick.io/main/v1/meta/import/output-entry.json	census 2	census.jsonl.gz
schema-name-nonidentifier-name	candidate	apis/openapi/bluetick.io/main/v1/meta/import/output-entry.json	census 2	census.jsonl.gz
schema-name-nonidentifier-name	screen	apis/openapi/bluetick.io/main/v1/meta/import/output-entry.json licence	failed	candidates.tsv
schema-name-nonidentifier-name	screen	apis/openapi/bluetick.io/main/v1/meta/import/output-entry.json ref	failed	candidates.tsv
schema-name-nonidentifier-name	screen	apis/openapi/bluetick.io/main/v1/meta/import/output-entry.json fern	not-run	candidates.tsv
schema-name-nonidentifier-name	document	apis/openapi/bluetick.io/main/v1/openapi.json	census 2	census.jsonl.gz
schema-name-nonidentifier-name	candidate	apis/openapi/bluetick.io/main/v1/openapi.json	census 2	census.jsonl.gz
schema-name-nonidentifier-name	screen	apis/openapi/bluetick.io/main/v1/openapi.json licence	failed	candidates.tsv
schema-name-nonidentifier-name	screen	apis/openapi/bluetick.io/main/v1/openapi.json ref	failed	candidates.tsv
schema-name-nonidentifier-name	screen	apis/openapi/bluetick.io/main/v1/openapi.json fern	not-run	candidates.tsv
schema-name-nonidentifier-name	document	apis/openapi/codeclimate.com/main/1.0.0/meta/import/input-bundle.json	census 17	census.jsonl.gz
schema-name-nonidentifier-name	candidate	apis/openapi/codeclimate.com/main/1.0.0/meta/import/input-bundle.json	census 17	census.jsonl.gz
schema-name-nonidentifier-name	screen	apis/openapi/codeclimate.com/main/1.0.0/meta/import/input-bundle.json licence	failed	candidates.tsv
schema-name-nonidentifier-name	screen	apis/openapi/codeclimate.com/main/1.0.0/meta/import/input-bundle.json ref	failed	candidates.tsv
schema-name-nonidentifier-name	screen	apis/openapi/codeclimate.com/main/1.0.0/meta/import/input-bundle.json fern	not-run	candidates.tsv
schema-name-nonidentifier-name	document	apis/openapi/codeclimate.com/main/1.0.0/meta/import/input-entry.json	census 17	census.jsonl.gz
schema-name-nonidentifier-name	candidate	apis/openapi/codeclimate.com/main/1.0.0/meta/import/input-entry.json	census 17	census.jsonl.gz
schema-name-nonidentifier-name	screen	apis/openapi/codeclimate.com/main/1.0.0/meta/import/input-entry.json licence	failed	candidates.tsv
schema-name-nonidentifier-name	screen	apis/openapi/codeclimate.com/main/1.0.0/meta/import/input-entry.json ref	failed	candidates.tsv
schema-name-nonidentifier-name	screen	apis/openapi/codeclimate.com/main/1.0.0/meta/import/input-entry.json fern	not-run	candidates.tsv
schema-name-nonidentifier-name	document	apis/openapi/codeclimate.com/main/1.0.0/meta/import/output-bundle.json	census 17	census.jsonl.gz
schema-name-nonidentifier-name	candidate	apis/openapi/codeclimate.com/main/1.0.0/meta/import/output-bundle.json	census 17	census.jsonl.gz
schema-name-nonidentifier-name	screen	apis/openapi/codeclimate.com/main/1.0.0/meta/import/output-bundle.json licence	failed	candidates.tsv
schema-name-nonidentifier-name	screen	apis/openapi/codeclimate.com/main/1.0.0/meta/import/output-bundle.json ref	failed	candidates.tsv
schema-name-nonidentifier-name	screen	apis/openapi/codeclimate.com/main/1.0.0/meta/import/output-bundle.json fern	not-run	candidates.tsv
schema-name-nonidentifier-name	document	apis/openapi/codeclimate.com/main/1.0.0/meta/import/output-entry.json	census 17	census.jsonl.gz
schema-name-nonidentifier-name	candidate	apis/openapi/codeclimate.com/main/1.0.0/meta/import/output-entry.json	census 17	census.jsonl.gz
schema-name-nonidentifier-name	screen	apis/openapi/codeclimate.com/main/1.0.0/meta/import/output-entry.json licence	failed	candidates.tsv
schema-name-nonidentifier-name	screen	apis/openapi/codeclimate.com/main/1.0.0/meta/import/output-entry.json ref	failed	candidates.tsv
schema-name-nonidentifier-name	screen	apis/openapi/codeclimate.com/main/1.0.0/meta/import/output-entry.json fern	not-run	candidates.tsv
schema-name-nonidentifier-name	document	apis/openapi/codeclimate.com/main/1.0.0/openapi.json	census 17	census.jsonl.gz
schema-name-nonidentifier-name	candidate	apis/openapi/codeclimate.com/main/1.0.0/openapi.json	census 17	census.jsonl.gz
schema-name-nonidentifier-name	screen	apis/openapi/codeclimate.com/main/1.0.0/openapi.json licence	failed	candidates.tsv
schema-name-nonidentifier-name	screen	apis/openapi/codeclimate.com/main/1.0.0/openapi.json ref	failed	candidates.tsv
schema-name-nonidentifier-name	screen	apis/openapi/codeclimate.com/main/1.0.0/openapi.json fern	not-run	candidates.tsv
schema-name-nonidentifier-name	document	apis/openapi/cooperto.it/main/v1/meta/import/input-bundle.json	census 7	census.jsonl.gz
schema-name-nonidentifier-name	candidate	apis/openapi/cooperto.it/main/v1/meta/import/input-bundle.json	census 7	census.jsonl.gz
schema-name-nonidentifier-name	screen	apis/openapi/cooperto.it/main/v1/meta/import/input-bundle.json licence	failed	candidates.tsv
schema-name-nonidentifier-name	screen	apis/openapi/cooperto.it/main/v1/meta/import/input-bundle.json ref	failed	candidates.tsv
schema-name-nonidentifier-name	screen	apis/openapi/cooperto.it/main/v1/meta/import/input-bundle.json fern	not-run	candidates.tsv
schema-name-nonidentifier-name	document	apis/openapi/cooperto.it/main/v1/meta/import/input-entry.json	census 7	census.jsonl.gz
schema-name-nonidentifier-name	candidate	apis/openapi/cooperto.it/main/v1/meta/import/input-entry.json	census 7	census.jsonl.gz
schema-name-nonidentifier-name	screen	apis/openapi/cooperto.it/main/v1/meta/import/input-entry.json licence	failed	candidates.tsv
schema-name-nonidentifier-name	screen	apis/openapi/cooperto.it/main/v1/meta/import/input-entry.json ref	failed	candidates.tsv
schema-name-nonidentifier-name	screen	apis/openapi/cooperto.it/main/v1/meta/import/input-entry.json fern	not-run	candidates.tsv
schema-name-nonidentifier-name	document	apis/openapi/cooperto.it/main/v1/meta/import/output-bundle.json	census 7	census.jsonl.gz
schema-name-nonidentifier-name	candidate	apis/openapi/cooperto.it/main/v1/meta/import/output-bundle.json	census 7	census.jsonl.gz
schema-name-nonidentifier-name	screen	apis/openapi/cooperto.it/main/v1/meta/import/output-bundle.json licence	failed	candidates.tsv
schema-name-nonidentifier-name	screen	apis/openapi/cooperto.it/main/v1/meta/import/output-bundle.json ref	failed	candidates.tsv
schema-name-nonidentifier-name	screen	apis/openapi/cooperto.it/main/v1/meta/import/output-bundle.json fern	not-run	candidates.tsv
schema-name-nonidentifier-name	document	apis/openapi/cooperto.it/main/v1/meta/import/output-entry.json	census 7	census.jsonl.gz
schema-name-nonidentifier-name	candidate	apis/openapi/cooperto.it/main/v1/meta/import/output-entry.json	census 7	census.jsonl.gz
schema-name-nonidentifier-name	screen	apis/openapi/cooperto.it/main/v1/meta/import/output-entry.json licence	failed	candidates.tsv
schema-name-nonidentifier-name	screen	apis/openapi/cooperto.it/main/v1/meta/import/output-entry.json ref	failed	candidates.tsv
schema-name-nonidentifier-name	screen	apis/openapi/cooperto.it/main/v1/meta/import/output-entry.json fern	not-run	candidates.tsv
schema-name-nonidentifier-name	document	apis/openapi/cooperto.it/main/v1/openapi.json	census 7	census.jsonl.gz
schema-name-nonidentifier-name	candidate	apis/openapi/cooperto.it/main/v1/openapi.json	census 7	census.jsonl.gz
schema-name-nonidentifier-name	screen	apis/openapi/cooperto.it/main/v1/openapi.json licence	failed	candidates.tsv
schema-name-nonidentifier-name	screen	apis/openapi/cooperto.it/main/v1/openapi.json ref	failed	candidates.tsv
schema-name-nonidentifier-name	screen	apis/openapi/cooperto.it/main/v1/openapi.json fern	not-run	candidates.tsv
schema-name-nonidentifier-name	document	apis/openapi/eazybiz.net/main/1.2.1/meta/import/input-bundle.json	census 3	census.jsonl.gz
schema-name-nonidentifier-name	candidate	apis/openapi/eazybiz.net/main/1.2.1/meta/import/input-bundle.json	census 3	census.jsonl.gz
schema-name-nonidentifier-name	screen	apis/openapi/eazybiz.net/main/1.2.1/meta/import/input-bundle.json licence	failed	candidates.tsv
schema-name-nonidentifier-name	screen	apis/openapi/eazybiz.net/main/1.2.1/meta/import/input-bundle.json ref	failed	candidates.tsv
schema-name-nonidentifier-name	screen	apis/openapi/eazybiz.net/main/1.2.1/meta/import/input-bundle.json fern	not-run	candidates.tsv
schema-name-nonidentifier-name	document	apis/openapi/eazybiz.net/main/1.2.1/meta/import/input-entry.json	census 3	census.jsonl.gz
schema-name-nonidentifier-name	candidate	apis/openapi/eazybiz.net/main/1.2.1/meta/import/input-entry.json	census 3	census.jsonl.gz
schema-name-nonidentifier-name	screen	apis/openapi/eazybiz.net/main/1.2.1/meta/import/input-entry.json licence	failed	candidates.tsv
schema-name-nonidentifier-name	screen	apis/openapi/eazybiz.net/main/1.2.1/meta/import/input-entry.json ref	failed	candidates.tsv
schema-name-nonidentifier-name	screen	apis/openapi/eazybiz.net/main/1.2.1/meta/import/input-entry.json fern	not-run	candidates.tsv
schema-name-nonidentifier-name	document	apis/openapi/eazybiz.net/main/1.2.1/meta/import/output-bundle.json	census 3	census.jsonl.gz
schema-name-nonidentifier-name	candidate	apis/openapi/eazybiz.net/main/1.2.1/meta/import/output-bundle.json	census 3	census.jsonl.gz
schema-name-nonidentifier-name	screen	apis/openapi/eazybiz.net/main/1.2.1/meta/import/output-bundle.json licence	failed	candidates.tsv
schema-name-nonidentifier-name	screen	apis/openapi/eazybiz.net/main/1.2.1/meta/import/output-bundle.json ref	failed	candidates.tsv
schema-name-nonidentifier-name	screen	apis/openapi/eazybiz.net/main/1.2.1/meta/import/output-bundle.json fern	not-run	candidates.tsv
schema-name-nonidentifier-name	document	apis/openapi/eazybiz.net/main/1.2.1/meta/import/output-entry.json	census 3	census.jsonl.gz
schema-name-nonidentifier-name	candidate	apis/openapi/eazybiz.net/main/1.2.1/meta/import/output-entry.json	census 3	census.jsonl.gz
schema-name-nonidentifier-name	screen	apis/openapi/eazybiz.net/main/1.2.1/meta/import/output-entry.json licence	failed	candidates.tsv
schema-name-nonidentifier-name	screen	apis/openapi/eazybiz.net/main/1.2.1/meta/import/output-entry.json ref	failed	candidates.tsv
schema-name-nonidentifier-name	screen	apis/openapi/eazybiz.net/main/1.2.1/meta/import/output-entry.json fern	not-run	candidates.tsv
schema-name-nonidentifier-name	document	apis/openapi/eazybiz.net/main/1.2.1/openapi.json	census 3	census.jsonl.gz
schema-name-nonidentifier-name	candidate	apis/openapi/eazybiz.net/main/1.2.1/openapi.json	census 3	census.jsonl.gz
schema-name-nonidentifier-name	screen	apis/openapi/eazybiz.net/main/1.2.1/openapi.json licence	failed	candidates.tsv
schema-name-nonidentifier-name	screen	apis/openapi/eazybiz.net/main/1.2.1/openapi.json ref	failed	candidates.tsv
schema-name-nonidentifier-name	screen	apis/openapi/eazybiz.net/main/1.2.1/openapi.json fern	not-run	candidates.tsv
schema-name-nonidentifier-name	document	apis/openapi/force24.co.uk/main/v1/meta/import/input-bundle.json	census 14	census.jsonl.gz
schema-name-nonidentifier-name	candidate	apis/openapi/force24.co.uk/main/v1/meta/import/input-bundle.json	census 14	census.jsonl.gz
schema-name-nonidentifier-name	screen	apis/openapi/force24.co.uk/main/v1/meta/import/input-bundle.json licence	failed	candidates.tsv
schema-name-nonidentifier-name	screen	apis/openapi/force24.co.uk/main/v1/meta/import/input-bundle.json ref	failed	candidates.tsv
schema-name-nonidentifier-name	screen	apis/openapi/force24.co.uk/main/v1/meta/import/input-bundle.json fern	not-run	candidates.tsv
schema-name-nonidentifier-name	document	apis/openapi/force24.co.uk/main/v1/meta/import/input-entry.json	census 14	census.jsonl.gz
schema-name-nonidentifier-name	candidate	apis/openapi/force24.co.uk/main/v1/meta/import/input-entry.json	census 14	census.jsonl.gz
schema-name-nonidentifier-name	screen	apis/openapi/force24.co.uk/main/v1/meta/import/input-entry.json licence	failed	candidates.tsv
schema-name-nonidentifier-name	screen	apis/openapi/force24.co.uk/main/v1/meta/import/input-entry.json ref	failed	candidates.tsv
schema-name-nonidentifier-name	screen	apis/openapi/force24.co.uk/main/v1/meta/import/input-entry.json fern	not-run	candidates.tsv
schema-name-nonidentifier-name	document	apis/openapi/force24.co.uk/main/v1/meta/import/output-bundle.json	census 14	census.jsonl.gz
schema-name-nonidentifier-name	candidate	apis/openapi/force24.co.uk/main/v1/meta/import/output-bundle.json	census 14	census.jsonl.gz
schema-name-nonidentifier-name	screen	apis/openapi/force24.co.uk/main/v1/meta/import/output-bundle.json licence	failed	candidates.tsv
schema-name-nonidentifier-name	screen	apis/openapi/force24.co.uk/main/v1/meta/import/output-bundle.json ref	failed	candidates.tsv
schema-name-nonidentifier-name	screen	apis/openapi/force24.co.uk/main/v1/meta/import/output-bundle.json fern	not-run	candidates.tsv
schema-name-nonidentifier-name	document	apis/openapi/force24.co.uk/main/v1/meta/import/output-entry.json	census 14	census.jsonl.gz
schema-name-nonidentifier-name	candidate	apis/openapi/force24.co.uk/main/v1/meta/import/output-entry.json	census 14	census.jsonl.gz
schema-name-nonidentifier-name	screen	apis/openapi/force24.co.uk/main/v1/meta/import/output-entry.json licence	failed	candidates.tsv
schema-name-nonidentifier-name	screen	apis/openapi/force24.co.uk/main/v1/meta/import/output-entry.json ref	failed	candidates.tsv
schema-name-nonidentifier-name	screen	apis/openapi/force24.co.uk/main/v1/meta/import/output-entry.json fern	not-run	candidates.tsv
schema-name-nonidentifier-name	document	apis/openapi/force24.co.uk/main/v1/openapi.json	census 14	census.jsonl.gz
schema-name-nonidentifier-name	candidate	apis/openapi/force24.co.uk/main/v1/openapi.json	census 14	census.jsonl.gz
schema-name-nonidentifier-name	screen	apis/openapi/force24.co.uk/main/v1/openapi.json licence	failed	candidates.tsv
schema-name-nonidentifier-name	screen	apis/openapi/force24.co.uk/main/v1/openapi.json ref	failed	candidates.tsv
schema-name-nonidentifier-name	screen	apis/openapi/force24.co.uk/main/v1/openapi.json fern	not-run	candidates.tsv
schema-name-nonidentifier-name	document	apis/openapi/geocapture.net/main/1.1.0/meta/import/input-bundle.json	census 2	census.jsonl.gz
schema-name-nonidentifier-name	candidate	apis/openapi/geocapture.net/main/1.1.0/meta/import/input-bundle.json	census 2	census.jsonl.gz
schema-name-nonidentifier-name	screen	apis/openapi/geocapture.net/main/1.1.0/meta/import/input-bundle.json licence	failed	candidates.tsv
schema-name-nonidentifier-name	screen	apis/openapi/geocapture.net/main/1.1.0/meta/import/input-bundle.json ref	failed	candidates.tsv
schema-name-nonidentifier-name	screen	apis/openapi/geocapture.net/main/1.1.0/meta/import/input-bundle.json fern	not-run	candidates.tsv
schema-name-nonidentifier-name	document	apis/openapi/geocapture.net/main/1.1.0/meta/import/input-entry.json	census 2	census.jsonl.gz
schema-name-nonidentifier-name	candidate	apis/openapi/geocapture.net/main/1.1.0/meta/import/input-entry.json	census 2	census.jsonl.gz
schema-name-nonidentifier-name	screen	apis/openapi/geocapture.net/main/1.1.0/meta/import/input-entry.json licence	failed	candidates.tsv
schema-name-nonidentifier-name	screen	apis/openapi/geocapture.net/main/1.1.0/meta/import/input-entry.json ref	failed	candidates.tsv
schema-name-nonidentifier-name	screen	apis/openapi/geocapture.net/main/1.1.0/meta/import/input-entry.json fern	not-run	candidates.tsv
schema-name-nonidentifier-name	document	apis/openapi/geocapture.net/main/1.1.0/meta/import/output-bundle.json	census 2	census.jsonl.gz
schema-name-nonidentifier-name	candidate	apis/openapi/geocapture.net/main/1.1.0/meta/import/output-bundle.json	census 2	census.jsonl.gz
schema-name-nonidentifier-name	screen	apis/openapi/geocapture.net/main/1.1.0/meta/import/output-bundle.json licence	failed	candidates.tsv
schema-name-nonidentifier-name	screen	apis/openapi/geocapture.net/main/1.1.0/meta/import/output-bundle.json ref	failed	candidates.tsv
schema-name-nonidentifier-name	screen	apis/openapi/geocapture.net/main/1.1.0/meta/import/output-bundle.json fern	not-run	candidates.tsv
schema-name-nonidentifier-name	document	apis/openapi/geocapture.net/main/1.1.0/meta/import/output-entry.json	census 2	census.jsonl.gz
schema-name-nonidentifier-name	candidate	apis/openapi/geocapture.net/main/1.1.0/meta/import/output-entry.json	census 2	census.jsonl.gz
schema-name-nonidentifier-name	screen	apis/openapi/geocapture.net/main/1.1.0/meta/import/output-entry.json licence	failed	candidates.tsv
schema-name-nonidentifier-name	screen	apis/openapi/geocapture.net/main/1.1.0/meta/import/output-entry.json ref	failed	candidates.tsv
schema-name-nonidentifier-name	screen	apis/openapi/geocapture.net/main/1.1.0/meta/import/output-entry.json fern	not-run	candidates.tsv
schema-name-nonidentifier-name	document	apis/openapi/geocapture.net/main/1.1.0/openapi.json	census 2	census.jsonl.gz
schema-name-nonidentifier-name	candidate	apis/openapi/geocapture.net/main/1.1.0/openapi.json	census 2	census.jsonl.gz
schema-name-nonidentifier-name	screen	apis/openapi/geocapture.net/main/1.1.0/openapi.json licence	failed	candidates.tsv
schema-name-nonidentifier-name	screen	apis/openapi/geocapture.net/main/1.1.0/openapi.json ref	failed	candidates.tsv
schema-name-nonidentifier-name	screen	apis/openapi/geocapture.net/main/1.1.0/openapi.json fern	not-run	candidates.tsv
schema-name-nonidentifier-name	document	apis/openapi/lichess.org/lichess/2.0.130/openapi.json	census 2	census.jsonl.gz
schema-name-nonidentifier-name	candidate	apis/openapi/lichess.org/lichess/2.0.130/openapi.json	census 2	census.jsonl.gz
schema-name-nonidentifier-name	screen	apis/openapi/lichess.org/lichess/2.0.130/openapi.json licence	passed	candidates.tsv
schema-name-nonidentifier-name	screen	apis/openapi/lichess.org/lichess/2.0.130/openapi.json ref	failed	candidates.tsv
schema-name-nonidentifier-name	screen	apis/openapi/lichess.org/lichess/2.0.130/openapi.json fern	not-run	candidates.tsv
schema-name-nonidentifier-name	document	apis/openapi/lichess.org/main/2.0.130/meta/import/input-bundle.json	census 2	census.jsonl.gz
schema-name-nonidentifier-name	candidate	apis/openapi/lichess.org/main/2.0.130/meta/import/input-bundle.json	census 2	census.jsonl.gz
schema-name-nonidentifier-name	screen	apis/openapi/lichess.org/main/2.0.130/meta/import/input-bundle.json licence	passed	candidates.tsv
schema-name-nonidentifier-name	screen	apis/openapi/lichess.org/main/2.0.130/meta/import/input-bundle.json ref	failed	candidates.tsv
schema-name-nonidentifier-name	screen	apis/openapi/lichess.org/main/2.0.130/meta/import/input-bundle.json fern	not-run	candidates.tsv
schema-name-nonidentifier-name	document	apis/openapi/lichess.org/main/2.0.130/meta/import/input-entry.json	census 2	census.jsonl.gz
schema-name-nonidentifier-name	candidate	apis/openapi/lichess.org/main/2.0.130/meta/import/input-entry.json	census 2	census.jsonl.gz
schema-name-nonidentifier-name	screen	apis/openapi/lichess.org/main/2.0.130/meta/import/input-entry.json licence	passed	candidates.tsv
schema-name-nonidentifier-name	screen	apis/openapi/lichess.org/main/2.0.130/meta/import/input-entry.json ref	failed	candidates.tsv
schema-name-nonidentifier-name	screen	apis/openapi/lichess.org/main/2.0.130/meta/import/input-entry.json fern	not-run	candidates.tsv
schema-name-nonidentifier-name	document	apis/openapi/lichess.org/main/2.0.130/meta/import/output-bundle.json	census 2	census.jsonl.gz
schema-name-nonidentifier-name	candidate	apis/openapi/lichess.org/main/2.0.130/meta/import/output-bundle.json	census 2	census.jsonl.gz
schema-name-nonidentifier-name	screen	apis/openapi/lichess.org/main/2.0.130/meta/import/output-bundle.json licence	passed	candidates.tsv
schema-name-nonidentifier-name	screen	apis/openapi/lichess.org/main/2.0.130/meta/import/output-bundle.json ref	failed	candidates.tsv
schema-name-nonidentifier-name	screen	apis/openapi/lichess.org/main/2.0.130/meta/import/output-bundle.json fern	not-run	candidates.tsv
schema-name-nonidentifier-name	document	apis/openapi/lichess.org/main/2.0.130/meta/import/output-entry.json	census 2	census.jsonl.gz
schema-name-nonidentifier-name	candidate	apis/openapi/lichess.org/main/2.0.130/meta/import/output-entry.json	census 2	census.jsonl.gz
schema-name-nonidentifier-name	screen	apis/openapi/lichess.org/main/2.0.130/meta/import/output-entry.json licence	passed	candidates.tsv
schema-name-nonidentifier-name	screen	apis/openapi/lichess.org/main/2.0.130/meta/import/output-entry.json ref	failed	candidates.tsv
schema-name-nonidentifier-name	screen	apis/openapi/lichess.org/main/2.0.130/meta/import/output-entry.json fern	not-run	candidates.tsv
schema-name-nonidentifier-name	document	apis/openapi/lichess.org/main/2.0.130/openapi.json	census 2	census.jsonl.gz
schema-name-nonidentifier-name	candidate	apis/openapi/lichess.org/main/2.0.130/openapi.json	census 2	census.jsonl.gz
schema-name-nonidentifier-name	screen	apis/openapi/lichess.org/main/2.0.130/openapi.json licence	passed	candidates.tsv
schema-name-nonidentifier-name	screen	apis/openapi/lichess.org/main/2.0.130/openapi.json ref	failed	candidates.tsv
schema-name-nonidentifier-name	screen	apis/openapi/lichess.org/main/2.0.130/openapi.json fern	not-run	candidates.tsv
schema-name-nonidentifier-name	document	apis/openapi/nextgen.com/main/1.0/meta/import/input-bundle.json	census 59	census.jsonl.gz
schema-name-nonidentifier-name	candidate	apis/openapi/nextgen.com/main/1.0/meta/import/input-bundle.json	census 59	census.jsonl.gz
schema-name-nonidentifier-name	screen	apis/openapi/nextgen.com/main/1.0/meta/import/input-bundle.json licence	failed	candidates.tsv
schema-name-nonidentifier-name	screen	apis/openapi/nextgen.com/main/1.0/meta/import/input-bundle.json ref	failed	candidates.tsv
schema-name-nonidentifier-name	screen	apis/openapi/nextgen.com/main/1.0/meta/import/input-bundle.json fern	not-run	candidates.tsv
schema-name-nonidentifier-name	document	apis/openapi/nextgen.com/main/1.0/meta/import/input-entry.json	census 59	census.jsonl.gz
schema-name-nonidentifier-name	candidate	apis/openapi/nextgen.com/main/1.0/meta/import/input-entry.json	census 59	census.jsonl.gz
schema-name-nonidentifier-name	screen	apis/openapi/nextgen.com/main/1.0/meta/import/input-entry.json licence	passed	candidates.tsv
schema-name-nonidentifier-name	screen	apis/openapi/nextgen.com/main/1.0/meta/import/input-entry.json ref	passed	candidates.tsv
schema-name-nonidentifier-name	screen	apis/openapi/nextgen.com/main/1.0/meta/import/input-entry.json fern	passed	candidates.tsv
schema-name-nonidentifier-name	document	apis/openapi/nextgen.com/main/1.0/meta/import/output-bundle.json	census 59	census.jsonl.gz
schema-name-nonidentifier-name	candidate	apis/openapi/nextgen.com/main/1.0/meta/import/output-bundle.json	census 59	census.jsonl.gz
schema-name-nonidentifier-name	screen	apis/openapi/nextgen.com/main/1.0/meta/import/output-bundle.json licence	failed	candidates.tsv
schema-name-nonidentifier-name	screen	apis/openapi/nextgen.com/main/1.0/meta/import/output-bundle.json ref	failed	candidates.tsv
schema-name-nonidentifier-name	screen	apis/openapi/nextgen.com/main/1.0/meta/import/output-bundle.json fern	not-run	candidates.tsv
schema-name-nonidentifier-name	document	apis/openapi/nextgen.com/main/1.0/meta/import/output-entry.json	census 59	census.jsonl.gz
schema-name-nonidentifier-name	candidate	apis/openapi/nextgen.com/main/1.0/meta/import/output-entry.json	census 59	census.jsonl.gz
schema-name-nonidentifier-name	screen	apis/openapi/nextgen.com/main/1.0/meta/import/output-entry.json licence	passed	candidates.tsv
schema-name-nonidentifier-name	screen	apis/openapi/nextgen.com/main/1.0/meta/import/output-entry.json ref	passed	candidates.tsv
schema-name-nonidentifier-name	screen	apis/openapi/nextgen.com/main/1.0/meta/import/output-entry.json fern	passed	candidates.tsv
schema-name-nonidentifier-name	document	apis/openapi/nextgen.com/main/1.0/openapi.json	census 59	census.jsonl.gz
schema-name-nonidentifier-name	candidate	apis/openapi/nextgen.com/main/1.0/openapi.json	census 59	census.jsonl.gz
schema-name-nonidentifier-name	screen	apis/openapi/nextgen.com/main/1.0/openapi.json licence	failed	candidates.tsv
schema-name-nonidentifier-name	screen	apis/openapi/nextgen.com/main/1.0/openapi.json ref	failed	candidates.tsv
schema-name-nonidentifier-name	screen	apis/openapi/nextgen.com/main/1.0/openapi.json fern	not-run	candidates.tsv
schema-name-nonidentifier-name	document	apis/openapi/parliament.uk/statutoryinstruments/v1/meta/import/input-bundled.json	census 15	census.jsonl.gz
schema-name-nonidentifier-name	candidate	apis/openapi/parliament.uk/statutoryinstruments/v1/meta/import/input-bundled.json	census 15	census.jsonl.gz
schema-name-nonidentifier-name	screen	apis/openapi/parliament.uk/statutoryinstruments/v1/meta/import/input-bundled.json licence	failed	candidates.tsv
schema-name-nonidentifier-name	screen	apis/openapi/parliament.uk/statutoryinstruments/v1/meta/import/input-bundled.json ref	failed	candidates.tsv
schema-name-nonidentifier-name	screen	apis/openapi/parliament.uk/statutoryinstruments/v1/meta/import/input-bundled.json fern	not-run	candidates.tsv
schema-name-nonidentifier-name	document	apis/openapi/parliament.uk/statutoryinstruments/v1/meta/import/input-entry.json	census 15	census.jsonl.gz
schema-name-nonidentifier-name	candidate	apis/openapi/parliament.uk/statutoryinstruments/v1/meta/import/input-entry.json	census 15	census.jsonl.gz
schema-name-nonidentifier-name	screen	apis/openapi/parliament.uk/statutoryinstruments/v1/meta/import/input-entry.json licence	failed	candidates.tsv
schema-name-nonidentifier-name	screen	apis/openapi/parliament.uk/statutoryinstruments/v1/meta/import/input-entry.json ref	failed	candidates.tsv
schema-name-nonidentifier-name	screen	apis/openapi/parliament.uk/statutoryinstruments/v1/meta/import/input-entry.json fern	not-run	candidates.tsv
schema-name-nonidentifier-name	document	apis/openapi/parliament.uk/statutoryinstruments/v1/meta/import/output-bundled.json	census 15	census.jsonl.gz
schema-name-nonidentifier-name	candidate	apis/openapi/parliament.uk/statutoryinstruments/v1/meta/import/output-bundled.json	census 15	census.jsonl.gz
schema-name-nonidentifier-name	screen	apis/openapi/parliament.uk/statutoryinstruments/v1/meta/import/output-bundled.json licence	failed	candidates.tsv
schema-name-nonidentifier-name	screen	apis/openapi/parliament.uk/statutoryinstruments/v1/meta/import/output-bundled.json ref	failed	candidates.tsv
schema-name-nonidentifier-name	screen	apis/openapi/parliament.uk/statutoryinstruments/v1/meta/import/output-bundled.json fern	not-run	candidates.tsv
schema-name-nonidentifier-name	document	apis/openapi/parliament.uk/statutoryinstruments/v1/meta/import/output-entry.json	census 15	census.jsonl.gz
schema-name-nonidentifier-name	candidate	apis/openapi/parliament.uk/statutoryinstruments/v1/meta/import/output-entry.json	census 15	census.jsonl.gz
schema-name-nonidentifier-name	screen	apis/openapi/parliament.uk/statutoryinstruments/v1/meta/import/output-entry.json licence	failed	candidates.tsv
schema-name-nonidentifier-name	screen	apis/openapi/parliament.uk/statutoryinstruments/v1/meta/import/output-entry.json ref	failed	candidates.tsv
schema-name-nonidentifier-name	screen	apis/openapi/parliament.uk/statutoryinstruments/v1/meta/import/output-entry.json fern	not-run	candidates.tsv
schema-name-nonidentifier-name	document	apis/openapi/parliament.uk/statutoryinstruments/v1/openapi.json	census 15	census.jsonl.gz
schema-name-nonidentifier-name	candidate	apis/openapi/parliament.uk/statutoryinstruments/v1/openapi.json	census 15	census.jsonl.gz
schema-name-nonidentifier-name	screen	apis/openapi/parliament.uk/statutoryinstruments/v1/openapi.json licence	failed	candidates.tsv
schema-name-nonidentifier-name	screen	apis/openapi/parliament.uk/statutoryinstruments/v1/openapi.json ref	failed	candidates.tsv
schema-name-nonidentifier-name	screen	apis/openapi/parliament.uk/statutoryinstruments/v1/openapi.json fern	not-run	candidates.tsv
schema-name-nonidentifier-name	document	apis/openapi/payabli.com/main/1.0.0/meta/import/input-bundle.json	census 848	census.jsonl.gz
schema-name-nonidentifier-name	candidate	apis/openapi/payabli.com/main/1.0.0/meta/import/input-bundle.json	census 848	census.jsonl.gz
schema-name-nonidentifier-name	screen	apis/openapi/payabli.com/main/1.0.0/meta/import/input-bundle.json licence	failed	candidates.tsv
schema-name-nonidentifier-name	screen	apis/openapi/payabli.com/main/1.0.0/meta/import/input-bundle.json ref	failed	candidates.tsv
schema-name-nonidentifier-name	screen	apis/openapi/payabli.com/main/1.0.0/meta/import/input-bundle.json fern	not-run	candidates.tsv
schema-name-nonidentifier-name	document	apis/openapi/payabli.com/main/1.0.0/meta/import/input-entry.json	census 848	census.jsonl.gz
schema-name-nonidentifier-name	candidate	apis/openapi/payabli.com/main/1.0.0/meta/import/input-entry.json	census 848	census.jsonl.gz
schema-name-nonidentifier-name	screen	apis/openapi/payabli.com/main/1.0.0/meta/import/input-entry.json licence	failed	candidates.tsv
schema-name-nonidentifier-name	screen	apis/openapi/payabli.com/main/1.0.0/meta/import/input-entry.json ref	failed	candidates.tsv
schema-name-nonidentifier-name	screen	apis/openapi/payabli.com/main/1.0.0/meta/import/input-entry.json fern	not-run	candidates.tsv
schema-name-nonidentifier-name	document	apis/openapi/payabli.com/main/1.0.0/meta/import/output-bundle.json	census 848	census.jsonl.gz
schema-name-nonidentifier-name	candidate	apis/openapi/payabli.com/main/1.0.0/meta/import/output-bundle.json	census 848	census.jsonl.gz
schema-name-nonidentifier-name	screen	apis/openapi/payabli.com/main/1.0.0/meta/import/output-bundle.json licence	failed	candidates.tsv
schema-name-nonidentifier-name	screen	apis/openapi/payabli.com/main/1.0.0/meta/import/output-bundle.json ref	failed	candidates.tsv
schema-name-nonidentifier-name	screen	apis/openapi/payabli.com/main/1.0.0/meta/import/output-bundle.json fern	not-run	candidates.tsv
schema-name-nonidentifier-name	document	apis/openapi/payabli.com/main/1.0.0/meta/import/output-entry.json	census 848	census.jsonl.gz
schema-name-nonidentifier-name	candidate	apis/openapi/payabli.com/main/1.0.0/meta/import/output-entry.json	census 848	census.jsonl.gz
schema-name-nonidentifier-name	screen	apis/openapi/payabli.com/main/1.0.0/meta/import/output-entry.json licence	failed	candidates.tsv
schema-name-nonidentifier-name	screen	apis/openapi/payabli.com/main/1.0.0/meta/import/output-entry.json ref	failed	candidates.tsv
schema-name-nonidentifier-name	screen	apis/openapi/payabli.com/main/1.0.0/meta/import/output-entry.json fern	not-run	candidates.tsv
schema-name-nonidentifier-name	document	apis/openapi/payabli.com/main/1.0.0/openapi.json	census 848	census.jsonl.gz
schema-name-nonidentifier-name	candidate	apis/openapi/payabli.com/main/1.0.0/openapi.json	census 848	census.jsonl.gz
schema-name-nonidentifier-name	screen	apis/openapi/payabli.com/main/1.0.0/openapi.json licence	failed	candidates.tsv
schema-name-nonidentifier-name	screen	apis/openapi/payabli.com/main/1.0.0/openapi.json ref	failed	candidates.tsv
schema-name-nonidentifier-name	screen	apis/openapi/payabli.com/main/1.0.0/openapi.json fern	not-run	candidates.tsv
schema-name-nonidentifier-name	document	apis/openapi/planday.com/main/1.0.0/meta/import/input-bundle.json	census 30	census.jsonl.gz
schema-name-nonidentifier-name	candidate	apis/openapi/planday.com/main/1.0.0/meta/import/input-bundle.json	census 30	census.jsonl.gz
schema-name-nonidentifier-name	screen	apis/openapi/planday.com/main/1.0.0/meta/import/input-bundle.json licence	failed	candidates.tsv
schema-name-nonidentifier-name	screen	apis/openapi/planday.com/main/1.0.0/meta/import/input-bundle.json ref	failed	candidates.tsv
schema-name-nonidentifier-name	screen	apis/openapi/planday.com/main/1.0.0/meta/import/input-bundle.json fern	not-run	candidates.tsv
schema-name-nonidentifier-name	document	apis/openapi/planday.com/main/1.0.0/meta/import/input-entry.json	census 30	census.jsonl.gz
schema-name-nonidentifier-name	candidate	apis/openapi/planday.com/main/1.0.0/meta/import/input-entry.json	census 30	census.jsonl.gz
schema-name-nonidentifier-name	screen	apis/openapi/planday.com/main/1.0.0/meta/import/input-entry.json licence	failed	candidates.tsv
schema-name-nonidentifier-name	screen	apis/openapi/planday.com/main/1.0.0/meta/import/input-entry.json ref	failed	candidates.tsv
schema-name-nonidentifier-name	screen	apis/openapi/planday.com/main/1.0.0/meta/import/input-entry.json fern	not-run	candidates.tsv
schema-name-nonidentifier-name	document	apis/openapi/planday.com/main/1.0.0/meta/import/output-bundle.json	census 30	census.jsonl.gz
schema-name-nonidentifier-name	candidate	apis/openapi/planday.com/main/1.0.0/meta/import/output-bundle.json	census 30	census.jsonl.gz
schema-name-nonidentifier-name	screen	apis/openapi/planday.com/main/1.0.0/meta/import/output-bundle.json licence	failed	candidates.tsv
schema-name-nonidentifier-name	screen	apis/openapi/planday.com/main/1.0.0/meta/import/output-bundle.json ref	failed	candidates.tsv
schema-name-nonidentifier-name	screen	apis/openapi/planday.com/main/1.0.0/meta/import/output-bundle.json fern	not-run	candidates.tsv
schema-name-nonidentifier-name	document	apis/openapi/planday.com/main/1.0.0/meta/import/output-entry.json	census 30	census.jsonl.gz
schema-name-nonidentifier-name	candidate	apis/openapi/planday.com/main/1.0.0/meta/import/output-entry.json	census 30	census.jsonl.gz
schema-name-nonidentifier-name	screen	apis/openapi/planday.com/main/1.0.0/meta/import/output-entry.json licence	failed	candidates.tsv
schema-name-nonidentifier-name	screen	apis/openapi/planday.com/main/1.0.0/meta/import/output-entry.json ref	failed	candidates.tsv
schema-name-nonidentifier-name	screen	apis/openapi/planday.com/main/1.0.0/meta/import/output-entry.json fern	not-run	candidates.tsv
schema-name-nonidentifier-name	document	apis/openapi/planday.com/main/1.0.0/openapi.json	census 30	census.jsonl.gz
schema-name-nonidentifier-name	candidate	apis/openapi/planday.com/main/1.0.0/openapi.json	census 30	census.jsonl.gz
schema-name-nonidentifier-name	screen	apis/openapi/planday.com/main/1.0.0/openapi.json licence	failed	candidates.tsv
schema-name-nonidentifier-name	screen	apis/openapi/planday.com/main/1.0.0/openapi.json ref	failed	candidates.tsv
schema-name-nonidentifier-name	screen	apis/openapi/planday.com/main/1.0.0/openapi.json fern	not-run	candidates.tsv
schema-name-nonidentifier-name	document	apis/openapi/plandayplatformapi/main/v1/meta/import/input-bundle.json	census 7	census.jsonl.gz
schema-name-nonidentifier-name	candidate	apis/openapi/plandayplatformapi/main/v1/meta/import/input-bundle.json	census 7	census.jsonl.gz
schema-name-nonidentifier-name	screen	apis/openapi/plandayplatformapi/main/v1/meta/import/input-bundle.json licence	failed	candidates.tsv
schema-name-nonidentifier-name	screen	apis/openapi/plandayplatformapi/main/v1/meta/import/input-bundle.json ref	failed	candidates.tsv
schema-name-nonidentifier-name	screen	apis/openapi/plandayplatformapi/main/v1/meta/import/input-bundle.json fern	not-run	candidates.tsv
schema-name-nonidentifier-name	document	apis/openapi/plandayplatformapi/main/v1/meta/import/input-entry.json	census 7	census.jsonl.gz
schema-name-nonidentifier-name	candidate	apis/openapi/plandayplatformapi/main/v1/meta/import/input-entry.json	census 7	census.jsonl.gz
schema-name-nonidentifier-name	screen	apis/openapi/plandayplatformapi/main/v1/meta/import/input-entry.json licence	failed	candidates.tsv
schema-name-nonidentifier-name	screen	apis/openapi/plandayplatformapi/main/v1/meta/import/input-entry.json ref	failed	candidates.tsv
schema-name-nonidentifier-name	screen	apis/openapi/plandayplatformapi/main/v1/meta/import/input-entry.json fern	not-run	candidates.tsv
schema-name-nonidentifier-name	document	apis/openapi/plandayplatformapi/main/v1/meta/import/output-bundle.json	census 7	census.jsonl.gz
schema-name-nonidentifier-name	candidate	apis/openapi/plandayplatformapi/main/v1/meta/import/output-bundle.json	census 7	census.jsonl.gz
schema-name-nonidentifier-name	screen	apis/openapi/plandayplatformapi/main/v1/meta/import/output-bundle.json licence	failed	candidates.tsv
schema-name-nonidentifier-name	screen	apis/openapi/plandayplatformapi/main/v1/meta/import/output-bundle.json ref	failed	candidates.tsv
schema-name-nonidentifier-name	screen	apis/openapi/plandayplatformapi/main/v1/meta/import/output-bundle.json fern	not-run	candidates.tsv
schema-name-nonidentifier-name	document	apis/openapi/plandayplatformapi/main/v1/meta/import/output-entry.json	census 7	census.jsonl.gz
schema-name-nonidentifier-name	candidate	apis/openapi/plandayplatformapi/main/v1/meta/import/output-entry.json	census 7	census.jsonl.gz
schema-name-nonidentifier-name	screen	apis/openapi/plandayplatformapi/main/v1/meta/import/output-entry.json licence	failed	candidates.tsv
schema-name-nonidentifier-name	screen	apis/openapi/plandayplatformapi/main/v1/meta/import/output-entry.json ref	failed	candidates.tsv
schema-name-nonidentifier-name	screen	apis/openapi/plandayplatformapi/main/v1/meta/import/output-entry.json fern	not-run	candidates.tsv
schema-name-nonidentifier-name	document	apis/openapi/plandayplatformapi/main/v1/openapi.json	census 7	census.jsonl.gz
schema-name-nonidentifier-name	candidate	apis/openapi/plandayplatformapi/main/v1/openapi.json	census 7	census.jsonl.gz
schema-name-nonidentifier-name	screen	apis/openapi/plandayplatformapi/main/v1/openapi.json licence	failed	candidates.tsv
schema-name-nonidentifier-name	screen	apis/openapi/plandayplatformapi/main/v1/openapi.json ref	failed	candidates.tsv
schema-name-nonidentifier-name	screen	apis/openapi/plandayplatformapi/main/v1/openapi.json fern	not-run	candidates.tsv
schema-name-nonidentifier-name	document	apis/openapi/propexo.com/main/1.0.0/meta/import/input-bundle.json	census 37	census.jsonl.gz
schema-name-nonidentifier-name	candidate	apis/openapi/propexo.com/main/1.0.0/meta/import/input-bundle.json	census 37	census.jsonl.gz
schema-name-nonidentifier-name	screen	apis/openapi/propexo.com/main/1.0.0/meta/import/input-bundle.json licence	failed	candidates.tsv
schema-name-nonidentifier-name	screen	apis/openapi/propexo.com/main/1.0.0/meta/import/input-bundle.json ref	failed	candidates.tsv
schema-name-nonidentifier-name	screen	apis/openapi/propexo.com/main/1.0.0/meta/import/input-bundle.json fern	not-run	candidates.tsv
schema-name-nonidentifier-name	document	apis/openapi/propexo.com/main/1.0.0/meta/import/input-entry.json	census 37	census.jsonl.gz
schema-name-nonidentifier-name	candidate	apis/openapi/propexo.com/main/1.0.0/meta/import/input-entry.json	census 37	census.jsonl.gz
schema-name-nonidentifier-name	screen	apis/openapi/propexo.com/main/1.0.0/meta/import/input-entry.json licence	failed	candidates.tsv
schema-name-nonidentifier-name	screen	apis/openapi/propexo.com/main/1.0.0/meta/import/input-entry.json ref	failed	candidates.tsv
schema-name-nonidentifier-name	screen	apis/openapi/propexo.com/main/1.0.0/meta/import/input-entry.json fern	not-run	candidates.tsv
schema-name-nonidentifier-name	document	apis/openapi/propexo.com/main/1.0.0/meta/import/output-bundle.json	census 37	census.jsonl.gz
schema-name-nonidentifier-name	candidate	apis/openapi/propexo.com/main/1.0.0/meta/import/output-bundle.json	census 37	census.jsonl.gz
schema-name-nonidentifier-name	screen	apis/openapi/propexo.com/main/1.0.0/meta/import/output-bundle.json licence	failed	candidates.tsv
schema-name-nonidentifier-name	screen	apis/openapi/propexo.com/main/1.0.0/meta/import/output-bundle.json ref	failed	candidates.tsv
schema-name-nonidentifier-name	screen	apis/openapi/propexo.com/main/1.0.0/meta/import/output-bundle.json fern	not-run	candidates.tsv
schema-name-nonidentifier-name	document	apis/openapi/propexo.com/main/1.0.0/meta/import/output-entry.json	census 37	census.jsonl.gz
schema-name-nonidentifier-name	candidate	apis/openapi/propexo.com/main/1.0.0/meta/import/output-entry.json	census 37	census.jsonl.gz
schema-name-nonidentifier-name	screen	apis/openapi/propexo.com/main/1.0.0/meta/import/output-entry.json licence	failed	candidates.tsv
schema-name-nonidentifier-name	screen	apis/openapi/propexo.com/main/1.0.0/meta/import/output-entry.json ref	failed	candidates.tsv
schema-name-nonidentifier-name	screen	apis/openapi/propexo.com/main/1.0.0/meta/import/output-entry.json fern	not-run	candidates.tsv
schema-name-nonidentifier-name	document	apis/openapi/propexo.com/main/1.0.0/openapi.json	census 37	census.jsonl.gz
schema-name-nonidentifier-name	candidate	apis/openapi/propexo.com/main/1.0.0/openapi.json	census 37	census.jsonl.gz
schema-name-nonidentifier-name	screen	apis/openapi/propexo.com/main/1.0.0/openapi.json licence	failed	candidates.tsv
schema-name-nonidentifier-name	screen	apis/openapi/propexo.com/main/1.0.0/openapi.json ref	failed	candidates.tsv
schema-name-nonidentifier-name	screen	apis/openapi/propexo.com/main/1.0.0/openapi.json fern	not-run	candidates.tsv
schema-name-nonidentifier-name	document	apis/openapi/signl4.com/main/1/meta/import/input-bundled.json	census 5	census.jsonl.gz
schema-name-nonidentifier-name	candidate	apis/openapi/signl4.com/main/1/meta/import/input-bundled.json	census 5	census.jsonl.gz
schema-name-nonidentifier-name	screen	apis/openapi/signl4.com/main/1/meta/import/input-bundled.json licence	failed	candidates.tsv
schema-name-nonidentifier-name	screen	apis/openapi/signl4.com/main/1/meta/import/input-bundled.json ref	failed	candidates.tsv
schema-name-nonidentifier-name	screen	apis/openapi/signl4.com/main/1/meta/import/input-bundled.json fern	not-run	candidates.tsv
schema-name-nonidentifier-name	document	apis/openapi/signl4.com/main/1/meta/import/input-entry.json	census 5	census.jsonl.gz
schema-name-nonidentifier-name	candidate	apis/openapi/signl4.com/main/1/meta/import/input-entry.json	census 5	census.jsonl.gz
schema-name-nonidentifier-name	screen	apis/openapi/signl4.com/main/1/meta/import/input-entry.json licence	failed	candidates.tsv
schema-name-nonidentifier-name	screen	apis/openapi/signl4.com/main/1/meta/import/input-entry.json ref	failed	candidates.tsv
schema-name-nonidentifier-name	screen	apis/openapi/signl4.com/main/1/meta/import/input-entry.json fern	not-run	candidates.tsv
schema-name-nonidentifier-name	document	apis/openapi/signl4.com/main/1/meta/import/output-bundled.json	census 5	census.jsonl.gz
schema-name-nonidentifier-name	candidate	apis/openapi/signl4.com/main/1/meta/import/output-bundled.json	census 5	census.jsonl.gz
schema-name-nonidentifier-name	screen	apis/openapi/signl4.com/main/1/meta/import/output-bundled.json licence	failed	candidates.tsv
schema-name-nonidentifier-name	screen	apis/openapi/signl4.com/main/1/meta/import/output-bundled.json ref	failed	candidates.tsv
schema-name-nonidentifier-name	screen	apis/openapi/signl4.com/main/1/meta/import/output-bundled.json fern	not-run	candidates.tsv
schema-name-nonidentifier-name	document	apis/openapi/signl4.com/main/1/meta/import/output-entry.json	census 5	census.jsonl.gz
schema-name-nonidentifier-name	candidate	apis/openapi/signl4.com/main/1/meta/import/output-entry.json	census 5	census.jsonl.gz
schema-name-nonidentifier-name	screen	apis/openapi/signl4.com/main/1/meta/import/output-entry.json licence	failed	candidates.tsv
schema-name-nonidentifier-name	screen	apis/openapi/signl4.com/main/1/meta/import/output-entry.json ref	failed	candidates.tsv
schema-name-nonidentifier-name	screen	apis/openapi/signl4.com/main/1/meta/import/output-entry.json fern	not-run	candidates.tsv
schema-name-nonidentifier-name	document	apis/openapi/signl4.com/main/1/openapi.json	census 5	census.jsonl.gz
schema-name-nonidentifier-name	candidate	apis/openapi/signl4.com/main/1/openapi.json	census 5	census.jsonl.gz
schema-name-nonidentifier-name	screen	apis/openapi/signl4.com/main/1/openapi.json licence	failed	candidates.tsv
schema-name-nonidentifier-name	screen	apis/openapi/signl4.com/main/1/openapi.json ref	failed	candidates.tsv
schema-name-nonidentifier-name	screen	apis/openapi/signl4.com/main/1/openapi.json fern	not-run	candidates.tsv
schema-name-nonidentifier-name	document	apis/openapi/symanto.net/main/1.0/meta/import/input-bundled.json	census 3	census.jsonl.gz
schema-name-nonidentifier-name	candidate	apis/openapi/symanto.net/main/1.0/meta/import/input-bundled.json	census 3	census.jsonl.gz
schema-name-nonidentifier-name	screen	apis/openapi/symanto.net/main/1.0/meta/import/input-bundled.json licence	failed	candidates.tsv
schema-name-nonidentifier-name	screen	apis/openapi/symanto.net/main/1.0/meta/import/input-bundled.json ref	failed	candidates.tsv
schema-name-nonidentifier-name	screen	apis/openapi/symanto.net/main/1.0/meta/import/input-bundled.json fern	not-run	candidates.tsv
schema-name-nonidentifier-name	document	apis/openapi/symanto.net/main/1.0/meta/import/input-entry.json	census 3	census.jsonl.gz
schema-name-nonidentifier-name	candidate	apis/openapi/symanto.net/main/1.0/meta/import/input-entry.json	census 3	census.jsonl.gz
schema-name-nonidentifier-name	screen	apis/openapi/symanto.net/main/1.0/meta/import/input-entry.json licence	failed	candidates.tsv
schema-name-nonidentifier-name	screen	apis/openapi/symanto.net/main/1.0/meta/import/input-entry.json ref	failed	candidates.tsv
schema-name-nonidentifier-name	screen	apis/openapi/symanto.net/main/1.0/meta/import/input-entry.json fern	not-run	candidates.tsv
schema-name-nonidentifier-name	document	apis/openapi/symanto.net/main/1.0/meta/import/output-bundled.json	census 3	census.jsonl.gz
schema-name-nonidentifier-name	candidate	apis/openapi/symanto.net/main/1.0/meta/import/output-bundled.json	census 3	census.jsonl.gz
schema-name-nonidentifier-name	screen	apis/openapi/symanto.net/main/1.0/meta/import/output-bundled.json licence	failed	candidates.tsv
schema-name-nonidentifier-name	screen	apis/openapi/symanto.net/main/1.0/meta/import/output-bundled.json ref	failed	candidates.tsv
schema-name-nonidentifier-name	screen	apis/openapi/symanto.net/main/1.0/meta/import/output-bundled.json fern	not-run	candidates.tsv
schema-name-nonidentifier-name	document	apis/openapi/symanto.net/main/1.0/meta/import/output-entry.json	census 3	census.jsonl.gz
schema-name-nonidentifier-name	candidate	apis/openapi/symanto.net/main/1.0/meta/import/output-entry.json	census 3	census.jsonl.gz
schema-name-nonidentifier-name	screen	apis/openapi/symanto.net/main/1.0/meta/import/output-entry.json licence	failed	candidates.tsv
schema-name-nonidentifier-name	screen	apis/openapi/symanto.net/main/1.0/meta/import/output-entry.json ref	failed	candidates.tsv
schema-name-nonidentifier-name	screen	apis/openapi/symanto.net/main/1.0/meta/import/output-entry.json fern	not-run	candidates.tsv
schema-name-nonidentifier-name	document	apis/openapi/symanto.net/main/1.0/openapi.json	census 3	census.jsonl.gz
schema-name-nonidentifier-name	candidate	apis/openapi/symanto.net/main/1.0/openapi.json	census 3	census.jsonl.gz
schema-name-nonidentifier-name	screen	apis/openapi/symanto.net/main/1.0/openapi.json licence	failed	candidates.tsv
schema-name-nonidentifier-name	screen	apis/openapi/symanto.net/main/1.0/openapi.json ref	failed	candidates.tsv
schema-name-nonidentifier-name	screen	apis/openapi/symanto.net/main/1.0/openapi.json fern	not-run	candidates.tsv
schema-name-nonidentifier-name	document	apis/openapi/talentlyft.com/main/v2/meta/import/input-bundle.json	census 10	census.jsonl.gz
schema-name-nonidentifier-name	candidate	apis/openapi/talentlyft.com/main/v2/meta/import/input-bundle.json	census 10	census.jsonl.gz
schema-name-nonidentifier-name	screen	apis/openapi/talentlyft.com/main/v2/meta/import/input-bundle.json licence	failed	candidates.tsv
schema-name-nonidentifier-name	screen	apis/openapi/talentlyft.com/main/v2/meta/import/input-bundle.json ref	failed	candidates.tsv
schema-name-nonidentifier-name	screen	apis/openapi/talentlyft.com/main/v2/meta/import/input-bundle.json fern	not-run	candidates.tsv
schema-name-nonidentifier-name	document	apis/openapi/talentlyft.com/main/v2/meta/import/input-entry.json	census 10	census.jsonl.gz
schema-name-nonidentifier-name	candidate	apis/openapi/talentlyft.com/main/v2/meta/import/input-entry.json	census 10	census.jsonl.gz
schema-name-nonidentifier-name	screen	apis/openapi/talentlyft.com/main/v2/meta/import/input-entry.json licence	failed	candidates.tsv
schema-name-nonidentifier-name	screen	apis/openapi/talentlyft.com/main/v2/meta/import/input-entry.json ref	failed	candidates.tsv
schema-name-nonidentifier-name	screen	apis/openapi/talentlyft.com/main/v2/meta/import/input-entry.json fern	not-run	candidates.tsv
schema-name-nonidentifier-name	document	apis/openapi/talentlyft.com/main/v2/meta/import/output-bundle.json	census 10	census.jsonl.gz
schema-name-nonidentifier-name	candidate	apis/openapi/talentlyft.com/main/v2/meta/import/output-bundle.json	census 10	census.jsonl.gz
schema-name-nonidentifier-name	screen	apis/openapi/talentlyft.com/main/v2/meta/import/output-bundle.json licence	failed	candidates.tsv
schema-name-nonidentifier-name	screen	apis/openapi/talentlyft.com/main/v2/meta/import/output-bundle.json ref	failed	candidates.tsv
schema-name-nonidentifier-name	screen	apis/openapi/talentlyft.com/main/v2/meta/import/output-bundle.json fern	not-run	candidates.tsv
schema-name-nonidentifier-name	document	apis/openapi/talentlyft.com/main/v2/meta/import/output-entry.json	census 10	census.jsonl.gz
schema-name-nonidentifier-name	candidate	apis/openapi/talentlyft.com/main/v2/meta/import/output-entry.json	census 10	census.jsonl.gz
schema-name-nonidentifier-name	screen	apis/openapi/talentlyft.com/main/v2/meta/import/output-entry.json licence	failed	candidates.tsv
schema-name-nonidentifier-name	screen	apis/openapi/talentlyft.com/main/v2/meta/import/output-entry.json ref	failed	candidates.tsv
schema-name-nonidentifier-name	screen	apis/openapi/talentlyft.com/main/v2/meta/import/output-entry.json fern	not-run	candidates.tsv
schema-name-nonidentifier-name	document	apis/openapi/talentlyft.com/main/v2/openapi.json	census 10	census.jsonl.gz
schema-name-nonidentifier-name	candidate	apis/openapi/talentlyft.com/main/v2/openapi.json	census 10	census.jsonl.gz
schema-name-nonidentifier-name	screen	apis/openapi/talentlyft.com/main/v2/openapi.json licence	failed	candidates.tsv
schema-name-nonidentifier-name	screen	apis/openapi/talentlyft.com/main/v2/openapi.json ref	failed	candidates.tsv
schema-name-nonidentifier-name	screen	apis/openapi/talentlyft.com/main/v2/openapi.json fern	not-run	candidates.tsv
schema-name-nonidentifier-name	document	apis/openapi/teamhood.com/main/v1/meta/import/input-bundle.json	census 3	census.jsonl.gz
schema-name-nonidentifier-name	candidate	apis/openapi/teamhood.com/main/v1/meta/import/input-bundle.json	census 3	census.jsonl.gz
schema-name-nonidentifier-name	screen	apis/openapi/teamhood.com/main/v1/meta/import/input-bundle.json licence	failed	candidates.tsv
schema-name-nonidentifier-name	screen	apis/openapi/teamhood.com/main/v1/meta/import/input-bundle.json ref	failed	candidates.tsv
schema-name-nonidentifier-name	screen	apis/openapi/teamhood.com/main/v1/meta/import/input-bundle.json fern	not-run	candidates.tsv
schema-name-nonidentifier-name	document	apis/openapi/teamhood.com/main/v1/meta/import/input-entry.json	census 3	census.jsonl.gz
schema-name-nonidentifier-name	candidate	apis/openapi/teamhood.com/main/v1/meta/import/input-entry.json	census 3	census.jsonl.gz
schema-name-nonidentifier-name	screen	apis/openapi/teamhood.com/main/v1/meta/import/input-entry.json licence	failed	candidates.tsv
schema-name-nonidentifier-name	screen	apis/openapi/teamhood.com/main/v1/meta/import/input-entry.json ref	failed	candidates.tsv
schema-name-nonidentifier-name	screen	apis/openapi/teamhood.com/main/v1/meta/import/input-entry.json fern	not-run	candidates.tsv
schema-name-nonidentifier-name	document	apis/openapi/teamhood.com/main/v1/meta/import/output-bundle.json	census 3	census.jsonl.gz
schema-name-nonidentifier-name	candidate	apis/openapi/teamhood.com/main/v1/meta/import/output-bundle.json	census 3	census.jsonl.gz
schema-name-nonidentifier-name	screen	apis/openapi/teamhood.com/main/v1/meta/import/output-bundle.json licence	failed	candidates.tsv
schema-name-nonidentifier-name	screen	apis/openapi/teamhood.com/main/v1/meta/import/output-bundle.json ref	failed	candidates.tsv
schema-name-nonidentifier-name	screen	apis/openapi/teamhood.com/main/v1/meta/import/output-bundle.json fern	not-run	candidates.tsv
schema-name-nonidentifier-name	document	apis/openapi/teamhood.com/main/v1/meta/import/output-entry.json	census 3	census.jsonl.gz
schema-name-nonidentifier-name	candidate	apis/openapi/teamhood.com/main/v1/meta/import/output-entry.json	census 3	census.jsonl.gz
schema-name-nonidentifier-name	screen	apis/openapi/teamhood.com/main/v1/meta/import/output-entry.json licence	failed	candidates.tsv
schema-name-nonidentifier-name	screen	apis/openapi/teamhood.com/main/v1/meta/import/output-entry.json ref	failed	candidates.tsv
schema-name-nonidentifier-name	screen	apis/openapi/teamhood.com/main/v1/meta/import/output-entry.json fern	not-run	candidates.tsv
schema-name-nonidentifier-name	document	apis/openapi/teamhood.com/main/v1/openapi.json	census 3	census.jsonl.gz
schema-name-nonidentifier-name	candidate	apis/openapi/teamhood.com/main/v1/openapi.json	census 3	census.jsonl.gz
schema-name-nonidentifier-name	screen	apis/openapi/teamhood.com/main/v1/openapi.json licence	failed	candidates.tsv
schema-name-nonidentifier-name	screen	apis/openapi/teamhood.com/main/v1/openapi.json ref	failed	candidates.tsv
schema-name-nonidentifier-name	screen	apis/openapi/teamhood.com/main/v1/openapi.json fern	not-run	candidates.tsv
schema-name-nonidentifier-name	document	apis/openapi/tieto.com/main/V1/meta/import/input-bundle.json	census 7	census.jsonl.gz
schema-name-nonidentifier-name	candidate	apis/openapi/tieto.com/main/V1/meta/import/input-bundle.json	census 7	census.jsonl.gz
schema-name-nonidentifier-name	screen	apis/openapi/tieto.com/main/V1/meta/import/input-bundle.json licence	failed	candidates.tsv
schema-name-nonidentifier-name	screen	apis/openapi/tieto.com/main/V1/meta/import/input-bundle.json ref	failed	candidates.tsv
schema-name-nonidentifier-name	screen	apis/openapi/tieto.com/main/V1/meta/import/input-bundle.json fern	not-run	candidates.tsv
schema-name-nonidentifier-name	document	apis/openapi/tieto.com/main/V1/meta/import/input-entry.json	census 7	census.jsonl.gz
schema-name-nonidentifier-name	candidate	apis/openapi/tieto.com/main/V1/meta/import/input-entry.json	census 7	census.jsonl.gz
schema-name-nonidentifier-name	screen	apis/openapi/tieto.com/main/V1/meta/import/input-entry.json licence	failed	candidates.tsv
schema-name-nonidentifier-name	screen	apis/openapi/tieto.com/main/V1/meta/import/input-entry.json ref	failed	candidates.tsv
schema-name-nonidentifier-name	screen	apis/openapi/tieto.com/main/V1/meta/import/input-entry.json fern	not-run	candidates.tsv
schema-name-nonidentifier-name	document	apis/openapi/tieto.com/main/V1/meta/import/output-bundle.json	census 7	census.jsonl.gz
schema-name-nonidentifier-name	candidate	apis/openapi/tieto.com/main/V1/meta/import/output-bundle.json	census 7	census.jsonl.gz
schema-name-nonidentifier-name	screen	apis/openapi/tieto.com/main/V1/meta/import/output-bundle.json licence	failed	candidates.tsv
schema-name-nonidentifier-name	screen	apis/openapi/tieto.com/main/V1/meta/import/output-bundle.json ref	failed	candidates.tsv
schema-name-nonidentifier-name	screen	apis/openapi/tieto.com/main/V1/meta/import/output-bundle.json fern	not-run	candidates.tsv
schema-name-nonidentifier-name	document	apis/openapi/tieto.com/main/V1/meta/import/output-entry.json	census 7	census.jsonl.gz
schema-name-nonidentifier-name	candidate	apis/openapi/tieto.com/main/V1/meta/import/output-entry.json	census 7	census.jsonl.gz
schema-name-nonidentifier-name	screen	apis/openapi/tieto.com/main/V1/meta/import/output-entry.json licence	failed	candidates.tsv
schema-name-nonidentifier-name	screen	apis/openapi/tieto.com/main/V1/meta/import/output-entry.json ref	failed	candidates.tsv
schema-name-nonidentifier-name	screen	apis/openapi/tieto.com/main/V1/meta/import/output-entry.json fern	not-run	candidates.tsv
schema-name-nonidentifier-name	document	apis/openapi/tieto.com/main/V1/openapi.json	census 7	census.jsonl.gz
schema-name-nonidentifier-name	candidate	apis/openapi/tieto.com/main/V1/openapi.json	census 7	census.jsonl.gz
schema-name-nonidentifier-name	screen	apis/openapi/tieto.com/main/V1/openapi.json licence	failed	candidates.tsv
schema-name-nonidentifier-name	screen	apis/openapi/tieto.com/main/V1/openapi.json ref	failed	candidates.tsv
schema-name-nonidentifier-name	screen	apis/openapi/tieto.com/main/V1/openapi.json fern	not-run	candidates.tsv
schema-name-nonidentifier-name	document	apis/openapi/zenegy.com/main/v2/meta/import/input-bundle.json	census 8	census.jsonl.gz
schema-name-nonidentifier-name	candidate	apis/openapi/zenegy.com/main/v2/meta/import/input-bundle.json	census 8	census.jsonl.gz
schema-name-nonidentifier-name	screen	apis/openapi/zenegy.com/main/v2/meta/import/input-bundle.json licence	failed	candidates.tsv
schema-name-nonidentifier-name	screen	apis/openapi/zenegy.com/main/v2/meta/import/input-bundle.json ref	failed	candidates.tsv
schema-name-nonidentifier-name	screen	apis/openapi/zenegy.com/main/v2/meta/import/input-bundle.json fern	not-run	candidates.tsv
schema-name-nonidentifier-name	document	apis/openapi/zenegy.com/main/v2/meta/import/input-entry.json	census 8	census.jsonl.gz
schema-name-nonidentifier-name	candidate	apis/openapi/zenegy.com/main/v2/meta/import/input-entry.json	census 8	census.jsonl.gz
schema-name-nonidentifier-name	screen	apis/openapi/zenegy.com/main/v2/meta/import/input-entry.json licence	failed	candidates.tsv
schema-name-nonidentifier-name	screen	apis/openapi/zenegy.com/main/v2/meta/import/input-entry.json ref	failed	candidates.tsv
schema-name-nonidentifier-name	screen	apis/openapi/zenegy.com/main/v2/meta/import/input-entry.json fern	not-run	candidates.tsv
schema-name-nonidentifier-name	document	apis/openapi/zenegy.com/main/v2/meta/import/output-bundle.json	census 8	census.jsonl.gz
schema-name-nonidentifier-name	candidate	apis/openapi/zenegy.com/main/v2/meta/import/output-bundle.json	census 8	census.jsonl.gz
schema-name-nonidentifier-name	screen	apis/openapi/zenegy.com/main/v2/meta/import/output-bundle.json licence	failed	candidates.tsv
schema-name-nonidentifier-name	screen	apis/openapi/zenegy.com/main/v2/meta/import/output-bundle.json ref	failed	candidates.tsv
schema-name-nonidentifier-name	screen	apis/openapi/zenegy.com/main/v2/meta/import/output-bundle.json fern	not-run	candidates.tsv
schema-name-nonidentifier-name	document	apis/openapi/zenegy.com/main/v2/meta/import/output-entry.json	census 8	census.jsonl.gz
schema-name-nonidentifier-name	candidate	apis/openapi/zenegy.com/main/v2/meta/import/output-entry.json	census 8	census.jsonl.gz
schema-name-nonidentifier-name	screen	apis/openapi/zenegy.com/main/v2/meta/import/output-entry.json licence	failed	candidates.tsv
schema-name-nonidentifier-name	screen	apis/openapi/zenegy.com/main/v2/meta/import/output-entry.json ref	failed	candidates.tsv
schema-name-nonidentifier-name	screen	apis/openapi/zenegy.com/main/v2/meta/import/output-entry.json fern	not-run	candidates.tsv
schema-name-nonidentifier-name	document	apis/openapi/zenegy.com/main/v2/openapi.json	census 8	census.jsonl.gz
schema-name-nonidentifier-name	candidate	apis/openapi/zenegy.com/main/v2/openapi.json	census 8	census.jsonl.gz
schema-name-nonidentifier-name	screen	apis/openapi/zenegy.com/main/v2/openapi.json licence	failed	candidates.tsv
schema-name-nonidentifier-name	screen	apis/openapi/zenegy.com/main/v2/openapi.json ref	failed	candidates.tsv
schema-name-nonidentifier-name	screen	apis/openapi/zenegy.com/main/v2/openapi.json fern	not-run	candidates.tsv
securityscheme-ref	walk	jentic/jentic-public-apis@eb9d12a2684b0fbcb5aecf51e8ae54dba0929743	74240	securityscheme-ref-census.tsv.gz
*	wait	acquisitions.jsonl	supporting acquisition record	acquisitions.jsonl
*	wait	fern-screens.jsonl	supporting acquisition record	fern-screens.jsonl
*	wait	rate-limit-calls.jsonl	supporting acquisition record	rate-limit-calls.jsonl
