key	kind	subject	result	file
*	wait	github-code-search guard log index-pacing-waits.jsonl	19 entries	index-pacing-waits.jsonl
*	wait	github-code-search guard log rate-limit-calls.jsonl	2025 entries	rate-limit-calls.jsonl
annotated-ref-shape	document	APIs-guru/openapi-directory:APIs/apache.org/airflow/2.5.3/openapi.yaml@f04b8d0bcd39c52e1cf3ad7a5fe744709832ae49	census 0	candidates.jsonl
annotated-ref-shape	document	APIs-guru/openapi-directory:APIs/apideck.com/file-storage/10.0.0/openapi.yaml@f04b8d0bcd39c52e1cf3ad7a5fe744709832ae49	census 0	candidates.jsonl
annotated-ref-shape	document	APIs-guru/openapi-directory:APIs/cpy.re/peertube/5.1.0/openapi.yaml@f04b8d0bcd39c52e1cf3ad7a5fe744709832ae49	census 0	candidates.jsonl
annotated-ref-shape	document	APIs-guru/openapi-directory:APIs/doqs.dev/1.0/openapi.yaml@f04b8d0bcd39c52e1cf3ad7a5fe744709832ae49	census 0	candidates.jsonl
annotated-ref-shape	document	APIs-guru/openapi-directory:APIs/elevenlabs.io/1.0/openapi.yaml@f04b8d0bcd39c52e1cf3ad7a5fe744709832ae49	census 0	candidates.jsonl
annotated-ref-shape	document	APIs-guru/openapi-directory:APIs/graphhopper.com/1.0.0/openapi.yaml@f04b8d0bcd39c52e1cf3ad7a5fe744709832ae49	census 4	candidates.jsonl
annotated-ref-shape	document	APIs-guru/openapi-directory:APIs/intellifi.nl/2.23.4+0.gb463b49.dirty/openapi.yaml@f04b8d0bcd39c52e1cf3ad7a5fe744709832ae49	census 0	candidates.jsonl
annotated-ref-shape	document	APIs-guru/openapi-directory:APIs/ndhm.gov.in/ndhm-hiu/0.5/openapi.yaml@f04b8d0bcd39c52e1cf3ad7a5fe744709832ae49	census 6	candidates.jsonl
annotated-ref-shape	document	APIs-guru/openapi-directory:APIs/nexmo.com/reports/2.2.2/openapi.yaml@f04b8d0bcd39c52e1cf3ad7a5fe744709832ae49	census 1	candidates.jsonl
annotated-ref-shape	document	APIs-guru/openapi-directory:APIs/soundcloud.com/1.0.0/openapi.yaml@f04b8d0bcd39c52e1cf3ad7a5fe744709832ae49	census 0	candidates.jsonl
annotated-ref-shape	document	APIs-guru/openapi-directory:APIs/threatjammer.com/1.2.27/openapi.yaml@f04b8d0bcd39c52e1cf3ad7a5fe744709832ae49	census 0	candidates.jsonl
annotated-ref-shape	document	APIs-guru/openapi-directory:APIs/twitter.com/current/2.62/openapi.yaml@f04b8d0bcd39c52e1cf3ad7a5fe744709832ae49	census 0	candidates.jsonl
annotated-ref-shape	document	Azure/ARO-HCP:tooling/kiota/openapi.yaml@8f004397b8f71b9c3cca79a11c38b5a079d7dbfc	census 0	candidates.jsonl
annotated-ref-shape	document	Azure/ARO-RP:hack/graphsdk/openapi.yaml@6f2967e0352f87510aaada8c3eb0b0fcb5f0c3bf	census 0	candidates.jsonl
annotated-ref-shape	document	Azure/azure-rest-api-specs:specification/ai/data-plane/ModelInference/openapi/2024-05-01-preview/openapi.yaml@cfb70b985bacf991d059d71406dd4ef492dd301c	census 0	candidates.jsonl
annotated-ref-shape	document	Azure/bicep-extensibility:docs/contract/v2/openapi.yaml@e0bfd4364156a2d1e672920ffd88083ce4d3e5df	census 0	candidates.jsonl
annotated-ref-shape	document	Blueforcer/awtrix-ng:docs/api/openapi.yaml@6d6cc64aa6739724d8501199de70c6692cbb2c6c	acquisition-failure: parse-failure	candidates.jsonl
annotated-ref-shape	document	Christ9038/Ydisks-Xianyu-Helper:api/openapi.yaml@42a476fa8f325791509fbadae819984ae12fccfa	census 0	candidates.jsonl
annotated-ref-shape	document	CumulusNetworks/docs:static/nmx-api-8511000/openapi.yaml@240928356c70ad68c7b62163fce525e0a6881ccf	census 0	candidates.jsonl
annotated-ref-shape	document	CumulusNetworks/docs:static/nmx-api-8511100/openapi.yaml@240928356c70ad68c7b62163fce525e0a6881ccf	census 0	candidates.jsonl
annotated-ref-shape	document	DewyKB/dewy:openapi.yaml@78a581a56a91cee98edb97db50b76a88a389a65b	census 0	candidates.jsonl
annotated-ref-shape	document	Difegue/LANraragi:tools/openapi.yaml@db3106900d90e07f5723da9ed933cc0399a5670d	census 0	candidates.jsonl
annotated-ref-shape	document	Flagsmith/flagsmith:sdk/openapi.yaml@ea5ad826e85b240947ff6eeea7630650812bb1fe	census 0	candidates.jsonl
annotated-ref-shape	document	Kong/developer.konghq.com:api-specs/konnect/ai-builder/v1/openapi.yaml@158a0474ba8461a6a789585efea86e6b69dc03d3	census 3	candidates.jsonl
annotated-ref-shape	document	MagaluCloud/magalu:specs/globaldb.openapi.yaml@c467ba8e695fa21e427aa35a12f5ba137bb0dbca	census 0	candidates.jsonl
annotated-ref-shape	document	Morriz/itsUP:openapi.yaml@3225cee39811c659b9aade1db596f45203c09f13	census 0	candidates.jsonl
annotated-ref-shape	document	Open-EO/openeo-api:openapi.yaml@1881dae18b3c2c417f1305774cf295c81d60d400	acquisition-failure: parse-failure	candidates.jsonl
annotated-ref-shape	document	OpenAPITools/openapi-generator:samples/client/petstore/csharp/generichost/latest/UseDateTimeOffset/api/openapi.yaml@f81c416b76bcf9baabfb0361a7e94eb3881a2ca4	census 0	candidates.jsonl
annotated-ref-shape	document	OpenAPITools/openapi-generator:samples/client/petstore/csharp/generichost/net10/FormModels/api/openapi.yaml@f81c416b76bcf9baabfb0361a7e94eb3881a2ca4	census 0	candidates.jsonl
annotated-ref-shape	document	OpenAPITools/openapi-generator:samples/client/petstore/csharp/generichost/net10/NullReferenceTypes/api/openapi.yaml@f81c416b76bcf9baabfb0361a7e94eb3881a2ca4	census 0	candidates.jsonl
annotated-ref-shape	document	OpenAPITools/openapi-generator:samples/client/petstore/csharp/generichost/net10/SourceGeneration/api/openapi.yaml@f81c416b76bcf9baabfb0361a7e94eb3881a2ca4	census 0	candidates.jsonl
annotated-ref-shape	document	OpenAPITools/openapi-generator:samples/client/petstore/csharp/generichost/net9/NullReferenceTypes/api/openapi.yaml@f81c416b76bcf9baabfb0361a7e94eb3881a2ca4	census 0	candidates.jsonl
annotated-ref-shape	document	OpenAPITools/openapi-generator:samples/client/petstore/csharp/generichost/net9/SourceGeneration/api/openapi.yaml@f81c416b76bcf9baabfb0361a7e94eb3881a2ca4	census 0	candidates.jsonl
annotated-ref-shape	document	OpenAPITools/openapi-generator:samples/client/petstore/csharp/restsharp/net10/Petstore/api/openapi.yaml@f81c416b76bcf9baabfb0361a7e94eb3881a2ca4	census 0	candidates.jsonl
annotated-ref-shape	document	OpenAPITools/openapi-generator:samples/client/petstore/csharp/restsharp/net4.7/Petstore/api/openapi.yaml@f81c416b76bcf9baabfb0361a7e94eb3881a2ca4	census 0	candidates.jsonl
annotated-ref-shape	document	OpenAPITools/openapi-generator:samples/client/petstore/csharp/restsharp/net4.8/Petstore/api/openapi.yaml@f81c416b76bcf9baabfb0361a7e94eb3881a2ca4	census 0	candidates.jsonl
annotated-ref-shape	document	OpenAPITools/openapi-generator:samples/client/petstore/csharp/restsharp/net8/EnumMappings/api/openapi.yaml@f81c416b76bcf9baabfb0361a7e94eb3881a2ca4	census 0	candidates.jsonl
annotated-ref-shape	document	OpenAPITools/openapi-generator:samples/client/petstore/csharp/restsharp/net8/Petstore/api/openapi.yaml@f81c416b76bcf9baabfb0361a7e94eb3881a2ca4	census 0	candidates.jsonl
annotated-ref-shape	document	OpenAPITools/openapi-generator:samples/client/petstore/csharp/unityWebRequest/net10/Petstore/api/openapi.yaml@f81c416b76bcf9baabfb0361a7e94eb3881a2ca4	census 0	candidates.jsonl
annotated-ref-shape	document	OpenAPITools/openapi-generator:samples/client/petstore/csharp/unityWebRequest/net9/Petstore/api/openapi.yaml@f81c416b76bcf9baabfb0361a7e94eb3881a2ca4	census 0	candidates.jsonl
annotated-ref-shape	document	OpenAPITools/openapi-generator:samples/client/petstore/java/native-async/api/openapi.yaml@f81c416b76bcf9baabfb0361a7e94eb3881a2ca4	census 0	candidates.jsonl
annotated-ref-shape	document	OpenAPITools/openapi-generator:samples/client/petstore/java/native-jackson3/api/openapi.yaml@f81c416b76bcf9baabfb0361a7e94eb3881a2ca4	census 0	candidates.jsonl
annotated-ref-shape	document	OpenAPITools/openapi-generator:samples/client/petstore/java/okhttp-gson/api/openapi.yaml@f81c416b76bcf9baabfb0361a7e94eb3881a2ca4	census 0	candidates.jsonl
annotated-ref-shape	document	OpenAPITools/openapi-generator:samples/openapi3/client/petstore/java/jersey2-java8/api/openapi.yaml@f81c416b76bcf9baabfb0361a7e94eb3881a2ca4	census 0	candidates.jsonl
annotated-ref-shape	document	Sofie-Automation/sofie-core:packages/openapi/src/generated/openapi.yaml@a636c0257bee8ce5d9017b56c5512ae415ebcf9f	census 0	candidates.jsonl
annotated-ref-shape	document	aerospike-community/aerolab:cli/cmd/v1/cloud/openapi.yaml@ae7e55c8bc9a606d6cd02ad5b050b1003860f978	census 4	candidates.jsonl
annotated-ref-shape	document	apache/airflow-client-go:airflow/api/openapi.yaml@8ce0b39cfbb2b45d360ffb00e40897319d085d15	census 0	candidates.jsonl
annotated-ref-shape	document	apostrophecms/apostrophe:packages/apostrophecms-openapi/apostrophecms-openapi.yaml@bcc5d37ad550bbf835cb972a021191a711303b5b	census 2	candidates.jsonl
annotated-ref-shape	document	arnoldhao/xiadown:docs/api/library-v1.openapi.yaml@c8e33101987f123dd8d8504a3ec15bd296d69e13	census 0	candidates.jsonl
annotated-ref-shape	document	backstage/backstage:plugins/catalog-backend/src/schema/openapi.yaml@b9c9dd2dddfeacd9d99792024121e65677cc8d06	census 0	candidates.jsonl
annotated-ref-shape	document	backstage/backstage:plugins/scaffolder-backend/src/schema/openapi.yaml@b9c9dd2dddfeacd9d99792024121e65677cc8d06	census 0	candidates.jsonl
annotated-ref-shape	document	ballerina-platform/module-ballerinax-ai.agent:ballerina/modules/mistral/docs/spec/openapi.yaml@c4ec6ba82f0219e310b8783282ecbcd902a98cf7	census 0	candidates.jsonl
annotated-ref-shape	document	ballerina-platform/module-ballerinax-microsoft.outlook.mail:docs/spec/openapi.yaml@0bc7127332adef02fe03703881ba61bb99e421ed	census 0	candidates.jsonl
annotated-ref-shape	document	bbox-services/bbox:bbox-processes-server/src/openapi.yaml@ec8f16ec70cfa9cacc444c883ea3701f9457bde4	census 0	candidates.jsonl
annotated-ref-shape	document	camptocamp/oapi-poc:openapi.yaml@9365e94497f2c3a4798259249c2cfef6673197b9	census 0	candidates.jsonl
annotated-ref-shape	document	cerebrate-project/cerebrate:webroot/docs/openapi.yaml@316a144c622a53c4199a17c0af0832f472187fff	census 0	candidates.jsonl
annotated-ref-shape	document	ergoplatform/ergo:src/main/resources/api/openapi.yaml@23aabead88774d27f2c9190ace3c9abbc8f1d5cb	acquisition-failure: parse-failure	candidates.jsonl
annotated-ref-shape	document	evcc-io/docs:public/openapi.yaml@5c9c179f383c4dcffe36cbbb4654922c69ab434d	census 0	candidates.jsonl
annotated-ref-shape	document	flightctl/flightctl:api/core/v1beta1/openapi.yaml@296c65b17b2ebeb9779e8a44591237e32ad01474	census 0	candidates.jsonl
annotated-ref-shape	document	ga4gh/workflow-execution-service-schemas:openapi/workflow_execution_service.openapi.yaml@c3fb9fb7294311c7c08ac9d3fb143ab07ec67250	census 0	candidates.jsonl
annotated-ref-shape	document	geoserver/geoserver:src/community/oseo/oseo-stac/src/main/resources/org/geoserver/ogcapi/v1/stac/openapi.yaml@e5096dda80eea70d21167f01b08e543019852a7e	census 0	candidates.jsonl
annotated-ref-shape	document	hpi-schul-cloud/schulcloud-server:src/services/user/docs/adminusers.openapi.yaml@d9af447295697c569d25b131655a4e06183df63d	census 1	candidates.jsonl
annotated-ref-shape	document	ingef/conquery:openapi.yaml@d00b00e073b36150e52f507e25c36eefa22038ac	census 2	candidates.jsonl
annotated-ref-shape	document	input-output-hk/offchain-metadata-tools:docs/api/0.1.0.0/openapi.yaml@91eba72d6e5e3b17cd49f625c9546f2c82df5a65	census 0	candidates.jsonl
annotated-ref-shape	document	input-output-hk/offchain-metadata-tools:docs/api/0.2.0.0/openapi.yaml@91eba72d6e5e3b17cd49f625c9546f2c82df5a65	census 0	candidates.jsonl
annotated-ref-shape	document	input-output-hk/offchain-metadata-tools:docs/api/0.3.0.0/openapi.yaml@91eba72d6e5e3b17cd49f625c9546f2c82df5a65	census 0	candidates.jsonl
annotated-ref-shape	document	input-output-hk/offchain-metadata-tools:docs/api/0.4.0.0/openapi.yaml@91eba72d6e5e3b17cd49f625c9546f2c82df5a65	census 0	candidates.jsonl
annotated-ref-shape	document	input-output-hk/offchain-metadata-tools:docs/api/0.5.0.0/openapi.yaml@91eba72d6e5e3b17cd49f625c9546f2c82df5a65	census 0	candidates.jsonl
annotated-ref-shape	document	internetstandards/Internet.nl:interface/batch/openapi.yaml@bf322a92ab6bdc06bd55bfa12197eb5c09409d9f	census 2	candidates.jsonl
annotated-ref-shape	document	konfig-dev/konfig:sdks/db/intermediate-fixed-specs/baseten/openapi.yaml@bec3d36b9a341f30707a4ab3d9de6c4154809ada	census 0	candidates.jsonl
annotated-ref-shape	document	konfig-dev/konfig:sdks/db/intermediate-fixed-specs/bity/openapi.yaml@bec3d36b9a341f30707a4ab3d9de6c4154809ada	census 0	candidates.jsonl
annotated-ref-shape	document	konfig-dev/konfig:sdks/db/intermediate-fixed-specs/buttondown/openapi.yaml@bec3d36b9a341f30707a4ab3d9de6c4154809ada	census 0	candidates.jsonl
annotated-ref-shape	document	konfig-dev/konfig:sdks/db/intermediate-fixed-specs/coalesce/openapi.yaml@bec3d36b9a341f30707a4ab3d9de6c4154809ada	census 0	candidates.jsonl
annotated-ref-shape	document	konfig-dev/konfig:sdks/db/intermediate-fixed-specs/hathora/openapi.yaml@bec3d36b9a341f30707a4ab3d9de6c4154809ada	census 0	candidates.jsonl
annotated-ref-shape	document	konfig-dev/konfig:sdks/db/intermediate-fixed-specs/jiko/openapi.yaml@bec3d36b9a341f30707a4ab3d9de6c4154809ada	census 0	candidates.jsonl
annotated-ref-shape	document	konfig-dev/konfig:sdks/db/intermediate-fixed-specs/jina-ai/openapi.yaml@bec3d36b9a341f30707a4ab3d9de6c4154809ada	census 0	candidates.jsonl
annotated-ref-shape	document	konfig-dev/konfig:sdks/db/intermediate-fixed-specs/malga/openapi.yaml@bec3d36b9a341f30707a4ab3d9de6c4154809ada	census 0	candidates.jsonl
annotated-ref-shape	document	konfig-dev/konfig:sdks/db/intermediate-fixed-specs/pulze-ai/openapi.yaml@bec3d36b9a341f30707a4ab3d9de6c4154809ada	census 0	candidates.jsonl
annotated-ref-shape	document	konfig-dev/konfig:sdks/db/intermediate-fixed-specs/quivr/openapi.yaml@bec3d36b9a341f30707a4ab3d9de6c4154809ada	census 0	candidates.jsonl
annotated-ref-shape	document	konfig-dev/konfig:sdks/db/intermediate-fixed-specs/radix/openapi.yaml@bec3d36b9a341f30707a4ab3d9de6c4154809ada	census 0	candidates.jsonl
annotated-ref-shape	document	konfig-dev/konfig:sdks/db/intermediate-fixed-specs/rated/openapi.yaml@bec3d36b9a341f30707a4ab3d9de6c4154809ada	census 0	candidates.jsonl
annotated-ref-shape	document	konfig-dev/konfig:sdks/db/intermediate-fixed-specs/resistant-ai/openapi.yaml@bec3d36b9a341f30707a4ab3d9de6c4154809ada	census 0	candidates.jsonl
annotated-ref-shape	document	konfig-dev/konfig:sdks/db/intermediate-fixed-specs/seyna/openapi.yaml@bec3d36b9a341f30707a4ab3d9de6c4154809ada	census 0	candidates.jsonl
annotated-ref-shape	document	konfig-dev/konfig:sdks/db/intermediate-fixed-specs/soundcloud/openapi.yaml@bec3d36b9a341f30707a4ab3d9de6c4154809ada	census 4	candidates.jsonl
annotated-ref-shape	document	konfig-dev/konfig:sdks/db/intermediate-fixed-specs/uploadcare/openapi.yaml@bec3d36b9a341f30707a4ab3d9de6c4154809ada	census 0	candidates.jsonl
annotated-ref-shape	document	konfig-dev/konfig:sdks/db/intermediate-fixed-specs/x/openapi.yaml@bec3d36b9a341f30707a4ab3d9de6c4154809ada	census 0	candidates.jsonl
annotated-ref-shape	document	lklic/idios:doc/openapi.yaml@dc496d4f2c77fbe26c7e5d67717e1fc763638fb9	census 0	candidates.jsonl
annotated-ref-shape	document	mock-server/mockserver-monorepo:jekyll-www.mock-server.com/mockserver-openapi.yaml@c3ed55c8a8981013607c0e9a2c816880d1727596	census 0	candidates.jsonl
annotated-ref-shape	document	nullclaw/nullboiler:docs/openapi.yaml@1af33b6eb6ca431a0d29b3ba76d34e25f3db0ded	census 0	candidates.jsonl
annotated-ref-shape	document	openclaw/clickclack:packages/protocol/openapi.yaml@31d299eee271317aba901ede69aa8f1b370ebc0e	census 0	candidates.jsonl
annotated-ref-shape	document	openthread/ot-br-posix:src/rest/openapi.yaml@9802eb8e7c6492164d7a59cf183b1ab84fce3a82	census 0	candidates.jsonl
annotated-ref-shape	document	owncast/owncast:openapi.yaml@21a6f5670ef4c0e13750e2987729ae57de7f7f8c	census 0	candidates.jsonl
annotated-ref-shape	document	oxlip-lang/oal:examples/openapi.yaml@9c76fd5fd74c1f64c62a219aa2156b021a820f4a	census 0	candidates.jsonl
annotated-ref-shape	document	pengxiaoo/llama-index-fastapi:openapi.yaml@e31d3902a36ee8efa2fc0163133b09408acf8760	census 0	candidates.jsonl
annotated-ref-shape	document	pennersr/django-allauth:allauth/headless/spec/doc/openapi.yaml@b905ac2ccf24779ea381cc2a66c2853b782b0d8b	census 0	candidates.jsonl
annotated-ref-shape	document	rametta/rapini:example-openapi.yaml@7fafcc5c0ec57c4c2ba9de7814208fa968b55446	census 0	candidates.jsonl
annotated-ref-shape	document	sidoh/esp8266_milight_hub:docs/openapi.yaml@23102c73f7a40ad4308952162a9040f72d6cfc56	acquisition-failure: parse-failure	candidates.jsonl
annotated-ref-shape	document	stac-utils/stac-server:src/lambdas/api/openapi.yaml@db694c756bfd7dcf19dbf040f363d55bae6dbfd2	census 0	candidates.jsonl
annotated-ref-shape	document	wavesplatform/Waves:node/src/main/resources/swagger-ui/openapi.yaml@66faa85e5f6195c7ac3edf4cbe15723de865825c	census 0	candidates.jsonl
annotated-ref-shape	document	wxpusher/wxpusher-docs:docs/openapi.yaml@9315920511645d7fbc9b6b31923294063460779c	census 0	candidates.jsonl
annotated-ref-shape	query	\oneOf\"" "\"allOf\"" "\"title\"" "\"array\"" "\"requestBody\"" filename:openapi.json	0	queries.jsonl
annotated-ref-shape	query	anyOf: "allOf:" "title:" "type: array" "requestBody:" filename:openapi.yaml	2220	queries.jsonl
anyof-allof-variant	document	APIs-guru/openapi-directory:APIs/apideck.com/file-storage/10.0.0/openapi.yaml@f04b8d0bcd39c52e1cf3ad7a5fe744709832ae49	census 0	candidates.jsonl
anyof-allof-variant	document	APIs-guru/openapi-directory:APIs/cpy.re/peertube/5.1.0/openapi.yaml@f04b8d0bcd39c52e1cf3ad7a5fe744709832ae49	census 0	candidates.jsonl
anyof-allof-variant	document	APIs-guru/openapi-directory:APIs/doqs.dev/1.0/openapi.yaml@f04b8d0bcd39c52e1cf3ad7a5fe744709832ae49	census 0	candidates.jsonl
anyof-allof-variant	document	APIs-guru/openapi-directory:APIs/elevenlabs.io/1.0/openapi.yaml@f04b8d0bcd39c52e1cf3ad7a5fe744709832ae49	census 0	candidates.jsonl
anyof-allof-variant	document	APIs-guru/openapi-directory:APIs/graphhopper.com/1.0.0/openapi.yaml@f04b8d0bcd39c52e1cf3ad7a5fe744709832ae49	census 0	candidates.jsonl
anyof-allof-variant	document	APIs-guru/openapi-directory:APIs/intellifi.nl/2.23.4+0.gb463b49.dirty/openapi.yaml@f04b8d0bcd39c52e1cf3ad7a5fe744709832ae49	census 0	candidates.jsonl
anyof-allof-variant	document	APIs-guru/openapi-directory:APIs/ndhm.gov.in/ndhm-hiu/0.5/openapi.yaml@f04b8d0bcd39c52e1cf3ad7a5fe744709832ae49	census 0	candidates.jsonl
anyof-allof-variant	document	APIs-guru/openapi-directory:APIs/nexmo.com/reports/2.2.2/openapi.yaml@f04b8d0bcd39c52e1cf3ad7a5fe744709832ae49	census 0	candidates.jsonl
anyof-allof-variant	document	APIs-guru/openapi-directory:APIs/soundcloud.com/1.0.0/openapi.yaml@f04b8d0bcd39c52e1cf3ad7a5fe744709832ae49	census 0	candidates.jsonl
anyof-allof-variant	document	APIs-guru/openapi-directory:APIs/threatjammer.com/1.2.27/openapi.yaml@f04b8d0bcd39c52e1cf3ad7a5fe744709832ae49	census 0	candidates.jsonl
anyof-allof-variant	document	APIs-guru/openapi-directory:APIs/twitter.com/current/2.62/openapi.yaml@f04b8d0bcd39c52e1cf3ad7a5fe744709832ae49	census 0	candidates.jsonl
anyof-allof-variant	document	Azure/ARO-HCP:tooling/kiota/openapi.yaml@8f004397b8f71b9c3cca79a11c38b5a079d7dbfc	census 0	candidates.jsonl
anyof-allof-variant	document	Azure/ARO-RP:hack/graphsdk/openapi.yaml@6f2967e0352f87510aaada8c3eb0b0fcb5f0c3bf	census 0	candidates.jsonl
anyof-allof-variant	document	Azure/azure-rest-api-specs:specification/ai/data-plane/ModelInference/openapi/2024-05-01-preview/openapi.yaml@cfb70b985bacf991d059d71406dd4ef492dd301c	census 0	candidates.jsonl
anyof-allof-variant	document	Azure/bicep-extensibility:docs/contract/v2/openapi.yaml@e0bfd4364156a2d1e672920ffd88083ce4d3e5df	census 0	candidates.jsonl
anyof-allof-variant	document	Blueforcer/awtrix-ng:docs/api/openapi.yaml@6d6cc64aa6739724d8501199de70c6692cbb2c6c	acquisition-failure: parse-failure	candidates.jsonl
anyof-allof-variant	document	Christ9038/Ydisks-Xianyu-Helper:api/openapi.yaml@42a476fa8f325791509fbadae819984ae12fccfa	census 0	candidates.jsonl
anyof-allof-variant	document	CumulusNetworks/docs:static/nmx-api-8511000/openapi.yaml@240928356c70ad68c7b62163fce525e0a6881ccf	census 0	candidates.jsonl
anyof-allof-variant	document	CumulusNetworks/docs:static/nmx-api-8511100/openapi.yaml@240928356c70ad68c7b62163fce525e0a6881ccf	census 0	candidates.jsonl
anyof-allof-variant	document	DewyKB/dewy:openapi.yaml@78a581a56a91cee98edb97db50b76a88a389a65b	census 0	candidates.jsonl
anyof-allof-variant	document	Difegue/LANraragi:tools/openapi.yaml@db3106900d90e07f5723da9ed933cc0399a5670d	census 0	candidates.jsonl
anyof-allof-variant	document	Flagsmith/flagsmith:sdk/openapi.yaml@ea5ad826e85b240947ff6eeea7630650812bb1fe	census 0	candidates.jsonl
anyof-allof-variant	document	Kong/developer.konghq.com:api-specs/konnect/ai-builder/v1/openapi.yaml@158a0474ba8461a6a789585efea86e6b69dc03d3	census 0	candidates.jsonl
anyof-allof-variant	document	MagaluCloud/magalu:specs/globaldb.openapi.yaml@c467ba8e695fa21e427aa35a12f5ba137bb0dbca	census 0	candidates.jsonl
anyof-allof-variant	document	Morriz/itsUP:openapi.yaml@3225cee39811c659b9aade1db596f45203c09f13	census 0	candidates.jsonl
anyof-allof-variant	document	Open-EO/openeo-api:openapi.yaml@1881dae18b3c2c417f1305774cf295c81d60d400	acquisition-failure: parse-failure	candidates.jsonl
anyof-allof-variant	document	OpenAPITools/openapi-generator:samples/client/petstore/csharp/generichost/latest/UseDateTimeOffset/api/openapi.yaml@f81c416b76bcf9baabfb0361a7e94eb3881a2ca4	census 0	candidates.jsonl
anyof-allof-variant	document	OpenAPITools/openapi-generator:samples/client/petstore/csharp/generichost/net10/FormModels/api/openapi.yaml@f81c416b76bcf9baabfb0361a7e94eb3881a2ca4	census 0	candidates.jsonl
anyof-allof-variant	document	OpenAPITools/openapi-generator:samples/client/petstore/csharp/generichost/net10/NullReferenceTypes/api/openapi.yaml@f81c416b76bcf9baabfb0361a7e94eb3881a2ca4	census 0	candidates.jsonl
anyof-allof-variant	document	OpenAPITools/openapi-generator:samples/client/petstore/csharp/generichost/net10/SourceGeneration/api/openapi.yaml@f81c416b76bcf9baabfb0361a7e94eb3881a2ca4	census 0	candidates.jsonl
anyof-allof-variant	document	OpenAPITools/openapi-generator:samples/client/petstore/csharp/generichost/net9/NullReferenceTypes/api/openapi.yaml@f81c416b76bcf9baabfb0361a7e94eb3881a2ca4	census 0	candidates.jsonl
anyof-allof-variant	document	OpenAPITools/openapi-generator:samples/client/petstore/csharp/generichost/net9/SourceGeneration/api/openapi.yaml@f81c416b76bcf9baabfb0361a7e94eb3881a2ca4	census 0	candidates.jsonl
anyof-allof-variant	document	OpenAPITools/openapi-generator:samples/client/petstore/csharp/restsharp/net10/Petstore/api/openapi.yaml@f81c416b76bcf9baabfb0361a7e94eb3881a2ca4	census 0	candidates.jsonl
anyof-allof-variant	document	OpenAPITools/openapi-generator:samples/client/petstore/csharp/restsharp/net4.7/Petstore/api/openapi.yaml@f81c416b76bcf9baabfb0361a7e94eb3881a2ca4	census 0	candidates.jsonl
anyof-allof-variant	document	OpenAPITools/openapi-generator:samples/client/petstore/csharp/restsharp/net4.8/Petstore/api/openapi.yaml@f81c416b76bcf9baabfb0361a7e94eb3881a2ca4	census 0	candidates.jsonl
anyof-allof-variant	document	OpenAPITools/openapi-generator:samples/client/petstore/csharp/restsharp/net8/EnumMappings/api/openapi.yaml@f81c416b76bcf9baabfb0361a7e94eb3881a2ca4	census 0	candidates.jsonl
anyof-allof-variant	document	OpenAPITools/openapi-generator:samples/client/petstore/csharp/restsharp/net8/Petstore/api/openapi.yaml@f81c416b76bcf9baabfb0361a7e94eb3881a2ca4	census 0	candidates.jsonl
anyof-allof-variant	document	OpenAPITools/openapi-generator:samples/client/petstore/csharp/unityWebRequest/net10/Petstore/api/openapi.yaml@f81c416b76bcf9baabfb0361a7e94eb3881a2ca4	census 0	candidates.jsonl
anyof-allof-variant	document	OpenAPITools/openapi-generator:samples/client/petstore/java/native-async/api/openapi.yaml@f81c416b76bcf9baabfb0361a7e94eb3881a2ca4	census 0	candidates.jsonl
anyof-allof-variant	document	OpenAPITools/openapi-generator:samples/client/petstore/java/native-jackson3/api/openapi.yaml@f81c416b76bcf9baabfb0361a7e94eb3881a2ca4	census 0	candidates.jsonl
anyof-allof-variant	document	OpenAPITools/openapi-generator:samples/client/petstore/java/okhttp-gson/api/openapi.yaml@f81c416b76bcf9baabfb0361a7e94eb3881a2ca4	census 0	candidates.jsonl
anyof-allof-variant	document	OpenAPITools/openapi-generator:samples/openapi3/client/petstore/java/jersey2-java8/api/openapi.yaml@f81c416b76bcf9baabfb0361a7e94eb3881a2ca4	census 0	candidates.jsonl
anyof-allof-variant	document	Sofie-Automation/sofie-core:packages/openapi/src/generated/openapi.yaml@a636c0257bee8ce5d9017b56c5512ae415ebcf9f	census 0	candidates.jsonl
anyof-allof-variant	document	aerospike-community/aerolab:cli/cmd/v1/cloud/openapi.yaml@ae7e55c8bc9a606d6cd02ad5b050b1003860f978	census 0	candidates.jsonl
anyof-allof-variant	document	apache/airflow-client-go:airflow/api/openapi.yaml@8ce0b39cfbb2b45d360ffb00e40897319d085d15	census 0	candidates.jsonl
anyof-allof-variant	document	apostrophecms/apostrophe:packages/apostrophecms-openapi/apostrophecms-openapi.yaml@bcc5d37ad550bbf835cb972a021191a711303b5b	census 0	candidates.jsonl
anyof-allof-variant	document	arnoldhao/xiadown:docs/api/library-v1.openapi.yaml@c8e33101987f123dd8d8504a3ec15bd296d69e13	census 0	candidates.jsonl
anyof-allof-variant	document	backstage/backstage:plugins/catalog-backend/src/schema/openapi.yaml@b9c9dd2dddfeacd9d99792024121e65677cc8d06	census 0	candidates.jsonl
anyof-allof-variant	document	ballerina-platform/module-ballerinax-ai.agent:ballerina/modules/mistral/docs/spec/openapi.yaml@c4ec6ba82f0219e310b8783282ecbcd902a98cf7	census 0	candidates.jsonl
anyof-allof-variant	document	ballerina-platform/module-ballerinax-microsoft.outlook.mail:docs/spec/openapi.yaml@0bc7127332adef02fe03703881ba61bb99e421ed	census 0	candidates.jsonl
anyof-allof-variant	document	bbox-services/bbox:bbox-processes-server/src/openapi.yaml@ec8f16ec70cfa9cacc444c883ea3701f9457bde4	census 0	candidates.jsonl
anyof-allof-variant	document	camptocamp/oapi-poc:openapi.yaml@9365e94497f2c3a4798259249c2cfef6673197b9	census 0	candidates.jsonl
anyof-allof-variant	document	cerebrate-project/cerebrate:webroot/docs/openapi.yaml@316a144c622a53c4199a17c0af0832f472187fff	census 0	candidates.jsonl
anyof-allof-variant	document	ergoplatform/ergo:src/main/resources/api/openapi.yaml@23aabead88774d27f2c9190ace3c9abbc8f1d5cb	acquisition-failure: parse-failure	candidates.jsonl
anyof-allof-variant	document	evcc-io/docs:public/openapi.yaml@5c9c179f383c4dcffe36cbbb4654922c69ab434d	census 0	candidates.jsonl
anyof-allof-variant	document	flightctl/flightctl:api/core/v1beta1/openapi.yaml@296c65b17b2ebeb9779e8a44591237e32ad01474	census 0	candidates.jsonl
anyof-allof-variant	document	ga4gh/workflow-execution-service-schemas:openapi/workflow_execution_service.openapi.yaml@c3fb9fb7294311c7c08ac9d3fb143ab07ec67250	census 0	candidates.jsonl
anyof-allof-variant	document	geoserver/geoserver:src/community/oseo/oseo-stac/src/main/resources/org/geoserver/ogcapi/v1/stac/openapi.yaml@e5096dda80eea70d21167f01b08e543019852a7e	census 0	candidates.jsonl
anyof-allof-variant	document	hpi-schul-cloud/schulcloud-server:src/services/user/docs/adminusers.openapi.yaml@d9af447295697c569d25b131655a4e06183df63d	census 0	candidates.jsonl
anyof-allof-variant	document	hzi-braunschweig/pia-system:docs/openapi.yaml@3eaeb975711199c380b582a78a4dc281aaf0e3fe	census 0	candidates.jsonl
anyof-allof-variant	document	ingef/conquery:openapi.yaml@d00b00e073b36150e52f507e25c36eefa22038ac	census 0	candidates.jsonl
anyof-allof-variant	document	input-output-hk/offchain-metadata-tools:docs/api/0.1.0.0/openapi.yaml@91eba72d6e5e3b17cd49f625c9546f2c82df5a65	census 0	candidates.jsonl
anyof-allof-variant	document	input-output-hk/offchain-metadata-tools:docs/api/0.2.0.0/openapi.yaml@91eba72d6e5e3b17cd49f625c9546f2c82df5a65	census 0	candidates.jsonl
anyof-allof-variant	document	input-output-hk/offchain-metadata-tools:docs/api/0.3.0.0/openapi.yaml@91eba72d6e5e3b17cd49f625c9546f2c82df5a65	census 0	candidates.jsonl
anyof-allof-variant	document	input-output-hk/offchain-metadata-tools:docs/api/0.4.0.0/openapi.yaml@91eba72d6e5e3b17cd49f625c9546f2c82df5a65	census 0	candidates.jsonl
anyof-allof-variant	document	input-output-hk/offchain-metadata-tools:docs/api/0.5.0.0/openapi.yaml@91eba72d6e5e3b17cd49f625c9546f2c82df5a65	census 0	candidates.jsonl
anyof-allof-variant	document	internetstandards/Internet.nl:interface/batch/openapi.yaml@bf322a92ab6bdc06bd55bfa12197eb5c09409d9f	census 0	candidates.jsonl
anyof-allof-variant	document	konfig-dev/konfig:sdks/db/intermediate-fixed-specs/baseten/openapi.yaml@bec3d36b9a341f30707a4ab3d9de6c4154809ada	census 0	candidates.jsonl
anyof-allof-variant	document	konfig-dev/konfig:sdks/db/intermediate-fixed-specs/bity/openapi.yaml@bec3d36b9a341f30707a4ab3d9de6c4154809ada	census 0	candidates.jsonl
anyof-allof-variant	document	konfig-dev/konfig:sdks/db/intermediate-fixed-specs/buttondown/openapi.yaml@bec3d36b9a341f30707a4ab3d9de6c4154809ada	census 0	candidates.jsonl
anyof-allof-variant	document	konfig-dev/konfig:sdks/db/intermediate-fixed-specs/coalesce/openapi.yaml@bec3d36b9a341f30707a4ab3d9de6c4154809ada	census 0	candidates.jsonl
anyof-allof-variant	document	konfig-dev/konfig:sdks/db/intermediate-fixed-specs/fountain/openapi.yaml@bec3d36b9a341f30707a4ab3d9de6c4154809ada	census 0	candidates.jsonl
anyof-allof-variant	document	konfig-dev/konfig:sdks/db/intermediate-fixed-specs/hathora/openapi.yaml@bec3d36b9a341f30707a4ab3d9de6c4154809ada	census 0	candidates.jsonl
anyof-allof-variant	document	konfig-dev/konfig:sdks/db/intermediate-fixed-specs/jiko/openapi.yaml@bec3d36b9a341f30707a4ab3d9de6c4154809ada	census 0	candidates.jsonl
anyof-allof-variant	document	konfig-dev/konfig:sdks/db/intermediate-fixed-specs/jina-ai/openapi.yaml@bec3d36b9a341f30707a4ab3d9de6c4154809ada	census 0	candidates.jsonl
anyof-allof-variant	document	konfig-dev/konfig:sdks/db/intermediate-fixed-specs/malga/openapi.yaml@bec3d36b9a341f30707a4ab3d9de6c4154809ada	census 0	candidates.jsonl
anyof-allof-variant	document	konfig-dev/konfig:sdks/db/intermediate-fixed-specs/paypal/payment/openapi.yaml@bec3d36b9a341f30707a4ab3d9de6c4154809ada	census 0	candidates.jsonl
anyof-allof-variant	document	konfig-dev/konfig:sdks/db/intermediate-fixed-specs/pulze-ai/openapi.yaml@bec3d36b9a341f30707a4ab3d9de6c4154809ada	census 0	candidates.jsonl
anyof-allof-variant	document	konfig-dev/konfig:sdks/db/intermediate-fixed-specs/quivr/openapi.yaml@bec3d36b9a341f30707a4ab3d9de6c4154809ada	census 0	candidates.jsonl
anyof-allof-variant	document	konfig-dev/konfig:sdks/db/intermediate-fixed-specs/radix/openapi.yaml@bec3d36b9a341f30707a4ab3d9de6c4154809ada	census 0	candidates.jsonl
anyof-allof-variant	document	konfig-dev/konfig:sdks/db/intermediate-fixed-specs/rated/openapi.yaml@bec3d36b9a341f30707a4ab3d9de6c4154809ada	census 0	candidates.jsonl
anyof-allof-variant	document	konfig-dev/konfig:sdks/db/intermediate-fixed-specs/resistant-ai/openapi.yaml@bec3d36b9a341f30707a4ab3d9de6c4154809ada	census 0	candidates.jsonl
anyof-allof-variant	document	konfig-dev/konfig:sdks/db/intermediate-fixed-specs/seyna/openapi.yaml@bec3d36b9a341f30707a4ab3d9de6c4154809ada	census 0	candidates.jsonl
anyof-allof-variant	document	konfig-dev/konfig:sdks/db/intermediate-fixed-specs/soundcloud/openapi.yaml@bec3d36b9a341f30707a4ab3d9de6c4154809ada	census 0	candidates.jsonl
anyof-allof-variant	document	konfig-dev/konfig:sdks/db/intermediate-fixed-specs/uploadcare/openapi.yaml@bec3d36b9a341f30707a4ab3d9de6c4154809ada	census 0	candidates.jsonl
anyof-allof-variant	document	konfig-dev/konfig:sdks/db/intermediate-fixed-specs/x/openapi.yaml@bec3d36b9a341f30707a4ab3d9de6c4154809ada	census 0	candidates.jsonl
anyof-allof-variant	document	konfig-sdks/openapi-examples:seyna/openapi.yaml@161ab49c45e45825ca3832945c59a3ba904321ba	census 0	candidates.jsonl
anyof-allof-variant	document	lklic/idios:doc/openapi.yaml@dc496d4f2c77fbe26c7e5d67717e1fc763638fb9	census 0	candidates.jsonl
anyof-allof-variant	document	mock-server/mockserver-monorepo:jekyll-www.mock-server.com/mockserver-openapi.yaml@cec8b3c37cb1b01c662e5ebd3e1e9f003af7a6b3	census 0	candidates.jsonl
anyof-allof-variant	document	nullclaw/nullboiler:docs/openapi.yaml@1af33b6eb6ca431a0d29b3ba76d34e25f3db0ded	census 0	candidates.jsonl
anyof-allof-variant	document	openclaw/clickclack:packages/protocol/openapi.yaml@31d299eee271317aba901ede69aa8f1b370ebc0e	census 0	candidates.jsonl
anyof-allof-variant	document	openthread/ot-br-posix:src/rest/openapi.yaml@9802eb8e7c6492164d7a59cf183b1ab84fce3a82	census 0	candidates.jsonl
anyof-allof-variant	document	oxlip-lang/oal:examples/openapi.yaml@9c76fd5fd74c1f64c62a219aa2156b021a820f4a	census 0	candidates.jsonl
anyof-allof-variant	document	pengxiaoo/llama-index-fastapi:openapi.yaml@e31d3902a36ee8efa2fc0163133b09408acf8760	census 0	candidates.jsonl
anyof-allof-variant	document	pennersr/django-allauth:allauth/headless/spec/doc/openapi.yaml@b905ac2ccf24779ea381cc2a66c2853b782b0d8b	census 0	candidates.jsonl
anyof-allof-variant	document	rametta/rapini:example-openapi.yaml@7fafcc5c0ec57c4c2ba9de7814208fa968b55446	census 0	candidates.jsonl
anyof-allof-variant	document	sidoh/esp8266_milight_hub:docs/openapi.yaml@23102c73f7a40ad4308952162a9040f72d6cfc56	acquisition-failure: parse-failure	candidates.jsonl
anyof-allof-variant	document	stac-utils/stac-server:src/lambdas/api/openapi.yaml@db694c756bfd7dcf19dbf040f363d55bae6dbfd2	census 0	candidates.jsonl
anyof-allof-variant	document	wavesplatform/Waves:node/src/main/resources/swagger-ui/openapi.yaml@66faa85e5f6195c7ac3edf4cbe15723de865825c	census 1	candidates.jsonl
anyof-allof-variant	document	wxpusher/wxpusher-docs:docs/openapi.yaml@9315920511645d7fbc9b6b31923294063460779c	census 0	candidates.jsonl
anyof-allof-variant	query	\anyOf\"" "\"allOf\"" "\"requestBody\"" filename:openapi.json	0	queries.jsonl
anyof-allof-variant	query	anyOf: "allOf:" "requestBody:" filename:openapi.yaml	2212	queries.jsonl
anyof-array-variant-annotated-ref-item	document	APIs-guru/openapi-directory:APIs/apache.org/airflow/2.5.3/openapi.yaml@f04b8d0bcd39c52e1cf3ad7a5fe744709832ae49	census 0	candidates.jsonl
anyof-array-variant-annotated-ref-item	document	APIs-guru/openapi-directory:APIs/apideck.com/file-storage/10.0.0/openapi.yaml@f04b8d0bcd39c52e1cf3ad7a5fe744709832ae49	census 0	candidates.jsonl
anyof-array-variant-annotated-ref-item	document	APIs-guru/openapi-directory:APIs/cpy.re/peertube/5.1.0/openapi.yaml@f04b8d0bcd39c52e1cf3ad7a5fe744709832ae49	census 0	candidates.jsonl
anyof-array-variant-annotated-ref-item	document	APIs-guru/openapi-directory:APIs/doqs.dev/1.0/openapi.yaml@f04b8d0bcd39c52e1cf3ad7a5fe744709832ae49	census 0	candidates.jsonl
anyof-array-variant-annotated-ref-item	document	APIs-guru/openapi-directory:APIs/elevenlabs.io/1.0/openapi.yaml@f04b8d0bcd39c52e1cf3ad7a5fe744709832ae49	census 0	candidates.jsonl
anyof-array-variant-annotated-ref-item	document	APIs-guru/openapi-directory:APIs/graphhopper.com/1.0.0/openapi.yaml@f04b8d0bcd39c52e1cf3ad7a5fe744709832ae49	census 0	candidates.jsonl
anyof-array-variant-annotated-ref-item	document	APIs-guru/openapi-directory:APIs/intellifi.nl/2.23.4+0.gb463b49.dirty/openapi.yaml@f04b8d0bcd39c52e1cf3ad7a5fe744709832ae49	census 0	candidates.jsonl
anyof-array-variant-annotated-ref-item	document	APIs-guru/openapi-directory:APIs/ndhm.gov.in/ndhm-hiu/0.5/openapi.yaml@f04b8d0bcd39c52e1cf3ad7a5fe744709832ae49	census 0	candidates.jsonl
anyof-array-variant-annotated-ref-item	document	APIs-guru/openapi-directory:APIs/nexmo.com/reports/2.2.2/openapi.yaml@f04b8d0bcd39c52e1cf3ad7a5fe744709832ae49	census 0	candidates.jsonl
anyof-array-variant-annotated-ref-item	document	APIs-guru/openapi-directory:APIs/soundcloud.com/1.0.0/openapi.yaml@f04b8d0bcd39c52e1cf3ad7a5fe744709832ae49	census 0	candidates.jsonl
anyof-array-variant-annotated-ref-item	document	APIs-guru/openapi-directory:APIs/threatjammer.com/1.2.27/openapi.yaml@f04b8d0bcd39c52e1cf3ad7a5fe744709832ae49	census 0	candidates.jsonl
anyof-array-variant-annotated-ref-item	document	APIs-guru/openapi-directory:APIs/twitter.com/current/2.62/openapi.yaml@f04b8d0bcd39c52e1cf3ad7a5fe744709832ae49	census 0	candidates.jsonl
anyof-array-variant-annotated-ref-item	document	Azure/ARO-HCP:tooling/kiota/openapi.yaml@8f004397b8f71b9c3cca79a11c38b5a079d7dbfc	census 0	candidates.jsonl
anyof-array-variant-annotated-ref-item	document	Azure/ARO-RP:hack/graphsdk/openapi.yaml@6f2967e0352f87510aaada8c3eb0b0fcb5f0c3bf	census 0	candidates.jsonl
anyof-array-variant-annotated-ref-item	document	Azure/azure-rest-api-specs:specification/ai/data-plane/ModelInference/openapi/2024-05-01-preview/openapi.yaml@cfb70b985bacf991d059d71406dd4ef492dd301c	census 0	candidates.jsonl
anyof-array-variant-annotated-ref-item	document	Azure/bicep-extensibility:docs/contract/v2/openapi.yaml@e0bfd4364156a2d1e672920ffd88083ce4d3e5df	census 0	candidates.jsonl
anyof-array-variant-annotated-ref-item	document	Blueforcer/awtrix-ng:docs/api/openapi.yaml@6d6cc64aa6739724d8501199de70c6692cbb2c6c	acquisition-failure: parse-failure	candidates.jsonl
anyof-array-variant-annotated-ref-item	document	Christ9038/Ydisks-Xianyu-Helper:api/openapi.yaml@42a476fa8f325791509fbadae819984ae12fccfa	census 0	candidates.jsonl
anyof-array-variant-annotated-ref-item	document	CumulusNetworks/docs:static/nmx-api-8511000/openapi.yaml@240928356c70ad68c7b62163fce525e0a6881ccf	census 0	candidates.jsonl
anyof-array-variant-annotated-ref-item	document	CumulusNetworks/docs:static/nmx-api-8511100/openapi.yaml@240928356c70ad68c7b62163fce525e0a6881ccf	census 0	candidates.jsonl
anyof-array-variant-annotated-ref-item	document	DewyKB/dewy:openapi.yaml@78a581a56a91cee98edb97db50b76a88a389a65b	census 0	candidates.jsonl
anyof-array-variant-annotated-ref-item	document	Difegue/LANraragi:tools/openapi.yaml@db3106900d90e07f5723da9ed933cc0399a5670d	census 0	candidates.jsonl
anyof-array-variant-annotated-ref-item	document	Flagsmith/flagsmith:sdk/openapi.yaml@ea5ad826e85b240947ff6eeea7630650812bb1fe	census 0	candidates.jsonl
anyof-array-variant-annotated-ref-item	document	Kong/developer.konghq.com:api-specs/konnect/ai-builder/v1/openapi.yaml@158a0474ba8461a6a789585efea86e6b69dc03d3	census 0	candidates.jsonl
anyof-array-variant-annotated-ref-item	document	MagaluCloud/magalu:specs/globaldb.openapi.yaml@c467ba8e695fa21e427aa35a12f5ba137bb0dbca	census 0	candidates.jsonl
anyof-array-variant-annotated-ref-item	document	Morriz/itsUP:openapi.yaml@3225cee39811c659b9aade1db596f45203c09f13	census 0	candidates.jsonl
anyof-array-variant-annotated-ref-item	document	Open-EO/openeo-api:openapi.yaml@1881dae18b3c2c417f1305774cf295c81d60d400	acquisition-failure: parse-failure	candidates.jsonl
anyof-array-variant-annotated-ref-item	document	OpenAPITools/openapi-generator:samples/client/petstore/csharp/generichost/latest/UseDateTimeOffset/api/openapi.yaml@f81c416b76bcf9baabfb0361a7e94eb3881a2ca4	census 0	candidates.jsonl
anyof-array-variant-annotated-ref-item	document	OpenAPITools/openapi-generator:samples/client/petstore/csharp/generichost/net10/FormModels/api/openapi.yaml@f81c416b76bcf9baabfb0361a7e94eb3881a2ca4	census 0	candidates.jsonl
anyof-array-variant-annotated-ref-item	document	OpenAPITools/openapi-generator:samples/client/petstore/csharp/generichost/net10/NullReferenceTypes/api/openapi.yaml@f81c416b76bcf9baabfb0361a7e94eb3881a2ca4	census 0	candidates.jsonl
anyof-array-variant-annotated-ref-item	document	OpenAPITools/openapi-generator:samples/client/petstore/csharp/generichost/net10/SourceGeneration/api/openapi.yaml@f81c416b76bcf9baabfb0361a7e94eb3881a2ca4	census 0	candidates.jsonl
anyof-array-variant-annotated-ref-item	document	OpenAPITools/openapi-generator:samples/client/petstore/csharp/generichost/net9/NullReferenceTypes/api/openapi.yaml@f81c416b76bcf9baabfb0361a7e94eb3881a2ca4	census 0	candidates.jsonl
anyof-array-variant-annotated-ref-item	document	OpenAPITools/openapi-generator:samples/client/petstore/csharp/generichost/net9/SourceGeneration/api/openapi.yaml@f81c416b76bcf9baabfb0361a7e94eb3881a2ca4	census 0	candidates.jsonl
anyof-array-variant-annotated-ref-item	document	OpenAPITools/openapi-generator:samples/client/petstore/csharp/restsharp/net10/Petstore/api/openapi.yaml@f81c416b76bcf9baabfb0361a7e94eb3881a2ca4	census 0	candidates.jsonl
anyof-array-variant-annotated-ref-item	document	OpenAPITools/openapi-generator:samples/client/petstore/csharp/restsharp/net4.7/Petstore/api/openapi.yaml@f81c416b76bcf9baabfb0361a7e94eb3881a2ca4	census 0	candidates.jsonl
anyof-array-variant-annotated-ref-item	document	OpenAPITools/openapi-generator:samples/client/petstore/csharp/restsharp/net4.8/Petstore/api/openapi.yaml@f81c416b76bcf9baabfb0361a7e94eb3881a2ca4	census 0	candidates.jsonl
anyof-array-variant-annotated-ref-item	document	OpenAPITools/openapi-generator:samples/client/petstore/csharp/restsharp/net8/EnumMappings/api/openapi.yaml@f81c416b76bcf9baabfb0361a7e94eb3881a2ca4	census 0	candidates.jsonl
anyof-array-variant-annotated-ref-item	document	OpenAPITools/openapi-generator:samples/client/petstore/csharp/restsharp/net8/Petstore/api/openapi.yaml@f81c416b76bcf9baabfb0361a7e94eb3881a2ca4	census 0	candidates.jsonl
anyof-array-variant-annotated-ref-item	document	OpenAPITools/openapi-generator:samples/client/petstore/csharp/unityWebRequest/net10/Petstore/api/openapi.yaml@f81c416b76bcf9baabfb0361a7e94eb3881a2ca4	census 0	candidates.jsonl
anyof-array-variant-annotated-ref-item	document	OpenAPITools/openapi-generator:samples/client/petstore/csharp/unityWebRequest/net9/Petstore/api/openapi.yaml@f81c416b76bcf9baabfb0361a7e94eb3881a2ca4	census 0	candidates.jsonl
anyof-array-variant-annotated-ref-item	document	OpenAPITools/openapi-generator:samples/client/petstore/java/native-async/api/openapi.yaml@f81c416b76bcf9baabfb0361a7e94eb3881a2ca4	census 0	candidates.jsonl
anyof-array-variant-annotated-ref-item	document	OpenAPITools/openapi-generator:samples/client/petstore/java/native-jackson3/api/openapi.yaml@f81c416b76bcf9baabfb0361a7e94eb3881a2ca4	census 0	candidates.jsonl
anyof-array-variant-annotated-ref-item	document	OpenAPITools/openapi-generator:samples/client/petstore/java/okhttp-gson/api/openapi.yaml@f81c416b76bcf9baabfb0361a7e94eb3881a2ca4	census 0	candidates.jsonl
anyof-array-variant-annotated-ref-item	document	OpenAPITools/openapi-generator:samples/openapi3/client/petstore/java/jersey2-java8/api/openapi.yaml@f81c416b76bcf9baabfb0361a7e94eb3881a2ca4	census 0	candidates.jsonl
anyof-array-variant-annotated-ref-item	document	Sofie-Automation/sofie-core:packages/openapi/src/generated/openapi.yaml@a636c0257bee8ce5d9017b56c5512ae415ebcf9f	census 0	candidates.jsonl
anyof-array-variant-annotated-ref-item	document	aerospike-community/aerolab:cli/cmd/v1/cloud/openapi.yaml@ae7e55c8bc9a606d6cd02ad5b050b1003860f978	census 0	candidates.jsonl
anyof-array-variant-annotated-ref-item	document	apache/airflow-client-go:airflow/api/openapi.yaml@8ce0b39cfbb2b45d360ffb00e40897319d085d15	census 0	candidates.jsonl
anyof-array-variant-annotated-ref-item	document	apostrophecms/apostrophe:packages/apostrophecms-openapi/apostrophecms-openapi.yaml@bcc5d37ad550bbf835cb972a021191a711303b5b	census 0	candidates.jsonl
anyof-array-variant-annotated-ref-item	document	arnoldhao/xiadown:docs/api/library-v1.openapi.yaml@c8e33101987f123dd8d8504a3ec15bd296d69e13	census 0	candidates.jsonl
anyof-array-variant-annotated-ref-item	document	backstage/backstage:plugins/catalog-backend/src/schema/openapi.yaml@b9c9dd2dddfeacd9d99792024121e65677cc8d06	census 0	candidates.jsonl
anyof-array-variant-annotated-ref-item	document	backstage/backstage:plugins/scaffolder-backend/src/schema/openapi.yaml@b9c9dd2dddfeacd9d99792024121e65677cc8d06	census 0	candidates.jsonl
anyof-array-variant-annotated-ref-item	document	ballerina-platform/module-ballerinax-ai.agent:ballerina/modules/mistral/docs/spec/openapi.yaml@c4ec6ba82f0219e310b8783282ecbcd902a98cf7	census 0	candidates.jsonl
anyof-array-variant-annotated-ref-item	document	ballerina-platform/module-ballerinax-microsoft.outlook.mail:docs/spec/openapi.yaml@0bc7127332adef02fe03703881ba61bb99e421ed	census 0	candidates.jsonl
anyof-array-variant-annotated-ref-item	document	bbox-services/bbox:bbox-processes-server/src/openapi.yaml@ec8f16ec70cfa9cacc444c883ea3701f9457bde4	census 0	candidates.jsonl
anyof-array-variant-annotated-ref-item	document	camptocamp/oapi-poc:openapi.yaml@9365e94497f2c3a4798259249c2cfef6673197b9	census 0	candidates.jsonl
anyof-array-variant-annotated-ref-item	document	cerebrate-project/cerebrate:webroot/docs/openapi.yaml@316a144c622a53c4199a17c0af0832f472187fff	census 0	candidates.jsonl
anyof-array-variant-annotated-ref-item	document	ergoplatform/ergo:src/main/resources/api/openapi.yaml@23aabead88774d27f2c9190ace3c9abbc8f1d5cb	acquisition-failure: parse-failure	candidates.jsonl
anyof-array-variant-annotated-ref-item	document	evcc-io/docs:public/openapi.yaml@5c9c179f383c4dcffe36cbbb4654922c69ab434d	census 0	candidates.jsonl
anyof-array-variant-annotated-ref-item	document	flightctl/flightctl:api/core/v1beta1/openapi.yaml@296c65b17b2ebeb9779e8a44591237e32ad01474	census 0	candidates.jsonl
anyof-array-variant-annotated-ref-item	document	ga4gh/workflow-execution-service-schemas:openapi/workflow_execution_service.openapi.yaml@c3fb9fb7294311c7c08ac9d3fb143ab07ec67250	census 0	candidates.jsonl
anyof-array-variant-annotated-ref-item	document	geoserver/geoserver:src/community/oseo/oseo-stac/src/main/resources/org/geoserver/ogcapi/v1/stac/openapi.yaml@e5096dda80eea70d21167f01b08e543019852a7e	census 0	candidates.jsonl
anyof-array-variant-annotated-ref-item	document	hpi-schul-cloud/schulcloud-server:src/services/user/docs/adminusers.openapi.yaml@d9af447295697c569d25b131655a4e06183df63d	census 0	candidates.jsonl
anyof-array-variant-annotated-ref-item	document	ingef/conquery:openapi.yaml@d00b00e073b36150e52f507e25c36eefa22038ac	census 0	candidates.jsonl
anyof-array-variant-annotated-ref-item	document	input-output-hk/offchain-metadata-tools:docs/api/0.1.0.0/openapi.yaml@91eba72d6e5e3b17cd49f625c9546f2c82df5a65	census 0	candidates.jsonl
anyof-array-variant-annotated-ref-item	document	input-output-hk/offchain-metadata-tools:docs/api/0.2.0.0/openapi.yaml@91eba72d6e5e3b17cd49f625c9546f2c82df5a65	census 0	candidates.jsonl
anyof-array-variant-annotated-ref-item	document	input-output-hk/offchain-metadata-tools:docs/api/0.3.0.0/openapi.yaml@91eba72d6e5e3b17cd49f625c9546f2c82df5a65	census 0	candidates.jsonl
anyof-array-variant-annotated-ref-item	document	input-output-hk/offchain-metadata-tools:docs/api/0.4.0.0/openapi.yaml@91eba72d6e5e3b17cd49f625c9546f2c82df5a65	census 0	candidates.jsonl
anyof-array-variant-annotated-ref-item	document	input-output-hk/offchain-metadata-tools:docs/api/0.5.0.0/openapi.yaml@91eba72d6e5e3b17cd49f625c9546f2c82df5a65	census 0	candidates.jsonl
anyof-array-variant-annotated-ref-item	document	internetstandards/Internet.nl:interface/batch/openapi.yaml@bf322a92ab6bdc06bd55bfa12197eb5c09409d9f	census 0	candidates.jsonl
anyof-array-variant-annotated-ref-item	document	konfig-dev/konfig:sdks/db/intermediate-fixed-specs/baseten/openapi.yaml@bec3d36b9a341f30707a4ab3d9de6c4154809ada	census 0	candidates.jsonl
anyof-array-variant-annotated-ref-item	document	konfig-dev/konfig:sdks/db/intermediate-fixed-specs/bity/openapi.yaml@bec3d36b9a341f30707a4ab3d9de6c4154809ada	census 0	candidates.jsonl
anyof-array-variant-annotated-ref-item	document	konfig-dev/konfig:sdks/db/intermediate-fixed-specs/buttondown/openapi.yaml@bec3d36b9a341f30707a4ab3d9de6c4154809ada	census 0	candidates.jsonl
anyof-array-variant-annotated-ref-item	document	konfig-dev/konfig:sdks/db/intermediate-fixed-specs/coalesce/openapi.yaml@bec3d36b9a341f30707a4ab3d9de6c4154809ada	census 0	candidates.jsonl
anyof-array-variant-annotated-ref-item	document	konfig-dev/konfig:sdks/db/intermediate-fixed-specs/hathora/openapi.yaml@bec3d36b9a341f30707a4ab3d9de6c4154809ada	census 0	candidates.jsonl
anyof-array-variant-annotated-ref-item	document	konfig-dev/konfig:sdks/db/intermediate-fixed-specs/jiko/openapi.yaml@bec3d36b9a341f30707a4ab3d9de6c4154809ada	census 0	candidates.jsonl
anyof-array-variant-annotated-ref-item	document	konfig-dev/konfig:sdks/db/intermediate-fixed-specs/jina-ai/openapi.yaml@bec3d36b9a341f30707a4ab3d9de6c4154809ada	census 0	candidates.jsonl
anyof-array-variant-annotated-ref-item	document	konfig-dev/konfig:sdks/db/intermediate-fixed-specs/malga/openapi.yaml@bec3d36b9a341f30707a4ab3d9de6c4154809ada	census 0	candidates.jsonl
anyof-array-variant-annotated-ref-item	document	konfig-dev/konfig:sdks/db/intermediate-fixed-specs/pulze-ai/openapi.yaml@bec3d36b9a341f30707a4ab3d9de6c4154809ada	census 0	candidates.jsonl
anyof-array-variant-annotated-ref-item	document	konfig-dev/konfig:sdks/db/intermediate-fixed-specs/quivr/openapi.yaml@bec3d36b9a341f30707a4ab3d9de6c4154809ada	census 0	candidates.jsonl
anyof-array-variant-annotated-ref-item	document	konfig-dev/konfig:sdks/db/intermediate-fixed-specs/radix/openapi.yaml@bec3d36b9a341f30707a4ab3d9de6c4154809ada	census 0	candidates.jsonl
anyof-array-variant-annotated-ref-item	document	konfig-dev/konfig:sdks/db/intermediate-fixed-specs/rated/openapi.yaml@bec3d36b9a341f30707a4ab3d9de6c4154809ada	census 0	candidates.jsonl
anyof-array-variant-annotated-ref-item	document	konfig-dev/konfig:sdks/db/intermediate-fixed-specs/resistant-ai/openapi.yaml@bec3d36b9a341f30707a4ab3d9de6c4154809ada	census 0	candidates.jsonl
anyof-array-variant-annotated-ref-item	document	konfig-dev/konfig:sdks/db/intermediate-fixed-specs/seyna/openapi.yaml@bec3d36b9a341f30707a4ab3d9de6c4154809ada	census 0	candidates.jsonl
anyof-array-variant-annotated-ref-item	document	konfig-dev/konfig:sdks/db/intermediate-fixed-specs/soundcloud/openapi.yaml@bec3d36b9a341f30707a4ab3d9de6c4154809ada	census 0	candidates.jsonl
anyof-array-variant-annotated-ref-item	document	konfig-dev/konfig:sdks/db/intermediate-fixed-specs/uploadcare/openapi.yaml@bec3d36b9a341f30707a4ab3d9de6c4154809ada	census 0	candidates.jsonl
anyof-array-variant-annotated-ref-item	document	konfig-dev/konfig:sdks/db/intermediate-fixed-specs/x/openapi.yaml@bec3d36b9a341f30707a4ab3d9de6c4154809ada	census 0	candidates.jsonl
anyof-array-variant-annotated-ref-item	document	konfig-sdks/openapi-examples:seyna/openapi.yaml@161ab49c45e45825ca3832945c59a3ba904321ba	census 0	candidates.jsonl
anyof-array-variant-annotated-ref-item	document	mock-server/mockserver-monorepo:jekyll-www.mock-server.com/mockserver-openapi.yaml@cec8b3c37cb1b01c662e5ebd3e1e9f003af7a6b3	census 0	candidates.jsonl
anyof-array-variant-annotated-ref-item	document	nullclaw/nullboiler:docs/openapi.yaml@1af33b6eb6ca431a0d29b3ba76d34e25f3db0ded	census 0	candidates.jsonl
anyof-array-variant-annotated-ref-item	document	openclaw/clickclack:packages/protocol/openapi.yaml@31d299eee271317aba901ede69aa8f1b370ebc0e	census 0	candidates.jsonl
anyof-array-variant-annotated-ref-item	document	openthread/ot-br-posix:src/rest/openapi.yaml@9802eb8e7c6492164d7a59cf183b1ab84fce3a82	census 0	candidates.jsonl
anyof-array-variant-annotated-ref-item	document	owncast/owncast:openapi.yaml@21a6f5670ef4c0e13750e2987729ae57de7f7f8c	census 0	candidates.jsonl
anyof-array-variant-annotated-ref-item	document	oxlip-lang/oal:examples/openapi.yaml@9c76fd5fd74c1f64c62a219aa2156b021a820f4a	census 0	candidates.jsonl
anyof-array-variant-annotated-ref-item	document	pengxiaoo/llama-index-fastapi:openapi.yaml@e31d3902a36ee8efa2fc0163133b09408acf8760	census 0	candidates.jsonl
anyof-array-variant-annotated-ref-item	document	pennersr/django-allauth:allauth/headless/spec/doc/openapi.yaml@b905ac2ccf24779ea381cc2a66c2853b782b0d8b	census 0	candidates.jsonl
anyof-array-variant-annotated-ref-item	document	rametta/rapini:example-openapi.yaml@7fafcc5c0ec57c4c2ba9de7814208fa968b55446	census 0	candidates.jsonl
anyof-array-variant-annotated-ref-item	document	sidoh/esp8266_milight_hub:docs/openapi.yaml@23102c73f7a40ad4308952162a9040f72d6cfc56	acquisition-failure: parse-failure	candidates.jsonl
anyof-array-variant-annotated-ref-item	document	stac-utils/stac-server:src/lambdas/api/openapi.yaml@db694c756bfd7dcf19dbf040f363d55bae6dbfd2	census 0	candidates.jsonl
anyof-array-variant-annotated-ref-item	document	wavesplatform/Waves:node/src/main/resources/swagger-ui/openapi.yaml@66faa85e5f6195c7ac3edf4cbe15723de865825c	census 0	candidates.jsonl
anyof-array-variant-annotated-ref-item	document	wxpusher/wxpusher-docs:docs/openapi.yaml@9315920511645d7fbc9b6b31923294063460779c	census 0	candidates.jsonl
anyof-array-variant-annotated-ref-item	query	\anyOf\"" "\"array\"" "\"allOf\"" "\"description\"" "\"requestBody\"" filename:openapi.json	0	queries.jsonl
anyof-array-variant-annotated-ref-item	query	anyOf: "type: array" "allOf:" "description:" "requestBody:" filename:openapi.yaml	2220	queries.jsonl
anyof-array-variant-composed-item	document	APIs-guru/openapi-directory:APIs/apache.org/airflow/2.5.3/openapi.yaml@f04b8d0bcd39c52e1cf3ad7a5fe744709832ae49	census 0	candidates.jsonl
anyof-array-variant-composed-item	document	APIs-guru/openapi-directory:APIs/apideck.com/file-storage/10.0.0/openapi.yaml@f04b8d0bcd39c52e1cf3ad7a5fe744709832ae49	census 0	candidates.jsonl
anyof-array-variant-composed-item	document	APIs-guru/openapi-directory:APIs/bbc.com/1.0.0/openapi.yaml@f04b8d0bcd39c52e1cf3ad7a5fe744709832ae49	census 0	candidates.jsonl
anyof-array-variant-composed-item	document	APIs-guru/openapi-directory:APIs/doqs.dev/1.0/openapi.yaml@f04b8d0bcd39c52e1cf3ad7a5fe744709832ae49	census 0	candidates.jsonl
anyof-array-variant-composed-item	document	APIs-guru/openapi-directory:APIs/intellifi.nl/2.23.4+0.gb463b49.dirty/openapi.yaml@f04b8d0bcd39c52e1cf3ad7a5fe744709832ae49	census 0	candidates.jsonl
anyof-array-variant-composed-item	document	APIs-guru/openapi-directory:APIs/meteosource.com/v1/openapi.yaml@f04b8d0bcd39c52e1cf3ad7a5fe744709832ae49	census 0	candidates.jsonl
anyof-array-variant-composed-item	document	APIs-guru/openapi-directory:APIs/nexmo.com/reports/2.2.2/openapi.yaml@f04b8d0bcd39c52e1cf3ad7a5fe744709832ae49	census 0	candidates.jsonl
anyof-array-variant-composed-item	document	APIs-guru/openapi-directory:APIs/soundcloud.com/1.0.0/openapi.yaml@f04b8d0bcd39c52e1cf3ad7a5fe744709832ae49	census 0	candidates.jsonl
anyof-array-variant-composed-item	document	APIs-guru/openapi-directory:APIs/threatjammer.com/1.2.27/openapi.yaml@f04b8d0bcd39c52e1cf3ad7a5fe744709832ae49	census 0	candidates.jsonl
anyof-array-variant-composed-item	document	APIs-guru/openapi-directory:APIs/twitter.com/current/2.62/openapi.yaml@f04b8d0bcd39c52e1cf3ad7a5fe744709832ae49	census 0	candidates.jsonl
anyof-array-variant-composed-item	document	Azure/ARO-RP:hack/graphsdk/openapi.yaml@6f2967e0352f87510aaada8c3eb0b0fcb5f0c3bf	census 0	candidates.jsonl
anyof-array-variant-composed-item	document	Azure/bicep-extensibility:docs/contract/v2/openapi.yaml@e0bfd4364156a2d1e672920ffd88083ce4d3e5df	census 0	candidates.jsonl
anyof-array-variant-composed-item	document	Blueforcer/awtrix-ng:docs/api/openapi.yaml@6d6cc64aa6739724d8501199de70c6692cbb2c6c	acquisition-failure: parse-failure	candidates.jsonl
anyof-array-variant-composed-item	document	Christ9038/Ydisks-Xianyu-Helper:api/openapi.yaml@42a476fa8f325791509fbadae819984ae12fccfa	census 0	candidates.jsonl
anyof-array-variant-composed-item	document	CumulusNetworks/docs:static/nmx-api-8511000/openapi.yaml@240928356c70ad68c7b62163fce525e0a6881ccf	census 0	candidates.jsonl
anyof-array-variant-composed-item	document	CumulusNetworks/docs:static/nmx-api-8511100/openapi.yaml@240928356c70ad68c7b62163fce525e0a6881ccf	census 0	candidates.jsonl
anyof-array-variant-composed-item	document	DewyKB/dewy:openapi.yaml@78a581a56a91cee98edb97db50b76a88a389a65b	census 0	candidates.jsonl
anyof-array-variant-composed-item	document	Difegue/LANraragi:tools/openapi.yaml@db3106900d90e07f5723da9ed933cc0399a5670d	census 0	candidates.jsonl
anyof-array-variant-composed-item	document	Flagsmith/flagsmith:sdk/openapi.yaml@ea5ad826e85b240947ff6eeea7630650812bb1fe	census 0	candidates.jsonl
anyof-array-variant-composed-item	document	ForestHubAI/edge-agents:go/llmproxy/provider/mistral/openapi.yaml@dad48b7ae08bfc3469c2c26e118c115aefcc8599	census 0	candidates.jsonl
anyof-array-variant-composed-item	document	Hydrospheredata/hydro-visualization:openapi.yaml@ed12f129cb9fffe6a3e073508c186acb6c38afd5	census 0	candidates.jsonl
anyof-array-variant-composed-item	document	IBM-Sustainable-Logistics/Backend-IBM-SL:openapi.yaml@f1a0df646544df372f8b90f7234ea4ff381399e5	census 0	candidates.jsonl
anyof-array-variant-composed-item	document	Kong/developer.konghq.com:api-specs/konnect/ai-builder/v1/openapi.yaml@158a0474ba8461a6a789585efea86e6b69dc03d3	census 0	candidates.jsonl
anyof-array-variant-composed-item	document	MagaluCloud/magalu:mgc/sdk/openapi/openapis/audit.openapi.yaml@c467ba8e695fa21e427aa35a12f5ba137bb0dbca	census 0	candidates.jsonl
anyof-array-variant-composed-item	document	MagaluCloud/magalu:specs/events-consult.openapi.yaml@c467ba8e695fa21e427aa35a12f5ba137bb0dbca	census 0	candidates.jsonl
anyof-array-variant-composed-item	document	MagaluCloud/magalu:specs/globaldb.openapi.yaml@c467ba8e695fa21e427aa35a12f5ba137bb0dbca	census 0	candidates.jsonl
anyof-array-variant-composed-item	document	Morriz/itsUP:openapi.yaml@3225cee39811c659b9aade1db596f45203c09f13	census 0	candidates.jsonl
anyof-array-variant-composed-item	document	NillionNetwork/nillion-docs:apispec/nildb/base.openapi.yaml@a09a5fd71220a46db21899882ba8643a1fb466e0	census 0	candidates.jsonl
anyof-array-variant-composed-item	document	Open-EO/openeo-api:openapi.yaml@1881dae18b3c2c417f1305774cf295c81d60d400	acquisition-failure: parse-failure	candidates.jsonl
anyof-array-variant-composed-item	document	OpenAPITools/openapi-generator:samples/client/petstore/csharp/generichost/latest/UseDateTimeOffset/api/openapi.yaml@f81c416b76bcf9baabfb0361a7e94eb3881a2ca4	census 0	candidates.jsonl
anyof-array-variant-composed-item	document	OpenAPITools/openapi-generator:samples/client/petstore/csharp/generichost/net10/NullReferenceTypes/api/openapi.yaml@f81c416b76bcf9baabfb0361a7e94eb3881a2ca4	census 0	candidates.jsonl
anyof-array-variant-composed-item	document	OpenAPITools/openapi-generator:samples/client/petstore/csharp/generichost/net9/SourceGeneration/api/openapi.yaml@f81c416b76bcf9baabfb0361a7e94eb3881a2ca4	census 0	candidates.jsonl
anyof-array-variant-composed-item	document	OpenAPITools/openapi-generator:samples/client/petstore/csharp/restsharp/net10/Petstore/api/openapi.yaml@f81c416b76bcf9baabfb0361a7e94eb3881a2ca4	census 0	candidates.jsonl
anyof-array-variant-composed-item	document	OpenAPITools/openapi-generator:samples/client/petstore/csharp/restsharp/net4.7/Petstore/api/openapi.yaml@f81c416b76bcf9baabfb0361a7e94eb3881a2ca4	census 0	candidates.jsonl
anyof-array-variant-composed-item	document	OpenAPITools/openapi-generator:samples/client/petstore/csharp/restsharp/net4.8/Petstore/api/openapi.yaml@f81c416b76bcf9baabfb0361a7e94eb3881a2ca4	census 0	candidates.jsonl
anyof-array-variant-composed-item	document	OpenAPITools/openapi-generator:samples/client/petstore/csharp/restsharp/net8/EnumMappings/api/openapi.yaml@f81c416b76bcf9baabfb0361a7e94eb3881a2ca4	census 0	candidates.jsonl
anyof-array-variant-composed-item	document	OpenAPITools/openapi-generator:samples/client/petstore/csharp/unityWebRequest/net10/Petstore/api/openapi.yaml@f81c416b76bcf9baabfb0361a7e94eb3881a2ca4	census 0	candidates.jsonl
anyof-array-variant-composed-item	document	OpenAPITools/openapi-generator:samples/client/petstore/csharp/unityWebRequest/net9/Petstore/api/openapi.yaml@f81c416b76bcf9baabfb0361a7e94eb3881a2ca4	census 0	candidates.jsonl
anyof-array-variant-composed-item	document	OpenAPITools/openapi-generator:samples/client/petstore/java/native-async/api/openapi.yaml@f81c416b76bcf9baabfb0361a7e94eb3881a2ca4	census 0	candidates.jsonl
anyof-array-variant-composed-item	document	OpenAPITools/openapi-generator:samples/client/petstore/java/native-jackson3/api/openapi.yaml@f81c416b76bcf9baabfb0361a7e94eb3881a2ca4	census 0	candidates.jsonl
anyof-array-variant-composed-item	document	OpenAPITools/openapi-generator:samples/client/petstore/java/okhttp-gson/api/openapi.yaml@f81c416b76bcf9baabfb0361a7e94eb3881a2ca4	census 0	candidates.jsonl
anyof-array-variant-composed-item	document	ScottArbeit/Grace:src/OpenAPI/Storage.Components.OpenAPI.yaml@f746b688e0d20fdfdc46eedb42bd8d301be61a34	census 0	candidates.jsonl
anyof-array-variant-composed-item	document	Sofie-Automation/sofie-core:packages/openapi/src/generated/openapi.yaml@a636c0257bee8ce5d9017b56c5512ae415ebcf9f	census 0	candidates.jsonl
anyof-array-variant-composed-item	document	StackStorm/st2:st2common/st2common/openapi.yaml.j2@9824de4dfd0c869869e310dee729308f398ad83a	census 0	candidates.jsonl
anyof-array-variant-composed-item	document	aerospike-community/aerolab:cli/cmd/v1/cloud/openapi.yaml@ae7e55c8bc9a606d6cd02ad5b050b1003860f978	census 0	candidates.jsonl
anyof-array-variant-composed-item	document	apache/airflow-client-go:airflow/api/openapi.yaml@8ce0b39cfbb2b45d360ffb00e40897319d085d15	census 0	candidates.jsonl
anyof-array-variant-composed-item	document	apostrophecms/apostrophe:packages/apostrophecms-openapi/apostrophecms-openapi.yaml@bcc5d37ad550bbf835cb972a021191a711303b5b	census 0	candidates.jsonl
anyof-array-variant-composed-item	document	arnoldhao/xiadown:docs/api/library-v1.openapi.yaml@c8e33101987f123dd8d8504a3ec15bd296d69e13	census 0	candidates.jsonl
anyof-array-variant-composed-item	document	avaloqcloud/terraform-cloudflare-orm-service-publishing:openapi.yaml@f10f811497b32fcdce57e1c71f179dcddb66f16a	census 0	candidates.jsonl
anyof-array-variant-composed-item	document	backstage/backstage:plugins/catalog-backend/src/schema/openapi.yaml@b9c9dd2dddfeacd9d99792024121e65677cc8d06	census 0	candidates.jsonl
anyof-array-variant-composed-item	document	ballerina-platform/module-ballerinax-ai.agent:ballerina/modules/mistral/docs/spec/openapi.yaml@c4ec6ba82f0219e310b8783282ecbcd902a98cf7	census 0	candidates.jsonl
anyof-array-variant-composed-item	document	ballerina-platform/module-ballerinax-microsoft.outlook.mail:docs/spec/openapi.yaml@0bc7127332adef02fe03703881ba61bb99e421ed	census 0	candidates.jsonl
anyof-array-variant-composed-item	document	bbox-services/bbox:bbox-processes-server/src/openapi.yaml@ec8f16ec70cfa9cacc444c883ea3701f9457bde4	census 0	candidates.jsonl
anyof-array-variant-composed-item	document	camptocamp/oapi-poc:openapi.yaml@9365e94497f2c3a4798259249c2cfef6673197b9	census 0	candidates.jsonl
anyof-array-variant-composed-item	document	cerebrate-project/cerebrate:webroot/docs/openapi.yaml@316a144c622a53c4199a17c0af0832f472187fff	census 0	candidates.jsonl
anyof-array-variant-composed-item	document	ergoplatform/ergo:src/main/resources/api/openapi.yaml@23aabead88774d27f2c9190ace3c9abbc8f1d5cb	acquisition-failure: parse-failure	candidates.jsonl
anyof-array-variant-composed-item	document	evcc-io/docs:public/openapi.yaml@5c9c179f383c4dcffe36cbbb4654922c69ab434d	census 0	candidates.jsonl
anyof-array-variant-composed-item	document	flightctl/flightctl:api/core/v1beta1/openapi.yaml@296c65b17b2ebeb9779e8a44591237e32ad01474	census 0	candidates.jsonl
anyof-array-variant-composed-item	document	ga4gh/workflow-execution-service-schemas:openapi/workflow_execution_service.openapi.yaml@c3fb9fb7294311c7c08ac9d3fb143ab07ec67250	census 0	candidates.jsonl
anyof-array-variant-composed-item	document	geoserver/geoserver:src/community/oseo/oseo-stac/src/main/resources/org/geoserver/ogcapi/v1/stac/openapi.yaml@e5096dda80eea70d21167f01b08e543019852a7e	census 0	candidates.jsonl
anyof-array-variant-composed-item	document	hpi-schul-cloud/schulcloud-server:src/services/user/docs/adminusers.openapi.yaml@d9af447295697c569d25b131655a4e06183df63d	census 0	candidates.jsonl
anyof-array-variant-composed-item	document	ingef/conquery:openapi.yaml@d00b00e073b36150e52f507e25c36eefa22038ac	census 0	candidates.jsonl
anyof-array-variant-composed-item	document	input-output-hk/offchain-metadata-tools:docs/api/0.1.0.0/openapi.yaml@91eba72d6e5e3b17cd49f625c9546f2c82df5a65	census 0	candidates.jsonl
anyof-array-variant-composed-item	document	input-output-hk/offchain-metadata-tools:docs/api/0.2.0.0/openapi.yaml@91eba72d6e5e3b17cd49f625c9546f2c82df5a65	census 0	candidates.jsonl
anyof-array-variant-composed-item	document	input-output-hk/offchain-metadata-tools:docs/api/0.3.0.0/openapi.yaml@91eba72d6e5e3b17cd49f625c9546f2c82df5a65	census 0	candidates.jsonl
anyof-array-variant-composed-item	document	input-output-hk/offchain-metadata-tools:docs/api/0.4.0.0/openapi.yaml@91eba72d6e5e3b17cd49f625c9546f2c82df5a65	census 0	candidates.jsonl
anyof-array-variant-composed-item	document	input-output-hk/offchain-metadata-tools:docs/api/0.5.0.0/openapi.yaml@91eba72d6e5e3b17cd49f625c9546f2c82df5a65	census 0	candidates.jsonl
anyof-array-variant-composed-item	document	internetstandards/Internet.nl:interface/batch/openapi.yaml@bf322a92ab6bdc06bd55bfa12197eb5c09409d9f	census 0	candidates.jsonl
anyof-array-variant-composed-item	document	konfig-dev/konfig:sdks/db/intermediate-fixed-specs/agrimetrics/openapi.yaml@bec3d36b9a341f30707a4ab3d9de6c4154809ada	census 0	candidates.jsonl
anyof-array-variant-composed-item	document	konfig-dev/konfig:sdks/db/intermediate-fixed-specs/baseten/openapi.yaml@bec3d36b9a341f30707a4ab3d9de6c4154809ada	census 0	candidates.jsonl
anyof-array-variant-composed-item	document	konfig-dev/konfig:sdks/db/intermediate-fixed-specs/bity/openapi.yaml@bec3d36b9a341f30707a4ab3d9de6c4154809ada	census 0	candidates.jsonl
anyof-array-variant-composed-item	document	konfig-dev/konfig:sdks/db/intermediate-fixed-specs/buttondown/openapi.yaml@bec3d36b9a341f30707a4ab3d9de6c4154809ada	census 0	candidates.jsonl
anyof-array-variant-composed-item	document	konfig-dev/konfig:sdks/db/intermediate-fixed-specs/coalesce/openapi.yaml@bec3d36b9a341f30707a4ab3d9de6c4154809ada	census 0	candidates.jsonl
anyof-array-variant-composed-item	document	konfig-dev/konfig:sdks/db/intermediate-fixed-specs/hathora/openapi.yaml@bec3d36b9a341f30707a4ab3d9de6c4154809ada	census 0	candidates.jsonl
anyof-array-variant-composed-item	document	konfig-dev/konfig:sdks/db/intermediate-fixed-specs/jiko/openapi.yaml@bec3d36b9a341f30707a4ab3d9de6c4154809ada	census 0	candidates.jsonl
anyof-array-variant-composed-item	document	konfig-dev/konfig:sdks/db/intermediate-fixed-specs/jina-ai/openapi.yaml@bec3d36b9a341f30707a4ab3d9de6c4154809ada	census 0	candidates.jsonl
anyof-array-variant-composed-item	document	konfig-dev/konfig:sdks/db/intermediate-fixed-specs/malga/openapi.yaml@bec3d36b9a341f30707a4ab3d9de6c4154809ada	census 0	candidates.jsonl
anyof-array-variant-composed-item	document	konfig-dev/konfig:sdks/db/intermediate-fixed-specs/paypal/payment/openapi.yaml@bec3d36b9a341f30707a4ab3d9de6c4154809ada	census 0	candidates.jsonl
anyof-array-variant-composed-item	document	konfig-dev/konfig:sdks/db/intermediate-fixed-specs/prolific/openapi.yaml@bec3d36b9a341f30707a4ab3d9de6c4154809ada	census 0	candidates.jsonl
anyof-array-variant-composed-item	document	konfig-dev/konfig:sdks/db/intermediate-fixed-specs/pulze-ai/openapi.yaml@bec3d36b9a341f30707a4ab3d9de6c4154809ada	census 0	candidates.jsonl
anyof-array-variant-composed-item	document	konfig-dev/konfig:sdks/db/intermediate-fixed-specs/radix/openapi.yaml@bec3d36b9a341f30707a4ab3d9de6c4154809ada	census 0	candidates.jsonl
anyof-array-variant-composed-item	document	konfig-dev/konfig:sdks/db/intermediate-fixed-specs/rated/openapi.yaml@bec3d36b9a341f30707a4ab3d9de6c4154809ada	census 0	candidates.jsonl
anyof-array-variant-composed-item	document	konfig-dev/konfig:sdks/db/intermediate-fixed-specs/seyna/openapi.yaml@bec3d36b9a341f30707a4ab3d9de6c4154809ada	census 0	candidates.jsonl
anyof-array-variant-composed-item	document	konfig-dev/konfig:sdks/db/intermediate-fixed-specs/soundcloud/openapi.yaml@bec3d36b9a341f30707a4ab3d9de6c4154809ada	census 0	candidates.jsonl
anyof-array-variant-composed-item	document	konfig-dev/konfig:sdks/db/intermediate-fixed-specs/x/openapi.yaml@bec3d36b9a341f30707a4ab3d9de6c4154809ada	census 0	candidates.jsonl
anyof-array-variant-composed-item	document	konfig-sdks/openapi-examples:seyna/openapi.yaml@161ab49c45e45825ca3832945c59a3ba904321ba	census 0	candidates.jsonl
anyof-array-variant-composed-item	document	nullclaw/nullboiler:docs/openapi.yaml@1af33b6eb6ca431a0d29b3ba76d34e25f3db0ded	census 0	candidates.jsonl
anyof-array-variant-composed-item	document	openthread/ot-br-posix:src/rest/openapi.yaml@9802eb8e7c6492164d7a59cf183b1ab84fce3a82	census 0	candidates.jsonl
anyof-array-variant-composed-item	document	oxlip-lang/oal:examples/openapi.yaml@9c76fd5fd74c1f64c62a219aa2156b021a820f4a	census 0	candidates.jsonl
anyof-array-variant-composed-item	document	pengxiaoo/llama-index-fastapi:openapi.yaml@e31d3902a36ee8efa2fc0163133b09408acf8760	census 0	candidates.jsonl
anyof-array-variant-composed-item	document	pennersr/django-allauth:allauth/headless/spec/doc/openapi.yaml@b905ac2ccf24779ea381cc2a66c2853b782b0d8b	census 0	candidates.jsonl
anyof-array-variant-composed-item	document	public-transport/db-vendo-client:docs/openapi.yaml@c228bffaa2796b814f1884237262c16d90f7df96	census 0	candidates.jsonl
anyof-array-variant-composed-item	document	rametta/rapini:example-openapi.yaml@7fafcc5c0ec57c4c2ba9de7814208fa968b55446	census 0	candidates.jsonl
anyof-array-variant-composed-item	document	sidoh/esp8266_milight_hub:docs/openapi.yaml@23102c73f7a40ad4308952162a9040f72d6cfc56	acquisition-failure: parse-failure	candidates.jsonl
anyof-array-variant-composed-item	document	stac-utils/stac-server:src/lambdas/api/openapi.yaml@db694c756bfd7dcf19dbf040f363d55bae6dbfd2	census 0	candidates.jsonl
anyof-array-variant-composed-item	document	wavesplatform/Waves:node/src/main/resources/swagger-ui/openapi.yaml@66faa85e5f6195c7ac3edf4cbe15723de865825c	census 0	candidates.jsonl
anyof-array-variant-composed-item	document	weather-gov/api:assets/openapi.yaml@694ed0f5526336e58d513a8b8a2b313d7896bbf7	census 0	candidates.jsonl
anyof-array-variant-composed-item	document	xlang-ai/OpenAgents:real_agents/plugins_agent/plugins/XWeather/openapi.yaml@ff2e46440699af1324eb25655b622c4a131265bb	census 0	candidates.jsonl
anyof-array-variant-composed-item	document	yausername/NewPipeREST:docs/openapi.yaml@96a9a011bc4127550316f856ab572aca2a859f23	census 0	candidates.jsonl
anyof-array-variant-composed-item	document	zerotier/zerotier-rust-api:zerotier-one-api/openapi.yaml@fbeddabfc6feeeea2a18f0c91552271ba9a3a9ae	census 0	candidates.jsonl
anyof-array-variant-composed-item	query	\anyOf\"" "\"array\"" "\"items\"" "\"allOf\"" filename:openapi.json	0	queries.jsonl
anyof-array-variant-composed-item	query	anyOf: "type: array" "items:" "allOf:" filename:openapi.yaml	2372	queries.jsonl
anyof-discriminated-union	document	APIs-guru/openapi-directory:APIs/cpy.re/peertube/5.1.0/openapi.yaml@f04b8d0bcd39c52e1cf3ad7a5fe744709832ae49	census 1	candidates.jsonl
anyof-discriminated-union	document	APIs-guru/openapi-directory:APIs/doqs.dev/1.0/openapi.yaml@f04b8d0bcd39c52e1cf3ad7a5fe744709832ae49	census 0	candidates.jsonl
anyof-discriminated-union	document	APIs-guru/openapi-directory:APIs/twitter.com/current/2.62/openapi.yaml@f04b8d0bcd39c52e1cf3ad7a5fe744709832ae49	census 0	candidates.jsonl
anyof-discriminated-union	document	Azure-Samples/ai-hub-gateway-solution-accelerator:bicep/infra/modules/apim/universal-llm-api/Universal-LLM-Basic-API.openapi.yaml@6b9a9ef558d2990df630de9ca4949429f07e68f2	census 0	candidates.jsonl
anyof-discriminated-union	document	Azure/ARO-HCP:tooling/kiota/openapi.yaml@8f004397b8f71b9c3cca79a11c38b5a079d7dbfc	census 0	candidates.jsonl
anyof-discriminated-union	document	Azure/ARO-RP:hack/graphsdk/openapi.yaml@6f2967e0352f87510aaada8c3eb0b0fcb5f0c3bf	census 0	candidates.jsonl
anyof-discriminated-union	document	Azure/azure-rest-api-specs:specification/ai/data-plane/ModelInference/openapi/2024-05-01-preview/openapi.yaml@cfb70b985bacf991d059d71406dd4ef492dd301c	census 0	candidates.jsonl
anyof-discriminated-union	document	DewyKB/dewy:openapi.yaml@78a581a56a91cee98edb97db50b76a88a389a65b	census 0	candidates.jsonl
anyof-discriminated-union	document	ForestHubAI/edge-agents:go/llmproxy/provider/mistral/openapi.yaml@dad48b7ae08bfc3469c2c26e118c115aefcc8599	census 2	candidates.jsonl
anyof-discriminated-union	document	GetFeedback/embedded-listener-docs:API/delivery/openapi.yaml@a5e86fcccac547c7edae82e0af6965a04701ce58	census 0	candidates.jsonl
anyof-discriminated-union	document	Kong/developer.konghq.com:api-specs/konnect/application-auth-strategies/v2/openapi.yaml@158a0474ba8461a6a789585efea86e6b69dc03d3	census 0	candidates.jsonl
anyof-discriminated-union	document	Kong/developer.konghq.com:api-specs/konnect/event-gateway/v1/openapi.yaml@158a0474ba8461a6a789585efea86e6b69dc03d3	census 0	candidates.jsonl
anyof-discriminated-union	document	Ljzd-PRO/KToolBox:webui/openapi.yaml@e17249be548e9b52e1a46ddaf82b6676c17c2c60	census 0	candidates.jsonl
anyof-discriminated-union	document	NVIDIA-NeMo/nemo-helix:plugins/nemo-anonymizer/openapi/openapi.yaml@b6ff571721eadd2b85c939c9c8e3405ab9b3ae44	census 0	candidates.jsonl
anyof-discriminated-union	document	NVIDIA-NeMo/nemo-helix:plugins/nemo-customizer/openapi/openapi.yaml@b6ff571721eadd2b85c939c9c8e3405ab9b3ae44	census 0	candidates.jsonl
anyof-discriminated-union	document	NVIDIA-NeMo/nemo-helix:plugins/nemo-data-designer/openapi/openapi.yaml@b6ff571721eadd2b85c939c9c8e3405ab9b3ae44	census 0	candidates.jsonl
anyof-discriminated-union	document	NVIDIA-NeMo/nemo-helix:plugins/nemo-evaluator/openapi/openapi.yaml@b6ff571721eadd2b85c939c9c8e3405ab9b3ae44	census 0	candidates.jsonl
anyof-discriminated-union	document	Open-EO/openeo-api:openapi.yaml@1881dae18b3c2c417f1305774cf295c81d60d400	acquisition-failure: parse-failure	candidates.jsonl
anyof-discriminated-union	document	OpenAPITools/openapi-generator:samples/client/petstore/csharp/generichost/latest/UseDateTimeOffset/api/openapi.yaml@f81c416b76bcf9baabfb0361a7e94eb3881a2ca4	census 0	candidates.jsonl
anyof-discriminated-union	document	OpenAPITools/openapi-generator:samples/client/petstore/csharp/generichost/net10/FormModels/api/openapi.yaml@f81c416b76bcf9baabfb0361a7e94eb3881a2ca4	census 0	candidates.jsonl
anyof-discriminated-union	document	OpenAPITools/openapi-generator:samples/client/petstore/csharp/generichost/net10/NullReferenceTypes/api/openapi.yaml@f81c416b76bcf9baabfb0361a7e94eb3881a2ca4	census 0	candidates.jsonl
anyof-discriminated-union	document	OpenAPITools/openapi-generator:samples/client/petstore/csharp/generichost/net10/Petstore/api/openapi.yaml@f81c416b76bcf9baabfb0361a7e94eb3881a2ca4	census 0	candidates.jsonl
anyof-discriminated-union	document	OpenAPITools/openapi-generator:samples/client/petstore/csharp/generichost/net10/SourceGeneration/api/openapi.yaml@f81c416b76bcf9baabfb0361a7e94eb3881a2ca4	census 0	candidates.jsonl
anyof-discriminated-union	document	OpenAPITools/openapi-generator:samples/client/petstore/csharp/generichost/net4.7/FormModels/api/openapi.yaml@f81c416b76bcf9baabfb0361a7e94eb3881a2ca4	census 0	candidates.jsonl
anyof-discriminated-union	document	OpenAPITools/openapi-generator:samples/client/petstore/csharp/generichost/net4.7/Petstore/api/openapi.yaml@f81c416b76bcf9baabfb0361a7e94eb3881a2ca4	census 0	candidates.jsonl
anyof-discriminated-union	document	OpenAPITools/openapi-generator:samples/client/petstore/csharp/generichost/net4.8/FormModels/api/openapi.yaml@f81c416b76bcf9baabfb0361a7e94eb3881a2ca4	census 0	candidates.jsonl
anyof-discriminated-union	document	OpenAPITools/openapi-generator:samples/client/petstore/csharp/generichost/net4.8/Petstore/api/openapi.yaml@f81c416b76bcf9baabfb0361a7e94eb3881a2ca4	census 0	candidates.jsonl
anyof-discriminated-union	document	OpenAPITools/openapi-generator:samples/client/petstore/csharp/generichost/net8/FormModels/api/openapi.yaml@f81c416b76bcf9baabfb0361a7e94eb3881a2ca4	census 0	candidates.jsonl
anyof-discriminated-union	document	OpenAPITools/openapi-generator:samples/client/petstore/csharp/generichost/net8/NullReferenceTypes/api/openapi.yaml@f81c416b76bcf9baabfb0361a7e94eb3881a2ca4	census 0	candidates.jsonl
anyof-discriminated-union	document	OpenAPITools/openapi-generator:samples/client/petstore/csharp/generichost/net8/Petstore/api/openapi.yaml@f81c416b76bcf9baabfb0361a7e94eb3881a2ca4	census 0	candidates.jsonl
anyof-discriminated-union	document	OpenAPITools/openapi-generator:samples/client/petstore/csharp/generichost/net8/SourceGeneration/api/openapi.yaml@f81c416b76bcf9baabfb0361a7e94eb3881a2ca4	census 0	candidates.jsonl
anyof-discriminated-union	document	OpenAPITools/openapi-generator:samples/client/petstore/csharp/generichost/net9/FormModels/api/openapi.yaml@f81c416b76bcf9baabfb0361a7e94eb3881a2ca4	census 0	candidates.jsonl
anyof-discriminated-union	document	OpenAPITools/openapi-generator:samples/client/petstore/csharp/generichost/net9/NullReferenceTypes/api/openapi.yaml@f81c416b76bcf9baabfb0361a7e94eb3881a2ca4	census 0	candidates.jsonl
anyof-discriminated-union	document	OpenAPITools/openapi-generator:samples/client/petstore/csharp/generichost/net9/Petstore/api/openapi.yaml@f81c416b76bcf9baabfb0361a7e94eb3881a2ca4	census 0	candidates.jsonl
anyof-discriminated-union	document	OpenAPITools/openapi-generator:samples/client/petstore/csharp/generichost/net9/SourceGeneration/api/openapi.yaml@f81c416b76bcf9baabfb0361a7e94eb3881a2ca4	census 0	candidates.jsonl
anyof-discriminated-union	document	OpenAPITools/openapi-generator:samples/client/petstore/csharp/generichost/standard2.0/Petstore/api/openapi.yaml@f81c416b76bcf9baabfb0361a7e94eb3881a2ca4	census 0	candidates.jsonl
anyof-discriminated-union	document	OpenAPITools/openapi-generator:samples/client/petstore/csharp/httpclient/net10/Petstore/api/openapi.yaml@f81c416b76bcf9baabfb0361a7e94eb3881a2ca4	census 0	candidates.jsonl
anyof-discriminated-union	document	OpenAPITools/openapi-generator:samples/client/petstore/csharp/httpclient/net9/Petstore/api/openapi.yaml@f81c416b76bcf9baabfb0361a7e94eb3881a2ca4	census 0	candidates.jsonl
anyof-discriminated-union	document	OpenAPITools/openapi-generator:samples/client/petstore/csharp/httpclient/standard2.0/Petstore/api/openapi.yaml@f81c416b76bcf9baabfb0361a7e94eb3881a2ca4	census 0	candidates.jsonl
anyof-discriminated-union	document	OpenAPITools/openapi-generator:samples/client/petstore/csharp/restsharp/net8/Petstore/api/openapi.yaml@f81c416b76bcf9baabfb0361a7e94eb3881a2ca4	census 0	candidates.jsonl
anyof-discriminated-union	document	OpenAPITools/openapi-generator:samples/client/petstore/csharp/restsharp/standard2.0/ConditionalSerialization/api/openapi.yaml@f81c416b76bcf9baabfb0361a7e94eb3881a2ca4	census 0	candidates.jsonl
anyof-discriminated-union	document	OpenAPITools/openapi-generator:samples/client/petstore/csharp/unityWebRequest/net10/Petstore/api/openapi.yaml@f81c416b76bcf9baabfb0361a7e94eb3881a2ca4	census 0	candidates.jsonl
anyof-discriminated-union	document	OpenAPITools/openapi-generator:samples/client/petstore/csharp/unityWebRequest/net9/Petstore/api/openapi.yaml@f81c416b76bcf9baabfb0361a7e94eb3881a2ca4	census 0	candidates.jsonl
anyof-discriminated-union	document	OpenAPITools/openapi-generator:samples/client/petstore/csharp/unityWebRequest/standard2.0/Petstore/api/openapi.yaml@f81c416b76bcf9baabfb0361a7e94eb3881a2ca4	census 0	candidates.jsonl
anyof-discriminated-union	document	OpenAPITools/openapi-generator:samples/client/petstore/java/okhttp-gson/api/openapi.yaml@f81c416b76bcf9baabfb0361a7e94eb3881a2ca4	census 0	candidates.jsonl
anyof-discriminated-union	document	OpenAPITools/openapi-generator:samples/openapi3/client/petstore/go/go-petstore/api/openapi.yaml@f81c416b76bcf9baabfb0361a7e94eb3881a2ca4	census 0	candidates.jsonl
anyof-discriminated-union	document	PaloAltoNetworks/pan.dev:openapi-specs/prisma-airs-redteam/management/mp-openapi.yaml@1f192ff536273c26cb3ba37799efc3304e681e48	census 0	candidates.jsonl
anyof-discriminated-union	document	Qredence/fleet-rlm:openapi.yaml@48c9dde1b7559037cf50f5b3713c31cbfed09681	census 0	candidates.jsonl
anyof-discriminated-union	document	Sofie-Automation/sofie-core:packages/openapi/src/generated/openapi.yaml@a636c0257bee8ce5d9017b56c5512ae415ebcf9f	census 0	candidates.jsonl
anyof-discriminated-union	document	TanStack/ai:packages/ai-worldlabs/openapi.yaml@7404539c55acf9d7d0b0f7ccb2f16f4dcd75acdb	census 0	candidates.jsonl
anyof-discriminated-union	document	Threadlet/mintlify-docs:openapi.yaml@b118152a7b1c7ca11f9ad52d0979af525a67adaf	census 0	candidates.jsonl
anyof-discriminated-union	document	TouK/nussknacker:docs-internal/api/nu-designer-openapi.yaml@2e8d32682f659b11fbb223ad189c1e77d5fafd7c	census 0	candidates.jsonl
anyof-discriminated-union	document	WALTER-GROUP/hackathon-sustainable-logistics:openapi/openapi.yaml@d98976e432527f99c993ccc80622880419ad3236	census 0	candidates.jsonl
anyof-discriminated-union	document	XRSPACE-Inc/perxona-connect-kit:samples/express/docs/openapi.yaml@9385a4ee467da4002f4bc482f0a20fe28285db8d	census 0	candidates.jsonl
anyof-discriminated-union	document	apostrophecms/apostrophe:packages/apostrophecms-openapi/apostrophecms-openapi.yaml@bcc5d37ad550bbf835cb972a021191a711303b5b	census 0	candidates.jsonl
anyof-discriminated-union	document	ballerina-platform/module-ballerinax-ai.agent:ballerina/modules/mistral/docs/spec/openapi.yaml@c4ec6ba82f0219e310b8783282ecbcd902a98cf7	census 0	candidates.jsonl
anyof-discriminated-union	document	ballerina-platform/module-ballerinax-microsoft.outlook.mail:docs/spec/openapi.yaml@0bc7127332adef02fe03703881ba61bb99e421ed	census 0	candidates.jsonl
anyof-discriminated-union	document	ballerina-platform/module-ballerinax-mistral:docs/spec/openapi.yaml@4ac2ed6735965a362a3a630c65e01e3c5a29e539	census 0	candidates.jsonl
anyof-discriminated-union	document	ballerina-platform/openapi-connectors:openapi/mistral/openapi.yaml@81158a45a86fa9a85de4e7fbd7cdc2a529d50743	census 0	candidates.jsonl
anyof-discriminated-union	document	dynatrace-oss/terraform-provider-dynatrace:dynatrace/api/automation/business_calendars/openapi.yaml@fe754e4680dab531864bd492afbd7bee50ea73c9	census 0	candidates.jsonl
anyof-discriminated-union	document	dynatrace-oss/terraform-provider-dynatrace:dynatrace/api/automation/scheduling_rules/openapi.yaml@fe754e4680dab531864bd492afbd7bee50ea73c9	census 0	candidates.jsonl
anyof-discriminated-union	document	ergoplatform/ergo:src/main/resources/api/openapi.yaml@23aabead88774d27f2c9190ace3c9abbc8f1d5cb	acquisition-failure: parse-failure	candidates.jsonl
anyof-discriminated-union	document	factset/enterprise-sdk:code/java/EventsandTranscripts/v2/api/openapi.yaml@4fe3e102c161fd223dc556e2634df94bfbd548fc	census 0	candidates.jsonl
anyof-discriminated-union	document	factset/enterprise-sdk:code/java/Formula/v1/api/openapi.yaml@4fe3e102c161fd223dc556e2634df94bfbd548fc	census 0	candidates.jsonl
anyof-discriminated-union	document	flightctl/flightctl:api/core/v1beta1/openapi.yaml@296c65b17b2ebeb9779e8a44591237e32ad01474	census 0	candidates.jsonl
anyof-discriminated-union	document	ghga-de/metadata-repository-svc:openapi.yaml@899b1f3f30f7ca1936ec5f1e483fe57f700d2067	census 1	candidates.jsonl
anyof-discriminated-union	document	ghga-de/metadata-transpiler-service:openapi.yaml@16000557b9726f05d459944b8d2c5c351876ccc8	census 0	candidates.jsonl
anyof-discriminated-union	document	goplus/builder:docs/openapi.yaml@8877eb5c6760cf6aca438c98e2ab26b862b2a7a7	census 0	candidates.jsonl
anyof-discriminated-union	document	hasura/promptql-go-sdk:api/api/openapi.yaml@563d579e126b910fec1697d110f80a9d6eca39cf	census 0	candidates.jsonl
anyof-discriminated-union	document	hivemq/hivemq-edge:ext/hivemq-edge-openapi.yaml@9ef14fd57f299e176d878874b7f56130ec301266	census 0	candidates.jsonl
anyof-discriminated-union	document	ingef/conquery:openapi.yaml@d00b00e073b36150e52f507e25c36eefa22038ac	census 0	candidates.jsonl
anyof-discriminated-union	document	konfig-dev/konfig:sdks/db/intermediate-fixed-specs/coalesce/openapi.yaml@bec3d36b9a341f30707a4ab3d9de6c4154809ada	census 0	candidates.jsonl
anyof-discriminated-union	document	konfig-dev/konfig:sdks/db/intermediate-fixed-specs/front/core/openapi.yaml@bec3d36b9a341f30707a4ab3d9de6c4154809ada	census 0	candidates.jsonl
anyof-discriminated-union	document	konfig-dev/konfig:sdks/db/intermediate-fixed-specs/jiko/openapi.yaml@bec3d36b9a341f30707a4ab3d9de6c4154809ada	census 0	candidates.jsonl
anyof-discriminated-union	document	konfig-dev/konfig:sdks/db/intermediate-fixed-specs/resistant-ai/openapi.yaml@bec3d36b9a341f30707a4ab3d9de6c4154809ada	census 0	candidates.jsonl
anyof-discriminated-union	document	konfig-dev/konfig:sdks/db/intermediate-fixed-specs/x/openapi.yaml@bec3d36b9a341f30707a4ab3d9de6c4154809ada	census 0	candidates.jsonl
anyof-discriminated-union	document	konfig-sdks/openapi-examples:coalesce/openapi.yaml@161ab49c45e45825ca3832945c59a3ba904321ba	census 0	candidates.jsonl
anyof-discriminated-union	document	konfig-sdks/openapi-examples:resistant-ai/openapi.yaml@161ab49c45e45825ca3832945c59a3ba904321ba	census 0	candidates.jsonl
anyof-discriminated-union	document	l7mp/l7mp:openapi/l7mp-openapi.yaml@beefe4b164982d60e0792618a9a873c0fd3164f2	census 0	candidates.jsonl
anyof-discriminated-union	document	mainnet-cash/mainnet-js:packages/mainnet-cash/api/openapi.yaml@3fa4c54342221b412ee34a55610ac83dc1a0fff2	acquisition-failure: parse-failure	candidates.jsonl
anyof-discriminated-union	document	nhost/nhost:services/constellation/api/openapi.yaml@e501cba19d1e139102d0b705f9cfdd94c75378a4	census 0	candidates.jsonl
anyof-discriminated-union	document	ogen-go/ogen:_testdata/examples/openai-2.3.0.openapi.yaml@2569478736aed33cf1fe9d2a5b6e2d659bea0e69	census 0	candidates.jsonl
anyof-discriminated-union	document	open-edge-platform/edge-ai-libraries:microservices/vector-retriever/vector-retriever/docs/user-guide/api-docs/openapi.yaml@83e29f6caaa78934ede0ddc4f1c54c1dc0af6e24	census 0	candidates.jsonl
anyof-discriminated-union	document	oxnw/agentrail:docs/api/task-lifecycle.openapi.yaml@ac75225f090ac67fafbdf63b3fdcd5ad520d867d	census 0	candidates.jsonl
anyof-discriminated-union	document	qoretechnologies/qore:qlib/FireworksDataProvider/fireworks-messages-openapi.yaml@bb13d37b122274f2c55f1e2e59e167a3e59adf60	census 0	candidates.jsonl
anyof-discriminated-union	document	runpod/runpod-mcp:specgen/spec/openapi.yaml@07c1a5d5ee5ab18c83705a5760fa7df264d32603	census 0	candidates.jsonl
anyof-discriminated-union	document	scaleapi/scale-agentex:agentex/openapi.yaml@bc9028bacc84eaa1a8acae66abbf45e999903acd	census 0	candidates.jsonl
anyof-discriminated-union	document	sentinel-hub/titiler-openeo:titiler/openeo/openapi.yaml@821d4b7a3ca818796e7d17ab07d6951bcc902a23	acquisition-failure: parse-failure	candidates.jsonl
anyof-discriminated-union	document	sevncmutlu/bootcamp:contracts/openapi.yaml@433b26d9a6669bcf45c3e5027b19998e6252dd33	census 0	candidates.jsonl
anyof-discriminated-union	document	speakeasy-api/speakeasy-stainless-comparison:openapi.yaml@e9f11d08c5620bc607199c72a4fdf0cff9cb98a6	census 0	candidates.jsonl
anyof-discriminated-union	document	stapi-spec/stapi-spec:spec/openapi.yaml@9b459e17c0c24fd865604b9b0b33f6a39310c139	census 0	candidates.jsonl
anyof-discriminated-union	document	syntara-orchestration/syntara:backend/src/syntara/schemas/identity_providers/openapi.yaml@cf9dc063d299c1cf403ea0586c3e9bcade5851fc	census 0	candidates.jsonl
anyof-discriminated-union	document	team-dev-docs/mdx-parse-test-developer-docs:blog/speakeasy-vs-apimatic/assets/openapi.yaml.txt@aed624afd28d28600c6a23e651ce15c9eb1a78ca	census 0	candidates.jsonl
anyof-discriminated-union	document	team-dev-docs/mdx-parse-test-developer-docs:blog/speakeasy-vs-stainless/assets/openapi.yaml.txt@aed624afd28d28600c6a23e651ce15c9eb1a78ca	census 0	candidates.jsonl
anyof-discriminated-union	document	tmforum-oda/oda-canvas:source/tmf-services/TMF638_Service_Inventory/api/openapi.yaml@284f0561be9e214d71f7b314679a1ebb78f8a94c	census 0	candidates.jsonl
anyof-discriminated-union	document	trustbit/logistic-hackathon-public:openapi/openapi.yaml@6588139c737d8f1b4412fd859927abc969ac1ca3	census 0	candidates.jsonl
anyof-discriminated-union	document	tryAGI/AutoSDK:examples/SourceGeneratorNativeAot/openapi.yaml@a2dafb39d5438431d80bf5aa221784f898df5c4f	census 0	candidates.jsonl
anyof-discriminated-union	document	wavesplatform/Waves:node/src/main/resources/swagger-ui/openapi.yaml@66faa85e5f6195c7ac3edf4cbe15723de865825c	census 0	candidates.jsonl
anyof-discriminated-union	document	xmarquez/R.AI:data-raw/mistral-openapi.yaml.txt@ffb15ff7194eaf53d758af8fddec21f66ba3615c	census 0	candidates.jsonl
anyof-discriminated-union	document	yausername/NewPipeREST:docs/openapi.yaml@96a9a011bc4127550316f856ab572aca2a859f23	census 0	candidates.jsonl
anyof-discriminated-union	query	\anyOf\"" "\"discriminator\"" "\"mapping\"" filename:openapi.json	0	queries.jsonl
anyof-discriminated-union	query	anyOf: "discriminator:" "mapping:" filename:openapi.yaml	571	queries.jsonl
anyof-oneof-variant	document	APIs-guru/openapi-directory:APIs/intellifi.nl/2.23.4+0.gb463b49.dirty/openapi.yaml@f04b8d0bcd39c52e1cf3ad7a5fe744709832ae49	census 1	candidates.jsonl
anyof-oneof-variant	document	Aryan0312/propelify_backend:docs/openapi/bundled/openapi.yaml@f71aaea8d8f3ee2614400856df72934a639f5e09	census 0	candidates.jsonl
anyof-oneof-variant	document	DasLukas/TeamTaler:api/openapi.yaml@932b83157db324d902a077b33e64d339750a458f	census 0	candidates.jsonl
anyof-oneof-variant	document	Extralit/extralit-mcp:.speakeasy/out.openapi.yaml@b0861113382325e5e63bc8bbcedf7fb6aee44eb2	census 2	candidates.jsonl
anyof-oneof-variant	document	Fluory/RequestFlow:contracts/ai-service.openapi.yaml@2382244ec19038fe627a4c55fd83e22d9582a263	census 1	candidates.jsonl
anyof-oneof-variant	document	Ljzd-PRO/KToolBox:webui/openapi.yaml@e17249be548e9b52e1a46ddaf82b6676c17c2c60	census 1	candidates.jsonl
anyof-oneof-variant	document	NVIDIA-NeMo/nemo-helix:plugins/nemo-evaluator/openapi/openapi.yaml@b6ff571721eadd2b85c939c9c8e3405ab9b3ae44	census 2	candidates.jsonl
anyof-oneof-variant	document	OriginTrail/EPCIS:REST Bindings/openapi.yaml@e52aadf09cdda0ca3e55900654ae3b0df4488a06	acquisition-failure: parse-failure	candidates.jsonl
anyof-oneof-variant	document	PaloAltoNetworks/pan.dev:openapi-specs/prisma-airs-redteam/management/mp-openapi.yaml@1f192ff536273c26cb3ba37799efc3304e681e48	census 17	candidates.jsonl
anyof-oneof-variant	document	SeequentEvo/seequent-labs-vibe-aid:.claude/skills/evo-blockmodels/references/openapi.yaml@fff84cb93de7aa26595a64951805fa1584806ec4	census 8	candidates.jsonl
anyof-oneof-variant	document	TouK/nussknacker:docs-internal/api/nu-designer-openapi.yaml@2e8d32682f659b11fbb223ad189c1e77d5fafd7c	census 2	candidates.jsonl
anyof-oneof-variant	document	VinhDat267/ATI_Project:docs/openapi.yaml@cd26cea1a236e7f5a2514ce54cab73ed409f3c69	census 1	candidates.jsonl
anyof-oneof-variant	document	Yukimatsu-S/sdd_react_fastapi_practice:specs/001-experiment-evolution/contracts/openapi.yaml@a9a9a9fb23a5398a2753b772f4f6e76841ae2320	census 0	candidates.jsonl
anyof-oneof-variant	document	ales27pm/swarmer:api/openapi.yaml@4d0b92d65005c8182cbfb62b38be6f56e4c9158e	census 0	candidates.jsonl
anyof-oneof-variant	document	altertable-ai/altertable-cli:cli/openapi/openapi.yaml@4a8fc73936302891f256eaeb16923100a016854b	census 1	candidates.jsonl
anyof-oneof-variant	document	andre-fong/SUPERBIDDO:backend/openapi.yaml@1d1ef3df85273072405c43d037adaf9e8e05553d	census 0	candidates.jsonl
anyof-oneof-variant	document	apache/dubbo-go:tools/protoc-gen-triple-openapi/example/greet.triple.openapi.yaml@832124aaacf0283445d379e935ff5d73695fa84d	census 0	candidates.jsonl
anyof-oneof-variant	document	awslabs/time-addressable-media-store:api/build/openapi.yaml@ca2a91005bf99664993edfac60fdc73094ea8fd8	census 0	candidates.jsonl
anyof-oneof-variant	document	codingsoo/nlp2rest:rule_extractor/APIs-guru/specifications/intellifi.nl/2.23.4+0.gb463b49.dirty/openapi.yaml@ae3783b7e4475947bd27511ca4dadc4a273d046c	census 1	candidates.jsonl
anyof-oneof-variant	document	coranlabs/QORE:qore_free5gc/CORAN_LIB_OPENAPI/Nnrf_NFManagement/api/openapi.yaml@c06d95b51e87864d335b955d6277040d5c96a0dc	census 1	candidates.jsonl
anyof-oneof-variant	document	dinavinter/api:openapi/authorization/openapi.yaml@5e2310bf45b85b5d654b727fad1daa9946b8b989	census 0	candidates.jsonl
anyof-oneof-variant	document	epilot-dev/sdk-java:openapi.yaml@fa2b33ca7d088b6d2015715aa39b4fcbc35614c4	census 0	candidates.jsonl
anyof-oneof-variant	document	fairyshine/OpenAgentHarness:apps/docs/public/openapi/openapi.yaml@a1e7490acea3d7d3baf4d396f997dda312e4844d	census 0	candidates.jsonl
anyof-oneof-variant	document	fairyshine/OpenAgentHarness:docs/openapi/openapi.yaml@a1e7490acea3d7d3baf4d396f997dda312e4844d	census 0	candidates.jsonl
anyof-oneof-variant	document	fireblocks/fireblocks-network-link:v2/openapi/fb-unified-openapi.yaml@33b240253f70a223f9c5fc3220d399b15888f19f	census 0	candidates.jsonl
anyof-oneof-variant	document	flightctl/flightctl-python-client:api/core/v1beta1/openapi.yaml@fe85bc4974e4a3658d0ce8b7e026eecd25e77db2	census 0	candidates.jsonl
anyof-oneof-variant	document	flightctl/flightctl:api/core/v1beta1/openapi.yaml@296c65b17b2ebeb9779e8a44591237e32ad01474	census 0	candidates.jsonl
anyof-oneof-variant	document	fredericboyer/loopio-mcp:specs/loopio-openapi.yaml@6123c6086aabc90e448fa35c6219343019dad684	census 0	candidates.jsonl
anyof-oneof-variant	document	ghga-de/metadata-repository-svc:openapi.yaml@899b1f3f30f7ca1936ec5f1e483fe57f700d2067	census 6	candidates.jsonl
anyof-oneof-variant	document	ghga-de/metadata-transpiler-service:openapi.yaml@16000557b9726f05d459944b8d2c5c351876ccc8	census 3	candidates.jsonl
anyof-oneof-variant	document	gs1/EPCIS:REST Bindings/openapi.yaml@6f71468231838e424bb5dfa836e006e8dc69615c	acquisition-failure: parse-failure	candidates.jsonl
anyof-oneof-variant	document	hearthchain/node-jvm:node/src/main/resources/api-docs/openapi.yaml@be68b4704de3286275a7122100dab33ded345103	census 0	candidates.jsonl
anyof-oneof-variant	document	hivemq/hivemq-edge:ext/hivemq-edge-openapi.yaml@9ef14fd57f299e176d878874b7f56130ec301266	census 0	candidates.jsonl
anyof-oneof-variant	document	ichinya/pushhard-openapi:openapi.yaml@64075a13e1e1b5cb9b53329effd98f960fb826e2	census 0	candidates.jsonl
anyof-oneof-variant	document	inconceivablelabs/fabric-api:fabric-openapi.yaml@a1966b74b5653bd4151c3c1d2cda5ea8d50cf731	census 0	candidates.jsonl
anyof-oneof-variant	document	ingef/conquery:openapi.yaml@d00b00e073b36150e52f507e25c36eefa22038ac	census 0	candidates.jsonl
anyof-oneof-variant	document	janwilmake/parallel-openapi:openapi.yaml@bdbb361f194b761bbe8220faf5beba33e3ba70e1	census 1	candidates.jsonl
anyof-oneof-variant	document	jorgenavarroortiz/multitechnology_testbed_v0:lib/Namf_Communication/api/openapi.yaml@a52cbf1f43d697a93945d7e9454517433bf14aee	census 0	candidates.jsonl
anyof-oneof-variant	document	jorgenavarroortiz/multitechnology_testbed_v0:lib/Nnrf_NFManagement/api/openapi.yaml@a52cbf1f43d697a93945d7e9454517433bf14aee	census 1	candidates.jsonl
anyof-oneof-variant	document	jorgenavarroortiz/multitechnology_testbed_v0:lib/Nudr_DataRepository/api/openapi.yaml@a52cbf1f43d697a93945d7e9454517433bf14aee	census 0	candidates.jsonl
anyof-oneof-variant	document	just-every/12ui-plugin:docs/convert-v1.openapi.yaml@4e9ec147b7a648e8beb2148e845b926626b21bdf	census 0	candidates.jsonl
anyof-oneof-variant	document	konfig-dev/konfig:sdks/db/intermediate-fixed-specs/peach-payments/openapi.yaml@bec3d36b9a341f30707a4ab3d9de6c4154809ada	census 0	candidates.jsonl
anyof-oneof-variant	document	konfig-sdks/openapi-examples:peach-payments/openapi.yaml@161ab49c45e45825ca3832945c59a3ba904321ba	census 0	candidates.jsonl
anyof-oneof-variant	document	loris-catalano/dsp-labs:Lab01/nodejs-server-server-generated/api/openapi.yaml@b9b106995db6bfa29079d8ff915459384f21e77c	census 0	candidates.jsonl
anyof-oneof-variant	document	m-paternostro/lappdog:openapi.yaml@a1b20def9ace24c06d3e1ef3e46049d6180333cf	census 0	candidates.jsonl
anyof-oneof-variant	document	mallow-labs/mallow-wallet:packages/mallow_api/openapi/openapi.yaml@69fea1a9bea7375c72ee7a876a9e6b3d2521c4c6	census 0	candidates.jsonl
anyof-oneof-variant	document	mbuechner/ddb-api-v3:api-service/src/main/openapi/openapi.yaml@d7a56d8e357801523dc0456df7269c5e2ec445d0	census 0	candidates.jsonl
anyof-oneof-variant	document	mchangrh/sb-openapi-source:openapi.yaml@35fba1b873b8a6d758a38e2837db0e40d39a576f	census 0	candidates.jsonl
anyof-oneof-variant	document	michel-tricot/airmux:lib/api-spec/openapi.yaml@0bd6b57c8988f20e6811021a7721b8def3d319fb	census 1	candidates.jsonl
anyof-oneof-variant	document	mistio/mist-sdk-go:api/openapi.yaml@e7a04a4e9cd3698a6f30d0ca204b480dbaf90b88	census 0	candidates.jsonl
anyof-oneof-variant	document	mithileshchellappan/pushboy:docs/openapi.yaml@688123d556fe2895a1578a233f993158317c40b0	census 0	candidates.jsonl
anyof-oneof-variant	document	mjavadalavi/torob-ticket:contracts/openapi.yaml@60f48ef7a5ec36d4f602c05f225e72ee1461c1cb	census 1	candidates.jsonl
anyof-oneof-variant	document	moham96/whapi-php-openapi:openapi.yaml@031deddc1a5645674b0b38d966ffa8f12fc850b8	census 0	candidates.jsonl
anyof-oneof-variant	document	murithigeo/ogc-edr-api:openapi.yaml@13a8c28ed2dd5d169ec4b1afea0bb08f8325ded0	census 0	candidates.jsonl
anyof-oneof-variant	document	ogen-go/ogen:_testdata/examples/openai-2.3.0.openapi.yaml@2569478736aed33cf1fe9d2a5b6e2d659bea0e69	census 0	candidates.jsonl
anyof-oneof-variant	document	open-edge-platform/edge-ai-libraries:microservices/vector-retriever/vector-retriever/docs/user-guide/api-docs/openapi.yaml@83e29f6caaa78934ede0ddc4f1c54c1dc0af6e24	census 1	candidates.jsonl
anyof-oneof-variant	document	oxlip-lang/oal:examples/openapi.yaml@9c76fd5fd74c1f64c62a219aa2156b021a820f4a	census 1	candidates.jsonl
anyof-oneof-variant	document	peridio/core-docs:src/openapi/peridio-admin-openapi.yaml@db957275922b812cac08d8fb4d4de1f65bb7d5ba	census 0	candidates.jsonl
anyof-oneof-variant	document	peterferguson/socii:functions/shared/alpaca/openapi.yaml@4c52a46967d4e2c46efb52c4547c6ae44ad187bf	census 0	candidates.jsonl
anyof-oneof-variant	document	philipplukas/evidara:contracts/api/platform-control.openapi.yaml@4127980286d18f8218ca0b39f681ff47ad119a63	census 3	candidates.jsonl
anyof-oneof-variant	document	semistrict/pablo:api/control-api.openapi.yaml@5bd26c2e2e0dbd2c6ad88c87cba72e0db046c467	census 0	candidates.jsonl
anyof-oneof-variant	document	shynuu/free5gc-cli:lib/openapi/Namf_Communication/api/openapi.yaml@4dca1023a9647ad4a2ec940be8c379920d38b0de	census 0	candidates.jsonl
anyof-oneof-variant	document	shynuu/free5gc-cli:lib/openapi/Nnrf_NFManagement/api/openapi.yaml@4dca1023a9647ad4a2ec940be8c379920d38b0de	census 1	candidates.jsonl
anyof-oneof-variant	document	shynuu/free5gc-cli:lib/openapi/Nudr_DataRepository/api/openapi.yaml@4dca1023a9647ad4a2ec940be8c379920d38b0de	census 0	candidates.jsonl
anyof-oneof-variant	document	syntara-orchestration/syntara:backend/src/syntara/schemas/integrations/openapi.yaml@cf9dc063d299c1cf403ea0586c3e9bcade5851fc	census 1	candidates.jsonl
anyof-oneof-variant	document	wavesplatform/Waves:node/src/main/resources/swagger-ui/openapi.yaml@66faa85e5f6195c7ac3edf4cbe15723de865825c	census 0	candidates.jsonl
anyof-oneof-variant	document	way-platform/ileap-go:.agents/skills/ileap/references/pact-spec-v2/openapi.yaml@8c4f945922cda98cd48a3e2232d8ed32ff7468b8	census 0	candidates.jsonl
anyof-oneof-variant	document	way-platform/skills:ileap/references/pact-spec-v2/openapi.yaml@693c876bb21d1d674c379c54f92ad0efe6d84d39	census 0	candidates.jsonl
anyof-oneof-variant	document	waylayio/waylay-sdk-queries-py:openapi/queries.openapi.yaml@8ab6c18e10f96c3665dbb849ebe2193c16a1659c	census 15	candidates.jsonl
anyof-oneof-variant	document	waylayio/waylay-sdk-queries-py:openapi/queries.transformed.openapi.yaml@8ab6c18e10f96c3665dbb849ebe2193c16a1659c	census 15	candidates.jsonl
anyof-oneof-variant	document	waylayio/waylay-sdk-resources-py:openapi/resources.openapi.yaml@32b8d1f7c80ed1427e4421667c30726ac0576f2e	census 0	candidates.jsonl
anyof-oneof-variant	document	waylayio/waylay-sdk-resources-py:openapi/resources.transformed.openapi.yaml@32b8d1f7c80ed1427e4421667c30726ac0576f2e	census 0	candidates.jsonl
anyof-oneof-variant	document	waylayio/waylay-sdk-rules-py:openapi/rules.openapi.yaml@c19bc2cca008c497dd1bc147ce9cfa1d7f7e6649	census 0	candidates.jsonl
anyof-oneof-variant	document	waylayio/waylay-sdk-rules-py:openapi/rules.transformed.openapi.yaml@c19bc2cca008c497dd1bc147ce9cfa1d7f7e6649	census 0	candidates.jsonl
anyof-oneof-variant	document	wbcsd/data-exchange-protocol:spec/v2/openapi.yaml@cf4ebedb18d42f3453bcc868e01159321297c09a	census 0	candidates.jsonl
anyof-oneof-variant	document	wbcsd/data-exchange-protocol:spec/v3/openapi.yaml@cf4ebedb18d42f3453bcc868e01159321297c09a	acquisition-failure: parse-failure	candidates.jsonl
anyof-oneof-variant	document	wbcsd/tr:2025/data-exchange-protocol-20250224/openapi.yaml@88b8860aa73bb91221ff1e6a83edc631bb9ebfc3	census 0	candidates.jsonl
anyof-oneof-variant	document	wbcsd/tr:2025/data-exchange-protocol-20250310/openapi.yaml@88b8860aa73bb91221ff1e6a83edc631bb9ebfc3	acquisition-failure: parse-failure	candidates.jsonl
anyof-oneof-variant	document	wbcsd/tr:2025/data-exchange-protocol-20250430/openapi.yaml@88b8860aa73bb91221ff1e6a83edc631bb9ebfc3	acquisition-failure: parse-failure	candidates.jsonl
anyof-oneof-variant	document	wbcsd/tr:2025/data-exchange-protocol-20250612/openapi.yaml@88b8860aa73bb91221ff1e6a83edc631bb9ebfc3	acquisition-failure: parse-failure	candidates.jsonl
anyof-oneof-variant	document	wbcsd/tr:2025/data-exchange-protocol-20250718/openapi.yaml@88b8860aa73bb91221ff1e6a83edc631bb9ebfc3	acquisition-failure: parse-failure	candidates.jsonl
anyof-oneof-variant	document	wbcsd/tr:2025/data-exchange-protocol-20251117/openapi.yaml@88b8860aa73bb91221ff1e6a83edc631bb9ebfc3	census 0	candidates.jsonl
anyof-oneof-variant	document	wbcsd/tr:2025/data-exchange-protocol-20251118/openapi.yaml@88b8860aa73bb91221ff1e6a83edc631bb9ebfc3	acquisition-failure: parse-failure	candidates.jsonl
anyof-oneof-variant	document	wbcsd/tr:2025/data-exchange-protocol-20251211/openapi.yaml@88b8860aa73bb91221ff1e6a83edc631bb9ebfc3	census 0	candidates.jsonl
anyof-oneof-variant	document	wbcsd/tr:data-exchange-protocol/2.0/openapi.yaml@88b8860aa73bb91221ff1e6a83edc631bb9ebfc3	census 0	candidates.jsonl
anyof-oneof-variant	document	wbcsd/tr:data-exchange-protocol/2.1/openapi.yaml@88b8860aa73bb91221ff1e6a83edc631bb9ebfc3	census 0	candidates.jsonl
anyof-oneof-variant	document	wbcsd/tr:data-exchange-protocol/2.2/openapi.yaml@88b8860aa73bb91221ff1e6a83edc631bb9ebfc3	census 0	candidates.jsonl
anyof-oneof-variant	document	wbcsd/tr:data-exchange-protocol/2.3.0/openapi.yaml@88b8860aa73bb91221ff1e6a83edc631bb9ebfc3	census 0	candidates.jsonl
anyof-oneof-variant	document	wbcsd/tr:data-exchange-protocol/2.3.1/openapi.yaml@88b8860aa73bb91221ff1e6a83edc631bb9ebfc3	census 0	candidates.jsonl
anyof-oneof-variant	document	wbcsd/tr:data-exchange-protocol/2.3.2/openapi.yaml@88b8860aa73bb91221ff1e6a83edc631bb9ebfc3	census 0	candidates.jsonl
anyof-oneof-variant	document	wbcsd/tr:data-exchange-protocol/2.3.3/openapi.yaml@88b8860aa73bb91221ff1e6a83edc631bb9ebfc3	census 0	candidates.jsonl
anyof-oneof-variant	document	wbcsd/tr:data-exchange-protocol/2.3/openapi.yaml@88b8860aa73bb91221ff1e6a83edc631bb9ebfc3	census 0	candidates.jsonl
anyof-oneof-variant	document	wbcsd/tr:data-exchange-protocol/3.0.0/openapi.yaml@88b8860aa73bb91221ff1e6a83edc631bb9ebfc3	acquisition-failure: parse-failure	candidates.jsonl
anyof-oneof-variant	document	wbcsd/tr:data-exchange-protocol/3.0.1/openapi.yaml@88b8860aa73bb91221ff1e6a83edc631bb9ebfc3	acquisition-failure: parse-failure	candidates.jsonl
anyof-oneof-variant	document	wbcsd/tr:data-exchange-protocol/3.0.2/openapi.yaml@88b8860aa73bb91221ff1e6a83edc631bb9ebfc3	acquisition-failure: parse-failure	candidates.jsonl
anyof-oneof-variant	document	wbcsd/tr:data-exchange-protocol/3.0.3/openapi.yaml@88b8860aa73bb91221ff1e6a83edc631bb9ebfc3	acquisition-failure: parse-failure	candidates.jsonl
anyof-oneof-variant	document	wbcsd/tr:data-exchange-protocol/3.0/openapi.yaml@88b8860aa73bb91221ff1e6a83edc631bb9ebfc3	acquisition-failure: parse-failure	candidates.jsonl
anyof-oneof-variant	document	wbcsd/tr:data-exchange-protocol/latest/openapi.yaml@88b8860aa73bb91221ff1e6a83edc631bb9ebfc3	acquisition-failure: parse-failure	candidates.jsonl
anyof-oneof-variant	document	yimingy72/wuji:packages/contracts/openapi.yaml@c9ec37176420362230dfac0ae917f18d8a6b2d07	census 3	candidates.jsonl
anyof-oneof-variant	query	\anyOf\"" "\"oneOf\"" "\"requestBody\"" filename:openapi.json	0	queries.jsonl
anyof-oneof-variant	query	anyOf: "- oneOf:" "requestBody:" filename:openapi.yaml	136	queries.jsonl
anyof-sole-member	document	9seconds/topographer:openapi.yaml@17fb92994da69ddd9027a66a123be82a57b36cd2	census 0	candidates.jsonl
anyof-sole-member	document	AET-DevOps25/team-closed-ai:genai/openapi.yaml@91876841a72e15e75a38aaa6d13859c6c2524ad8	census 0	candidates.jsonl
anyof-sole-member	document	Acontoso/sca-checker:openapi.yaml@e869e30945b5051f8ba0e033887fa73182e64953	census 0	candidates.jsonl
anyof-sole-member	document	Aurite-ai/aurite-agents:openapi.yaml@e4a5c14d49188817cdb3a30324a5c0b015ec29bb	census 0	candidates.jsonl
anyof-sole-member	document	Azure/ARO-RP:hack/graphsdk/openapi.yaml@6f2967e0352f87510aaada8c3eb0b0fcb5f0c3bf	census 0	candidates.jsonl
anyof-sole-member	document	DblK/shottower:api/openapi.yaml@e6786c4f034e88b29d39b3498e7ac267c6cac021	census 0	candidates.jsonl
anyof-sole-member	document	DewyKB/dewy:openapi.yaml@78a581a56a91cee98edb97db50b76a88a389a65b	census 0	candidates.jsonl
anyof-sole-member	document	Dugong-Chinese/chinese-resource-app:api/openapi.yaml@ad084aaeb7a2bfd390aa8f00efc210a35bf461f5	census 0	candidates.jsonl
anyof-sole-member	document	Element84/swoop:openapi.yaml@742815dd7f2ec94566895fb211a6f95a01bad87e	acquisition-failure: parse-failure	candidates.jsonl
anyof-sole-member	document	EvilFreelancer/img2md-vlm-ocr:openapi.yaml@21b8463d66c34aeb42c8aa51a612b65b752845c7	census 0	candidates.jsonl
anyof-sole-member	document	Hydrospheredata/hydro-visualization:openapi.yaml@ed12f129cb9fffe6a3e073508c186acb6c38afd5	census 0	candidates.jsonl
anyof-sole-member	document	IBM-Sustainable-Logistics/Backend-IBM-SL:openapi.yaml@f1a0df646544df372f8b90f7234ea4ff381399e5	census 0	candidates.jsonl
anyof-sole-member	document	IT-Academy-BCN/ita-wiki:services/sso/openapi.yaml@ec6a724fdf98f6e10d75dfeaadef0ddcfa5620ff	census 0	candidates.jsonl
anyof-sole-member	document	IT-Academy-BCN/ita-wiki:services/wiki/openapi.yaml@ec6a724fdf98f6e10d75dfeaadef0ddcfa5620ff	census 0	candidates.jsonl
anyof-sole-member	document	JocysCom/VsAiCompanion:Resources/openapi.yaml@986e97c624336b6a0c0748faac558c1425029641	acquisition-failure: parse-failure	candidates.jsonl
anyof-sole-member	document	KunjShah01/RL-A2A:docs/openapi.yaml@3baca361c89dcf3f708ec97ffcdfb6bc42d7a7ce	census 0	candidates.jsonl
anyof-sole-member	document	MagaluCloud/magalu:specs/globaldb.openapi.yaml@c467ba8e695fa21e427aa35a12f5ba137bb0dbca	census 0	candidates.jsonl
anyof-sole-member	document	MarianoChaves/pygent:docs/openapi.yaml@709d64639d01a0e0a50763d30897a6264964898b	census 0	candidates.jsonl
anyof-sole-member	document	Morriz/itsUP:openapi.yaml@3225cee39811c659b9aade1db596f45203c09f13	census 0	candidates.jsonl
anyof-sole-member	document	NatLibFi/melinda-record-import-api:src/openapi.yaml@c01e4febe8e552a854feff7188c968a035a8b566	census 0	candidates.jsonl
anyof-sole-member	document	Ndelelo/Student-Attendance-Management-System:docs/openapi.yaml@af0ce317c8f19fe74b84847fa5a29462694c94be	census 0	candidates.jsonl
anyof-sole-member	document	Open-EO/openeo-api:openapi.yaml@1881dae18b3c2c417f1305774cf295c81d60d400	acquisition-failure: parse-failure	candidates.jsonl
anyof-sole-member	document	Papr-ai/memory-opensource:openapi.yaml@a0a816eb00f73b0819ef3fd7115bb6835cd18c39	census 0	candidates.jsonl
anyof-sole-member	document	Pret-a-LLOD/ontology-lexicalization:openapi.yaml@bec5d81bddee9cfc0bc86c214dd83bb9e666183f	census 0	candidates.jsonl
anyof-sole-member	document	UMass-Rescue/RescueBox-Desktop:src/shared/openapi.yaml@1b3a5436d8ed959af94cedff4dded0c045380390	census 0	candidates.jsonl
anyof-sole-member	document	VILLASframework/controller:doc/openapi.yaml@20e7e55bfcb0b5fd52ebb355fb67fdf279a3774c	census 0	candidates.jsonl
anyof-sole-member	document	WALTER-GROUP/hackathon-sustainable-logistics:openapi/openapi.yaml@d98976e432527f99c993ccc80622880419ad3236	census 0	candidates.jsonl
anyof-sole-member	document	WikiTeq/mAItion:docs/openapi.yaml@7d010ce7266836130b72ca25fe070aec3582960c	census 0	candidates.jsonl
anyof-sole-member	document	WikiTeq/rag-of-all-trades:openapi.yaml@95146ab89308bf625cc55cff5b6b4063bc11d930	census 0	candidates.jsonl
anyof-sole-member	document	WithSecureOpenSource/gdpr-subject-rights-api:openapi.yaml@0d2775dbf1c0830671a9efd878f03ae1eaf97995	census 0	candidates.jsonl
anyof-sole-member	document	Yi-Jiahe/tunic_language:openapi.yaml@5017ffaaf6ba1b59f334e49c69930922075541fa	census 0	candidates.jsonl
anyof-sole-member	document	antoinebou12/D2COpenAIPlugin:.well-known/openapi.yaml@7d15ee155d5f392b1d90192dc2e21ec479a6291a	census 0	candidates.jsonl
anyof-sole-member	document	atoncooper/MindBase:api/openapi.yaml@1aaacaf7a951e42e27fbb9ec9f7e17b9f9e94a5f	census 0	candidates.jsonl
anyof-sole-member	document	au5ton/rosetta:openapi.yaml@d617efe8981bc1fbc1a5fc5065eaf1e5725ccc09	census 0	candidates.jsonl
anyof-sole-member	document	awslabs/time-addressable-media-store:api/build/openapi.yaml@ca2a91005bf99664993edfac60fdc73094ea8fd8	census 0	candidates.jsonl
anyof-sole-member	document	ballerina-platform/module-ballerinax-microsoft.outlook.mail:docs/spec/openapi.yaml@0bc7127332adef02fe03703881ba61bb99e421ed	census 0	candidates.jsonl
anyof-sole-member	document	biospi/UKVetMedicinesDataStandards:openapi.yaml@595bc49e67b8f9e0323616dbdad78759035706c8	census 0	candidates.jsonl
anyof-sole-member	document	camptocamp/oapi-poc:openapi.yaml@9365e94497f2c3a4798259249c2cfef6673197b9	census 0	candidates.jsonl
anyof-sole-member	document	cerebrate-project/cerebrate:webroot/docs/openapi.yaml@316a144c622a53c4199a17c0af0832f472187fff	census 0	candidates.jsonl
anyof-sole-member	document	cherrypick-agency/flutter_network_debugger:docs/openapi.yaml@65a2a4b3f61510c75bb30db1f828c2bf137404d7	census 0	candidates.jsonl
anyof-sole-member	document	credi-net/CrediNet:openapi.yaml@546d365dac8babce9085c0feeec5a35b37b4edb7	census 0	candidates.jsonl
anyof-sole-member	document	danny-avila/ai-services:noteable_openapi.yaml@0b72d547dbb02d206970b28a1d6cdceb312f6140	census 0	candidates.jsonl
anyof-sole-member	document	datakaveri/iudx-aaa-server:docs/openapi.yaml@0cb7095efa32311f276aec5dfe6f08b90072d012	census 0	candidates.jsonl
anyof-sole-member	document	datehoer/hot-rank-web:docs/agent/openapi.yaml@c50d38f025bf1bb0b3b579098ae5a384fa3f240e	census 0	candidates.jsonl
anyof-sole-member	document	dturkuler/humandesign_api:openapi.yaml@07a14af34bcadadf60744a5390232d70097e822a	census 0	candidates.jsonl
anyof-sole-member	document	eclipse-tractusx/industry-core-hub:docs/api/openAPI.yaml@26554dfdad0f9cdee9eae2b81bb82950cab976e0	census 0	candidates.jsonl
anyof-sole-member	document	ghga-de/metadata-search-svc:openapi.yaml@881194daed26da7ca2c8835d0b6c87dd3c7f4849	census 0	candidates.jsonl
anyof-sole-member	document	glaciation-heu/glaciation-prediction-service:api/openapi.yaml_@f62bdf97904ecb0eae43b273e75010b2ee912630	census 0	candidates.jsonl
anyof-sole-member	document	gs1/EPCIS:REST Bindings/openapi.yaml@6f71468231838e424bb5dfa836e006e8dc69615c	acquisition-failure: parse-failure	candidates.jsonl
anyof-sole-member	document	hasura/promptql-go-sdk:api/api/openapi.yaml@563d579e126b910fec1697d110f80a9d6eca39cf	census 0	candidates.jsonl
anyof-sole-member	document	hugo-alves/get-a-room:openapi.yaml@f2130f1eebbc8c697bcdb5cf2a867f6802221523	census 0	candidates.jsonl
anyof-sole-member	document	hzi-braunschweig/pia-system:docs/openapi.yaml@3eaeb975711199c380b582a78a4dc281aaf0e3fe	census 0	candidates.jsonl
anyof-sole-member	document	ingef/conquery:openapi.yaml@d00b00e073b36150e52f507e25c36eefa22038ac	census 0	candidates.jsonl
anyof-sole-member	document	input-output-hk/offchain-metadata-tools:docs/api/0.1.0.0/openapi.yaml@91eba72d6e5e3b17cd49f625c9546f2c82df5a65	census 2	candidates.jsonl
anyof-sole-member	document	input-output-hk/offchain-metadata-tools:docs/api/0.2.0.0/openapi.yaml@91eba72d6e5e3b17cd49f625c9546f2c82df5a65	census 2	candidates.jsonl
anyof-sole-member	document	input-output-hk/offchain-metadata-tools:docs/api/0.4.0.0/openapi.yaml@91eba72d6e5e3b17cd49f625c9546f2c82df5a65	census 2	candidates.jsonl
anyof-sole-member	document	konfig-sdks/openapi-examples:jina-ai/openapi.yaml@161ab49c45e45825ca3832945c59a3ba904321ba	census 0	candidates.jsonl
anyof-sole-member	document	konfig-sdks/openapi-examples:seyna/openapi.yaml@161ab49c45e45825ca3832945c59a3ba904321ba	census 0	candidates.jsonl
anyof-sole-member	document	langgraph4j/langsmith4j-sdk:api/openapi.yaml@f4f0ee1a797b8e0d43a7154aca2fe37d62eefbf0	census 0	candidates.jsonl
anyof-sole-member	document	lklic/idios:doc/openapi.yaml@dc496d4f2c77fbe26c7e5d67717e1fc763638fb9	census 0	candidates.jsonl
anyof-sole-member	document	ly0va/dobby:openapi.yaml@6af0c06151736f16c187c106d8bee69dfb84bdd3	census 0	candidates.jsonl
anyof-sole-member	document	m-paternostro/lappdog:openapi.yaml@a1b20def9ace24c06d3e1ef3e46049d6180333cf	census 0	candidates.jsonl
anyof-sole-member	document	moevm/moodle_js_actions_collector:openapi.yaml@db8bd7e0e6b1743af55dc6044b7c933f12465b64	census 0	candidates.jsonl
anyof-sole-member	document	monster5475/FakeSimpleJson:openapi.yaml@ef53e56fef507343530f193118af7f114bad4526	census 0	candidates.jsonl
anyof-sole-member	document	monterey-ai/docs:openapi.yaml@40c8438335c9dd083c28a684dac7e7b5d6215c02	census 0	candidates.jsonl
anyof-sole-member	document	neilthomas89440-crypto/inferna-next:docs/openapi.yaml@3c1bc6fde017130ac9335b2d4192d0400f956689	census 0	candidates.jsonl
anyof-sole-member	document	ngundotra/solana-gpt-plugin:.well-known/openapi.yaml@74231e689d69edaa35c7ff75c681f6eb3f96e0f9	census 0	candidates.jsonl
anyof-sole-member	document	nixiesearch/nixiesearch:docs/docs/openapi.yaml@31bc0a853a3d5f8421861201af4118834a584a27	census 0	candidates.jsonl
anyof-sole-member	document	norok2/italiclas:openapi.yaml@7a782d7e045cc0c0174d7ac53dd4a2f10e55cddf	census 0	candidates.jsonl
anyof-sole-member	document	nullclaw/nullboiler:docs/openapi.yaml@1af33b6eb6ca431a0d29b3ba76d34e25f3db0ded	census 0	candidates.jsonl
anyof-sole-member	document	observantio/watchdog:watchdog/openapi.yaml@604cfe8677d1307e79d8ac97fbe12d7fc563dea1	census 0	candidates.jsonl
anyof-sole-member	document	opservices/opmon-datasource:openapi.yaml@98f766665229f531da9978a1a2d78699cc175c02	census 0	candidates.jsonl
anyof-sole-member	document	oxlip-lang/oal:examples/openapi.yaml@9c76fd5fd74c1f64c62a219aa2156b021a820f4a	census 0	candidates.jsonl
anyof-sole-member	document	pavelzbornik/whisperX-FastAPI:app/docs/openapi.yaml@6bd9cd63da754976953b4ec31e91e1745860d188	census 0	candidates.jsonl
anyof-sole-member	document	pengxiaoo/llama-index-fastapi:openapi.yaml@e31d3902a36ee8efa2fc0163133b09408acf8760	census 0	candidates.jsonl
anyof-sole-member	document	rametta/rapini:example-openapi.yaml@7fafcc5c0ec57c4c2ba9de7814208fa968b55446	census 0	candidates.jsonl
anyof-sole-member	document	renderpci/dedalo:docs/api/openapi.yaml@09a720fb417df57250c3f5b2a48d90277c6ad796	census 0	candidates.jsonl
anyof-sole-member	document	rendiffdev/rendiff-probe:docs/api/openapi.yaml@870845d17e32eb471d5a62fe5d9e27d5c4f25963	census 0	candidates.jsonl
anyof-sole-member	document	rvdbreemen/OTGW-firmware:docs/api/openapi.yaml@332037cf00074eb81b7ac09658fae70349b136c1	census 0	candidates.jsonl
anyof-sole-member	document	sidoh/esp8266_milight_hub:docs/openapi.yaml@23102c73f7a40ad4308952162a9040f72d6cfc56	acquisition-failure: parse-failure	candidates.jsonl
anyof-sole-member	document	speakeasy-api/examples:framework-fastapi/openapi.yaml@0cae85f27d34456a7630342b4e27937f659ceada	census 0	candidates.jsonl
anyof-sole-member	document	speakeasy-api/hono-openapi-example:openapi.yaml@e26e94f0e9d0c5000952f485d6483c5c813f07da	census 0	candidates.jsonl
anyof-sole-member	document	stac-api-extensions/collection-transaction:openapi.yaml@1e17d75d5178149e3f003cee14896ffefefed320	census 0	candidates.jsonl
anyof-sole-member	document	stainlu/openclaw-managed-agents:openapi/openapi.yaml@6b89ca02ee6634c492580b9cea71bb2d43c28097	census 0	candidates.jsonl
anyof-sole-member	document	stapi-spec/stapi-spec:spec/openapi.yaml@9b459e17c0c24fd865604b9b0b33f6a39310c139	census 0	candidates.jsonl
anyof-sole-member	document	strongdm/cxdb:frontend/public/openapi.yaml@c26258881f3c3fb039b37d9ff2dbca3dec6f6c6a	census 0	candidates.jsonl
anyof-sole-member	document	takabayashi/lineage-bridge:docs/openapi.yaml@453b72a2fd0a526b617cbe696161f655c9f7a0bb	census 0	candidates.jsonl
anyof-sole-member	document	testillano/h2agent:docs/api/openapi.yaml@68bc2f295cfc8a34449ccfcd52d6f62a74f72292	acquisition-failure: parse-failure	candidates.jsonl
anyof-sole-member	document	trustbit/logistic-hackathon-public:openapi/openapi.yaml@6588139c737d8f1b4412fd859927abc969ac1ca3	census 0	candidates.jsonl
anyof-sole-member	document	tryAGI/HuggingFace:docs/openapi.yaml@11c04e184d944b6a5886a999cacfb2acd974790f	census 0	candidates.jsonl
anyof-sole-member	document	ttumiel/arxivXplorerGPT:public/openapi.yaml@ac652c8f1b38aa9b95737bf40ee484687b675488	census 0	candidates.jsonl
anyof-sole-member	document	uc-cdis/metadata-service:docs/openapi.yaml@eefaef4cd18ca3908684d7d5fd8ec6adae3db7f1	census 0	candidates.jsonl
anyof-sole-member	document	uc-cdis/requestor:docs/openapi.yaml@947a1f74383ad45e6a921b5063195df935fd6999	census 0	candidates.jsonl
anyof-sole-member	document	unblocked/chissl:docs/openapi.yaml@36fb464979be45fd0d3f21f37f260ac516ae8cdf	acquisition-failure: parse-failure	candidates.jsonl
anyof-sole-member	document	video-db/videodb-python:openapi.yaml@9d6e55fb6115d6b210d7609105dd2601115b98ad	census 0	candidates.jsonl
anyof-sole-member	document	wbcsd/data-exchange-protocol:spec/v2/openapi.yaml@cf4ebedb18d42f3453bcc868e01159321297c09a	census 0	candidates.jsonl
anyof-sole-member	document	wbcsd/data-exchange-protocol:spec/v3/openapi.yaml@cf4ebedb18d42f3453bcc868e01159321297c09a	acquisition-failure: parse-failure	candidates.jsonl
anyof-sole-member	document	yoshinorisano/chatgpt-simple-todo-plugin:openapi.yaml@b37064b231d5830f9e022f6e6e82c6be1b48ba8c	census 0	candidates.jsonl
anyof-sole-member	document	zakhar-petukhov/MicroserviceFastAPI:openapi.yaml@da191014038cf2aeadbacb34fa75b28ab3433b52	census 0	candidates.jsonl
anyof-sole-member	document	znxos/TailorFit:docs/openapi.yaml@17ba7ba5ccb3d5a2c2bdb596db4777a69e5d1d6f	census 0	candidates.jsonl
anyof-sole-member	query	\anyOf\"" "\"items\"" "\"requestBody\"" "\"array\"" filename:openapi.json	0	queries.jsonl
anyof-sole-member	query	anyOf: "items:" "requestBody:" "type: array" filename:openapi.yaml	4832	queries.jsonl
format-uri-template	document	APIs-guru/openapi-directory:APIs/openlinksw.com/osdb/1.0.0/openapi.yaml@f04b8d0bcd39c52e1cf3ad7a5fe744709832ae49	census 1	candidates.jsonl
format-uri-template	document	ClintonCao/EvoMaster:core-it/src/test/resources/APIs_guru/openlinksw.com/osdb/1.0.0/openapi.yaml@1a2336d2e9d2b9441c3b357cb4743c6e9fed429e	census 1	candidates.jsonl
format-uri-template	document	Jeffery2008/vertoad-backend:docs/openapi.yaml@a3af23921fa7f2c7f2c482d49af520021e1a82c6	census 1	candidates.jsonl
format-uri-template	document	LoriMarshall/openapidir:APIs/openlinksw.com/osdb/1.0.0/openapi.yaml@433a94f3e9e268f2b000b0b497785ede34332a7f	census 1	candidates.jsonl
format-uri-template	document	Noschvie/knx-iot-frontend:docs/knxiot_api_openapi.yaml@3e413bc0051eec9ab2bf8e0bd6b7ee0383624df5	census 0	candidates.jsonl
format-uri-template	document	Noschvie/semantic-knx-gateway:docs/knxiot_api_openapi.yaml@65dedbb7a5568ec2f3fd0d15aea6c319fefaa03e	census 0	candidates.jsonl
format-uri-template	document	WebFuzzing/EvoMaster:core-tests/integration-tests/core-it/src/test/resources/APIs_guru/openlinksw.com/osdb/1.0.0/openapi.yaml@50f95203192aab54454d5c3e195ab3698d6b3f17	census 1	candidates.jsonl
format-uri-template	document	WebFuzzing/fuzzing-nosql:wb-mongo/EvoMaster-mongo/core-it/src/test/resources/APIs_guru/openlinksw.com/osdb/1.0.0/openapi.yaml@beab2413018c8ac6fa8c3ee68dac856ffd3cc628	census 1	candidates.jsonl
format-uri-template	document	adityaghatge/nlp2rest:rule_extractor/APIs-guru/specifications/openlinksw.com/osdb/1.0.0/openapi.yaml@23fc8dc5e37f7ef1681c135abfba30e6cfad2a91	census 1	candidates.jsonl
format-uri-template	document	api-evangelist/redocly:openapi/_original/redocly-scout-agent-openapi.yaml@260ddf104a248f74c343f7d1d74d144f12a77ae3	census 33	candidates.jsonl
format-uri-template	document	codingsoo/nlp2rest:rule_extractor/APIs-guru/specifications/openlinksw.com/osdb/1.0.0/openapi.yaml@ae3783b7e4475947bd27511ca4dadc4a273d046c	census 1	candidates.jsonl
format-uri-template	document	florCecotto24/TP-PAW:openapi.yaml@a089f7a64d0e47d64b2e892cbb4d2954e6754aed	acquisition-failure: parse-failure	candidates.jsonl
format-uri-template	document	janwilmake/fastmail-openapi:openapi.yaml@0bac35abef2e1cd5625dd7a86b248f4119365316	census 2	candidates.jsonl
format-uri-template	document	leonardohra/OpenAPI-analysis:APIs/openlinksw.com/osdb/1.0.0/openapi.yaml@55b672c2d68e1752dd250c59927a6a2e0a8c26f2	census 1	candidates.jsonl
format-uri-template	document	luomein/authenticate-any-api:Sources/AAAGitHub/openapi.yaml@c6c8ae8899f3787cbaeb709858e2247b4e6b90d3	census 1	candidates.jsonl
format-uri-template	document	luomein/authenticate-any-api:Sources/AAASpotify/openapi.yaml@c6c8ae8899f3787cbaeb709858e2247b4e6b90d3	census 1	candidates.jsonl
format-uri-template	document	luomein/authenticate-any-api:Sources/AAATwitter/openapi.yaml@c6c8ae8899f3787cbaeb709858e2247b4e6b90d3	census 1	candidates.jsonl
format-uri-template	document	luomein/authenticate-any-api:Tests/OpenAPIClientRequestReducerTests/openapi.yaml@c6c8ae8899f3787cbaeb709858e2247b4e6b90d3	census 1	candidates.jsonl
format-uri-template	document	luomein/authenticate-any-api:Tests/OpenAPIClientRequestTests/openapi.yaml@c6c8ae8899f3787cbaeb709858e2247b4e6b90d3	census 1	candidates.jsonl
format-uri-template	document	o-ran-sc/smo-teiv:docs/offeredapis/topology-exposure-inventory-openapi.yaml@2ef680ae42769ab896a9ea2ddfbdd2a4df42d6b7	census 1	candidates.jsonl
format-uri-template	document	o-ran-sc/smo-teiv:teiv/src/main/resources/v1/topology-exposure-inventory-openapi.yaml@2ef680ae42769ab896a9ea2ddfbdd2a4df42d6b7	census 1	candidates.jsonl
format-uri-template	document	paul-schuhm/api-restful-orm-graphql:demos/openapi/demo-openapi-swagger-autogen/SwaggerServer-node/api/openapi.yaml@cd5132355feb55de2ce92b2828cd5d90e8551161	census 1	candidates.jsonl
format-uri-template	document	paul-schuhm/api-restful-orm-graphql:demos/starter-api-concerts/openapi.yaml@cd5132355feb55de2ce92b2828cd5d90e8551161	census 1	candidates.jsonl
format-uri-template	document	pcedison/taiwan-flood-risk-open-map:docs/api/openapi.yaml@0a2aa5916ec45cdbe6c873e1c2f531203129d8c8	census 1	candidates.jsonl
format-uri-template	document	projectsyn/lieutenant-api:openapi.yaml@b6f813a6431abaef13160972447be20b3cde93ee	census 2	candidates.jsonl
format-uri-template	document	restful-ma/thresholds:benchmark-repository/openapi/openlinksw.com-osdb-1.0.0-openapi.yaml@5b0b2a3322d3b2b7c0e0f2c0c0ad0e524e67bf82	census 1	candidates.jsonl
format-uri-template	document	suarezrominajulieta/Evo-tesis:EvoMaster-master/EvoMaster-master/core-it/src/test/resources/APIs_guru/openlinksw.com/osdb/1.0.0/openapi.yaml@c11ae92daa273be94a435aadad384306c9b96134	census 1	candidates.jsonl
format-uri-template	document	tmoody1973/npr-cds-openapi:mcp-server/specs/openapi.yaml@0ed2159bf447a61cc64722bf9f9f324f776d2bd1	census 6	candidates.jsonl
format-uri-template	query	\uri-template\"" "\"requestBody\"" filename:openapi.json	0	queries.jsonl
format-uri-template	query	format: uri-template "requestBody:" filename:openapi.yaml	28	queries.jsonl
items-oneof-element	document	0x2E/fusion:docs/openapi.yaml@1f99b1fc654baa0108e4df4577429d62d0e53cb8	census 0	candidates.jsonl
items-oneof-element	document	ADORSYS-GIS/cloud-identity-wallet:openapi.yaml@d6bb2ed0ed9a946de5de4e6b3ce68474c129f901	census 2	candidates.jsonl
items-oneof-element	document	BarretoTech/organizze-api-sdk:specs/openapi.yaml@8fbad5e8189bc7ac0f1760d75c6ffadc64a64b55	census 1	candidates.jsonl
items-oneof-element	document	CodeHalwell/gradio-mcp-agent-hack:docs/openapi.yaml@50a38fc79a4c0a6ab3518e02dd739281160db933	census 2	candidates.jsonl
items-oneof-element	document	DistributedProofreaders/dproofreaders:api/dp-openapi.yaml@8f96bc0147a3046a0cf20ae12cd5b39c4060ad9d	census 0	candidates.jsonl
items-oneof-element	document	Dkaattae/math-adventures-hq:openapi.yaml@ae79d82ab6e2536cffdc0f73fa4d3cec36e85113	census 1	candidates.jsonl
items-oneof-element	document	Fahry-a/STA:docs/openapi.yaml@0b107852b0c73c33eddae853342f116714ad8e60	census 0	candidates.jsonl
items-oneof-element	document	Fulton-Engineering-Services/bge-m3-embedding-server:openapi.yaml@835b53dd20bff6815c6f9b0d1875a8c2f074761f	census 0	candidates.jsonl
items-oneof-element	document	IntersectMBO/mithril:openapi.yaml@e92707cb6dfc31713b0a07660c64455ecd5d7e84	census 0	candidates.jsonl
items-oneof-element	document	JSJitsu/ai-battle-website:public/openapi.yaml@66635d75b02fc4fe056c652c58f4a2c94a012e08	census 0	candidates.jsonl
items-oneof-element	document	Kadxy/weixin-ilink-gateway:openapi.yaml@ad6097361b834e263247764368c15529b5cf2a39	census 0	candidates.jsonl
items-oneof-element	document	KubeOrch/core:docs/openapi.yaml@c4ba2e97813ee31d1018226d9e857f348ef8af17	census 0	candidates.jsonl
items-oneof-element	document	Luminous-Dynamics/symthaea:api/openapi.yaml@458c7b98d81c64b9361e252f85ef9d45132e6682	census 0	candidates.jsonl
items-oneof-element	document	MartinNikolovMarinov/ip_inventory:api/openapi.yaml@63abf7fd97f159bdff2d2f137670f857a9097011	census 1	candidates.jsonl
items-oneof-element	document	MikeRalphson/bbcapis:iblApi/openapi.yaml@7bd56501b1e4f89e0f4f795aeb043be9a4881d25	census 3	candidates.jsonl
items-oneof-element	document	MikeRalphson/bbcapis:simorghApi/openapi.yaml@7bd56501b1e4f89e0f4f795aeb043be9a4881d25	census 1	candidates.jsonl
items-oneof-element	document	OmronHealthCare-OHI/assignment-cloud-engineer:openapi.yaml@30be0e319d3a58e6cf81e866b626c0d92bba0f1f	census 1	candidates.jsonl
items-oneof-element	document	Open-EO/openeo-api:openapi.yaml@1881dae18b3c2c417f1305774cf295c81d60d400	acquisition-failure: parse-failure	candidates.jsonl
items-oneof-element	document	Open-MBEE/flexo-mms-sysmlv2:openapi/openapi.yaml@61d1c9da77e1f0eebd4734290b8bb04fb04162f0	census 0	candidates.jsonl
items-oneof-element	document	PlanScore/PlanScore:openapi.yaml@3f866f96c8f3dccdfb6e88ebd5dd9e61f0e532c2	census 1	candidates.jsonl
items-oneof-element	document	RDA-DMP-Common/common-madmp-api:openapi.yaml@38e4a5b4db8fb0a941ff799e5e6b620bd3836d07	census 0	candidates.jsonl
items-oneof-element	document	RGB-Tools/rgb-lightning-node:openapi.yaml@d4762ac3d1b3ca83f2f7b4f894e8569109dc572a	census 0	candidates.jsonl
items-oneof-element	document	RedHatInsights/quickstarts:spec/openapi.yaml@44f066ac5170a86f36166eeb615387b69413dc65	census 0	candidates.jsonl
items-oneof-element	document	RedTableProperties/hybrid-search-api:openapi.yaml@840d8719ca3992e7655b01d164d34d59cc4ee1f6	census 0	candidates.jsonl
items-oneof-element	document	Redocly/redoc:demo/openapi.yaml@6c44347ad0245a35355edb7fe6baddf023943b16	census 0	candidates.jsonl
items-oneof-element	document	SuperInstance/SuperInstance:docs/openapi.yaml@96708119878966f77f405e7a5e9c5da82233082b	census 0	candidates.jsonl
items-oneof-element	document	TagirRamilevich/agentic-rag-legal-challenge:openapi.yaml@5f9cf61265d464973818362390cd12e4654bdbba	census 0	candidates.jsonl
items-oneof-element	document	YoriJP/yori-dict:openapi.yaml@28da1168d5737655631ce8492e4b36ee2a2be604	census 2	candidates.jsonl
items-oneof-element	document	ZenRows/zenrows-python-sdk:docs/openapi.yaml@7cb5b2d31fc91c27a18873e767ae746fa9f4ea50	census 0	candidates.jsonl
items-oneof-element	document	abbychau/gtsdb:docs/openapi.yaml@a1656f3b455cc4a5ca17467e607263293f2f3045	census 0	candidates.jsonl
items-oneof-element	document	aerospike-community/aerolab:cli/cmd/v1/cloud/openapi.yaml@ae7e55c8bc9a606d6cd02ad5b050b1003860f978	census 0	candidates.jsonl
items-oneof-element	document	amckenna41/iso3166-2-api:openapi.yaml@060ad0212800d90ecadaa86e3a78b095329b6063	census 0	candidates.jsonl
items-oneof-element	document	aoide-org/aoide-rs:websrv/res/openapi.yaml@2ce00a93df603cbc2c7bee228de5e64275445225	census 16	candidates.jsonl
items-oneof-element	document	avraamisvi/geoxidated:openapi.yaml@a4e92cc858e88cf81178cba16bc6405a52592c22	census 1	candidates.jsonl
items-oneof-element	document	awslabs/time-addressable-media-store:api/build/openapi.yaml@ca2a91005bf99664993edfac60fdc73094ea8fd8	census 0	candidates.jsonl
items-oneof-element	document	beeequeue/arm-server:docs/openapi.yaml@86c9359fc9df49b9d42cf21dc67bdc99b1658fbf	census 0	candidates.jsonl
items-oneof-element	document	bonjohen/cedar_terrace:backend/openapi.yaml@aa512fd3c18062d241ad1e0b399f478e77aa74d9	census 1	candidates.jsonl
items-oneof-element	document	bundesAPI/strahlenschutz-api:openapi.yaml@172c6b1d8a5f8c16da79aaa09e2b13da847694a8	census 0	candidates.jsonl
items-oneof-element	document	bunpeg/bunpeg:src/www/openapi.yaml@774012df01d044bce27d09ec3ec43896d359c6b5	census 1	candidates.jsonl
items-oneof-element	document	camptocamp/oapi-poc:openapi.yaml@9365e94497f2c3a4798259249c2cfef6673197b9	census 1	candidates.jsonl
items-oneof-element	document	cherrypick-agency/flutter_network_debugger:docs/openapi.yaml@65a2a4b3f61510c75bb30db1f828c2bf137404d7	census 0	candidates.jsonl
items-oneof-element	document	chrisgleissner/c64bridge:doc/u2/u2-openapi.yaml@5d3105278b99d86b8c89f0544f0cf88d294ccaf8	census 0	candidates.jsonl
items-oneof-element	document	confluentinc/ccloud-sdk-go-v2:cam/v1/api/openapi.yaml@3dfce627be2b5a27adc6fc6db3a407c92a850ffb	census 0	candidates.jsonl
items-oneof-element	document	confluentinc/ccloud-sdk-go-v2:ccpm/v1/api/openapi.yaml@3dfce627be2b5a27adc6fc6db3a407c92a850ffb	census 0	candidates.jsonl
items-oneof-element	document	confluentinc/ccloud-sdk-go-v2:cdx/v1/api/openapi.yaml@3dfce627be2b5a27adc6fc6db3a407c92a850ffb	census 1	candidates.jsonl
items-oneof-element	document	confluentinc/ccloud-sdk-go-v2:cmk/v2/api/openapi.yaml@3dfce627be2b5a27adc6fc6db3a407c92a850ffb	census 0	candidates.jsonl
items-oneof-element	document	confluentinc/ccloud-sdk-go-v2:metrics/v2/api/openapi.yaml@3dfce627be2b5a27adc6fc6db3a407c92a850ffb	census 0	candidates.jsonl
items-oneof-element	document	designapis/openapi:ch19/openapi.yaml@4b0cc3d98e9682a81bc00163f3acedd7b3cfdd3c	census 0	candidates.jsonl
items-oneof-element	document	eclipse-tractusx/sd-factory:docs/api/openAPI.yaml@ec769860e526b66e17063532299938bcd82c32f5	census 0	candidates.jsonl
items-oneof-element	document	elixpo/elixpo_chapter:search.elixpo/openapi.yaml@1e8022d3a902d821a12e8f9004185dbe24ceeedb	census 0	candidates.jsonl
items-oneof-element	document	eo-tools/eozilla:tools/openapi.yaml@9392a2766aed412973f2af825b15ec8f4368ec85	census 1	candidates.jsonl
items-oneof-element	document	etrax-rescue/etrax-rescue-app:openapi.yaml@62c640e0d6985744076cbd6b76bec35dc29b5db9	census 1	candidates.jsonl
items-oneof-element	document	fred01/nsq-http-facade:openapi.yaml@0f872394b460399d3c6da93d76485b1750aa2bbf	census 1	candidates.jsonl
items-oneof-element	document	gdgeek/ai-3d-editor:openapi.yaml@45f562cda05516137c08c55ed5562c4665123f4d	census 0	candidates.jsonl
items-oneof-element	document	happyadam73/tsql-chatgpt:apim/openapi.yaml@41aaf16db76361cce9d342c72d0ee7ad83d9e476	census 0	candidates.jsonl
items-oneof-element	document	helberjf/logs-microservices:docs/openapi.yaml@9fca6b4177a5a1649999cd8f478d4c7fd5d6118a	census 0	candidates.jsonl
items-oneof-element	document	ivamuno/redoc-asyncapi:demo/openapi.yaml@0b73f9e3d7a3244b6f2efbb95f32c712eebcf7da	census 0	candidates.jsonl
items-oneof-element	document	ivan1993spb/snake-server:openapi.yaml@d8c1e07a888e600a4a613c8896595cc448c741a7	census 1	candidates.jsonl
items-oneof-element	document	john30/ebusd:contrib/html/openapi.yaml@38db2d28bd5622cadb6078c1662c6f7da5cef891	census 2	candidates.jsonl
items-oneof-element	document	khrnchn/sedekah-je:public/openapi.yaml@6208963c7bb1c180e4e8ce6a9505760121c34f3d	census 0	candidates.jsonl
items-oneof-element	document	kirbby/TournamentTree:docs/openapi.yaml@9305eff6c9e5993a1e8c2a8ec602ebea8a549214	census 0	candidates.jsonl
items-oneof-element	document	linux-automation/tacd:openapi.yaml@df3958c92643f7e0b06ef1830b9bc2a5e55ab24a	census 1	candidates.jsonl
items-oneof-element	document	lucid-fdn/lucid-ai-sdk:openapi.yaml@6a8744f94282c7e00524d1293f6f09f7bbc523e0	census 0	candidates.jsonl
items-oneof-element	document	mailtrap/mailtrap-local:docs/api/openapi.yaml@92798cb6cb26b5b0685e40db18f080e28e985555	census 0	candidates.jsonl
items-oneof-element	document	manticoresoftware/manticoresearch-go:api/openapi.yaml@3c112bdb4ba4d578a425022df7120a7524bd938c	census 0	candidates.jsonl
items-oneof-element	document	manticoresoftware/manticoresearch-net:api/openapi.yaml@7a6759c13dec09be0a998e4f61bf9a441778f248	census 0	candidates.jsonl
items-oneof-element	document	matteo-convertino/otpmanager-nextcloud:docs/openapi.yaml@1d7c0915080a3cdd0959db31ecf5696e1ae60d3a	census 0	candidates.jsonl
items-oneof-element	document	mojaloop/pisp-project:swagger_ui/openapi.yaml@01f8d384d54ef8e86821a2149143d741c5cc7b2b	census 0	candidates.jsonl
items-oneof-element	document	ngageoint/mage-server:service/src/docs/openapi.yaml@269f2334a1f8317f95e4131ba400a0f012d0e358	census 0	candidates.jsonl
items-oneof-element	document	noctiro/disaster-alert:docs/openapi.yaml@1bdff38425aa19cda31ba9d96579daed18e6e520	census 0	candidates.jsonl
items-oneof-element	document	octostore/octostore.io:openapi.yaml@ab8592792e707db28b0829b77249446a7450c50d	census 0	candidates.jsonl
items-oneof-element	document	opengeospatial/T17-API-D166:features/api/openapi.yaml@b4328b9cb3775eb01f3a46b33b73597f33cff8af	census 0	candidates.jsonl
items-oneof-element	document	orb-community/orb:policies/api/openapi.yaml@445ed5827411b57ba53cfd1da5b9ebfb19a38e79	census 0	candidates.jsonl
items-oneof-element	document	paulscherrerinstitute/rocrate-api:openapi.yaml@cc18be6627f6fa6f3b773c6233364515b40415f1	census 2	candidates.jsonl
items-oneof-element	document	pointnet/redoc-editor:public/openapi.yaml@340591cbfe69350b375eb6bd16ed7c446dbeb765	census 0	candidates.jsonl
items-oneof-element	document	pollinations/search.elixpo:openapi.yaml@cf716350fdfcf0df8501d10d2c4abd64c1e18bc0	census 0	candidates.jsonl
items-oneof-element	document	psiLearn/KeyboardTrainer:openapi.yaml@c5cad9985f9a87b4df5f6b5858f74754f1732449	census 2	candidates.jsonl
items-oneof-element	document	rohit1521/notifie:docs-public/openapi.yaml@2dc72706dd6d27784de4b26bebe2a090cb932422	census 0	candidates.jsonl
items-oneof-element	document	ron96g/fastapi-adapter:docs/openapi.yaml@276db3e101947afdd54d41bc887c7fb1e786d35c	census 1	candidates.jsonl
items-oneof-element	document	s2-streamstore/tailsurf:docs/openapi.yaml@66c124816ab73a9af5bdbe8d6b0a0577c6c719dd	census 0	candidates.jsonl
items-oneof-element	document	samhenrigold/jangle:public/openapi.yaml@3627a58faac462c67ac00573d568c31905893b79	acquisition-failure: parse-failure	candidates.jsonl
items-oneof-element	document	speakeasy-api/developer-docs:public/assets/openapi/springboot/openapi.yaml.txt@0f7e0b54734e94e1c918af9da39bbc327922c0db	census 0	candidates.jsonl
items-oneof-element	document	springmusk026/Il2CppDumper-Python:openapi.yaml@126b6c9db3c9f67649f5c4645cada55763f0a0e1	census 0	candidates.jsonl
items-oneof-element	document	stac-api-extensions/collection-transaction:openapi.yaml@1e17d75d5178149e3f003cee14896ffefefed320	census 0	candidates.jsonl
items-oneof-element	document	stapi-spec/stapi-spec:spec/openapi.yaml@9b459e17c0c24fd865604b9b0b33f6a39310c139	census 2	candidates.jsonl
items-oneof-element	document	superglue-ai/superglue:docs/openapi.yaml@a31947ffe232f60cf768f349fd71fcbf0b8ef801	census 0	candidates.jsonl
items-oneof-element	document	theoyinbooke/soundAr:docs/openapi.yaml@a2bb95e47cef1afca5423a96e8f04130de2d49c9	census 0	candidates.jsonl
items-oneof-element	document	thetejascodes/Grantly:openapi.yaml@11d3792cd0c94b2b07e8865dffb3239523d6392e	census 0	candidates.jsonl
items-oneof-element	document	tkhongsap/model-eval-harness:openapi.yaml@27742fa6d61bf37cb2a5b56f7a577b177a9afb43	census 0	candidates.jsonl
items-oneof-element	document	uptimerobot/uptimerobot-cli:openapi/openapi.yaml@41e7c11124c49d2c98c13dac8af871c808428d24	census 1	candidates.jsonl
items-oneof-element	document	vickz84259/lolesports-api-docs:openapi.yaml@74027a7950c7e4629d3cab01ddd3990457a9956d	census 1	candidates.jsonl
items-oneof-element	document	wbcsd/data-exchange-protocol:spec/v2/openapi.yaml@cf4ebedb18d42f3453bcc868e01159321297c09a	census 0	candidates.jsonl
items-oneof-element	document	wbcsd/data-exchange-protocol:spec/v3/openapi.yaml@cf4ebedb18d42f3453bcc868e01159321297c09a	acquisition-failure: parse-failure	candidates.jsonl
items-oneof-element	document	wblondel/tgtg-api-wrapper:openapi.yaml@f6b1745db584f07641a0f5cabd455bb6bc14e16e	census 0	candidates.jsonl
items-oneof-element	document	weather-gov/api:assets/openapi.yaml@694ed0f5526336e58d513a8b8a2b313d7896bbf7	census 0	candidates.jsonl
items-oneof-element	document	withqwerty/reep:openapi.yaml@0ec59faa5d81615b7a8200ae6121023a3bc14ce3	census 2	candidates.jsonl
items-oneof-element	document	worldcoin/signup-sequencer:schemas/openapi.yaml@7e11b51a580675407d420a09301049a155016eb1	census 2	candidates.jsonl
items-oneof-element	document	y-hiraoka/resend-local:resend-openapi.yaml@41e474ee644049ed75a037c56d0c12c21f938c5d	census 0	candidates.jsonl
items-oneof-element	document	yuno7777/project-black-monolith:contracts/openapi.yaml@405a73a46ae1d2ae3191040e7520377453490e32	census 0	candidates.jsonl
items-oneof-element	document	zerfoo/zerfoo:serve/openapi.yaml@bd895978278e7f67f0909616849aee1e9fc59245	census 0	candidates.jsonl
items-oneof-element	query	\array\"" "\"items\"" "\"oneOf\"" "\"minItems\"" filename:openapi.json	0	queries.jsonl
items-oneof-element	query	type: array "items:" "oneOf:" "minItems:" filename:openapi.yaml	4776	queries.jsonl
media-type-key-parameters	document	0x00Eider/backpack_exchange-main:openapi.json@8e60d8a691d370af31057c1a3988f887351c8a02	census 39	candidates.jsonl
media-type-key-parameters	document	401-advanced-javascript-bp/lab-06-json-server:docs/openapi.json@ce97a158866464d88684a76833968541356927b6	census 8	candidates.jsonl
media-type-key-parameters	document	401-advanced-javascript-leyla/lab-07-api-server:docs/openapi.json@16d7978609f07167514e59e24c3f90f1447cf1cd	census 1	candidates.jsonl
media-type-key-parameters	document	APIs-guru/openapi-directory:APIs/biapi.pro/2.0/openapi.yaml@f04b8d0bcd39c52e1cf3ad7a5fe744709832ae49	census 0	candidates.jsonl
media-type-key-parameters	document	APIs-guru/openapi-directory:APIs/ebay.com/sell-compliance/1.4.1/openapi.yaml@f04b8d0bcd39c52e1cf3ad7a5fe744709832ae49	census 2	candidates.jsonl
media-type-key-parameters	document	APIs-guru/openapi-directory:APIs/ebay.com/sell-recommendation/1.1.0/openapi.yaml@f04b8d0bcd39c52e1cf3ad7a5fe744709832ae49	census 1	candidates.jsonl
media-type-key-parameters	document	APIs-guru/openapi-directory:APIs/gamesparks.net/game-details/v2/openapi.yaml@f04b8d0bcd39c52e1cf3ad7a5fe744709832ae49	census 126	candidates.jsonl
media-type-key-parameters	document	APIs-guru/openapi-directory:APIs/influxdata.com/2.0.0/openapi.yaml@f04b8d0bcd39c52e1cf3ad7a5fe744709832ae49	census 1	candidates.jsonl
media-type-key-parameters	document	APIs-guru/openapi-directory:APIs/openbanking.org.uk/confirmation-funds-openapi/3.1.7/openapi.yaml@f04b8d0bcd39c52e1cf3ad7a5fe744709832ae49	census 6	candidates.jsonl
media-type-key-parameters	document	APIs-guru/openapi-directory:APIs/soundcloud.com/1.0.0/openapi.yaml@f04b8d0bcd39c52e1cf3ad7a5fe744709832ae49	census 32	candidates.jsonl
media-type-key-parameters	document	APIs-guru/openapi-directory:APIs/vtex.local/Customer-Credit-API/1.0/openapi.yaml@f04b8d0bcd39c52e1cf3ad7a5fe744709832ae49	census 14	candidates.jsonl
media-type-key-parameters	document	APIs-guru/openapi-directory:APIs/vtex.local/GiftCard-Hub-API/1.0/openapi.yaml@f04b8d0bcd39c52e1cf3ad7a5fe744709832ae49	census 1	candidates.jsonl
media-type-key-parameters	document	APIs-guru/openapi-directory:APIs/vtex.local/Orders-API-(PII-version)/1.0/openapi.yaml@f04b8d0bcd39c52e1cf3ad7a5fe744709832ae49	census 1	candidates.jsonl
media-type-key-parameters	document	APIs-guru/openapi-directory:APIs/vtex.local/Payments-Gateway-API/1.0/openapi.yaml@f04b8d0bcd39c52e1cf3ad7a5fe744709832ae49	census 5	candidates.jsonl
media-type-key-parameters	document	APIs-guru/openapi-directory:APIs/vtex.local/Pricing-API/1.0/openapi.yaml@f04b8d0bcd39c52e1cf3ad7a5fe744709832ae49	census 5	candidates.jsonl
media-type-key-parameters	document	APIs-guru/openapi-directory:APIs/xtrf.eu/2.0/openapi.yaml@f04b8d0bcd39c52e1cf3ad7a5fe744709832ae49	census 227	candidates.jsonl
media-type-key-parameters	document	BK1031/Rincon:openapi.yaml@979edc33f094158814c09c8a87438aa9cbaa7c4d	census 0	candidates.jsonl
media-type-key-parameters	document	BRP-API/Haal-Centraal-BRP-bevragen:specificatie/openapi.yaml@7d05af36a4cd90666c16b3f600b083f5f67e16c5	census 2	candidates.jsonl
media-type-key-parameters	document	BRP-API/Haal-Centraal-BRP-bevragen:specificatie/resolved/openapi.json@7d05af36a4cd90666c16b3f600b083f5f67e16c5	census 2	candidates.jsonl
media-type-key-parameters	document	BRP-API/Haal-Centraal-BRP-bevragen:specificatie/resolved/openapi.yaml@7d05af36a4cd90666c16b3f600b083f5f67e16c5	census 2	candidates.jsonl
media-type-key-parameters	document	BRP-API/Haal-Centraal-BRP-bewoning:specificatie/openapi.yaml@0d570f6bf1f6a7832ede23f276bfaa2e5b40128f	census 2	candidates.jsonl
media-type-key-parameters	document	BRP-API/Haal-Centraal-BRP-bewoning:specificatie/resolved/openapi.json@0d570f6bf1f6a7832ede23f276bfaa2e5b40128f	census 2	candidates.jsonl
media-type-key-parameters	document	BRP-API/Haal-Centraal-BRP-bewoning:specificatie/resolved/openapi.yaml@0d570f6bf1f6a7832ede23f276bfaa2e5b40128f	census 2	candidates.jsonl
media-type-key-parameters	document	BRP-API/Haal-Centraal-Reisdocumenten-bevragen:specificatie/gba-genereervariant/openapi.json@ad765ecc110dca483bb07b11fc39adb9231fb394	census 2	candidates.jsonl
media-type-key-parameters	document	BRP-API/Haal-Centraal-Reisdocumenten-bevragen:specificatie/gba-genereervariant/openapi.yaml@ad765ecc110dca483bb07b11fc39adb9231fb394	census 2	candidates.jsonl
media-type-key-parameters	document	BRP-API/Haal-Centraal-Reisdocumenten-bevragen:specificatie/genereervariant/openapi.json@ad765ecc110dca483bb07b11fc39adb9231fb394	census 2	candidates.jsonl
media-type-key-parameters	document	BRP-API/Haal-Centraal-Reisdocumenten-bevragen:specificatie/genereervariant/openapi.yaml@ad765ecc110dca483bb07b11fc39adb9231fb394	census 2	candidates.jsonl
media-type-key-parameters	document	BRP-API/bewoning-data-service:specificatie/openapi.yaml@d7503f37e9316078db5c31061b22c1d1122b102f	census 2	candidates.jsonl
media-type-key-parameters	document	BRP-API/bewoning-data-service:specificatie/resolved/openapi.json@d7503f37e9316078db5c31061b22c1d1122b102f	census 2	candidates.jsonl
media-type-key-parameters	document	BRP-API/personen-data-service:specificatie/openapi.yaml@ee38449d6d13f741c5b5dc6e3021cafaf7312426	census 2	candidates.jsonl
media-type-key-parameters	document	CharlesTaylor7/citadels:public/openapi.json@40c157e95f60da39556c5b4e132f9beb936e92f3	census 20	candidates.jsonl
media-type-key-parameters	document	ChronoAIProject/NyxID:backend/specs/catalog/google-drive.openapi.json@a53790ac5c6de9623a20d939e2cc5e88a4ea6ab3	census 0	candidates.jsonl
media-type-key-parameters	document	Create-Schematics/Create-Schematics:backend/openapi.json@d8915b48157bc2995fae362d40bce1ddbaed4984	census 148	candidates.jsonl
media-type-key-parameters	document	Create-Schematics/Create-Schematics:backend/openapi.yaml@d8915b48157bc2995fae362d40bce1ddbaed4984	census 148	candidates.jsonl
media-type-key-parameters	document	CrunchzApp/n8n-crunchzapp:nodes/Crunchzapp/openapi.json@5be4905e8ca2cf7e9c44f77ce7d713acb29f0043	census 3	candidates.jsonl
media-type-key-parameters	document	DanielCech/newsletter-manager-go:api/rest/openapi.yaml@5fe5c5ea4a7878d330951c027ccdda48c205b8e2	census 79	candidates.jsonl
media-type-key-parameters	document	F5Networks/f5-cloud-failover-extension:specs/openapi.yaml@e8abb4867a811efa9b47a01b47538bf5092cc4f1	census 9	candidates.jsonl
media-type-key-parameters	document	Kong/developer.konghq.com:api-specs/konnect/analytics-requests/v2/openapi.yaml@158a0474ba8461a6a789585efea86e6b69dc03d3	census 0	candidates.jsonl
media-type-key-parameters	document	Let-s-Science/app-client:openapi.json@a8a26b099091fdcc98075cdaf7e6d017bd8b17a1	census 8	candidates.jsonl
media-type-key-parameters	document	MEF-GIT/MEF-LSO-Legato-SDK:serviceApi/catalog/serviceCatalogApi.openapi.yaml@397fab28e4cf3fe0e637ac43db467cc5afe5ef6a	census 5	candidates.jsonl
media-type-key-parameters	document	MEF-GIT/MEF-LSO-Legato-SDK:serviceApi/catalog/serviceCatalogNotificationApi.openapi.yaml@397fab28e4cf3fe0e637ac43db467cc5afe5ef6a	census 3	candidates.jsonl
media-type-key-parameters	document	MettyS/yamma-server:ApiDocs/openapi.yaml@e278062753ae41a915276176ddf3e105daf27606	census 3	candidates.jsonl
media-type-key-parameters	document	MiroShark/MiroShark:backend/openapi.yaml@faf7e0f83bf9034f3ebd40eef0eb87651d70d2b7	census 0	candidates.jsonl
media-type-key-parameters	document	NSCarvalho/openai_to_exel.py:openapi.json@bee09baa122baae5f68e6dd560f21cb5b0f6dcbd	census 50	candidates.jsonl
media-type-key-parameters	document	OpenAPITools/openapi-generator:samples/client/others/java/restclient-sealedInterface/api/openapi.yaml@f81c416b76bcf9baabfb0361a7e94eb3881a2ca4	census 2	candidates.jsonl
media-type-key-parameters	document	OpenAPITools/openapi-generator:samples/client/others/java/webclient-sealedInterface/api/openapi.yaml@f81c416b76bcf9baabfb0361a7e94eb3881a2ca4	census 3	candidates.jsonl
media-type-key-parameters	document	OpenAPITools/openapi-generator:samples/client/others/java/webclient-sealedInterface_3_1/api/openapi.yaml@f81c416b76bcf9baabfb0361a7e94eb3881a2ca4	census 2	candidates.jsonl
media-type-key-parameters	document	OpenAPITools/openapi-generator:samples/client/petstore/java/native-async/api/openapi.yaml@f81c416b76bcf9baabfb0361a7e94eb3881a2ca4	census 1	candidates.jsonl
media-type-key-parameters	document	OpenAPITools/openapi-generator:samples/client/petstore/java/native-jackson3/api/openapi.yaml@f81c416b76bcf9baabfb0361a7e94eb3881a2ca4	census 1	candidates.jsonl
media-type-key-parameters	document	OpenAPITools/openapi-generator:samples/client/petstore/java/native/api/openapi.yaml@f81c416b76bcf9baabfb0361a7e94eb3881a2ca4	census 1	candidates.jsonl
media-type-key-parameters	document	OpenAPITools/openapi-generator:samples/openapi3/server/petstore/spring-boot-oneof-interface/src/main/resources/openapi.yaml@f81c416b76bcf9baabfb0361a7e94eb3881a2ca4	census 3	candidates.jsonl
media-type-key-parameters	document	OpenAPITools/openapi-generator:samples/openapi3/server/petstore/spring-boot-oneof-sealed/src/main/resources/openapi.yaml@f81c416b76bcf9baabfb0361a7e94eb3881a2ca4	census 3	candidates.jsonl
media-type-key-parameters	document	OpenAPITools/openapi-generator:samples/openapi3/server/petstore/spring-boot-oneof/src/main/resources/openapi.yaml@f81c416b76bcf9baabfb0361a7e94eb3881a2ca4	census 3	candidates.jsonl
media-type-key-parameters	document	OpenBankingToolkit/openbanking-uk-datamodel:src/main/resources/specification/v3.1.10r4/events-openapi.yaml@be3edf5d11f9ee2ce60ed3ce0bc0a030e1a77395	census 11	candidates.jsonl
media-type-key-parameters	document	OpenBankingToolkit/openbanking-uk-datamodel:src/main/resources/specification/v3.1.8/events-openapi.yaml@be3edf5d11f9ee2ce60ed3ce0bc0a030e1a77395	census 11	candidates.jsonl
media-type-key-parameters	document	OpenBankingToolkit/openbanking-uk-datamodel:src/main/resources/specification/v3.1.9r5/events-openapi.yaml@be3edf5d11f9ee2ce60ed3ce0bc0a030e1a77395	census 11	candidates.jsonl
media-type-key-parameters	document	OpenBankingUK/conformance-suite:pkg/schema/spec/v3.1.10/confirmation-funds-openapi.json@53ef99292fceeb22c8cf9cfffc2b569c5ff9085d	census 6	candidates.jsonl
media-type-key-parameters	document	OpenBankingUK/conformance-suite:pkg/schema/spec/v3.1.10/variable-recurring-payments-openapi.json@53ef99292fceeb22c8cf9cfffc2b569c5ff9085d	census 10	candidates.jsonl
media-type-key-parameters	document	OpenBankingUK/conformance-suite:pkg/schema/spec/v3.1.11/confirmation-funds-openapi.json@53ef99292fceeb22c8cf9cfffc2b569c5ff9085d	census 6	candidates.jsonl
media-type-key-parameters	document	OpenBankingUK/conformance-suite:pkg/schema/spec/v3.1.11/variable-recurring-payments-openapi.json@53ef99292fceeb22c8cf9cfffc2b569c5ff9085d	census 11	candidates.jsonl
media-type-key-parameters	document	OpenBankingUK/conformance-suite:pkg/schema/spec/v3.1.8/confirmation-funds-openapi.json@53ef99292fceeb22c8cf9cfffc2b569c5ff9085d	census 6	candidates.jsonl
media-type-key-parameters	document	OpenBankingUK/conformance-suite:pkg/schema/spec/v3.1.8/variable-recurring-payments-openapi.json@53ef99292fceeb22c8cf9cfffc2b569c5ff9085d	census 10	candidates.jsonl
media-type-key-parameters	document	OpenBankingUK/conformance-suite:pkg/schema/spec/v3.1.9/confirmation-funds-openapi.json@53ef99292fceeb22c8cf9cfffc2b569c5ff9085d	census 6	candidates.jsonl
media-type-key-parameters	document	OpenBankingUK/conformance-suite:pkg/schema/spec/v3.1.9/variable-recurring-payments-openapi.json@53ef99292fceeb22c8cf9cfffc2b569c5ff9085d	census 10	candidates.jsonl
media-type-key-parameters	document	OpenBankingUK/conformance-suite:pkg/schema/spec/v4.0.0/confirmation-funds-openapi.json@53ef99292fceeb22c8cf9cfffc2b569c5ff9085d	census 6	candidates.jsonl
media-type-key-parameters	document	OpenBankingUK/conformance-suite:pkg/schema/spec/v4.0.0/cvrp-openapi.json@53ef99292fceeb22c8cf9cfffc2b569c5ff9085d	census 12	candidates.jsonl
media-type-key-parameters	document	OpenBankingUK/conformance-suite:pkg/schema/spec/v4.0.0/variable-recurring-payments-openapi.json@53ef99292fceeb22c8cf9cfffc2b569c5ff9085d	census 12	candidates.jsonl
media-type-key-parameters	document	OpenBankingUK/conformance-suite:pkg/schema/spec/v4.0.1/confirmation-funds-openapi.json@53ef99292fceeb22c8cf9cfffc2b569c5ff9085d	census 6	candidates.jsonl
media-type-key-parameters	document	OpenBankingUK/conformance-suite:pkg/schema/spec/v4.0.1/cvrp-openapi.json@53ef99292fceeb22c8cf9cfffc2b569c5ff9085d	census 13	candidates.jsonl
media-type-key-parameters	document	OpenBankingUK/conformance-suite:pkg/schema/spec/v4.0.1/variable-recurring-payments-openapi.json@53ef99292fceeb22c8cf9cfffc2b569c5ff9085d	census 13	candidates.jsonl
media-type-key-parameters	document	PaymentsNZ/API-Account-Information:working/v3.0.0-draft1/account-info-nz-openapi.json@8b2779cbc846169870939cd0fa9db3981350dc72	census 29	candidates.jsonl
media-type-key-parameters	document	PaymentsNZ/API-Account-Information:working/v3.0.0-draft1/account-info-nz-openapi.yaml@8b2779cbc846169870939cd0fa9db3981350dc72	census 29	candidates.jsonl
media-type-key-parameters	document	PaymentsNZ/API-Payments-Initiation:working/v3.0.0-draft1/payment-initiation-nz-openapi.json@4f17b1854a722dec835ab6636bae455b8c37b2df	census 14	candidates.jsonl
media-type-key-parameters	document	PaymentsNZ/API-Payments-Initiation:working/v3.0.0-draft1/payment-initiation-nz-openapi.yaml@4f17b1854a722dec835ab6636bae455b8c37b2df	census 14	candidates.jsonl
media-type-key-parameters	document	SaaShup/netbox-docker-agent:public/openapi.json@96d321b7f967517cd1f966ba4e0b332380f6977d	census 27	candidates.jsonl
media-type-key-parameters	document	TAKT-R-D/next-ts-api-template:docs/openapi.yaml@8ba91f3e613a95b442955e76baab0638ebc710e0	census 13	candidates.jsonl
media-type-key-parameters	document	TAKT-R-D/nextts14-prisma5-api-sample:public/openapi.json@5717965b59c01df4bfbbae6a898ba2e9e8739a06	census 78	candidates.jsonl
media-type-key-parameters	document	TriliumNext/Trilium:apps/server/src/assets/etapi.openapi.yaml@902085815f966d2099b359b4fa811b9acdee13ac	census 66	candidates.jsonl
media-type-key-parameters	document	TymanWasTaken/tyman.tech:static/api/openapi.json@fd5ebe358182a945e1bf14cc542479c8201e4602	census 14	candidates.jsonl
media-type-key-parameters	document	abutbul/openapi-mcp-generator:samples/TriliumNext/etapi.openapi.yaml@3becfeb42e7f33799f48c42ea388345efa68acf8	census 52	candidates.jsonl
media-type-key-parameters	document	akeyless-community/akeyless-eso-webhook-trigger:static/openapi.json@d240017e4b88822b388fa436864b439d9e2d2aee	census 1	candidates.jsonl
media-type-key-parameters	document	alexbernardi360/guitar-composer:openapi.yaml@fc1330a0cc81a9a5e77788ae4335cf79e5d0c160	census 21	candidates.jsonl
media-type-key-parameters	document	alkem-io/file-service:openapi.yaml@2bbc2ae85dd709d80cda4df29ff20a0b71981f2a	census 42	candidates.jsonl
media-type-key-parameters	document	api-evangelist/palo-alto-networks:openapi/_original/palo-alto-cspm-adoptionadvisor-openapi.json@5e9f411f74da7149be7cacd4374f5777a4ef289f	census 7	candidates.jsonl
media-type-key-parameters	document	api-evangelist/palo-alto-networks:openapi/_original/palo-alto-cspm-alertrules-openapi.json@5e9f411f74da7149be7cacd4374f5777a4ef289f	census 7	candidates.jsonl
media-type-key-parameters	document	api-evangelist/palo-alto-networks:openapi/_original/palo-alto-cspm-datasecuritydashboard-openapi.json@5e9f411f74da7149be7cacd4374f5777a4ef289f	census 15	candidates.jsonl
media-type-key-parameters	document	api-evangelist/palo-alto-networks:openapi/_original/palo-alto-cspm-ipallowlist-openapi.json@5e9f411f74da7149be7cacd4374f5777a4ef289f	census 10	candidates.jsonl
media-type-key-parameters	document	api-evangelist/palo-alto-networks:openapi/_original/palo-alto-cspm-login-openapi.json@5e9f411f74da7149be7cacd4374f5777a4ef289f	census 2	candidates.jsonl
media-type-key-parameters	document	api-evangelist/palo-alto-networks:openapi/_original/palo-alto-cspm-resourcelists-openapi.json@5e9f411f74da7149be7cacd4374f5777a4ef289f	census 7	candidates.jsonl
media-type-key-parameters	document	backstage/backstage:plugins/notifications-backend/src/schema/openapi.yaml@b9c9dd2dddfeacd9d99792024121e65677cc8d06	census 1	candidates.jsonl
media-type-key-parameters	document	backstage/backstage:plugins/scaffolder-backend/src/schema/openapi.yaml@b9c9dd2dddfeacd9d99792024121e65677cc8d06	census 1	candidates.jsonl
media-type-key-parameters	document	baidu/baiduads-sdk:java/baiduads-sdk-auto/api/openapi.yaml@ea0d5748d530f8b79c1f587f05eb92579be485f4	census 12	candidates.jsonl
media-type-key-parameters	document	ballerina-platform/openapi-connectors:openapi/aayu.mftg.as2/openapi.yaml@81158a45a86fa9a85de4e7fbd7cdc2a529d50743	census 40	candidates.jsonl
media-type-key-parameters	document	blnkfinance/blnk-docs:openapi.json@f5abc27c312c8f2e8638d5e3842ee3da72cb7047	census 17	candidates.jsonl
media-type-key-parameters	document	citrix/citrix-daas-rest-go:devicemanagement/api/openapi.yaml@9aa3c0431c8da77e4091b2cb71bcbf53692dd3f2	census 113	candidates.jsonl
media-type-key-parameters	document	cloudengio/glean:gleansdk/api/openapi.yaml@f271d84aa8ae1724625af2f97cbd8925f0ae4c4d	census 6	candidates.jsonl
media-type-key-parameters	document	codeakki/YAUS-C4GT:sdk-generation/.api/apis/generate/openapi.json@34bf7e7d02f10797ad94b398042a82529ec1df5c	census 1	candidates.jsonl
media-type-key-parameters	document	codeakki/YAUS-C4GT:sdk-generation/.api/apis/yaus/openapi.json@34bf7e7d02f10797ad94b398042a82529ec1df5c	census 1	candidates.jsonl
media-type-key-parameters	document	codeakki/YAUS-C4GT:sdk-generation/.api/apis/yaus_link/openapi.json@34bf7e7d02f10797ad94b398042a82529ec1df5c	census 1	candidates.jsonl
media-type-key-parameters	document	codeakki/YAUS-C4GT:sdk-generation/.api/apis/yaus_link_generate/openapi.json@34bf7e7d02f10797ad94b398042a82529ec1df5c	census 1	candidates.jsonl
media-type-key-parameters	document	codeakki/YAUS-C4GT:sdk-generation/.api/apis/yaus_link_generation/openapi.json@34bf7e7d02f10797ad94b398042a82529ec1df5c	census 1	candidates.jsonl
media-type-key-parameters	document	codingsoo/REST_Go:specifications/erc20_openapi.yaml@64660d7c18587ba8c4c6c45a860730913d7382b6	census 1	candidates.jsonl
media-type-key-parameters	document	codingsoo/REST_Go:specifications/news_openapi.yaml@64660d7c18587ba8c4c6c45a860730913d7382b6	census 14	candidates.jsonl
media-type-key-parameters	document	codosseum-org/templatespiler:templatespiler-server/openapi.json@845d2ccfb7329b355d0f157e94012e3a40db120c	census 4	candidates.jsonl
media-type-key-parameters	document	devlikeapro/n8n-nodes-chatwoot:nodes/ChatWoot/openapi.json@add97f002644ce841412351c2057425e649d4420	census 159	candidates.jsonl
media-type-key-parameters	document	disit/snap4city:iot-device-api/web/openapi.json@a8e34af261c28cdf8b586f9e4196f25bff824316	census 6	candidates.jsonl
media-type-key-parameters	document	disit/snap4city:iot-device-api/web/openapi.yaml@a8e34af261c28cdf8b586f9e4196f25bff824316	census 6	candidates.jsonl
media-type-key-parameters	document	ecg-icas/icas:openapi/openapi.yaml@be012b7149e92e1c87e07e57f081fcd6dbca1002	census 60	candidates.jsonl
media-type-key-parameters	document	eslazarev/wildberries-sdk:clients/go/communications/api/openapi.yaml@a2c3436de236928a667d21c2cbe98518a8bbd99f	census 2	candidates.jsonl
media-type-key-parameters	document	factset/enterprise-sdk:code/java/ProcuretoPayProvisioning/v1/api/openapi.yaml@4fe3e102c161fd223dc556e2634df94bfbd548fc	census 11	candidates.jsonl
media-type-key-parameters	document	georchestra/datafeeder:georchestra-openapi.yaml@d570668af555f645dbe95aaaa62e59185ab3a289	census 25	candidates.jsonl
media-type-key-parameters	document	gisaia/ARLAS-persistence:docs/api/openapi.json@1552227df66c0fd22a23956773543df9a8013b37	census 21	candidates.jsonl
media-type-key-parameters	document	gisaia/ARLAS-persistence:openapi/openapi.json@1552227df66c0fd22a23956773543df9a8013b37	census 21	candidates.jsonl
media-type-key-parameters	document	gisaia/ARLAS-server:openapi/openapi.json@989a8745508678fb2706fba591ed9d1629cecb01	census 107	candidates.jsonl
media-type-key-parameters	document	gisaia/ARLAS-server:openapi/openapi.yaml@989a8745508678fb2706fba591ed9d1629cecb01	census 107	candidates.jsonl
media-type-key-parameters	document	gisaia/ARLAS-tagger:docs/api/openapi.json@336f69e5be4f255368363aaae1f9b9f6baf13281	census 17	candidates.jsonl
media-type-key-parameters	document	gisaia/ARLAS-tagger:openapi/openapi.json@336f69e5be4f255368363aaae1f9b9f6baf13281	census 17	candidates.jsonl
media-type-key-parameters	document	gisaia/ARLAS-tagger:openapi/openapi.yaml@336f69e5be4f255368363aaae1f9b9f6baf13281	census 17	candidates.jsonl
media-type-key-parameters	document	harveyTon/trilium-blog:backend/docs/etapi-openapi.json@1a1f2758e40ef14d0e7333f08d8b668e2ffd4d63	census 63	candidates.jsonl
media-type-key-parameters	document	hasura/graphql-engine:dc-agents/dc-api-types/src/agent.openapi.json@94915fe51d6d21bd7f6d4452dc16221bef8cfefd	census 27	candidates.jsonl
media-type-key-parameters	document	idiottrader/try:openapi.json@bdcf06ceb3f5a766043fe131f17b5e8957bd7e06	census 40	candidates.jsonl
media-type-key-parameters	document	ilyas-hallak/readeck-ios:openapi.json@14ca0335aa82bc0b57707b5e2011108469e00293	census 0	candidates.jsonl
media-type-key-parameters	document	imoonkey/openweb:src/sites/tiktok/openapi.yaml@a387b50c829d871839a613732e1b97bfa1946124	census 4	candidates.jsonl
media-type-key-parameters	document	infonl/dimpact-zaakafhandelcomponent:src/main/resources/api-specs/brp/brp-openapi.yaml@63e4a801a8c2c39960332b375e148ba804f8625c	census 2	candidates.jsonl
media-type-key-parameters	document	ingef/conquery:openapi.yaml@d00b00e073b36150e52f507e25c36eefa22038ac	census 1	candidates.jsonl
media-type-key-parameters	document	input-output-hk/offchain-metadata-tools:docs/api/0.1.0.0/openapi.yaml@91eba72d6e5e3b17cd49f625c9546f2c82df5a65	census 4	candidates.jsonl
media-type-key-parameters	document	input-output-hk/offchain-metadata-tools:docs/api/0.2.0.0/openapi.yaml@91eba72d6e5e3b17cd49f625c9546f2c82df5a65	census 4	candidates.jsonl
media-type-key-parameters	document	input-output-hk/offchain-metadata-tools:docs/api/0.3.0.0/openapi.yaml@91eba72d6e5e3b17cd49f625c9546f2c82df5a65	census 4	candidates.jsonl
media-type-key-parameters	document	input-output-hk/offchain-metadata-tools:docs/api/0.4.0.0/openapi.yaml@91eba72d6e5e3b17cd49f625c9546f2c82df5a65	census 4	candidates.jsonl
media-type-key-parameters	document	input-output-hk/offchain-metadata-tools:docs/api/0.5.0.0/openapi.yaml@91eba72d6e5e3b17cd49f625c9546f2c82df5a65	census 4	candidates.jsonl
media-type-key-parameters	document	jdanifh/coomiix-admin:src/main/resources/openapi.yaml@609c060ae07d256d003e169db2c6d892269b74bc	census 9	candidates.jsonl
media-type-key-parameters	document	jentic/jentic-public-apis:apis/openapi/1nceapi/main/v1/openapi.json@047e4ec2befca70c4bcdd05f162b2c005fc7cdfe	census 20	candidates.jsonl
media-type-key-parameters	document	jentic/jentic-public-apis:apis/openapi/algolia.com/algolia-search-api/1.0.0/openapi.json@047e4ec2befca70c4bcdd05f162b2c005fc7cdfe	census 0	candidates.jsonl
media-type-key-parameters	document	jentic/jentic-public-apis:apis/openapi/azure.com/databoxedgemanagementclient/2019-07-01/openapi.json@047e4ec2befca70c4bcdd05f162b2c005fc7cdfe	census 0	candidates.jsonl
media-type-key-parameters	document	jentic/jentic-public-apis:apis/openapi/azure.com/databoxmanagementclient/2019-09-01/openapi.json@047e4ec2befca70c4bcdd05f162b2c005fc7cdfe	census 0	candidates.jsonl
media-type-key-parameters	document	jentic/jentic-public-apis:apis/openapi/azure.com/hybriddatamanagementclient/2016-06-01/openapi.json@047e4ec2befca70c4bcdd05f162b2c005fc7cdfe	census 0	candidates.jsonl
media-type-key-parameters	document	jentic/jentic-public-apis:apis/openapi/ebay.com/sell-recommendation/v1.1.0/openapi.json@047e4ec2befca70c4bcdd05f162b2c005fc7cdfe	census 1	candidates.jsonl
media-type-key-parameters	document	jentic/jentic-public-apis:apis/openapi/external.pleo.io/bookkeeping-core-api/12.2.0/openapi.json@047e4ec2befca70c4bcdd05f162b2c005fc7cdfe	census 3	candidates.jsonl
media-type-key-parameters	document	jentic/jentic-public-apis:apis/openapi/import.io/schedule/1.0/openapi.json@047e4ec2befca70c4bcdd05f162b2c005fc7cdfe	census 12	candidates.jsonl
media-type-key-parameters	document	jentic/jentic-public-apis:apis/openapi/messagebird.com/messagebird-sms-api/1.0.0/openapi.json@047e4ec2befca70c4bcdd05f162b2c005fc7cdfe	census 0	candidates.jsonl
media-type-key-parameters	document	jentic/jentic-public-apis:apis/openapi/onna.com/main/v1.1.0/openapi.json@047e4ec2befca70c4bcdd05f162b2c005fc7cdfe	census 0	candidates.jsonl
media-type-key-parameters	document	jentic/jentic-public-apis:apis/openapi/openbanking.org.uk/confirmation-funds-openapi/4.0.0/openapi.json@047e4ec2befca70c4bcdd05f162b2c005fc7cdfe	census 6	candidates.jsonl
media-type-key-parameters	document	jentic/jentic-public-apis:apis/openapi/pinata.cloud/main/1.0.0/openapi.json@047e4ec2befca70c4bcdd05f162b2c005fc7cdfe	census 0	candidates.jsonl
media-type-key-parameters	document	jentic/jentic-public-apis:apis/openapi/pleo.io/main/12.2.0/openapi.json@047e4ec2befca70c4bcdd05f162b2c005fc7cdfe	census 3	candidates.jsonl
media-type-key-parameters	document	jentic/jentic-public-apis:apis/openapi/portal.1nce.com/main/v1/openapi.json@047e4ec2befca70c4bcdd05f162b2c005fc7cdfe	census 20	candidates.jsonl
media-type-key-parameters	document	jentic/jentic-public-apis:apis/openapi/sheerseo.com/main/0.0.1/openapi.json@047e4ec2befca70c4bcdd05f162b2c005fc7cdfe	census 19	candidates.jsonl
media-type-key-parameters	document	jentic/jentic-public-apis:apis/openapi/soundcloud.com/main/1.0.0/openapi.json@047e4ec2befca70c4bcdd05f162b2c005fc7cdfe	census 32	candidates.jsonl
media-type-key-parameters	document	jentic/jentic-public-apis:apis/openapi/swaggerhub.afterbanks/afterbanks-api-extendida/5.9.3/openapi.json@047e4ec2befca70c4bcdd05f162b2c005fc7cdfe	census 62	candidates.jsonl
media-type-key-parameters	document	jentic/jentic-public-apis:apis/openapi/swaggerhub.swaggerquiputech/api.authorization/v3/openapi.json@047e4ec2befca70c4bcdd05f162b2c005fc7cdfe	census 9	candidates.jsonl
media-type-key-parameters	document	jentic/jentic-public-apis:apis/openapi/swaggerhub.tomhatch/api-demo.juyo-intra.com/0.1/openapi.json@047e4ec2befca70c4bcdd05f162b2c005fc7cdfe	census 2	candidates.jsonl
media-type-key-parameters	document	jentic/jentic-public-apis:apis/openapi/swaggerhub.tomhatch/api-dev.juyo-intra.com/0.2/openapi.json@047e4ec2befca70c4bcdd05f162b2c005fc7cdfe	census 3	candidates.jsonl
media-type-key-parameters	document	jentic/jentic-public-apis:apis/openapi/swaggerhub.visanetperu/api-yape/v2/openapi.json@047e4ec2befca70c4bcdd05f162b2c005fc7cdfe	census 2	candidates.jsonl
media-type-key-parameters	document	jentic/jentic-public-apis:apis/openapi/swaggerhub.visanetperu/api.antifraud/v1/openapi.json@047e4ec2befca70c4bcdd05f162b2c005fc7cdfe	census 2	candidates.jsonl
media-type-key-parameters	document	jentic/jentic-public-apis:apis/openapi/swaggerhub.visanetperu/api.confirmation/v1/openapi.json@047e4ec2befca70c4bcdd05f162b2c005fc7cdfe	census 2	candidates.jsonl
media-type-key-parameters	document	jentic/jentic-public-apis:apis/openapi/swaggerhub.visanetperu/api.ecommerce/v2/openapi.json@047e4ec2befca70c4bcdd05f162b2c005fc7cdfe	census 8	candidates.jsonl
media-type-key-parameters	document	jentic/jentic-public-apis:apis/openapi/thesmsworks.co.uk/main/1.8.0/openapi.json@047e4ec2befca70c4bcdd05f162b2c005fc7cdfe	census 40	candidates.jsonl
media-type-key-parameters	document	jentic/jentic-public-apis:apis/openapi/thesmsworks.co.uk/the-sms-works-api/1.8.0/openapi.json@047e4ec2befca70c4bcdd05f162b2c005fc7cdfe	census 40	candidates.jsonl
media-type-key-parameters	document	jentic/jentic-public-apis:apis/openapi/vtex.local/Pricing-API/1.0/openapi.json@047e4ec2befca70c4bcdd05f162b2c005fc7cdfe	census 5	candidates.jsonl
media-type-key-parameters	document	jimstutt/HSMWasm:frontend/openapi.json@2167c51a244dd85c31d12a0aaca8061870138204	census 6	candidates.jsonl
media-type-key-parameters	document	konfig-dev/konfig:sdks/db/intermediate-fixed-specs/hypatos/openapi.yaml@bec3d36b9a341f30707a4ab3d9de6c4154809ada	census 0	candidates.jsonl
media-type-key-parameters	document	konfig-dev/konfig:sdks/db/intermediate-fixed-specs/onna/openapi.yaml@bec3d36b9a341f30707a4ab3d9de6c4154809ada	census 0	candidates.jsonl
media-type-key-parameters	document	konfig-dev/konfig:sdks/db/intermediate-fixed-specs/soundcloud/openapi.yaml@bec3d36b9a341f30707a4ab3d9de6c4154809ada	census 24	candidates.jsonl
media-type-key-parameters	document	konfig-dev/konfig:sdks/db/intermediate-fixed-specs/wikimedia/openapi.yaml@bec3d36b9a341f30707a4ab3d9de6c4154809ada	census 2	candidates.jsonl
media-type-key-parameters	document	konfig-sdks/openapi-examples:onna/openapi.yaml@161ab49c45e45825ca3832945c59a3ba904321ba	census 0	candidates.jsonl
media-type-key-parameters	document	konfig-sdks/openapi-examples:soundcloud/openapi.yaml@161ab49c45e45825ca3832945c59a3ba904321ba	census 24	candidates.jsonl
media-type-key-parameters	document	krateoplatformops-archive/renomy-app-template:skeleton/openapi.yaml@d3b8534276b9d4c655406af8408b5f174a354735	census 3	candidates.jsonl
media-type-key-parameters	document	liruohrh/mcsmanager-vscode:docs/MCSManager.openapi.json@55ba2e5ccdb708e8b772a57c149dc818274b2857	census 0	candidates.jsonl
media-type-key-parameters	document	marlowe-contrib/marlowe-go-sdk:openapi.json@3529f49a6b62e920abcd8f8dc973496f9c0e370f	census 24	candidates.jsonl
media-type-key-parameters	document	marlowe-contrib/marlowe-go-sdk:raw-openapi.json@3529f49a6b62e920abcd8f8dc973496f9c0e370f	census 24	candidates.jsonl
media-type-key-parameters	document	martolini/urlshortener:openapi.yaml@55ece6631bd60aec7a8617d118a82c7152166e62	census 6	candidates.jsonl
media-type-key-parameters	document	messagebird/openapi-specs:sms/openapi.yaml@aac7e61a4d0caeca037c6c73deff7bca845d6272	census 0	candidates.jsonl
media-type-key-parameters	document	minskylab/plexo-core:openapi.json@c7cc23341e9c641d4589d68dba28d9a1d1ecdce1	census 10	candidates.jsonl
media-type-key-parameters	document	mosip/documentation:api/identity-service-openapi.json@f650ca8a190917375a1a74a2a8c6ad95008941bc	census 2	candidates.jsonl
media-type-key-parameters	document	openbindings/spec:conformance/binding-specs/processor/openapi.json@a446c9dbb7f86c13d91a7e4f4d42437c44711bf7	census 0	candidates.jsonl
media-type-key-parameters	document	pactflow/example-provider:oas/openapi.yaml@fdf25f4e99cc5dff8d2f927df63207c9a14e2243	census 3	candidates.jsonl
media-type-key-parameters	document	perfectra1n/triliumnext-mcp:etapi.openapi.yaml@7db3504c17595e3dee38f96effeec21f1dd51560	census 63	candidates.jsonl
media-type-key-parameters	document	ramakrishna82/insomnia-course:bankong/bankong/inso/bankong-openapi.yaml@a6a4e4490076469ed5087c779d9cab54bb3c8cb7	census 0	candidates.jsonl
media-type-key-parameters	document	ramakrishna82/insomnia-course:bankong/inso/bankong-openapi.yaml@a6a4e4490076469ed5087c779d9cab54bb3c8cb7	census 2	candidates.jsonl
media-type-key-parameters	document	rdkit-rs/cheminee-ruby:openapi.json@1655662d4c8b508e79c64d0401755a0e6ac65654	census 2	candidates.jsonl
media-type-key-parameters	document	roastedbeans/certification-authority-next:openapi.json@c15ea01574370c92898941d4284465afd59bafa4	census 16	candidates.jsonl
media-type-key-parameters	document	rock-hu/bruno:obie/v4.0.0/events-openapi.yaml@424c97370d2bb056e4691681c40c397ad5e9d3de	census 11	candidates.jsonl
media-type-key-parameters	document	romodeus/manifesto-backend:OpenAPI.json@82e64e15c4d42f12a3bdb72f5c16e71a61ec8d03	census 2	candidates.jsonl
media-type-key-parameters	document	sojida/politico:openapi.json@03877e3a769e29ca7475f1ab2ea7a0b2c23eb782	census 13	candidates.jsonl
media-type-key-parameters	document	stripe/open-banking-v2-docs:swagger/OBIE/3.1.10/origionals/events-openapi.json@9b39e0252b6f1f77e1ba1f7fce99ac28b9ed267c	census 11	candidates.jsonl
media-type-key-parameters	document	stripe/open-banking-v2-docs:swagger/OBIE/3.1.11/origionals/events-openapi.yaml@9b39e0252b6f1f77e1ba1f7fce99ac28b9ed267c	census 11	candidates.jsonl
media-type-key-parameters	document	stripe/open-banking-v2-docs:v1-uk-docs/swagger/OBIE/3.1.10/origionals/events-openapi.json@9b39e0252b6f1f77e1ba1f7fce99ac28b9ed267c	census 11	candidates.jsonl
media-type-key-parameters	document	tan-yong-sheng/triliumnext-mcp:openapi.yaml@1af5b220aba23632f3034765f9fde1ab6d228b8e	census 52	candidates.jsonl
media-type-key-parameters	document	teobler/swr-request-generator:example/swagger/openAPI.yaml@68fb7cda182d0bb3ccef5d0ab30aa917eaeb4a31	census 1	candidates.jsonl
media-type-key-parameters	document	terminusdb/terminusdb:docs/openapi.yaml@57f2093baeafd65e16004e84b7b58e0c5cf72858	census 3	candidates.jsonl
media-type-key-parameters	document	theeeep/E-Commerce-App-Backend:openapi.json@b941601fe6a2fa987d69a7896348b5689541ec5c	census 0	candidates.jsonl
media-type-key-parameters	document	tkkcc/rust_typescript_communication:openapi/server2/openapi.yaml@1893ad9457b052a1c250fb9914aae790ced87bd2	census 5	candidates.jsonl
media-type-key-parameters	document	truehostcloud/chatwoot-python-client:openapi.yaml@7943f55a7e213d88fcc8986cc24d53c18bde726c	census 159	candidates.jsonl
media-type-key-parameters	document	tveeders/examples_swagger:openapi.yaml@194bf14e329638d395889447b96c4fd542af8865	census 2	candidates.jsonl
media-type-key-parameters	document	tveeders/examples_swagger:src/main/resources/openapi.yaml@194bf14e329638d395889447b96c4fd542af8865	census 2	candidates.jsonl
media-type-key-parameters	document	txpipe/dolos:crates/minikupo/openapi.yaml@9a79c9f74b47fb34ec7fdcf580557f323319cb51	census 30	candidates.jsonl
media-type-key-parameters	document	watson-developer-cloud/assistant-toolkit:integrations/extensions/starter-kits/elasticsearch/elasticsearch-generic-openapi.json@fa94bf4401b596dc6e5db7ea0e74e8c18fd9a32d	census 1	candidates.jsonl
media-type-key-parameters	document	wso2/financial-services-accelerator:financial-services-accelerator/accelerators/fs-apim/repository/resources/apis/ConfirmationOfFunds/funds-confirmation-openapi.yaml@3872fc97e252ba2506d561ad9046a77829925af0	census 7	candidates.jsonl
media-type-key-parameters	document	yamayuski/infinite-fantasy-battle:contracts/openapi.yaml@699d3918896e414316c8a48eea2045401214d860	census 0	candidates.jsonl
media-type-key-parameters	document	yannkistenmacker/mayday-idp:backstage/plugins/events-backend/src/schema/openapi.yaml@d9d7471cdaba7cd6f7d61ffadda58e54b1533a26	census 1	candidates.jsonl
media-type-key-parameters	document	zhuowei/ClubhouseAPI:doc/openapi.yaml@31573f459006277dc29f6b7c4442218ed3b1d2cc	census 0	candidates.jsonl
media-type-key-parameters	query	application/json; charset=utf-8 "\"requestBody\"" filename:openapi.json	223	queries.jsonl
media-type-key-parameters	query	application/json; charset=utf-8 "requestBody:" filename:openapi.yaml	465	queries.jsonl
oneof-discriminated-union	document	AdviceNXT/sbp:schemas/openapi.yaml@fc911e2175b14213a5925b07df89794790342604	census 2	candidates.jsonl
oneof-discriminated-union	document	DamageLabs/clahub:public/openapi.yaml@9d1e666e1d30f271aea9640393229a7cbfbd1b62	census 1	candidates.jsonl
oneof-discriminated-union	document	DewyKB/dewy:openapi.yaml@78a581a56a91cee98edb97db50b76a88a389a65b	census 2	candidates.jsonl
oneof-discriminated-union	document	Diegovsky/riff:spotify-openapi.yaml@239885bcce0951a3f60060bd8eaa3fd03ad8f56e	census 6	candidates.jsonl
oneof-discriminated-union	document	DomainTools/python_api:domaintools/specs/iris-openapi.yaml@54c9ea720d7a86da70d9c3d89c0c374dee835610	census 1	candidates.jsonl
oneof-discriminated-union	document	GoogleChrome/webstatus.dev:openapi/backend/openapi.yaml@a0746a61a88c65d94bdee498617d48e73e97f724	census 3	candidates.jsonl
oneof-discriminated-union	document	Kong/developer.konghq.com:api-specs/konnect/analytics-dashboards/v2/openapi.yaml@158a0474ba8461a6a789585efea86e6b69dc03d3	census 7	candidates.jsonl
oneof-discriminated-union	document	Kong/developer.konghq.com:api-specs/konnect/event-gateway/v1/openapi.yaml@158a0474ba8461a6a789585efea86e6b69dc03d3	census 23	candidates.jsonl
oneof-discriminated-union	document	Kong/konnect-portal-dcr-handler:openapi/openapi.yaml@28c93dddfbc82c3193c9ae995f1047ed0123d73f	census 1	candidates.jsonl
oneof-discriminated-union	document	Open-EO/openeo-api:extensions/workspaces/openapi.yaml@1881dae18b3c2c417f1305774cf295c81d60d400	census 1	candidates.jsonl
oneof-discriminated-union	document	Open-EO/openeo-api:openapi.yaml@1881dae18b3c2c417f1305774cf295c81d60d400	acquisition-failure: parse-failure	candidates.jsonl
oneof-discriminated-union	document	Open-MBEE/flexo-mms-sysmlv2:openapi/openapi.yaml@61d1c9da77e1f0eebd4734290b8bb04fb04162f0	census 1	candidates.jsonl
oneof-discriminated-union	document	OpenAPITools/openapi-generator:samples/client/others/java/webclient-sealedInterface/api/openapi.yaml@f81c416b76bcf9baabfb0361a7e94eb3881a2ca4	census 1	candidates.jsonl
oneof-discriminated-union	document	OpenAPITools/openapi-generator:samples/client/petstore/csharp/generichost/net10/SourceGeneration/api/openapi.yaml@f81c416b76bcf9baabfb0361a7e94eb3881a2ca4	census 0	candidates.jsonl
oneof-discriminated-union	document	OpenAPITools/openapi-generator:samples/client/petstore/csharp/generichost/net9/FormModels/api/openapi.yaml@f81c416b76bcf9baabfb0361a7e94eb3881a2ca4	census 0	candidates.jsonl
oneof-discriminated-union	document	OpenAPITools/openapi-generator:samples/client/petstore/csharp/restsharp/net10/Petstore/api/openapi.yaml@f81c416b76bcf9baabfb0361a7e94eb3881a2ca4	census 0	candidates.jsonl
oneof-discriminated-union	document	OpenAPITools/openapi-generator:samples/client/petstore/csharp/restsharp/standard2.0/ConditionalSerialization/api/openapi.yaml@f81c416b76bcf9baabfb0361a7e94eb3881a2ca4	census 0	candidates.jsonl
oneof-discriminated-union	document	OpenAPITools/openapi-generator:samples/client/petstore/java/native-jackson3/api/openapi.yaml@f81c416b76bcf9baabfb0361a7e94eb3881a2ca4	census 0	candidates.jsonl
oneof-discriminated-union	document	RGB-Tools/rgb-lightning-node:openapi.yaml@d4762ac3d1b3ca83f2f7b4f894e8569109dc572a	census 3	candidates.jsonl
oneof-discriminated-union	document	Redocly/redoc:demo/openapi.yaml@6c44347ad0245a35355edb7fe6baddf023943b16	census 0	candidates.jsonl
oneof-discriminated-union	document	Sofie-Automation/sofie-core:packages/openapi/src/generated/openapi.yaml@a636c0257bee8ce5d9017b56c5512ae415ebcf9f	census 3	candidates.jsonl
oneof-discriminated-union	document	VNG-Realisatie/gemma-zaken:api-specificatie/zrc/1.0.x/openapi.yaml@94d72c5aa0ba4c8846365722fcb5bb74dc4ed8fe	census 0	candidates.jsonl
oneof-discriminated-union	document	VNG-Realisatie/gemma-zaken:api-specificatie/zrc/1.2.x/openapi.yaml@94d72c5aa0ba4c8846365722fcb5bb74dc4ed8fe	census 0	candidates.jsonl
oneof-discriminated-union	document	ably/sdk-test-proxy:openapi.yaml@03cf24a09ff0d12c877d08be2fb588c7cd441a07	census 0	candidates.jsonl
oneof-discriminated-union	document	agentbeats/agentbeats:docs/backend_openapi.yaml@4901c0b00850bb35c39ba6b73f6c8a8f87d25b22	census 1	candidates.jsonl
oneof-discriminated-union	document	agentbeats/agentbeats:frontend/webapp-v2/static/backend_openapi.yaml@4901c0b00850bb35c39ba6b73f6c8a8f87d25b22	census 1	candidates.jsonl
oneof-discriminated-union	document	agile-lab-dev/wasp:documentation/wasp-openapi.yaml@d4aacb291c4bc114c5dcb77a6d3ca0511997d70f	census 0	candidates.jsonl
oneof-discriminated-union	document	argmaxinc/argmax-oss-swift:scripts/specs/localserver_openapi.yaml@f4e5d6be37ec820614fb0d72037e76c22d4c16f7	census 1	candidates.jsonl
oneof-discriminated-union	document	ballerina-platform/module-ballerinax-ai.agent:ballerina/modules/mistral/docs/spec/openapi.yaml@c4ec6ba82f0219e310b8783282ecbcd902a98cf7	census 13	candidates.jsonl
oneof-discriminated-union	document	ballerina-platform/openapi-connectors:openapi/azure.openai.chat/openapi.yaml@81158a45a86fa9a85de4e7fbd7cdc2a529d50743	census 0	candidates.jsonl
oneof-discriminated-union	document	ballerina-platform/openapi-connectors:openapi/opendesign/openapi.yaml@81158a45a86fa9a85de4e7fbd7cdc2a529d50743	census 7	candidates.jsonl
oneof-discriminated-union	document	benjisho/windows-mtr:docs/api/openapi.yaml@4124f2480548c74d6e46b4bfc2c0b06f91abac0b	census 1	candidates.jsonl
oneof-discriminated-union	document	ccbrown/cloud-snitch:backend/api/apispec/openapi.yaml@6ea986011ec743002644bc3289ea44511b182036	census 1	candidates.jsonl
oneof-discriminated-union	document	cloudfoundry/app-autoscaler:openapi/internal-scaling-history-api.openapi.yaml@0d720e8db66d71a48693f517ed387315bae49dba	census 0	candidates.jsonl
oneof-discriminated-union	document	cloudfoundry/app-autoscaler:openapi/scaling-history-api.openapi.yaml@0d720e8db66d71a48693f517ed387315bae49dba	census 0	candidates.jsonl
oneof-discriminated-union	document	confluentinc/ccloud-sdk-go-v2:byok/v1/api/openapi.yaml@3dfce627be2b5a27adc6fc6db3a407c92a850ffb	census 1	candidates.jsonl
oneof-discriminated-union	document	confluentinc/ccloud-sdk-go-v2:cam/v1/api/openapi.yaml@3dfce627be2b5a27adc6fc6db3a407c92a850ffb	census 1	candidates.jsonl
oneof-discriminated-union	document	confluentinc/ccloud-sdk-go-v2:ccpm/v1/api/openapi.yaml@3dfce627be2b5a27adc6fc6db3a407c92a850ffb	census 1	candidates.jsonl
oneof-discriminated-union	document	confluentinc/ccloud-sdk-go-v2:cdx/v1/api/openapi.yaml@3dfce627be2b5a27adc6fc6db3a407c92a850ffb	census 4	candidates.jsonl
oneof-discriminated-union	document	confluentinc/ccloud-sdk-go-v2:cmk/v2/api/openapi.yaml@3dfce627be2b5a27adc6fc6db3a407c92a850ffb	census 2	candidates.jsonl
oneof-discriminated-union	document	confluentinc/ccloud-sdk-go-v2:connect-custom-plugin/v1/api/openapi.yaml@3dfce627be2b5a27adc6fc6db3a407c92a850ffb	census 2	candidates.jsonl
oneof-discriminated-union	document	confluentinc/ccloud-sdk-go-v2:networking-dnsforwarder/v1/api/openapi.yaml@3dfce627be2b5a27adc6fc6db3a407c92a850ffb	census 2	candidates.jsonl
oneof-discriminated-union	document	confluentinc/ccloud-sdk-go-v2:provider-integration/v1/api/openapi.yaml@3dfce627be2b5a27adc6fc6db3a407c92a850ffb	census 1	candidates.jsonl
oneof-discriminated-union	document	confluentinc/vscode:src/clients/sidecar-openapi-specs/flink-sql.openapi.yaml@a882b03f20a4ab76c053c522473d5341442f2a70	census 2	candidates.jsonl
oneof-discriminated-union	document	decentralized-identity/universal-registrar:openapi/openapi.yaml@10b14db81cf3913eb84b0b7a8df66eab08bf870e	census 0	candidates.jsonl
oneof-discriminated-union	document	designapis/openapi:ch16/openapi.yaml@4b0cc3d98e9682a81bc00163f3acedd7b3cfdd3c	census 1	candidates.jsonl
oneof-discriminated-union	document	designapis/openapi:ch17/openapi.yaml@4b0cc3d98e9682a81bc00163f3acedd7b3cfdd3c	census 1	candidates.jsonl
oneof-discriminated-union	document	designapis/openapi:ch18/openapi.yaml@4b0cc3d98e9682a81bc00163f3acedd7b3cfdd3c	census 1	candidates.jsonl
oneof-discriminated-union	document	designapis/openapi:ch19/openapi.yaml@4b0cc3d98e9682a81bc00163f3acedd7b3cfdd3c	census 1	candidates.jsonl
oneof-discriminated-union	document	durable-workflow/workflow:resources/conformance/suite-v43/platform-protocol-specs/worker-protocol-api.openapi.yaml@210682a4c40558273b483e037b17a8ca62e9d463	census 2	candidates.jsonl
oneof-discriminated-union	document	durable-workflow/workflow:resources/conformance/suite-v47/platform-protocol-specs/worker-protocol-api.openapi.yaml@210682a4c40558273b483e037b17a8ca62e9d463	census 2	candidates.jsonl
oneof-discriminated-union	document	exoego/rspec-openapi:spec/apps/rails/doc/smart/openapi.yaml@8d10dae7898380eb02fd5953f15e33644e852a7e	census 0	candidates.jsonl
oneof-discriminated-union	document	factset/enterprise-sdk:code/java/FactSetSearchAnswers/v1/api/openapi.yaml@4fe3e102c161fd223dc556e2634df94bfbd548fc	census 2	candidates.jsonl
oneof-discriminated-union	document	factset/enterprise-sdk:code/java/SecurityModeling/v3/api/openapi.yaml@4fe3e102c161fd223dc556e2634df94bfbd548fc	census 2	candidates.jsonl
oneof-discriminated-union	document	formancehq/wallets:openapi.yaml@d4b86c4f2f1e4717f0e38de2cd3556b19632460e	census 1	candidates.jsonl
oneof-discriminated-union	document	fuma-nama/fumadocs:examples/openapi/openapi.yaml@a8438dc5e451fb195ab07bc5b3a4e6f82555787b	census 1	candidates.jsonl
oneof-discriminated-union	document	grafana/pyroscope:api/connect-openapi/gen/metastore/v1/compactor.openapi.yaml@4803c060253d62ecebac76d34188181534b18e18	census 0	candidates.jsonl
oneof-discriminated-union	document	grafana/pyroscope:api/connect-openapi/gen/version/v1/version.openapi.yaml@4803c060253d62ecebac76d34188181534b18e18	census 0	candidates.jsonl
oneof-discriminated-union	document	heremaps/xyz-hub:xyz-jobs/xyz-job-service/src/main/resources/openapi.yaml@1f4c6f2c4a7220201cd9cc0c069254059ea4adda	census 0	candidates.jsonl
oneof-discriminated-union	document	hoangsonww/Moodify-Emotion-Music-App:openapi.yaml@70716035f2f5c6f5cd33bb73a0e38277acfe055b	census 1	candidates.jsonl
oneof-discriminated-union	document	hyperledger-cacti/cacti:packages/cactus-plugin-htlc-eth-besu-erc20/src/main/go/generated/openapi/go-client/api/openapi.yaml@d43374ba5df98f979f35d58a40bce47762c8d9bc	census 0	candidates.jsonl
oneof-discriminated-union	document	ingef/conquery:openapi.yaml@d00b00e073b36150e52f507e25c36eefa22038ac	census 8	candidates.jsonl
oneof-discriminated-union	document	konfig-dev/konfig:sdks/db/intermediate-fixed-specs/brex/expenses/openapi.yaml@bec3d36b9a341f30707a4ab3d9de6c4154809ada	census 1	candidates.jsonl
oneof-discriminated-union	document	konfig-dev/konfig:sdks/db/intermediate-fixed-specs/brex/team/openapi.yaml@bec3d36b9a341f30707a4ab3d9de6c4154809ada	census 1	candidates.jsonl
oneof-discriminated-union	document	konfig-dev/konfig:sdks/db/intermediate-fixed-specs/coalesce/openapi.yaml@bec3d36b9a341f30707a4ab3d9de6c4154809ada	census 1	candidates.jsonl
oneof-discriminated-union	document	konfig-dev/konfig:sdks/db/intermediate-fixed-specs/hypatos/openapi.yaml@bec3d36b9a341f30707a4ab3d9de6c4154809ada	census 4	candidates.jsonl
oneof-discriminated-union	document	konfig-dev/konfig:sdks/db/intermediate-fixed-specs/jiko/openapi.yaml@bec3d36b9a341f30707a4ab3d9de6c4154809ada	census 7	candidates.jsonl
oneof-discriminated-union	document	konfig-dev/konfig:sdks/db/intermediate-fixed-specs/x/openapi.yaml@bec3d36b9a341f30707a4ab3d9de6c4154809ada	census 0	candidates.jsonl
oneof-discriminated-union	document	konfig-sdks/openapi-examples:brex/expenses/openapi.yaml@161ab49c45e45825ca3832945c59a3ba904321ba	census 0	candidates.jsonl
oneof-discriminated-union	document	konfig-sdks/openapi-examples:brex/webhooks/openapi.yaml@161ab49c45e45825ca3832945c59a3ba904321ba	census 4	candidates.jsonl
oneof-discriminated-union	document	medama-io/medama:core/openapi.yaml@d4fe02cc9c00e5c13f22283a1bac9b85be678b68	census 1	candidates.jsonl
oneof-discriminated-union	document	microsoft/adme-samples:rest-apis/M14/crs_converter_openapi.yaml@df39d22ed32acfe80fcdbc5b554871b2c752a39a	census 0	candidates.jsonl
oneof-discriminated-union	document	microsoft/adme-samples:rest-apis/M14/register_openapi.yaml@df39d22ed32acfe80fcdbc5b554871b2c752a39a	census 0	candidates.jsonl
oneof-discriminated-union	document	microsoft/adme-samples:rest-apis/M16/crs_converter_openapi.yaml@df39d22ed32acfe80fcdbc5b554871b2c752a39a	census 0	candidates.jsonl
oneof-discriminated-union	document	microsoft/adme-samples:rest-apis/M18/crs_converter_openapi.yaml@df39d22ed32acfe80fcdbc5b554871b2c752a39a	census 0	candidates.jsonl
oneof-discriminated-union	document	mnahkies/openapi-code-generator:e2e/openapi.yaml@54b1dff9c79b3e57bd81232ba60f5ba21907e6ef	census 1	candidates.jsonl
oneof-discriminated-union	document	nhost/nhost:services/constellation/api/openapi.yaml@e501cba19d1e139102d0b705f9cfdd94c75378a4	census 0	candidates.jsonl
oneof-discriminated-union	document	noctiro/disaster-alert:docs/openapi.yaml@1bdff38425aa19cda31ba9d96579daed18e6e520	census 2	candidates.jsonl
oneof-discriminated-union	document	ogx-ai/llama-stack-client-swift:Sources/LlamaStackClient/openapi.yaml@3716c7d5dd080ff062bb142b2e723308ffc80606	census 20	candidates.jsonl
oneof-discriminated-union	document	open-zaak/open-zaak:src/openzaak/components/autorisaties/openapi.yaml@063bed95e678f4f07ad742acf4e69fa38c6b1827	census 2	candidates.jsonl
oneof-discriminated-union	document	openEHR/specifications-ITS-REST:computable/OAS/ehr-html.openapi.yaml@24058992d5fa96e8dfbd855d9c133f328387fc09	census 14	candidates.jsonl
oneof-discriminated-union	document	openai/orchard:api/openapi.yaml@f101ade5d8fdcad5e9c346472698649e7107a715	census 2	candidates.jsonl
oneof-discriminated-union	document	openchoreo/openchoreo:agents/sre-agent/openapi.yaml@1aeed89856d088dc5160c0f3eaa39796d4a93611	census 3	candidates.jsonl
oneof-discriminated-union	document	oxnw/agentrail:docs/api/task-lifecycle.openapi.yaml@ac75225f090ac67fafbdf63b3fdcd5ad520d867d	census 1	candidates.jsonl
oneof-discriminated-union	document	rohit-gohri/redocusaurus:website/openapi/using-single-yaml.openapi.yaml@4133e728c8e0d9f84b3e0f342a8bee90abd8adf2	census 0	candidates.jsonl
oneof-discriminated-union	document	rufusnufus/BTSParking:openapi.yaml@0d103417160a7d0f3b6cf57cba7e2cc9d8dd0a2c	census 2	candidates.jsonl
oneof-discriminated-union	document	speakeasy-api/developer-docs:public/assets/openapi/springboot/openapi.yaml.txt@0f7e0b54734e94e1c918af9da39bbc327922c0db	census 1	candidates.jsonl
oneof-discriminated-union	document	splunk/splunk-cloud-sdk-js:src/services/action/v1beta2/openapi.yaml@fbd3bb5e6a6006d44d163efa7ae28451fb28329b	census 1	candidates.jsonl
oneof-discriminated-union	document	splunk/splunk-cloud-sdk-js:src/services/app-registry/v1beta2/openapi.yaml@fbd3bb5e6a6006d44d163efa7ae28451fb28329b	census 3	candidates.jsonl
oneof-discriminated-union	document	splunk/splunk-cloud-sdk-python:splunk_sdk/action/v1beta2/openapi.yaml@d8b72e17c2fcefd7e82716dfb61f9eb60799a74f	census 1	candidates.jsonl
oneof-discriminated-union	document	splunk/splunk-cloud-sdk-python:splunk_sdk/app_registry/v1beta2/openapi.yaml@d8b72e17c2fcefd7e82716dfb61f9eb60799a74f	census 3	candidates.jsonl
oneof-discriminated-union	document	stapi-spec/stapi-spec:spec/openapi.yaml@9b459e17c0c24fd865604b9b0b33f6a39310c139	census 8	candidates.jsonl
oneof-discriminated-union	document	sudorandom/fauxrpc:example/complex_openapi.yaml@b7f5fff7e60813382509c35affdc8e5fb3afa330	census 1	candidates.jsonl
oneof-discriminated-union	document	supabase/auth:openapi.yaml@ce9a8eee0cc042be8c7a42981a7ddae631e41d91	census 1	candidates.jsonl
oneof-discriminated-union	document	superglue-ai/superglue:docs/openapi.yaml@a31947ffe232f60cf768f349fd71fcbf0b8ef801	census 1	candidates.jsonl
oneof-discriminated-union	document	team-dev-docs/mdx-parse-test-developer-docs:blog/speakeasy-vs-apimatic/assets/openapi.yaml.txt@aed624afd28d28600c6a23e651ce15c9eb1a78ca	census 5	candidates.jsonl
oneof-discriminated-union	document	test-kitchen/test-kitchen:schemas/external-provider-protocol.v1.openapi.yaml@d36d92123dd20f8ddb502dee069185da8c5eb186	census 2	candidates.jsonl
oneof-discriminated-union	document	timbran-project/moor:crates/web-host/openapi.yaml@1a6594447f4cfd69d7fbebd42e50c007daedfa3f	census 2	candidates.jsonl
oneof-discriminated-union	document	vicentereig/garmin-cli:docs/garmin-workout-api.openapi.yaml@44e16324849b158b548eb3157cf891ffba575709	census 1	candidates.jsonl
oneof-discriminated-union	document	wavesplatform/Waves:ride-runner/src/main/resources/swagger-ui/openapi.yaml@66faa85e5f6195c7ac3edf4cbe15723de865825c	census 3	candidates.jsonl
oneof-discriminated-union	query	\oneOf\"" "\"discriminator\"" "\"array\"" "\"items\"" filename:openapi.json	0	queries.jsonl
oneof-discriminated-union	query	oneOf: "discriminator:" "type: array" "items:" filename:openapi.yaml	2512	queries.jsonl
property-anyof-discriminated-union	document	APIs-guru/openapi-directory:APIs/apache.org/airflow/2.5.3/openapi.yaml@f04b8d0bcd39c52e1cf3ad7a5fe744709832ae49	census 0	candidates.jsonl
property-anyof-discriminated-union	document	APIs-guru/openapi-directory:APIs/cdcgov.local/prime-data-hub/0.2.0-oas3/openapi.yaml@f04b8d0bcd39c52e1cf3ad7a5fe744709832ae49	census 0	candidates.jsonl
property-anyof-discriminated-union	document	APIs-guru/openapi-directory:APIs/cpy.re/peertube/5.1.0/openapi.yaml@f04b8d0bcd39c52e1cf3ad7a5fe744709832ae49	census 0	candidates.jsonl
property-anyof-discriminated-union	document	APIs-guru/openapi-directory:APIs/doqs.dev/1.0/openapi.yaml@f04b8d0bcd39c52e1cf3ad7a5fe744709832ae49	census 0	candidates.jsonl
property-anyof-discriminated-union	document	APIs-guru/openapi-directory:APIs/nexmo.com/reports/2.2.2/openapi.yaml@f04b8d0bcd39c52e1cf3ad7a5fe744709832ae49	census 0	candidates.jsonl
property-anyof-discriminated-union	document	APIs-guru/openapi-directory:APIs/twitter.com/current/2.62/openapi.yaml@f04b8d0bcd39c52e1cf3ad7a5fe744709832ae49	census 0	candidates.jsonl
property-anyof-discriminated-union	document	Azure-Samples/ai-hub-gateway-solution-accelerator:bicep/infra/modules/apim/universal-llm-api/Universal-LLM-Basic-API.openapi.yaml@6b9a9ef558d2990df630de9ca4949429f07e68f2	census 0	candidates.jsonl
property-anyof-discriminated-union	document	Azure/ARO-HCP:tooling/kiota/openapi.yaml@5d0bb5de8d48b1ca7fa7e431916ad7bcb8c507e9	census 0	candidates.jsonl
property-anyof-discriminated-union	document	Azure/ARO-RP:hack/graphsdk/openapi.yaml@6f2967e0352f87510aaada8c3eb0b0fcb5f0c3bf	census 0	candidates.jsonl
property-anyof-discriminated-union	document	Azure/azure-rest-api-specs:specification/ai/data-plane/ModelInference/openapi/2024-05-01-preview/openapi.yaml@cfb70b985bacf991d059d71406dd4ef492dd301c	census 0	candidates.jsonl
property-anyof-discriminated-union	document	CommerceExperts/open-commerce-search:open-commerce-search-api/src/main/resources/openapi.yaml@6a327715193e26108662506b4f1edbc6dc8bbe18	census 0	candidates.jsonl
property-anyof-discriminated-union	document	DblK/shottower:api/openapi.yaml@e6786c4f034e88b29d39b3498e7ac267c6cac021	census 0	candidates.jsonl
property-anyof-discriminated-union	document	DewyKB/dewy:openapi.yaml@78a581a56a91cee98edb97db50b76a88a389a65b	census 0	candidates.jsonl
property-anyof-discriminated-union	document	Kong/developer.konghq.com:api-specs/konnect/api-products/v2/openapi.yaml@158a0474ba8461a6a789585efea86e6b69dc03d3	census 0	candidates.jsonl
property-anyof-discriminated-union	document	Kong/developer.konghq.com:api-specs/konnect/application-auth-strategies/v2/openapi.yaml@158a0474ba8461a6a789585efea86e6b69dc03d3	census 0	candidates.jsonl
property-anyof-discriminated-union	document	Kong/developer.konghq.com:api-specs/konnect/event-gateway/v1/openapi.yaml@158a0474ba8461a6a789585efea86e6b69dc03d3	census 0	candidates.jsonl
property-anyof-discriminated-union	document	Ljzd-PRO/KToolBox:webui/openapi.yaml@e17249be548e9b52e1a46ddaf82b6676c17c2c60	census 0	candidates.jsonl
property-anyof-discriminated-union	document	MagaluCloud/magalu:mgc/sdk/openapi/openapis/iam.openapi.yaml@c467ba8e695fa21e427aa35a12f5ba137bb0dbca	census 0	candidates.jsonl
property-anyof-discriminated-union	document	NVIDIA-NeMo/nemo-helix:plugins/nemo-anonymizer/openapi/openapi.yaml@b6ff571721eadd2b85c939c9c8e3405ab9b3ae44	census 0	candidates.jsonl
property-anyof-discriminated-union	document	Open-EO/openeo-api:openapi.yaml@1881dae18b3c2c417f1305774cf295c81d60d400	acquisition-failure: parse-failure	candidates.jsonl
property-anyof-discriminated-union	document	OpenAPITools/openapi-generator:samples/client/petstore/csharp/generichost/latest/UseDateTimeOffset/api/openapi.yaml@f81c416b76bcf9baabfb0361a7e94eb3881a2ca4	census 0	candidates.jsonl
property-anyof-discriminated-union	document	OpenAPITools/openapi-generator:samples/client/petstore/csharp/generichost/net10/FormModels/api/openapi.yaml@f81c416b76bcf9baabfb0361a7e94eb3881a2ca4	census 0	candidates.jsonl
property-anyof-discriminated-union	document	OpenAPITools/openapi-generator:samples/client/petstore/csharp/generichost/net10/NullReferenceTypes/api/openapi.yaml@f81c416b76bcf9baabfb0361a7e94eb3881a2ca4	census 0	candidates.jsonl
property-anyof-discriminated-union	document	OpenAPITools/openapi-generator:samples/client/petstore/csharp/generichost/net10/Petstore/api/openapi.yaml@f81c416b76bcf9baabfb0361a7e94eb3881a2ca4	census 0	candidates.jsonl
property-anyof-discriminated-union	document	OpenAPITools/openapi-generator:samples/client/petstore/csharp/generichost/net10/SourceGeneration/api/openapi.yaml@f81c416b76bcf9baabfb0361a7e94eb3881a2ca4	census 0	candidates.jsonl
property-anyof-discriminated-union	document	OpenAPITools/openapi-generator:samples/client/petstore/csharp/generichost/net4.7/FormModels/api/openapi.yaml@f81c416b76bcf9baabfb0361a7e94eb3881a2ca4	census 0	candidates.jsonl
property-anyof-discriminated-union	document	OpenAPITools/openapi-generator:samples/client/petstore/csharp/generichost/net4.7/Petstore/api/openapi.yaml@f81c416b76bcf9baabfb0361a7e94eb3881a2ca4	census 0	candidates.jsonl
property-anyof-discriminated-union	document	OpenAPITools/openapi-generator:samples/client/petstore/csharp/generichost/net4.8/FormModels/api/openapi.yaml@f81c416b76bcf9baabfb0361a7e94eb3881a2ca4	census 0	candidates.jsonl
property-anyof-discriminated-union	document	OpenAPITools/openapi-generator:samples/client/petstore/csharp/generichost/net4.8/Petstore/api/openapi.yaml@f81c416b76bcf9baabfb0361a7e94eb3881a2ca4	census 0	candidates.jsonl
property-anyof-discriminated-union	document	OpenAPITools/openapi-generator:samples/client/petstore/csharp/generichost/net8/FormModels/api/openapi.yaml@f81c416b76bcf9baabfb0361a7e94eb3881a2ca4	census 0	candidates.jsonl
property-anyof-discriminated-union	document	OpenAPITools/openapi-generator:samples/client/petstore/csharp/generichost/net8/NullReferenceTypes/api/openapi.yaml@f81c416b76bcf9baabfb0361a7e94eb3881a2ca4	census 0	candidates.jsonl
property-anyof-discriminated-union	document	OpenAPITools/openapi-generator:samples/client/petstore/csharp/generichost/net8/Petstore/api/openapi.yaml@f81c416b76bcf9baabfb0361a7e94eb3881a2ca4	census 0	candidates.jsonl
property-anyof-discriminated-union	document	OpenAPITools/openapi-generator:samples/client/petstore/csharp/generichost/net8/SourceGeneration/api/openapi.yaml@f81c416b76bcf9baabfb0361a7e94eb3881a2ca4	census 0	candidates.jsonl
property-anyof-discriminated-union	document	OpenAPITools/openapi-generator:samples/client/petstore/csharp/generichost/net9/FormModels/api/openapi.yaml@f81c416b76bcf9baabfb0361a7e94eb3881a2ca4	census 0	candidates.jsonl
property-anyof-discriminated-union	document	OpenAPITools/openapi-generator:samples/client/petstore/csharp/generichost/net9/NullReferenceTypes/api/openapi.yaml@f81c416b76bcf9baabfb0361a7e94eb3881a2ca4	census 0	candidates.jsonl
property-anyof-discriminated-union	document	OpenAPITools/openapi-generator:samples/client/petstore/csharp/generichost/net9/Petstore/api/openapi.yaml@f81c416b76bcf9baabfb0361a7e94eb3881a2ca4	census 0	candidates.jsonl
property-anyof-discriminated-union	document	OpenAPITools/openapi-generator:samples/client/petstore/csharp/generichost/net9/SourceGeneration/api/openapi.yaml@f81c416b76bcf9baabfb0361a7e94eb3881a2ca4	census 0	candidates.jsonl
property-anyof-discriminated-union	document	OpenAPITools/openapi-generator:samples/client/petstore/csharp/generichost/standard2.0/Petstore/api/openapi.yaml@f81c416b76bcf9baabfb0361a7e94eb3881a2ca4	census 0	candidates.jsonl
property-anyof-discriminated-union	document	OpenAPITools/openapi-generator:samples/client/petstore/csharp/httpclient/net10/Petstore/api/openapi.yaml@f81c416b76bcf9baabfb0361a7e94eb3881a2ca4	census 0	candidates.jsonl
property-anyof-discriminated-union	document	OpenAPITools/openapi-generator:samples/client/petstore/csharp/httpclient/net9/Petstore/api/openapi.yaml@f81c416b76bcf9baabfb0361a7e94eb3881a2ca4	census 0	candidates.jsonl
property-anyof-discriminated-union	document	OpenAPITools/openapi-generator:samples/client/petstore/csharp/httpclient/standard2.0/Petstore/api/openapi.yaml@f81c416b76bcf9baabfb0361a7e94eb3881a2ca4	census 0	candidates.jsonl
property-anyof-discriminated-union	document	OpenAPITools/openapi-generator:samples/client/petstore/csharp/restsharp/net10/Petstore/api/openapi.yaml@f81c416b76bcf9baabfb0361a7e94eb3881a2ca4	census 0	candidates.jsonl
property-anyof-discriminated-union	document	OpenAPITools/openapi-generator:samples/client/petstore/csharp/restsharp/net4.7/Petstore/api/openapi.yaml@f81c416b76bcf9baabfb0361a7e94eb3881a2ca4	census 0	candidates.jsonl
property-anyof-discriminated-union	document	OpenAPITools/openapi-generator:samples/client/petstore/csharp/restsharp/net4.8/Petstore/api/openapi.yaml@f81c416b76bcf9baabfb0361a7e94eb3881a2ca4	census 0	candidates.jsonl
property-anyof-discriminated-union	document	OpenAPITools/openapi-generator:samples/client/petstore/csharp/restsharp/net8/EnumMappings/api/openapi.yaml@f81c416b76bcf9baabfb0361a7e94eb3881a2ca4	census 0	candidates.jsonl
property-anyof-discriminated-union	document	OpenAPITools/openapi-generator:samples/client/petstore/csharp/restsharp/net8/Petstore/api/openapi.yaml@f81c416b76bcf9baabfb0361a7e94eb3881a2ca4	census 0	candidates.jsonl
property-anyof-discriminated-union	document	OpenAPITools/openapi-generator:samples/client/petstore/csharp/restsharp/net9/EnumMappings/api/openapi.yaml@f81c416b76bcf9baabfb0361a7e94eb3881a2ca4	census 0	candidates.jsonl
property-anyof-discriminated-union	document	OpenAPITools/openapi-generator:samples/client/petstore/csharp/restsharp/standard2.0/ConditionalSerialization/api/openapi.yaml@f81c416b76bcf9baabfb0361a7e94eb3881a2ca4	census 0	candidates.jsonl
property-anyof-discriminated-union	document	OpenAPITools/openapi-generator:samples/client/petstore/csharp/restsharp/standard2.0/Petstore/api/openapi.yaml@f81c416b76bcf9baabfb0361a7e94eb3881a2ca4	census 0	candidates.jsonl
property-anyof-discriminated-union	document	OpenAPITools/openapi-generator:samples/client/petstore/csharp/unityWebRequest/net10/Petstore/api/openapi.yaml@f81c416b76bcf9baabfb0361a7e94eb3881a2ca4	census 0	candidates.jsonl
property-anyof-discriminated-union	document	OpenAPITools/openapi-generator:samples/client/petstore/csharp/unityWebRequest/net9/Petstore/api/openapi.yaml@f81c416b76bcf9baabfb0361a7e94eb3881a2ca4	census 0	candidates.jsonl
property-anyof-discriminated-union	document	OpenAPITools/openapi-generator:samples/client/petstore/csharp/unityWebRequest/standard2.0/Petstore/api/openapi.yaml@f81c416b76bcf9baabfb0361a7e94eb3881a2ca4	census 0	candidates.jsonl
property-anyof-discriminated-union	document	OpenAPITools/openapi-generator:samples/client/petstore/java/jersey3-jackson3/api/openapi.yaml@f81c416b76bcf9baabfb0361a7e94eb3881a2ca4	census 0	candidates.jsonl
property-anyof-discriminated-union	document	OpenAPITools/openapi-generator:samples/client/petstore/java/jersey3/api/openapi.yaml@f81c416b76bcf9baabfb0361a7e94eb3881a2ca4	census 0	candidates.jsonl
property-anyof-discriminated-union	document	OpenAPITools/openapi-generator:samples/client/petstore/java/native-async/api/openapi.yaml@f81c416b76bcf9baabfb0361a7e94eb3881a2ca4	census 0	candidates.jsonl
property-anyof-discriminated-union	document	OpenAPITools/openapi-generator:samples/client/petstore/java/native-jackson3/api/openapi.yaml@f81c416b76bcf9baabfb0361a7e94eb3881a2ca4	census 0	candidates.jsonl
property-anyof-discriminated-union	document	OpenAPITools/openapi-generator:samples/client/petstore/java/native/api/openapi.yaml@f81c416b76bcf9baabfb0361a7e94eb3881a2ca4	census 0	candidates.jsonl
property-anyof-discriminated-union	document	OpenAPITools/openapi-generator:samples/client/petstore/java/okhttp-gson-3.1/api/openapi.yaml@f81c416b76bcf9baabfb0361a7e94eb3881a2ca4	census 0	candidates.jsonl
property-anyof-discriminated-union	document	OpenAPITools/openapi-generator:samples/client/petstore/java/okhttp-gson/api/openapi.yaml@f81c416b76bcf9baabfb0361a7e94eb3881a2ca4	census 0	candidates.jsonl
property-anyof-discriminated-union	document	OpenAPITools/openapi-generator:samples/openapi3/client/petstore/go/go-petstore/api/openapi.yaml@f81c416b76bcf9baabfb0361a7e94eb3881a2ca4	census 0	candidates.jsonl
property-anyof-discriminated-union	document	OpenAPITools/openapi-generator:samples/openapi3/client/petstore/java/jersey2-java8/api/openapi.yaml@f81c416b76bcf9baabfb0361a7e94eb3881a2ca4	census 0	candidates.jsonl
property-anyof-discriminated-union	document	Qredence/fleet-rlm:openapi.yaml@48c9dde1b7559037cf50f5b3713c31cbfed09681	census 0	candidates.jsonl
property-anyof-discriminated-union	document	Sofie-Automation/sofie-core:packages/openapi/src/generated/openapi.yaml@a636c0257bee8ce5d9017b56c5512ae415ebcf9f	census 0	candidates.jsonl
property-anyof-discriminated-union	document	TanStack/ai:packages/ai-worldlabs/openapi.yaml@7404539c55acf9d7d0b0f7ccb2f16f4dcd75acdb	census 0	candidates.jsonl
property-anyof-discriminated-union	document	TouK/nussknacker:docs-internal/api/nu-designer-openapi.yaml@2e8d32682f659b11fbb223ad189c1e77d5fafd7c	census 0	candidates.jsonl
property-anyof-discriminated-union	document	UMass-Rescue/Flask-ML:src/flask_ml/flask_ml_server/openapi.yaml@974646234dea20694358d5d047639123234bb848	census 0	candidates.jsonl
property-anyof-discriminated-union	document	UMass-Rescue/RescueBox-Desktop:src/shared/openapi.yaml@1b3a5436d8ed959af94cedff4dded0c045380390	census 0	candidates.jsonl
property-anyof-discriminated-union	document	WALTER-GROUP/hackathon-sustainable-logistics:openapi/openapi.yaml@d98976e432527f99c993ccc80622880419ad3236	census 0	candidates.jsonl
property-anyof-discriminated-union	document	apache/airflow-client-go:airflow/api/openapi.yaml@8ce0b39cfbb2b45d360ffb00e40897319d085d15	census 0	candidates.jsonl
property-anyof-discriminated-union	document	apostrophecms/apostrophe:packages/apostrophecms-openapi/apostrophecms-openapi.yaml@bcc5d37ad550bbf835cb972a021191a711303b5b	census 0	candidates.jsonl
property-anyof-discriminated-union	document	argmaxinc/argmax-oss-swift:scripts/specs/localserver_openapi.yaml@f4e5d6be37ec820614fb0d72037e76c22d4c16f7	census 0	candidates.jsonl
property-anyof-discriminated-union	document	ballerina-platform/module-ballerinax-ai.agent:ballerina/modules/mistral/docs/spec/openapi.yaml@c4ec6ba82f0219e310b8783282ecbcd902a98cf7	census 0	candidates.jsonl
property-anyof-discriminated-union	document	ballerina-platform/module-ballerinax-microsoft.outlook.mail:docs/spec/openapi.yaml@0bc7127332adef02fe03703881ba61bb99e421ed	census 0	candidates.jsonl
property-anyof-discriminated-union	document	ballerina-platform/openapi-connectors:openapi/mistral/openapi.yaml@81158a45a86fa9a85de4e7fbd7cdc2a529d50743	census 0	candidates.jsonl
property-anyof-discriminated-union	document	dynatrace-oss/terraform-provider-dynatrace:dynatrace/api/automation/scheduling_rules/openapi.yaml@fe754e4680dab531864bd492afbd7bee50ea73c9	census 0	candidates.jsonl
property-anyof-discriminated-union	document	ergoplatform/ergo:src/main/resources/api/openapi.yaml@23aabead88774d27f2c9190ace3c9abbc8f1d5cb	acquisition-failure: parse-failure	candidates.jsonl
property-anyof-discriminated-union	document	factset/enterprise-sdk:code/java/Formula/v1/api/openapi.yaml@4fe3e102c161fd223dc556e2634df94bfbd548fc	census 0	candidates.jsonl
property-anyof-discriminated-union	document	flightctl/flightctl:api/core/v1beta1/openapi.yaml@296c65b17b2ebeb9779e8a44591237e32ad01474	census 0	candidates.jsonl
property-anyof-discriminated-union	document	goplus/builder:docs/openapi.yaml@8877eb5c6760cf6aca438c98e2ab26b862b2a7a7	census 0	candidates.jsonl
property-anyof-discriminated-union	document	hasura/promptql-go-sdk:api/api/openapi.yaml@563d579e126b910fec1697d110f80a9d6eca39cf	census 0	candidates.jsonl
property-anyof-discriminated-union	document	hivemq/hivemq-edge:ext/hivemq-edge-openapi.yaml@9ef14fd57f299e176d878874b7f56130ec301266	census 0	candidates.jsonl
property-anyof-discriminated-union	document	ingef/conquery:openapi.yaml@d00b00e073b36150e52f507e25c36eefa22038ac	census 0	candidates.jsonl
property-anyof-discriminated-union	document	konfig-dev/konfig:sdks/db/intermediate-fixed-specs/aeternity-foundation/openapi.yaml@bec3d36b9a341f30707a4ab3d9de6c4154809ada	census 0	candidates.jsonl
property-anyof-discriminated-union	document	konfig-dev/konfig:sdks/db/intermediate-fixed-specs/coalesce/openapi.yaml@bec3d36b9a341f30707a4ab3d9de6c4154809ada	census 0	candidates.jsonl
property-anyof-discriminated-union	document	konfig-dev/konfig:sdks/db/intermediate-fixed-specs/front/core/openapi.yaml@bec3d36b9a341f30707a4ab3d9de6c4154809ada	census 0	candidates.jsonl
property-anyof-discriminated-union	document	konfig-dev/konfig:sdks/db/intermediate-fixed-specs/jiko/openapi.yaml@bec3d36b9a341f30707a4ab3d9de6c4154809ada	census 0	candidates.jsonl
property-anyof-discriminated-union	document	konfig-dev/konfig:sdks/db/intermediate-fixed-specs/resistant-ai/openapi.yaml@bec3d36b9a341f30707a4ab3d9de6c4154809ada	census 0	candidates.jsonl
property-anyof-discriminated-union	document	konfig-dev/konfig:sdks/db/intermediate-fixed-specs/x/openapi.yaml@bec3d36b9a341f30707a4ab3d9de6c4154809ada	census 0	candidates.jsonl
property-anyof-discriminated-union	document	nhost/nhost:services/constellation/api/openapi.yaml@e501cba19d1e139102d0b705f9cfdd94c75378a4	census 0	candidates.jsonl
property-anyof-discriminated-union	document	ogen-go/ogen:_testdata/examples/openai-2.3.0.openapi.yaml@2569478736aed33cf1fe9d2a5b6e2d659bea0e69	census 0	candidates.jsonl
property-anyof-discriminated-union	document	open-edge-platform/edge-ai-libraries:microservices/vector-retriever/vector-retriever/docs/user-guide/api-docs/openapi.yaml@83e29f6caaa78934ede0ddc4f1c54c1dc0af6e24	census 0	candidates.jsonl
property-anyof-discriminated-union	document	oxnw/agentrail:docs/api/task-lifecycle.openapi.yaml@ac75225f090ac67fafbdf63b3fdcd5ad520d867d	census 0	candidates.jsonl
property-anyof-discriminated-union	document	qoretechnologies/qore:qlib/FireworksDataProvider/fireworks-messages-openapi.yaml@bb13d37b122274f2c55f1e2e59e167a3e59adf60	census 0	candidates.jsonl
property-anyof-discriminated-union	document	scaleapi/scale-agentex:agentex/openapi.yaml@bc9028bacc84eaa1a8acae66abbf45e999903acd	census 0	candidates.jsonl
property-anyof-discriminated-union	document	sentinel-hub/titiler-openeo:titiler/openeo/openapi.yaml@821d4b7a3ca818796e7d17ab07d6951bcc902a23	acquisition-failure: parse-failure	candidates.jsonl
property-anyof-discriminated-union	document	stapi-spec/stapi-spec:spec/openapi.yaml@9b459e17c0c24fd865604b9b0b33f6a39310c139	census 0	candidates.jsonl
property-anyof-discriminated-union	document	team-dev-docs/mdx-parse-test-developer-docs:blog/speakeasy-vs-apimatic/assets/openapi.yaml.txt@aed624afd28d28600c6a23e651ce15c9eb1a78ca	census 0	candidates.jsonl
property-anyof-discriminated-union	document	team-dev-docs/mdx-parse-test-developer-docs:blog/speakeasy-vs-stainless/assets/openapi.yaml.txt@aed624afd28d28600c6a23e651ce15c9eb1a78ca	census 0	candidates.jsonl
property-anyof-discriminated-union	document	trustbit/logistic-hackathon-public:openapi/openapi.yaml@6588139c737d8f1b4412fd859927abc969ac1ca3	census 0	candidates.jsonl
property-anyof-discriminated-union	document	wavesplatform/Waves:node/src/main/resources/swagger-ui/openapi.yaml@66faa85e5f6195c7ac3edf4cbe15723de865825c	census 0	candidates.jsonl
property-anyof-discriminated-union	query	\anyOf\"" "\"discriminator\"" "\"propertyName\"" "\"requestBody\"" filename:openapi.json	0	queries.jsonl
property-anyof-discriminated-union	query	anyOf: "discriminator:" "propertyName:" "requestBody:" filename:openapi.yaml	723	queries.jsonl
ref-pointer-composition-index	document	APIs-guru/openapi-directory:APIs/fulfillment.com/2.0/openapi.yaml@f04b8d0bcd39c52e1cf3ad7a5fe744709832ae49	census 0	candidates.jsonl
ref-pointer-composition-index	document	APIs-guru/openapi-directory:APIs/nexmo.com/conversation/2.0.1/openapi.yaml@f04b8d0bcd39c52e1cf3ad7a5fe744709832ae49	census 5	candidates.jsonl
ref-pointer-composition-index	document	Budibase/openapi-rest-templates:ashby/openapi.yaml@cf9397b0c599117184ae2791849ccd5ba3f235c7	census 0	candidates.jsonl
ref-pointer-composition-index	document	ClintonCao/EvoMaster:core-it/src/test/resources/APIs_guru/fulfillment.com/2.0/openapi.yaml@1a2336d2e9d2b9441c3b357cb4743c6e9fed429e	census 0	candidates.jsonl
ref-pointer-composition-index	document	ClintonCao/EvoMaster:core-it/src/test/resources/APIs_guru/nexmo.com/conversation/2.0.1/openapi.yaml@1a2336d2e9d2b9441c3b357cb4743c6e9fed429e	census 5	candidates.jsonl
ref-pointer-composition-index	document	DavidSubotinDS/SubotinMotors:services/notification-service/src/main/resources/contracts/notification.openapi.yaml@5ee4cb8b5c0445b8ffded0577709475cd876af8e	census 0	candidates.jsonl
ref-pointer-composition-index	document	LoriMarshall/openapidir:APIs/fulfillment.com/2.0/openapi.yaml@433a94f3e9e268f2b000b0b497785ede34332a7f	census 0	candidates.jsonl
ref-pointer-composition-index	document	LoriMarshall/openapidir:APIs/nexmo.com/conversation/2.0.1/openapi.yaml@433a94f3e9e268f2b000b0b497785ede34332a7f	census 5	candidates.jsonl
ref-pointer-composition-index	document	Rcmade/hono-docs:examples/test-suite-zod-v3/openapi/openapi.json@38a1bc9b0f595b9cc0111db34095a820969aeb94	census 0	candidates.jsonl
ref-pointer-composition-index	document	WebFuzzing/EvoMaster:core-tests/integration-tests/core-it/src/test/resources/APIs_guru/fulfillment.com/2.0/openapi.yaml@50f95203192aab54454d5c3e195ab3698d6b3f17	census 0	candidates.jsonl
ref-pointer-composition-index	document	WebFuzzing/EvoMaster:core-tests/integration-tests/core-it/src/test/resources/APIs_guru/nexmo.com/conversation/2.0.1/openapi.yaml@50f95203192aab54454d5c3e195ab3698d6b3f17	census 5	candidates.jsonl
ref-pointer-composition-index	document	WebFuzzing/fuzzing-nosql:wb-mongo/EvoMaster-mongo/core-it/src/test/resources/APIs_guru/fulfillment.com/2.0/openapi.yaml@beab2413018c8ac6fa8c3ee68dac856ffd3cc628	census 0	candidates.jsonl
ref-pointer-composition-index	document	WebFuzzing/fuzzing-nosql:wb-mongo/EvoMaster-mongo/core-it/src/test/resources/APIs_guru/nexmo.com/conversation/2.0.1/openapi.yaml@beab2413018c8ac6fa8c3ee68dac856ffd3cc628	census 5	candidates.jsonl
ref-pointer-composition-index	document	adityaghatge/nlp2rest:rule_extractor/APIs-guru/specifications/fulfillment.com/2.0/openapi.yaml@23fc8dc5e37f7ef1681c135abfba30e6cfad2a91	census 0	candidates.jsonl
ref-pointer-composition-index	document	adityaghatge/nlp2rest:rule_extractor/APIs-guru/specifications/nexmo.com/conversation/2.0.1/openapi.yaml@23fc8dc5e37f7ef1681c135abfba30e6cfad2a91	census 5	candidates.jsonl
ref-pointer-composition-index	document	api-evangelist/cloudguard:openapi/_original/cloudguard-administration-openapi.json@c4b28f4e0b8e2e98cb0b792491be934989001212	census 34	candidates.jsonl
ref-pointer-composition-index	document	codingsoo/nlp2rest:rule_extractor/APIs-guru/specifications/fulfillment.com/2.0/openapi.yaml@ae3783b7e4475947bd27511ca4dadc4a273d046c	census 0	candidates.jsonl
ref-pointer-composition-index	document	codingsoo/nlp2rest:rule_extractor/APIs-guru/specifications/nexmo.com/conversation/2.0.1/openapi.yaml@ae3783b7e4475947bd27511ca4dadc4a273d046c	census 5	candidates.jsonl
ref-pointer-composition-index	document	eordano/catalyrst:docs/openapi.yaml@73e70a437f8065e6f586e503c00b0011d68c04c2	census 0	candidates.jsonl
ref-pointer-composition-index	document	gobeyondidentity/developer-docs:static/api/v2/openapi.yaml@d4d6454385d0538d9268735ebb72ed080b879c60	census 0	candidates.jsonl
ref-pointer-composition-index	document	jentic/jentic-public-apis:apis/openapi/alloy.co/main/1.0.0/openapi.json@047e4ec2befca70c4bcdd05f162b2c005fc7cdfe	census 0	candidates.jsonl
ref-pointer-composition-index	document	konfig-sdks/openapi-examples:ashby/openapi.yaml@161ab49c45e45825ca3832945c59a3ba904321ba	census 0	candidates.jsonl
ref-pointer-composition-index	document	mindclade-old-2/mindclade:protocols/openapi/curated/mindclade.openapi.yaml@71d169bafaabe0b361e05b3cfde44dd5d14a99a2	census 0	candidates.jsonl
ref-pointer-composition-index	document	mindclade-old-2/mindclade:protocols/openapi/published/mindclade.openapi.yaml@71d169bafaabe0b361e05b3cfde44dd5d14a99a2	census 0	candidates.jsonl
ref-pointer-composition-index	document	osmarbetancourt/custom-mcp:openapi.yaml@6f255296161510aae8fe89c05e7156c548844979	census 0	candidates.jsonl
ref-pointer-composition-index	document	roberiooliveiradev/api-delpi:docs-api/openapi.yaml@8d5e97b38ce5dbe24bcd820240e28beb9beb73f7	census 0	candidates.jsonl
ref-pointer-composition-index	document	speakeasy-sdks/bolt-alpha-spec:openapi.yaml@a8ebc962cf05de20328ef8e3255589c288d1b4c6	census 0	candidates.jsonl
ref-pointer-composition-index	document	suarezrominajulieta/Evo-tesis:EvoMaster-master/EvoMaster-master/core-it/src/test/resources/APIs_guru/fulfillment.com/2.0/openapi.yaml@c11ae92daa273be94a435aadad384306c9b96134	census 0	candidates.jsonl
ref-pointer-composition-index	document	suarezrominajulieta/Evo-tesis:EvoMaster-master/EvoMaster-master/core-it/src/test/resources/APIs_guru/nexmo.com/conversation/2.0.1/openapi.yaml@c11ae92daa273be94a435aadad384306c9b96134	census 5	candidates.jsonl
ref-pointer-composition-index	document	u-keiya/PlayAsYouLike:docs/03_design/api/openapi.yaml@5610f2c721c89da569947658b8c97211aa527d09	census 0	candidates.jsonl
ref-pointer-composition-index	query	/anyOf/0 "\"$ref\"" filename:openapi.json	3	queries.jsonl
ref-pointer-composition-index	query	/oneOf/0 "$ref:" filename:openapi.yaml	27	queries.jsonl
x-fern-or-crozier-ignore	document	Postman-Devrel/booth-demos:content/short-talks/mcp-docs-best-friend/openapi/appointment-slots.openapi.yaml@1216d2d716c0cb870be5870af24d56ef6f0183af	census 1	candidates.jsonl
x-fern-or-crozier-ignore	document	Postman-Devrel/booth-demos:content/short-talks/mcp-docs-best-friend/openapi/appointments.openapi.yaml@1216d2d716c0cb870be5870af24d56ef6f0183af	census 1	candidates.jsonl
x-fern-or-crozier-ignore	document	Postman-Devrel/booth-demos:content/short-talks/mcp-docs-best-friend/openapi/prescriptions.openapi.yaml@1216d2d716c0cb870be5870af24d56ef6f0183af	census 1	candidates.jsonl
x-fern-or-crozier-ignore	document	atacan/AssemblyAI:openapi.yaml@ed31d2fbb08b69633e7d1bcc31bc4cf8eacc8718	census 1	candidates.jsonl
x-fern-or-crozier-ignore	document	atacan/AssemblyAI:original_openapi.yaml@ed31d2fbb08b69633e7d1bcc31bc4cf8eacc8718	census 1	candidates.jsonl
x-fern-or-crozier-ignore	document	crsdk/alpha-sdk-api:api/openapi.yaml@225ab52937caab0e5a881eb282d5311e6c2d4205	census 2	candidates.jsonl
x-fern-or-crozier-ignore	document	fern-api/fern:generators/cli/sdk/cli/openapi-fixture/openapi.yaml@7afb6e0db4ba7455ea0bc83229153f8368c54181	census 1	candidates.jsonl
x-fern-or-crozier-ignore	document	healthcare-org-app/healthcare-appointment-slots:openapi.yaml@2c2c8e7f9dc470a5dfdf30f8eeede2425827b018	census 1	candidates.jsonl
x-fern-or-crozier-ignore	document	healthcare-org-app/healthcare-appointments:openapi.yaml@7ddadc66e0773bc11076945a66b3eefc42ae814a	census 1	candidates.jsonl
x-fern-or-crozier-ignore	document	healthcare-org-app/healthcare-prescriptions:openapi.yaml@ba9c26afe85c2a889c0d9ffdd4786e8edbef7ada	census 1	candidates.jsonl
x-fern-or-crozier-ignore	query	\x-fern-ignore\": true" "\"components\"" filename:openapi.json	0	queries.jsonl
x-fern-or-crozier-ignore	query	x-fern-ignore: true "components:" filename:openapi.yaml	10	queries.jsonl
