exit=1
src/probe/types/intel_sinkholes_api_response_common_failure.py:3: error: Module "probe.types.intel_sinkholes_api_response_common_failure" has no attribute "IntelSinkholesApiResponseCommonFailure"  [attr-defined]
src/probe/types/workers_script_and_version_settings_item_tags.py:10: error: Invalid base class "WorkersTags"  [misc]
src/probe/types/workers_namespace_script_and_version_settings_item_tags.py:10: error: Invalid base class "WorkersTags"  [misc]
src/probe/types/tunnel_schemas_connection.py:14: error: Cannot find implementation or library stub for module named "probe.types.tunnel_is_pending_reconnect"  [import-not-found]
src/probe/types/tunnel_connection.py:11: error: Cannot find implementation or library stub for module named "probe.types.tunnel_is_pending_reconnect"  [import-not-found]
src/probe/types/stream_webhook_response_single_result.py:23: error: Name "notification_url" already defined on line 18  [no-redef]
src/probe/email_security_domains/types/batch_email_security_domains_request_puts_item.py:8: error: Cannot find implementation or library stub for module named "probe.types.email_security_replace_domain"  [import-not-found]
src/probe/email_security_domains/types/batch_email_security_domains_request_patches_item.py:8: error: Cannot find implementation or library stub for module named "probe.types.email_security_update_domain"  [import-not-found]
src/probe/api_security_token_validation_rules/types/bulk_edit_api_security_token_validation_rules_request_body_item.py:7: error: Cannot find implementation or library stub for module named "probe.types.api_shield_edit_single_rule_request"  [import-not-found]
src/probe/api_security_token_validation_rules/types/bulk_edit_api_security_token_validation_rules_request_body_item.py:7: note: See https://mypy.readthedocs.io/en/stable/running_mypy.html#missing-imports
src/probe/email_security_url_ignore_patterns/types/batch_email_security_url_ignore_patterns_request_patches_item.py:7: error: Cannot find implementation or library stub for module named "probe.types.email_security_update_url_ignore_pattern"  [import-not-found]
src/probe/types/workers_script_and_version_settings_item_tail_consumers.py:10: error: Invalid base class "WorkersTailConsumers"  [misc]
src/probe/types/workers_namespace_script_and_version_settings_item_tail_consumers.py:10: error: Invalid base class "WorkersTailConsumers"  [misc]
src/probe/zero_trust_identity_providers_saml_certificate/raw_client.py:79: error: Argument "type_" to "parse_obj_as" has incompatible type "<typing special form>"; expected "type[Never]"  [arg-type]
src/probe/zero_trust_identity_providers_saml_certificate/raw_client.py:90: error: Argument "type_" to "parse_obj_as" has incompatible type "<typing special form>"; expected "type[Never]"  [arg-type]
src/probe/zero_trust_identity_providers_saml_certificate/raw_client.py:163: error: Argument "type_" to "parse_obj_as" has incompatible type "<typing special form>"; expected "type[Never]"  [arg-type]
src/probe/zero_trust_identity_providers_saml_certificate/raw_client.py:174: error: Argument "type_" to "parse_obj_as" has incompatible type "<typing special form>"; expected "type[Never]"  [arg-type]
src/probe/zero_trust_gateway_configurations_custom_certificate/raw_client.py:52: error: Argument "type_" to "parse_obj_as" has incompatible type "<typing special form>"; expected "type[Never]"  [arg-type]
src/probe/zero_trust_gateway_configurations_custom_certificate/raw_client.py:101: error: Argument "type_" to "parse_obj_as" has incompatible type "<typing special form>"; expected "type[Never]"  [arg-type]
src/probe/zero_trust_access_saml_certificates/raw_client.py:134: error: Argument "type_" to "parse_obj_as" has incompatible type "<typing special form>"; expected "type[Never]"  [arg-type]
src/probe/zero_trust_access_saml_certificates/raw_client.py:186: error: Argument "type_" to "parse_obj_as" has incompatible type "<typing special form>"; expected "type[Never]"  [arg-type]
src/probe/zero_trust_access_saml_certificates/raw_client.py:252: error: Argument "type_" to "parse_obj_as" has incompatible type "<typing special form>"; expected "type[Never]"  [arg-type]
src/probe/zero_trust_access_saml_certificates/raw_client.py:380: error: Argument "type_" to "parse_obj_as" has incompatible type "<typing special form>"; expected "type[Never]"  [arg-type]
src/probe/zero_trust_access_saml_certificates/raw_client.py:432: error: Argument "type_" to "parse_obj_as" has incompatible type "<typing special form>"; expected "type[Never]"  [arg-type]
src/probe/zero_trust_access_saml_certificates/raw_client.py:498: error: Argument "type_" to "parse_obj_as" has incompatible type "<typing special form>"; expected "type[Never]"  [arg-type]
src/probe/zero_trust_access_idp_federation_grants/raw_client.py:173: error: Argument "type_" to "parse_obj_as" has incompatible type "<typing special form>"; expected "type[Never]"  [arg-type]
src/probe/zero_trust_access_idp_federation_grants/raw_client.py:234: error: Argument "type_" to "parse_obj_as" has incompatible type "<typing special form>"; expected "type[Never]"  [arg-type]
src/probe/zero_trust_access_idp_federation_grants/raw_client.py:398: error: Argument "type_" to "parse_obj_as" has incompatible type "<typing special form>"; expected "type[Never]"  [arg-type]
src/probe/zero_trust_access_idp_federation_grants/raw_client.py:459: error: Argument "type_" to "parse_obj_as" has incompatible type "<typing special form>"; expected "type[Never]"  [arg-type]
src/probe/workflows_settings/raw_client.py:67: error: Argument "type_" to "parse_obj_as" has incompatible type "<typing special form>"; expected "type[Never]"  [arg-type]
src/probe/workflows_settings/raw_client.py:138: error: Argument "type_" to "parse_obj_as" has incompatible type "<typing special form>"; expected "type[Never]"  [arg-type]
src/probe/workflows_settings/raw_client.py:196: error: Argument "type_" to "parse_obj_as" has incompatible type "<typing special form>"; expected "type[Never]"  [arg-type]
src/probe/workflows_settings/raw_client.py:267: error: Argument "type_" to "parse_obj_as" has incompatible type "<typing special form>"; expected "type[Never]"  [arg-type]
src/probe/workflows_instances_events/raw_client.py:86: error: Argument "type_" to "parse_obj_as" has incompatible type "<typing special form>"; expected "type[Never]"  [arg-type]
src/probe/workflows_instances_events/raw_client.py:97: error: Argument "type_" to "parse_obj_as" has incompatible type "<typing special form>"; expected "type[Never]"  [arg-type]
src/probe/workflows_instances_events/raw_client.py:176: error: Argument "type_" to "parse_obj_as" has incompatible type "<typing special form>"; expected "type[Never]"  [arg-type]
src/probe/workflows_instances_events/raw_client.py:187: error: Argument "type_" to "parse_obj_as" has incompatible type "<typing special form>"; expected "type[Never]"  [arg-type]
src/probe/workers_builds_triggers_environment_variables/raw_client.py:81: error: Argument "type_" to "parse_obj_as" has incompatible type "<typing special form>"; expected "type[Never]"  [arg-type]
src/probe/workers_builds_triggers_environment_variables/raw_client.py:148: error: Argument "type_" to "parse_obj_as" has incompatible type "<typing special form>"; expected "type[Never]"  [arg-type]
src/probe/workers_builds_triggers_environment_variables/raw_client.py:159: error: Argument "type_" to "parse_obj_as" has incompatible type "<typing special form>"; expected "type[Never]"  [arg-type]
src/probe/workers_builds_triggers_environment_variables/raw_client.py:221: error: Argument "type_" to "parse_obj_as" has incompatible type "<typing special form>"; expected "type[Never]"  [arg-type]
src/probe/workers_builds_triggers_environment_variables/raw_client.py:232: error: Argument "type_" to "parse_obj_as" has incompatible type "<typing special form>"; expected "type[Never]"  [arg-type]
src/probe/workers_builds_triggers_environment_variables/raw_client.py:296: error: Argument "type_" to "parse_obj_as" has incompatible type "<typing special form>"; expected "type[Never]"  [arg-type]
src/probe/workers_builds_triggers_environment_variables/raw_client.py:363: error: Argument "type_" to "parse_obj_as" has incompatible type "<typing special form>"; expected "type[Never]"  [arg-type]
src/probe/workers_builds_triggers_environment_variables/raw_client.py:374: error: Argument "type_" to "parse_obj_as" has incompatible type "<typing special form>"; expected "type[Never]"  [arg-type]
src/probe/workers_builds_triggers_environment_variables/raw_client.py:436: error: Argument "type_" to "parse_obj_as" has incompatible type "<typing special form>"; expected "type[Never]"  [arg-type]
src/probe/workers_builds_triggers_environment_variables/raw_client.py:447: error: Argument "type_" to "parse_obj_as" has incompatible type "<typing special form>"; expected "type[Never]"  [arg-type]
src/probe/workers_builds_tokens/raw_client.py:86: error: Argument "type_" to "parse_obj_as" has incompatible type "<typing special form>"; expected "type[Never]"  [arg-type]
src/probe/workers_builds_tokens/raw_client.py:160: error: Argument "type_" to "parse_obj_as" has incompatible type "<typing special form>"; expected "type[Never]"  [arg-type]
src/probe/workers_builds_tokens/raw_client.py:219: error: Argument "type_" to "parse_obj_as" has incompatible type "<typing special form>"; expected "type[Never]"  [arg-type]
src/probe/workers_builds_tokens/raw_client.py:230: error: Argument "type_" to "parse_obj_as" has incompatible type "<typing special form>"; expected "type[Never]"  [arg-type]
src/probe/workers_builds_tokens/raw_client.py:303: error: Argument "type_" to "parse_obj_as" has incompatible type "<typing special form>"; expected "type[Never]"  [arg-type]
src/probe/workers_builds_tokens/raw_client.py:377: error: Argument "type_" to "parse_obj_as" has incompatible type "<typing special form>"; expected "type[Never]"  [arg-type]
src/probe/workers_builds_tokens/raw_client.py:436: error: Argument "type_" to "parse_obj_as" has incompatible type "<typing special form>"; expected "type[Never]"  [arg-type]
src/probe/workers_builds_tokens/raw_client.py:447: error: Argument "type_" to "parse_obj_as" has incompatible type "<typing special form>"; expected "type[Never]"  [arg-type]
src/probe/workers_builds_builds_logs/raw_client.py:77: error: Argument "type_" to "parse_obj_as" has incompatible type "<typing special form>"; expected "type[Never]"  [arg-type]
src/probe/workers_builds_builds_logs/raw_client.py:88: error: Argument "type_" to "parse_obj_as" has incompatible type "<typing special form>"; expected "type[Never]"  [arg-type]
src/probe/workers_builds_builds_logs/raw_client.py:158: error: Argument "type_" to "parse_obj_as" has incompatible type "<typing special form>"; expected "type[Never]"  [arg-type]
src/probe/workers_builds_builds_logs/raw_client.py:169: error: Argument "type_" to "parse_obj_as" has incompatible type "<typing special form>"; expected "type[Never]"  [arg-type]
src/probe/url_scanner_scan_har/raw_client.py:66: error: Argument "type_" to "parse_obj_as" has incompatible type "<typing special form>"; expected "type[Never]"  [arg-type]
src/probe/url_scanner_scan_har/raw_client.py:77: error: Argument "type_" to "parse_obj_as" has incompatible type "<typing special form>"; expected "type[Never]"  [arg-type]
src/probe/url_scanner_scan_har/raw_client.py:139: error: Argument "type_" to "parse_obj_as" has incompatible type "<typing special form>"; expected "type[Never]"  [arg-type]
src/probe/url_scanner_scan_har/raw_client.py:150: error: Argument "type_" to "parse_obj_as" has incompatible type "<typing special form>"; expected "type[Never]"  [arg-type]
src/probe/url_scanner_responses/raw_client.py:57: error: Argument "type_" to "parse_obj_as" has incompatible type "<typing special form>"; expected "type[Never]"  [arg-type]
src/probe/url_scanner_responses/raw_client.py:112: error: Argument "type_" to "parse_obj_as" has incompatible type "<typing special form>"; expected "type[Never]"  [arg-type]
src/probe/url_scanner_response/raw_client.py:58: error: Argument "type_" to "parse_obj_as" has incompatible type "<typing special form>"; expected "type[Never]"  [arg-type]
src/probe/url_scanner_response/raw_client.py:69: error: Argument "type_" to "parse_obj_as" has incompatible type "<typing special form>"; expected "type[Never]"  [arg-type]
src/probe/url_scanner_response/raw_client.py:124: error: Argument "type_" to "parse_obj_as" has incompatible type "<typing special form>"; expected "type[Never]"  [arg-type]
src/probe/url_scanner_response/raw_client.py:135: error: Argument "type_" to "parse_obj_as" has incompatible type "<typing special form>"; expected "type[Never]"  [arg-type]
src/probe/stream_live_inputs_outputs/raw_client.py:245: error: Argument "type_" to "parse_obj_as" has incompatible type "<typing special form>"; expected "type[Never]"  [arg-type]
src/probe/stream_live_inputs_outputs/raw_client.py:478: error: Argument "type_" to "parse_obj_as" has incompatible type "<typing special form>"; expected "type[Never]"  [arg-type]
src/probe/reporting_policies/raw_client.py:63: error: Argument "type_" to "parse_obj_as" has incompatible type "<typing special form>"; expected "type[Never]"  [arg-type]
src/probe/reporting_policies/raw_client.py:118: error: Argument "type_" to "parse_obj_as" has incompatible type "<typing special form>"; expected "type[Never]"  [arg-type]
src/probe/reporting_policies/raw_client.py:176: error: Argument "type_" to "parse_obj_as" has incompatible type "<typing special form>"; expected "type[Never]"  [arg-type]
src/probe/reporting_policies/raw_client.py:231: error: Argument "type_" to "parse_obj_as" has incompatible type "<typing special form>"; expected "type[Never]"  [arg-type]
src/probe/realtimekit_meetings_participants_tokens/raw_client.py:79: error: Argument "type_" to "parse_obj_as" has incompatible type "<typing special form>"; expected "type[Never]"  [arg-type]
src/probe/realtimekit_meetings_participants_tokens/raw_client.py:151: error: Argument "type_" to "parse_obj_as" has incompatible type "<typing special form>"; expected "type[Never]"  [arg-type]
src/probe/realtimekit_meetings_participants/raw_client.py:93: error: Argument "type_" to "parse_obj_as" has incompatible type "<typing special form>"; expected "type[Never]"  [arg-type]
src/probe/realtimekit_meetings_participants/raw_client.py:182: error: Argument "type_" to "parse_obj_as" has incompatible type "<typing special form>"; expected "type[Never]"  [arg-type]
src/probe/realtimekit_meetings_participants/raw_client.py:249: error: Argument "type_" to "parse_obj_as" has incompatible type "<typing special form>"; expected "type[Never]"  [arg-type]
src/probe/realtimekit_meetings_participants/raw_client.py:342: error: Argument "type_" to "parse_obj_as" has incompatible type "<typing special form>"; expected "type[Never]"  [arg-type]
src/probe/realtimekit_meetings_participants/raw_client.py:409: error: Argument "type_" to "parse_obj_as" has incompatible type "<typing special form>"; expected "type[Never]"  [arg-type]
src/probe/realtimekit_meetings_participants/raw_client.py:497: error: Argument "type_" to "parse_obj_as" has incompatible type "<typing special form>"; expected "type[Never]"  [arg-type]
src/probe/realtimekit_meetings_participants/raw_client.py:577: error: Argument "type_" to "parse_obj_as" has incompatible type "<typing special form>"; expected "type[Never]"  [arg-type]
src/probe/realtimekit_meetings_participants/raw_client.py:666: error: Argument "type_" to "parse_obj_as" has incompatible type "<typing special form>"; expected "type[Never]"  [arg-type]
src/probe/realtimekit_meetings_participants/raw_client.py:733: error: Argument "type_" to "parse_obj_as" has incompatible type "<typing special form>"; expected "type[Never]"  [arg-type]
src/probe/realtimekit_meetings_participants/raw_client.py:826: error: Argument "type_" to "parse_obj_as" has incompatible type "<typing special form>"; expected "type[Never]"  [arg-type]
src/probe/realtimekit_meetings_participants/raw_client.py:893: error: Argument "type_" to "parse_obj_as" has incompatible type "<typing special form>"; expected "type[Never]"  [arg-type]
src/probe/realtimekit_meetings_participants/raw_client.py:981: error: Argument "type_" to "parse_obj_as" has incompatible type "<typing special form>"; expected "type[Never]"  [arg-type]
src/probe/realtimekit_meetings_active_polls/raw_client.py:102: error: Argument "type_" to "parse_obj_as" has incompatible type "<typing special form>"; expected "type[Never]"  [arg-type]
src/probe/realtimekit_meetings_active_polls/raw_client.py:196: error: Argument "type_" to "parse_obj_as" has incompatible type "<typing special form>"; expected "type[Never]"  [arg-type]
src/probe/rate_limit_analytics/raw_client.py:92: error: Argument "type_" to "parse_obj_as" has incompatible type "<typing special form>"; expected "type[Never]"  [arg-type]
src/probe/rate_limit_analytics/raw_client.py:103: error: Argument "type_" to "parse_obj_as" has incompatible type "<typing special form>"; expected "type[Never]"  [arg-type]
src/probe/rate_limit_analytics/raw_client.py:114: error: Argument "type_" to "parse_obj_as" has incompatible type "<typing special form>"; expected "type[Never]"  [arg-type]
src/probe/rate_limit_analytics/raw_client.py:125: error: Argument "type_" to "parse_obj_as" has incompatible type "<typing special form>"; expected "type[Never]"  [arg-type]
src/probe/rate_limit_analytics/raw_client.py:209: error: Argument "type_" to "parse_obj_as" has incompatible type "<typing special form>"; expected "type[Never]"  [arg-type]
src/probe/rate_limit_analytics/raw_client.py:220: error: Argument "type_" to "parse_obj_as" has incompatible type "<typing special form>"; expected "type[Never]"  [arg-type]
src/probe/rate_limit_analytics/raw_client.py:231: error: Argument "type_" to "parse_obj_as" has incompatible type "<typing special form>"; expected "type[Never]"  [arg-type]
src/probe/rate_limit_analytics/raw_client.py:242: error: Argument "type_" to "parse_obj_as" has incompatible type "<typing special form>"; expected "type[Never]"  [arg-type]
src/probe/radar_post_quantum_tls/raw_client.py:64: error: Argument "type_" to "parse_obj_as" has incompatible type "<typing special form>"; expected "type[Never]"  [arg-type]
src/probe/radar_post_quantum_tls/raw_client.py:126: error: Argument "type_" to "parse_obj_as" has incompatible type "<typing special form>"; expected "type[Never]"  [arg-type]
src/probe/r2data_catalog_namespaces_tables/raw_client.py:108: error: Argument "type_" to "parse_obj_as" has incompatible type "<typing special form>"; expected "type[Never]"  [arg-type]
src/probe/r2data_catalog_namespaces_tables/raw_client.py:119: error: Argument "type_" to "parse_obj_as" has incompatible type "<typing special form>"; expected "type[Never]"  [arg-type]
src/probe/r2data_catalog_namespaces_tables/raw_client.py:130: error: Argument "type_" to "parse_obj_as" has incompatible type "<typing special form>"; expected "type[Never]"  [arg-type]
src/probe/r2data_catalog_namespaces_tables/raw_client.py:141: error: Argument "type_" to "parse_obj_as" has incompatible type "<typing special form>"; expected "type[Never]"  [arg-type]
src/probe/r2data_catalog_namespaces_tables/raw_client.py:152: error: Argument "type_" to "parse_obj_as" has incompatible type "<typing special form>"; expected "type[Never]"  [arg-type]
src/probe/r2data_catalog_namespaces_tables/raw_client.py:230: error: Argument "type_" to "parse_obj_as" has incompatible type "<typing special form>"; expected "type[Never]"  [arg-type]
src/probe/r2data_catalog_namespaces_tables/raw_client.py:241: error: Argument "type_" to "parse_obj_as" has incompatible type "<typing special form>"; expected "type[Never]"  [arg-type]
src/probe/r2data_catalog_namespaces_tables/raw_client.py:252: error: Argument "type_" to "parse_obj_as" has incompatible type "<typing special form>"; expected "type[Never]"  [arg-type]
src/probe/r2data_catalog_namespaces_tables/raw_client.py:263: error: Argument "type_" to "parse_obj_as" has incompatible type "<typing special form>"; expected "type[Never]"  [arg-type]
src/probe/r2data_catalog_namespaces_tables/raw_client.py:274: error: Argument "type_" to "parse_obj_as" has incompatible type "<typing special form>"; expected "type[Never]"  [arg-type]
src/probe/r2data_catalog_namespaces_tables/raw_client.py:372: error: Argument "type_" to "parse_obj_as" has incompatible type "<typing special form>"; expected "type[Never]"  [arg-type]
src/probe/r2data_catalog_namespaces_tables/raw_client.py:383: error: Argument "type_" to "parse_obj_as" has incompatible type "<typing special form>"; expected "type[Never]"  [arg-type]
src/probe/r2data_catalog_namespaces_tables/raw_client.py:394: error: Argument "type_" to "parse_obj_as" has incompatible type "<typing special form>"; expected "type[Never]"  [arg-type]
src/probe/r2data_catalog_namespaces_tables/raw_client.py:405: error: Argument "type_" to "parse_obj_as" has incompatible type "<typing special form>"; expected "type[Never]"  [arg-type]
src/probe/r2data_catalog_namespaces_tables/raw_client.py:416: error: Argument "type_" to "parse_obj_as" has incompatible type "<typing special form>"; expected "type[Never]"  [arg-type]
src/probe/r2data_catalog_namespaces_tables/raw_client.py:494: error: Argument "type_" to "parse_obj_as" has incompatible type "<typing special form>"; expected "type[Never]"  [arg-type]
src/probe/r2data_catalog_namespaces_tables/raw_client.py:505: error: Argument "type_" to "parse_obj_as" has incompatible type "<typing special form>"; expected "type[Never]"  [arg-type]
src/probe/r2data_catalog_namespaces_tables/raw_client.py:516: error: Argument "type_" to "parse_obj_as" has incompatible type "<typing special form>"; expected "type[Never]"  [arg-type]
src/probe/r2data_catalog_namespaces_tables/raw_client.py:527: error: Argument "type_" to "parse_obj_as" has incompatible type "<typing special form>"; expected "type[Never]"  [arg-type]
src/probe/r2data_catalog_namespaces_tables/raw_client.py:538: error: Argument "type_" to "parse_obj_as" has incompatible type "<typing special form>"; expected "type[Never]"  [arg-type]
src/probe/r2data_catalog_namespaces/raw_client.py:110: error: Argument "type_" to "parse_obj_as" has incompatible type "<typing special form>"; expected "type[Never]"  [arg-type]
src/probe/r2data_catalog_namespaces/raw_client.py:121: error: Argument "type_" to "parse_obj_as" has incompatible type "<typing special form>"; expected "type[Never]"  [arg-type]
src/probe/r2data_catalog_namespaces/raw_client.py:132: error: Argument "type_" to "parse_obj_as" has incompatible type "<typing special form>"; expected "type[Never]"  [arg-type]
src/probe/r2data_catalog_namespaces/raw_client.py:143: error: Argument "type_" to "parse_obj_as" has incompatible type "<typing special form>"; expected "type[Never]"  [arg-type]
src/probe/r2data_catalog_namespaces/raw_client.py:154: error: Argument "type_" to "parse_obj_as" has incompatible type "<typing special form>"; expected "type[Never]"  [arg-type]
src/probe/r2data_catalog_namespaces/raw_client.py:255: error: Argument "type_" to "parse_obj_as" has incompatible type "<typing special form>"; expected "type[Never]"  [arg-type]
src/probe/r2data_catalog_namespaces/raw_client.py:266: error: Argument "type_" to "parse_obj_as" has incompatible type "<typing special form>"; expected "type[Never]"  [arg-type]
src/probe/r2data_catalog_namespaces/raw_client.py:277: error: Argument "type_" to "parse_obj_as" has incompatible type "<typing special form>"; expected "type[Never]"  [arg-type]
src/probe/r2data_catalog_namespaces/raw_client.py:288: error: Argument "type_" to "parse_obj_as" has incompatible type "<typing special form>"; expected "type[Never]"  [arg-type]
src/probe/r2data_catalog_namespaces/raw_client.py:299: error: Argument "type_" to "parse_obj_as" has incompatible type "<typing special form>"; expected "type[Never]"  [arg-type]
src/probe/r2data_catalog_credentials/raw_client.py:90: error: Argument "type_" to "parse_obj_as" has incompatible type "<typing special form>"; expected "type[Never]"  [arg-type]
src/probe/r2data_catalog_credentials/raw_client.py:101: error: Argument "type_" to "parse_obj_as" has incompatible type "<typing special form>"; expected "type[Never]"  [arg-type]
src/probe/r2data_catalog_credentials/raw_client.py:112: error: Argument "type_" to "parse_obj_as" has incompatible type "<typing special form>"; expected "type[Never]"  [arg-type]
src/probe/r2data_catalog_credentials/raw_client.py:123: error: Argument "type_" to "parse_obj_as" has incompatible type "<typing special form>"; expected "type[Never]"  [arg-type]
src/probe/r2data_catalog_credentials/raw_client.py:134: error: Argument "type_" to "parse_obj_as" has incompatible type "<typing special form>"; expected "type[Never]"  [arg-type]
src/probe/r2data_catalog_credentials/raw_client.py:212: error: Argument "type_" to "parse_obj_as" has incompatible type "<typing special form>"; expected "type[Never]"  [arg-type]
src/probe/r2data_catalog_credentials/raw_client.py:223: error: Argument "type_" to "parse_obj_as" has incompatible type "<typing special form>"; expected "type[Never]"  [arg-type]
src/probe/r2data_catalog_credentials/raw_client.py:234: error: Argument "type_" to "parse_obj_as" has incompatible type "<typing special form>"; expected "type[Never]"  [arg-type]
src/probe/r2data_catalog_credentials/raw_client.py:245: error: Argument "type_" to "parse_obj_as" has incompatible type "<typing special form>"; expected "type[Never]"  [arg-type]
src/probe/r2data_catalog_credentials/raw_client.py:256: error: Argument "type_" to "parse_obj_as" has incompatible type "<typing special form>"; expected "type[Never]"  [arg-type]
src/probe/queries_bulk/raw_client.py:68: error: Argument "type_" to "parse_obj_as" has incompatible type "<typing special form>"; expected "type[Never]"  [arg-type]
src/probe/queries_bulk/raw_client.py:131: error: Argument "type_" to "parse_obj_as" has incompatible type "<typing special form>"; expected "type[Never]"  [arg-type]
src/probe/queries/raw_client.py:144: error: Argument "type_" to "parse_obj_as" has incompatible type "<typing special form>"; expected "type[Never]"  [arg-type]
src/probe/queries/raw_client.py:206: error: Argument "type_" to "parse_obj_as" has incompatible type "<typing special form>"; expected "type[Never]"  [arg-type]
src/probe/queries/raw_client.py:416: error: Argument "type_" to "parse_obj_as" has incompatible type "<typing special form>"; expected "type[Never]"  [arg-type]
src/probe/queries/raw_client.py:478: error: Argument "type_" to "parse_obj_as" has incompatible type "<typing special form>"; expected "type[Never]"  [arg-type]
src/probe/pay_per_crawl_zones/raw_client.py:84: error: Argument "type_" to "parse_obj_as" has incompatible type "<typing special form>"; expected "type[Never]"  [arg-type]
src/probe/pay_per_crawl_zones/raw_client.py:151: error: Argument "type_" to "parse_obj_as" has incompatible type "<typing special form>"; expected "type[Never]"  [arg-type]
src/probe/pay_per_crawl_zones/raw_client.py:205: error: Argument "type_" to "parse_obj_as" has incompatible type "<typing special form>"; expected "type[Never]"  [arg-type]
src/probe/pay_per_crawl_zones/raw_client.py:279: error: Argument "type_" to "parse_obj_as" has incompatible type "<typing special form>"; expected "type[Never]"  [arg-type]
src/probe/pay_per_crawl_zones/raw_client.py:346: error: Argument "type_" to "parse_obj_as" has incompatible type "<typing special form>"; expected "type[Never]"  [arg-type]
src/probe/pay_per_crawl_zones/raw_client.py:400: error: Argument "type_" to "parse_obj_as" has incompatible type "<typing special form>"; expected "type[Never]"  [arg-type]
src/probe/pay_per_crawl_publisher_stripe/raw_client.py:64: error: Argument "type_" to "parse_obj_as" has incompatible type "<typing special form>"; expected "type[Never]"  [arg-type]
src/probe/pay_per_crawl_publisher_stripe/raw_client.py:118: error: Argument "type_" to "parse_obj_as" has incompatible type "<typing special form>"; expected "type[Never]"  [arg-type]
src/probe/pay_per_crawl_publisher_stripe/raw_client.py:172: error: Argument "type_" to "parse_obj_as" has incompatible type "<typing special form>"; expected "type[Never]"  [arg-type]
src/probe/pay_per_crawl_publisher_stripe/raw_client.py:231: error: Argument "type_" to "parse_obj_as" has incompatible type "<typing special form>"; expected "type[Never]"  [arg-type]
src/probe/pay_per_crawl_publisher_stripe/raw_client.py:285: error: Argument "type_" to "parse_obj_as" has incompatible type "<typing special form>"; expected "type[Never]"  [arg-type]
src/probe/pay_per_crawl_publisher_stripe/raw_client.py:339: error: Argument "type_" to "parse_obj_as" has incompatible type "<typing special form>"; expected "type[Never]"  [arg-type]
src/probe/pay_per_crawl_crawlers/raw_client.py:62: error: Argument "type_" to "parse_obj_as" has incompatible type "<typing special form>"; expected "type[Never]"  [arg-type]
src/probe/pay_per_crawl_crawlers/raw_client.py:121: error: Argument "type_" to "parse_obj_as" has incompatible type "<typing special form>"; expected "type[Never]"  [arg-type]
src/probe/pay_per_crawl_crawler_stripe/raw_client.py:64: error: Argument "type_" to "parse_obj_as" has incompatible type "<typing special form>"; expected "type[Never]"  [arg-type]
src/probe/pay_per_crawl_crawler_stripe/raw_client.py:118: error: Argument "type_" to "parse_obj_as" has incompatible type "<typing special form>"; expected "type[Never]"  [arg-type]
src/probe/pay_per_crawl_crawler_stripe/raw_client.py:172: error: Argument "type_" to "parse_obj_as" has incompatible type "<typing special form>"; expected "type[Never]"  [arg-type]
src/probe/pay_per_crawl_crawler_stripe/raw_client.py:231: error: Argument "type_" to "parse_obj_as" has incompatible type "<typing special form>"; expected "type[Never]"  [arg-type]
src/probe/pay_per_crawl_crawler_stripe/raw_client.py:285: error: Argument "type_" to "parse_obj_as" has incompatible type "<typing special form>"; expected "type[Never]"  [arg-type]
src/probe/pay_per_crawl_crawler_stripe/raw_client.py:339: error: Argument "type_" to "parse_obj_as" has incompatible type "<typing special form>"; expected "type[Never]"  [arg-type]
src/probe/network_interconnects_slots/raw_client.py:99: error: Argument "type_" to "parse_obj_as" has incompatible type "<typing special form>"; expected "type[Never]"  [arg-type]
src/probe/network_interconnects_slots/raw_client.py:110: error: Argument "type_" to "parse_obj_as" has incompatible type "<typing special form>"; expected "type[Never]"  [arg-type]
src/probe/network_interconnects_slots/raw_client.py:165: error: Argument "type_" to "parse_obj_as" has incompatible type "<typing special form>"; expected "type[Never]"  [arg-type]
src/probe/network_interconnects_slots/raw_client.py:176: error: Argument "type_" to "parse_obj_as" has incompatible type "<typing special form>"; expected "type[Never]"  [arg-type]
src/probe/network_interconnects_slots/raw_client.py:187: error: Argument "type_" to "parse_obj_as" has incompatible type "<typing special form>"; expected "type[Never]"  [arg-type]
src/probe/network_interconnects_slots/raw_client.py:279: error: Argument "type_" to "parse_obj_as" has incompatible type "<typing special form>"; expected "type[Never]"  [arg-type]
src/probe/network_interconnects_slots/raw_client.py:290: error: Argument "type_" to "parse_obj_as" has incompatible type "<typing special form>"; expected "type[Never]"  [arg-type]
src/probe/network_interconnects_slots/raw_client.py:345: error: Argument "type_" to "parse_obj_as" has incompatible type "<typing special form>"; expected "type[Never]"  [arg-type]
src/probe/network_interconnects_slots/raw_client.py:356: error: Argument "type_" to "parse_obj_as" has incompatible type "<typing special form>"; expected "type[Never]"  [arg-type]
src/probe/network_interconnects_slots/raw_client.py:367: error: Argument "type_" to "parse_obj_as" has incompatible type "<typing special form>"; expected "type[Never]"  [arg-type]
src/probe/network_interconnects_settings/raw_client.py:67: error: Argument "type_" to "parse_obj_as" has incompatible type "<typing special form>"; expected "type[Never]"  [arg-type]
src/probe/network_interconnects_settings/raw_client.py:78: error: Argument "type_" to "parse_obj_as" has incompatible type "<typing special form>"; expected "type[Never]"  [arg-type]
src/probe/network_interconnects_settings/raw_client.py:89: error: Argument "type_" to "parse_obj_as" has incompatible type "<typing special form>"; expected "type[Never]"  [arg-type]
src/probe/network_interconnects_settings/raw_client.py:156: error: Argument "type_" to "parse_obj_as" has incompatible type "<typing special form>"; expected "type[Never]"  [arg-type]
src/probe/network_interconnects_settings/raw_client.py:167: error: Argument "type_" to "parse_obj_as" has incompatible type "<typing special form>"; expected "type[Never]"  [arg-type]
src/probe/network_interconnects_settings/raw_client.py:178: error: Argument "type_" to "parse_obj_as" has incompatible type "<typing special form>"; expected "type[Never]"  [arg-type]
src/probe/network_interconnects_settings/raw_client.py:237: error: Argument "type_" to "parse_obj_as" has incompatible type "<typing special form>"; expected "type[Never]"  [arg-type]
src/probe/network_interconnects_settings/raw_client.py:248: error: Argument "type_" to "parse_obj_as" has incompatible type "<typing special form>"; expected "type[Never]"  [arg-type]
src/probe/network_interconnects_settings/raw_client.py:259: error: Argument "type_" to "parse_obj_as" has incompatible type "<typing special form>"; expected "type[Never]"  [arg-type]
src/probe/network_interconnects_settings/raw_client.py:326: error: Argument "type_" to "parse_obj_as" has incompatible type "<typing special form>"; expected "type[Never]"  [arg-type]
src/probe/network_interconnects_settings/raw_client.py:337: error: Argument "type_" to "parse_obj_as" has incompatible type "<typing special form>"; expected "type[Never]"  [arg-type]
src/probe/network_interconnects_settings/raw_client.py:348: error: Argument "type_" to "parse_obj_as" has incompatible type "<typing special form>"; expected "type[Never]"  [arg-type]
src/probe/matches_download/raw_client.py:86: error: Argument "type_" to "parse_obj_as" has incompatible type "<typing special form>"; expected "type[Never]"  [arg-type]
src/probe/matches_download/raw_client.py:169: error: Argument "type_" to "parse_obj_as" has incompatible type "<typing special form>"; expected "type[Never]"  [arg-type]
src/probe/matches/raw_client.py:86: error: Argument "type_" to "parse_obj_as" has incompatible type "<typing special form>"; expected "type[Never]"  [arg-type]
src/probe/matches/raw_client.py:169: error: Argument "type_" to "parse_obj_as" has incompatible type "<typing special form>"; expected "type[Never]"  [arg-type]
src/probe/magic_cloud_networking_on_ramps_address_spaces/raw_client.py:72: error: Argument "type_" to "parse_obj_as" has incompatible type "<typing special form>"; expected "type[Never]"  [arg-type]
src/probe/magic_cloud_networking_on_ramps_address_spaces/raw_client.py:83: error: Argument "type_" to "parse_obj_as" has incompatible type "<typing special form>"; expected "type[Never]"  [arg-type]
src/probe/magic_cloud_networking_on_ramps_address_spaces/raw_client.py:94: error: Argument "type_" to "parse_obj_as" has incompatible type "<typing special form>"; expected "type[Never]"  [arg-type]
src/probe/magic_cloud_networking_on_ramps_address_spaces/raw_client.py:105: error: Argument "type_" to "parse_obj_as" has incompatible type "<typing special form>"; expected "type[Never]"  [arg-type]
src/probe/magic_cloud_networking_on_ramps_address_spaces/raw_client.py:116: error: Argument "type_" to "parse_obj_as" has incompatible type "<typing special form>"; expected "type[Never]"  [arg-type]
src/probe/magic_cloud_networking_on_ramps_address_spaces/raw_client.py:182: error: Argument "type_" to "parse_obj_as" has incompatible type "<typing special form>"; expected "type[Never]"  [arg-type]
src/probe/magic_cloud_networking_on_ramps_address_spaces/raw_client.py:193: error: Argument "type_" to "parse_obj_as" has incompatible type "<typing special form>"; expected "type[Never]"  [arg-type]
src/probe/magic_cloud_networking_on_ramps_address_spaces/raw_client.py:204: error: Argument "type_" to "parse_obj_as" has incompatible type "<typing special form>"; expected "type[Never]"  [arg-type]
src/probe/magic_cloud_networking_on_ramps_address_spaces/raw_client.py:215: error: Argument "type_" to "parse_obj_as" has incompatible type "<typing special form>"; expected "type[Never]"  [arg-type]
src/probe/magic_cloud_networking_on_ramps_address_spaces/raw_client.py:226: error: Argument "type_" to "parse_obj_as" has incompatible type "<typing special form>"; expected "type[Never]"  [arg-type]
src/probe/magic_cloud_networking_on_ramps_address_spaces/raw_client.py:237: error: Argument "type_" to "parse_obj_as" has incompatible type "<typing special form>"; expected "type[Never]"  [arg-type]
src/probe/magic_cloud_networking_on_ramps_address_spaces/raw_client.py:303: error: Argument "type_" to "parse_obj_as" has incompatible type "<typing special form>"; expected "type[Never]"  [arg-type]
src/probe/magic_cloud_networking_on_ramps_address_spaces/raw_client.py:314: error: Argument "type_" to "parse_obj_as" has incompatible type "<typing special form>"; expected "type[Never]"  [arg-type]
src/probe/magic_cloud_networking_on_ramps_address_spaces/raw_client.py:325: error: Argument "type_" to "parse_obj_as" has incompatible type "<typing special form>"; expected "type[Never]"  [arg-type]
src/probe/magic_cloud_networking_on_ramps_address_spaces/raw_client.py:336: error: Argument "type_" to "parse_obj_as" has incompatible type "<typing special form>"; expected "type[Never]"  [arg-type]
src/probe/magic_cloud_networking_on_ramps_address_spaces/raw_client.py:347: error: Argument "type_" to "parse_obj_as" has incompatible type "<typing special form>"; expected "type[Never]"  [arg-type]
src/probe/magic_cloud_networking_on_ramps_address_spaces/raw_client.py:358: error: Argument "type_" to "parse_obj_as" has incompatible type "<typing special form>"; expected "type[Never]"  [arg-type]
src/probe/magic_cloud_networking_on_ramps_address_spaces/raw_client.py:416: error: Argument "type_" to "parse_obj_as" has incompatible type "<typing special form>"; expected "type[Never]"  [arg-type]
src/probe/magic_cloud_networking_on_ramps_address_spaces/raw_client.py:427: error: Argument "type_" to "parse_obj_as" has incompatible type "<typing special form>"; expected "type[Never]"  [arg-type]
src/probe/magic_cloud_networking_on_ramps_address_spaces/raw_client.py:438: error: Argument "type_" to "parse_obj_as" has incompatible type "<typing special form>"; expected "type[Never]"  [arg-type]
src/probe/magic_cloud_networking_on_ramps_address_spaces/raw_client.py:449: error: Argument "type_" to "parse_obj_as" has incompatible type "<typing special form>"; expected "type[Never]"  [arg-type]
src/probe/magic_cloud_networking_on_ramps_address_spaces/raw_client.py:460: error: Argument "type_" to "parse_obj_as" has incompatible type "<typing special form>"; expected "type[Never]"  [arg-type]
src/probe/magic_cloud_networking_on_ramps_address_spaces/raw_client.py:526: error: Argument "type_" to "parse_obj_as" has incompatible type "<typing special form>"; expected "type[Never]"  [arg-type]
src/probe/magic_cloud_networking_on_ramps_address_spaces/raw_client.py:537: error: Argument "type_" to "parse_obj_as" has incompatible type "<typing special form>"; expected "type[Never]"  [arg-type]
src/probe/magic_cloud_networking_on_ramps_address_spaces/raw_client.py:548: error: Argument "type_" to "parse_obj_as" has incompatible type "<typing special form>"; expected "type[Never]"  [arg-type]
src/probe/magic_cloud_networking_on_ramps_address_spaces/raw_client.py:559: error: Argument "type_" to "parse_obj_as" has incompatible type "<typing special form>"; expected "type[Never]"  [arg-type]
src/probe/magic_cloud_networking_on_ramps_address_spaces/raw_client.py:570: error: Argument "type_" to "parse_obj_as" has incompatible type "<typing special form>"; expected "type[Never]"  [arg-type]
src/probe/magic_cloud_networking_on_ramps_address_spaces/raw_client.py:581: error: Argument "type_" to "parse_obj_as" has incompatible type "<typing special form>"; expected "type[Never]"  [arg-type]
src/probe/magic_cloud_networking_on_ramps_address_spaces/raw_client.py:647: error: Argument "type_" to "parse_obj_as" has incompatible type "<typing special form>"; expected "type[Never]"  [arg-type]
src/probe/magic_cloud_networking_on_ramps_address_spaces/raw_client.py:658: error: Argument "type_" to "parse_obj_as" has incompatible type "<typing special form>"; expected "type[Never]"  [arg-type]
src/probe/magic_cloud_networking_on_ramps_address_spaces/raw_client.py:669: error: Argument "type_" to "parse_obj_as" has incompatible type "<typing special form>"; expected "type[Never]"  [arg-type]
src/probe/magic_cloud_networking_on_ramps_address_spaces/raw_client.py:680: error: Argument "type_" to "parse_obj_as" has incompatible type "<typing special form>"; expected "type[Never]"  [arg-type]
src/probe/magic_cloud_networking_on_ramps_address_spaces/raw_client.py:691: error: Argument "type_" to "parse_obj_as" has incompatible type "<typing special form>"; expected "type[Never]"  [arg-type]
src/probe/magic_cloud_networking_on_ramps_address_spaces/raw_client.py:702: error: Argument "type_" to "parse_obj_as" has incompatible type "<typing special form>"; expected "type[Never]"  [arg-type]
src/probe/logs_retrieve/raw_client.py:95: error: Argument "type_" to "parse_obj_as" has incompatible type "<typing special form>"; expected "type[Never]"  [arg-type]
src/probe/logs_retrieve/raw_client.py:106: error: Argument "type_" to "parse_obj_as" has incompatible type "<typing special form>"; expected "type[Never]"  [arg-type]
src/probe/logs_retrieve/raw_client.py:117: error: Argument "type_" to "parse_obj_as" has incompatible type "<typing special form>"; expected "type[Never]"  [arg-type]
src/probe/logs_retrieve/raw_client.py:202: error: Argument "type_" to "parse_obj_as" has incompatible type "<typing special form>"; expected "type[Never]"  [arg-type]
src/probe/logs_retrieve/raw_client.py:213: error: Argument "type_" to "parse_obj_as" has incompatible type "<typing special form>"; expected "type[Never]"  [arg-type]
src/probe/logs_retrieve/raw_client.py:224: error: Argument "type_" to "parse_obj_as" has incompatible type "<typing special form>"; expected "type[Never]"  [arg-type]
src/probe/logs_list/raw_client.py:111: error: Argument "type_" to "parse_obj_as" has incompatible type "<typing special form>"; expected "type[Never]"  [arg-type]
src/probe/logs_list/raw_client.py:122: error: Argument "type_" to "parse_obj_as" has incompatible type "<typing special form>"; expected "type[Never]"  [arg-type]
src/probe/logs_list/raw_client.py:221: error: Argument "type_" to "parse_obj_as" has incompatible type "<typing special form>"; expected "type[Never]"  [arg-type]
src/probe/logs_list/raw_client.py:232: error: Argument "type_" to "parse_obj_as" has incompatible type "<typing special form>"; expected "type[Never]"  [arg-type]
src/probe/logo_matches_download/raw_client.py:78: error: Argument "type_" to "parse_obj_as" has incompatible type "<typing special form>"; expected "type[Never]"  [arg-type]
src/probe/logo_matches_download/raw_client.py:153: error: Argument "type_" to "parse_obj_as" has incompatible type "<typing special form>"; expected "type[Never]"  [arg-type]
src/probe/logo_matches/raw_client.py:78: error: Argument "type_" to "parse_obj_as" has incompatible type "<typing special form>"; expected "type[Never]"  [arg-type]
src/probe/logo_matches/raw_client.py:153: error: Argument "type_" to "parse_obj_as" has incompatible type "<typing special form>"; expected "type[Never]"  [arg-type]
src/probe/logexplorer_zone/raw_client.py:76: error: Argument "type_" to "parse_obj_as" has incompatible type "<typing special form>"; expected "type[Never]"  [arg-type]
src/probe/logexplorer_zone/raw_client.py:87: error: Argument "type_" to "parse_obj_as" has incompatible type "<typing special form>"; expected "type[Never]"  [arg-type]
src/probe/logexplorer_zone/raw_client.py:98: error: Argument "type_" to "parse_obj_as" has incompatible type "<typing special form>"; expected "type[Never]"  [arg-type]
src/probe/logexplorer_zone/raw_client.py:178: error: Argument "type_" to "parse_obj_as" has incompatible type "<typing special form>"; expected "type[Never]"  [arg-type]
src/probe/logexplorer_zone/raw_client.py:189: error: Argument "type_" to "parse_obj_as" has incompatible type "<typing special form>"; expected "type[Never]"  [arg-type]
src/probe/logexplorer_zone/raw_client.py:200: error: Argument "type_" to "parse_obj_as" has incompatible type "<typing special form>"; expected "type[Never]"  [arg-type]
src/probe/logexplorer_account/raw_client.py:77: error: Argument "type_" to "parse_obj_as" has incompatible type "<typing special form>"; expected "type[Never]"  [arg-type]
src/probe/logexplorer_account/raw_client.py:88: error: Argument "type_" to "parse_obj_as" has incompatible type "<typing special form>"; expected "type[Never]"  [arg-type]
src/probe/logexplorer_account/raw_client.py:99: error: Argument "type_" to "parse_obj_as" has incompatible type "<typing special form>"; expected "type[Never]"  [arg-type]
src/probe/logexplorer_account/raw_client.py:180: error: Argument "type_" to "parse_obj_as" has incompatible type "<typing special form>"; expected "type[Never]"  [arg-type]
src/probe/logexplorer_account/raw_client.py:191: error: Argument "type_" to "parse_obj_as" has incompatible type "<typing special form>"; expected "type[Never]"  [arg-type]
src/probe/logexplorer_account/raw_client.py:202: error: Argument "type_" to "parse_obj_as" has incompatible type "<typing special form>"; expected "type[Never]"  [arg-type]
src/probe/load_balancers_monitor_groups/raw_client.py:151: error: Argument "type_" to "parse_obj_as" has incompatible type "<typing special form>"; expected "type[Never]"  [arg-type]
src/probe/load_balancers_monitor_groups/raw_client.py:290: error: Argument "type_" to "parse_obj_as" has incompatible type "<typing special form>"; expected "type[Never]"  [arg-type]
src/probe/load_balancers_monitor_groups/raw_client.py:349: error: Argument "type_" to "parse_obj_as" has incompatible type "<typing special form>"; expected "type[Never]"  [arg-type]
src/probe/load_balancers_monitor_groups/raw_client.py:440: error: Argument "type_" to "parse_obj_as" has incompatible type "<typing special form>"; expected "type[Never]"  [arg-type]
src/probe/load_balancers_monitor_groups/raw_client.py:578: error: Argument "type_" to "parse_obj_as" has incompatible type "<typing special form>"; expected "type[Never]"  [arg-type]
src/probe/load_balancers_monitor_groups/raw_client.py:717: error: Argument "type_" to "parse_obj_as" has incompatible type "<typing special form>"; expected "type[Never]"  [arg-type]
src/probe/load_balancers_monitor_groups/raw_client.py:776: error: Argument "type_" to "parse_obj_as" has incompatible type "<typing special form>"; expected "type[Never]"  [arg-type]
src/probe/load_balancers_monitor_groups/raw_client.py:867: error: Argument "type_" to "parse_obj_as" has incompatible type "<typing special form>"; expected "type[Never]"  [arg-type]
src/probe/intel_sinkholes/raw_client.py:316: error: Argument "type_" to "parse_obj_as" has incompatible type "<typing special form>"; expected "type[Never]"  [arg-type]
src/probe/intel_sinkholes/raw_client.py:623: error: Argument "type_" to "parse_obj_as" has incompatible type "<typing special form>"; expected "type[Never]"  [arg-type]
src/probe/flagship_apps/raw_client.py:75: error: Argument "type_" to "parse_obj_as" has incompatible type "<typing special form>"; expected "type[Never]"  [arg-type]
src/probe/flagship_apps/raw_client.py:86: error: Argument "type_" to "parse_obj_as" has incompatible type "<typing special form>"; expected "type[Never]"  [arg-type]
src/probe/flagship_apps/raw_client.py:97: error: Argument "type_" to "parse_obj_as" has incompatible type "<typing special form>"; expected "type[Never]"  [arg-type]
src/probe/flagship_apps/raw_client.py:108: error: Argument "type_" to "parse_obj_as" has incompatible type "<typing special form>"; expected "type[Never]"  [arg-type]
src/probe/flagship_apps/raw_client.py:119: error: Argument "type_" to "parse_obj_as" has incompatible type "<typing special form>"; expected "type[Never]"  [arg-type]
src/probe/flagship_apps/raw_client.py:130: error: Argument "type_" to "parse_obj_as" has incompatible type "<typing special form>"; expected "type[Never]"  [arg-type]
src/probe/flagship_apps/raw_client.py:193: error: Argument "type_" to "parse_obj_as" has incompatible type "<typing special form>"; expected "type[Never]"  [arg-type]
src/probe/flagship_apps/raw_client.py:204: error: Argument "type_" to "parse_obj_as" has incompatible type "<typing special form>"; expected "type[Never]"  [arg-type]
src/probe/flagship_apps/raw_client.py:215: error: Argument "type_" to "parse_obj_as" has incompatible type "<typing special form>"; expected "type[Never]"  [arg-type]
src/probe/flagship_apps/raw_client.py:226: error: Argument "type_" to "parse_obj_as" has incompatible type "<typing special form>"; expected "type[Never]"  [arg-type]
src/probe/flagship_apps/raw_client.py:237: error: Argument "type_" to "parse_obj_as" has incompatible type "<typing special form>"; expected "type[Never]"  [arg-type]
src/probe/flagship_apps/raw_client.py:248: error: Argument "type_" to "parse_obj_as" has incompatible type "<typing special form>"; expected "type[Never]"  [arg-type]
src/probe/flagship_apps/raw_client.py:305: error: Argument "type_" to "parse_obj_as" has incompatible type "<typing special form>"; expected "type[Never]"  [arg-type]
src/probe/flagship_apps/raw_client.py:316: error: Argument "type_" to "parse_obj_as" has incompatible type "<typing special form>"; expected "type[Never]"  [arg-type]
src/probe/flagship_apps/raw_client.py:327: error: Argument "type_" to "parse_obj_as" has incompatible type "<typing special form>"; expected "type[Never]"  [arg-type]
src/probe/flagship_apps/raw_client.py:338: error: Argument "type_" to "parse_obj_as" has incompatible type "<typing special form>"; expected "type[Never]"  [arg-type]
src/probe/flagship_apps/raw_client.py:349: error: Argument "type_" to "parse_obj_as" has incompatible type "<typing special form>"; expected "type[Never]"  [arg-type]
src/probe/flagship_apps/raw_client.py:360: error: Argument "type_" to "parse_obj_as" has incompatible type "<typing special form>"; expected "type[Never]"  [arg-type]
src/probe/flagship_apps/raw_client.py:431: error: Argument "type_" to "parse_obj_as" has incompatible type "<typing special form>"; expected "type[Never]"  [arg-type]
src/probe/flagship_apps/raw_client.py:442: error: Argument "type_" to "parse_obj_as" has incompatible type "<typing special form>"; expected "type[Never]"  [arg-type]
src/probe/flagship_apps/raw_client.py:453: error: Argument "type_" to "parse_obj_as" has incompatible type "<typing special form>"; expected "type[Never]"  [arg-type]
src/probe/flagship_apps/raw_client.py:464: error: Argument "type_" to "parse_obj_as" has incompatible type "<typing special form>"; expected "type[Never]"  [arg-type]
src/probe/flagship_apps/raw_client.py:475: error: Argument "type_" to "parse_obj_as" has incompatible type "<typing special form>"; expected "type[Never]"  [arg-type]
src/probe/flagship_apps/raw_client.py:486: error: Argument "type_" to "parse_obj_as" has incompatible type "<typing special form>"; expected "type[Never]"  [arg-type]
src/probe/flagship_apps/raw_client.py:543: error: Argument "type_" to "parse_obj_as" has incompatible type "<typing special form>"; expected "type[Never]"  [arg-type]
src/probe/flagship_apps/raw_client.py:554: error: Argument "type_" to "parse_obj_as" has incompatible type "<typing special form>"; expected "type[Never]"  [arg-type]
src/probe/flagship_apps/raw_client.py:565: error: Argument "type_" to "parse_obj_as" has incompatible type "<typing special form>"; expected "type[Never]"  [arg-type]
src/probe/flagship_apps/raw_client.py:576: error: Argument "type_" to "parse_obj_as" has incompatible type "<typing special form>"; expected "type[Never]"  [arg-type]
src/probe/flagship_apps/raw_client.py:587: error: Argument "type_" to "parse_obj_as" has incompatible type "<typing special form>"; expected "type[Never]"  [arg-type]
src/probe/flagship_apps/raw_client.py:598: error: Argument "type_" to "parse_obj_as" has incompatible type "<typing special form>"; expected "type[Never]"  [arg-type]
src/probe/flagship_apps/raw_client.py:609: error: Argument "type_" to "parse_obj_as" has incompatible type "<typing special form>"; expected "type[Never]"  [arg-type]
src/probe/flagship_apps/raw_client.py:668: error: Argument "type_" to "parse_obj_as" has incompatible type "<typing special form>"; expected "type[Never]"  [arg-type]
src/probe/flagship_apps/raw_client.py:679: error: Argument "type_" to "parse_obj_as" has incompatible type "<typing special form>"; expected "type[Never]"  [arg-type]
src/probe/flagship_apps/raw_client.py:690: error: Argument "type_" to "parse_obj_as" has incompatible type "<typing special form>"; expected "type[Never]"  [arg-type]
src/probe/flagship_apps/raw_client.py:701: error: Argument "type_" to "parse_obj_as" has incompatible type "<typing special form>"; expected "type[Never]"  [arg-type]
src/probe/flagship_apps/raw_client.py:712: error: Argument "type_" to "parse_obj_as" has incompatible type "<typing special form>"; expected "type[Never]"  [arg-type]
src/probe/flagship_apps/raw_client.py:723: error: Argument "type_" to "parse_obj_as" has incompatible type "<typing special form>"; expected "type[Never]"  [arg-type]
src/probe/flagship_apps/raw_client.py:786: error: Argument "type_" to "parse_obj_as" has incompatible type "<typing special form>"; expected "type[Never]"  [arg-type]
src/probe/flagship_apps/raw_client.py:797: error: Argument "type_" to "parse_obj_as" has incompatible type "<typing special form>"; expected "type[Never]"  [arg-type]
src/probe/flagship_apps/raw_client.py:808: error: Argument "type_" to "parse_obj_as" has incompatible type "<typing special form>"; expected "type[Never]"  [arg-type]
src/probe/flagship_apps/raw_client.py:819: error: Argument "type_" to "parse_obj_as" has incompatible type "<typing special form>"; expected "type[Never]"  [arg-type]
src/probe/flagship_apps/raw_client.py:830: error: Argument "type_" to "parse_obj_as" has incompatible type "<typing special form>"; expected "type[Never]"  [arg-type]
src/probe/flagship_apps/raw_client.py:841: error: Argument "type_" to "parse_obj_as" has incompatible type "<typing special form>"; expected "type[Never]"  [arg-type]
src/probe/flagship_apps/raw_client.py:898: error: Argument "type_" to "parse_obj_as" has incompatible type "<typing special form>"; expected "type[Never]"  [arg-type]
src/probe/flagship_apps/raw_client.py:909: error: Argument "type_" to "parse_obj_as" has incompatible type "<typing special form>"; expected "type[Never]"  [arg-type]
src/probe/flagship_apps/raw_client.py:920: error: Argument "type_" to "parse_obj_as" has incompatible type "<typing special form>"; expected "type[Never]"  [arg-type]
src/probe/flagship_apps/raw_client.py:931: error: Argument "type_" to "parse_obj_as" has incompatible type "<typing special form>"; expected "type[Never]"  [arg-type]
src/probe/flagship_apps/raw_client.py:942: error: Argument "type_" to "parse_obj_as" has incompatible type "<typing special form>"; expected "type[Never]"  [arg-type]
src/probe/flagship_apps/raw_client.py:953: error: Argument "type_" to "parse_obj_as" has incompatible type "<typing special form>"; expected "type[Never]"  [arg-type]
src/probe/flagship_apps/raw_client.py:1024: error: Argument "type_" to "parse_obj_as" has incompatible type "<typing special form>"; expected "type[Never]"  [arg-type]
src/probe/flagship_apps/raw_client.py:1035: error: Argument "type_" to "parse_obj_as" has incompatible type "<typing special form>"; expected "type[Never]"  [arg-type]
src/probe/flagship_apps/raw_client.py:1046: error: Argument "type_" to "parse_obj_as" has incompatible type "<typing special form>"; expected "type[Never]"  [arg-type]
src/probe/flagship_apps/raw_client.py:1057: error: Argument "type_" to "parse_obj_as" has incompatible type "<typing special form>"; expected "type[Never]"  [arg-type]
src/probe/flagship_apps/raw_client.py:1068: error: Argument "type_" to "parse_obj_as" has incompatible type "<typing special form>"; expected "type[Never]"  [arg-type]
src/probe/flagship_apps/raw_client.py:1079: error: Argument "type_" to "parse_obj_as" has incompatible type "<typing special form>"; expected "type[Never]"  [arg-type]
src/probe/flagship_apps/raw_client.py:1136: error: Argument "type_" to "parse_obj_as" has incompatible type "<typing special form>"; expected "type[Never]"  [arg-type]
src/probe/flagship_apps/raw_client.py:1147: error: Argument "type_" to "parse_obj_as" has incompatible type "<typing special form>"; expected "type[Never]"  [arg-type]
src/probe/flagship_apps/raw_client.py:1158: error: Argument "type_" to "parse_obj_as" has incompatible type "<typing special form>"; expected "type[Never]"  [arg-type]
src/probe/flagship_apps/raw_client.py:1169: error: Argument "type_" to "parse_obj_as" has incompatible type "<typing special form>"; expected "type[Never]"  [arg-type]
src/probe/flagship_apps/raw_client.py:1180: error: Argument "type_" to "parse_obj_as" has incompatible type "<typing special form>"; expected "type[Never]"  [arg-type]
src/probe/flagship_apps/raw_client.py:1191: error: Argument "type_" to "parse_obj_as" has incompatible type "<typing special form>"; expected "type[Never]"  [arg-type]
src/probe/flagship_apps/raw_client.py:1202: error: Argument "type_" to "parse_obj_as" has incompatible type "<typing special form>"; expected "type[Never]"  [arg-type]
src/probe/email_sending_subdomains_reputation/raw_client.py:86: error: Argument "type_" to "parse_obj_as" has incompatible type "<typing special form>"; expected "type[Never]"  [arg-type]
src/probe/email_sending_subdomains_reputation/raw_client.py:97: error: Argument "type_" to "parse_obj_as" has incompatible type "<typing special form>"; expected "type[Never]"  [arg-type]
src/probe/email_sending_subdomains_reputation/raw_client.py:108: error: Argument "type_" to "parse_obj_as" has incompatible type "<typing special form>"; expected "type[Never]"  [arg-type]
src/probe/email_sending_subdomains_reputation/raw_client.py:119: error: Argument "type_" to "parse_obj_as" has incompatible type "<typing special form>"; expected "type[Never]"  [arg-type]
src/probe/email_sending_subdomains_reputation/raw_client.py:193: error: Argument "type_" to "parse_obj_as" has incompatible type "<typing special form>"; expected "type[Never]"  [arg-type]
src/probe/email_sending_subdomains_reputation/raw_client.py:204: error: Argument "type_" to "parse_obj_as" has incompatible type "<typing special form>"; expected "type[Never]"  [arg-type]
src/probe/email_sending_subdomains_reputation/raw_client.py:215: error: Argument "type_" to "parse_obj_as" has incompatible type "<typing special form>"; expected "type[Never]"  [arg-type]
src/probe/email_sending_subdomains_reputation/raw_client.py:226: error: Argument "type_" to "parse_obj_as" has incompatible type "<typing special form>"; expected "type[Never]"  [arg-type]
src/probe/email_sending/raw_client.py:77: error: Argument "type_" to "parse_obj_as" has incompatible type "<typing special form>"; expected "type[Never]"  [arg-type]
src/probe/email_sending/raw_client.py:88: error: Argument "type_" to "parse_obj_as" has incompatible type "<typing special form>"; expected "type[Never]"  [arg-type]
src/probe/email_sending/raw_client.py:219: error: Argument "type_" to "parse_obj_as" has incompatible type "<typing special form>"; expected "type[Never]"  [arg-type]
src/probe/email_sending/raw_client.py:230: error: Argument "type_" to "parse_obj_as" has incompatible type "<typing special form>"; expected "type[Never]"  [arg-type]
src/probe/email_sending/raw_client.py:241: error: Argument "type_" to "parse_obj_as" has incompatible type "<typing special form>"; expected "type[Never]"  [arg-type]
src/probe/email_sending/raw_client.py:252: error: Argument "type_" to "parse_obj_as" has incompatible type "<typing special form>"; expected "type[Never]"  [arg-type]
src/probe/email_sending/raw_client.py:330: error: Argument "type_" to "parse_obj_as" has incompatible type "<typing special form>"; expected "type[Never]"  [arg-type]
src/probe/email_sending/raw_client.py:341: error: Argument "type_" to "parse_obj_as" has incompatible type "<typing special form>"; expected "type[Never]"  [arg-type]
src/probe/email_sending/raw_client.py:352: error: Argument "type_" to "parse_obj_as" has incompatible type "<typing special form>"; expected "type[Never]"  [arg-type]
src/probe/email_sending/raw_client.py:363: error: Argument "type_" to "parse_obj_as" has incompatible type "<typing special form>"; expected "type[Never]"  [arg-type]
src/probe/email_sending/raw_client.py:424: error: Argument "type_" to "parse_obj_as" has incompatible type "<typing special form>"; expected "type[Never]"  [arg-type]
src/probe/email_sending/raw_client.py:435: error: Argument "type_" to "parse_obj_as" has incompatible type "<typing special form>"; expected "type[Never]"  [arg-type]
src/probe/email_sending/raw_client.py:566: error: Argument "type_" to "parse_obj_as" has incompatible type "<typing special form>"; expected "type[Never]"  [arg-type]
src/probe/email_sending/raw_client.py:577: error: Argument "type_" to "parse_obj_as" has incompatible type "<typing special form>"; expected "type[Never]"  [arg-type]
src/probe/email_sending/raw_client.py:588: error: Argument "type_" to "parse_obj_as" has incompatible type "<typing special form>"; expected "type[Never]"  [arg-type]
src/probe/email_sending/raw_client.py:599: error: Argument "type_" to "parse_obj_as" has incompatible type "<typing special form>"; expected "type[Never]"  [arg-type]
src/probe/email_sending/raw_client.py:677: error: Argument "type_" to "parse_obj_as" has incompatible type "<typing special form>"; expected "type[Never]"  [arg-type]
src/probe/email_sending/raw_client.py:688: error: Argument "type_" to "parse_obj_as" has incompatible type "<typing special form>"; expected "type[Never]"  [arg-type]
src/probe/email_sending/raw_client.py:699: error: Argument "type_" to "parse_obj_as" has incompatible type "<typing special form>"; expected "type[Never]"  [arg-type]
src/probe/email_sending/raw_client.py:710: error: Argument "type_" to "parse_obj_as" has incompatible type "<typing special form>"; expected "type[Never]"  [arg-type]
src/probe/dls_regional_services_prefix_bindings/raw_client.py:84: error: Argument "type_" to "parse_obj_as" has incompatible type "<typing special form>"; expected "type[Never]"  [arg-type]
src/probe/dls_regional_services_prefix_bindings/raw_client.py:95: error: Argument "type_" to "parse_obj_as" has incompatible type "<typing special form>"; expected "type[Never]"  [arg-type]
src/probe/dls_regional_services_prefix_bindings/raw_client.py:106: error: Argument "type_" to "parse_obj_as" has incompatible type "<typing special form>"; expected "type[Never]"  [arg-type]
src/probe/dls_regional_services_prefix_bindings/raw_client.py:117: error: Argument "type_" to "parse_obj_as" has incompatible type "<typing special form>"; expected "type[Never]"  [arg-type]
src/probe/dls_regional_services_prefix_bindings/raw_client.py:192: error: Argument "type_" to "parse_obj_as" has incompatible type "<typing special form>"; expected "type[Never]"  [arg-type]
src/probe/dls_regional_services_prefix_bindings/raw_client.py:203: error: Argument "type_" to "parse_obj_as" has incompatible type "<typing special form>"; expected "type[Never]"  [arg-type]
src/probe/dls_regional_services_prefix_bindings/raw_client.py:214: error: Argument "type_" to "parse_obj_as" has incompatible type "<typing special form>"; expected "type[Never]"  [arg-type]
src/probe/dls_regional_services_prefix_bindings/raw_client.py:225: error: Argument "type_" to "parse_obj_as" has incompatible type "<typing special form>"; expected "type[Never]"  [arg-type]
src/probe/dls_regional_services_prefix_bindings/raw_client.py:236: error: Argument "type_" to "parse_obj_as" has incompatible type "<typing special form>"; expected "type[Never]"  [arg-type]
src/probe/dls_regional_services_prefix_bindings/raw_client.py:293: error: Argument "type_" to "parse_obj_as" has incompatible type "<typing special form>"; expected "type[Never]"  [arg-type]
src/probe/dls_regional_services_prefix_bindings/raw_client.py:304: error: Argument "type_" to "parse_obj_as" has incompatible type "<typing special form>"; expected "type[Never]"  [arg-type]
src/probe/dls_regional_services_prefix_bindings/raw_client.py:315: error: Argument "type_" to "parse_obj_as" has incompatible type "<typing special form>"; expected "type[Never]"  [arg-type]
src/probe/dls_regional_services_prefix_bindings/raw_client.py:326: error: Argument "type_" to "parse_obj_as" has incompatible type "<typing special form>"; expected "type[Never]"  [arg-type]
src/probe/dls_regional_services_prefix_bindings/raw_client.py:383: error: Argument "type_" to "parse_obj_as" has incompatible type "<typing special form>"; expected "type[Never]"  [arg-type]
src/probe/dls_regional_services_prefix_bindings/raw_client.py:394: error: Argument "type_" to "parse_obj_as" has incompatible type "<typing special form>"; expected "type[Never]"  [arg-type]
src/probe/dls_regional_services_prefix_bindings/raw_client.py:405: error: Argument "type_" to "parse_obj_as" has incompatible type "<typing special form>"; expected "type[Never]"  [arg-type]
src/probe/dls_regional_services_prefix_bindings/raw_client.py:416: error: Argument "type_" to "parse_obj_as" has incompatible type "<typing special form>"; expected "type[Never]"  [arg-type]
src/probe/dls_regional_services_prefix_bindings/raw_client.py:484: error: Argument "type_" to "parse_obj_as" has incompatible type "<typing special form>"; expected "type[Never]"  [arg-type]
src/probe/dls_regional_services_prefix_bindings/raw_client.py:495: error: Argument "type_" to "parse_obj_as" has incompatible type "<typing special form>"; expected "type[Never]"  [arg-type]
src/probe/dls_regional_services_prefix_bindings/raw_client.py:506: error: Argument "type_" to "parse_obj_as" has incompatible type "<typing special form>"; expected "type[Never]"  [arg-type]
src/probe/dls_regional_services_prefix_bindings/raw_client.py:517: error: Argument "type_" to "parse_obj_as" has incompatible type "<typing special form>"; expected "type[Never]"  [arg-type]
src/probe/dls_regional_services_prefix_bindings/raw_client.py:528: error: Argument "type_" to "parse_obj_as" has incompatible type "<typing special form>"; expected "type[Never]"  [arg-type]
src/probe/dls_regional_services_prefix_bindings/raw_client.py:598: error: Argument "type_" to "parse_obj_as" has incompatible type "<typing special form>"; expected "type[Never]"  [arg-type]
src/probe/dls_regional_services_prefix_bindings/raw_client.py:609: error: Argument "type_" to "parse_obj_as" has incompatible type "<typing special form>"; expected "type[Never]"  [arg-type]
src/probe/dls_regional_services_prefix_bindings/raw_client.py:620: error: Argument "type_" to "parse_obj_as" has incompatible type "<typing special form>"; expected "type[Never]"  [arg-type]
src/probe/dls_regional_services_prefix_bindings/raw_client.py:631: error: Argument "type_" to "parse_obj_as" has incompatible type "<typing special form>"; expected "type[Never]"  [arg-type]
src/probe/dls_regional_services_prefix_bindings/raw_client.py:706: error: Argument "type_" to "parse_obj_as" has incompatible type "<typing special form>"; expected "type[Never]"  [arg-type]
src/probe/dls_regional_services_prefix_bindings/raw_client.py:717: error: Argument "type_" to "parse_obj_as" has incompatible type "<typing special form>"; expected "type[Never]"  [arg-type]
src/probe/dls_regional_services_prefix_bindings/raw_client.py:728: error: Argument "type_" to "parse_obj_as" has incompatible type "<typing special form>"; expected "type[Never]"  [arg-type]
src/probe/dls_regional_services_prefix_bindings/raw_client.py:739: error: Argument "type_" to "parse_obj_as" has incompatible type "<typing special form>"; expected "type[Never]"  [arg-type]
src/probe/dls_regional_services_prefix_bindings/raw_client.py:750: error: Argument "type_" to "parse_obj_as" has incompatible type "<typing special form>"; expected "type[Never]"  [arg-type]
src/probe/dls_regional_services_prefix_bindings/raw_client.py:807: error: Argument "type_" to "parse_obj_as" has incompatible type "<typing special form>"; expected "type[Never]"  [arg-type]
src/probe/dls_regional_services_prefix_bindings/raw_client.py:818: error: Argument "type_" to "parse_obj_as" has incompatible type "<typing special form>"; expected "type[Never]"  [arg-type]
src/probe/dls_regional_services_prefix_bindings/raw_client.py:829: error: Argument "type_" to "parse_obj_as" has incompatible type "<typing special form>"; expected "type[Never]"  [arg-type]
src/probe/dls_regional_services_prefix_bindings/raw_client.py:840: error: Argument "type_" to "parse_obj_as" has incompatible type "<typing special form>"; expected "type[Never]"  [arg-type]
src/probe/dls_regional_services_prefix_bindings/raw_client.py:897: error: Argument "type_" to "parse_obj_as" has incompatible type "<typing special form>"; expected "type[Never]"  [arg-type]
src/probe/dls_regional_services_prefix_bindings/raw_client.py:908: error: Argument "type_" to "parse_obj_as" has incompatible type "<typing special form>"; expected "type[Never]"  [arg-type]
src/probe/dls_regional_services_prefix_bindings/raw_client.py:919: error: Argument "type_" to "parse_obj_as" has incompatible type "<typing special form>"; expected "type[Never]"  [arg-type]
src/probe/dls_regional_services_prefix_bindings/raw_client.py:930: error: Argument "type_" to "parse_obj_as" has incompatible type "<typing special form>"; expected "type[Never]"  [arg-type]
src/probe/dls_regional_services_prefix_bindings/raw_client.py:998: error: Argument "type_" to "parse_obj_as" has incompatible type "<typing special form>"; expected "type[Never]"  [arg-type]
src/probe/dls_regional_services_prefix_bindings/raw_client.py:1009: error: Argument "type_" to "parse_obj_as" has incompatible type "<typing special form>"; expected "type[Never]"  [arg-type]
src/probe/dls_regional_services_prefix_bindings/raw_client.py:1020: error: Argument "type_" to "parse_obj_as" has incompatible type "<typing special form>"; expected "type[Never]"  [arg-type]
src/probe/dls_regional_services_prefix_bindings/raw_client.py:1031: error: Argument "type_" to "parse_obj_as" has incompatible type "<typing special form>"; expected "type[Never]"  [arg-type]
src/probe/dls_regional_services_prefix_bindings/raw_client.py:1042: error: Argument "type_" to "parse_obj_as" has incompatible type "<typing special form>"; expected "type[Never]"  [arg-type]
src/probe/containers_applications_versions/raw_client.py:73: error: Argument "type_" to "parse_obj_as" has incompatible type "<typing special form>"; expected "type[Never]"  [arg-type]
src/probe/containers_applications_versions/raw_client.py:84: error: Argument "type_" to "parse_obj_as" has incompatible type "<typing special form>"; expected "type[Never]"  [arg-type]
src/probe/containers_applications_versions/raw_client.py:95: error: Argument "type_" to "parse_obj_as" has incompatible type "<typing special form>"; expected "type[Never]"  [arg-type]
src/probe/containers_applications_versions/raw_client.py:162: error: Argument "type_" to "parse_obj_as" has incompatible type "<typing special form>"; expected "type[Never]"  [arg-type]
src/probe/containers_applications_versions/raw_client.py:173: error: Argument "type_" to "parse_obj_as" has incompatible type "<typing special form>"; expected "type[Never]"  [arg-type]
src/probe/containers_applications_versions/raw_client.py:184: error: Argument "type_" to "parse_obj_as" has incompatible type "<typing special form>"; expected "type[Never]"  [arg-type]
src/probe/connector_telemetry_snapshots/raw_client.py:92: error: Argument "type_" to "parse_obj_as" has incompatible type "<typing special form>"; expected "type[Never]"  [arg-type]
src/probe/connector_telemetry_snapshots/raw_client.py:103: error: Argument "type_" to "parse_obj_as" has incompatible type "<typing special form>"; expected "type[Never]"  [arg-type]
src/probe/connector_telemetry_snapshots/raw_client.py:114: error: Argument "type_" to "parse_obj_as" has incompatible type "<typing special form>"; expected "type[Never]"  [arg-type]
src/probe/connector_telemetry_snapshots/raw_client.py:125: error: Argument "type_" to "parse_obj_as" has incompatible type "<typing special form>"; expected "type[Never]"  [arg-type]
src/probe/connector_telemetry_snapshots/raw_client.py:136: error: Argument "type_" to "parse_obj_as" has incompatible type "<typing special form>"; expected "type[Never]"  [arg-type]
src/probe/connector_telemetry_snapshots/raw_client.py:198: error: Argument "type_" to "parse_obj_as" has incompatible type "<typing special form>"; expected "type[Never]"  [arg-type]
src/probe/connector_telemetry_snapshots/raw_client.py:209: error: Argument "type_" to "parse_obj_as" has incompatible type "<typing special form>"; expected "type[Never]"  [arg-type]
src/probe/connector_telemetry_snapshots/raw_client.py:220: error: Argument "type_" to "parse_obj_as" has incompatible type "<typing special form>"; expected "type[Never]"  [arg-type]
src/probe/connector_telemetry_snapshots/raw_client.py:231: error: Argument "type_" to "parse_obj_as" has incompatible type "<typing special form>"; expected "type[Never]"  [arg-type]
src/probe/connector_telemetry_snapshots/raw_client.py:242: error: Argument "type_" to "parse_obj_as" has incompatible type "<typing special form>"; expected "type[Never]"  [arg-type]
src/probe/connector_telemetry_snapshots/raw_client.py:253: error: Argument "type_" to "parse_obj_as" has incompatible type "<typing special form>"; expected "type[Never]"  [arg-type]
src/probe/connector_telemetry_snapshots/raw_client.py:335: error: Argument "type_" to "parse_obj_as" has incompatible type "<typing special form>"; expected "type[Never]"  [arg-type]
src/probe/connector_telemetry_snapshots/raw_client.py:346: error: Argument "type_" to "parse_obj_as" has incompatible type "<typing special form>"; expected "type[Never]"  [arg-type]
src/probe/connector_telemetry_snapshots/raw_client.py:357: error: Argument "type_" to "parse_obj_as" has incompatible type "<typing special form>"; expected "type[Never]"  [arg-type]
src/probe/connector_telemetry_snapshots/raw_client.py:368: error: Argument "type_" to "parse_obj_as" has incompatible type "<typing special form>"; expected "type[Never]"  [arg-type]
src/probe/connector_telemetry_snapshots/raw_client.py:379: error: Argument "type_" to "parse_obj_as" has incompatible type "<typing special form>"; expected "type[Never]"  [arg-type]
src/probe/connector_telemetry_snapshots/raw_client.py:441: error: Argument "type_" to "parse_obj_as" has incompatible type "<typing special form>"; expected "type[Never]"  [arg-type]
src/probe/connector_telemetry_snapshots/raw_client.py:452: error: Argument "type_" to "parse_obj_as" has incompatible type "<typing special form>"; expected "type[Never]"  [arg-type]
src/probe/connector_telemetry_snapshots/raw_client.py:463: error: Argument "type_" to "parse_obj_as" has incompatible type "<typing special form>"; expected "type[Never]"  [arg-type]
src/probe/connector_telemetry_snapshots/raw_client.py:474: error: Argument "type_" to "parse_obj_as" has incompatible type "<typing special form>"; expected "type[Never]"  [arg-type]
src/probe/connector_telemetry_snapshots/raw_client.py:485: error: Argument "type_" to "parse_obj_as" has incompatible type "<typing special form>"; expected "type[Never]"  [arg-type]
src/probe/connector_telemetry_snapshots/raw_client.py:496: error: Argument "type_" to "parse_obj_as" has incompatible type "<typing special form>"; expected "type[Never]"  [arg-type]
src/probe/connector_interrupts/raw_client.py:82: error: Argument "type_" to "parse_obj_as" has incompatible type "<typing special form>"; expected "type[Never]"  [arg-type]
src/probe/connector_interrupts/raw_client.py:93: error: Argument "type_" to "parse_obj_as" has incompatible type "<typing special form>"; expected "type[Never]"  [arg-type]
src/probe/connector_interrupts/raw_client.py:104: error: Argument "type_" to "parse_obj_as" has incompatible type "<typing special form>"; expected "type[Never]"  [arg-type]
src/probe/connector_interrupts/raw_client.py:115: error: Argument "type_" to "parse_obj_as" has incompatible type "<typing special form>"; expected "type[Never]"  [arg-type]
src/probe/connector_interrupts/raw_client.py:126: error: Argument "type_" to "parse_obj_as" has incompatible type "<typing special form>"; expected "type[Never]"  [arg-type]
src/probe/connector_interrupts/raw_client.py:209: error: Argument "type_" to "parse_obj_as" has incompatible type "<typing special form>"; expected "type[Never]"  [arg-type]
src/probe/connector_interrupts/raw_client.py:220: error: Argument "type_" to "parse_obj_as" has incompatible type "<typing special form>"; expected "type[Never]"  [arg-type]
src/probe/connector_interrupts/raw_client.py:231: error: Argument "type_" to "parse_obj_as" has incompatible type "<typing special form>"; expected "type[Never]"  [arg-type]
src/probe/connector_interrupts/raw_client.py:242: error: Argument "type_" to "parse_obj_as" has incompatible type "<typing special form>"; expected "type[Never]"  [arg-type]
src/probe/connector_interrupts/raw_client.py:253: error: Argument "type_" to "parse_obj_as" has incompatible type "<typing special form>"; expected "type[Never]"  [arg-type]
src/probe/connector_interrupts/raw_client.py:264: error: Argument "type_" to "parse_obj_as" has incompatible type "<typing special form>"; expected "type[Never]"  [arg-type]
src/probe/connector_interrupts/raw_client.py:328: error: Argument "type_" to "parse_obj_as" has incompatible type "<typing special form>"; expected "type[Never]"  [arg-type]
src/probe/connector_interrupts/raw_client.py:339: error: Argument "type_" to "parse_obj_as" has incompatible type "<typing special form>"; expected "type[Never]"  [arg-type]
src/probe/connector_interrupts/raw_client.py:350: error: Argument "type_" to "parse_obj_as" has incompatible type "<typing special form>"; expected "type[Never]"  [arg-type]
src/probe/connector_interrupts/raw_client.py:361: error: Argument "type_" to "parse_obj_as" has incompatible type "<typing special form>"; expected "type[Never]"  [arg-type]
src/probe/connector_interrupts/raw_client.py:372: error: Argument "type_" to "parse_obj_as" has incompatible type "<typing special form>"; expected "type[Never]"  [arg-type]
src/probe/connector_interrupts/raw_client.py:455: error: Argument "type_" to "parse_obj_as" has incompatible type "<typing special form>"; expected "type[Never]"  [arg-type]
src/probe/connector_interrupts/raw_client.py:466: error: Argument "type_" to "parse_obj_as" has incompatible type "<typing special form>"; expected "type[Never]"  [arg-type]
src/probe/connector_interrupts/raw_client.py:477: error: Argument "type_" to "parse_obj_as" has incompatible type "<typing special form>"; expected "type[Never]"  [arg-type]
src/probe/connector_interrupts/raw_client.py:488: error: Argument "type_" to "parse_obj_as" has incompatible type "<typing special form>"; expected "type[Never]"  [arg-type]
src/probe/connector_interrupts/raw_client.py:499: error: Argument "type_" to "parse_obj_as" has incompatible type "<typing special form>"; expected "type[Never]"  [arg-type]
src/probe/connector_interrupts/raw_client.py:510: error: Argument "type_" to "parse_obj_as" has incompatible type "<typing special form>"; expected "type[Never]"  [arg-type]
src/probe/cloudforce_one_threat_events_target_industries/raw_client.py:74: error: Argument "type_" to "parse_obj_as" has incompatible type "<typing special form>"; expected "type[Never]"  [arg-type]
src/probe/cloudforce_one_threat_events_target_industries/raw_client.py:143: error: Argument "type_" to "parse_obj_as" has incompatible type "<typing special form>"; expected "type[Never]"  [arg-type]
src/probe/cloudforce_one_threat_events_relate/raw_client.py:82: error: Argument "type_" to "parse_obj_as" has incompatible type "<typing special form>"; expected "type[Never]"  [arg-type]
src/probe/cloudforce_one_threat_events_relate/raw_client.py:158: error: Argument "type_" to "parse_obj_as" has incompatible type "<typing special form>"; expected "type[Never]"  [arg-type]
src/probe/cloudforce_one_threat_events_raw/raw_client.py:72: error: Argument "type_" to "parse_obj_as" has incompatible type "<typing special form>"; expected "type[Never]"  [arg-type]
src/probe/cloudforce_one_threat_events_raw/raw_client.py:155: error: Argument "type_" to "parse_obj_as" has incompatible type "<typing special form>"; expected "type[Never]"  [arg-type]
src/probe/cloudforce_one_threat_events_raw/raw_client.py:220: error: Argument "type_" to "parse_obj_as" has incompatible type "<typing special form>"; expected "type[Never]"  [arg-type]
src/probe/cloudforce_one_threat_events_raw/raw_client.py:303: error: Argument "type_" to "parse_obj_as" has incompatible type "<typing special form>"; expected "type[Never]"  [arg-type]
src/probe/cloudforce_one_threat_events_indicator_types/raw_client.py:64: error: Argument "type_" to "parse_obj_as" has incompatible type "<typing special form>"; expected "type[Never]"  [arg-type]
src/probe/cloudforce_one_threat_events_indicator_types/raw_client.py:123: error: Argument "type_" to "parse_obj_as" has incompatible type "<typing special form>"; expected "type[Never]"  [arg-type]
src/probe/cloudforce_one_threat_events_event_tags/raw_client.py:87: error: Argument "type_" to "parse_obj_as" has incompatible type "<typing special form>"; expected "type[Never]"  [arg-type]
src/probe/cloudforce_one_threat_events_event_tags/raw_client.py:158: error: Argument "type_" to "parse_obj_as" has incompatible type "<typing special form>"; expected "type[Never]"  [arg-type]
src/probe/cloudforce_one_threat_events_event_tags/raw_client.py:234: error: Argument "type_" to "parse_obj_as" has incompatible type "<typing special form>"; expected "type[Never]"  [arg-type]
src/probe/cloudforce_one_threat_events_event_tags/raw_client.py:305: error: Argument "type_" to "parse_obj_as" has incompatible type "<typing special form>"; expected "type[Never]"  [arg-type]
src/probe/cloudforce_one_threat_events_countries/raw_client.py:64: error: Argument "type_" to "parse_obj_as" has incompatible type "<typing special form>"; expected "type[Never]"  [arg-type]
src/probe/cloudforce_one_threat_events_countries/raw_client.py:123: error: Argument "type_" to "parse_obj_as" has incompatible type "<typing special form>"; expected "type[Never]"  [arg-type]
src/probe/cloudforce_one_threat_events_categories/raw_client.py:85: error: Argument "type_" to "parse_obj_as" has incompatible type "<typing special form>"; expected "type[Never]"  [arg-type]
src/probe/cloudforce_one_threat_events_categories/raw_client.py:142: error: Argument "type_" to "parse_obj_as" has incompatible type "<typing special form>"; expected "type[Never]"  [arg-type]
src/probe/cloudforce_one_threat_events_categories/raw_client.py:199: error: Argument "type_" to "parse_obj_as" has incompatible type "<typing special form>"; expected "type[Never]"  [arg-type]
src/probe/cloudforce_one_threat_events_categories/raw_client.py:286: error: Argument "type_" to "parse_obj_as" has incompatible type "<typing special form>"; expected "type[Never]"  [arg-type]
src/probe/cloudforce_one_threat_events_categories/raw_client.py:369: error: Argument "type_" to "parse_obj_as" has incompatible type "<typing special form>"; expected "type[Never]"  [arg-type]
src/probe/cloudforce_one_threat_events_categories/raw_client.py:438: error: Argument "type_" to "parse_obj_as" has incompatible type "<typing special form>"; expected "type[Never]"  [arg-type]
src/probe/cloudforce_one_threat_events_categories/raw_client.py:495: error: Argument "type_" to "parse_obj_as" has incompatible type "<typing special form>"; expected "type[Never]"  [arg-type]
src/probe/cloudforce_one_threat_events_categories/raw_client.py:552: error: Argument "type_" to "parse_obj_as" has incompatible type "<typing special form>"; expected "type[Never]"  [arg-type]
src/probe/cloudforce_one_threat_events_categories/raw_client.py:639: error: Argument "type_" to "parse_obj_as" has incompatible type "<typing special form>"; expected "type[Never]"  [arg-type]
src/probe/cloudforce_one_threat_events_categories/raw_client.py:722: error: Argument "type_" to "parse_obj_as" has incompatible type "<typing special form>"; expected "type[Never]"  [arg-type]
src/probe/cloudforce_one_threat_events_attackers/raw_client.py:72: error: Argument "type_" to "parse_obj_as" has incompatible type "<typing special form>"; expected "type[Never]"  [arg-type]
src/probe/cloudforce_one_threat_events_attackers/raw_client.py:141: error: Argument "type_" to "parse_obj_as" has incompatible type "<typing special form>"; expected "type[Never]"  [arg-type]
src/probe/cloudforce_one_stakeout_graphs/raw_client.py:115: error: Argument "type_" to "parse_obj_as" has incompatible type "<typing special form>"; expected "type[Never]"  [arg-type]
src/probe/cloudforce_one_stakeout_graphs/raw_client.py:126: error: Argument "type_" to "parse_obj_as" has incompatible type "<typing special form>"; expected "type[Never]"  [arg-type]
src/probe/cloudforce_one_stakeout_graphs/raw_client.py:137: error: Argument "type_" to "parse_obj_as" has incompatible type "<typing special form>"; expected "type[Never]"  [arg-type]
src/probe/cloudforce_one_stakeout_graphs/raw_client.py:148: error: Argument "type_" to "parse_obj_as" has incompatible type "<typing special form>"; expected "type[Never]"  [arg-type]
src/probe/cloudforce_one_stakeout_graphs/raw_client.py:257: error: Argument "type_" to "parse_obj_as" has incompatible type "<typing special form>"; expected "type[Never]"  [arg-type]
src/probe/cloudforce_one_stakeout_graphs/raw_client.py:268: error: Argument "type_" to "parse_obj_as" has incompatible type "<typing special form>"; expected "type[Never]"  [arg-type]
src/probe/cloudforce_one_stakeout_graphs/raw_client.py:279: error: Argument "type_" to "parse_obj_as" has incompatible type "<typing special form>"; expected "type[Never]"  [arg-type]
src/probe/cloudforce_one_stakeout_graphs/raw_client.py:290: error: Argument "type_" to "parse_obj_as" has incompatible type "<typing special form>"; expected "type[Never]"  [arg-type]
src/probe/cloudforce_one_stakeout_dataset_tags/raw_client.py:99: error: Argument "type_" to "parse_obj_as" has incompatible type "<typing special form>"; expected "type[Never]"  [arg-type]
src/probe/cloudforce_one_stakeout_dataset_tags/raw_client.py:110: error: Argument "type_" to "parse_obj_as" has incompatible type "<typing special form>"; expected "type[Never]"  [arg-type]
src/probe/cloudforce_one_stakeout_dataset_tags/raw_client.py:121: error: Argument "type_" to "parse_obj_as" has incompatible type "<typing special form>"; expected "type[Never]"  [arg-type]
src/probe/cloudforce_one_stakeout_dataset_tags/raw_client.py:215: error: Argument "type_" to "parse_obj_as" has incompatible type "<typing special form>"; expected "type[Never]"  [arg-type]
src/probe/cloudforce_one_stakeout_dataset_tags/raw_client.py:226: error: Argument "type_" to "parse_obj_as" has incompatible type "<typing special form>"; expected "type[Never]"  [arg-type]
src/probe/cloudforce_one_stakeout_dataset_tags/raw_client.py:237: error: Argument "type_" to "parse_obj_as" has incompatible type "<typing special form>"; expected "type[Never]"  [arg-type]
src/probe/cloudforce_one_rules_tree/raw_client.py:62: error: Argument "type_" to "parse_obj_as" has incompatible type "<typing special form>"; expected "type[Never]"  [arg-type]
src/probe/cloudforce_one_rules_tree/raw_client.py:121: error: Argument "type_" to "parse_obj_as" has incompatible type "<typing special form>"; expected "type[Never]"  [arg-type]
src/probe/cloudforce_one_rules_stats/raw_client.py:62: error: Argument "type_" to "parse_obj_as" has incompatible type "<typing special form>"; expected "type[Never]"  [arg-type]
src/probe/cloudforce_one_rules_stats/raw_client.py:121: error: Argument "type_" to "parse_obj_as" has incompatible type "<typing special form>"; expected "type[Never]"  [arg-type]
src/probe/cloudforce_one_rules_managed/raw_client.py:62: error: Argument "type_" to "parse_obj_as" has incompatible type "<typing special form>"; expected "type[Never]"  [arg-type]
src/probe/cloudforce_one_rules_managed/raw_client.py:121: error: Argument "type_" to "parse_obj_as" has incompatible type "<typing special form>"; expected "type[Never]"  [arg-type]
src/probe/cloudforce_one_rules_exemptions/raw_client.py:71: error: Argument "type_" to "parse_obj_as" has incompatible type "<typing special form>"; expected "type[Never]"  [arg-type]
src/probe/cloudforce_one_rules_exemptions/raw_client.py:82: error: Argument "type_" to "parse_obj_as" has incompatible type "<typing special form>"; expected "type[Never]"  [arg-type]
src/probe/cloudforce_one_rules_exemptions/raw_client.py:93: error: Argument "type_" to "parse_obj_as" has incompatible type "<typing special form>"; expected "type[Never]"  [arg-type]
src/probe/cloudforce_one_rules_exemptions/raw_client.py:168: error: Argument "type_" to "parse_obj_as" has incompatible type "<typing special form>"; expected "type[Never]"  [arg-type]
src/probe/cloudforce_one_rules_exemptions/raw_client.py:179: error: Argument "type_" to "parse_obj_as" has incompatible type "<typing special form>"; expected "type[Never]"  [arg-type]
src/probe/cloudforce_one_rules_exemptions/raw_client.py:190: error: Argument "type_" to "parse_obj_as" has incompatible type "<typing special form>"; expected "type[Never]"  [arg-type]
src/probe/cloudforce_one_rules_exemptions/raw_client.py:273: error: Argument "type_" to "parse_obj_as" has incompatible type "<typing special form>"; expected "type[Never]"  [arg-type]
src/probe/cloudforce_one_rules_exemptions/raw_client.py:284: error: Argument "type_" to "parse_obj_as" has incompatible type "<typing special form>"; expected "type[Never]"  [arg-type]
src/probe/cloudforce_one_rules_exemptions/raw_client.py:295: error: Argument "type_" to "parse_obj_as" has incompatible type "<typing special form>"; expected "type[Never]"  [arg-type]
src/probe/cloudforce_one_rules_exemptions/raw_client.py:306: error: Argument "type_" to "parse_obj_as" has incompatible type "<typing special form>"; expected "type[Never]"  [arg-type]
src/probe/cloudforce_one_rules_exemptions/raw_client.py:317: error: Argument "type_" to "parse_obj_as" has incompatible type "<typing special form>"; expected "type[Never]"  [arg-type]
src/probe/cloudforce_one_rules_exemptions/raw_client.py:392: error: Argument "type_" to "parse_obj_as" has incompatible type "<typing special form>"; expected "type[Never]"  [arg-type]
src/probe/cloudforce_one_rules_exemptions/raw_client.py:403: error: Argument "type_" to "parse_obj_as" has incompatible type "<typing special form>"; expected "type[Never]"  [arg-type]
src/probe/cloudforce_one_rules_exemptions/raw_client.py:414: error: Argument "type_" to "parse_obj_as" has incompatible type "<typing special form>"; expected "type[Never]"  [arg-type]
src/probe/cloudforce_one_rules_exemptions/raw_client.py:473: error: Argument "type_" to "parse_obj_as" has incompatible type "<typing special form>"; expected "type[Never]"  [arg-type]
src/probe/cloudforce_one_rules_exemptions/raw_client.py:484: error: Argument "type_" to "parse_obj_as" has incompatible type "<typing special form>"; expected "type[Never]"  [arg-type]
src/probe/cloudforce_one_rules_exemptions/raw_client.py:495: error: Argument "type_" to "parse_obj_as" has incompatible type "<typing special form>"; expected "type[Never]"  [arg-type]
src/probe/cloudforce_one_rules_exemptions/raw_client.py:570: error: Argument "type_" to "parse_obj_as" has incompatible type "<typing special form>"; expected "type[Never]"  [arg-type]
src/probe/cloudforce_one_rules_exemptions/raw_client.py:581: error: Argument "type_" to "parse_obj_as" has incompatible type "<typing special form>"; expected "type[Never]"  [arg-type]
src/probe/cloudforce_one_rules_exemptions/raw_client.py:592: error: Argument "type_" to "parse_obj_as" has incompatible type "<typing special form>"; expected "type[Never]"  [arg-type]
src/probe/cloudforce_one_rules_exemptions/raw_client.py:675: error: Argument "type_" to "parse_obj_as" has incompatible type "<typing special form>"; expected "type[Never]"  [arg-type]
src/probe/cloudforce_one_rules_exemptions/raw_client.py:686: error: Argument "type_" to "parse_obj_as" has incompatible type "<typing special form>"; expected "type[Never]"  [arg-type]
src/probe/cloudforce_one_rules_exemptions/raw_client.py:697: error: Argument "type_" to "parse_obj_as" has incompatible type "<typing special form>"; expected "type[Never]"  [arg-type]
src/probe/cloudforce_one_rules_exemptions/raw_client.py:708: error: Argument "type_" to "parse_obj_as" has incompatible type "<typing special form>"; expected "type[Never]"  [arg-type]
src/probe/cloudforce_one_rules_exemptions/raw_client.py:719: error: Argument "type_" to "parse_obj_as" has incompatible type "<typing special form>"; expected "type[Never]"  [arg-type]
src/probe/cloudforce_one_rules_exemptions/raw_client.py:794: error: Argument "type_" to "parse_obj_as" has incompatible type "<typing special form>"; expected "type[Never]"  [arg-type]
src/probe/cloudforce_one_rules_exemptions/raw_client.py:805: error: Argument "type_" to "parse_obj_as" has incompatible type "<typing special form>"; expected "type[Never]"  [arg-type]
src/probe/cloudforce_one_rules_exemptions/raw_client.py:816: error: Argument "type_" to "parse_obj_as" has incompatible type "<typing special form>"; expected "type[Never]"  [arg-type]
src/probe/cloudforce_one_events_update_bulk/raw_client.py:95: error: Argument "type_" to "parse_obj_as" has incompatible type "<typing special form>"; expected "type[Never]"  [arg-type]
src/probe/cloudforce_one_events_update_bulk/raw_client.py:180: error: Argument "type_" to "parse_obj_as" has incompatible type "<typing special form>"; expected "type[Never]"  [arg-type]
src/probe/cloudforce_one_events_target_industries_catalog/raw_client.py:64: error: Argument "type_" to "parse_obj_as" has incompatible type "<typing special form>"; expected "type[Never]"  [arg-type]
src/probe/cloudforce_one_events_target_industries_catalog/raw_client.py:123: error: Argument "type_" to "parse_obj_as" has incompatible type "<typing special form>"; expected "type[Never]"  [arg-type]
src/probe/cloudforce_one_events_relate_create/raw_client.py:82: error: Argument "type_" to "parse_obj_as" has incompatible type "<typing special form>"; expected "type[Never]"  [arg-type]
src/probe/cloudforce_one_events_relate_create/raw_client.py:158: error: Argument "type_" to "parse_obj_as" has incompatible type "<typing special form>"; expected "type[Never]"  [arg-type]
src/probe/cloudforce_one_events_raw/raw_client.py:94: error: Argument "type_" to "parse_obj_as" has incompatible type "<typing special form>"; expected "type[Never]"  [arg-type]
src/probe/cloudforce_one_events_raw/raw_client.py:182: error: Argument "type_" to "parse_obj_as" has incompatible type "<typing special form>"; expected "type[Never]"  [arg-type]
src/probe/cloudforce_one_events_queries_get/raw_client.py:64: error: Argument "type_" to "parse_obj_as" has incompatible type "<typing special form>"; expected "type[Never]"  [arg-type]
src/probe/cloudforce_one_events_queries_get/raw_client.py:121: error: Argument "type_" to "parse_obj_as" has incompatible type "<typing special form>"; expected "type[Never]"  [arg-type]
src/probe/cloudforce_one_events_queries_get/raw_client.py:180: error: Argument "type_" to "parse_obj_as" has incompatible type "<typing special form>"; expected "type[Never]"  [arg-type]
src/probe/cloudforce_one_events_queries_get/raw_client.py:237: error: Argument "type_" to "parse_obj_as" has incompatible type "<typing special form>"; expected "type[Never]"  [arg-type]
src/probe/cloudforce_one_events_queries/raw_client.py:111: error: Argument "type_" to "parse_obj_as" has incompatible type "<typing special form>"; expected "type[Never]"  [arg-type]
src/probe/cloudforce_one_events_queries/raw_client.py:122: error: Argument "type_" to "parse_obj_as" has incompatible type "<typing special form>"; expected "type[Never]"  [arg-type]
src/probe/cloudforce_one_events_queries/raw_client.py:171: error: Argument "type_" to "parse_obj_as" has incompatible type "<typing special form>"; expected "type[Never]"  [arg-type]
src/probe/cloudforce_one_events_queries/raw_client.py:268: error: Argument "type_" to "parse_obj_as" has incompatible type "<typing special form>"; expected "type[Never]"  [arg-type]
src/probe/cloudforce_one_events_queries/raw_client.py:279: error: Argument "type_" to "parse_obj_as" has incompatible type "<typing special form>"; expected "type[Never]"  [arg-type]
src/probe/cloudforce_one_events_queries/raw_client.py:372: error: Argument "type_" to "parse_obj_as" has incompatible type "<typing special form>"; expected "type[Never]"  [arg-type]
src/probe/cloudforce_one_events_queries/raw_client.py:474: error: Argument "type_" to "parse_obj_as" has incompatible type "<typing special form>"; expected "type[Never]"  [arg-type]
src/probe/cloudforce_one_events_queries/raw_client.py:485: error: Argument "type_" to "parse_obj_as" has incompatible type "<typing special form>"; expected "type[Never]"  [arg-type]
src/probe/cloudforce_one_events_queries/raw_client.py:534: error: Argument "type_" to "parse_obj_as" has incompatible type "<typing special form>"; expected "type[Never]"  [arg-type]
src/probe/cloudforce_one_events_queries/raw_client.py:631: error: Argument "type_" to "parse_obj_as" has incompatible type "<typing special form>"; expected "type[Never]"  [arg-type]
src/probe/cloudforce_one_events_queries/raw_client.py:642: error: Argument "type_" to "parse_obj_as" has incompatible type "<typing special form>"; expected "type[Never]"  [arg-type]
src/probe/cloudforce_one_events_queries/raw_client.py:735: error: Argument "type_" to "parse_obj_as" has incompatible type "<typing special form>"; expected "type[Never]"  [arg-type]
src/probe/cloudforce_one_events_indicator_types/raw_client.py:72: error: Argument "type_" to "parse_obj_as" has incompatible type "<typing special form>"; expected "type[Never]"  [arg-type]
src/probe/cloudforce_one_events_indicator_types/raw_client.py:141: error: Argument "type_" to "parse_obj_as" has incompatible type "<typing special form>"; expected "type[Never]"  [arg-type]
src/probe/cloudforce_one_events_graphql_create_graph/raw_client.py:67: error: Argument "type_" to "parse_obj_as" has incompatible type "<typing special form>"; expected "type[Never]"  [arg-type]
src/probe/cloudforce_one_events_graphql_create_graph/raw_client.py:121: error: Argument "type_" to "parse_obj_as" has incompatible type "<typing special form>"; expected "type[Never]"  [arg-type]
src/probe/cloudforce_one_events_graphql_create_graph/raw_client.py:180: error: Argument "type_" to "parse_obj_as" has incompatible type "<typing special form>"; expected "type[Never]"  [arg-type]
src/probe/cloudforce_one_events_graphql_create_graph/raw_client.py:234: error: Argument "type_" to "parse_obj_as" has incompatible type "<typing special form>"; expected "type[Never]"  [arg-type]
src/probe/cloudforce_one_events_delete/raw_client.py:75: error: Argument "type_" to "parse_obj_as" has incompatible type "<typing special form>"; expected "type[Never]"  [arg-type]
src/probe/cloudforce_one_events_delete/raw_client.py:148: error: Argument "type_" to "parse_obj_as" has incompatible type "<typing special form>"; expected "type[Never]"  [arg-type]
src/probe/cloudforce_one_events_dataset_target_industries/raw_client.py:67: error: Argument "type_" to "parse_obj_as" has incompatible type "<typing special form>"; expected "type[Never]"  [arg-type]
src/probe/cloudforce_one_events_dataset_target_industries/raw_client.py:129: error: Argument "type_" to "parse_obj_as" has incompatible type "<typing special form>"; expected "type[Never]"  [arg-type]
src/probe/cloudforce_one_events_dataset_tags_indicators/raw_client.py:102: error: Argument "type_" to "parse_obj_as" has incompatible type "<typing special form>"; expected "type[Never]"  [arg-type]
src/probe/cloudforce_one_events_dataset_tags_indicators/raw_client.py:113: error: Argument "type_" to "parse_obj_as" has incompatible type "<typing special form>"; expected "type[Never]"  [arg-type]
src/probe/cloudforce_one_events_dataset_tags_indicators/raw_client.py:124: error: Argument "type_" to "parse_obj_as" has incompatible type "<typing special form>"; expected "type[Never]"  [arg-type]
src/probe/cloudforce_one_events_dataset_tags_indicators/raw_client.py:219: error: Argument "type_" to "parse_obj_as" has incompatible type "<typing special form>"; expected "type[Never]"  [arg-type]
src/probe/cloudforce_one_events_dataset_tags_indicators/raw_client.py:230: error: Argument "type_" to "parse_obj_as" has incompatible type "<typing special form>"; expected "type[Never]"  [arg-type]
src/probe/cloudforce_one_events_dataset_tags_indicators/raw_client.py:241: error: Argument "type_" to "parse_obj_as" has incompatible type "<typing special form>"; expected "type[Never]"  [arg-type]
src/probe/cloudforce_one_events_dataset_move/raw_client.py:93: error: Argument "type_" to "parse_obj_as" has incompatible type "<typing special form>"; expected "type[Never]"  [arg-type]
src/probe/cloudforce_one_events_dataset_move/raw_client.py:180: error: Argument "type_" to "parse_obj_as" has incompatible type "<typing special form>"; expected "type[Never]"  [arg-type]
src/probe/cloudforce_one_events_dataset_indicators_tags/raw_client.py:66: error: Argument "type_" to "parse_obj_as" has incompatible type "<typing special form>"; expected "type[Never]"  [arg-type]
src/probe/cloudforce_one_events_dataset_indicators_tags/raw_client.py:77: error: Argument "type_" to "parse_obj_as" has incompatible type "<typing special form>"; expected "type[Never]"  [arg-type]
src/probe/cloudforce_one_events_dataset_indicators_tags/raw_client.py:88: error: Argument "type_" to "parse_obj_as" has incompatible type "<typing special form>"; expected "type[Never]"  [arg-type]
src/probe/cloudforce_one_events_dataset_indicators_tags/raw_client.py:150: error: Argument "type_" to "parse_obj_as" has incompatible type "<typing special form>"; expected "type[Never]"  [arg-type]
src/probe/cloudforce_one_events_dataset_indicators_tags/raw_client.py:161: error: Argument "type_" to "parse_obj_as" has incompatible type "<typing special form>"; expected "type[Never]"  [arg-type]
src/probe/cloudforce_one_events_dataset_indicators_tags/raw_client.py:172: error: Argument "type_" to "parse_obj_as" has incompatible type "<typing special form>"; expected "type[Never]"  [arg-type]
src/probe/cloudforce_one_events_dataset_indicators_create/raw_client.py:125: error: Argument "type_" to "parse_obj_as" has incompatible type "<typing special form>"; expected "type[Never]"  [arg-type]
src/probe/cloudforce_one_events_dataset_indicators_create/raw_client.py:235: error: Argument "type_" to "parse_obj_as" has incompatible type "<typing special form>"; expected "type[Never]"  [arg-type]
src/probe/cloudforce_one_events_dataset_indicators_bulk/raw_client.py:94: error: Argument "type_" to "parse_obj_as" has incompatible type "<typing special form>"; expected "type[Never]"  [arg-type]
src/probe/cloudforce_one_events_dataset_indicators_bulk/raw_client.py:179: error: Argument "type_" to "parse_obj_as" has incompatible type "<typing special form>"; expected "type[Never]"  [arg-type]
src/probe/cloudforce_one_events_dataset_indicators/raw_client.py:90: error: Argument "type_" to "parse_obj_as" has incompatible type "<typing special form>"; expected "type[Never]"  [arg-type]
src/probe/cloudforce_one_events_dataset_indicators/raw_client.py:192: error: Argument "type_" to "parse_obj_as" has incompatible type "<typing special form>"; expected "type[Never]"  [arg-type]
src/probe/cloudforce_one_events_dataset_indicators/raw_client.py:203: error: Argument "type_" to "parse_obj_as" has incompatible type "<typing special form>"; expected "type[Never]"  [arg-type]
src/probe/cloudforce_one_events_dataset_indicators/raw_client.py:214: error: Argument "type_" to "parse_obj_as" has incompatible type "<typing special form>"; expected "type[Never]"  [arg-type]
src/probe/cloudforce_one_events_dataset_indicators/raw_client.py:284: error: Argument "type_" to "parse_obj_as" has incompatible type "<typing special form>"; expected "type[Never]"  [arg-type]
src/probe/cloudforce_one_events_dataset_indicators/raw_client.py:386: error: Argument "type_" to "parse_obj_as" has incompatible type "<typing special form>"; expected "type[Never]"  [arg-type]
src/probe/cloudforce_one_events_dataset_indicators/raw_client.py:397: error: Argument "type_" to "parse_obj_as" has incompatible type "<typing special form>"; expected "type[Never]"  [arg-type]
src/probe/cloudforce_one_events_dataset_indicators/raw_client.py:408: error: Argument "type_" to "parse_obj_as" has incompatible type "<typing special form>"; expected "type[Never]"  [arg-type]
src/probe/cloudforce_one_events_dataset_indicator_types_create/raw_client.py:91: error: Argument "type_" to "parse_obj_as" has incompatible type "<typing special form>"; expected "type[Never]"  [arg-type]
src/probe/cloudforce_one_events_dataset_indicator_types_create/raw_client.py:102: error: Argument "type_" to "parse_obj_as" has incompatible type "<typing special form>"; expected "type[Never]"  [arg-type]
src/probe/cloudforce_one_events_dataset_indicator_types_create/raw_client.py:184: error: Argument "type_" to "parse_obj_as" has incompatible type "<typing special form>"; expected "type[Never]"  [arg-type]
src/probe/cloudforce_one_events_dataset_indicator_types_create/raw_client.py:195: error: Argument "type_" to "parse_obj_as" has incompatible type "<typing special form>"; expected "type[Never]"  [arg-type]
src/probe/cloudforce_one_events_dataset_groups_members/raw_client.py:75: error: Argument "type_" to "parse_obj_as" has incompatible type "<typing special form>"; expected "type[Never]"  [arg-type]
src/probe/cloudforce_one_events_dataset_groups_members/raw_client.py:149: error: Argument "type_" to "parse_obj_as" has incompatible type "<typing special form>"; expected "type[Never]"  [arg-type]
src/probe/cloudforce_one_events_dataset_groups_members/raw_client.py:207: error: Argument "type_" to "parse_obj_as" has incompatible type "<typing special form>"; expected "type[Never]"  [arg-type]
src/probe/cloudforce_one_events_dataset_groups_members/raw_client.py:268: error: Argument "type_" to "parse_obj_as" has incompatible type "<typing special form>"; expected "type[Never]"  [arg-type]
src/probe/cloudforce_one_events_dataset_groups_members/raw_client.py:342: error: Argument "type_" to "parse_obj_as" has incompatible type "<typing special form>"; expected "type[Never]"  [arg-type]
src/probe/cloudforce_one_events_dataset_groups_members/raw_client.py:400: error: Argument "type_" to "parse_obj_as" has incompatible type "<typing special form>"; expected "type[Never]"  [arg-type]
src/probe/cloudforce_one_events_dataset_groups_get/raw_client.py:65: error: Argument "type_" to "parse_obj_as" has incompatible type "<typing special form>"; expected "type[Never]"  [arg-type]
src/probe/cloudforce_one_events_dataset_groups_get/raw_client.py:121: error: Argument "type_" to "parse_obj_as" has incompatible type "<typing special form>"; expected "type[Never]"  [arg-type]
src/probe/cloudforce_one_events_dataset_groups_get/raw_client.py:180: error: Argument "type_" to "parse_obj_as" has incompatible type "<typing special form>"; expected "type[Never]"  [arg-type]
src/probe/cloudforce_one_events_dataset_groups_get/raw_client.py:236: error: Argument "type_" to "parse_obj_as" has incompatible type "<typing special form>"; expected "type[Never]"  [arg-type]
src/probe/cloudforce_one_events_dataset_groups/raw_client.py:79: error: Argument "type_" to "parse_obj_as" has incompatible type "<typing special form>"; expected "type[Never]"  [arg-type]
src/probe/cloudforce_one_events_dataset_groups/raw_client.py:153: error: Argument "type_" to "parse_obj_as" has incompatible type "<typing special form>"; expected "type[Never]"  [arg-type]
src/probe/cloudforce_one_events_dataset_groups/raw_client.py:209: error: Argument "type_" to "parse_obj_as" has incompatible type "<typing special form>"; expected "type[Never]"  [arg-type]
src/probe/cloudforce_one_events_dataset_groups/raw_client.py:280: error: Argument "type_" to "parse_obj_as" has incompatible type "<typing special form>"; expected "type[Never]"  [arg-type]
src/probe/cloudforce_one_events_dataset_groups/raw_client.py:354: error: Argument "type_" to "parse_obj_as" has incompatible type "<typing special form>"; expected "type[Never]"  [arg-type]
src/probe/cloudforce_one_events_dataset_groups/raw_client.py:410: error: Argument "type_" to "parse_obj_as" has incompatible type "<typing special form>"; expected "type[Never]"  [arg-type]
src/probe/cloudforce_one_events_dataset_events/raw_client.py:73: error: Argument "type_" to "parse_obj_as" has incompatible type "<typing special form>"; expected "type[Never]"  [arg-type]
src/probe/cloudforce_one_events_dataset_events/raw_client.py:143: error: Argument "type_" to "parse_obj_as" has incompatible type "<typing special form>"; expected "type[Never]"  [arg-type]
src/probe/cloudforce_one_events_dataset_copy/raw_client.py:93: error: Argument "type_" to "parse_obj_as" has incompatible type "<typing special form>"; expected "type[Never]"  [arg-type]
src/probe/cloudforce_one_events_dataset_copy/raw_client.py:180: error: Argument "type_" to "parse_obj_as" has incompatible type "<typing special form>"; expected "type[Never]"  [arg-type]
src/probe/cloudforce_one_events_dataset/raw_client.py:90: error: Argument "type_" to "parse_obj_as" has incompatible type "<typing special form>"; expected "type[Never]"  [arg-type]
src/probe/cloudforce_one_events_dataset/raw_client.py:147: error: Argument "type_" to "parse_obj_as" has incompatible type "<typing special form>"; expected "type[Never]"  [arg-type]
src/probe/cloudforce_one_events_dataset/raw_client.py:158: error: Argument "type_" to "parse_obj_as" has incompatible type "<typing special form>"; expected "type[Never]"  [arg-type]
src/probe/cloudforce_one_events_dataset/raw_client.py:240: error: Argument "type_" to "parse_obj_as" has incompatible type "<typing special form>"; expected "type[Never]"  [arg-type]
src/probe/cloudforce_one_events_dataset/raw_client.py:297: error: Argument "type_" to "parse_obj_as" has incompatible type "<typing special form>"; expected "type[Never]"  [arg-type]
src/probe/cloudforce_one_events_dataset/raw_client.py:308: error: Argument "type_" to "parse_obj_as" has incompatible type "<typing special form>"; expected "type[Never]"  [arg-type]
src/probe/cloudforce_one_events_create_bulk_relationships/raw_client.py:92: error: Argument "type_" to "parse_obj_as" has incompatible type "<typing special form>"; expected "type[Never]"  [arg-type]
src/probe/cloudforce_one_events_create_bulk_relationships/raw_client.py:172: error: Argument "type_" to "parse_obj_as" has incompatible type "<typing special form>"; expected "type[Never]"  [arg-type]
src/probe/cloudforce_one_events_categories_catalog/raw_client.py:64: error: Argument "type_" to "parse_obj_as" has incompatible type "<typing special form>"; expected "type[Never]"  [arg-type]
src/probe/cloudforce_one_events_categories_catalog/raw_client.py:123: error: Argument "type_" to "parse_obj_as" has incompatible type "<typing special form>"; expected "type[Never]"  [arg-type]
src/probe/cloudforce_one_events_categories/raw_client.py:98: error: Argument "type_" to "parse_obj_as" has incompatible type "<typing special form>"; expected "type[Never]"  [arg-type]
src/probe/cloudforce_one_events_categories/raw_client.py:190: error: Argument "type_" to "parse_obj_as" has incompatible type "<typing special form>"; expected "type[Never]"  [arg-type]
src/probe/cloudforce_one_events_aggregate/raw_client.py:97: error: Argument "type_" to "parse_obj_as" has incompatible type "<typing special form>"; expected "type[Never]"  [arg-type]
src/probe/cloudforce_one_events_aggregate/raw_client.py:191: error: Argument "type_" to "parse_obj_as" has incompatible type "<typing special form>"; expected "type[Never]"  [arg-type]
src/probe/cloudforce_one_events/raw_client.py:140: error: Argument "type_" to "parse_obj_as" has incompatible type "<typing special form>"; expected "type[Never]"  [arg-type]
src/probe/cloudforce_one_events/raw_client.py:271: error: Argument "type_" to "parse_obj_as" has incompatible type "<typing special form>"; expected "type[Never]"  [arg-type]
src/probe/browser_run_devtools_session/raw_client.py:77: error: Argument "type_" to "parse_obj_as" has incompatible type "<typing special form>"; expected "type[Never]"  [arg-type]
src/probe/browser_run_devtools_session/raw_client.py:134: error: Argument "type_" to "parse_obj_as" has incompatible type "<typing special form>"; expected "type[Never]"  [arg-type]
src/probe/browser_run_devtools_session/raw_client.py:206: error: Argument "type_" to "parse_obj_as" has incompatible type "<typing special form>"; expected "type[Never]"  [arg-type]
src/probe/browser_run_devtools_session/raw_client.py:263: error: Argument "type_" to "parse_obj_as" has incompatible type "<typing special form>"; expected "type[Never]"  [arg-type]
src/probe/browser_run_devtools_json/raw_client.py:77: error: Argument "type_" to "parse_obj_as" has incompatible type "<typing special form>"; expected "type[Never]"  [arg-type]
src/probe/browser_run_devtools_json/raw_client.py:88: error: Argument "type_" to "parse_obj_as" has incompatible type "<typing special form>"; expected "type[Never]"  [arg-type]
src/probe/browser_run_devtools_json/raw_client.py:161: error: Argument "type_" to "parse_obj_as" has incompatible type "<typing special form>"; expected "type[Never]"  [arg-type]
src/probe/browser_run_devtools_json/raw_client.py:172: error: Argument "type_" to "parse_obj_as" has incompatible type "<typing special form>"; expected "type[Never]"  [arg-type]
src/probe/browser_run_devtools_browser_targets/raw_client.py:83: error: Argument "type_" to "parse_obj_as" has incompatible type "<typing special form>"; expected "type[Never]"  [arg-type]
src/probe/browser_run_devtools_browser_targets/raw_client.py:94: error: Argument "type_" to "parse_obj_as" has incompatible type "<typing special form>"; expected "type[Never]"  [arg-type]
src/probe/browser_run_devtools_browser_targets/raw_client.py:105: error: Argument "type_" to "parse_obj_as" has incompatible type "<typing special form>"; expected "type[Never]"  [arg-type]
src/probe/browser_run_devtools_browser_targets/raw_client.py:170: error: Argument "type_" to "parse_obj_as" has incompatible type "<typing special form>"; expected "type[Never]"  [arg-type]
src/probe/browser_run_devtools_browser_targets/raw_client.py:181: error: Argument "type_" to "parse_obj_as" has incompatible type "<typing special form>"; expected "type[Never]"  [arg-type]
src/probe/browser_run_devtools_browser_targets/raw_client.py:192: error: Argument "type_" to "parse_obj_as" has incompatible type "<typing special form>"; expected "type[Never]"  [arg-type]
src/probe/browser_run_devtools_browser_targets/raw_client.py:260: error: Argument "type_" to "parse_obj_as" has incompatible type "<typing special form>"; expected "type[Never]"  [arg-type]
src/probe/browser_run_devtools_browser_targets/raw_client.py:271: error: Argument "type_" to "parse_obj_as" has incompatible type "<typing special form>"; expected "type[Never]"  [arg-type]
src/probe/browser_run_devtools_browser_targets/raw_client.py:336: error: Argument "type_" to "parse_obj_as" has incompatible type "<typing special form>"; expected "type[Never]"  [arg-type]
src/probe/browser_run_devtools_browser_targets/raw_client.py:347: error: Argument "type_" to "parse_obj_as" has incompatible type "<typing special form>"; expected "type[Never]"  [arg-type]
src/probe/browser_run_devtools_browser_targets/raw_client.py:358: error: Argument "type_" to "parse_obj_as" has incompatible type "<typing special form>"; expected "type[Never]"  [arg-type]
src/probe/browser_run_devtools_browser_targets/raw_client.py:430: error: Argument "type_" to "parse_obj_as" has incompatible type "<typing special form>"; expected "type[Never]"  [arg-type]
src/probe/browser_run_devtools_browser_targets/raw_client.py:441: error: Argument "type_" to "parse_obj_as" has incompatible type "<typing special form>"; expected "type[Never]"  [arg-type]
src/probe/browser_run_devtools_browser_targets/raw_client.py:511: error: Argument "type_" to "parse_obj_as" has incompatible type "<typing special form>"; expected "type[Never]"  [arg-type]
src/probe/browser_run_devtools_browser_targets/raw_client.py:522: error: Argument "type_" to "parse_obj_as" has incompatible type "<typing special form>"; expected "type[Never]"  [arg-type]
src/probe/browser_run_devtools_browser_targets/raw_client.py:533: error: Argument "type_" to "parse_obj_as" has incompatible type "<typing special form>"; expected "type[Never]"  [arg-type]
src/probe/browser_run_devtools_browser_targets/raw_client.py:598: error: Argument "type_" to "parse_obj_as" has incompatible type "<typing special form>"; expected "type[Never]"  [arg-type]
src/probe/browser_run_devtools_browser_targets/raw_client.py:609: error: Argument "type_" to "parse_obj_as" has incompatible type "<typing special form>"; expected "type[Never]"  [arg-type]
src/probe/browser_run_devtools_browser_targets/raw_client.py:620: error: Argument "type_" to "parse_obj_as" has incompatible type "<typing special form>"; expected "type[Never]"  [arg-type]
src/probe/browser_run_devtools_browser_targets/raw_client.py:688: error: Argument "type_" to "parse_obj_as" has incompatible type "<typing special form>"; expected "type[Never]"  [arg-type]
src/probe/browser_run_devtools_browser_targets/raw_client.py:699: error: Argument "type_" to "parse_obj_as" has incompatible type "<typing special form>"; expected "type[Never]"  [arg-type]
src/probe/browser_run_devtools_browser_targets/raw_client.py:764: error: Argument "type_" to "parse_obj_as" has incompatible type "<typing special form>"; expected "type[Never]"  [arg-type]
src/probe/browser_run_devtools_browser_targets/raw_client.py:775: error: Argument "type_" to "parse_obj_as" has incompatible type "<typing special form>"; expected "type[Never]"  [arg-type]
src/probe/browser_run_devtools_browser_targets/raw_client.py:786: error: Argument "type_" to "parse_obj_as" has incompatible type "<typing special form>"; expected "type[Never]"  [arg-type]
src/probe/browser_run_devtools_browser_targets/raw_client.py:858: error: Argument "type_" to "parse_obj_as" has incompatible type "<typing special form>"; expected "type[Never]"  [arg-type]
src/probe/browser_run_devtools_browser_targets/raw_client.py:869: error: Argument "type_" to "parse_obj_as" has incompatible type "<typing special form>"; expected "type[Never]"  [arg-type]
src/probe/browser_run_devtools_browser_page/raw_client.py:72: error: Argument "type_" to "parse_obj_as" has incompatible type "<typing special form>"; expected "type[Never]"  [arg-type]
src/probe/browser_run_devtools_browser_page/raw_client.py:83: error: Argument "type_" to "parse_obj_as" has incompatible type "<typing special form>"; expected "type[Never]"  [arg-type]
src/probe/browser_run_devtools_browser_page/raw_client.py:152: error: Argument "type_" to "parse_obj_as" has incompatible type "<typing special form>"; expected "type[Never]"  [arg-type]
src/probe/browser_run_devtools_browser_page/raw_client.py:163: error: Argument "type_" to "parse_obj_as" has incompatible type "<typing special form>"; expected "type[Never]"  [arg-type]
src/probe/analytics_query/raw_client.py:96: error: Argument "type_" to "parse_obj_as" has incompatible type "<typing special form>"; expected "type[Never]"  [arg-type]
src/probe/analytics_query/raw_client.py:107: error: Argument "type_" to "parse_obj_as" has incompatible type "<typing special form>"; expected "type[Never]"  [arg-type]
src/probe/analytics_query/raw_client.py:118: error: Argument "type_" to "parse_obj_as" has incompatible type "<typing special form>"; expected "type[Never]"  [arg-type]
src/probe/analytics_query/raw_client.py:203: error: Argument "type_" to "parse_obj_as" has incompatible type "<typing special form>"; expected "type[Never]"  [arg-type]
src/probe/analytics_query/raw_client.py:214: error: Argument "type_" to "parse_obj_as" has incompatible type "<typing special form>"; expected "type[Never]"  [arg-type]
src/probe/analytics_query/raw_client.py:225: error: Argument "type_" to "parse_obj_as" has incompatible type "<typing special form>"; expected "type[Never]"  [arg-type]
src/probe/analytics_engine_sql/raw_client.py:68: error: Argument "type_" to "parse_obj_as" has incompatible type "<typing special form>"; expected "type[Never]"  [arg-type]
src/probe/analytics_engine_sql/raw_client.py:79: error: Argument "type_" to "parse_obj_as" has incompatible type "<typing special form>"; expected "type[Never]"  [arg-type]
src/probe/analytics_engine_sql/raw_client.py:90: error: Argument "type_" to "parse_obj_as" has incompatible type "<typing special form>"; expected "type[Never]"  [arg-type]
src/probe/analytics_engine_sql/raw_client.py:101: error: Argument "type_" to "parse_obj_as" has incompatible type "<typing special form>"; expected "type[Never]"  [arg-type]
src/probe/analytics_engine_sql/raw_client.py:112: error: Argument "type_" to "parse_obj_as" has incompatible type "<typing special form>"; expected "type[Never]"  [arg-type]
src/probe/analytics_engine_sql/raw_client.py:123: error: Argument "type_" to "parse_obj_as" has incompatible type "<typing special form>"; expected "type[Never]"  [arg-type]
src/probe/analytics_engine_sql/raw_client.py:134: error: Argument "type_" to "parse_obj_as" has incompatible type "<typing special form>"; expected "type[Never]"  [arg-type]
src/probe/analytics_engine_sql/raw_client.py:193: error: Argument "type_" to "parse_obj_as" has incompatible type "<typing special form>"; expected "type[Never]"  [arg-type]
src/probe/analytics_engine_sql/raw_client.py:204: error: Argument "type_" to "parse_obj_as" has incompatible type "<typing special form>"; expected "type[Never]"  [arg-type]
src/probe/analytics_engine_sql/raw_client.py:215: error: Argument "type_" to "parse_obj_as" has incompatible type "<typing special form>"; expected "type[Never]"  [arg-type]
src/probe/analytics_engine_sql/raw_client.py:226: error: Argument "type_" to "parse_obj_as" has incompatible type "<typing special form>"; expected "type[Never]"  [arg-type]
src/probe/analytics_engine_sql/raw_client.py:237: error: Argument "type_" to "parse_obj_as" has incompatible type "<typing special form>"; expected "type[Never]"  [arg-type]
src/probe/analytics_engine_sql/raw_client.py:248: error: Argument "type_" to "parse_obj_as" has incompatible type "<typing special form>"; expected "type[Never]"  [arg-type]
src/probe/analytics_engine_sql/raw_client.py:259: error: Argument "type_" to "parse_obj_as" has incompatible type "<typing special form>"; expected "type[Never]"  [arg-type]
src/probe/ai_tasks/raw_client.py:61: error: Argument "type_" to "parse_obj_as" has incompatible type "<typing special form>"; expected "type[Never]"  [arg-type]
src/probe/ai_tasks/raw_client.py:119: error: Argument "type_" to "parse_obj_as" has incompatible type "<typing special form>"; expected "type[Never]"  [arg-type]
src/probe/ai_search_tokens/raw_client.py:90: error: Argument "type_" to "parse_obj_as" has incompatible type "<typing special form>"; expected "type[Never]"  [arg-type]
src/probe/ai_search_tokens/raw_client.py:168: error: Argument "type_" to "parse_obj_as" has incompatible type "<typing special form>"; expected "type[Never]"  [arg-type]
src/probe/ai_search_tokens/raw_client.py:223: error: Argument "type_" to "parse_obj_as" has incompatible type "<typing special form>"; expected "type[Never]"  [arg-type]
src/probe/ai_search_tokens/raw_client.py:234: error: Argument "type_" to "parse_obj_as" has incompatible type "<typing special form>"; expected "type[Never]"  [arg-type]
src/probe/ai_search_tokens/raw_client.py:315: error: Argument "type_" to "parse_obj_as" has incompatible type "<typing special form>"; expected "type[Never]"  [arg-type]
src/probe/ai_search_tokens/raw_client.py:326: error: Argument "type_" to "parse_obj_as" has incompatible type "<typing special form>"; expected "type[Never]"  [arg-type]
src/probe/ai_search_tokens/raw_client.py:381: error: Argument "type_" to "parse_obj_as" has incompatible type "<typing special form>"; expected "type[Never]"  [arg-type]
src/probe/ai_search_tokens/raw_client.py:392: error: Argument "type_" to "parse_obj_as" has incompatible type "<typing special form>"; expected "type[Never]"  [arg-type]
src/probe/ai_search_tokens/raw_client.py:403: error: Argument "type_" to "parse_obj_as" has incompatible type "<typing special form>"; expected "type[Never]"  [arg-type]
src/probe/ai_search_tokens/raw_client.py:481: error: Argument "type_" to "parse_obj_as" has incompatible type "<typing special form>"; expected "type[Never]"  [arg-type]
src/probe/ai_search_tokens/raw_client.py:559: error: Argument "type_" to "parse_obj_as" has incompatible type "<typing special form>"; expected "type[Never]"  [arg-type]
src/probe/ai_search_tokens/raw_client.py:614: error: Argument "type_" to "parse_obj_as" has incompatible type "<typing special form>"; expected "type[Never]"  [arg-type]
src/probe/ai_search_tokens/raw_client.py:625: error: Argument "type_" to "parse_obj_as" has incompatible type "<typing special form>"; expected "type[Never]"  [arg-type]
src/probe/ai_search_tokens/raw_client.py:706: error: Argument "type_" to "parse_obj_as" has incompatible type "<typing special form>"; expected "type[Never]"  [arg-type]
src/probe/ai_search_tokens/raw_client.py:717: error: Argument "type_" to "parse_obj_as" has incompatible type "<typing special form>"; expected "type[Never]"  [arg-type]
src/probe/ai_search_tokens/raw_client.py:772: error: Argument "type_" to "parse_obj_as" has incompatible type "<typing special form>"; expected "type[Never]"  [arg-type]
src/probe/ai_search_tokens/raw_client.py:783: error: Argument "type_" to "parse_obj_as" has incompatible type "<typing special form>"; expected "type[Never]"  [arg-type]
src/probe/ai_search_tokens/raw_client.py:794: error: Argument "type_" to "parse_obj_as" has incompatible type "<typing special form>"; expected "type[Never]"  [arg-type]
src/probe/ai_gateway_urls/raw_client.py:70: error: Argument "type_" to "parse_obj_as" has incompatible type "<typing special form>"; expected "type[Never]"  [arg-type]
src/probe/ai_gateway_urls/raw_client.py:137: error: Argument "type_" to "parse_obj_as" has incompatible type "<typing special form>"; expected "type[Never]"  [arg-type]
src/probe/ai_gateway_gateways_providers/raw_client.py:84: error: Argument "type_" to "parse_obj_as" has incompatible type "<typing special form>"; expected "type[Never]"  [arg-type]
src/probe/ai_gateway_gateways_providers/raw_client.py:177: error: Argument "type_" to "parse_obj_as" has incompatible type "<typing special form>"; expected "type[Never]"  [arg-type]
src/probe/ai_gateway_gateways_providers/raw_client.py:249: error: Argument "type_" to "parse_obj_as" has incompatible type "<typing special form>"; expected "type[Never]"  [arg-type]
src/probe/ai_gateway_gateways_providers/raw_client.py:260: error: Argument "type_" to "parse_obj_as" has incompatible type "<typing special form>"; expected "type[Never]"  [arg-type]
src/probe/ai_gateway_gateways_providers/raw_client.py:317: error: Argument "type_" to "parse_obj_as" has incompatible type "<typing special form>"; expected "type[Never]"  [arg-type]
src/probe/ai_gateway_gateways_providers/raw_client.py:391: error: Argument "type_" to "parse_obj_as" has incompatible type "<typing special form>"; expected "type[Never]"  [arg-type]
src/probe/ai_gateway_gateways_providers/raw_client.py:484: error: Argument "type_" to "parse_obj_as" has incompatible type "<typing special form>"; expected "type[Never]"  [arg-type]
src/probe/ai_gateway_gateways_providers/raw_client.py:556: error: Argument "type_" to "parse_obj_as" has incompatible type "<typing special form>"; expected "type[Never]"  [arg-type]
src/probe/ai_gateway_gateways_providers/raw_client.py:567: error: Argument "type_" to "parse_obj_as" has incompatible type "<typing special form>"; expected "type[Never]"  [arg-type]
src/probe/ai_gateway_gateways_providers/raw_client.py:624: error: Argument "type_" to "parse_obj_as" has incompatible type "<typing special form>"; expected "type[Never]"  [arg-type]
src/probe/ai_gateway_billing_topup_config/raw_client.py:69: error: Argument "type_" to "parse_obj_as" has incompatible type "<typing special form>"; expected "type[Never]"  [arg-type]
src/probe/ai_gateway_billing_topup_config/raw_client.py:80: error: Argument "type_" to "parse_obj_as" has incompatible type "<typing special form>"; expected "type[Never]"  [arg-type]
src/probe/ai_gateway_billing_topup_config/raw_client.py:91: error: Argument "type_" to "parse_obj_as" has incompatible type "<typing special form>"; expected "type[Never]"  [arg-type]
src/probe/ai_gateway_billing_topup_config/raw_client.py:159: error: Argument "type_" to "parse_obj_as" has incompatible type "<typing special form>"; expected "type[Never]"  [arg-type]
src/probe/ai_gateway_billing_topup_config/raw_client.py:170: error: Argument "type_" to "parse_obj_as" has incompatible type "<typing special form>"; expected "type[Never]"  [arg-type]
src/probe/ai_gateway_billing_topup_config/raw_client.py:181: error: Argument "type_" to "parse_obj_as" has incompatible type "<typing special form>"; expected "type[Never]"  [arg-type]
src/probe/ai_gateway_billing_topup_config/raw_client.py:235: error: Argument "type_" to "parse_obj_as" has incompatible type "<typing special form>"; expected "type[Never]"  [arg-type]
src/probe/ai_gateway_billing_topup_config/raw_client.py:246: error: Argument "type_" to "parse_obj_as" has incompatible type "<typing special form>"; expected "type[Never]"  [arg-type]
src/probe/ai_gateway_billing_topup_config/raw_client.py:257: error: Argument "type_" to "parse_obj_as" has incompatible type "<typing special form>"; expected "type[Never]"  [arg-type]
src/probe/ai_gateway_billing_topup_config/raw_client.py:316: error: Argument "type_" to "parse_obj_as" has incompatible type "<typing special form>"; expected "type[Never]"  [arg-type]
src/probe/ai_gateway_billing_topup_config/raw_client.py:327: error: Argument "type_" to "parse_obj_as" has incompatible type "<typing special form>"; expected "type[Never]"  [arg-type]
src/probe/ai_gateway_billing_topup_config/raw_client.py:338: error: Argument "type_" to "parse_obj_as" has incompatible type "<typing special form>"; expected "type[Never]"  [arg-type]
src/probe/ai_gateway_billing_topup_config/raw_client.py:406: error: Argument "type_" to "parse_obj_as" has incompatible type "<typing special form>"; expected "type[Never]"  [arg-type]
src/probe/ai_gateway_billing_topup_config/raw_client.py:417: error: Argument "type_" to "parse_obj_as" has incompatible type "<typing special form>"; expected "type[Never]"  [arg-type]
src/probe/ai_gateway_billing_topup_config/raw_client.py:428: error: Argument "type_" to "parse_obj_as" has incompatible type "<typing special form>"; expected "type[Never]"  [arg-type]
src/probe/ai_gateway_billing_topup_config/raw_client.py:482: error: Argument "type_" to "parse_obj_as" has incompatible type "<typing special form>"; expected "type[Never]"  [arg-type]
src/probe/ai_gateway_billing_topup_config/raw_client.py:493: error: Argument "type_" to "parse_obj_as" has incompatible type "<typing special form>"; expected "type[Never]"  [arg-type]
src/probe/ai_gateway_billing_topup_config/raw_client.py:504: error: Argument "type_" to "parse_obj_as" has incompatible type "<typing special form>"; expected "type[Never]"  [arg-type]
src/probe/ai_gateway_account_providers/raw_client.py:94: error: Argument "type_" to "parse_obj_as" has incompatible type "<typing special form>"; expected "type[Never]"  [arg-type]
src/probe/ai_gateway_account_providers/raw_client.py:200: error: Argument "type_" to "parse_obj_as" has incompatible type "<typing special form>"; expected "type[Never]"  [arg-type]
src/probe/ai_gateway_account_providers/raw_client.py:255: error: Argument "type_" to "parse_obj_as" has incompatible type "<typing special form>"; expected "type[Never]"  [arg-type]
src/probe/ai_gateway_account_providers/raw_client.py:310: error: Argument "type_" to "parse_obj_as" has incompatible type "<typing special form>"; expected "type[Never]"  [arg-type]
src/probe/ai_gateway_account_providers/raw_client.py:423: error: Argument "type_" to "parse_obj_as" has incompatible type "<typing special form>"; expected "type[Never]"  [arg-type]
src/probe/ai_gateway_account_providers/raw_client.py:434: error: Argument "type_" to "parse_obj_as" has incompatible type "<typing special form>"; expected "type[Never]"  [arg-type]
src/probe/ai_gateway_account_providers/raw_client.py:517: error: Argument "type_" to "parse_obj_as" has incompatible type "<typing special form>"; expected "type[Never]"  [arg-type]
src/probe/ai_gateway_account_providers/raw_client.py:623: error: Argument "type_" to "parse_obj_as" has incompatible type "<typing special form>"; expected "type[Never]"  [arg-type]
src/probe/ai_gateway_account_providers/raw_client.py:678: error: Argument "type_" to "parse_obj_as" has incompatible type "<typing special form>"; expected "type[Never]"  [arg-type]
src/probe/ai_gateway_account_providers/raw_client.py:733: error: Argument "type_" to "parse_obj_as" has incompatible type "<typing special form>"; expected "type[Never]"  [arg-type]
src/probe/ai_gateway_account_providers/raw_client.py:846: error: Argument "type_" to "parse_obj_as" has incompatible type "<typing special form>"; expected "type[Never]"  [arg-type]
src/probe/ai_gateway_account_providers/raw_client.py:857: error: Argument "type_" to "parse_obj_as" has incompatible type "<typing special form>"; expected "type[Never]"  [arg-type]
src/probe/ai_finetunes_public/raw_client.py:81: error: Argument "type_" to "parse_obj_as" has incompatible type "<typing special form>"; expected "type[Never]"  [arg-type]
src/probe/ai_finetunes_public/raw_client.py:159: error: Argument "type_" to "parse_obj_as" has incompatible type "<typing special form>"; expected "type[Never]"  [arg-type]
src/probe/ai_finetunes/raw_client.py:67: error: Argument "type_" to "parse_obj_as" has incompatible type "<typing special form>"; expected "type[Never]"  [arg-type]
src/probe/ai_finetunes/raw_client.py:145: error: Argument "type_" to "parse_obj_as" has incompatible type "<typing special form>"; expected "type[Never]"  [arg-type]
src/probe/ai_finetunes/raw_client.py:200: error: Argument "type_" to "parse_obj_as" has incompatible type "<typing special form>"; expected "type[Never]"  [arg-type]
src/probe/ai_finetunes/raw_client.py:258: error: Argument "type_" to "parse_obj_as" has incompatible type "<typing special form>"; expected "type[Never]"  [arg-type]
src/probe/ai_finetunes/raw_client.py:336: error: Argument "type_" to "parse_obj_as" has incompatible type "<typing special form>"; expected "type[Never]"  [arg-type]
src/probe/ai_finetunes/raw_client.py:391: error: Argument "type_" to "parse_obj_as" has incompatible type "<typing special form>"; expected "type[Never]"  [arg-type]
src/probe/ai_authors/raw_client.py:61: error: Argument "type_" to "parse_obj_as" has incompatible type "<typing special form>"; expected "type[Never]"  [arg-type]
src/probe/ai_authors/raw_client.py:119: error: Argument "type_" to "parse_obj_as" has incompatible type "<typing special form>"; expected "type[Never]"  [arg-type]
src/probe/abuse_reports_emails/raw_client.py:85: error: Argument "type_" to "parse_obj_as" has incompatible type "<typing special form>"; expected "type[Never]"  [arg-type]
src/probe/abuse_reports_emails/raw_client.py:96: error: Argument "type_" to "parse_obj_as" has incompatible type "<typing special form>"; expected "type[Never]"  [arg-type]
src/probe/abuse_reports_emails/raw_client.py:107: error: Argument "type_" to "parse_obj_as" has incompatible type "<typing special form>"; expected "type[Never]"  [arg-type]
src/probe/abuse_reports_emails/raw_client.py:180: error: Argument "type_" to "parse_obj_as" has incompatible type "<typing special form>"; expected "type[Never]"  [arg-type]
src/probe/abuse_reports_emails/raw_client.py:191: error: Argument "type_" to "parse_obj_as" has incompatible type "<typing special form>"; expected "type[Never]"  [arg-type]
src/probe/abuse_reports_emails/raw_client.py:202: error: Argument "type_" to "parse_obj_as" has incompatible type "<typing special form>"; expected "type[Never]"  [arg-type]
src/probe/abuse_reports_emails/raw_client.py:213: error: Argument "type_" to "parse_obj_as" has incompatible type "<typing special form>"; expected "type[Never]"  [arg-type]
src/probe/abuse_reports_emails/raw_client.py:291: error: Argument "type_" to "parse_obj_as" has incompatible type "<typing special form>"; expected "type[Never]"  [arg-type]
src/probe/abuse_reports_emails/raw_client.py:302: error: Argument "type_" to "parse_obj_as" has incompatible type "<typing special form>"; expected "type[Never]"  [arg-type]
src/probe/abuse_reports_emails/raw_client.py:313: error: Argument "type_" to "parse_obj_as" has incompatible type "<typing special form>"; expected "type[Never]"  [arg-type]
src/probe/abuse_reports_emails/raw_client.py:386: error: Argument "type_" to "parse_obj_as" has incompatible type "<typing special form>"; expected "type[Never]"  [arg-type]
src/probe/abuse_reports_emails/raw_client.py:397: error: Argument "type_" to "parse_obj_as" has incompatible type "<typing special form>"; expected "type[Never]"  [arg-type]
src/probe/abuse_reports_emails/raw_client.py:408: error: Argument "type_" to "parse_obj_as" has incompatible type "<typing special form>"; expected "type[Never]"  [arg-type]
src/probe/abuse_reports_emails/raw_client.py:419: error: Argument "type_" to "parse_obj_as" has incompatible type "<typing special form>"; expected "type[Never]"  [arg-type]
src/probe/abuse_reports_appeals/raw_client.py:67: error: Argument "type_" to "parse_obj_as" has incompatible type "<typing special form>"; expected "type[Never]"  [arg-type]
src/probe/abuse_reports_appeals/raw_client.py:78: error: Argument "type_" to "parse_obj_as" has incompatible type "<typing special form>"; expected "type[Never]"  [arg-type]
src/probe/abuse_reports_appeals/raw_client.py:89: error: Argument "type_" to "parse_obj_as" has incompatible type "<typing special form>"; expected "type[Never]"  [arg-type]
src/probe/abuse_reports_appeals/raw_client.py:151: error: Argument "type_" to "parse_obj_as" has incompatible type "<typing special form>"; expected "type[Never]"  [arg-type]
src/probe/abuse_reports_appeals/raw_client.py:162: error: Argument "type_" to "parse_obj_as" has incompatible type "<typing special form>"; expected "type[Never]"  [arg-type]
src/probe/abuse_reports_appeals/raw_client.py:173: error: Argument "type_" to "parse_obj_as" has incompatible type "<typing special form>"; expected "type[Never]"  [arg-type]
src/probe/cloudforce_one_events_datasets_populate/raw_client.py:64: error: Argument "type_" to "parse_obj_as" has incompatible type "<typing special form>"; expected "type[Never]"  [arg-type]
src/probe/cloudforce_one_events_datasets_populate/raw_client.py:123: error: Argument "type_" to "parse_obj_as" has incompatible type "<typing special form>"; expected "type[Never]"  [arg-type]
src/probe/zone_tags/raw_client.py:154: error: Argument "type_" to "parse_obj_as" has incompatible type "<typing special form>"; expected "type[Never]"  [arg-type]
src/probe/zone_tags/raw_client.py:220: error: Argument "type_" to "parse_obj_as" has incompatible type "<typing special form>"; expected "type[Never]"  [arg-type]
src/probe/zone_tags/raw_client.py:361: error: Argument "type_" to "parse_obj_as" has incompatible type "<typing special form>"; expected "type[Never]"  [arg-type]
src/probe/zone_tags/raw_client.py:427: error: Argument "type_" to "parse_obj_as" has incompatible type "<typing special form>"; expected "type[Never]"  [arg-type]
src/probe/zero_trust_casb_integrations/raw_client.py:129: error: Argument "type_" to "parse_obj_as" has incompatible type "<typing special form>"; expected "type[Never]"  [arg-type]
src/probe/zero_trust_casb_integrations/raw_client.py:243: error: Argument "type_" to "parse_obj_as" has incompatible type "<typing special form>"; expected "type[Never]"  [arg-type]
src/probe/zero_trust_casb_integrations/raw_client.py:300: error: Argument "type_" to "parse_obj_as" has incompatible type "<typing special form>"; expected "type[Never]"  [arg-type]
src/probe/zero_trust_casb_integrations/raw_client.py:349: error: Argument "type_" to "parse_obj_as" has incompatible type "<typing special form>"; expected "type[Never]"  [arg-type]
src/probe/zero_trust_casb_integrations/raw_client.py:441: error: Argument "type_" to "parse_obj_as" has incompatible type "<typing special form>"; expected "type[Never]"  [arg-type]
src/probe/zero_trust_casb_integrations/raw_client.py:498: error: Argument "type_" to "parse_obj_as" has incompatible type "<typing special form>"; expected "type[Never]"  [arg-type]
src/probe/zero_trust_casb_integrations/raw_client.py:555: error: Argument "type_" to "parse_obj_as" has incompatible type "<typing special form>"; expected "type[Never]"  [arg-type]
src/probe/zero_trust_casb_integrations/raw_client.py:664: error: Argument "type_" to "parse_obj_as" has incompatible type "<typing special form>"; expected "type[Never]"  [arg-type]
src/probe/zero_trust_casb_integrations/raw_client.py:778: error: Argument "type_" to "parse_obj_as" has incompatible type "<typing special form>"; expected "type[Never]"  [arg-type]
src/probe/zero_trust_casb_integrations/raw_client.py:835: error: Argument "type_" to "parse_obj_as" has incompatible type "<typing special form>"; expected "type[Never]"  [arg-type]
src/probe/zero_trust_casb_integrations/raw_client.py:884: error: Argument "type_" to "parse_obj_as" has incompatible type "<typing special form>"; expected "type[Never]"  [arg-type]
src/probe/zero_trust_casb_integrations/raw_client.py:976: error: Argument "type_" to "parse_obj_as" has incompatible type "<typing special form>"; expected "type[Never]"  [arg-type]
src/probe/zero_trust_casb_integrations/raw_client.py:1033: error: Argument "type_" to "parse_obj_as" has incompatible type "<typing special form>"; expected "type[Never]"  [arg-type]
src/probe/zero_trust_casb_integrations/raw_client.py:1090: error: Argument "type_" to "parse_obj_as" has incompatible type "<typing special form>"; expected "type[Never]"  [arg-type]
src/probe/zero_trust_casb_applications_auth_methods/raw_client.py:84: error: Argument "type_" to "parse_obj_as" has incompatible type "<typing special form>"; expected "type[Never]"  [arg-type]
src/probe/zero_trust_casb_applications_auth_methods/raw_client.py:162: error: Argument "type_" to "parse_obj_as" has incompatible type "<typing special form>"; expected "type[Never]"  [arg-type]
src/probe/workflows_instances_step/raw_client.py:92: error: Argument "type_" to "parse_obj_as" has incompatible type "<typing special form>"; expected "type[Never]"  [arg-type]
src/probe/workflows_instances_step/raw_client.py:103: error: Argument "type_" to "parse_obj_as" has incompatible type "<typing special form>"; expected "type[Never]"  [arg-type]
src/probe/workflows_instances_step/raw_client.py:114: error: Argument "type_" to "parse_obj_as" has incompatible type "<typing special form>"; expected "type[Never]"  [arg-type]
src/probe/workflows_instances_step/raw_client.py:125: error: Argument "type_" to "parse_obj_as" has incompatible type "<typing special form>"; expected "type[Never]"  [arg-type]
src/probe/workflows_instances_step/raw_client.py:218: error: Argument "type_" to "parse_obj_as" has incompatible type "<typing special form>"; expected "type[Never]"  [arg-type]
src/probe/workflows_instances_step/raw_client.py:229: error: Argument "type_" to "parse_obj_as" has incompatible type "<typing special form>"; expected "type[Never]"  [arg-type]
src/probe/workflows_instances_step/raw_client.py:240: error: Argument "type_" to "parse_obj_as" has incompatible type "<typing special form>"; expected "type[Never]"  [arg-type]
src/probe/workflows_instances_step/raw_client.py:251: error: Argument "type_" to "parse_obj_as" has incompatible type "<typing special form>"; expected "type[Never]"  [arg-type]
src/probe/workers_builds_repos_config_autofill/raw_client.py:90: error: Argument "type_" to "parse_obj_as" has incompatible type "<typing special form>"; expected "type[Never]"  [arg-type]
src/probe/workers_builds_repos_config_autofill/raw_client.py:171: error: Argument "type_" to "parse_obj_as" has incompatible type "<typing special form>"; expected "type[Never]"  [arg-type]
src/probe/web_assets_discovery_operations/types/edit_web_assets_discovery_operations_request_state.py:10: error: Cannot extend enum with existing members: "ApiShieldApiDiscoveryStatePatch"  [misc]
src/probe/url_scanner_scan_screenshot/raw_client.py:78: error: Argument "type_" to "parse_obj_as" has incompatible type "<typing special form>"; expected "type[Never]"  [arg-type]
src/probe/url_scanner_scan_screenshot/raw_client.py:89: error: Argument "type_" to "parse_obj_as" has incompatible type "<typing special form>"; expected "type[Never]"  [arg-type]
src/probe/url_scanner_scan_screenshot/raw_client.py:170: error: Argument "type_" to "parse_obj_as" has incompatible type "<typing special form>"; expected "type[Never]"  [arg-type]
src/probe/url_scanner_scan_screenshot/raw_client.py:181: error: Argument "type_" to "parse_obj_as" has incompatible type "<typing special form>"; expected "type[Never]"  [arg-type]
src/probe/types/workers_script_response_placement_status.py:10: error: Cannot extend enum with existing members: "WorkersPlacementStatus"  [misc]
src/probe/types/workers_script_response_placement_mode.py:10: error: Cannot extend enum with existing members: "WorkersPlacementMode"  [misc]
src/probe/types/workers_export_config.py:10: error: Cannot find implementation or library stub for module named "probe.types.workers_worker_export_cache"  [import-not-found]
src/probe/types/tunnel_hostname_route_tun_type.py:10: error: Cannot extend enum with existing members: "TunnelTunnelType"  [misc]
src/probe/types/rulesets_set_cache_tags_rule_action_parameters_zero_operation.py:10: error: Cannot extend enum with existing members: "RulesetsSetCacheTagsOperation"  [misc]
src/probe/types/rulesets_set_cache_tags_rule_action_parameters_values_operation.py:10: error: Cannot extend enum with existing members: "RulesetsSetCacheTagsOperation"  [misc]
src/probe/types/rulesets_set_cache_tags_rule_action_parameters_two_operation.py:10: error: Cannot extend enum with existing members: "RulesetsSetCacheTagsOperation"  [misc]
src/probe/types/rulesets_set_cache_tags_rule_action_parameters_three_operation.py:10: error: Cannot extend enum with existing members: "RulesetsSetCacheTagsOperation"  [misc]
src/probe/types/rulesets_set_cache_tags_rule_action_parameters_one_operation.py:10: error: Cannot extend enum with existing members: "RulesetsSetCacheTagsOperation"  [misc]
src/probe/types/rulesets_set_cache_tags_rule_action_parameters_expression_operation.py:10: error: Cannot extend enum with existing members: "RulesetsSetCacheTagsOperation"  [misc]
src/probe/types/rulesets_set_cache_control_directive_zero_operation.py:10: error: Cannot extend enum with existing members: "RulesetsSetCacheControlOperation"  [misc]
src/probe/types/rulesets_set_cache_control_directive_with_value_value_operation.py:10: error: Cannot extend enum with existing members: "RulesetsSetCacheControlOperation"  [misc]
src/probe/types/rulesets_set_cache_control_directive_with_value_one_operation.py:10: error: Cannot extend enum with existing members: "RulesetsSetCacheControlOperation"  [misc]
src/probe/types/rulesets_set_cache_control_directive_with_qualifiers_qualifiers_operation.py:10: error: Cannot extend enum with existing members: "RulesetsSetCacheControlOperation"  [misc]
src/probe/types/rulesets_set_cache_control_directive_with_qualifiers_one_operation.py:10: error: Cannot extend enum with existing members: "RulesetsSetCacheControlOperation"  [misc]
src/probe/types/rulesets_set_cache_control_directive_one_operation.py:10: error: Cannot extend enum with existing members: "RulesetsSetCacheControlOperation"  [misc]
src/probe/types/infra_service_config.py:11: error: Cannot find implementation or library stub for module named "probe.types.infra_service_common_tls_settings"  [import-not-found]
src/probe/types/firewall_rules_value.py:10: error: Cannot extend enum with existing members: "FirewallWafAction"  [misc]
src/probe/types/bill_subs_api_frequency_response.py:10: error: Cannot extend enum with existing members: "BillSubsApiFrequency"  [misc]
src/probe/types/access_warp_props_type.py:10: error: Cannot extend enum with existing members: "AccessType"  [misc]
src/probe/types/access_vnc_props_type.py:10: error: Cannot extend enum with existing members: "AccessType"  [misc]
src/probe/types/access_ssh_props_type.py:10: error: Cannot extend enum with existing members: "AccessType"  [misc]
src/probe/types/access_self_hosted_props_type.py:10: error: Cannot extend enum with existing members: "AccessType"  [misc]
src/probe/types/access_saas_props_type.py:10: error: Cannot extend enum with existing members: "AccessType"  [misc]
src/probe/types/access_rdp_props_type.py:10: error: Cannot extend enum with existing members: "AccessType"  [misc]
src/probe/types/access_proxy_endpoint_props_type.py:10: error: Cannot extend enum with existing members: "AccessType"  [misc]
src/probe/types/access_mcp_props_type.py:10: error: Cannot extend enum with existing members: "AccessType"  [misc]
src/probe/types/access_mcp_portal_props_type.py:10: error: Cannot extend enum with existing members: "AccessType"  [misc]
src/probe/types/access_infra_props_type.py:10: error: Cannot extend enum with existing members: "AccessType"  [misc]
src/probe/types/access_bookmark_props_type.py:10: error: Cannot extend enum with existing members: "AccessType"  [misc]
src/probe/types/access_biso_props_type.py:10: error: Cannot extend enum with existing members: "AccessType"  [misc]
src/probe/types/access_app_launcher_props_type.py:10: error: Cannot extend enum with existing members: "AccessType"  [misc]
src/probe/stream_usage/raw_client.py:103: error: Argument "type_" to "parse_obj_as" has incompatible type "<typing special form>"; expected "type[Never]"  [arg-type]
src/probe/stream_usage/raw_client.py:114: error: Argument "type_" to "parse_obj_as" has incompatible type "<typing special form>"; expected "type[Never]"  [arg-type]
src/probe/stream_usage/raw_client.py:125: error: Argument "type_" to "parse_obj_as" has incompatible type "<typing special form>"; expected "type[Never]"  [arg-type]
src/probe/stream_usage/raw_client.py:219: error: Argument "type_" to "parse_obj_as" has incompatible type "<typing special form>"; expected "type[Never]"  [arg-type]
src/probe/stream_usage/raw_client.py:230: error: Argument "type_" to "parse_obj_as" has incompatible type "<typing special form>"; expected "type[Never]"  [arg-type]
src/probe/stream_usage/raw_client.py:241: error: Argument "type_" to "parse_obj_as" has incompatible type "<typing special form>"; expected "type[Never]"  [arg-type]
src/probe/speed_pages_tests/types/create_speed_pages_tests_request_region.py:10: error: Cannot extend enum with existing members: "ObservatoryRegion"  [misc]
src/probe/secrets_store_stores/raw_client.py:209: error: Argument "type_" to "parse_obj_as" has incompatible type "<typing special form>"; expected "type[Never]"  [arg-type]
src/probe/secrets_store_stores/raw_client.py:407: error: Argument "type_" to "parse_obj_as" has incompatible type "<typing special form>"; expected "type[Never]"  [arg-type]
src/probe/radar_traffic_anomalies_locations/raw_client.py:95: error: Argument "type_" to "parse_obj_as" has incompatible type "<typing special form>"; expected "type[Never]"  [arg-type]
src/probe/radar_traffic_anomalies_locations/raw_client.py:184: error: Argument "type_" to "parse_obj_as" has incompatible type "<typing special form>"; expected "type[Never]"  [arg-type]
src/probe/radar_traffic_anomalies/raw_client.py:135: error: Argument "type_" to "parse_obj_as" has incompatible type "<typing special form>"; expected "type[Never]"  [arg-type]
src/probe/radar_traffic_anomalies/raw_client.py:199: error: Argument "type_" to "parse_obj_as" has incompatible type "<typing special form>"; expected "type[Never]"  [arg-type]
src/probe/radar_traffic_anomalies/raw_client.py:322: error: Argument "type_" to "parse_obj_as" has incompatible type "<typing special form>"; expected "type[Never]"  [arg-type]
src/probe/radar_traffic_anomalies/raw_client.py:386: error: Argument "type_" to "parse_obj_as" has incompatible type "<typing special form>"; expected "type[Never]"  [arg-type]
src/probe/radar_tlds/raw_client.py:98: error: Argument "type_" to "parse_obj_as" has incompatible type "<typing special form>"; expected "type[Never]"  [arg-type]
src/probe/radar_tlds/raw_client.py:162: error: Argument "type_" to "parse_obj_as" has incompatible type "<typing special form>"; expected "type[Never]"  [arg-type]
src/probe/radar_tlds/raw_client.py:252: error: Argument "type_" to "parse_obj_as" has incompatible type "<typing special form>"; expected "type[Never]"  [arg-type]
src/probe/radar_tlds/raw_client.py:316: error: Argument "type_" to "parse_obj_as" has incompatible type "<typing special form>"; expected "type[Never]"  [arg-type]
src/probe/radar_search/raw_client.py:99: error: Argument "type_" to "parse_obj_as" has incompatible type "<typing special form>"; expected "type[Never]"  [arg-type]
src/probe/radar_search/raw_client.py:193: error: Argument "type_" to "parse_obj_as" has incompatible type "<typing special form>"; expected "type[Never]"  [arg-type]
src/probe/radar_ranking_domain/raw_client.py:100: error: Argument "type_" to "parse_obj_as" has incompatible type "<typing special form>"; expected "type[Never]"  [arg-type]
src/probe/radar_ranking_domain/raw_client.py:194: error: Argument "type_" to "parse_obj_as" has incompatible type "<typing special form>"; expected "type[Never]"  [arg-type]
src/probe/radar_entities_locations/raw_client.py:103: error: Argument "type_" to "parse_obj_as" has incompatible type "<typing special form>"; expected "type[Never]"  [arg-type]
src/probe/radar_entities_locations/raw_client.py:167: error: Argument "type_" to "parse_obj_as" has incompatible type "<typing special form>"; expected "type[Never]"  [arg-type]
src/probe/radar_entities_locations/raw_client.py:262: error: Argument "type_" to "parse_obj_as" has incompatible type "<typing special form>"; expected "type[Never]"  [arg-type]
src/probe/radar_entities_locations/raw_client.py:326: error: Argument "type_" to "parse_obj_as" has incompatible type "<typing special form>"; expected "type[Never]"  [arg-type]
src/probe/radar_entities_asns/raw_client.py:111: error: Argument "type_" to "parse_obj_as" has incompatible type "<typing special form>"; expected "type[Never]"  [arg-type]
src/probe/radar_entities_asns/raw_client.py:175: error: Argument "type_" to "parse_obj_as" has incompatible type "<typing special form>"; expected "type[Never]"  [arg-type]
src/probe/radar_entities_asns/raw_client.py:239: error: Argument "type_" to "parse_obj_as" has incompatible type "<typing special form>"; expected "type[Never]"  [arg-type]
src/probe/radar_entities_asns/raw_client.py:308: error: Argument "type_" to "parse_obj_as" has incompatible type "<typing special form>"; expected "type[Never]"  [arg-type]
src/probe/radar_entities_asns/raw_client.py:408: error: Argument "type_" to "parse_obj_as" has incompatible type "<typing special form>"; expected "type[Never]"  [arg-type]
src/probe/radar_entities_asns/raw_client.py:473: error: Argument "type_" to "parse_obj_as" has incompatible type "<typing special form>"; expected "type[Never]"  [arg-type]
src/probe/radar_entities_asns/raw_client.py:563: error: Argument "type_" to "parse_obj_as" has incompatible type "<typing special form>"; expected "type[Never]"  [arg-type]
src/probe/radar_entities_asns/raw_client.py:627: error: Argument "type_" to "parse_obj_as" has incompatible type "<typing special form>"; expected "type[Never]"  [arg-type]
src/probe/radar_entities_asns/raw_client.py:691: error: Argument "type_" to "parse_obj_as" has incompatible type "<typing special form>"; expected "type[Never]"  [arg-type]
src/probe/radar_entities_asns/raw_client.py:760: error: Argument "type_" to "parse_obj_as" has incompatible type "<typing special form>"; expected "type[Never]"  [arg-type]
src/probe/radar_entities_asns/raw_client.py:860: error: Argument "type_" to "parse_obj_as" has incompatible type "<typing special form>"; expected "type[Never]"  [arg-type]
src/probe/radar_entities_asns/raw_client.py:925: error: Argument "type_" to "parse_obj_as" has incompatible type "<typing special form>"; expected "type[Never]"  [arg-type]
src/probe/radar_entities/raw_client.py:73: error: Argument "type_" to "parse_obj_as" has incompatible type "<typing special form>"; expected "type[Never]"  [arg-type]
src/probe/radar_entities/raw_client.py:143: error: Argument "type_" to "parse_obj_as" has incompatible type "<typing special form>"; expected "type[Never]"  [arg-type]
src/probe/radar_datasets/raw_client.py:96: error: Argument "type_" to "parse_obj_as" has incompatible type "<typing special form>"; expected "type[Never]"  [arg-type]
src/probe/radar_datasets/raw_client.py:141: error: Argument "type_" to "parse_obj_as" has incompatible type "<typing special form>"; expected "type[Never]"  [arg-type]
src/probe/radar_datasets/raw_client.py:211: error: Argument "type_" to "parse_obj_as" has incompatible type "<typing special form>"; expected "type[Never]"  [arg-type]
src/probe/radar_datasets/raw_client.py:296: error: Argument "type_" to "parse_obj_as" has incompatible type "<typing special form>"; expected "type[Never]"  [arg-type]
src/probe/radar_datasets/raw_client.py:343: error: Argument "type_" to "parse_obj_as" has incompatible type "<typing special form>"; expected "type[Never]"  [arg-type]
src/probe/radar_datasets/raw_client.py:413: error: Argument "type_" to "parse_obj_as" has incompatible type "<typing special form>"; expected "type[Never]"  [arg-type]
src/probe/radar_bgp_top_ases/raw_client.py:117: error: Argument "type_" to "parse_obj_as" has incompatible type "<typing special form>"; expected "type[Never]"  [arg-type]
src/probe/radar_bgp_top_ases/raw_client.py:187: error: Argument "type_" to "parse_obj_as" has incompatible type "<typing special form>"; expected "type[Never]"  [arg-type]
src/probe/radar_bgp_top_ases/raw_client.py:296: error: Argument "type_" to "parse_obj_as" has incompatible type "<typing special form>"; expected "type[Never]"  [arg-type]
src/probe/radar_bgp_top_ases/raw_client.py:366: error: Argument "type_" to "parse_obj_as" has incompatible type "<typing special form>"; expected "type[Never]"  [arg-type]
src/probe/radar_bgp_top/raw_client.py:109: error: Argument "type_" to "parse_obj_as" has incompatible type "<typing special form>"; expected "type[Never]"  [arg-type]
src/probe/radar_bgp_top/raw_client.py:213: error: Argument "type_" to "parse_obj_as" has incompatible type "<typing special form>"; expected "type[Never]"  [arg-type]
src/probe/radar_bgp_rpki_roas/raw_client.py:101: error: Argument "type_" to "parse_obj_as" has incompatible type "<typing special form>"; expected "type[Never]"  [arg-type]
src/probe/radar_bgp_rpki_roas/raw_client.py:196: error: Argument "type_" to "parse_obj_as" has incompatible type "<typing special form>"; expected "type[Never]"  [arg-type]
src/probe/radar_bgp_routes_upstreams/raw_client.py:98: error: Argument "type_" to "parse_obj_as" has incompatible type "<typing special form>"; expected "type[Never]"  [arg-type]
src/probe/radar_bgp_routes_upstreams/raw_client.py:187: error: Argument "type_" to "parse_obj_as" has incompatible type "<typing special form>"; expected "type[Never]"  [arg-type]
src/probe/radar_bgp_routes_paths/raw_client.py:84: error: Argument "type_" to "parse_obj_as" has incompatible type "<typing special form>"; expected "type[Never]"  [arg-type]
src/probe/radar_bgp_routes_paths/raw_client.py:163: error: Argument "type_" to "parse_obj_as" has incompatible type "<typing special form>"; expected "type[Never]"  [arg-type]
src/probe/radar_bgp_routes/raw_client.py:99: error: Argument "type_" to "parse_obj_as" has incompatible type "<typing special form>"; expected "type[Never]"  [arg-type]
src/probe/radar_bgp_routes/raw_client.py:173: error: Argument "type_" to "parse_obj_as" has incompatible type "<typing special form>"; expected "type[Never]"  [arg-type]
src/probe/radar_bgp_routes/raw_client.py:252: error: Argument "type_" to "parse_obj_as" has incompatible type "<typing special form>"; expected "type[Never]"  [arg-type]
src/probe/radar_bgp_routes/raw_client.py:316: error: Argument "type_" to "parse_obj_as" has incompatible type "<typing special form>"; expected "type[Never]"  [arg-type]
src/probe/radar_bgp_routes/raw_client.py:386: error: Argument "type_" to "parse_obj_as" has incompatible type "<typing special form>"; expected "type[Never]"  [arg-type]
src/probe/radar_bgp_routes/raw_client.py:471: error: Argument "type_" to "parse_obj_as" has incompatible type "<typing special form>"; expected "type[Never]"  [arg-type]
src/probe/radar_bgp_routes/raw_client.py:545: error: Argument "type_" to "parse_obj_as" has incompatible type "<typing special form>"; expected "type[Never]"  [arg-type]
src/probe/radar_bgp_routes/raw_client.py:624: error: Argument "type_" to "parse_obj_as" has incompatible type "<typing special form>"; expected "type[Never]"  [arg-type]
src/probe/radar_bgp_routes/raw_client.py:688: error: Argument "type_" to "parse_obj_as" has incompatible type "<typing special form>"; expected "type[Never]"  [arg-type]
src/probe/radar_bgp_routes/raw_client.py:758: error: Argument "type_" to "parse_obj_as" has incompatible type "<typing special form>"; expected "type[Never]"  [arg-type]
src/probe/radar_bgp_leaks_events/raw_client.py:127: error: Argument "type_" to "parse_obj_as" has incompatible type "<typing special form>"; expected "type[Never]"  [arg-type]
src/probe/radar_bgp_leaks_events/raw_client.py:247: error: Argument "type_" to "parse_obj_as" has incompatible type "<typing special form>"; expected "type[Never]"  [arg-type]
src/probe/radar_bgp_ips_top/raw_client.py:91: error: Argument "type_" to "parse_obj_as" has incompatible type "<typing special form>"; expected "type[Never]"  [arg-type]
src/probe/radar_bgp_ips_top/raw_client.py:176: error: Argument "type_" to "parse_obj_as" has incompatible type "<typing special form>"; expected "type[Never]"  [arg-type]
src/probe/radar_bgp_hijacks_events/raw_client.py:146: error: Argument "type_" to "parse_obj_as" has incompatible type "<typing special form>"; expected "type[Never]"  [arg-type]
src/probe/radar_bgp_hijacks_events/raw_client.py:285: error: Argument "type_" to "parse_obj_as" has incompatible type "<typing special form>"; expected "type[Never]"  [arg-type]
src/probe/radar_annotations_outages/raw_client.py:170: error: Argument "type_" to "parse_obj_as" has incompatible type "<typing special form>"; expected "type[Never]"  [arg-type]
src/probe/radar_annotations_outages/raw_client.py:250: error: Argument "type_" to "parse_obj_as" has incompatible type "<typing special form>"; expected "type[Never]"  [arg-type]
src/probe/radar_annotations_outages/raw_client.py:409: error: Argument "type_" to "parse_obj_as" has incompatible type "<typing special form>"; expected "type[Never]"  [arg-type]
src/probe/radar_annotations_outages/raw_client.py:489: error: Argument "type_" to "parse_obj_as" has incompatible type "<typing special form>"; expected "type[Never]"  [arg-type]
src/probe/radar_annotations/raw_client.py:176: error: Argument "type_" to "parse_obj_as" has incompatible type "<typing special form>"; expected "type[Never]"  [arg-type]
src/probe/radar_annotations/raw_client.py:240: error: Argument "type_" to "parse_obj_as" has incompatible type "<typing special form>"; expected "type[Never]"  [arg-type]
src/probe/radar_annotations/raw_client.py:402: error: Argument "type_" to "parse_obj_as" has incompatible type "<typing special form>"; expected "type[Never]"  [arg-type]
src/probe/radar_annotations/raw_client.py:466: error: Argument "type_" to "parse_obj_as" has incompatible type "<typing special form>"; expected "type[Never]"  [arg-type]
src/probe/pay_per_crawl_terms/raw_client.py:68: error: Argument "type_" to "parse_obj_as" has incompatible type "<typing special form>"; expected "type[Never]"  [arg-type]
src/probe/pay_per_crawl_terms/raw_client.py:122: error: Argument "type_" to "parse_obj_as" has incompatible type "<typing special form>"; expected "type[Never]"  [arg-type]
src/probe/pay_per_crawl_terms/raw_client.py:186: error: Argument "type_" to "parse_obj_as" has incompatible type "<typing special form>"; expected "type[Never]"  [arg-type]
src/probe/pay_per_crawl_terms/raw_client.py:255: error: Argument "type_" to "parse_obj_as" has incompatible type "<typing special form>"; expected "type[Never]"  [arg-type]
src/probe/pay_per_crawl_terms/raw_client.py:314: error: Argument "type_" to "parse_obj_as" has incompatible type "<typing special form>"; expected "type[Never]"  [arg-type]
src/probe/pay_per_crawl_terms/raw_client.py:368: error: Argument "type_" to "parse_obj_as" has incompatible type "<typing special form>"; expected "type[Never]"  [arg-type]
src/probe/pay_per_crawl_terms/raw_client.py:432: error: Argument "type_" to "parse_obj_as" has incompatible type "<typing special form>"; expected "type[Never]"  [arg-type]
src/probe/pay_per_crawl_terms/raw_client.py:501: error: Argument "type_" to "parse_obj_as" has incompatible type "<typing special form>"; expected "type[Never]"  [arg-type]
src/probe/media_usage/raw_client.py:103: error: Argument "type_" to "parse_obj_as" has incompatible type "<typing special form>"; expected "type[Never]"  [arg-type]
src/probe/media_usage/raw_client.py:114: error: Argument "type_" to "parse_obj_as" has incompatible type "<typing special form>"; expected "type[Never]"  [arg-type]
src/probe/media_usage/raw_client.py:125: error: Argument "type_" to "parse_obj_as" has incompatible type "<typing special form>"; expected "type[Never]"  [arg-type]
src/probe/media_usage/raw_client.py:219: error: Argument "type_" to "parse_obj_as" has incompatible type "<typing special form>"; expected "type[Never]"  [arg-type]
src/probe/media_usage/raw_client.py:230: error: Argument "type_" to "parse_obj_as" has incompatible type "<typing special form>"; expected "type[Never]"  [arg-type]
src/probe/media_usage/raw_client.py:241: error: Argument "type_" to "parse_obj_as" has incompatible type "<typing special form>"; expected "type[Never]"  [arg-type]
src/probe/logs_received/raw_client.py:85: error: Argument "type_" to "parse_obj_as" has incompatible type "<typing special form>"; expected "type[Never]"  [arg-type]
src/probe/logs_received/raw_client.py:161: error: Argument "type_" to "parse_obj_as" has incompatible type "<typing special form>"; expected "type[Never]"  [arg-type]
src/probe/logs_rayid/raw_client.py:69: error: Argument "type_" to "parse_obj_as" has incompatible type "<typing special form>"; expected "type[Never]"  [arg-type]
src/probe/logs_rayid/raw_client.py:132: error: Argument "type_" to "parse_obj_as" has incompatible type "<typing special form>"; expected "type[Never]"  [arg-type]
src/probe/intel_indicator_feeds_snapshots/raw_client.py:105: error: Argument "type_" to "parse_obj_as" has incompatible type "<typing special form>"; expected "type[Never]"  [arg-type]
src/probe/intel_indicator_feeds_snapshots/raw_client.py:199: error: Argument "type_" to "parse_obj_as" has incompatible type "<typing special form>"; expected "type[Never]"  [arg-type]
src/probe/dls_regions/raw_client.py:85: error: Argument "type_" to "parse_obj_as" has incompatible type "<typing special form>"; expected "type[Never]"  [arg-type]
src/probe/dls_regions/raw_client.py:96: error: Argument "type_" to "parse_obj_as" has incompatible type "<typing special form>"; expected "type[Never]"  [arg-type]
src/probe/dls_regions/raw_client.py:107: error: Argument "type_" to "parse_obj_as" has incompatible type "<typing special form>"; expected "type[Never]"  [arg-type]
src/probe/dls_regions/raw_client.py:118: error: Argument "type_" to "parse_obj_as" has incompatible type "<typing special form>"; expected "type[Never]"  [arg-type]
src/probe/dls_regions/raw_client.py:175: error: Argument "type_" to "parse_obj_as" has incompatible type "<typing special form>"; expected "type[Never]"  [arg-type]
src/probe/dls_regions/raw_client.py:186: error: Argument "type_" to "parse_obj_as" has incompatible type "<typing special form>"; expected "type[Never]"  [arg-type]
src/probe/dls_regions/raw_client.py:197: error: Argument "type_" to "parse_obj_as" has incompatible type "<typing special form>"; expected "type[Never]"  [arg-type]
src/probe/dls_regions/raw_client.py:208: error: Argument "type_" to "parse_obj_as" has incompatible type "<typing special form>"; expected "type[Never]"  [arg-type]
src/probe/dls_regions/raw_client.py:283: error: Argument "type_" to "parse_obj_as" has incompatible type "<typing special form>"; expected "type[Never]"  [arg-type]
src/probe/dls_regions/raw_client.py:294: error: Argument "type_" to "parse_obj_as" has incompatible type "<typing special form>"; expected "type[Never]"  [arg-type]
src/probe/dls_regions/raw_client.py:305: error: Argument "type_" to "parse_obj_as" has incompatible type "<typing special form>"; expected "type[Never]"  [arg-type]
src/probe/dls_regions/raw_client.py:316: error: Argument "type_" to "parse_obj_as" has incompatible type "<typing special form>"; expected "type[Never]"  [arg-type]
src/probe/dls_regions/raw_client.py:373: error: Argument "type_" to "parse_obj_as" has incompatible type "<typing special form>"; expected "type[Never]"  [arg-type]
src/probe/dls_regions/raw_client.py:384: error: Argument "type_" to "parse_obj_as" has incompatible type "<typing special form>"; expected "type[Never]"  [arg-type]
src/probe/dls_regions/raw_client.py:395: error: Argument "type_" to "parse_obj_as" has incompatible type "<typing special form>"; expected "type[Never]"  [arg-type]
src/probe/dls_regions/raw_client.py:406: error: Argument "type_" to "parse_obj_as" has incompatible type "<typing special form>"; expected "type[Never]"  [arg-type]
src/probe/containers_registries_credentials/raw_client.py:92: error: Argument "type_" to "parse_obj_as" has incompatible type "<typing special form>"; expected "type[Never]"  [arg-type]
src/probe/containers_registries_credentials/raw_client.py:103: error: Argument "type_" to "parse_obj_as" has incompatible type "<typing special form>"; expected "type[Never]"  [arg-type]
src/probe/containers_registries_credentials/raw_client.py:114: error: Argument "type_" to "parse_obj_as" has incompatible type "<typing special form>"; expected "type[Never]"  [arg-type]
src/probe/containers_registries_credentials/raw_client.py:125: error: Argument "type_" to "parse_obj_as" has incompatible type "<typing special form>"; expected "type[Never]"  [arg-type]
src/probe/containers_registries_credentials/raw_client.py:136: error: Argument "type_" to "parse_obj_as" has incompatible type "<typing special form>"; expected "type[Never]"  [arg-type]
src/probe/containers_registries_credentials/raw_client.py:217: error: Argument "type_" to "parse_obj_as" has incompatible type "<typing special form>"; expected "type[Never]"  [arg-type]
src/probe/containers_registries_credentials/raw_client.py:228: error: Argument "type_" to "parse_obj_as" has incompatible type "<typing special form>"; expected "type[Never]"  [arg-type]
src/probe/containers_registries_credentials/raw_client.py:239: error: Argument "type_" to "parse_obj_as" has incompatible type "<typing special form>"; expected "type[Never]"  [arg-type]
src/probe/containers_registries_credentials/raw_client.py:250: error: Argument "type_" to "parse_obj_as" has incompatible type "<typing special form>"; expected "type[Never]"  [arg-type]
src/probe/containers_registries_credentials/raw_client.py:261: error: Argument "type_" to "parse_obj_as" has incompatible type "<typing special form>"; expected "type[Never]"  [arg-type]
src/probe/cloudforce_one_stakeout_indicators/raw_client.py:123: error: Argument "type_" to "parse_obj_as" has incompatible type "<typing special form>"; expected "type[Never]"  [arg-type]
src/probe/cloudforce_one_stakeout_indicators/raw_client.py:232: error: Argument "type_" to "parse_obj_as" has incompatible type "<typing special form>"; expected "type[Never]"  [arg-type]
src/probe/cloudforce_one_events_relationships/raw_client.py:112: error: Argument "type_" to "parse_obj_as" has incompatible type "<typing special form>"; expected "type[Never]"  [arg-type]
src/probe/cloudforce_one_events_relationships/raw_client.py:218: error: Argument "type_" to "parse_obj_as" has incompatible type "<typing special form>"; expected "type[Never]"  [arg-type]
src/probe/ai_models/raw_client.py:99: error: Argument "type_" to "parse_obj_as" has incompatible type "<typing special form>"; expected "type[Never]"  [arg-type]
src/probe/ai_models/raw_client.py:110: error: Argument "type_" to "parse_obj_as" has incompatible type "<typing special form>"; expected "type[Never]"  [arg-type]
src/probe/ai_models/raw_client.py:205: error: Argument "type_" to "parse_obj_as" has incompatible type "<typing special form>"; expected "type[Never]"  [arg-type]
src/probe/ai_models/raw_client.py:216: error: Argument "type_" to "parse_obj_as" has incompatible type "<typing special form>"; expected "type[Never]"  [arg-type]
src/probe/ai_gateway_logs/raw_client.py:195: error: Argument "type_" to "parse_obj_as" has incompatible type "<typing special form>"; expected "type[Never]"  [arg-type]
src/probe/ai_gateway_logs/raw_client.py:272: error: Argument "type_" to "parse_obj_as" has incompatible type "<typing special form>"; expected "type[Never]"  [arg-type]
src/probe/ai_gateway_logs/raw_client.py:329: error: Argument "type_" to "parse_obj_as" has incompatible type "<typing special form>"; expected "type[Never]"  [arg-type]
src/probe/ai_gateway_logs/raw_client.py:409: error: Argument "type_" to "parse_obj_as" has incompatible type "<typing special form>"; expected "type[Never]"  [arg-type]
src/probe/ai_gateway_logs/raw_client.py:466: error: Argument "type_" to "parse_obj_as" has incompatible type "<typing special form>"; expected "type[Never]"  [arg-type]
src/probe/ai_gateway_logs/raw_client.py:523: error: Argument "type_" to "parse_obj_as" has incompatible type "<typing special form>"; expected "type[Never]"  [arg-type]
src/probe/ai_gateway_logs/raw_client.py:701: error: Argument "type_" to "parse_obj_as" has incompatible type "<typing special form>"; expected "type[Never]"  [arg-type]
src/probe/ai_gateway_logs/raw_client.py:778: error: Argument "type_" to "parse_obj_as" has incompatible type "<typing special form>"; expected "type[Never]"  [arg-type]
src/probe/ai_gateway_logs/raw_client.py:835: error: Argument "type_" to "parse_obj_as" has incompatible type "<typing special form>"; expected "type[Never]"  [arg-type]
src/probe/ai_gateway_logs/raw_client.py:915: error: Argument "type_" to "parse_obj_as" has incompatible type "<typing special form>"; expected "type[Never]"  [arg-type]
src/probe/ai_gateway_logs/raw_client.py:972: error: Argument "type_" to "parse_obj_as" has incompatible type "<typing special form>"; expected "type[Never]"  [arg-type]
src/probe/ai_gateway_logs/raw_client.py:1029: error: Argument "type_" to "parse_obj_as" has incompatible type "<typing special form>"; expected "type[Never]"  [arg-type]
src/probe/ai_gateway_evaluation_types/raw_client.py:85: error: Argument "type_" to "parse_obj_as" has incompatible type "<typing special form>"; expected "type[Never]"  [arg-type]
src/probe/ai_gateway_evaluation_types/raw_client.py:164: error: Argument "type_" to "parse_obj_as" has incompatible type "<typing special form>"; expected "type[Never]"  [arg-type]
src/probe/ai_gateway_billing_spending_limit/raw_client.py:75: error: Argument "type_" to "parse_obj_as" has incompatible type "<typing special form>"; expected "type[Never]"  [arg-type]
src/probe/ai_gateway_billing_spending_limit/raw_client.py:86: error: Argument "type_" to "parse_obj_as" has incompatible type "<typing special form>"; expected "type[Never]"  [arg-type]
src/probe/ai_gateway_billing_spending_limit/raw_client.py:97: error: Argument "type_" to "parse_obj_as" has incompatible type "<typing special form>"; expected "type[Never]"  [arg-type]
src/probe/ai_gateway_billing_spending_limit/raw_client.py:175: error: Argument "type_" to "parse_obj_as" has incompatible type "<typing special form>"; expected "type[Never]"  [arg-type]
src/probe/ai_gateway_billing_spending_limit/raw_client.py:186: error: Argument "type_" to "parse_obj_as" has incompatible type "<typing special form>"; expected "type[Never]"  [arg-type]
src/probe/ai_gateway_billing_spending_limit/raw_client.py:197: error: Argument "type_" to "parse_obj_as" has incompatible type "<typing special form>"; expected "type[Never]"  [arg-type]
src/probe/ai_gateway_billing_spending_limit/raw_client.py:251: error: Argument "type_" to "parse_obj_as" has incompatible type "<typing special form>"; expected "type[Never]"  [arg-type]
src/probe/ai_gateway_billing_spending_limit/raw_client.py:262: error: Argument "type_" to "parse_obj_as" has incompatible type "<typing special form>"; expected "type[Never]"  [arg-type]
src/probe/ai_gateway_billing_spending_limit/raw_client.py:273: error: Argument "type_" to "parse_obj_as" has incompatible type "<typing special form>"; expected "type[Never]"  [arg-type]
src/probe/ai_gateway_billing_spending_limit/raw_client.py:332: error: Argument "type_" to "parse_obj_as" has incompatible type "<typing special form>"; expected "type[Never]"  [arg-type]
src/probe/ai_gateway_billing_spending_limit/raw_client.py:343: error: Argument "type_" to "parse_obj_as" has incompatible type "<typing special form>"; expected "type[Never]"  [arg-type]
src/probe/ai_gateway_billing_spending_limit/raw_client.py:354: error: Argument "type_" to "parse_obj_as" has incompatible type "<typing special form>"; expected "type[Never]"  [arg-type]
src/probe/ai_gateway_billing_spending_limit/raw_client.py:432: error: Argument "type_" to "parse_obj_as" has incompatible type "<typing special form>"; expected "type[Never]"  [arg-type]
src/probe/ai_gateway_billing_spending_limit/raw_client.py:443: error: Argument "type_" to "parse_obj_as" has incompatible type "<typing special form>"; expected "type[Never]"  [arg-type]
src/probe/ai_gateway_billing_spending_limit/raw_client.py:454: error: Argument "type_" to "parse_obj_as" has incompatible type "<typing special form>"; expected "type[Never]"  [arg-type]
src/probe/ai_gateway_billing_spending_limit/raw_client.py:508: error: Argument "type_" to "parse_obj_as" has incompatible type "<typing special form>"; expected "type[Never]"  [arg-type]
src/probe/ai_gateway_billing_spending_limit/raw_client.py:519: error: Argument "type_" to "parse_obj_as" has incompatible type "<typing special form>"; expected "type[Never]"  [arg-type]
src/probe/ai_gateway_billing_spending_limit/raw_client.py:530: error: Argument "type_" to "parse_obj_as" has incompatible type "<typing special form>"; expected "type[Never]"  [arg-type]
src/probe/account_tags/raw_client.py:154: error: Argument "type_" to "parse_obj_as" has incompatible type "<typing special form>"; expected "type[Never]"  [arg-type]
src/probe/account_tags/raw_client.py:220: error: Argument "type_" to "parse_obj_as" has incompatible type "<typing special form>"; expected "type[Never]"  [arg-type]
src/probe/account_tags/raw_client.py:361: error: Argument "type_" to "parse_obj_as" has incompatible type "<typing special form>"; expected "type[Never]"  [arg-type]
src/probe/account_tags/raw_client.py:427: error: Argument "type_" to "parse_obj_as" has incompatible type "<typing special form>"; expected "type[Never]"  [arg-type]
src/probe/url_scanner_scans/raw_client.py:94: error: Argument "type_" to "parse_obj_as" has incompatible type "<typing special form>"; expected "type[Never]"  [arg-type]
src/probe/url_scanner_scans/raw_client.py:105: error: Argument "type_" to "parse_obj_as" has incompatible type "<typing special form>"; expected "type[Never]"  [arg-type]
src/probe/url_scanner_scans/raw_client.py:155: error: Argument "type_" to "parse_obj_as" has incompatible type "<typing special form>"; expected "type[Never]"  [arg-type]
src/probe/url_scanner_scans/raw_client.py:166: error: Argument "type_" to "parse_obj_as" has incompatible type "<typing special form>"; expected "type[Never]"  [arg-type]
src/probe/url_scanner_scans/raw_client.py:223: error: Argument "type_" to "parse_obj_as" has incompatible type "<typing special form>"; expected "type[Never]"  [arg-type]
src/probe/url_scanner_scans/raw_client.py:234: error: Argument "type_" to "parse_obj_as" has incompatible type "<typing special form>"; expected "type[Never]"  [arg-type]
src/probe/url_scanner_scans/raw_client.py:291: error: Argument "type_" to "parse_obj_as" has incompatible type "<typing special form>"; expected "type[Never]"  [arg-type]
src/probe/url_scanner_scans/raw_client.py:302: error: Argument "type_" to "parse_obj_as" has incompatible type "<typing special form>"; expected "type[Never]"  [arg-type]
src/probe/url_scanner_scans/raw_client.py:404: error: Argument "type_" to "parse_obj_as" has incompatible type "<typing special form>"; expected "type[Never]"  [arg-type]
src/probe/url_scanner_scans/raw_client.py:415: error: Argument "type_" to "parse_obj_as" has incompatible type "<typing special form>"; expected "type[Never]"  [arg-type]
src/probe/url_scanner_scans/raw_client.py:426: error: Argument "type_" to "parse_obj_as" has incompatible type "<typing special form>"; expected "type[Never]"  [arg-type]
src/probe/url_scanner_scans/raw_client.py:494: error: Argument "type_" to "parse_obj_as" has incompatible type "<typing special form>"; expected "type[Never]"  [arg-type]
src/probe/url_scanner_scans/raw_client.py:505: error: Argument "type_" to "parse_obj_as" has incompatible type "<typing special form>"; expected "type[Never]"  [arg-type]
src/probe/url_scanner_scans/raw_client.py:581: error: Argument "type_" to "parse_obj_as" has incompatible type "<typing special form>"; expected "type[Never]"  [arg-type]
src/probe/url_scanner_scans/raw_client.py:653: error: Argument "type_" to "parse_obj_as" has incompatible type "<typing special form>"; expected "type[Never]"  [arg-type]
src/probe/url_scanner_scans/raw_client.py:664: error: Argument "type_" to "parse_obj_as" has incompatible type "<typing special form>"; expected "type[Never]"  [arg-type]
src/probe/url_scanner_scans/raw_client.py:714: error: Argument "type_" to "parse_obj_as" has incompatible type "<typing special form>"; expected "type[Never]"  [arg-type]
src/probe/url_scanner_scans/raw_client.py:725: error: Argument "type_" to "parse_obj_as" has incompatible type "<typing special form>"; expected "type[Never]"  [arg-type]
src/probe/url_scanner_scans/raw_client.py:782: error: Argument "type_" to "parse_obj_as" has incompatible type "<typing special form>"; expected "type[Never]"  [arg-type]
src/probe/url_scanner_scans/raw_client.py:793: error: Argument "type_" to "parse_obj_as" has incompatible type "<typing special form>"; expected "type[Never]"  [arg-type]
src/probe/url_scanner_scans/raw_client.py:850: error: Argument "type_" to "parse_obj_as" has incompatible type "<typing special form>"; expected "type[Never]"  [arg-type]
src/probe/url_scanner_scans/raw_client.py:861: error: Argument "type_" to "parse_obj_as" has incompatible type "<typing special form>"; expected "type[Never]"  [arg-type]
src/probe/url_scanner_scans/raw_client.py:963: error: Argument "type_" to "parse_obj_as" has incompatible type "<typing special form>"; expected "type[Never]"  [arg-type]
src/probe/url_scanner_scans/raw_client.py:974: error: Argument "type_" to "parse_obj_as" has incompatible type "<typing special form>"; expected "type[Never]"  [arg-type]
src/probe/url_scanner_scans/raw_client.py:985: error: Argument "type_" to "parse_obj_as" has incompatible type "<typing special form>"; expected "type[Never]"  [arg-type]
src/probe/url_scanner_scans/raw_client.py:1054: error: Argument "type_" to "parse_obj_as" has incompatible type "<typing special form>"; expected "type[Never]"  [arg-type]
src/probe/url_scanner_scans/raw_client.py:1065: error: Argument "type_" to "parse_obj_as" has incompatible type "<typing special form>"; expected "type[Never]"  [arg-type]
src/probe/url_scanner_scans/raw_client.py:1141: error: Argument "type_" to "parse_obj_as" has incompatible type "<typing special form>"; expected "type[Never]"  [arg-type]
src/probe/stream_live_inputs/raw_client.py:327: error: Argument "type_" to "parse_obj_as" has incompatible type "<typing special form>"; expected "type[Never]"  [arg-type]
src/probe/stream_live_inputs/raw_client.py:638: error: Argument "type_" to "parse_obj_as" has incompatible type "<typing special form>"; expected "type[Never]"  [arg-type]
src/probe/flagship_apps_evaluate/raw_client.py:91: error: Argument "type_" to "parse_obj_as" has incompatible type "<typing special form>"; expected "type[Never]"  [arg-type]
src/probe/flagship_apps_evaluate/raw_client.py:102: error: Argument "type_" to "parse_obj_as" has incompatible type "<typing special form>"; expected "type[Never]"  [arg-type]
src/probe/flagship_apps_evaluate/raw_client.py:113: error: Argument "type_" to "parse_obj_as" has incompatible type "<typing special form>"; expected "type[Never]"  [arg-type]
src/probe/flagship_apps_evaluate/raw_client.py:124: error: Argument "type_" to "parse_obj_as" has incompatible type "<typing special form>"; expected "type[Never]"  [arg-type]
src/probe/flagship_apps_evaluate/raw_client.py:135: error: Argument "type_" to "parse_obj_as" has incompatible type "<typing special form>"; expected "type[Never]"  [arg-type]
src/probe/flagship_apps_evaluate/raw_client.py:146: error: Argument "type_" to "parse_obj_as" has incompatible type "<typing special form>"; expected "type[Never]"  [arg-type]
src/probe/flagship_apps_evaluate/raw_client.py:223: error: Argument "type_" to "parse_obj_as" has incompatible type "<typing special form>"; expected "type[Never]"  [arg-type]
src/probe/flagship_apps_evaluate/raw_client.py:234: error: Argument "type_" to "parse_obj_as" has incompatible type "<typing special form>"; expected "type[Never]"  [arg-type]
src/probe/flagship_apps_evaluate/raw_client.py:245: error: Argument "type_" to "parse_obj_as" has incompatible type "<typing special form>"; expected "type[Never]"  [arg-type]
src/probe/flagship_apps_evaluate/raw_client.py:256: error: Argument "type_" to "parse_obj_as" has incompatible type "<typing special form>"; expected "type[Never]"  [arg-type]
src/probe/flagship_apps_evaluate/raw_client.py:267: error: Argument "type_" to "parse_obj_as" has incompatible type "<typing special form>"; expected "type[Never]"  [arg-type]
src/probe/flagship_apps_evaluate/raw_client.py:278: error: Argument "type_" to "parse_obj_as" has incompatible type "<typing special form>"; expected "type[Never]"  [arg-type]
src/probe/flagship_apps_evaluate/raw_client.py:356: error: Argument "type_" to "parse_obj_as" has incompatible type "<typing special form>"; expected "type[Never]"  [arg-type]
src/probe/flagship_apps_evaluate/raw_client.py:367: error: Argument "type_" to "parse_obj_as" has incompatible type "<typing special form>"; expected "type[Never]"  [arg-type]
src/probe/flagship_apps_evaluate/raw_client.py:378: error: Argument "type_" to "parse_obj_as" has incompatible type "<typing special form>"; expected "type[Never]"  [arg-type]
src/probe/flagship_apps_evaluate/raw_client.py:389: error: Argument "type_" to "parse_obj_as" has incompatible type "<typing special form>"; expected "type[Never]"  [arg-type]
src/probe/flagship_apps_evaluate/raw_client.py:400: error: Argument "type_" to "parse_obj_as" has incompatible type "<typing special form>"; expected "type[Never]"  [arg-type]
src/probe/flagship_apps_evaluate/raw_client.py:411: error: Argument "type_" to "parse_obj_as" has incompatible type "<typing special form>"; expected "type[Never]"  [arg-type]
src/probe/flagship_apps_evaluate/raw_client.py:488: error: Argument "type_" to "parse_obj_as" has incompatible type "<typing special form>"; expected "type[Never]"  [arg-type]
src/probe/flagship_apps_evaluate/raw_client.py:499: error: Argument "type_" to "parse_obj_as" has incompatible type "<typing special form>"; expected "type[Never]"  [arg-type]
src/probe/flagship_apps_evaluate/raw_client.py:510: error: Argument "type_" to "parse_obj_as" has incompatible type "<typing special form>"; expected "type[Never]"  [arg-type]
src/probe/flagship_apps_evaluate/raw_client.py:521: error: Argument "type_" to "parse_obj_as" has incompatible type "<typing special form>"; expected "type[Never]"  [arg-type]
src/probe/flagship_apps_evaluate/raw_client.py:532: error: Argument "type_" to "parse_obj_as" has incompatible type "<typing special form>"; expected "type[Never]"  [arg-type]
src/probe/flagship_apps_evaluate/raw_client.py:543: error: Argument "type_" to "parse_obj_as" has incompatible type "<typing special form>"; expected "type[Never]"  [arg-type]
src/probe/firewall_waf_packages/types/edit_firewall_waf_packages_response.py:11: error: Invalid base class "FirewallPackageResponseSingle"  [misc]
src/probe/cloudforce_one_threat_events_datasets/raw_client.py:83: error: Argument "type_" to "parse_obj_as" has incompatible type "<typing special form>"; expected "type[Never]"  [arg-type]
src/probe/cloudforce_one_threat_events_datasets/raw_client.py:140: error: Argument "type_" to "parse_obj_as" has incompatible type "<typing special form>"; expected "type[Never]"  [arg-type]
src/probe/cloudforce_one_threat_events_datasets/raw_client.py:217: error: Argument "type_" to "parse_obj_as" has incompatible type "<typing special form>"; expected "type[Never]"  [arg-type]
src/probe/cloudforce_one_threat_events_datasets/raw_client.py:285: error: Argument "type_" to "parse_obj_as" has incompatible type "<typing special form>"; expected "type[Never]"  [arg-type]
src/probe/cloudforce_one_threat_events_datasets/raw_client.py:350: error: Argument "type_" to "parse_obj_as" has incompatible type "<typing special form>"; expected "type[Never]"  [arg-type]
src/probe/cloudforce_one_threat_events_datasets/raw_client.py:361: error: Argument "type_" to "parse_obj_as" has incompatible type "<typing special form>"; expected "type[Never]"  [arg-type]
src/probe/cloudforce_one_threat_events_datasets/raw_client.py:430: error: Argument "type_" to "parse_obj_as" has incompatible type "<typing special form>"; expected "type[Never]"  [arg-type]
src/probe/cloudforce_one_threat_events_datasets/raw_client.py:487: error: Argument "type_" to "parse_obj_as" has incompatible type "<typing special form>"; expected "type[Never]"  [arg-type]
src/probe/cloudforce_one_threat_events_datasets/raw_client.py:564: error: Argument "type_" to "parse_obj_as" has incompatible type "<typing special form>"; expected "type[Never]"  [arg-type]
src/probe/cloudforce_one_threat_events_datasets/raw_client.py:632: error: Argument "type_" to "parse_obj_as" has incompatible type "<typing special form>"; expected "type[Never]"  [arg-type]
src/probe/cloudforce_one_threat_events_datasets/raw_client.py:697: error: Argument "type_" to "parse_obj_as" has incompatible type "<typing special form>"; expected "type[Never]"  [arg-type]
src/probe/cloudforce_one_threat_events_datasets/raw_client.py:708: error: Argument "type_" to "parse_obj_as" has incompatible type "<typing special form>"; expected "type[Never]"  [arg-type]
src/probe/cloudforce_one_threat_events/raw_client.py:131: error: Argument "type_" to "parse_obj_as" has incompatible type "<typing special form>"; expected "type[Never]"  [arg-type]
src/probe/cloudforce_one_threat_events/raw_client.py:188: error: Argument "type_" to "parse_obj_as" has incompatible type "<typing special form>"; expected "type[Never]"  [arg-type]
src/probe/cloudforce_one_threat_events/raw_client.py:314: error: Argument "type_" to "parse_obj_as" has incompatible type "<typing special form>"; expected "type[Never]"  [arg-type]
src/probe/cloudforce_one_threat_events/raw_client.py:455: error: Argument "type_" to "parse_obj_as" has incompatible type "<typing special form>"; expected "type[Never]"  [arg-type]
src/probe/cloudforce_one_threat_events/raw_client.py:535: error: Argument "type_" to "parse_obj_as" has incompatible type "<typing special form>"; expected "type[Never]"  [arg-type]
src/probe/cloudforce_one_threat_events/raw_client.py:641: error: Argument "type_" to "parse_obj_as" has incompatible type "<typing special form>"; expected "type[Never]"  [arg-type]
src/probe/cloudforce_one_threat_events/raw_client.py:698: error: Argument "type_" to "parse_obj_as" has incompatible type "<typing special form>"; expected "type[Never]"  [arg-type]
src/probe/cloudforce_one_threat_events/raw_client.py:824: error: Argument "type_" to "parse_obj_as" has incompatible type "<typing special form>"; expected "type[Never]"  [arg-type]
src/probe/cloudforce_one_threat_events/raw_client.py:965: error: Argument "type_" to "parse_obj_as" has incompatible type "<typing special form>"; expected "type[Never]"  [arg-type]
src/probe/cloudforce_one_threat_events/raw_client.py:1045: error: Argument "type_" to "parse_obj_as" has incompatible type "<typing special form>"; expected "type[Never]"  [arg-type]
src/probe/cloudforce_one_events_dataset_permissions/raw_client.py:89: error: Argument "type_" to "parse_obj_as" has incompatible type "<typing special form>"; expected "type[Never]"  [arg-type]
src/probe/cloudforce_one_events_dataset_permissions/raw_client.py:100: error: Argument "type_" to "parse_obj_as" has incompatible type "<typing special form>"; expected "type[Never]"  [arg-type]
src/probe/cloudforce_one_events_dataset_permissions/raw_client.py:179: error: Argument "type_" to "parse_obj_as" has incompatible type "<typing special form>"; expected "type[Never]"  [arg-type]
src/probe/cloudforce_one_events_dataset_permissions/raw_client.py:253: error: Argument "type_" to "parse_obj_as" has incompatible type "<typing special form>"; expected "type[Never]"  [arg-type]
src/probe/cloudforce_one_events_dataset_permissions/raw_client.py:264: error: Argument "type_" to "parse_obj_as" has incompatible type "<typing special form>"; expected "type[Never]"  [arg-type]
src/probe/cloudforce_one_events_dataset_permissions/raw_client.py:328: error: Argument "type_" to "parse_obj_as" has incompatible type "<typing special form>"; expected "type[Never]"  [arg-type]
src/probe/cloudforce_one_events_dataset_permissions/raw_client.py:339: error: Argument "type_" to "parse_obj_as" has incompatible type "<typing special form>"; expected "type[Never]"  [arg-type]
src/probe/cloudforce_one_events_dataset_permissions/raw_client.py:401: error: Argument "type_" to "parse_obj_as" has incompatible type "<typing special form>"; expected "type[Never]"  [arg-type]
src/probe/cloudforce_one_events_dataset_permissions/raw_client.py:412: error: Argument "type_" to "parse_obj_as" has incompatible type "<typing special form>"; expected "type[Never]"  [arg-type]
src/probe/cloudforce_one_events_dataset_permissions/raw_client.py:491: error: Argument "type_" to "parse_obj_as" has incompatible type "<typing special form>"; expected "type[Never]"  [arg-type]
src/probe/cloudforce_one_events_dataset_permissions/raw_client.py:565: error: Argument "type_" to "parse_obj_as" has incompatible type "<typing special form>"; expected "type[Never]"  [arg-type]
src/probe/cloudforce_one_events_dataset_permissions/raw_client.py:576: error: Argument "type_" to "parse_obj_as" has incompatible type "<typing special form>"; expected "type[Never]"  [arg-type]
src/probe/cloudforce_one_events_dataset_permissions/raw_client.py:640: error: Argument "type_" to "parse_obj_as" has incompatible type "<typing special form>"; expected "type[Never]"  [arg-type]
src/probe/cloudforce_one_events_dataset_permissions/raw_client.py:651: error: Argument "type_" to "parse_obj_as" has incompatible type "<typing special form>"; expected "type[Never]"  [arg-type]
src/probe/browser_run_devtools_browser/raw_client.py:93: error: Argument "type_" to "parse_obj_as" has incompatible type "<typing special form>"; expected "type[Never]"  [arg-type]
src/probe/browser_run_devtools_browser/raw_client.py:104: error: Argument "type_" to "parse_obj_as" has incompatible type "<typing special form>"; expected "type[Never]"  [arg-type]
src/probe/browser_run_devtools_browser/raw_client.py:115: error: Argument "type_" to "parse_obj_as" has incompatible type "<typing special form>"; expected "type[Never]"  [arg-type]
src/probe/browser_run_devtools_browser/raw_client.py:210: error: Argument "type_" to "parse_obj_as" has incompatible type "<typing special form>"; expected "type[Never]"  [arg-type]
src/probe/browser_run_devtools_browser/raw_client.py:286: error: Argument "type_" to "parse_obj_as" has incompatible type "<typing special form>"; expected "type[Never]"  [arg-type]
src/probe/browser_run_devtools_browser/raw_client.py:297: error: Argument "type_" to "parse_obj_as" has incompatible type "<typing special form>"; expected "type[Never]"  [arg-type]
src/probe/browser_run_devtools_browser/raw_client.py:308: error: Argument "type_" to "parse_obj_as" has incompatible type "<typing special form>"; expected "type[Never]"  [arg-type]
src/probe/browser_run_devtools_browser/raw_client.py:365: error: Argument "type_" to "parse_obj_as" has incompatible type "<typing special form>"; expected "type[Never]"  [arg-type]
src/probe/browser_run_devtools_browser/raw_client.py:422: error: Argument "type_" to "parse_obj_as" has incompatible type "<typing special form>"; expected "type[Never]"  [arg-type]
src/probe/browser_run_devtools_browser/raw_client.py:433: error: Argument "type_" to "parse_obj_as" has incompatible type "<typing special form>"; expected "type[Never]"  [arg-type]
src/probe/browser_run_devtools_browser/raw_client.py:490: error: Argument "type_" to "parse_obj_as" has incompatible type "<typing special form>"; expected "type[Never]"  [arg-type]
src/probe/browser_run_devtools_browser/raw_client.py:501: error: Argument "type_" to "parse_obj_as" has incompatible type "<typing special form>"; expected "type[Never]"  [arg-type]
src/probe/browser_run_devtools_browser/raw_client.py:578: error: Argument "type_" to "parse_obj_as" has incompatible type "<typing special form>"; expected "type[Never]"  [arg-type]
src/probe/browser_run_devtools_browser/raw_client.py:589: error: Argument "type_" to "parse_obj_as" has incompatible type "<typing special form>"; expected "type[Never]"  [arg-type]
src/probe/browser_run_devtools_browser/raw_client.py:600: error: Argument "type_" to "parse_obj_as" has incompatible type "<typing special form>"; expected "type[Never]"  [arg-type]
src/probe/browser_run_devtools_browser/raw_client.py:695: error: Argument "type_" to "parse_obj_as" has incompatible type "<typing special form>"; expected "type[Never]"  [arg-type]
src/probe/browser_run_devtools_browser/raw_client.py:771: error: Argument "type_" to "parse_obj_as" has incompatible type "<typing special form>"; expected "type[Never]"  [arg-type]
src/probe/browser_run_devtools_browser/raw_client.py:782: error: Argument "type_" to "parse_obj_as" has incompatible type "<typing special form>"; expected "type[Never]"  [arg-type]
src/probe/browser_run_devtools_browser/raw_client.py:793: error: Argument "type_" to "parse_obj_as" has incompatible type "<typing special form>"; expected "type[Never]"  [arg-type]
src/probe/browser_run_devtools_browser/raw_client.py:850: error: Argument "type_" to "parse_obj_as" has incompatible type "<typing special form>"; expected "type[Never]"  [arg-type]
src/probe/browser_run_devtools_browser/raw_client.py:907: error: Argument "type_" to "parse_obj_as" has incompatible type "<typing special form>"; expected "type[Never]"  [arg-type]
src/probe/browser_run_devtools_browser/raw_client.py:918: error: Argument "type_" to "parse_obj_as" has incompatible type "<typing special form>"; expected "type[Never]"  [arg-type]
src/probe/browser_run_devtools_browser/raw_client.py:975: error: Argument "type_" to "parse_obj_as" has incompatible type "<typing special form>"; expected "type[Never]"  [arg-type]
src/probe/browser_run_devtools_browser/raw_client.py:986: error: Argument "type_" to "parse_obj_as" has incompatible type "<typing special form>"; expected "type[Never]"  [arg-type]
src/probe/zero_trust_access_custom_pages/raw_client.py:178: error: Argument "type_" to "parse_obj_as" has incompatible type "<typing special form>"; expected "type[Never]"  [arg-type]
src/probe/zero_trust_access_custom_pages/raw_client.py:328: error: Argument "type_" to "parse_obj_as" has incompatible type "<typing special form>"; expected "type[Never]"  [arg-type]
src/probe/zero_trust_access_custom_pages/raw_client.py:600: error: Argument "type_" to "parse_obj_as" has incompatible type "<typing special form>"; expected "type[Never]"  [arg-type]
src/probe/zero_trust_access_custom_pages/raw_client.py:750: error: Argument "type_" to "parse_obj_as" has incompatible type "<typing special form>"; expected "type[Never]"  [arg-type]
src/probe/zero_trust_access_applications_policy_tests_users/raw_client.py:87: error: Argument "type_" to "parse_obj_as" has incompatible type "<typing special form>"; expected "type[Never]"  [arg-type]
src/probe/zero_trust_access_applications_policy_tests_users/raw_client.py:166: error: Argument "type_" to "parse_obj_as" has incompatible type "<typing special form>"; expected "type[Never]"  [arg-type]
src/probe/workflows_instances_status/raw_client.py:88: error: Argument "type_" to "parse_obj_as" has incompatible type "<typing special form>"; expected "type[Never]"  [arg-type]
src/probe/workflows_instances_status/raw_client.py:99: error: Argument "type_" to "parse_obj_as" has incompatible type "<typing special form>"; expected "type[Never]"  [arg-type]
src/probe/workflows_instances_status/raw_client.py:110: error: Argument "type_" to "parse_obj_as" has incompatible type "<typing special form>"; expected "type[Never]"  [arg-type]
src/probe/workflows_instances_status/raw_client.py:188: error: Argument "type_" to "parse_obj_as" has incompatible type "<typing special form>"; expected "type[Never]"  [arg-type]
src/probe/workflows_instances_status/raw_client.py:199: error: Argument "type_" to "parse_obj_as" has incompatible type "<typing special form>"; expected "type[Never]"  [arg-type]
src/probe/workflows_instances_status/raw_client.py:210: error: Argument "type_" to "parse_obj_as" has incompatible type "<typing special form>"; expected "type[Never]"  [arg-type]
src/probe/workflows_instances_batch/raw_client.py:85: error: Argument "type_" to "parse_obj_as" has incompatible type "<typing special form>"; expected "type[Never]"  [arg-type]
src/probe/workflows_instances_batch/raw_client.py:96: error: Argument "type_" to "parse_obj_as" has incompatible type "<typing special form>"; expected "type[Never]"  [arg-type]
src/probe/workflows_instances_batch/raw_client.py:172: error: Argument "type_" to "parse_obj_as" has incompatible type "<typing special form>"; expected "type[Never]"  [arg-type]
src/probe/workflows_instances_batch/raw_client.py:183: error: Argument "type_" to "parse_obj_as" has incompatible type "<typing special form>"; expected "type[Never]"  [arg-type]
src/probe/workflows/raw_client.py:82: error: Argument "type_" to "parse_obj_as" has incompatible type "<typing special form>"; expected "type[Never]"  [arg-type]
src/probe/workflows/raw_client.py:137: error: Argument "type_" to "parse_obj_as" has incompatible type "<typing special form>"; expected "type[Never]"  [arg-type]
src/probe/workflows/raw_client.py:148: error: Argument "type_" to "parse_obj_as" has incompatible type "<typing special form>"; expected "type[Never]"  [arg-type]
src/probe/workflows/raw_client.py:203: error: Argument "type_" to "parse_obj_as" has incompatible type "<typing special form>"; expected "type[Never]"  [arg-type]
src/probe/workflows/raw_client.py:214: error: Argument "type_" to "parse_obj_as" has incompatible type "<typing special form>"; expected "type[Never]"  [arg-type]
src/probe/workflows/raw_client.py:290: error: Argument "type_" to "parse_obj_as" has incompatible type "<typing special form>"; expected "type[Never]"  [arg-type]
src/probe/workflows/raw_client.py:345: error: Argument "type_" to "parse_obj_as" has incompatible type "<typing special form>"; expected "type[Never]"  [arg-type]
src/probe/workflows/raw_client.py:356: error: Argument "type_" to "parse_obj_as" has incompatible type "<typing special form>"; expected "type[Never]"  [arg-type]
src/probe/workflows/raw_client.py:411: error: Argument "type_" to "parse_obj_as" has incompatible type "<typing special form>"; expected "type[Never]"  [arg-type]
src/probe/workflows/raw_client.py:422: error: Argument "type_" to "parse_obj_as" has incompatible type "<typing special form>"; expected "type[Never]"  [arg-type]
src/probe/workers_builds_repos_connections/raw_client.py:102: error: Argument "type_" to "parse_obj_as" has incompatible type "<typing special form>"; expected "type[Never]"  [arg-type]
src/probe/workers_builds_repos_connections/raw_client.py:161: error: Argument "type_" to "parse_obj_as" has incompatible type "<typing special form>"; expected "type[Never]"  [arg-type]
src/probe/workers_builds_repos_connections/raw_client.py:172: error: Argument "type_" to "parse_obj_as" has incompatible type "<typing special form>"; expected "type[Never]"  [arg-type]
src/probe/workers_builds_repos_connections/raw_client.py:259: error: Argument "type_" to "parse_obj_as" has incompatible type "<typing special form>"; expected "type[Never]"  [arg-type]
src/probe/workers_builds_repos_connections/raw_client.py:318: error: Argument "type_" to "parse_obj_as" has incompatible type "<typing special form>"; expected "type[Never]"  [arg-type]
src/probe/workers_builds_repos_connections/raw_client.py:329: error: Argument "type_" to "parse_obj_as" has incompatible type "<typing special form>"; expected "type[Never]"  [arg-type]
src/probe/workers_builds_deploy_hooks/raw_client.py:85: error: Argument "type_" to "parse_obj_as" has incompatible type "<typing special form>"; expected "type[Never]"  [arg-type]
src/probe/workers_builds_deploy_hooks/raw_client.py:159: error: Argument "type_" to "parse_obj_as" has incompatible type "<typing special form>"; expected "type[Never]"  [arg-type]
src/probe/workers_builds_deploy_hooks/raw_client.py:170: error: Argument "type_" to "parse_obj_as" has incompatible type "<typing special form>"; expected "type[Never]"  [arg-type]
src/probe/workers_builds_deploy_hooks/raw_client.py:181: error: Argument "type_" to "parse_obj_as" has incompatible type "<typing special form>"; expected "type[Never]"  [arg-type]
src/probe/workers_builds_deploy_hooks/raw_client.py:192: error: Argument "type_" to "parse_obj_as" has incompatible type "<typing special form>"; expected "type[Never]"  [arg-type]
src/probe/workers_builds_deploy_hooks/raw_client.py:256: error: Argument "type_" to "parse_obj_as" has incompatible type "<typing special form>"; expected "type[Never]"  [arg-type]
src/probe/workers_builds_deploy_hooks/raw_client.py:267: error: Argument "type_" to "parse_obj_as" has incompatible type "<typing special form>"; expected "type[Never]"  [arg-type]
src/probe/workers_builds_deploy_hooks/raw_client.py:345: error: Argument "type_" to "parse_obj_as" has incompatible type "<typing special form>"; expected "type[Never]"  [arg-type]
src/probe/workers_builds_deploy_hooks/raw_client.py:356: error: Argument "type_" to "parse_obj_as" has incompatible type "<typing special form>"; expected "type[Never]"  [arg-type]
src/probe/workers_builds_deploy_hooks/raw_client.py:367: error: Argument "type_" to "parse_obj_as" has incompatible type "<typing special form>"; expected "type[Never]"  [arg-type]
src/probe/workers_builds_deploy_hooks/raw_client.py:378: error: Argument "type_" to "parse_obj_as" has incompatible type "<typing special form>"; expected "type[Never]"  [arg-type]
src/probe/workers_builds_deploy_hooks/raw_client.py:442: error: Argument "type_" to "parse_obj_as" has incompatible type "<typing special form>"; expected "type[Never]"  [arg-type]
src/probe/workers_builds_deploy_hooks/raw_client.py:453: error: Argument "type_" to "parse_obj_as" has incompatible type "<typing special form>"; expected "type[Never]"  [arg-type]
src/probe/workers_builds_deploy_hooks/raw_client.py:507: error: Argument "type_" to "parse_obj_as" has incompatible type "<typing special form>"; expected "type[Never]"  [arg-type]
src/probe/workers_builds_deploy_hooks/raw_client.py:518: error: Argument "type_" to "parse_obj_as" has incompatible type "<typing special form>"; expected "type[Never]"  [arg-type]
src/probe/workers_builds_deploy_hooks/raw_client.py:583: error: Argument "type_" to "parse_obj_as" has incompatible type "<typing special form>"; expected "type[Never]"  [arg-type]
src/probe/workers_builds_deploy_hooks/raw_client.py:657: error: Argument "type_" to "parse_obj_as" has incompatible type "<typing special form>"; expected "type[Never]"  [arg-type]
src/probe/workers_builds_deploy_hooks/raw_client.py:668: error: Argument "type_" to "parse_obj_as" has incompatible type "<typing special form>"; expected "type[Never]"  [arg-type]
src/probe/workers_builds_deploy_hooks/raw_client.py:679: error: Argument "type_" to "parse_obj_as" has incompatible type "<typing special form>"; expected "type[Never]"  [arg-type]
src/probe/workers_builds_deploy_hooks/raw_client.py:690: error: Argument "type_" to "parse_obj_as" has incompatible type "<typing special form>"; expected "type[Never]"  [arg-type]
src/probe/workers_builds_deploy_hooks/raw_client.py:754: error: Argument "type_" to "parse_obj_as" has incompatible type "<typing special form>"; expected "type[Never]"  [arg-type]
src/probe/workers_builds_deploy_hooks/raw_client.py:765: error: Argument "type_" to "parse_obj_as" has incompatible type "<typing special form>"; expected "type[Never]"  [arg-type]
src/probe/workers_builds_deploy_hooks/raw_client.py:843: error: Argument "type_" to "parse_obj_as" has incompatible type "<typing special form>"; expected "type[Never]"  [arg-type]
src/probe/workers_builds_deploy_hooks/raw_client.py:854: error: Argument "type_" to "parse_obj_as" has incompatible type "<typing special form>"; expected "type[Never]"  [arg-type]
src/probe/workers_builds_deploy_hooks/raw_client.py:865: error: Argument "type_" to "parse_obj_as" has incompatible type "<typing special form>"; expected "type[Never]"  [arg-type]
src/probe/workers_builds_deploy_hooks/raw_client.py:876: error: Argument "type_" to "parse_obj_as" has incompatible type "<typing special form>"; expected "type[Never]"  [arg-type]
src/probe/workers_builds_deploy_hooks/raw_client.py:940: error: Argument "type_" to "parse_obj_as" has incompatible type "<typing special form>"; expected "type[Never]"  [arg-type]
src/probe/workers_builds_deploy_hooks/raw_client.py:951: error: Argument "type_" to "parse_obj_as" has incompatible type "<typing special form>"; expected "type[Never]"  [arg-type]
src/probe/workers_builds_deploy_hooks/raw_client.py:1005: error: Argument "type_" to "parse_obj_as" has incompatible type "<typing special form>"; expected "type[Never]"  [arg-type]
src/probe/workers_builds_deploy_hooks/raw_client.py:1016: error: Argument "type_" to "parse_obj_as" has incompatible type "<typing special form>"; expected "type[Never]"  [arg-type]
src/probe/url_scanner_scan/raw_client.py:107: error: Argument "type_" to "parse_obj_as" has incompatible type "<typing special form>"; expected "type[Never]"  [arg-type]
src/probe/url_scanner_scan/raw_client.py:118: error: Argument "type_" to "parse_obj_as" has incompatible type "<typing special form>"; expected "type[Never]"  [arg-type]
src/probe/url_scanner_scan/raw_client.py:129: error: Argument "type_" to "parse_obj_as" has incompatible type "<typing special form>"; expected "type[Never]"  [arg-type]
src/probe/url_scanner_scan/raw_client.py:223: error: Argument "type_" to "parse_obj_as" has incompatible type "<typing special form>"; expected "type[Never]"  [arg-type]
src/probe/url_scanner_scan/raw_client.py:234: error: Argument "type_" to "parse_obj_as" has incompatible type "<typing special form>"; expected "type[Never]"  [arg-type]
src/probe/url_scanner_scan/raw_client.py:245: error: Argument "type_" to "parse_obj_as" has incompatible type "<typing special form>"; expected "type[Never]"  [arg-type]
src/probe/realtimekit_webhooks/raw_client.py:76: error: Argument "type_" to "parse_obj_as" has incompatible type "<typing special form>"; expected "type[Never]"  [arg-type]
src/probe/realtimekit_webhooks/raw_client.py:161: error: Argument "type_" to "parse_obj_as" has incompatible type "<typing special form>"; expected "type[Never]"  [arg-type]
src/probe/realtimekit_webhooks/raw_client.py:172: error: Argument "type_" to "parse_obj_as" has incompatible type "<typing special form>"; expected "type[Never]"  [arg-type]
src/probe/realtimekit_webhooks/raw_client.py:235: error: Argument "type_" to "parse_obj_as" has incompatible type "<typing special form>"; expected "type[Never]"  [arg-type]
src/probe/realtimekit_webhooks/raw_client.py:246: error: Argument "type_" to "parse_obj_as" has incompatible type "<typing special form>"; expected "type[Never]"  [arg-type]
src/probe/realtimekit_webhooks/raw_client.py:335: error: Argument "type_" to "parse_obj_as" has incompatible type "<typing special form>"; expected "type[Never]"  [arg-type]
src/probe/realtimekit_webhooks/raw_client.py:346: error: Argument "type_" to "parse_obj_as" has incompatible type "<typing special form>"; expected "type[Never]"  [arg-type]
src/probe/realtimekit_webhooks/raw_client.py:409: error: Argument "type_" to "parse_obj_as" has incompatible type "<typing special form>"; expected "type[Never]"  [arg-type]
src/probe/realtimekit_webhooks/raw_client.py:420: error: Argument "type_" to "parse_obj_as" has incompatible type "<typing special form>"; expected "type[Never]"  [arg-type]
src/probe/realtimekit_webhooks/raw_client.py:508: error: Argument "type_" to "parse_obj_as" has incompatible type "<typing special form>"; expected "type[Never]"  [arg-type]
src/probe/realtimekit_webhooks/raw_client.py:519: error: Argument "type_" to "parse_obj_as" has incompatible type "<typing special form>"; expected "type[Never]"  [arg-type]
src/probe/realtimekit_webhooks/raw_client.py:583: error: Argument "type_" to "parse_obj_as" has incompatible type "<typing special form>"; expected "type[Never]"  [arg-type]
src/probe/realtimekit_webhooks/raw_client.py:668: error: Argument "type_" to "parse_obj_as" has incompatible type "<typing special form>"; expected "type[Never]"  [arg-type]
src/probe/realtimekit_webhooks/raw_client.py:679: error: Argument "type_" to "parse_obj_as" has incompatible type "<typing special form>"; expected "type[Never]"  [arg-type]
src/probe/realtimekit_webhooks/raw_client.py:742: error: Argument "type_" to "parse_obj_as" has incompatible type "<typing special form>"; expected "type[Never]"  [arg-type]
src/probe/realtimekit_webhooks/raw_client.py:753: error: Argument "type_" to "parse_obj_as" has incompatible type "<typing special form>"; expected "type[Never]"  [arg-type]
src/probe/realtimekit_webhooks/raw_client.py:842: error: Argument "type_" to "parse_obj_as" has incompatible type "<typing special form>"; expected "type[Never]"  [arg-type]
src/probe/realtimekit_webhooks/raw_client.py:853: error: Argument "type_" to "parse_obj_as" has incompatible type "<typing special form>"; expected "type[Never]"  [arg-type]
src/probe/realtimekit_webhooks/raw_client.py:916: error: Argument "type_" to "parse_obj_as" has incompatible type "<typing special form>"; expected "type[Never]"  [arg-type]
src/probe/realtimekit_webhooks/raw_client.py:927: error: Argument "type_" to "parse_obj_as" has incompatible type "<typing special form>"; expected "type[Never]"  [arg-type]
src/probe/realtimekit_webhooks/raw_client.py:1015: error: Argument "type_" to "parse_obj_as" has incompatible type "<typing special form>"; expected "type[Never]"  [arg-type]
src/probe/realtimekit_webhooks/raw_client.py:1026: error: Argument "type_" to "parse_obj_as" has incompatible type "<typing special form>"; expected "type[Never]"  [arg-type]
src/probe/realtimekit_recordings_active/raw_client.py:73: error: Argument "type_" to "parse_obj_as" has incompatible type "<typing special form>"; expected "type[Never]"  [arg-type]
src/probe/realtimekit_recordings_active/raw_client.py:141: error: Argument "type_" to "parse_obj_as" has incompatible type "<typing special form>"; expected "type[Never]"  [arg-type]
src/probe/realtimekit_meetings_active/raw_client.py:83: error: Argument "type_" to "parse_obj_as" has incompatible type "<typing special form>"; expected "type[Never]"  [arg-type]
src/probe/realtimekit_meetings_active/raw_client.py:156: error: Argument "type_" to "parse_obj_as" has incompatible type "<typing special form>"; expected "type[Never]"  [arg-type]
src/probe/realtimekit_meetings_active/raw_client.py:401: error: Argument "type_" to "parse_obj_as" has incompatible type "<typing special form>"; expected "type[Never]"  [arg-type]
src/probe/realtimekit_meetings_active/raw_client.py:474: error: Argument "type_" to "parse_obj_as" has incompatible type "<typing special form>"; expected "type[Never]"  [arg-type]
src/probe/pay_per_crawl_config/raw_client.py:66: error: Argument "type_" to "parse_obj_as" has incompatible type "<typing special form>"; expected "type[Never]"  [arg-type]
src/probe/pay_per_crawl_config/raw_client.py:142: error: Argument "type_" to "parse_obj_as" has incompatible type "<typing special form>"; expected "type[Never]"  [arg-type]
src/probe/pay_per_crawl_config/raw_client.py:218: error: Argument "type_" to "parse_obj_as" has incompatible type "<typing special form>"; expected "type[Never]"  [arg-type]
src/probe/pay_per_crawl_config/raw_client.py:277: error: Argument "type_" to "parse_obj_as" has incompatible type "<typing special form>"; expected "type[Never]"  [arg-type]
src/probe/pay_per_crawl_config/raw_client.py:353: error: Argument "type_" to "parse_obj_as" has incompatible type "<typing special form>"; expected "type[Never]"  [arg-type]
src/probe/pay_per_crawl_config/raw_client.py:429: error: Argument "type_" to "parse_obj_as" has incompatible type "<typing special form>"; expected "type[Never]"  [arg-type]
src/probe/observability_telemetry/types/values_observability_telemetry_request_filters_item.py:11: error: Invalid base class "WorkersObservabilityFilterNode"  [misc]
src/probe/observability_telemetry/types/query_observability_telemetry_request_parameters_filters_item.py:11: error: Invalid base class "WorkersObservabilityFilterNode"  [misc]
src/probe/observability_telemetry/types/keys_observability_telemetry_request_filters_item.py:11: error: Invalid base class "WorkersObservabilityFilterNode"  [misc]
src/probe/observability_shared_queries/types/create_observability_shared_queries_request_parameters_filters_item.py:11: error: Invalid base class "WorkersObservabilityFilterNode"  [misc]
src/probe/network_interconnects_interconnects/raw_client.py:96: error: Argument "type_" to "parse_obj_as" has incompatible type "<typing special form>"; expected "type[Never]"  [arg-type]
src/probe/network_interconnects_interconnects/raw_client.py:107: error: Argument "type_" to "parse_obj_as" has incompatible type "<typing special form>"; expected "type[Never]"  [arg-type]
src/probe/network_interconnects_interconnects/raw_client.py:163: error: Argument "type_" to "parse_obj_as" has incompatible type "<typing special form>"; expected "type[Never]"  [arg-type]
src/probe/network_interconnects_interconnects/raw_client.py:174: error: Argument "type_" to "parse_obj_as" has incompatible type "<typing special form>"; expected "type[Never]"  [arg-type]
src/probe/network_interconnects_interconnects/raw_client.py:185: error: Argument "type_" to "parse_obj_as" has incompatible type "<typing special form>"; expected "type[Never]"  [arg-type]
src/probe/network_interconnects_interconnects/raw_client.py:230: error: Argument "type_" to "parse_obj_as" has incompatible type "<typing special form>"; expected "type[Never]"  [arg-type]
src/probe/network_interconnects_interconnects/raw_client.py:241: error: Argument "type_" to "parse_obj_as" has incompatible type "<typing special form>"; expected "type[Never]"  [arg-type]
src/probe/network_interconnects_interconnects/raw_client.py:252: error: Argument "type_" to "parse_obj_as" has incompatible type "<typing special form>"; expected "type[Never]"  [arg-type]
src/probe/network_interconnects_interconnects/raw_client.py:263: error: Argument "type_" to "parse_obj_as" has incompatible type "<typing special form>"; expected "type[Never]"  [arg-type]
src/probe/network_interconnects_interconnects/raw_client.py:312: error: Argument "type_" to "parse_obj_as" has incompatible type "<typing special form>"; expected "type[Never]"  [arg-type]
src/probe/network_interconnects_interconnects/raw_client.py:323: error: Argument "type_" to "parse_obj_as" has incompatible type "<typing special form>"; expected "type[Never]"  [arg-type]
src/probe/network_interconnects_interconnects/raw_client.py:334: error: Argument "type_" to "parse_obj_as" has incompatible type "<typing special form>"; expected "type[Never]"  [arg-type]
src/probe/network_interconnects_interconnects/raw_client.py:394: error: Argument "type_" to "parse_obj_as" has incompatible type "<typing special form>"; expected "type[Never]"  [arg-type]
src/probe/network_interconnects_interconnects/raw_client.py:405: error: Argument "type_" to "parse_obj_as" has incompatible type "<typing special form>"; expected "type[Never]"  [arg-type]
src/probe/network_interconnects_interconnects/raw_client.py:416: error: Argument "type_" to "parse_obj_as" has incompatible type "<typing special form>"; expected "type[Never]"  [arg-type]
src/probe/network_interconnects_interconnects/raw_client.py:473: error: Argument "type_" to "parse_obj_as" has incompatible type "<typing special form>"; expected "type[Never]"  [arg-type]
src/probe/network_interconnects_interconnects/raw_client.py:484: error: Argument "type_" to "parse_obj_as" has incompatible type "<typing special form>"; expected "type[Never]"  [arg-type]
src/probe/network_interconnects_interconnects/raw_client.py:495: error: Argument "type_" to "parse_obj_as" has incompatible type "<typing special form>"; expected "type[Never]"  [arg-type]
src/probe/network_interconnects_interconnects/raw_client.py:541: error: Argument "type_" to "parse_obj_as" has incompatible type "<typing special form>"; expected "type[Never]"  [arg-type]
src/probe/network_interconnects_interconnects/raw_client.py:552: error: Argument "type_" to "parse_obj_as" has incompatible type "<typing special form>"; expected "type[Never]"  [arg-type]
src/probe/network_interconnects_interconnects/raw_client.py:563: error: Argument "type_" to "parse_obj_as" has incompatible type "<typing special form>"; expected "type[Never]"  [arg-type]
src/probe/network_interconnects_interconnects/raw_client.py:574: error: Argument "type_" to "parse_obj_as" has incompatible type "<typing special form>"; expected "type[Never]"  [arg-type]
src/probe/network_interconnects_interconnects/raw_client.py:656: error: Argument "type_" to "parse_obj_as" has incompatible type "<typing special form>"; expected "type[Never]"  [arg-type]
src/probe/network_interconnects_interconnects/raw_client.py:667: error: Argument "type_" to "parse_obj_as" has incompatible type "<typing special form>"; expected "type[Never]"  [arg-type]
src/probe/network_interconnects_interconnects/raw_client.py:723: error: Argument "type_" to "parse_obj_as" has incompatible type "<typing special form>"; expected "type[Never]"  [arg-type]
src/probe/network_interconnects_interconnects/raw_client.py:734: error: Argument "type_" to "parse_obj_as" has incompatible type "<typing special form>"; expected "type[Never]"  [arg-type]
src/probe/network_interconnects_interconnects/raw_client.py:745: error: Argument "type_" to "parse_obj_as" has incompatible type "<typing special form>"; expected "type[Never]"  [arg-type]
src/probe/network_interconnects_interconnects/raw_client.py:790: error: Argument "type_" to "parse_obj_as" has incompatible type "<typing special form>"; expected "type[Never]"  [arg-type]
src/probe/network_interconnects_interconnects/raw_client.py:801: error: Argument "type_" to "parse_obj_as" has incompatible type "<typing special form>"; expected "type[Never]"  [arg-type]
src/probe/network_interconnects_interconnects/raw_client.py:812: error: Argument "type_" to "parse_obj_as" has incompatible type "<typing special form>"; expected "type[Never]"  [arg-type]
src/probe/network_interconnects_interconnects/raw_client.py:823: error: Argument "type_" to "parse_obj_as" has incompatible type "<typing special form>"; expected "type[Never]"  [arg-type]
src/probe/network_interconnects_interconnects/raw_client.py:872: error: Argument "type_" to "parse_obj_as" has incompatible type "<typing special form>"; expected "type[Never]"  [arg-type]
src/probe/network_interconnects_interconnects/raw_client.py:883: error: Argument "type_" to "parse_obj_as" has incompatible type "<typing special form>"; expected "type[Never]"  [arg-type]
src/probe/network_interconnects_interconnects/raw_client.py:894: error: Argument "type_" to "parse_obj_as" has incompatible type "<typing special form>"; expected "type[Never]"  [arg-type]
src/probe/network_interconnects_interconnects/raw_client.py:954: error: Argument "type_" to "parse_obj_as" has incompatible type "<typing special form>"; expected "type[Never]"  [arg-type]
src/probe/network_interconnects_interconnects/raw_client.py:965: error: Argument "type_" to "parse_obj_as" has incompatible type "<typing special form>"; expected "type[Never]"  [arg-type]
src/probe/network_interconnects_interconnects/raw_client.py:976: error: Argument "type_" to "parse_obj_as" has incompatible type "<typing special form>"; expected "type[Never]"  [arg-type]
src/probe/network_interconnects_interconnects/raw_client.py:1033: error: Argument "type_" to "parse_obj_as" has incompatible type "<typing special form>"; expected "type[Never]"  [arg-type]
src/probe/network_interconnects_interconnects/raw_client.py:1044: error: Argument "type_" to "parse_obj_as" has incompatible type "<typing special form>"; expected "type[Never]"  [arg-type]
src/probe/network_interconnects_interconnects/raw_client.py:1055: error: Argument "type_" to "parse_obj_as" has incompatible type "<typing special form>"; expected "type[Never]"  [arg-type]
src/probe/network_interconnects_interconnects/raw_client.py:1101: error: Argument "type_" to "parse_obj_as" has incompatible type "<typing special form>"; expected "type[Never]"  [arg-type]
src/probe/network_interconnects_interconnects/raw_client.py:1112: error: Argument "type_" to "parse_obj_as" has incompatible type "<typing special form>"; expected "type[Never]"  [arg-type]
src/probe/network_interconnects_interconnects/raw_client.py:1123: error: Argument "type_" to "parse_obj_as" has incompatible type "<typing special form>"; expected "type[Never]"  [arg-type]
src/probe/network_interconnects_interconnects/raw_client.py:1134: error: Argument "type_" to "parse_obj_as" has incompatible type "<typing special form>"; expected "type[Never]"  [arg-type]
src/probe/network_interconnects_cnis/raw_client.py:97: error: Argument "type_" to "parse_obj_as" has incompatible type "<typing special form>"; expected "type[Never]"  [arg-type]
src/probe/network_interconnects_cnis/raw_client.py:108: error: Argument "type_" to "parse_obj_as" has incompatible type "<typing special form>"; expected "type[Never]"  [arg-type]
src/probe/network_interconnects_cnis/raw_client.py:191: error: Argument "type_" to "parse_obj_as" has incompatible type "<typing special form>"; expected "type[Never]"  [arg-type]
src/probe/network_interconnects_cnis/raw_client.py:202: error: Argument "type_" to "parse_obj_as" has incompatible type "<typing special form>"; expected "type[Never]"  [arg-type]
src/probe/network_interconnects_cnis/raw_client.py:213: error: Argument "type_" to "parse_obj_as" has incompatible type "<typing special form>"; expected "type[Never]"  [arg-type]
src/probe/network_interconnects_cnis/raw_client.py:270: error: Argument "type_" to "parse_obj_as" has incompatible type "<typing special form>"; expected "type[Never]"  [arg-type]
src/probe/network_interconnects_cnis/raw_client.py:281: error: Argument "type_" to "parse_obj_as" has incompatible type "<typing special form>"; expected "type[Never]"  [arg-type]
src/probe/network_interconnects_cnis/raw_client.py:292: error: Argument "type_" to "parse_obj_as" has incompatible type "<typing special form>"; expected "type[Never]"  [arg-type]
src/probe/network_interconnects_cnis/raw_client.py:400: error: Argument "type_" to "parse_obj_as" has incompatible type "<typing special form>"; expected "type[Never]"  [arg-type]
src/probe/network_interconnects_cnis/raw_client.py:411: error: Argument "type_" to "parse_obj_as" has incompatible type "<typing special form>"; expected "type[Never]"  [arg-type]
src/probe/network_interconnects_cnis/raw_client.py:422: error: Argument "type_" to "parse_obj_as" has incompatible type "<typing special form>"; expected "type[Never]"  [arg-type]
src/probe/network_interconnects_cnis/raw_client.py:471: error: Argument "type_" to "parse_obj_as" has incompatible type "<typing special form>"; expected "type[Never]"  [arg-type]
src/probe/network_interconnects_cnis/raw_client.py:482: error: Argument "type_" to "parse_obj_as" has incompatible type "<typing special form>"; expected "type[Never]"  [arg-type]
src/probe/network_interconnects_cnis/raw_client.py:493: error: Argument "type_" to "parse_obj_as" has incompatible type "<typing special form>"; expected "type[Never]"  [arg-type]
src/probe/network_interconnects_cnis/raw_client.py:575: error: Argument "type_" to "parse_obj_as" has incompatible type "<typing special form>"; expected "type[Never]"  [arg-type]
src/probe/network_interconnects_cnis/raw_client.py:586: error: Argument "type_" to "parse_obj_as" has incompatible type "<typing special form>"; expected "type[Never]"  [arg-type]
src/probe/network_interconnects_cnis/raw_client.py:669: error: Argument "type_" to "parse_obj_as" has incompatible type "<typing special form>"; expected "type[Never]"  [arg-type]
src/probe/network_interconnects_cnis/raw_client.py:680: error: Argument "type_" to "parse_obj_as" has incompatible type "<typing special form>"; expected "type[Never]"  [arg-type]
src/probe/network_interconnects_cnis/raw_client.py:691: error: Argument "type_" to "parse_obj_as" has incompatible type "<typing special form>"; expected "type[Never]"  [arg-type]
src/probe/network_interconnects_cnis/raw_client.py:748: error: Argument "type_" to "parse_obj_as" has incompatible type "<typing special form>"; expected "type[Never]"  [arg-type]
src/probe/network_interconnects_cnis/raw_client.py:759: error: Argument "type_" to "parse_obj_as" has incompatible type "<typing special form>"; expected "type[Never]"  [arg-type]
src/probe/network_interconnects_cnis/raw_client.py:770: error: Argument "type_" to "parse_obj_as" has incompatible type "<typing special form>"; expected "type[Never]"  [arg-type]
src/probe/network_interconnects_cnis/raw_client.py:878: error: Argument "type_" to "parse_obj_as" has incompatible type "<typing special form>"; expected "type[Never]"  [arg-type]
src/probe/network_interconnects_cnis/raw_client.py:889: error: Argument "type_" to "parse_obj_as" has incompatible type "<typing special form>"; expected "type[Never]"  [arg-type]
src/probe/network_interconnects_cnis/raw_client.py:900: error: Argument "type_" to "parse_obj_as" has incompatible type "<typing special form>"; expected "type[Never]"  [arg-type]
src/probe/network_interconnects_cnis/raw_client.py:949: error: Argument "type_" to "parse_obj_as" has incompatible type "<typing special form>"; expected "type[Never]"  [arg-type]
src/probe/network_interconnects_cnis/raw_client.py:960: error: Argument "type_" to "parse_obj_as" has incompatible type "<typing special form>"; expected "type[Never]"  [arg-type]
src/probe/network_interconnects_cnis/raw_client.py:971: error: Argument "type_" to "parse_obj_as" has incompatible type "<typing special form>"; expected "type[Never]"  [arg-type]
src/probe/nel_settings/raw_client.py:71: error: Argument "type_" to "parse_obj_as" has incompatible type "<typing special form>"; expected "type[Never]"  [arg-type]
src/probe/nel_settings/raw_client.py:82: error: Argument "type_" to "parse_obj_as" has incompatible type "<typing special form>"; expected "type[Never]"  [arg-type]
src/probe/nel_settings/raw_client.py:93: error: Argument "type_" to "parse_obj_as" has incompatible type "<typing special form>"; expected "type[Never]"  [arg-type]
src/probe/nel_settings/raw_client.py:162: error: Argument "type_" to "parse_obj_as" has incompatible type "<typing special form>"; expected "type[Never]"  [arg-type]
src/probe/nel_settings/raw_client.py:173: error: Argument "type_" to "parse_obj_as" has incompatible type "<typing special form>"; expected "type[Never]"  [arg-type]
src/probe/nel_settings/raw_client.py:184: error: Argument "type_" to "parse_obj_as" has incompatible type "<typing special form>"; expected "type[Never]"  [arg-type]
src/probe/nel_settings/raw_client.py:195: error: Argument "type_" to "parse_obj_as" has incompatible type "<typing special form>"; expected "type[Never]"  [arg-type]
src/probe/nel_settings/raw_client.py:254: error: Argument "type_" to "parse_obj_as" has incompatible type "<typing special form>"; expected "type[Never]"  [arg-type]
src/probe/nel_settings/raw_client.py:265: error: Argument "type_" to "parse_obj_as" has incompatible type "<typing special form>"; expected "type[Never]"  [arg-type]
src/probe/nel_settings/raw_client.py:276: error: Argument "type_" to "parse_obj_as" has incompatible type "<typing special form>"; expected "type[Never]"  [arg-type]
src/probe/nel_settings/raw_client.py:345: error: Argument "type_" to "parse_obj_as" has incompatible type "<typing special form>"; expected "type[Never]"  [arg-type]
src/probe/nel_settings/raw_client.py:356: error: Argument "type_" to "parse_obj_as" has incompatible type "<typing special form>"; expected "type[Never]"  [arg-type]
src/probe/nel_settings/raw_client.py:367: error: Argument "type_" to "parse_obj_as" has incompatible type "<typing special form>"; expected "type[Never]"  [arg-type]
src/probe/nel_settings/raw_client.py:378: error: Argument "type_" to "parse_obj_as" has incompatible type "<typing special form>"; expected "type[Never]"  [arg-type]
src/probe/magic_cloud_networking_catalog_syncs_prebuilt_policies/raw_client.py:76: error: Argument "type_" to "parse_obj_as" has incompatible type "<typing special form>"; expected "type[Never]"  [arg-type]
src/probe/magic_cloud_networking_catalog_syncs_prebuilt_policies/raw_client.py:87: error: Argument "type_" to "parse_obj_as" has incompatible type "<typing special form>"; expected "type[Never]"  [arg-type]
src/probe/magic_cloud_networking_catalog_syncs_prebuilt_policies/raw_client.py:98: error: Argument "type_" to "parse_obj_as" has incompatible type "<typing special form>"; expected "type[Never]"  [arg-type]
src/probe/magic_cloud_networking_catalog_syncs_prebuilt_policies/raw_client.py:109: error: Argument "type_" to "parse_obj_as" has incompatible type "<typing special form>"; expected "type[Never]"  [arg-type]
src/probe/magic_cloud_networking_catalog_syncs_prebuilt_policies/raw_client.py:177: error: Argument "type_" to "parse_obj_as" has incompatible type "<typing special form>"; expected "type[Never]"  [arg-type]
src/probe/magic_cloud_networking_catalog_syncs_prebuilt_policies/raw_client.py:188: error: Argument "type_" to "parse_obj_as" has incompatible type "<typing special form>"; expected "type[Never]"  [arg-type]
src/probe/magic_cloud_networking_catalog_syncs_prebuilt_policies/raw_client.py:199: error: Argument "type_" to "parse_obj_as" has incompatible type "<typing special form>"; expected "type[Never]"  [arg-type]
src/probe/magic_cloud_networking_catalog_syncs_prebuilt_policies/raw_client.py:210: error: Argument "type_" to "parse_obj_as" has incompatible type "<typing special form>"; expected "type[Never]"  [arg-type]
src/probe/magic_cloud_networking_catalog_syncs/raw_client.py:79: error: Argument "type_" to "parse_obj_as" has incompatible type "<typing special form>"; expected "type[Never]"  [arg-type]
src/probe/magic_cloud_networking_catalog_syncs/raw_client.py:90: error: Argument "type_" to "parse_obj_as" has incompatible type "<typing special form>"; expected "type[Never]"  [arg-type]
src/probe/magic_cloud_networking_catalog_syncs/raw_client.py:101: error: Argument "type_" to "parse_obj_as" has incompatible type "<typing special form>"; expected "type[Never]"  [arg-type]
src/probe/magic_cloud_networking_catalog_syncs/raw_client.py:112: error: Argument "type_" to "parse_obj_as" has incompatible type "<typing special form>"; expected "type[Never]"  [arg-type]
src/probe/magic_cloud_networking_catalog_syncs/raw_client.py:123: error: Argument "type_" to "parse_obj_as" has incompatible type "<typing special form>"; expected "type[Never]"  [arg-type]
src/probe/magic_cloud_networking_catalog_syncs/raw_client.py:209: error: Argument "type_" to "parse_obj_as" has incompatible type "<typing special form>"; expected "type[Never]"  [arg-type]
src/probe/magic_cloud_networking_catalog_syncs/raw_client.py:220: error: Argument "type_" to "parse_obj_as" has incompatible type "<typing special form>"; expected "type[Never]"  [arg-type]
src/probe/magic_cloud_networking_catalog_syncs/raw_client.py:231: error: Argument "type_" to "parse_obj_as" has incompatible type "<typing special form>"; expected "type[Never]"  [arg-type]
src/probe/magic_cloud_networking_catalog_syncs/raw_client.py:242: error: Argument "type_" to "parse_obj_as" has incompatible type "<typing special form>"; expected "type[Never]"  [arg-type]
src/probe/magic_cloud_networking_catalog_syncs/raw_client.py:253: error: Argument "type_" to "parse_obj_as" has incompatible type "<typing special form>"; expected "type[Never]"  [arg-type]
src/probe/magic_cloud_networking_catalog_syncs/raw_client.py:264: error: Argument "type_" to "parse_obj_as" has incompatible type "<typing special form>"; expected "type[Never]"  [arg-type]
src/probe/magic_cloud_networking_catalog_syncs/raw_client.py:323: error: Argument "type_" to "parse_obj_as" has incompatible type "<typing special form>"; expected "type[Never]"  [arg-type]
src/probe/magic_cloud_networking_catalog_syncs/raw_client.py:334: error: Argument "type_" to "parse_obj_as" has incompatible type "<typing special form>"; expected "type[Never]"  [arg-type]
src/probe/magic_cloud_networking_catalog_syncs/raw_client.py:345: error: Argument "type_" to "parse_obj_as" has incompatible type "<typing special form>"; expected "type[Never]"  [arg-type]
src/probe/magic_cloud_networking_catalog_syncs/raw_client.py:356: error: Argument "type_" to "parse_obj_as" has incompatible type "<typing special form>"; expected "type[Never]"  [arg-type]
src/probe/magic_cloud_networking_catalog_syncs/raw_client.py:367: error: Argument "type_" to "parse_obj_as" has incompatible type "<typing special form>"; expected "type[Never]"  [arg-type]
src/probe/magic_cloud_networking_catalog_syncs/raw_client.py:448: error: Argument "type_" to "parse_obj_as" has incompatible type "<typing special form>"; expected "type[Never]"  [arg-type]
src/probe/magic_cloud_networking_catalog_syncs/raw_client.py:459: error: Argument "type_" to "parse_obj_as" has incompatible type "<typing special form>"; expected "type[Never]"  [arg-type]
src/probe/magic_cloud_networking_catalog_syncs/raw_client.py:470: error: Argument "type_" to "parse_obj_as" has incompatible type "<typing special form>"; expected "type[Never]"  [arg-type]
src/probe/magic_cloud_networking_catalog_syncs/raw_client.py:481: error: Argument "type_" to "parse_obj_as" has incompatible type "<typing special form>"; expected "type[Never]"  [arg-type]
src/probe/magic_cloud_networking_catalog_syncs/raw_client.py:492: error: Argument "type_" to "parse_obj_as" has incompatible type "<typing special form>"; expected "type[Never]"  [arg-type]
src/probe/magic_cloud_networking_catalog_syncs/raw_client.py:503: error: Argument "type_" to "parse_obj_as" has incompatible type "<typing special form>"; expected "type[Never]"  [arg-type]
src/probe/magic_cloud_networking_catalog_syncs/raw_client.py:514: error: Argument "type_" to "parse_obj_as" has incompatible type "<typing special form>"; expected "type[Never]"  [arg-type]
src/probe/magic_cloud_networking_catalog_syncs/raw_client.py:579: error: Argument "type_" to "parse_obj_as" has incompatible type "<typing special form>"; expected "type[Never]"  [arg-type]
src/probe/magic_cloud_networking_catalog_syncs/raw_client.py:590: error: Argument "type_" to "parse_obj_as" has incompatible type "<typing special form>"; expected "type[Never]"  [arg-type]
src/probe/magic_cloud_networking_catalog_syncs/raw_client.py:601: error: Argument "type_" to "parse_obj_as" has incompatible type "<typing special form>"; expected "type[Never]"  [arg-type]
src/probe/magic_cloud_networking_catalog_syncs/raw_client.py:612: error: Argument "type_" to "parse_obj_as" has incompatible type "<typing special form>"; expected "type[Never]"  [arg-type]
src/probe/magic_cloud_networking_catalog_syncs/raw_client.py:623: error: Argument "type_" to "parse_obj_as" has incompatible type "<typing special form>"; expected "type[Never]"  [arg-type]
src/probe/magic_cloud_networking_catalog_syncs/raw_client.py:634: error: Argument "type_" to "parse_obj_as" has incompatible type "<typing special form>"; expected "type[Never]"  [arg-type]
src/probe/magic_cloud_networking_catalog_syncs/raw_client.py:715: error: Argument "type_" to "parse_obj_as" has incompatible type "<typing special form>"; expected "type[Never]"  [arg-type]
src/probe/magic_cloud_networking_catalog_syncs/raw_client.py:726: error: Argument "type_" to "parse_obj_as" has incompatible type "<typing special form>"; expected "type[Never]"  [arg-type]
src/probe/magic_cloud_networking_catalog_syncs/raw_client.py:737: error: Argument "type_" to "parse_obj_as" has incompatible type "<typing special form>"; expected "type[Never]"  [arg-type]
src/probe/magic_cloud_networking_catalog_syncs/raw_client.py:748: error: Argument "type_" to "parse_obj_as" has incompatible type "<typing special form>"; expected "type[Never]"  [arg-type]
src/probe/magic_cloud_networking_catalog_syncs/raw_client.py:759: error: Argument "type_" to "parse_obj_as" has incompatible type "<typing special form>"; expected "type[Never]"  [arg-type]
src/probe/magic_cloud_networking_catalog_syncs/raw_client.py:770: error: Argument "type_" to "parse_obj_as" has incompatible type "<typing special form>"; expected "type[Never]"  [arg-type]
src/probe/magic_cloud_networking_catalog_syncs/raw_client.py:781: error: Argument "type_" to "parse_obj_as" has incompatible type "<typing special form>"; expected "type[Never]"  [arg-type]
src/probe/magic_cloud_networking_catalog_syncs/raw_client.py:840: error: Argument "type_" to "parse_obj_as" has incompatible type "<typing special form>"; expected "type[Never]"  [arg-type]
src/probe/magic_cloud_networking_catalog_syncs/raw_client.py:851: error: Argument "type_" to "parse_obj_as" has incompatible type "<typing special form>"; expected "type[Never]"  [arg-type]
src/probe/magic_cloud_networking_catalog_syncs/raw_client.py:862: error: Argument "type_" to "parse_obj_as" has incompatible type "<typing special form>"; expected "type[Never]"  [arg-type]
src/probe/magic_cloud_networking_catalog_syncs/raw_client.py:873: error: Argument "type_" to "parse_obj_as" has incompatible type "<typing special form>"; expected "type[Never]"  [arg-type]
src/probe/magic_cloud_networking_catalog_syncs/raw_client.py:884: error: Argument "type_" to "parse_obj_as" has incompatible type "<typing special form>"; expected "type[Never]"  [arg-type]
src/probe/magic_cloud_networking_catalog_syncs/raw_client.py:895: error: Argument "type_" to "parse_obj_as" has incompatible type "<typing special form>"; expected "type[Never]"  [arg-type]
src/probe/magic_cloud_networking_catalog_syncs/raw_client.py:906: error: Argument "type_" to "parse_obj_as" has incompatible type "<typing special form>"; expected "type[Never]"  [arg-type]
src/probe/magic_cloud_networking_catalog_syncs/raw_client.py:964: error: Argument "type_" to "parse_obj_as" has incompatible type "<typing special form>"; expected "type[Never]"  [arg-type]
src/probe/magic_cloud_networking_catalog_syncs/raw_client.py:975: error: Argument "type_" to "parse_obj_as" has incompatible type "<typing special form>"; expected "type[Never]"  [arg-type]
src/probe/magic_cloud_networking_catalog_syncs/raw_client.py:986: error: Argument "type_" to "parse_obj_as" has incompatible type "<typing special form>"; expected "type[Never]"  [arg-type]
src/probe/magic_cloud_networking_catalog_syncs/raw_client.py:997: error: Argument "type_" to "parse_obj_as" has incompatible type "<typing special form>"; expected "type[Never]"  [arg-type]
src/probe/magic_cloud_networking_catalog_syncs/raw_client.py:1008: error: Argument "type_" to "parse_obj_as" has incompatible type "<typing special form>"; expected "type[Never]"  [arg-type]
src/probe/magic_cloud_networking_catalog_syncs/raw_client.py:1094: error: Argument "type_" to "parse_obj_as" has incompatible type "<typing special form>"; expected "type[Never]"  [arg-type]
src/probe/magic_cloud_networking_catalog_syncs/raw_client.py:1105: error: Argument "type_" to "parse_obj_as" has incompatible type "<typing special form>"; expected "type[Never]"  [arg-type]
src/probe/magic_cloud_networking_catalog_syncs/raw_client.py:1116: error: Argument "type_" to "parse_obj_as" has incompatible type "<typing special form>"; expected "type[Never]"  [arg-type]
src/probe/magic_cloud_networking_catalog_syncs/raw_client.py:1127: error: Argument "type_" to "parse_obj_as" has incompatible type "<typing special form>"; expected "type[Never]"  [arg-type]
src/probe/magic_cloud_networking_catalog_syncs/raw_client.py:1138: error: Argument "type_" to "parse_obj_as" has incompatible type "<typing special form>"; expected "type[Never]"  [arg-type]
src/probe/magic_cloud_networking_catalog_syncs/raw_client.py:1149: error: Argument "type_" to "parse_obj_as" has incompatible type "<typing special form>"; expected "type[Never]"  [arg-type]
src/probe/magic_cloud_networking_catalog_syncs/raw_client.py:1208: error: Argument "type_" to "parse_obj_as" has incompatible type "<typing special form>"; expected "type[Never]"  [arg-type]
src/probe/magic_cloud_networking_catalog_syncs/raw_client.py:1219: error: Argument "type_" to "parse_obj_as" has incompatible type "<typing special form>"; expected "type[Never]"  [arg-type]
src/probe/magic_cloud_networking_catalog_syncs/raw_client.py:1230: error: Argument "type_" to "parse_obj_as" has incompatible type "<typing special form>"; expected "type[Never]"  [arg-type]
src/probe/magic_cloud_networking_catalog_syncs/raw_client.py:1241: error: Argument "type_" to "parse_obj_as" has incompatible type "<typing special form>"; expected "type[Never]"  [arg-type]
src/probe/magic_cloud_networking_catalog_syncs/raw_client.py:1252: error: Argument "type_" to "parse_obj_as" has incompatible type "<typing special form>"; expected "type[Never]"  [arg-type]
src/probe/magic_cloud_networking_catalog_syncs/raw_client.py:1333: error: Argument "type_" to "parse_obj_as" has incompatible type "<typing special form>"; expected "type[Never]"  [arg-type]
src/probe/magic_cloud_networking_catalog_syncs/raw_client.py:1344: error: Argument "type_" to "parse_obj_as" has incompatible type "<typing special form>"; expected "type[Never]"  [arg-type]
src/probe/magic_cloud_networking_catalog_syncs/raw_client.py:1355: error: Argument "type_" to "parse_obj_as" has incompatible type "<typing special form>"; expected "type[Never]"  [arg-type]
src/probe/magic_cloud_networking_catalog_syncs/raw_client.py:1366: error: Argument "type_" to "parse_obj_as" has incompatible type "<typing special form>"; expected "type[Never]"  [arg-type]
src/probe/magic_cloud_networking_catalog_syncs/raw_client.py:1377: error: Argument "type_" to "parse_obj_as" has incompatible type "<typing special form>"; expected "type[Never]"  [arg-type]
src/probe/magic_cloud_networking_catalog_syncs/raw_client.py:1388: error: Argument "type_" to "parse_obj_as" has incompatible type "<typing special form>"; expected "type[Never]"  [arg-type]
src/probe/magic_cloud_networking_catalog_syncs/raw_client.py:1399: error: Argument "type_" to "parse_obj_as" has incompatible type "<typing special form>"; expected "type[Never]"  [arg-type]
src/probe/magic_cloud_networking_catalog_syncs/raw_client.py:1464: error: Argument "type_" to "parse_obj_as" has incompatible type "<typing special form>"; expected "type[Never]"  [arg-type]
src/probe/magic_cloud_networking_catalog_syncs/raw_client.py:1475: error: Argument "type_" to "parse_obj_as" has incompatible type "<typing special form>"; expected "type[Never]"  [arg-type]
src/probe/magic_cloud_networking_catalog_syncs/raw_client.py:1486: error: Argument "type_" to "parse_obj_as" has incompatible type "<typing special form>"; expected "type[Never]"  [arg-type]
src/probe/magic_cloud_networking_catalog_syncs/raw_client.py:1497: error: Argument "type_" to "parse_obj_as" has incompatible type "<typing special form>"; expected "type[Never]"  [arg-type]
src/probe/magic_cloud_networking_catalog_syncs/raw_client.py:1508: error: Argument "type_" to "parse_obj_as" has incompatible type "<typing special form>"; expected "type[Never]"  [arg-type]
src/probe/magic_cloud_networking_catalog_syncs/raw_client.py:1519: error: Argument "type_" to "parse_obj_as" has incompatible type "<typing special form>"; expected "type[Never]"  [arg-type]
src/probe/magic_cloud_networking_catalog_syncs/raw_client.py:1600: error: Argument "type_" to "parse_obj_as" has incompatible type "<typing special form>"; expected "type[Never]"  [arg-type]
src/probe/magic_cloud_networking_catalog_syncs/raw_client.py:1611: error: Argument "type_" to "parse_obj_as" has incompatible type "<typing special form>"; expected "type[Never]"  [arg-type]
src/probe/magic_cloud_networking_catalog_syncs/raw_client.py:1622: error: Argument "type_" to "parse_obj_as" has incompatible type "<typing special form>"; expected "type[Never]"  [arg-type]
src/probe/magic_cloud_networking_catalog_syncs/raw_client.py:1633: error: Argument "type_" to "parse_obj_as" has incompatible type "<typing special form>"; expected "type[Never]"  [arg-type]
src/probe/magic_cloud_networking_catalog_syncs/raw_client.py:1644: error: Argument "type_" to "parse_obj_as" has incompatible type "<typing special form>"; expected "type[Never]"  [arg-type]
src/probe/magic_cloud_networking_catalog_syncs/raw_client.py:1655: error: Argument "type_" to "parse_obj_as" has incompatible type "<typing special form>"; expected "type[Never]"  [arg-type]
src/probe/magic_cloud_networking_catalog_syncs/raw_client.py:1666: error: Argument "type_" to "parse_obj_as" has incompatible type "<typing special form>"; expected "type[Never]"  [arg-type]
src/probe/magic_cloud_networking_catalog_syncs/raw_client.py:1725: error: Argument "type_" to "parse_obj_as" has incompatible type "<typing special form>"; expected "type[Never]"  [arg-type]
src/probe/magic_cloud_networking_catalog_syncs/raw_client.py:1736: error: Argument "type_" to "parse_obj_as" has incompatible type "<typing special form>"; expected "type[Never]"  [arg-type]
src/probe/magic_cloud_networking_catalog_syncs/raw_client.py:1747: error: Argument "type_" to "parse_obj_as" has incompatible type "<typing special form>"; expected "type[Never]"  [arg-type]
src/probe/magic_cloud_networking_catalog_syncs/raw_client.py:1758: error: Argument "type_" to "parse_obj_as" has incompatible type "<typing special form>"; expected "type[Never]"  [arg-type]
src/probe/magic_cloud_networking_catalog_syncs/raw_client.py:1769: error: Argument "type_" to "parse_obj_as" has incompatible type "<typing special form>"; expected "type[Never]"  [arg-type]
src/probe/magic_cloud_networking_catalog_syncs/raw_client.py:1780: error: Argument "type_" to "parse_obj_as" has incompatible type "<typing special form>"; expected "type[Never]"  [arg-type]
src/probe/magic_cloud_networking_catalog_syncs/raw_client.py:1791: error: Argument "type_" to "parse_obj_as" has incompatible type "<typing special form>"; expected "type[Never]"  [arg-type]
src/probe/containers_images/raw_client.py:78: error: Argument "type_" to "parse_obj_as" has incompatible type "<typing special form>"; expected "type[Never]"  [arg-type]
src/probe/containers_images/raw_client.py:89: error: Argument "type_" to "parse_obj_as" has incompatible type "<typing special form>"; expected "type[Never]"  [arg-type]
src/probe/containers_images/raw_client.py:100: error: Argument "type_" to "parse_obj_as" has incompatible type "<typing special form>"; expected "type[Never]"  [arg-type]
src/probe/containers_images/raw_client.py:111: error: Argument "type_" to "parse_obj_as" has incompatible type "<typing special form>"; expected "type[Never]"  [arg-type]
src/probe/containers_images/raw_client.py:179: error: Argument "type_" to "parse_obj_as" has incompatible type "<typing special form>"; expected "type[Never]"  [arg-type]
src/probe/containers_images/raw_client.py:190: error: Argument "type_" to "parse_obj_as" has incompatible type "<typing special form>"; expected "type[Never]"  [arg-type]
src/probe/containers_images/raw_client.py:201: error: Argument "type_" to "parse_obj_as" has incompatible type "<typing special form>"; expected "type[Never]"  [arg-type]
src/probe/containers_images/raw_client.py:212: error: Argument "type_" to "parse_obj_as" has incompatible type "<typing special form>"; expected "type[Never]"  [arg-type]
src/probe/communication_preferences/raw_client.py:72: error: Argument "type_" to "parse_obj_as" has incompatible type "<typing special form>"; expected "type[Never]"  [arg-type]
src/probe/communication_preferences/raw_client.py:83: error: Argument "type_" to "parse_obj_as" has incompatible type "<typing special form>"; expected "type[Never]"  [arg-type]
src/probe/communication_preferences/raw_client.py:94: error: Argument "type_" to "parse_obj_as" has incompatible type "<typing special form>"; expected "type[Never]"  [arg-type]
src/probe/communication_preferences/raw_client.py:105: error: Argument "type_" to "parse_obj_as" has incompatible type "<typing special form>"; expected "type[Never]"  [arg-type]
src/probe/communication_preferences/raw_client.py:116: error: Argument "type_" to "parse_obj_as" has incompatible type "<typing special form>"; expected "type[Never]"  [arg-type]
src/probe/communication_preferences/raw_client.py:189: error: Argument "type_" to "parse_obj_as" has incompatible type "<typing special form>"; expected "type[Never]"  [arg-type]
src/probe/communication_preferences/raw_client.py:200: error: Argument "type_" to "parse_obj_as" has incompatible type "<typing special form>"; expected "type[Never]"  [arg-type]
src/probe/communication_preferences/raw_client.py:211: error: Argument "type_" to "parse_obj_as" has incompatible type "<typing special form>"; expected "type[Never]"  [arg-type]
src/probe/communication_preferences/raw_client.py:222: error: Argument "type_" to "parse_obj_as" has incompatible type "<typing special form>"; expected "type[Never]"  [arg-type]
src/probe/communication_preferences/raw_client.py:233: error: Argument "type_" to "parse_obj_as" has incompatible type "<typing special form>"; expected "type[Never]"  [arg-type]
src/probe/communication_preferences/raw_client.py:289: error: Argument "type_" to "parse_obj_as" has incompatible type "<typing special form>"; expected "type[Never]"  [arg-type]
src/probe/communication_preferences/raw_client.py:300: error: Argument "type_" to "parse_obj_as" has incompatible type "<typing special form>"; expected "type[Never]"  [arg-type]
src/probe/communication_preferences/raw_client.py:311: error: Argument "type_" to "parse_obj_as" has incompatible type "<typing special form>"; expected "type[Never]"  [arg-type]
src/probe/communication_preferences/raw_client.py:322: error: Argument "type_" to "parse_obj_as" has incompatible type "<typing special form>"; expected "type[Never]"  [arg-type]
src/probe/communication_preferences/raw_client.py:333: error: Argument "type_" to "parse_obj_as" has incompatible type "<typing special form>"; expected "type[Never]"  [arg-type]
src/probe/communication_preferences/raw_client.py:406: error: Argument "type_" to "parse_obj_as" has incompatible type "<typing special form>"; expected "type[Never]"  [arg-type]
src/probe/communication_preferences/raw_client.py:417: error: Argument "type_" to "parse_obj_as" has incompatible type "<typing special form>"; expected "type[Never]"  [arg-type]
src/probe/communication_preferences/raw_client.py:428: error: Argument "type_" to "parse_obj_as" has incompatible type "<typing special form>"; expected "type[Never]"  [arg-type]
src/probe/communication_preferences/raw_client.py:439: error: Argument "type_" to "parse_obj_as" has incompatible type "<typing special form>"; expected "type[Never]"  [arg-type]
src/probe/communication_preferences/raw_client.py:450: error: Argument "type_" to "parse_obj_as" has incompatible type "<typing special form>"; expected "type[Never]"  [arg-type]
src/probe/cloudforce_one_threat_events_tags/raw_client.py:256: error: Argument "type_" to "parse_obj_as" has incompatible type "<typing special form>"; expected "type[Never]"  [arg-type]
src/probe/cloudforce_one_threat_events_tags/raw_client.py:267: error: Argument "type_" to "parse_obj_as" has incompatible type "<typing special form>"; expected "type[Never]"  [arg-type]
src/probe/cloudforce_one_threat_events_tags/raw_client.py:481: error: Argument "type_" to "parse_obj_as" has incompatible type "<typing special form>"; expected "type[Never]"  [arg-type]
src/probe/cloudforce_one_threat_events_tags/raw_client.py:492: error: Argument "type_" to "parse_obj_as" has incompatible type "<typing special form>"; expected "type[Never]"  [arg-type]
src/probe/cloudforce_one_stakeout_items/raw_client.py:99: error: Argument "type_" to "parse_obj_as" has incompatible type "<typing special form>"; expected "type[Never]"  [arg-type]
src/probe/cloudforce_one_stakeout_items/raw_client.py:110: error: Argument "type_" to "parse_obj_as" has incompatible type "<typing special form>"; expected "type[Never]"  [arg-type]
src/probe/cloudforce_one_stakeout_items/raw_client.py:168: error: Argument "type_" to "parse_obj_as" has incompatible type "<typing special form>"; expected "type[Never]"  [arg-type]
src/probe/cloudforce_one_stakeout_items/raw_client.py:179: error: Argument "type_" to "parse_obj_as" has incompatible type "<typing special form>"; expected "type[Never]"  [arg-type]
src/probe/cloudforce_one_stakeout_items/raw_client.py:190: error: Argument "type_" to "parse_obj_as" has incompatible type "<typing special form>"; expected "type[Never]"  [arg-type]
src/probe/cloudforce_one_stakeout_items/raw_client.py:252: error: Argument "type_" to "parse_obj_as" has incompatible type "<typing special form>"; expected "type[Never]"  [arg-type]
src/probe/cloudforce_one_stakeout_items/raw_client.py:314: error: Argument "type_" to "parse_obj_as" has incompatible type "<typing special form>"; expected "type[Never]"  [arg-type]
src/probe/cloudforce_one_stakeout_items/raw_client.py:386: error: Argument "type_" to "parse_obj_as" has incompatible type "<typing special form>"; expected "type[Never]"  [arg-type]
src/probe/cloudforce_one_stakeout_items/raw_client.py:397: error: Argument "type_" to "parse_obj_as" has incompatible type "<typing special form>"; expected "type[Never]"  [arg-type]
src/probe/cloudforce_one_stakeout_items/raw_client.py:490: error: Argument "type_" to "parse_obj_as" has incompatible type "<typing special form>"; expected "type[Never]"  [arg-type]
src/probe/cloudforce_one_stakeout_items/raw_client.py:501: error: Argument "type_" to "parse_obj_as" has incompatible type "<typing special form>"; expected "type[Never]"  [arg-type]
src/probe/cloudforce_one_stakeout_items/raw_client.py:584: error: Argument "type_" to "parse_obj_as" has incompatible type "<typing special form>"; expected "type[Never]"  [arg-type]
src/probe/cloudforce_one_stakeout_items/raw_client.py:595: error: Argument "type_" to "parse_obj_as" has incompatible type "<typing special form>"; expected "type[Never]"  [arg-type]
src/probe/cloudforce_one_stakeout_items/raw_client.py:653: error: Argument "type_" to "parse_obj_as" has incompatible type "<typing special form>"; expected "type[Never]"  [arg-type]
src/probe/cloudforce_one_stakeout_items/raw_client.py:664: error: Argument "type_" to "parse_obj_as" has incompatible type "<typing special form>"; expected "type[Never]"  [arg-type]
src/probe/cloudforce_one_stakeout_items/raw_client.py:675: error: Argument "type_" to "parse_obj_as" has incompatible type "<typing special form>"; expected "type[Never]"  [arg-type]
src/probe/cloudforce_one_stakeout_items/raw_client.py:737: error: Argument "type_" to "parse_obj_as" has incompatible type "<typing special form>"; expected "type[Never]"  [arg-type]
src/probe/cloudforce_one_stakeout_items/raw_client.py:799: error: Argument "type_" to "parse_obj_as" has incompatible type "<typing special form>"; expected "type[Never]"  [arg-type]
src/probe/cloudforce_one_stakeout_items/raw_client.py:871: error: Argument "type_" to "parse_obj_as" has incompatible type "<typing special form>"; expected "type[Never]"  [arg-type]
src/probe/cloudforce_one_stakeout_items/raw_client.py:882: error: Argument "type_" to "parse_obj_as" has incompatible type "<typing special form>"; expected "type[Never]"  [arg-type]
src/probe/cloudforce_one_stakeout_items/raw_client.py:975: error: Argument "type_" to "parse_obj_as" has incompatible type "<typing special form>"; expected "type[Never]"  [arg-type]
src/probe/cloudforce_one_stakeout_items/raw_client.py:986: error: Argument "type_" to "parse_obj_as" has incompatible type "<typing special form>"; expected "type[Never]"  [arg-type]
src/probe/cloudforce_one_stakeout_columns/raw_client.py:100: error: Argument "type_" to "parse_obj_as" has incompatible type "<typing special form>"; expected "type[Never]"  [arg-type]
src/probe/cloudforce_one_stakeout_columns/raw_client.py:111: error: Argument "type_" to "parse_obj_as" has incompatible type "<typing special form>"; expected "type[Never]"  [arg-type]
src/probe/cloudforce_one_stakeout_columns/raw_client.py:174: error: Argument "type_" to "parse_obj_as" has incompatible type "<typing special form>"; expected "type[Never]"  [arg-type]
src/probe/cloudforce_one_stakeout_columns/raw_client.py:185: error: Argument "type_" to "parse_obj_as" has incompatible type "<typing special form>"; expected "type[Never]"  [arg-type]
src/probe/cloudforce_one_stakeout_columns/raw_client.py:274: error: Argument "type_" to "parse_obj_as" has incompatible type "<typing special form>"; expected "type[Never]"  [arg-type]
src/probe/cloudforce_one_stakeout_columns/raw_client.py:285: error: Argument "type_" to "parse_obj_as" has incompatible type "<typing special form>"; expected "type[Never]"  [arg-type]
src/probe/cloudforce_one_stakeout_columns/raw_client.py:296: error: Argument "type_" to "parse_obj_as" has incompatible type "<typing special form>"; expected "type[Never]"  [arg-type]
src/probe/cloudforce_one_stakeout_columns/raw_client.py:384: error: Argument "type_" to "parse_obj_as" has incompatible type "<typing special form>"; expected "type[Never]"  [arg-type]
src/probe/cloudforce_one_stakeout_columns/raw_client.py:395: error: Argument "type_" to "parse_obj_as" has incompatible type "<typing special form>"; expected "type[Never]"  [arg-type]
src/probe/cloudforce_one_stakeout_columns/raw_client.py:458: error: Argument "type_" to "parse_obj_as" has incompatible type "<typing special form>"; expected "type[Never]"  [arg-type]
src/probe/cloudforce_one_stakeout_columns/raw_client.py:469: error: Argument "type_" to "parse_obj_as" has incompatible type "<typing special form>"; expected "type[Never]"  [arg-type]
src/probe/cloudforce_one_stakeout_columns/raw_client.py:558: error: Argument "type_" to "parse_obj_as" has incompatible type "<typing special form>"; expected "type[Never]"  [arg-type]
src/probe/cloudforce_one_stakeout_columns/raw_client.py:569: error: Argument "type_" to "parse_obj_as" has incompatible type "<typing special form>"; expected "type[Never]"  [arg-type]
src/probe/cloudforce_one_stakeout_columns/raw_client.py:580: error: Argument "type_" to "parse_obj_as" has incompatible type "<typing special form>"; expected "type[Never]"  [arg-type]
src/probe/cloudforce_one_events_tags_categories_create/raw_client.py:94: error: Argument "type_" to "parse_obj_as" has incompatible type "<typing special form>"; expected "type[Never]"  [arg-type]
src/probe/cloudforce_one_events_tags_categories_create/raw_client.py:105: error: Argument "type_" to "parse_obj_as" has incompatible type "<typing special form>"; expected "type[Never]"  [arg-type]
src/probe/cloudforce_one_events_tags_categories_create/raw_client.py:188: error: Argument "type_" to "parse_obj_as" has incompatible type "<typing special form>"; expected "type[Never]"  [arg-type]
src/probe/cloudforce_one_events_tags_categories_create/raw_client.py:199: error: Argument "type_" to "parse_obj_as" has incompatible type "<typing special form>"; expected "type[Never]"  [arg-type]
src/probe/cloudforce_one_events_relationships_create/raw_client.py:99: error: Argument "type_" to "parse_obj_as" has incompatible type "<typing special form>"; expected "type[Never]"  [arg-type]
src/probe/cloudforce_one_events_relationships_create/raw_client.py:187: error: Argument "type_" to "parse_obj_as" has incompatible type "<typing special form>"; expected "type[Never]"  [arg-type]
src/probe/billing_usage/raw_client.py:388: error: Argument "type_" to "parse_obj_as" has incompatible type "<typing special form>"; expected "type[Never]"  [arg-type]
src/probe/billing_usage/raw_client.py:399: error: Argument "type_" to "parse_obj_as" has incompatible type "<typing special form>"; expected "type[Never]"  [arg-type]
src/probe/billing_usage/raw_client.py:410: error: Argument "type_" to "parse_obj_as" has incompatible type "<typing special form>"; expected "type[Never]"  [arg-type]
src/probe/billing_usage/raw_client.py:778: error: Argument "type_" to "parse_obj_as" has incompatible type "<typing special form>"; expected "type[Never]"  [arg-type]
src/probe/billing_usage/raw_client.py:789: error: Argument "type_" to "parse_obj_as" has incompatible type "<typing special form>"; expected "type[Never]"  [arg-type]
src/probe/billing_usage/raw_client.py:800: error: Argument "type_" to "parse_obj_as" has incompatible type "<typing special form>"; expected "type[Never]"  [arg-type]
src/probe/artifacts_namespaces/raw_client.py:88: error: Argument "type_" to "parse_obj_as" has incompatible type "<typing special form>"; expected "type[Never]"  [arg-type]
src/probe/artifacts_namespaces/raw_client.py:99: error: Argument "type_" to "parse_obj_as" has incompatible type "<typing special form>"; expected "type[Never]"  [arg-type]
src/probe/artifacts_namespaces/raw_client.py:110: error: Argument "type_" to "parse_obj_as" has incompatible type "<typing special form>"; expected "type[Never]"  [arg-type]
src/probe/artifacts_namespaces/raw_client.py:121: error: Argument "type_" to "parse_obj_as" has incompatible type "<typing special form>"; expected "type[Never]"  [arg-type]
src/probe/artifacts_namespaces/raw_client.py:132: error: Argument "type_" to "parse_obj_as" has incompatible type "<typing special form>"; expected "type[Never]"  [arg-type]
src/probe/artifacts_namespaces/raw_client.py:211: error: Argument "type_" to "parse_obj_as" has incompatible type "<typing special form>"; expected "type[Never]"  [arg-type]
src/probe/artifacts_namespaces/raw_client.py:222: error: Argument "type_" to "parse_obj_as" has incompatible type "<typing special form>"; expected "type[Never]"  [arg-type]
src/probe/artifacts_namespaces/raw_client.py:233: error: Argument "type_" to "parse_obj_as" has incompatible type "<typing special form>"; expected "type[Never]"  [arg-type]
src/probe/artifacts_namespaces/raw_client.py:244: error: Argument "type_" to "parse_obj_as" has incompatible type "<typing special form>"; expected "type[Never]"  [arg-type]
src/probe/artifacts_namespaces/raw_client.py:255: error: Argument "type_" to "parse_obj_as" has incompatible type "<typing special form>"; expected "type[Never]"  [arg-type]
src/probe/artifacts_namespaces/raw_client.py:266: error: Argument "type_" to "parse_obj_as" has incompatible type "<typing special form>"; expected "type[Never]"  [arg-type]
src/probe/artifacts_namespaces/raw_client.py:326: error: Argument "type_" to "parse_obj_as" has incompatible type "<typing special form>"; expected "type[Never]"  [arg-type]
src/probe/artifacts_namespaces/raw_client.py:337: error: Argument "type_" to "parse_obj_as" has incompatible type "<typing special form>"; expected "type[Never]"  [arg-type]
src/probe/artifacts_namespaces/raw_client.py:348: error: Argument "type_" to "parse_obj_as" has incompatible type "<typing special form>"; expected "type[Never]"  [arg-type]
src/probe/artifacts_namespaces/raw_client.py:359: error: Argument "type_" to "parse_obj_as" has incompatible type "<typing special form>"; expected "type[Never]"  [arg-type]
src/probe/artifacts_namespaces/raw_client.py:433: error: Argument "type_" to "parse_obj_as" has incompatible type "<typing special form>"; expected "type[Never]"  [arg-type]
src/probe/artifacts_namespaces/raw_client.py:444: error: Argument "type_" to "parse_obj_as" has incompatible type "<typing special form>"; expected "type[Never]"  [arg-type]
src/probe/artifacts_namespaces/raw_client.py:455: error: Argument "type_" to "parse_obj_as" has incompatible type "<typing special form>"; expected "type[Never]"  [arg-type]
src/probe/artifacts_namespaces/raw_client.py:466: error: Argument "type_" to "parse_obj_as" has incompatible type "<typing special form>"; expected "type[Never]"  [arg-type]
src/probe/artifacts_namespaces/raw_client.py:477: error: Argument "type_" to "parse_obj_as" has incompatible type "<typing special form>"; expected "type[Never]"  [arg-type]
src/probe/artifacts_namespaces/raw_client.py:556: error: Argument "type_" to "parse_obj_as" has incompatible type "<typing special form>"; expected "type[Never]"  [arg-type]
src/probe/artifacts_namespaces/raw_client.py:567: error: Argument "type_" to "parse_obj_as" has incompatible type "<typing special form>"; expected "type[Never]"  [arg-type]
src/probe/artifacts_namespaces/raw_client.py:578: error: Argument "type_" to "parse_obj_as" has incompatible type "<typing special form>"; expected "type[Never]"  [arg-type]
src/probe/artifacts_namespaces/raw_client.py:589: error: Argument "type_" to "parse_obj_as" has incompatible type "<typing special form>"; expected "type[Never]"  [arg-type]
src/probe/artifacts_namespaces/raw_client.py:600: error: Argument "type_" to "parse_obj_as" has incompatible type "<typing special form>"; expected "type[Never]"  [arg-type]
src/probe/artifacts_namespaces/raw_client.py:611: error: Argument "type_" to "parse_obj_as" has incompatible type "<typing special form>"; expected "type[Never]"  [arg-type]
src/probe/artifacts_namespaces/raw_client.py:671: error: Argument "type_" to "parse_obj_as" has incompatible type "<typing special form>"; expected "type[Never]"  [arg-type]
src/probe/artifacts_namespaces/raw_client.py:682: error: Argument "type_" to "parse_obj_as" has incompatible type "<typing special form>"; expected "type[Never]"  [arg-type]
src/probe/artifacts_namespaces/raw_client.py:693: error: Argument "type_" to "parse_obj_as" has incompatible type "<typing special form>"; expected "type[Never]"  [arg-type]
src/probe/artifacts_namespaces/raw_client.py:704: error: Argument "type_" to "parse_obj_as" has incompatible type "<typing special form>"; expected "type[Never]"  [arg-type]
src/probe/ai_search_jobs/raw_client.py:93: error: Argument "type_" to "parse_obj_as" has incompatible type "<typing special form>"; expected "type[Never]"  [arg-type]
src/probe/ai_search_jobs/raw_client.py:104: error: Argument "type_" to "parse_obj_as" has incompatible type "<typing special form>"; expected "type[Never]"  [arg-type]
src/probe/ai_search_jobs/raw_client.py:115: error: Argument "type_" to "parse_obj_as" has incompatible type "<typing special form>"; expected "type[Never]"  [arg-type]
src/probe/ai_search_jobs/raw_client.py:189: error: Argument "type_" to "parse_obj_as" has incompatible type "<typing special form>"; expected "type[Never]"  [arg-type]
src/probe/ai_search_jobs/raw_client.py:200: error: Argument "type_" to "parse_obj_as" has incompatible type "<typing special form>"; expected "type[Never]"  [arg-type]
src/probe/ai_search_jobs/raw_client.py:211: error: Argument "type_" to "parse_obj_as" has incompatible type "<typing special form>"; expected "type[Never]"  [arg-type]
src/probe/ai_search_jobs/raw_client.py:222: error: Argument "type_" to "parse_obj_as" has incompatible type "<typing special form>"; expected "type[Never]"  [arg-type]
src/probe/ai_search_jobs/raw_client.py:289: error: Argument "type_" to "parse_obj_as" has incompatible type "<typing special form>"; expected "type[Never]"  [arg-type]
src/probe/ai_search_jobs/raw_client.py:300: error: Argument "type_" to "parse_obj_as" has incompatible type "<typing special form>"; expected "type[Never]"  [arg-type]
src/probe/ai_search_jobs/raw_client.py:377: error: Argument "type_" to "parse_obj_as" has incompatible type "<typing special form>"; expected "type[Never]"  [arg-type]
src/probe/ai_search_jobs/raw_client.py:388: error: Argument "type_" to "parse_obj_as" has incompatible type "<typing special form>"; expected "type[Never]"  [arg-type]
src/probe/ai_search_jobs/raw_client.py:399: error: Argument "type_" to "parse_obj_as" has incompatible type "<typing special form>"; expected "type[Never]"  [arg-type]
src/probe/ai_search_jobs/raw_client.py:476: error: Argument "type_" to "parse_obj_as" has incompatible type "<typing special form>"; expected "type[Never]"  [arg-type]
src/probe/ai_search_jobs/raw_client.py:487: error: Argument "type_" to "parse_obj_as" has incompatible type "<typing special form>"; expected "type[Never]"  [arg-type]
src/probe/ai_search_jobs/raw_client.py:498: error: Argument "type_" to "parse_obj_as" has incompatible type "<typing special form>"; expected "type[Never]"  [arg-type]
src/probe/ai_search_jobs/raw_client.py:577: error: Argument "type_" to "parse_obj_as" has incompatible type "<typing special form>"; expected "type[Never]"  [arg-type]
src/probe/ai_search_jobs/raw_client.py:588: error: Argument "type_" to "parse_obj_as" has incompatible type "<typing special form>"; expected "type[Never]"  [arg-type]
src/probe/ai_search_jobs/raw_client.py:599: error: Argument "type_" to "parse_obj_as" has incompatible type "<typing special form>"; expected "type[Never]"  [arg-type]
src/probe/ai_search_jobs/raw_client.py:673: error: Argument "type_" to "parse_obj_as" has incompatible type "<typing special form>"; expected "type[Never]"  [arg-type]
src/probe/ai_search_jobs/raw_client.py:684: error: Argument "type_" to "parse_obj_as" has incompatible type "<typing special form>"; expected "type[Never]"  [arg-type]
src/probe/ai_search_jobs/raw_client.py:695: error: Argument "type_" to "parse_obj_as" has incompatible type "<typing special form>"; expected "type[Never]"  [arg-type]
src/probe/ai_search_jobs/raw_client.py:706: error: Argument "type_" to "parse_obj_as" has incompatible type "<typing special form>"; expected "type[Never]"  [arg-type]
src/probe/ai_search_jobs/raw_client.py:773: error: Argument "type_" to "parse_obj_as" has incompatible type "<typing special form>"; expected "type[Never]"  [arg-type]
src/probe/ai_search_jobs/raw_client.py:784: error: Argument "type_" to "parse_obj_as" has incompatible type "<typing special form>"; expected "type[Never]"  [arg-type]
src/probe/ai_search_jobs/raw_client.py:861: error: Argument "type_" to "parse_obj_as" has incompatible type "<typing special form>"; expected "type[Never]"  [arg-type]
src/probe/ai_search_jobs/raw_client.py:872: error: Argument "type_" to "parse_obj_as" has incompatible type "<typing special form>"; expected "type[Never]"  [arg-type]
src/probe/ai_search_jobs/raw_client.py:883: error: Argument "type_" to "parse_obj_as" has incompatible type "<typing special form>"; expected "type[Never]"  [arg-type]
src/probe/ai_search_jobs/raw_client.py:960: error: Argument "type_" to "parse_obj_as" has incompatible type "<typing special form>"; expected "type[Never]"  [arg-type]
src/probe/ai_search_jobs/raw_client.py:971: error: Argument "type_" to "parse_obj_as" has incompatible type "<typing special form>"; expected "type[Never]"  [arg-type]
src/probe/ai_search_jobs/raw_client.py:982: error: Argument "type_" to "parse_obj_as" has incompatible type "<typing special form>"; expected "type[Never]"  [arg-type]
src/probe/ai_gateway_logging_state/raw_client.py:64: error: Argument "type_" to "parse_obj_as" has incompatible type "<typing special form>"; expected "type[Never]"  [arg-type]
src/probe/ai_gateway_logging_state/raw_client.py:75: error: Argument "type_" to "parse_obj_as" has incompatible type "<typing special form>"; expected "type[Never]"  [arg-type]
src/probe/ai_gateway_logging_state/raw_client.py:128: error: Argument "type_" to "parse_obj_as" has incompatible type "<typing special form>"; expected "type[Never]"  [arg-type]
src/probe/ai_gateway_logging_state/raw_client.py:139: error: Argument "type_" to "parse_obj_as" has incompatible type "<typing special form>"; expected "type[Never]"  [arg-type]
src/probe/ai_gateway_logging_state/raw_client.py:197: error: Argument "type_" to "parse_obj_as" has incompatible type "<typing special form>"; expected "type[Never]"  [arg-type]
src/probe/ai_gateway_logging_state/raw_client.py:208: error: Argument "type_" to "parse_obj_as" has incompatible type "<typing special form>"; expected "type[Never]"  [arg-type]
src/probe/ai_gateway_logging_state/raw_client.py:261: error: Argument "type_" to "parse_obj_as" has incompatible type "<typing special form>"; expected "type[Never]"  [arg-type]
src/probe/ai_gateway_logging_state/raw_client.py:272: error: Argument "type_" to "parse_obj_as" has incompatible type "<typing special form>"; expected "type[Never]"  [arg-type]
src/probe/ai_gateway_custom_domains/raw_client.py:94: error: Argument "type_" to "parse_obj_as" has incompatible type "<typing special form>"; expected "type[Never]"  [arg-type]
src/probe/ai_gateway_custom_domains/raw_client.py:173: error: Argument "type_" to "parse_obj_as" has incompatible type "<typing special form>"; expected "type[Never]"  [arg-type]
src/probe/ai_gateway_custom_domains/raw_client.py:235: error: Argument "type_" to "parse_obj_as" has incompatible type "<typing special form>"; expected "type[Never]"  [arg-type]
src/probe/ai_gateway_custom_domains/raw_client.py:297: error: Argument "type_" to "parse_obj_as" has incompatible type "<typing special form>"; expected "type[Never]"  [arg-type]
src/probe/ai_gateway_custom_domains/raw_client.py:379: error: Argument "type_" to "parse_obj_as" has incompatible type "<typing special form>"; expected "type[Never]"  [arg-type]
src/probe/ai_gateway_custom_domains/raw_client.py:458: error: Argument "type_" to "parse_obj_as" has incompatible type "<typing special form>"; expected "type[Never]"  [arg-type]
src/probe/ai_gateway_custom_domains/raw_client.py:520: error: Argument "type_" to "parse_obj_as" has incompatible type "<typing special form>"; expected "type[Never]"  [arg-type]
src/probe/ai_gateway_custom_domains/raw_client.py:582: error: Argument "type_" to "parse_obj_as" has incompatible type "<typing special form>"; expected "type[Never]"  [arg-type]
src/probe/ai_gateway_billing_topup/raw_client.py:85: error: Argument "type_" to "parse_obj_as" has incompatible type "<typing special form>"; expected "type[Never]"  [arg-type]
src/probe/ai_gateway_billing_topup/raw_client.py:107: error: Argument "type_" to "parse_obj_as" has incompatible type "<typing special form>"; expected "type[Never]"  [arg-type]
src/probe/ai_gateway_billing_topup/raw_client.py:118: error: Argument "type_" to "parse_obj_as" has incompatible type "<typing special form>"; expected "type[Never]"  [arg-type]
src/probe/ai_gateway_billing_topup/raw_client.py:192: error: Argument "type_" to "parse_obj_as" has incompatible type "<typing special form>"; expected "type[Never]"  [arg-type]
src/probe/ai_gateway_billing_topup/raw_client.py:203: error: Argument "type_" to "parse_obj_as" has incompatible type "<typing special form>"; expected "type[Never]"  [arg-type]
src/probe/ai_gateway_billing_topup/raw_client.py:214: error: Argument "type_" to "parse_obj_as" has incompatible type "<typing special form>"; expected "type[Never]"  [arg-type]
src/probe/ai_gateway_billing_topup/raw_client.py:278: error: Argument "type_" to "parse_obj_as" has incompatible type "<typing special form>"; expected "type[Never]"  [arg-type]
src/probe/ai_gateway_billing_topup/raw_client.py:289: error: Argument "type_" to "parse_obj_as" has incompatible type "<typing special form>"; expected "type[Never]"  [arg-type]
src/probe/ai_gateway_billing_topup/raw_client.py:300: error: Argument "type_" to "parse_obj_as" has incompatible type "<typing special form>"; expected "type[Never]"  [arg-type]
src/probe/ai_gateway_billing_topup/raw_client.py:369: error: Argument "type_" to "parse_obj_as" has incompatible type "<typing special form>"; expected "type[Never]"  [arg-type]
src/probe/ai_gateway_billing_topup/raw_client.py:391: error: Argument "type_" to "parse_obj_as" has incompatible type "<typing special form>"; expected "type[Never]"  [arg-type]
src/probe/ai_gateway_billing_topup/raw_client.py:402: error: Argument "type_" to "parse_obj_as" has incompatible type "<typing special form>"; expected "type[Never]"  [arg-type]
src/probe/ai_gateway_billing_topup/raw_client.py:476: error: Argument "type_" to "parse_obj_as" has incompatible type "<typing special form>"; expected "type[Never]"  [arg-type]
src/probe/ai_gateway_billing_topup/raw_client.py:487: error: Argument "type_" to "parse_obj_as" has incompatible type "<typing special form>"; expected "type[Never]"  [arg-type]
src/probe/ai_gateway_billing_topup/raw_client.py:498: error: Argument "type_" to "parse_obj_as" has incompatible type "<typing special form>"; expected "type[Never]"  [arg-type]
src/probe/ai_gateway_billing_topup/raw_client.py:562: error: Argument "type_" to "parse_obj_as" has incompatible type "<typing special form>"; expected "type[Never]"  [arg-type]
src/probe/ai_gateway_billing_topup/raw_client.py:573: error: Argument "type_" to "parse_obj_as" has incompatible type "<typing special form>"; expected "type[Never]"  [arg-type]
src/probe/ai_gateway_billing_topup/raw_client.py:584: error: Argument "type_" to "parse_obj_as" has incompatible type "<typing special form>"; expected "type[Never]"  [arg-type]
src/probe/ai_gateway_billing/raw_client.py:72: error: Argument "type_" to "parse_obj_as" has incompatible type "<typing special form>"; expected "type[Never]"  [arg-type]
src/probe/ai_gateway_billing/raw_client.py:83: error: Argument "type_" to "parse_obj_as" has incompatible type "<typing special form>"; expected "type[Never]"  [arg-type]
src/probe/ai_gateway_billing/raw_client.py:94: error: Argument "type_" to "parse_obj_as" has incompatible type "<typing special form>"; expected "type[Never]"  [arg-type]
src/probe/ai_gateway_billing/raw_client.py:158: error: Argument "type_" to "parse_obj_as" has incompatible type "<typing special form>"; expected "type[Never]"  [arg-type]
src/probe/ai_gateway_billing/raw_client.py:169: error: Argument "type_" to "parse_obj_as" has incompatible type "<typing special form>"; expected "type[Never]"  [arg-type]
src/probe/ai_gateway_billing/raw_client.py:180: error: Argument "type_" to "parse_obj_as" has incompatible type "<typing special form>"; expected "type[Never]"  [arg-type]
src/probe/ai_gateway_billing/raw_client.py:234: error: Argument "type_" to "parse_obj_as" has incompatible type "<typing special form>"; expected "type[Never]"  [arg-type]
src/probe/ai_gateway_billing/raw_client.py:245: error: Argument "type_" to "parse_obj_as" has incompatible type "<typing special form>"; expected "type[Never]"  [arg-type]
src/probe/ai_gateway_billing/raw_client.py:256: error: Argument "type_" to "parse_obj_as" has incompatible type "<typing special form>"; expected "type[Never]"  [arg-type]
src/probe/ai_gateway_billing/raw_client.py:310: error: Argument "type_" to "parse_obj_as" has incompatible type "<typing special form>"; expected "type[Never]"  [arg-type]
src/probe/ai_gateway_billing/raw_client.py:321: error: Argument "type_" to "parse_obj_as" has incompatible type "<typing special form>"; expected "type[Never]"  [arg-type]
src/probe/ai_gateway_billing/raw_client.py:332: error: Argument "type_" to "parse_obj_as" has incompatible type "<typing special form>"; expected "type[Never]"  [arg-type]
src/probe/ai_gateway_billing/raw_client.py:406: error: Argument "type_" to "parse_obj_as" has incompatible type "<typing special form>"; expected "type[Never]"  [arg-type]
src/probe/ai_gateway_billing/raw_client.py:417: error: Argument "type_" to "parse_obj_as" has incompatible type "<typing special form>"; expected "type[Never]"  [arg-type]
src/probe/ai_gateway_billing/raw_client.py:428: error: Argument "type_" to "parse_obj_as" has incompatible type "<typing special form>"; expected "type[Never]"  [arg-type]
src/probe/ai_gateway_billing/raw_client.py:487: error: Argument "type_" to "parse_obj_as" has incompatible type "<typing special form>"; expected "type[Never]"  [arg-type]
src/probe/ai_gateway_billing/raw_client.py:498: error: Argument "type_" to "parse_obj_as" has incompatible type "<typing special form>"; expected "type[Never]"  [arg-type]
src/probe/ai_gateway_billing/raw_client.py:509: error: Argument "type_" to "parse_obj_as" has incompatible type "<typing special form>"; expected "type[Never]"  [arg-type]
src/probe/ai_gateway_billing/raw_client.py:573: error: Argument "type_" to "parse_obj_as" has incompatible type "<typing special form>"; expected "type[Never]"  [arg-type]
src/probe/ai_gateway_billing/raw_client.py:584: error: Argument "type_" to "parse_obj_as" has incompatible type "<typing special form>"; expected "type[Never]"  [arg-type]
src/probe/ai_gateway_billing/raw_client.py:595: error: Argument "type_" to "parse_obj_as" has incompatible type "<typing special form>"; expected "type[Never]"  [arg-type]
src/probe/ai_gateway_billing/raw_client.py:649: error: Argument "type_" to "parse_obj_as" has incompatible type "<typing special form>"; expected "type[Never]"  [arg-type]
src/probe/ai_gateway_billing/raw_client.py:660: error: Argument "type_" to "parse_obj_as" has incompatible type "<typing special form>"; expected "type[Never]"  [arg-type]
src/probe/ai_gateway_billing/raw_client.py:671: error: Argument "type_" to "parse_obj_as" has incompatible type "<typing special form>"; expected "type[Never]"  [arg-type]
src/probe/ai_gateway_billing/raw_client.py:725: error: Argument "type_" to "parse_obj_as" has incompatible type "<typing special form>"; expected "type[Never]"  [arg-type]
src/probe/ai_gateway_billing/raw_client.py:736: error: Argument "type_" to "parse_obj_as" has incompatible type "<typing special form>"; expected "type[Never]"  [arg-type]
src/probe/ai_gateway_billing/raw_client.py:747: error: Argument "type_" to "parse_obj_as" has incompatible type "<typing special form>"; expected "type[Never]"  [arg-type]
src/probe/ai_gateway_billing/raw_client.py:821: error: Argument "type_" to "parse_obj_as" has incompatible type "<typing special form>"; expected "type[Never]"  [arg-type]
src/probe/ai_gateway_billing/raw_client.py:832: error: Argument "type_" to "parse_obj_as" has incompatible type "<typing special form>"; expected "type[Never]"  [arg-type]
src/probe/ai_gateway_billing/raw_client.py:843: error: Argument "type_" to "parse_obj_as" has incompatible type "<typing special form>"; expected "type[Never]"  [arg-type]
src/probe/ai_gateway_account_providers_costs/raw_client.py:118: error: Argument "type_" to "parse_obj_as" has incompatible type "<typing special form>"; expected "type[Never]"  [arg-type]
src/probe/ai_gateway_account_providers_costs/raw_client.py:216: error: Argument "type_" to "parse_obj_as" has incompatible type "<typing special form>"; expected "type[Never]"  [arg-type]
src/probe/ai_gateway_account_providers_costs/raw_client.py:271: error: Argument "type_" to "parse_obj_as" has incompatible type "<typing special form>"; expected "type[Never]"  [arg-type]
src/probe/ai_gateway_account_providers_costs/raw_client.py:326: error: Argument "type_" to "parse_obj_as" has incompatible type "<typing special form>"; expected "type[Never]"  [arg-type]
src/probe/ai_gateway_account_providers_costs/raw_client.py:423: error: Argument "type_" to "parse_obj_as" has incompatible type "<typing special form>"; expected "type[Never]"  [arg-type]
src/probe/ai_gateway_account_providers_costs/raw_client.py:434: error: Argument "type_" to "parse_obj_as" has incompatible type "<typing special form>"; expected "type[Never]"  [arg-type]
src/probe/ai_gateway_account_providers_costs/raw_client.py:525: error: Argument "type_" to "parse_obj_as" has incompatible type "<typing special form>"; expected "type[Never]"  [arg-type]
src/probe/ai_gateway_account_providers_costs/raw_client.py:623: error: Argument "type_" to "parse_obj_as" has incompatible type "<typing special form>"; expected "type[Never]"  [arg-type]
src/probe/ai_gateway_account_providers_costs/raw_client.py:678: error: Argument "type_" to "parse_obj_as" has incompatible type "<typing special form>"; expected "type[Never]"  [arg-type]
src/probe/ai_gateway_account_providers_costs/raw_client.py:733: error: Argument "type_" to "parse_obj_as" has incompatible type "<typing special form>"; expected "type[Never]"  [arg-type]
src/probe/ai_gateway_account_providers_costs/raw_client.py:830: error: Argument "type_" to "parse_obj_as" has incompatible type "<typing special form>"; expected "type[Never]"  [arg-type]
src/probe/ai_gateway_account_providers_costs/raw_client.py:841: error: Argument "type_" to "parse_obj_as" has incompatible type "<typing special form>"; expected "type[Never]"  [arg-type]
src/probe/accounts_billing_payment_methods/raw_client.py:525: error: Argument "type_" to "parse_obj_as" has incompatible type "<typing special form>"; expected "type[Never]"  [arg-type]
src/probe/accounts_billing_payment_methods/raw_client.py:576: error: Argument "type_" to "parse_obj_as" has incompatible type "<typing special form>"; expected "type[Never]"  [arg-type]
src/probe/accounts_billing_payment_methods/raw_client.py:1092: error: Argument "type_" to "parse_obj_as" has incompatible type "<typing special form>"; expected "type[Never]"  [arg-type]
src/probe/accounts_billing_payment_methods/raw_client.py:1143: error: Argument "type_" to "parse_obj_as" has incompatible type "<typing special form>"; expected "type[Never]"  [arg-type]
src/probe/zone_entitlements/raw_client.py:60: error: Argument "type_" to "parse_obj_as" has incompatible type "<typing special form>"; expected "type[Never]"  [arg-type]
src/probe/zone_entitlements/raw_client.py:71: error: Argument "type_" to "parse_obj_as" has incompatible type "<typing special form>"; expected "type[Never]"  [arg-type]
src/probe/zone_entitlements/raw_client.py:82: error: Argument "type_" to "parse_obj_as" has incompatible type "<typing special form>"; expected "type[Never]"  [arg-type]
src/probe/zone_entitlements/raw_client.py:93: error: Argument "type_" to "parse_obj_as" has incompatible type "<typing special form>"; expected "type[Never]"  [arg-type]
src/probe/zone_entitlements/raw_client.py:104: error: Argument "type_" to "parse_obj_as" has incompatible type "<typing special form>"; expected "type[Never]"  [arg-type]
src/probe/zone_entitlements/raw_client.py:115: error: Argument "type_" to "parse_obj_as" has incompatible type "<typing special form>"; expected "type[Never]"  [arg-type]
src/probe/zone_entitlements/raw_client.py:126: error: Argument "type_" to "parse_obj_as" has incompatible type "<typing special form>"; expected "type[Never]"  [arg-type]
src/probe/zone_entitlements/raw_client.py:137: error: Argument "type_" to "parse_obj_as" has incompatible type "<typing special form>"; expected "type[Never]"  [arg-type]
src/probe/zone_entitlements/raw_client.py:187: error: Argument "type_" to "parse_obj_as" has incompatible type "<typing special form>"; expected "type[Never]"  [arg-type]
src/probe/zone_entitlements/raw_client.py:198: error: Argument "type_" to "parse_obj_as" has incompatible type "<typing special form>"; expected "type[Never]"  [arg-type]
src/probe/zone_entitlements/raw_client.py:209: error: Argument "type_" to "parse_obj_as" has incompatible type "<typing special form>"; expected "type[Never]"  [arg-type]
src/probe/zone_entitlements/raw_client.py:220: error: Argument "type_" to "parse_obj_as" has incompatible type "<typing special form>"; expected "type[Never]"  [arg-type]
src/probe/zone_entitlements/raw_client.py:231: error: Argument "type_" to "parse_obj_as" has incompatible type "<typing special form>"; expected "type[Never]"  [arg-type]
src/probe/zone_entitlements/raw_client.py:242: error: Argument "type_" to "parse_obj_as" has incompatible type "<typing special form>"; expected "type[Never]"  [arg-type]
src/probe/zone_entitlements/raw_client.py:253: error: Argument "type_" to "parse_obj_as" has incompatible type "<typing special form>"; expected "type[Never]"  [arg-type]
src/probe/zone_entitlements/raw_client.py:264: error: Argument "type_" to "parse_obj_as" has incompatible type "<typing special form>"; expected "type[Never]"  [arg-type]
src/probe/zero_trust_access_logs_jit_requests/raw_client.py:146: error: Argument "type_" to "parse_obj_as" has incompatible type "<typing special form>"; expected "type[Never]"  [arg-type]
src/probe/zero_trust_access_logs_jit_requests/raw_client.py:284: error: Argument "type_" to "parse_obj_as" has incompatible type "<typing special form>"; expected "type[Never]"  [arg-type]
src/probe/workers_secrets/raw_client.py:137: error: Argument "type_" to "parse_obj_as" has incompatible type "<typing special form>"; expected "type[Never]"  [arg-type]
src/probe/workers_secrets/raw_client.py:225: error: Argument "type_" to "parse_obj_as" has incompatible type "<typing special form>"; expected "type[Never]"  [arg-type]
src/probe/workers_secrets/raw_client.py:459: error: Argument "type_" to "parse_obj_as" has incompatible type "<typing special form>"; expected "type[Never]"  [arg-type]
src/probe/workers_secrets/raw_client.py:547: error: Argument "type_" to "parse_obj_as" has incompatible type "<typing special form>"; expected "type[Never]"  [arg-type]
src/probe/workers_builds_workers/raw_client.py:102: error: Argument "type_" to "parse_obj_as" has incompatible type "<typing special form>"; expected "type[Never]"  [arg-type]
src/probe/workers_builds_workers/raw_client.py:113: error: Argument "type_" to "parse_obj_as" has incompatible type "<typing special form>"; expected "type[Never]"  [arg-type]
src/probe/workers_builds_workers/raw_client.py:124: error: Argument "type_" to "parse_obj_as" has incompatible type "<typing special form>"; expected "type[Never]"  [arg-type]
src/probe/workers_builds_workers/raw_client.py:135: error: Argument "type_" to "parse_obj_as" has incompatible type "<typing special form>"; expected "type[Never]"  [arg-type]
src/probe/workers_builds_workers/raw_client.py:195: error: Argument "type_" to "parse_obj_as" has incompatible type "<typing special form>"; expected "type[Never]"  [arg-type]
src/probe/workers_builds_workers/raw_client.py:206: error: Argument "type_" to "parse_obj_as" has incompatible type "<typing special form>"; expected "type[Never]"  [arg-type]
src/probe/workers_builds_workers/raw_client.py:266: error: Argument "type_" to "parse_obj_as" has incompatible type "<typing special form>"; expected "type[Never]"  [arg-type]
src/probe/workers_builds_workers/raw_client.py:277: error: Argument "type_" to "parse_obj_as" has incompatible type "<typing special form>"; expected "type[Never]"  [arg-type]
src/probe/workers_builds_workers/raw_client.py:356: error: Argument "type_" to "parse_obj_as" has incompatible type "<typing special form>"; expected "type[Never]"  [arg-type]
src/probe/workers_builds_workers/raw_client.py:367: error: Argument "type_" to "parse_obj_as" has incompatible type "<typing special form>"; expected "type[Never]"  [arg-type]
src/probe/workers_builds_workers/raw_client.py:378: error: Argument "type_" to "parse_obj_as" has incompatible type "<typing special form>"; expected "type[Never]"  [arg-type]
src/probe/workers_builds_workers/raw_client.py:461: error: Argument "type_" to "parse_obj_as" has incompatible type "<typing special form>"; expected "type[Never]"  [arg-type]
src/probe/workers_builds_workers/raw_client.py:472: error: Argument "type_" to "parse_obj_as" has incompatible type "<typing special form>"; expected "type[Never]"  [arg-type]
src/probe/workers_builds_workers/raw_client.py:483: error: Argument "type_" to "parse_obj_as" has incompatible type "<typing special form>"; expected "type[Never]"  [arg-type]
src/probe/workers_builds_workers/raw_client.py:494: error: Argument "type_" to "parse_obj_as" has incompatible type "<typing special form>"; expected "type[Never]"  [arg-type]
src/probe/workers_builds_workers/raw_client.py:554: error: Argument "type_" to "parse_obj_as" has incompatible type "<typing special form>"; expected "type[Never]"  [arg-type]
src/probe/workers_builds_workers/raw_client.py:565: error: Argument "type_" to "parse_obj_as" has incompatible type "<typing special form>"; expected "type[Never]"  [arg-type]
src/probe/workers_builds_workers/raw_client.py:625: error: Argument "type_" to "parse_obj_as" has incompatible type "<typing special form>"; expected "type[Never]"  [arg-type]
src/probe/workers_builds_workers/raw_client.py:636: error: Argument "type_" to "parse_obj_as" has incompatible type "<typing special form>"; expected "type[Never]"  [arg-type]
src/probe/workers_builds_workers/raw_client.py:715: error: Argument "type_" to "parse_obj_as" has incompatible type "<typing special form>"; expected "type[Never]"  [arg-type]
src/probe/workers_builds_workers/raw_client.py:726: error: Argument "type_" to "parse_obj_as" has incompatible type "<typing special form>"; expected "type[Never]"  [arg-type]
src/probe/workers_builds_workers/raw_client.py:737: error: Argument "type_" to "parse_obj_as" has incompatible type "<typing special form>"; expected "type[Never]"  [arg-type]
src/probe/workers_builds_triggers/raw_client.py:142: error: Argument "type_" to "parse_obj_as" has incompatible type "<typing special form>"; expected "type[Never]"  [arg-type]
src/probe/workers_builds_triggers/raw_client.py:201: error: Argument "type_" to "parse_obj_as" has incompatible type "<typing special form>"; expected "type[Never]"  [arg-type]
src/probe/workers_builds_triggers/raw_client.py:212: error: Argument "type_" to "parse_obj_as" has incompatible type "<typing special form>"; expected "type[Never]"  [arg-type]
src/probe/workers_builds_triggers/raw_client.py:317: error: Argument "type_" to "parse_obj_as" has incompatible type "<typing special form>"; expected "type[Never]"  [arg-type]
src/probe/workers_builds_triggers/raw_client.py:328: error: Argument "type_" to "parse_obj_as" has incompatible type "<typing special form>"; expected "type[Never]"  [arg-type]
src/probe/workers_builds_triggers/raw_client.py:397: error: Argument "type_" to "parse_obj_as" has incompatible type "<typing special form>"; expected "type[Never]"  [arg-type]
src/probe/workers_builds_triggers/raw_client.py:456: error: Argument "type_" to "parse_obj_as" has incompatible type "<typing special form>"; expected "type[Never]"  [arg-type]
src/probe/workers_builds_triggers/raw_client.py:467: error: Argument "type_" to "parse_obj_as" has incompatible type "<typing special form>"; expected "type[Never]"  [arg-type]
src/probe/workers_builds_triggers/raw_client.py:526: error: Argument "type_" to "parse_obj_as" has incompatible type "<typing special form>"; expected "type[Never]"  [arg-type]
src/probe/workers_builds_triggers/raw_client.py:641: error: Argument "type_" to "parse_obj_as" has incompatible type "<typing special form>"; expected "type[Never]"  [arg-type]
src/probe/workers_builds_triggers/raw_client.py:700: error: Argument "type_" to "parse_obj_as" has incompatible type "<typing special form>"; expected "type[Never]"  [arg-type]
src/probe/workers_builds_triggers/raw_client.py:711: error: Argument "type_" to "parse_obj_as" has incompatible type "<typing special form>"; expected "type[Never]"  [arg-type]
src/probe/workers_builds_triggers/raw_client.py:816: error: Argument "type_" to "parse_obj_as" has incompatible type "<typing special form>"; expected "type[Never]"  [arg-type]
src/probe/workers_builds_triggers/raw_client.py:827: error: Argument "type_" to "parse_obj_as" has incompatible type "<typing special form>"; expected "type[Never]"  [arg-type]
src/probe/workers_builds_triggers/raw_client.py:896: error: Argument "type_" to "parse_obj_as" has incompatible type "<typing special form>"; expected "type[Never]"  [arg-type]
src/probe/workers_builds_triggers/raw_client.py:955: error: Argument "type_" to "parse_obj_as" has incompatible type "<typing special form>"; expected "type[Never]"  [arg-type]
src/probe/workers_builds_triggers/raw_client.py:966: error: Argument "type_" to "parse_obj_as" has incompatible type "<typing special form>"; expected "type[Never]"  [arg-type]
src/probe/workers_builds_triggers/raw_client.py:1025: error: Argument "type_" to "parse_obj_as" has incompatible type "<typing special form>"; expected "type[Never]"  [arg-type]
src/probe/reporting_industry/raw_client.py:128: error: Argument "type_" to "parse_obj_as" has incompatible type "<typing special form>"; expected "type[Never]"  [arg-type]
src/probe/reporting_industry/raw_client.py:150: error: Argument "type_" to "parse_obj_as" has incompatible type "<typing special form>"; expected "type[Never]"  [arg-type]
src/probe/reporting_industry/raw_client.py:266: error: Argument "type_" to "parse_obj_as" has incompatible type "<typing special form>"; expected "type[Never]"  [arg-type]
src/probe/reporting_industry/raw_client.py:288: error: Argument "type_" to "parse_obj_as" has incompatible type "<typing special form>"; expected "type[Never]"  [arg-type]
src/probe/registrar_sandbox_registrations/raw_client.py:148: error: Argument "type_" to "parse_obj_as" has incompatible type "<typing special form>"; expected "type[Never]"  [arg-type]
src/probe/registrar_sandbox_registrations/raw_client.py:250: error: Argument "type_" to "parse_obj_as" has incompatible type "<typing special form>"; expected "type[Never]"  [arg-type]
src/probe/registrar_sandbox_registrations/raw_client.py:886: error: Argument "type_" to "parse_obj_as" has incompatible type "<typing special form>"; expected "type[Never]"  [arg-type]
src/probe/registrar_sandbox_registrations/raw_client.py:988: error: Argument "type_" to "parse_obj_as" has incompatible type "<typing special form>"; expected "type[Never]"  [arg-type]
src/probe/registrar_registrations/raw_client.py:140: error: Argument "type_" to "parse_obj_as" has incompatible type "<typing special form>"; expected "type[Never]"  [arg-type]
src/probe/registrar_registrations/raw_client.py:242: error: Argument "type_" to "parse_obj_as" has incompatible type "<typing special form>"; expected "type[Never]"  [arg-type]
src/probe/registrar_registrations/raw_client.py:890: error: Argument "type_" to "parse_obj_as" has incompatible type "<typing special form>"; expected "type[Never]"  [arg-type]
src/probe/registrar_registrations/raw_client.py:992: error: Argument "type_" to "parse_obj_as" has incompatible type "<typing special form>"; expected "type[Never]"  [arg-type]
src/probe/radar_agent_readiness/raw_client.py:90: error: Argument "type_" to "parse_obj_as" has incompatible type "<typing special form>"; expected "type[Never]"  [arg-type]
src/probe/radar_agent_readiness/raw_client.py:174: error: Argument "type_" to "parse_obj_as" has incompatible type "<typing special form>"; expected "type[Never]"  [arg-type]
src/probe/r2super_slurper_jobs/raw_client.py:155: error: Argument "type_" to "parse_obj_as" has incompatible type "<typing special form>"; expected "type[Never]"  [arg-type]
src/probe/r2super_slurper_jobs/raw_client.py:254: error: Argument "type_" to "parse_obj_as" has incompatible type "<typing special form>"; expected "type[Never]"  [arg-type]
src/probe/r2super_slurper_jobs/raw_client.py:353: error: Argument "type_" to "parse_obj_as" has incompatible type "<typing special form>"; expected "type[Never]"  [arg-type]
src/probe/r2super_slurper_jobs/raw_client.py:621: error: Argument "type_" to "parse_obj_as" has incompatible type "<typing special form>"; expected "type[Never]"  [arg-type]
src/probe/r2super_slurper_jobs/raw_client.py:720: error: Argument "type_" to "parse_obj_as" has incompatible type "<typing special form>"; expected "type[Never]"  [arg-type]
src/probe/r2super_slurper_jobs/raw_client.py:819: error: Argument "type_" to "parse_obj_as" has incompatible type "<typing special form>"; expected "type[Never]"  [arg-type]
src/probe/r2buckets_objects/raw_client.py:208: error: Argument "type_" to "parse_obj_as" has incompatible type "<typing special form>"; expected "type[Never]"  [arg-type]
src/probe/r2buckets_objects/raw_client.py:219: error: Argument "type_" to "parse_obj_as" has incompatible type "<typing special form>"; expected "type[Never]"  [arg-type]
src/probe/r2buckets_objects/raw_client.py:607: error: Argument "type_" to "parse_obj_as" has incompatible type "<typing special form>"; expected "type[Never]"  [arg-type]
src/probe/r2buckets_objects/raw_client.py:618: error: Argument "type_" to "parse_obj_as" has incompatible type "<typing special form>"; expected "type[Never]"  [arg-type]
src/probe/mcp_servers/raw_client.py:108: error: Argument "type_" to "parse_obj_as" has incompatible type "<typing special form>"; expected "type[Never]"  [arg-type]
src/probe/mcp_servers/raw_client.py:178: error: Argument "type_" to "parse_obj_as" has incompatible type "<typing special form>"; expected "type[Never]"  [arg-type]
src/probe/mcp_servers/raw_client.py:303: error: Argument "type_" to "parse_obj_as" has incompatible type "<typing special form>"; expected "type[Never]"  [arg-type]
src/probe/mcp_servers/raw_client.py:358: error: Argument "type_" to "parse_obj_as" has incompatible type "<typing special form>"; expected "type[Never]"  [arg-type]
src/probe/mcp_servers/raw_client.py:471: error: Argument "type_" to "parse_obj_as" has incompatible type "<typing special form>"; expected "type[Never]"  [arg-type]
src/probe/mcp_servers/raw_client.py:482: error: Argument "type_" to "parse_obj_as" has incompatible type "<typing special form>"; expected "type[Never]"  [arg-type]
src/probe/mcp_servers/raw_client.py:537: error: Argument "type_" to "parse_obj_as" has incompatible type "<typing special form>"; expected "type[Never]"  [arg-type]
src/probe/mcp_servers/raw_client.py:592: error: Argument "type_" to "parse_obj_as" has incompatible type "<typing special form>"; expected "type[Never]"  [arg-type]
src/probe/mcp_servers/raw_client.py:675: error: Argument "type_" to "parse_obj_as" has incompatible type "<typing special form>"; expected "type[Never]"  [arg-type]
src/probe/mcp_servers/raw_client.py:745: error: Argument "type_" to "parse_obj_as" has incompatible type "<typing special form>"; expected "type[Never]"  [arg-type]
src/probe/mcp_servers/raw_client.py:870: error: Argument "type_" to "parse_obj_as" has incompatible type "<typing special form>"; expected "type[Never]"  [arg-type]
src/probe/mcp_servers/raw_client.py:925: error: Argument "type_" to "parse_obj_as" has incompatible type "<typing special form>"; expected "type[Never]"  [arg-type]
src/probe/mcp_servers/raw_client.py:1038: error: Argument "type_" to "parse_obj_as" has incompatible type "<typing special form>"; expected "type[Never]"  [arg-type]
src/probe/mcp_servers/raw_client.py:1049: error: Argument "type_" to "parse_obj_as" has incompatible type "<typing special form>"; expected "type[Never]"  [arg-type]
src/probe/mcp_servers/raw_client.py:1104: error: Argument "type_" to "parse_obj_as" has incompatible type "<typing special form>"; expected "type[Never]"  [arg-type]
src/probe/mcp_servers/raw_client.py:1159: error: Argument "type_" to "parse_obj_as" has incompatible type "<typing special form>"; expected "type[Never]"  [arg-type]
src/probe/logpush_transformers/raw_client.py:297: error: Argument "type_" to "parse_obj_as" has incompatible type "<typing special form>"; expected "type[Never]"  [arg-type]
src/probe/logpush_transformers/raw_client.py:640: error: Argument "type_" to "parse_obj_as" has incompatible type "<typing special form>"; expected "type[Never]"  [arg-type]
src/probe/logexplorer_zone_datasets/raw_client.py:75: error: Argument "type_" to "parse_obj_as" has incompatible type "<typing special form>"; expected "type[Never]"  [arg-type]
src/probe/logexplorer_zone_datasets/raw_client.py:86: error: Argument "type_" to "parse_obj_as" has incompatible type "<typing special form>"; expected "type[Never]"  [arg-type]
src/probe/logexplorer_zone_datasets/raw_client.py:97: error: Argument "type_" to "parse_obj_as" has incompatible type "<typing special form>"; expected "type[Never]"  [arg-type]
src/probe/logexplorer_zone_datasets/raw_client.py:189: error: Argument "type_" to "parse_obj_as" has incompatible type "<typing special form>"; expected "type[Never]"  [arg-type]
src/probe/logexplorer_zone_datasets/raw_client.py:200: error: Argument "type_" to "parse_obj_as" has incompatible type "<typing special form>"; expected "type[Never]"  [arg-type]
src/probe/logexplorer_zone_datasets/raw_client.py:211: error: Argument "type_" to "parse_obj_as" has incompatible type "<typing special form>"; expected "type[Never]"  [arg-type]
src/probe/logexplorer_zone_datasets/raw_client.py:222: error: Argument "type_" to "parse_obj_as" has incompatible type "<typing special form>"; expected "type[Never]"  [arg-type]
src/probe/logexplorer_zone_datasets/raw_client.py:279: error: Argument "type_" to "parse_obj_as" has incompatible type "<typing special form>"; expected "type[Never]"  [arg-type]
src/probe/logexplorer_zone_datasets/raw_client.py:290: error: Argument "type_" to "parse_obj_as" has incompatible type "<typing special form>"; expected "type[Never]"  [arg-type]
src/probe/logexplorer_zone_datasets/raw_client.py:301: error: Argument "type_" to "parse_obj_as" has incompatible type "<typing special form>"; expected "type[Never]"  [arg-type]
src/probe/logexplorer_zone_datasets/raw_client.py:396: error: Argument "type_" to "parse_obj_as" has incompatible type "<typing special form>"; expected "type[Never]"  [arg-type]
src/probe/logexplorer_zone_datasets/raw_client.py:407: error: Argument "type_" to "parse_obj_as" has incompatible type "<typing special form>"; expected "type[Never]"  [arg-type]
src/probe/logexplorer_zone_datasets/raw_client.py:418: error: Argument "type_" to "parse_obj_as" has incompatible type "<typing special form>"; expected "type[Never]"  [arg-type]
src/probe/logexplorer_zone_datasets/raw_client.py:476: error: Argument "type_" to "parse_obj_as" has incompatible type "<typing special form>"; expected "type[Never]"  [arg-type]
src/probe/logexplorer_zone_datasets/raw_client.py:487: error: Argument "type_" to "parse_obj_as" has incompatible type "<typing special form>"; expected "type[Never]"  [arg-type]
src/probe/logexplorer_zone_datasets/raw_client.py:498: error: Argument "type_" to "parse_obj_as" has incompatible type "<typing special form>"; expected "type[Never]"  [arg-type]
src/probe/logexplorer_zone_datasets/raw_client.py:509: error: Argument "type_" to "parse_obj_as" has incompatible type "<typing special form>"; expected "type[Never]"  [arg-type]
src/probe/logexplorer_zone_datasets/raw_client.py:569: error: Argument "type_" to "parse_obj_as" has incompatible type "<typing special form>"; expected "type[Never]"  [arg-type]
src/probe/logexplorer_zone_datasets/raw_client.py:580: error: Argument "type_" to "parse_obj_as" has incompatible type "<typing special form>"; expected "type[Never]"  [arg-type]
src/probe/logexplorer_zone_datasets/raw_client.py:591: error: Argument "type_" to "parse_obj_as" has incompatible type "<typing special form>"; expected "type[Never]"  [arg-type]
src/probe/logexplorer_zone_datasets/raw_client.py:653: error: Argument "type_" to "parse_obj_as" has incompatible type "<typing special form>"; expected "type[Never]"  [arg-type]
src/probe/logexplorer_zone_datasets/raw_client.py:664: error: Argument "type_" to "parse_obj_as" has incompatible type "<typing special form>"; expected "type[Never]"  [arg-type]
src/probe/logexplorer_zone_datasets/raw_client.py:675: error: Argument "type_" to "parse_obj_as" has incompatible type "<typing special form>"; expected "type[Never]"  [arg-type]
src/probe/logexplorer_zone_datasets/raw_client.py:767: error: Argument "type_" to "parse_obj_as" has incompatible type "<typing special form>"; expected "type[Never]"  [arg-type]
src/probe/logexplorer_zone_datasets/raw_client.py:778: error: Argument "type_" to "parse_obj_as" has incompatible type "<typing special form>"; expected "type[Never]"  [arg-type]
src/probe/logexplorer_zone_datasets/raw_client.py:789: error: Argument "type_" to "parse_obj_as" has incompatible type "<typing special form>"; expected "type[Never]"  [arg-type]
src/probe/logexplorer_zone_datasets/raw_client.py:800: error: Argument "type_" to "parse_obj_as" has incompatible type "<typing special form>"; expected "type[Never]"  [arg-type]
src/probe/logexplorer_zone_datasets/raw_client.py:857: error: Argument "type_" to "parse_obj_as" has incompatible type "<typing special form>"; expected "type[Never]"  [arg-type]
src/probe/logexplorer_zone_datasets/raw_client.py:868: error: Argument "type_" to "parse_obj_as" has incompatible type "<typing special form>"; expected "type[Never]"  [arg-type]
src/probe/logexplorer_zone_datasets/raw_client.py:879: error: Argument "type_" to "parse_obj_as" has incompatible type "<typing special form>"; expected "type[Never]"  [arg-type]
src/probe/logexplorer_zone_datasets/raw_client.py:974: error: Argument "type_" to "parse_obj_as" has incompatible type "<typing special form>"; expected "type[Never]"  [arg-type]
src/probe/logexplorer_zone_datasets/raw_client.py:985: error: Argument "type_" to "parse_obj_as" has incompatible type "<typing special form>"; expected "type[Never]"  [arg-type]
src/probe/logexplorer_zone_datasets/raw_client.py:996: error: Argument "type_" to "parse_obj_as" has incompatible type "<typing special form>"; expected "type[Never]"  [arg-type]
src/probe/logexplorer_zone_datasets/raw_client.py:1054: error: Argument "type_" to "parse_obj_as" has incompatible type "<typing special form>"; expected "type[Never]"  [arg-type]
src/probe/logexplorer_zone_datasets/raw_client.py:1065: error: Argument "type_" to "parse_obj_as" has incompatible type "<typing special form>"; expected "type[Never]"  [arg-type]
src/probe/logexplorer_zone_datasets/raw_client.py:1076: error: Argument "type_" to "parse_obj_as" has incompatible type "<typing special form>"; expected "type[Never]"  [arg-type]
src/probe/logexplorer_zone_datasets/raw_client.py:1087: error: Argument "type_" to "parse_obj_as" has incompatible type "<typing special form>"; expected "type[Never]"  [arg-type]
src/probe/logexplorer_zone_datasets/raw_client.py:1147: error: Argument "type_" to "parse_obj_as" has incompatible type "<typing special form>"; expected "type[Never]"  [arg-type]
src/probe/logexplorer_zone_datasets/raw_client.py:1158: error: Argument "type_" to "parse_obj_as" has incompatible type "<typing special form>"; expected "type[Never]"  [arg-type]
src/probe/logexplorer_zone_datasets/raw_client.py:1169: error: Argument "type_" to "parse_obj_as" has incompatible type "<typing special form>"; expected "type[Never]"  [arg-type]
src/probe/logexplorer_account_datasets/raw_client.py:86: error: Argument "type_" to "parse_obj_as" has incompatible type "<typing special form>"; expected "type[Never]"  [arg-type]
src/probe/logexplorer_account_datasets/raw_client.py:97: error: Argument "type_" to "parse_obj_as" has incompatible type "<typing special form>"; expected "type[Never]"  [arg-type]
src/probe/logexplorer_account_datasets/raw_client.py:108: error: Argument "type_" to "parse_obj_as" has incompatible type "<typing special form>"; expected "type[Never]"  [arg-type]
src/probe/logexplorer_account_datasets/raw_client.py:200: error: Argument "type_" to "parse_obj_as" has incompatible type "<typing special form>"; expected "type[Never]"  [arg-type]
src/probe/logexplorer_account_datasets/raw_client.py:211: error: Argument "type_" to "parse_obj_as" has incompatible type "<typing special form>"; expected "type[Never]"  [arg-type]
src/probe/logexplorer_account_datasets/raw_client.py:222: error: Argument "type_" to "parse_obj_as" has incompatible type "<typing special form>"; expected "type[Never]"  [arg-type]
src/probe/logexplorer_account_datasets/raw_client.py:233: error: Argument "type_" to "parse_obj_as" has incompatible type "<typing special form>"; expected "type[Never]"  [arg-type]
src/probe/logexplorer_account_datasets/raw_client.py:290: error: Argument "type_" to "parse_obj_as" has incompatible type "<typing special form>"; expected "type[Never]"  [arg-type]
src/probe/logexplorer_account_datasets/raw_client.py:301: error: Argument "type_" to "parse_obj_as" has incompatible type "<typing special form>"; expected "type[Never]"  [arg-type]
src/probe/logexplorer_account_datasets/raw_client.py:312: error: Argument "type_" to "parse_obj_as" has incompatible type "<typing special form>"; expected "type[Never]"  [arg-type]
src/probe/logexplorer_account_datasets/raw_client.py:407: error: Argument "type_" to "parse_obj_as" has incompatible type "<typing special form>"; expected "type[Never]"  [arg-type]
src/probe/logexplorer_account_datasets/raw_client.py:418: error: Argument "type_" to "parse_obj_as" has incompatible type "<typing special form>"; expected "type[Never]"  [arg-type]
src/probe/logexplorer_account_datasets/raw_client.py:429: error: Argument "type_" to "parse_obj_as" has incompatible type "<typing special form>"; expected "type[Never]"  [arg-type]
src/probe/logexplorer_account_datasets/raw_client.py:487: error: Argument "type_" to "parse_obj_as" has incompatible type "<typing special form>"; expected "type[Never]"  [arg-type]
src/probe/logexplorer_account_datasets/raw_client.py:498: error: Argument "type_" to "parse_obj_as" has incompatible type "<typing special form>"; expected "type[Never]"  [arg-type]
src/probe/logexplorer_account_datasets/raw_client.py:509: error: Argument "type_" to "parse_obj_as" has incompatible type "<typing special form>"; expected "type[Never]"  [arg-type]
src/probe/logexplorer_account_datasets/raw_client.py:520: error: Argument "type_" to "parse_obj_as" has incompatible type "<typing special form>"; expected "type[Never]"  [arg-type]
src/probe/logexplorer_account_datasets/raw_client.py:580: error: Argument "type_" to "parse_obj_as" has incompatible type "<typing special form>"; expected "type[Never]"  [arg-type]
src/probe/logexplorer_account_datasets/raw_client.py:591: error: Argument "type_" to "parse_obj_as" has incompatible type "<typing special form>"; expected "type[Never]"  [arg-type]
src/probe/logexplorer_account_datasets/raw_client.py:602: error: Argument "type_" to "parse_obj_as" has incompatible type "<typing special form>"; expected "type[Never]"  [arg-type]
src/probe/logexplorer_account_datasets/raw_client.py:675: error: Argument "type_" to "parse_obj_as" has incompatible type "<typing special form>"; expected "type[Never]"  [arg-type]
src/probe/logexplorer_account_datasets/raw_client.py:686: error: Argument "type_" to "parse_obj_as" has incompatible type "<typing special form>"; expected "type[Never]"  [arg-type]
src/probe/logexplorer_account_datasets/raw_client.py:697: error: Argument "type_" to "parse_obj_as" has incompatible type "<typing special form>"; expected "type[Never]"  [arg-type]
src/probe/logexplorer_account_datasets/raw_client.py:789: error: Argument "type_" to "parse_obj_as" has incompatible type "<typing special form>"; expected "type[Never]"  [arg-type]
src/probe/logexplorer_account_datasets/raw_client.py:800: error: Argument "type_" to "parse_obj_as" has incompatible type "<typing special form>"; expected "type[Never]"  [arg-type]
src/probe/logexplorer_account_datasets/raw_client.py:811: error: Argument "type_" to "parse_obj_as" has incompatible type "<typing special form>"; expected "type[Never]"  [arg-type]
src/probe/logexplorer_account_datasets/raw_client.py:822: error: Argument "type_" to "parse_obj_as" has incompatible type "<typing special form>"; expected "type[Never]"  [arg-type]
src/probe/logexplorer_account_datasets/raw_client.py:879: error: Argument "type_" to "parse_obj_as" has incompatible type "<typing special form>"; expected "type[Never]"  [arg-type]
src/probe/logexplorer_account_datasets/raw_client.py:890: error: Argument "type_" to "parse_obj_as" has incompatible type "<typing special form>"; expected "type[Never]"  [arg-type]
src/probe/logexplorer_account_datasets/raw_client.py:901: error: Argument "type_" to "parse_obj_as" has incompatible type "<typing special form>"; expected "type[Never]"  [arg-type]
src/probe/logexplorer_account_datasets/raw_client.py:996: error: Argument "type_" to "parse_obj_as" has incompatible type "<typing special form>"; expected "type[Never]"  [arg-type]
src/probe/logexplorer_account_datasets/raw_client.py:1007: error: Argument "type_" to "parse_obj_as" has incompatible type "<typing special form>"; expected "type[Never]"  [arg-type]
src/probe/logexplorer_account_datasets/raw_client.py:1018: error: Argument "type_" to "parse_obj_as" has incompatible type "<typing special form>"; expected "type[Never]"  [arg-type]
src/probe/logexplorer_account_datasets/raw_client.py:1076: error: Argument "type_" to "parse_obj_as" has incompatible type "<typing special form>"; expected "type[Never]"  [arg-type]
src/probe/logexplorer_account_datasets/raw_client.py:1087: error: Argument "type_" to "parse_obj_as" has incompatible type "<typing special form>"; expected "type[Never]"  [arg-type]
src/probe/logexplorer_account_datasets/raw_client.py:1098: error: Argument "type_" to "parse_obj_as" has incompatible type "<typing special form>"; expected "type[Never]"  [arg-type]
src/probe/logexplorer_account_datasets/raw_client.py:1109: error: Argument "type_" to "parse_obj_as" has incompatible type "<typing special form>"; expected "type[Never]"  [arg-type]
src/probe/logexplorer_account_datasets/raw_client.py:1169: error: Argument "type_" to "parse_obj_as" has incompatible type "<typing special form>"; expected "type[Never]"  [arg-type]
src/probe/logexplorer_account_datasets/raw_client.py:1180: error: Argument "type_" to "parse_obj_as" has incompatible type "<typing special form>"; expected "type[Never]"  [arg-type]
src/probe/logexplorer_account_datasets/raw_client.py:1191: error: Argument "type_" to "parse_obj_as" has incompatible type "<typing special form>"; expected "type[Never]"  [arg-type]
src/probe/email_sending_suppressions/raw_client.py:102: error: Argument "type_" to "parse_obj_as" has incompatible type "<typing special form>"; expected "type[Never]"  [arg-type]
src/probe/email_sending_suppressions/raw_client.py:176: error: Argument "type_" to "parse_obj_as" has incompatible type "<typing special form>"; expected "type[Never]"  [arg-type]
src/probe/email_sending_suppressions/raw_client.py:187: error: Argument "type_" to "parse_obj_as" has incompatible type "<typing special form>"; expected "type[Never]"  [arg-type]
src/probe/email_sending_suppressions/raw_client.py:198: error: Argument "type_" to "parse_obj_as" has incompatible type "<typing special form>"; expected "type[Never]"  [arg-type]
src/probe/email_sending_suppressions/raw_client.py:209: error: Argument "type_" to "parse_obj_as" has incompatible type "<typing special form>"; expected "type[Never]"  [arg-type]
src/probe/email_sending_suppressions/raw_client.py:264: error: Argument "type_" to "parse_obj_as" has incompatible type "<typing special form>"; expected "type[Never]"  [arg-type]
src/probe/email_sending_suppressions/raw_client.py:319: error: Argument "type_" to "parse_obj_as" has incompatible type "<typing special form>"; expected "type[Never]"  [arg-type]
src/probe/email_sending_suppressions/raw_client.py:330: error: Argument "type_" to "parse_obj_as" has incompatible type "<typing special form>"; expected "type[Never]"  [arg-type]
src/probe/email_sending_suppressions/raw_client.py:341: error: Argument "type_" to "parse_obj_as" has incompatible type "<typing special form>"; expected "type[Never]"  [arg-type]
src/probe/email_sending_suppressions/raw_client.py:352: error: Argument "type_" to "parse_obj_as" has incompatible type "<typing special form>"; expected "type[Never]"  [arg-type]
src/probe/email_sending_suppressions/raw_client.py:427: error: Argument "type_" to "parse_obj_as" has incompatible type "<typing special form>"; expected "type[Never]"  [arg-type]
src/probe/email_sending_suppressions/raw_client.py:438: error: Argument "type_" to "parse_obj_as" has incompatible type "<typing special form>"; expected "type[Never]"  [arg-type]
src/probe/email_sending_suppressions/raw_client.py:449: error: Argument "type_" to "parse_obj_as" has incompatible type "<typing special form>"; expected "type[Never]"  [arg-type]
src/probe/email_sending_suppressions/raw_client.py:519: error: Argument "type_" to "parse_obj_as" has incompatible type "<typing special form>"; expected "type[Never]"  [arg-type]
src/probe/email_sending_suppressions/raw_client.py:602: error: Argument "type_" to "parse_obj_as" has incompatible type "<typing special form>"; expected "type[Never]"  [arg-type]
src/probe/email_sending_suppressions/raw_client.py:676: error: Argument "type_" to "parse_obj_as" has incompatible type "<typing special form>"; expected "type[Never]"  [arg-type]
src/probe/email_sending_suppressions/raw_client.py:687: error: Argument "type_" to "parse_obj_as" has incompatible type "<typing special form>"; expected "type[Never]"  [arg-type]
src/probe/email_sending_suppressions/raw_client.py:698: error: Argument "type_" to "parse_obj_as" has incompatible type "<typing special form>"; expected "type[Never]"  [arg-type]
src/probe/email_sending_suppressions/raw_client.py:709: error: Argument "type_" to "parse_obj_as" has incompatible type "<typing special form>"; expected "type[Never]"  [arg-type]
src/probe/email_sending_suppressions/raw_client.py:764: error: Argument "type_" to "parse_obj_as" has incompatible type "<typing special form>"; expected "type[Never]"  [arg-type]
src/probe/email_sending_suppressions/raw_client.py:819: error: Argument "type_" to "parse_obj_as" has incompatible type "<typing special form>"; expected "type[Never]"  [arg-type]
src/probe/email_sending_suppressions/raw_client.py:830: error: Argument "type_" to "parse_obj_as" has incompatible type "<typing special form>"; expected "type[Never]"  [arg-type]
src/probe/email_sending_suppressions/raw_client.py:841: error: Argument "type_" to "parse_obj_as" has incompatible type "<typing special form>"; expected "type[Never]"  [arg-type]
src/probe/email_sending_suppressions/raw_client.py:852: error: Argument "type_" to "parse_obj_as" has incompatible type "<typing special form>"; expected "type[Never]"  [arg-type]
src/probe/email_sending_suppressions/raw_client.py:927: error: Argument "type_" to "parse_obj_as" has incompatible type "<typing special form>"; expected "type[Never]"  [arg-type]
src/probe/email_sending_suppressions/raw_client.py:938: error: Argument "type_" to "parse_obj_as" has incompatible type "<typing special form>"; expected "type[Never]"  [arg-type]
src/probe/email_sending_suppressions/raw_client.py:949: error: Argument "type_" to "parse_obj_as" has incompatible type "<typing special form>"; expected "type[Never]"  [arg-type]
src/probe/email_sending_suppressions/raw_client.py:1019: error: Argument "type_" to "parse_obj_as" has incompatible type "<typing special form>"; expected "type[Never]"  [arg-type]
src/probe/dispatch_namespaces_scripts_secrets/raw_client.py:146: error: Argument "type_" to "parse_obj_as" has incompatible type "<typing special form>"; expected "type[Never]"  [arg-type]
src/probe/dispatch_namespaces_scripts_secrets/raw_client.py:237: error: Argument "type_" to "parse_obj_as" has incompatible type "<typing special form>"; expected "type[Never]"  [arg-type]
src/probe/dispatch_namespaces_scripts_secrets/raw_client.py:483: error: Argument "type_" to "parse_obj_as" has incompatible type "<typing special form>"; expected "type[Never]"  [arg-type]
src/probe/dispatch_namespaces_scripts_secrets/raw_client.py:574: error: Argument "type_" to "parse_obj_as" has incompatible type "<typing special form>"; expected "type[Never]"  [arg-type]
src/probe/csam_scanner/raw_client.py:79: error: Argument "type_" to "parse_obj_as" has incompatible type "<typing special form>"; expected "type[Never]"  [arg-type]
src/probe/csam_scanner/raw_client.py:90: error: Argument "type_" to "parse_obj_as" has incompatible type "<typing special form>"; expected "type[Never]"  [arg-type]
src/probe/csam_scanner/raw_client.py:101: error: Argument "type_" to "parse_obj_as" has incompatible type "<typing special form>"; expected "type[Never]"  [arg-type]
src/probe/csam_scanner/raw_client.py:112: error: Argument "type_" to "parse_obj_as" has incompatible type "<typing special form>"; expected "type[Never]"  [arg-type]
src/probe/csam_scanner/raw_client.py:123: error: Argument "type_" to "parse_obj_as" has incompatible type "<typing special form>"; expected "type[Never]"  [arg-type]
src/probe/csam_scanner/raw_client.py:205: error: Argument "type_" to "parse_obj_as" has incompatible type "<typing special form>"; expected "type[Never]"  [arg-type]
src/probe/csam_scanner/raw_client.py:216: error: Argument "type_" to "parse_obj_as" has incompatible type "<typing special form>"; expected "type[Never]"  [arg-type]
src/probe/csam_scanner/raw_client.py:227: error: Argument "type_" to "parse_obj_as" has incompatible type "<typing special form>"; expected "type[Never]"  [arg-type]
src/probe/csam_scanner/raw_client.py:238: error: Argument "type_" to "parse_obj_as" has incompatible type "<typing special form>"; expected "type[Never]"  [arg-type]
src/probe/csam_scanner/raw_client.py:249: error: Argument "type_" to "parse_obj_as" has incompatible type "<typing special form>"; expected "type[Never]"  [arg-type]
src/probe/csam_scanner/raw_client.py:310: error: Argument "type_" to "parse_obj_as" has incompatible type "<typing special form>"; expected "type[Never]"  [arg-type]
src/probe/csam_scanner/raw_client.py:321: error: Argument "type_" to "parse_obj_as" has incompatible type "<typing special form>"; expected "type[Never]"  [arg-type]
src/probe/csam_scanner/raw_client.py:332: error: Argument "type_" to "parse_obj_as" has incompatible type "<typing special form>"; expected "type[Never]"  [arg-type]
src/probe/csam_scanner/raw_client.py:343: error: Argument "type_" to "parse_obj_as" has incompatible type "<typing special form>"; expected "type[Never]"  [arg-type]
src/probe/csam_scanner/raw_client.py:354: error: Argument "type_" to "parse_obj_as" has incompatible type "<typing special form>"; expected "type[Never]"  [arg-type]
src/probe/csam_scanner/raw_client.py:436: error: Argument "type_" to "parse_obj_as" has incompatible type "<typing special form>"; expected "type[Never]"  [arg-type]
src/probe/csam_scanner/raw_client.py:447: error: Argument "type_" to "parse_obj_as" has incompatible type "<typing special form>"; expected "type[Never]"  [arg-type]
src/probe/csam_scanner/raw_client.py:458: error: Argument "type_" to "parse_obj_as" has incompatible type "<typing special form>"; expected "type[Never]"  [arg-type]
src/probe/csam_scanner/raw_client.py:469: error: Argument "type_" to "parse_obj_as" has incompatible type "<typing special form>"; expected "type[Never]"  [arg-type]
src/probe/csam_scanner/raw_client.py:480: error: Argument "type_" to "parse_obj_as" has incompatible type "<typing special form>"; expected "type[Never]"  [arg-type]
src/probe/containers_registries/raw_client.py:75: error: Argument "type_" to "parse_obj_as" has incompatible type "<typing special form>"; expected "type[Never]"  [arg-type]
src/probe/containers_registries/raw_client.py:86: error: Argument "type_" to "parse_obj_as" has incompatible type "<typing special form>"; expected "type[Never]"  [arg-type]
src/probe/containers_registries/raw_client.py:180: error: Argument "type_" to "parse_obj_as" has incompatible type "<typing special form>"; expected "type[Never]"  [arg-type]
src/probe/containers_registries/raw_client.py:191: error: Argument "type_" to "parse_obj_as" has incompatible type "<typing special form>"; expected "type[Never]"  [arg-type]
src/probe/containers_registries/raw_client.py:202: error: Argument "type_" to "parse_obj_as" has incompatible type "<typing special form>"; expected "type[Never]"  [arg-type]
src/probe/containers_registries/raw_client.py:213: error: Argument "type_" to "parse_obj_as" has incompatible type "<typing special form>"; expected "type[Never]"  [arg-type]
src/probe/containers_registries/raw_client.py:269: error: Argument "type_" to "parse_obj_as" has incompatible type "<typing special form>"; expected "type[Never]"  [arg-type]
src/probe/containers_registries/raw_client.py:280: error: Argument "type_" to "parse_obj_as" has incompatible type "<typing special form>"; expected "type[Never]"  [arg-type]
src/probe/containers_registries/raw_client.py:291: error: Argument "type_" to "parse_obj_as" has incompatible type "<typing special form>"; expected "type[Never]"  [arg-type]
src/probe/containers_registries/raw_client.py:302: error: Argument "type_" to "parse_obj_as" has incompatible type "<typing special form>"; expected "type[Never]"  [arg-type]
src/probe/containers_registries/raw_client.py:361: error: Argument "type_" to "parse_obj_as" has incompatible type "<typing special form>"; expected "type[Never]"  [arg-type]
src/probe/containers_registries/raw_client.py:372: error: Argument "type_" to "parse_obj_as" has incompatible type "<typing special form>"; expected "type[Never]"  [arg-type]
src/probe/containers_registries/raw_client.py:466: error: Argument "type_" to "parse_obj_as" has incompatible type "<typing special form>"; expected "type[Never]"  [arg-type]
src/probe/containers_registries/raw_client.py:477: error: Argument "type_" to "parse_obj_as" has incompatible type "<typing special form>"; expected "type[Never]"  [arg-type]
src/probe/containers_registries/raw_client.py:488: error: Argument "type_" to "parse_obj_as" has incompatible type "<typing special form>"; expected "type[Never]"  [arg-type]
src/probe/containers_registries/raw_client.py:499: error: Argument "type_" to "parse_obj_as" has incompatible type "<typing special form>"; expected "type[Never]"  [arg-type]
src/probe/containers_registries/raw_client.py:555: error: Argument "type_" to "parse_obj_as" has incompatible type "<typing special form>"; expected "type[Never]"  [arg-type]
src/probe/containers_registries/raw_client.py:566: error: Argument "type_" to "parse_obj_as" has incompatible type "<typing special form>"; expected "type[Never]"  [arg-type]
src/probe/containers_registries/raw_client.py:577: error: Argument "type_" to "parse_obj_as" has incompatible type "<typing special form>"; expected "type[Never]"  [arg-type]
src/probe/containers_registries/raw_client.py:588: error: Argument "type_" to "parse_obj_as" has incompatible type "<typing special form>"; expected "type[Never]"  [arg-type]
src/probe/connectors/raw_client.py:91: error: Argument "type_" to "parse_obj_as" has incompatible type "<typing special form>"; expected "type[Never]"  [arg-type]
src/probe/connectors/raw_client.py:102: error: Argument "type_" to "parse_obj_as" has incompatible type "<typing special form>"; expected "type[Never]"  [arg-type]
src/probe/connectors/raw_client.py:113: error: Argument "type_" to "parse_obj_as" has incompatible type "<typing special form>"; expected "type[Never]"  [arg-type]
src/probe/connectors/raw_client.py:124: error: Argument "type_" to "parse_obj_as" has incompatible type "<typing special form>"; expected "type[Never]"  [arg-type]
src/probe/connectors/raw_client.py:230: error: Argument "type_" to "parse_obj_as" has incompatible type "<typing special form>"; expected "type[Never]"  [arg-type]
src/probe/connectors/raw_client.py:241: error: Argument "type_" to "parse_obj_as" has incompatible type "<typing special form>"; expected "type[Never]"  [arg-type]
src/probe/connectors/raw_client.py:252: error: Argument "type_" to "parse_obj_as" has incompatible type "<typing special form>"; expected "type[Never]"  [arg-type]
src/probe/connectors/raw_client.py:263: error: Argument "type_" to "parse_obj_as" has incompatible type "<typing special form>"; expected "type[Never]"  [arg-type]
src/probe/connectors/raw_client.py:274: error: Argument "type_" to "parse_obj_as" has incompatible type "<typing special form>"; expected "type[Never]"  [arg-type]
src/probe/connectors/raw_client.py:285: error: Argument "type_" to "parse_obj_as" has incompatible type "<typing special form>"; expected "type[Never]"  [arg-type]
src/probe/connectors/raw_client.py:344: error: Argument "type_" to "parse_obj_as" has incompatible type "<typing special form>"; expected "type[Never]"  [arg-type]
src/probe/connectors/raw_client.py:355: error: Argument "type_" to "parse_obj_as" has incompatible type "<typing special form>"; expected "type[Never]"  [arg-type]
src/probe/connectors/raw_client.py:366: error: Argument "type_" to "parse_obj_as" has incompatible type "<typing special form>"; expected "type[Never]"  [arg-type]
src/probe/connectors/raw_client.py:377: error: Argument "type_" to "parse_obj_as" has incompatible type "<typing special form>"; expected "type[Never]"  [arg-type]
src/probe/connectors/raw_client.py:388: error: Argument "type_" to "parse_obj_as" has incompatible type "<typing special form>"; expected "type[Never]"  [arg-type]
src/probe/connectors/raw_client.py:496: error: Argument "type_" to "parse_obj_as" has incompatible type "<typing special form>"; expected "type[Never]"  [arg-type]
src/probe/connectors/raw_client.py:507: error: Argument "type_" to "parse_obj_as" has incompatible type "<typing special form>"; expected "type[Never]"  [arg-type]
src/probe/connectors/raw_client.py:518: error: Argument "type_" to "parse_obj_as" has incompatible type "<typing special form>"; expected "type[Never]"  [arg-type]
src/probe/connectors/raw_client.py:529: error: Argument "type_" to "parse_obj_as" has incompatible type "<typing special form>"; expected "type[Never]"  [arg-type]
src/probe/connectors/raw_client.py:540: error: Argument "type_" to "parse_obj_as" has incompatible type "<typing special form>"; expected "type[Never]"  [arg-type]
src/probe/connectors/raw_client.py:599: error: Argument "type_" to "parse_obj_as" has incompatible type "<typing special form>"; expected "type[Never]"  [arg-type]
src/probe/connectors/raw_client.py:610: error: Argument "type_" to "parse_obj_as" has incompatible type "<typing special form>"; expected "type[Never]"  [arg-type]
src/probe/connectors/raw_client.py:621: error: Argument "type_" to "parse_obj_as" has incompatible type "<typing special form>"; expected "type[Never]"  [arg-type]
src/probe/connectors/raw_client.py:632: error: Argument "type_" to "parse_obj_as" has incompatible type "<typing special form>"; expected "type[Never]"  [arg-type]
src/probe/connectors/raw_client.py:643: error: Argument "type_" to "parse_obj_as" has incompatible type "<typing special form>"; expected "type[Never]"  [arg-type]
src/probe/connectors/raw_client.py:751: error: Argument "type_" to "parse_obj_as" has incompatible type "<typing special form>"; expected "type[Never]"  [arg-type]
src/probe/connectors/raw_client.py:762: error: Argument "type_" to "parse_obj_as" has incompatible type "<typing special form>"; expected "type[Never]"  [arg-type]
src/probe/connectors/raw_client.py:773: error: Argument "type_" to "parse_obj_as" has incompatible type "<typing special form>"; expected "type[Never]"  [arg-type]
src/probe/connectors/raw_client.py:784: error: Argument "type_" to "parse_obj_as" has incompatible type "<typing special form>"; expected "type[Never]"  [arg-type]
src/probe/connectors/raw_client.py:795: error: Argument "type_" to "parse_obj_as" has incompatible type "<typing special form>"; expected "type[Never]"  [arg-type]
src/probe/connectors/raw_client.py:863: error: Argument "type_" to "parse_obj_as" has incompatible type "<typing special form>"; expected "type[Never]"  [arg-type]
src/probe/connectors/raw_client.py:874: error: Argument "type_" to "parse_obj_as" has incompatible type "<typing special form>"; expected "type[Never]"  [arg-type]
src/probe/connectors/raw_client.py:885: error: Argument "type_" to "parse_obj_as" has incompatible type "<typing special form>"; expected "type[Never]"  [arg-type]
src/probe/connectors/raw_client.py:896: error: Argument "type_" to "parse_obj_as" has incompatible type "<typing special form>"; expected "type[Never]"  [arg-type]
src/probe/connectors/raw_client.py:1002: error: Argument "type_" to "parse_obj_as" has incompatible type "<typing special form>"; expected "type[Never]"  [arg-type]
src/probe/connectors/raw_client.py:1013: error: Argument "type_" to "parse_obj_as" has incompatible type "<typing special form>"; expected "type[Never]"  [arg-type]
src/probe/connectors/raw_client.py:1024: error: Argument "type_" to "parse_obj_as" has incompatible type "<typing special form>"; expected "type[Never]"  [arg-type]
src/probe/connectors/raw_client.py:1035: error: Argument "type_" to "parse_obj_as" has incompatible type "<typing special form>"; expected "type[Never]"  [arg-type]
src/probe/connectors/raw_client.py:1046: error: Argument "type_" to "parse_obj_as" has incompatible type "<typing special form>"; expected "type[Never]"  [arg-type]
src/probe/connectors/raw_client.py:1057: error: Argument "type_" to "parse_obj_as" has incompatible type "<typing special form>"; expected "type[Never]"  [arg-type]
src/probe/connectors/raw_client.py:1116: error: Argument "type_" to "parse_obj_as" has incompatible type "<typing special form>"; expected "type[Never]"  [arg-type]
src/probe/connectors/raw_client.py:1127: error: Argument "type_" to "parse_obj_as" has incompatible type "<typing special form>"; expected "type[Never]"  [arg-type]
src/probe/connectors/raw_client.py:1138: error: Argument "type_" to "parse_obj_as" has incompatible type "<typing special form>"; expected "type[Never]"  [arg-type]
src/probe/connectors/raw_client.py:1149: error: Argument "type_" to "parse_obj_as" has incompatible type "<typing special form>"; expected "type[Never]"  [arg-type]
src/probe/connectors/raw_client.py:1160: error: Argument "type_" to "parse_obj_as" has incompatible type "<typing special form>"; expected "type[Never]"  [arg-type]
src/probe/connectors/raw_client.py:1268: error: Argument "type_" to "parse_obj_as" has incompatible type "<typing special form>"; expected "type[Never]"  [arg-type]
src/probe/connectors/raw_client.py:1279: error: Argument "type_" to "parse_obj_as" has incompatible type "<typing special form>"; expected "type[Never]"  [arg-type]
src/probe/connectors/raw_client.py:1290: error: Argument "type_" to "parse_obj_as" has incompatible type "<typing special form>"; expected "type[Never]"  [arg-type]
src/probe/connectors/raw_client.py:1301: error: Argument "type_" to "parse_obj_as" has incompatible type "<typing special form>"; expected "type[Never]"  [arg-type]
src/probe/connectors/raw_client.py:1312: error: Argument "type_" to "parse_obj_as" has incompatible type "<typing special form>"; expected "type[Never]"  [arg-type]
src/probe/connectors/raw_client.py:1371: error: Argument "type_" to "parse_obj_as" has incompatible type "<typing special form>"; expected "type[Never]"  [arg-type]
src/probe/connectors/raw_client.py:1382: error: Argument "type_" to "parse_obj_as" has incompatible type "<typing special form>"; expected "type[Never]"  [arg-type]
src/probe/connectors/raw_client.py:1393: error: Argument "type_" to "parse_obj_as" has incompatible type "<typing special form>"; expected "type[Never]"  [arg-type]
src/probe/connectors/raw_client.py:1404: error: Argument "type_" to "parse_obj_as" has incompatible type "<typing special form>"; expected "type[Never]"  [arg-type]
src/probe/connectors/raw_client.py:1415: error: Argument "type_" to "parse_obj_as" has incompatible type "<typing special form>"; expected "type[Never]"  [arg-type]
src/probe/connectors/raw_client.py:1523: error: Argument "type_" to "parse_obj_as" has incompatible type "<typing special form>"; expected "type[Never]"  [arg-type]
src/probe/connectors/raw_client.py:1534: error: Argument "type_" to "parse_obj_as" has incompatible type "<typing special form>"; expected "type[Never]"  [arg-type]
src/probe/connectors/raw_client.py:1545: error: Argument "type_" to "parse_obj_as" has incompatible type "<typing special form>"; expected "type[Never]"  [arg-type]
src/probe/connectors/raw_client.py:1556: error: Argument "type_" to "parse_obj_as" has incompatible type "<typing special form>"; expected "type[Never]"  [arg-type]
src/probe/connectors/raw_client.py:1567: error: Argument "type_" to "parse_obj_as" has incompatible type "<typing special form>"; expected "type[Never]"  [arg-type]
src/probe/connector_telemetry_events/raw_client.py:97: error: Argument "type_" to "parse_obj_as" has incompatible type "<typing special form>"; expected "type[Never]"  [arg-type]
src/probe/connector_telemetry_events/raw_client.py:108: error: Argument "type_" to "parse_obj_as" has incompatible type "<typing special form>"; expected "type[Never]"  [arg-type]
src/probe/connector_telemetry_events/raw_client.py:119: error: Argument "type_" to "parse_obj_as" has incompatible type "<typing special form>"; expected "type[Never]"  [arg-type]
src/probe/connector_telemetry_events/raw_client.py:130: error: Argument "type_" to "parse_obj_as" has incompatible type "<typing special form>"; expected "type[Never]"  [arg-type]
src/probe/connector_telemetry_events/raw_client.py:141: error: Argument "type_" to "parse_obj_as" has incompatible type "<typing special form>"; expected "type[Never]"  [arg-type]
src/probe/connector_telemetry_events/raw_client.py:206: error: Argument "type_" to "parse_obj_as" has incompatible type "<typing special form>"; expected "type[Never]"  [arg-type]
src/probe/connector_telemetry_events/raw_client.py:217: error: Argument "type_" to "parse_obj_as" has incompatible type "<typing special form>"; expected "type[Never]"  [arg-type]
src/probe/connector_telemetry_events/raw_client.py:228: error: Argument "type_" to "parse_obj_as" has incompatible type "<typing special form>"; expected "type[Never]"  [arg-type]
src/probe/connector_telemetry_events/raw_client.py:239: error: Argument "type_" to "parse_obj_as" has incompatible type "<typing special form>"; expected "type[Never]"  [arg-type]
src/probe/connector_telemetry_events/raw_client.py:250: error: Argument "type_" to "parse_obj_as" has incompatible type "<typing special form>"; expected "type[Never]"  [arg-type]
src/probe/connector_telemetry_events/raw_client.py:261: error: Argument "type_" to "parse_obj_as" has incompatible type "<typing special form>"; expected "type[Never]"  [arg-type]
src/probe/connector_telemetry_events/raw_client.py:348: error: Argument "type_" to "parse_obj_as" has incompatible type "<typing special form>"; expected "type[Never]"  [arg-type]
src/probe/connector_telemetry_events/raw_client.py:359: error: Argument "type_" to "parse_obj_as" has incompatible type "<typing special form>"; expected "type[Never]"  [arg-type]
src/probe/connector_telemetry_events/raw_client.py:370: error: Argument "type_" to "parse_obj_as" has incompatible type "<typing special form>"; expected "type[Never]"  [arg-type]
src/probe/connector_telemetry_events/raw_client.py:381: error: Argument "type_" to "parse_obj_as" has incompatible type "<typing special form>"; expected "type[Never]"  [arg-type]
src/probe/connector_telemetry_events/raw_client.py:392: error: Argument "type_" to "parse_obj_as" has incompatible type "<typing special form>"; expected "type[Never]"  [arg-type]
src/probe/connector_telemetry_events/raw_client.py:457: error: Argument "type_" to "parse_obj_as" has incompatible type "<typing special form>"; expected "type[Never]"  [arg-type]
src/probe/connector_telemetry_events/raw_client.py:468: error: Argument "type_" to "parse_obj_as" has incompatible type "<typing special form>"; expected "type[Never]"  [arg-type]
src/probe/connector_telemetry_events/raw_client.py:479: error: Argument "type_" to "parse_obj_as" has incompatible type "<typing special form>"; expected "type[Never]"  [arg-type]
src/probe/connector_telemetry_events/raw_client.py:490: error: Argument "type_" to "parse_obj_as" has incompatible type "<typing special form>"; expected "type[Never]"  [arg-type]
src/probe/connector_telemetry_events/raw_client.py:501: error: Argument "type_" to "parse_obj_as" has incompatible type "<typing special form>"; expected "type[Never]"  [arg-type]
src/probe/connector_telemetry_events/raw_client.py:512: error: Argument "type_" to "parse_obj_as" has incompatible type "<typing special form>"; expected "type[Never]"  [arg-type]
src/probe/cloudforce_one_stakeout_takedown_notices/raw_client.py:162: error: Argument "type_" to "parse_obj_as" has incompatible type "<typing special form>"; expected "type[Never]"  [arg-type]
src/probe/cloudforce_one_stakeout_takedown_notices/raw_client.py:291: error: Argument "type_" to "parse_obj_as" has incompatible type "<typing special form>"; expected "type[Never]"  [arg-type]
src/probe/cloudforce_one_stakeout_takedown_notices/raw_client.py:527: error: Argument "type_" to "parse_obj_as" has incompatible type "<typing special form>"; expected "type[Never]"  [arg-type]
src/probe/cloudforce_one_stakeout_takedown_notices/raw_client.py:656: error: Argument "type_" to "parse_obj_as" has incompatible type "<typing special form>"; expected "type[Never]"  [arg-type]
src/probe/cloudforce_one_stakeout_collections/raw_client.py:151: error: Argument "type_" to "parse_obj_as" has incompatible type "<typing special form>"; expected "type[Never]"  [arg-type]
src/probe/cloudforce_one_stakeout_collections/raw_client.py:162: error: Argument "type_" to "parse_obj_as" has incompatible type "<typing special form>"; expected "type[Never]"  [arg-type]
src/probe/cloudforce_one_stakeout_collections/raw_client.py:173: error: Argument "type_" to "parse_obj_as" has incompatible type "<typing special form>"; expected "type[Never]"  [arg-type]
src/probe/cloudforce_one_stakeout_collections/raw_client.py:230: error: Argument "type_" to "parse_obj_as" has incompatible type "<typing special form>"; expected "type[Never]"  [arg-type]
src/probe/cloudforce_one_stakeout_collections/raw_client.py:287: error: Argument "type_" to "parse_obj_as" has incompatible type "<typing special form>"; expected "type[Never]"  [arg-type]
src/probe/cloudforce_one_stakeout_collections/raw_client.py:367: error: Argument "type_" to "parse_obj_as" has incompatible type "<typing special form>"; expected "type[Never]"  [arg-type]
src/probe/cloudforce_one_stakeout_collections/raw_client.py:435: error: Argument "type_" to "parse_obj_as" has incompatible type "<typing special form>"; expected "type[Never]"  [arg-type]
src/probe/cloudforce_one_stakeout_collections/raw_client.py:446: error: Argument "type_" to "parse_obj_as" has incompatible type "<typing special form>"; expected "type[Never]"  [arg-type]
src/probe/cloudforce_one_stakeout_collections/raw_client.py:576: error: Argument "type_" to "parse_obj_as" has incompatible type "<typing special form>"; expected "type[Never]"  [arg-type]
src/probe/cloudforce_one_stakeout_collections/raw_client.py:587: error: Argument "type_" to "parse_obj_as" has incompatible type "<typing special form>"; expected "type[Never]"  [arg-type]
src/probe/cloudforce_one_stakeout_collections/raw_client.py:598: error: Argument "type_" to "parse_obj_as" has incompatible type "<typing special form>"; expected "type[Never]"  [arg-type]
src/probe/cloudforce_one_stakeout_collections/raw_client.py:655: error: Argument "type_" to "parse_obj_as" has incompatible type "<typing special form>"; expected "type[Never]"  [arg-type]
src/probe/cloudforce_one_stakeout_collections/raw_client.py:712: error: Argument "type_" to "parse_obj_as" has incompatible type "<typing special form>"; expected "type[Never]"  [arg-type]
src/probe/cloudforce_one_stakeout_collections/raw_client.py:792: error: Argument "type_" to "parse_obj_as" has incompatible type "<typing special form>"; expected "type[Never]"  [arg-type]
src/probe/cloudforce_one_stakeout_collections/raw_client.py:860: error: Argument "type_" to "parse_obj_as" has incompatible type "<typing special form>"; expected "type[Never]"  [arg-type]
src/probe/cloudforce_one_stakeout_collections/raw_client.py:871: error: Argument "type_" to "parse_obj_as" has incompatible type "<typing special form>"; expected "type[Never]"  [arg-type]
src/probe/cloudforce_one_rules_email_schema/raw_client.py:62: error: Argument "type_" to "parse_obj_as" has incompatible type "<typing special form>"; expected "type[Never]"  [arg-type]
src/probe/cloudforce_one_rules_email_schema/raw_client.py:121: error: Argument "type_" to "parse_obj_as" has incompatible type "<typing special form>"; expected "type[Never]"  [arg-type]
src/probe/cloudforce_one_rules_email_approvals/raw_client.py:129: error: Argument "type_" to "parse_obj_as" has incompatible type "<typing special form>"; expected "type[Never]"  [arg-type]
src/probe/cloudforce_one_rules_email_approvals/raw_client.py:140: error: Argument "type_" to "parse_obj_as" has incompatible type "<typing special form>"; expected "type[Never]"  [arg-type]
src/probe/cloudforce_one_rules_email_approvals/raw_client.py:151: error: Argument "type_" to "parse_obj_as" has incompatible type "<typing special form>"; expected "type[Never]"  [arg-type]
src/probe/cloudforce_one_rules_email_approvals/raw_client.py:162: error: Argument "type_" to "parse_obj_as" has incompatible type "<typing special form>"; expected "type[Never]"  [arg-type]
src/probe/cloudforce_one_rules_email_approvals/raw_client.py:273: error: Argument "type_" to "parse_obj_as" has incompatible type "<typing special form>"; expected "type[Never]"  [arg-type]
src/probe/cloudforce_one_rules_email_approvals/raw_client.py:284: error: Argument "type_" to "parse_obj_as" has incompatible type "<typing special form>"; expected "type[Never]"  [arg-type]
src/probe/cloudforce_one_rules_email_approvals/raw_client.py:295: error: Argument "type_" to "parse_obj_as" has incompatible type "<typing special form>"; expected "type[Never]"  [arg-type]
src/probe/cloudforce_one_rules_email_approvals/raw_client.py:306: error: Argument "type_" to "parse_obj_as" has incompatible type "<typing special form>"; expected "type[Never]"  [arg-type]
src/probe/cloudforce_one_events_tags_relationships/raw_client.py:109: error: Argument "type_" to "parse_obj_as" has incompatible type "<typing special form>"; expected "type[Never]"  [arg-type]
src/probe/cloudforce_one_events_tags_relationships/raw_client.py:206: error: Argument "type_" to "parse_obj_as" has incompatible type "<typing special form>"; expected "type[Never]"  [arg-type]
src/probe/cloudforce_one_events_tags_relationships/raw_client.py:278: error: Argument "type_" to "parse_obj_as" has incompatible type "<typing special form>"; expected "type[Never]"  [arg-type]
src/probe/cloudforce_one_events_tags_relationships/raw_client.py:371: error: Argument "type_" to "parse_obj_as" has incompatible type "<typing special form>"; expected "type[Never]"  [arg-type]
src/probe/cloudforce_one_events_tags_relationships/raw_client.py:382: error: Argument "type_" to "parse_obj_as" has incompatible type "<typing special form>"; expected "type[Never]"  [arg-type]
src/probe/cloudforce_one_events_tags_relationships/raw_client.py:470: error: Argument "type_" to "parse_obj_as" has incompatible type "<typing special form>"; expected "type[Never]"  [arg-type]
src/probe/cloudforce_one_events_tags_relationships/raw_client.py:567: error: Argument "type_" to "parse_obj_as" has incompatible type "<typing special form>"; expected "type[Never]"  [arg-type]
src/probe/cloudforce_one_events_tags_relationships/raw_client.py:639: error: Argument "type_" to "parse_obj_as" has incompatible type "<typing special form>"; expected "type[Never]"  [arg-type]
src/probe/cloudforce_one_events_tags_relationships/raw_client.py:732: error: Argument "type_" to "parse_obj_as" has incompatible type "<typing special form>"; expected "type[Never]"  [arg-type]
src/probe/cloudforce_one_events_tags_relationships/raw_client.py:743: error: Argument "type_" to "parse_obj_as" has incompatible type "<typing special form>"; expected "type[Never]"  [arg-type]
src/probe/cloudforce_one_events_tags_categories/raw_client.py:83: error: Argument "type_" to "parse_obj_as" has incompatible type "<typing special form>"; expected "type[Never]"  [arg-type]
src/probe/cloudforce_one_events_tags_categories/raw_client.py:140: error: Argument "type_" to "parse_obj_as" has incompatible type "<typing special form>"; expected "type[Never]"  [arg-type]
src/probe/cloudforce_one_events_tags_categories/raw_client.py:197: error: Argument "type_" to "parse_obj_as" has incompatible type "<typing special form>"; expected "type[Never]"  [arg-type]
src/probe/cloudforce_one_events_tags_categories/raw_client.py:208: error: Argument "type_" to "parse_obj_as" has incompatible type "<typing special form>"; expected "type[Never]"  [arg-type]
src/probe/cloudforce_one_events_tags_categories/raw_client.py:290: error: Argument "type_" to "parse_obj_as" has incompatible type "<typing special form>"; expected "type[Never]"  [arg-type]
src/probe/cloudforce_one_events_tags_categories/raw_client.py:301: error: Argument "type_" to "parse_obj_as" has incompatible type "<typing special form>"; expected "type[Never]"  [arg-type]
src/probe/cloudforce_one_events_tags_categories/raw_client.py:312: error: Argument "type_" to "parse_obj_as" has incompatible type "<typing special form>"; expected "type[Never]"  [arg-type]
src/probe/cloudforce_one_events_tags_categories/raw_client.py:380: error: Argument "type_" to "parse_obj_as" has incompatible type "<typing special form>"; expected "type[Never]"  [arg-type]
src/probe/cloudforce_one_events_tags_categories/raw_client.py:437: error: Argument "type_" to "parse_obj_as" has incompatible type "<typing special form>"; expected "type[Never]"  [arg-type]
src/probe/cloudforce_one_events_tags_categories/raw_client.py:494: error: Argument "type_" to "parse_obj_as" has incompatible type "<typing special form>"; expected "type[Never]"  [arg-type]
src/probe/cloudforce_one_events_tags_categories/raw_client.py:505: error: Argument "type_" to "parse_obj_as" has incompatible type "<typing special form>"; expected "type[Never]"  [arg-type]
src/probe/cloudforce_one_events_tags_categories/raw_client.py:587: error: Argument "type_" to "parse_obj_as" has incompatible type "<typing special form>"; expected "type[Never]"  [arg-type]
src/probe/cloudforce_one_events_tags_categories/raw_client.py:598: error: Argument "type_" to "parse_obj_as" has incompatible type "<typing special form>"; expected "type[Never]"  [arg-type]
src/probe/cloudforce_one_events_tags_categories/raw_client.py:609: error: Argument "type_" to "parse_obj_as" has incompatible type "<typing special form>"; expected "type[Never]"  [arg-type]
src/probe/cloudforce_one_events_tags/raw_client.py:129: error: Argument "type_" to "parse_obj_as" has incompatible type "<typing special form>"; expected "type[Never]"  [arg-type]
src/probe/cloudforce_one_events_tags/raw_client.py:186: error: Argument "type_" to "parse_obj_as" has incompatible type "<typing special form>"; expected "type[Never]"  [arg-type]
src/probe/cloudforce_one_events_tags/raw_client.py:243: error: Argument "type_" to "parse_obj_as" has incompatible type "<typing special form>"; expected "type[Never]"  [arg-type]
src/probe/cloudforce_one_events_tags/raw_client.py:254: error: Argument "type_" to "parse_obj_as" has incompatible type "<typing special form>"; expected "type[Never]"  [arg-type]
src/probe/cloudforce_one_events_tags/raw_client.py:463: error: Argument "type_" to "parse_obj_as" has incompatible type "<typing special form>"; expected "type[Never]"  [arg-type]
src/probe/cloudforce_one_events_tags/raw_client.py:474: error: Argument "type_" to "parse_obj_as" has incompatible type "<typing special form>"; expected "type[Never]"  [arg-type]
src/probe/cloudforce_one_events_tags/raw_client.py:565: error: Argument "type_" to "parse_obj_as" has incompatible type "<typing special form>"; expected "type[Never]"  [arg-type]
src/probe/cloudforce_one_events_tags/raw_client.py:622: error: Argument "type_" to "parse_obj_as" has incompatible type "<typing special form>"; expected "type[Never]"  [arg-type]
src/probe/cloudforce_one_events_tags/raw_client.py:679: error: Argument "type_" to "parse_obj_as" has incompatible type "<typing special form>"; expected "type[Never]"  [arg-type]
src/probe/cloudforce_one_events_tags/raw_client.py:690: error: Argument "type_" to "parse_obj_as" has incompatible type "<typing special form>"; expected "type[Never]"  [arg-type]
src/probe/cloudforce_one_events_tags/raw_client.py:899: error: Argument "type_" to "parse_obj_as" has incompatible type "<typing special form>"; expected "type[Never]"  [arg-type]
src/probe/cloudforce_one_events_tags/raw_client.py:910: error: Argument "type_" to "parse_obj_as" has incompatible type "<typing special form>"; expected "type[Never]"  [arg-type]
src/probe/cloudforce_one_events_dataset_indicators_relationships/raw_client.py:110: error: Argument "type_" to "parse_obj_as" has incompatible type "<typing special form>"; expected "type[Never]"  [arg-type]
src/probe/cloudforce_one_events_dataset_indicators_relationships/raw_client.py:206: error: Argument "type_" to "parse_obj_as" has incompatible type "<typing special form>"; expected "type[Never]"  [arg-type]
src/probe/cloudforce_one_events_dataset_indicators_relationships/raw_client.py:217: error: Argument "type_" to "parse_obj_as" has incompatible type "<typing special form>"; expected "type[Never]"  [arg-type]
src/probe/cloudforce_one_events_dataset_indicators_relationships/raw_client.py:286: error: Argument "type_" to "parse_obj_as" has incompatible type "<typing special form>"; expected "type[Never]"  [arg-type]
src/probe/cloudforce_one_events_dataset_indicators_relationships/raw_client.py:376: error: Argument "type_" to "parse_obj_as" has incompatible type "<typing special form>"; expected "type[Never]"  [arg-type]
src/probe/cloudforce_one_events_dataset_indicators_relationships/raw_client.py:387: error: Argument "type_" to "parse_obj_as" has incompatible type "<typing special form>"; expected "type[Never]"  [arg-type]
src/probe/cloudforce_one_events_dataset_indicators_relationships/raw_client.py:475: error: Argument "type_" to "parse_obj_as" has incompatible type "<typing special form>"; expected "type[Never]"  [arg-type]
src/probe/cloudforce_one_events_dataset_indicators_relationships/raw_client.py:571: error: Argument "type_" to "parse_obj_as" has incompatible type "<typing special form>"; expected "type[Never]"  [arg-type]
src/probe/cloudforce_one_events_dataset_indicators_relationships/raw_client.py:582: error: Argument "type_" to "parse_obj_as" has incompatible type "<typing special form>"; expected "type[Never]"  [arg-type]
src/probe/cloudforce_one_events_dataset_indicators_relationships/raw_client.py:651: error: Argument "type_" to "parse_obj_as" has incompatible type "<typing special form>"; expected "type[Never]"  [arg-type]
src/probe/cloudforce_one_events_dataset_indicators_relationships/raw_client.py:741: error: Argument "type_" to "parse_obj_as" has incompatible type "<typing special form>"; expected "type[Never]"  [arg-type]
src/probe/cloudforce_one_events_dataset_indicators_relationships/raw_client.py:752: error: Argument "type_" to "parse_obj_as" has incompatible type "<typing special form>"; expected "type[Never]"  [arg-type]
src/probe/cloudforce_one_events_dataset_indicators_get/raw_client.py:152: error: Argument "type_" to "parse_obj_as" has incompatible type "<typing special form>"; expected "type[Never]"  [arg-type]
src/probe/cloudforce_one_events_dataset_indicators_get/raw_client.py:296: error: Argument "type_" to "parse_obj_as" has incompatible type "<typing special form>"; expected "type[Never]"  [arg-type]
src/probe/browser_run_devtools_browser_live_view/raw_client.py:113: error: Argument "type_" to "parse_obj_as" has incompatible type "<typing special form>"; expected "type[Never]"  [arg-type]
src/probe/browser_run_devtools_browser_live_view/raw_client.py:124: error: Argument "type_" to "parse_obj_as" has incompatible type "<typing special form>"; expected "type[Never]"  [arg-type]
src/probe/browser_run_devtools_browser_live_view/raw_client.py:135: error: Argument "type_" to "parse_obj_as" has incompatible type "<typing special form>"; expected "type[Never]"  [arg-type]
src/probe/browser_run_devtools_browser_live_view/raw_client.py:231: error: Argument "type_" to "parse_obj_as" has incompatible type "<typing special form>"; expected "type[Never]"  [arg-type]
src/probe/browser_run_devtools_browser_live_view/raw_client.py:242: error: Argument "type_" to "parse_obj_as" has incompatible type "<typing special form>"; expected "type[Never]"  [arg-type]
src/probe/browser_run_devtools_browser_live_view/raw_client.py:253: error: Argument "type_" to "parse_obj_as" has incompatible type "<typing special form>"; expected "type[Never]"  [arg-type]
src/probe/browser_extension_config/raw_client.py:73: error: Argument "type_" to "parse_obj_as" has incompatible type "<typing special form>"; expected "type[Never]"  [arg-type]
src/probe/browser_extension_config/raw_client.py:84: error: Argument "type_" to "parse_obj_as" has incompatible type "<typing special form>"; expected "type[Never]"  [arg-type]
src/probe/browser_extension_config/raw_client.py:95: error: Argument "type_" to "parse_obj_as" has incompatible type "<typing special form>"; expected "type[Never]"  [arg-type]
src/probe/browser_extension_config/raw_client.py:106: error: Argument "type_" to "parse_obj_as" has incompatible type "<typing special form>"; expected "type[Never]"  [arg-type]
src/probe/browser_extension_config/raw_client.py:175: error: Argument "type_" to "parse_obj_as" has incompatible type "<typing special form>"; expected "type[Never]"  [arg-type]
src/probe/browser_extension_config/raw_client.py:186: error: Argument "type_" to "parse_obj_as" has incompatible type "<typing special form>"; expected "type[Never]"  [arg-type]
src/probe/browser_extension_config/raw_client.py:197: error: Argument "type_" to "parse_obj_as" has incompatible type "<typing special form>"; expected "type[Never]"  [arg-type]
src/probe/browser_extension_config/raw_client.py:208: error: Argument "type_" to "parse_obj_as" has incompatible type "<typing special form>"; expected "type[Never]"  [arg-type]
src/probe/browser_extension_config/raw_client.py:219: error: Argument "type_" to "parse_obj_as" has incompatible type "<typing special form>"; expected "type[Never]"  [arg-type]
src/probe/browser_extension_config/raw_client.py:289: error: Argument "type_" to "parse_obj_as" has incompatible type "<typing special form>"; expected "type[Never]"  [arg-type]
src/probe/browser_extension_config/raw_client.py:300: error: Argument "type_" to "parse_obj_as" has incompatible type "<typing special form>"; expected "type[Never]"  [arg-type]
src/probe/browser_extension_config/raw_client.py:311: error: Argument "type_" to "parse_obj_as" has incompatible type "<typing special form>"; expected "type[Never]"  [arg-type]
src/probe/browser_extension_config/raw_client.py:322: error: Argument "type_" to "parse_obj_as" has incompatible type "<typing special form>"; expected "type[Never]"  [arg-type]
src/probe/browser_extension_config/raw_client.py:333: error: Argument "type_" to "parse_obj_as" has incompatible type "<typing special form>"; expected "type[Never]"  [arg-type]
src/probe/browser_extension_config/raw_client.py:388: error: Argument "type_" to "parse_obj_as" has incompatible type "<typing special form>"; expected "type[Never]"  [arg-type]
src/probe/browser_extension_config/raw_client.py:399: error: Argument "type_" to "parse_obj_as" has incompatible type "<typing special form>"; expected "type[Never]"  [arg-type]
src/probe/browser_extension_config/raw_client.py:410: error: Argument "type_" to "parse_obj_as" has incompatible type "<typing special form>"; expected "type[Never]"  [arg-type]
src/probe/browser_extension_config/raw_client.py:421: error: Argument "type_" to "parse_obj_as" has incompatible type "<typing special form>"; expected "type[Never]"  [arg-type]
src/probe/browser_extension_config/raw_client.py:432: error: Argument "type_" to "parse_obj_as" has incompatible type "<typing special form>"; expected "type[Never]"  [arg-type]
src/probe/browser_extension_config/raw_client.py:491: error: Argument "type_" to "parse_obj_as" has incompatible type "<typing special form>"; expected "type[Never]"  [arg-type]
src/probe/browser_extension_config/raw_client.py:502: error: Argument "type_" to "parse_obj_as" has incompatible type "<typing special form>"; expected "type[Never]"  [arg-type]
src/probe/browser_extension_config/raw_client.py:513: error: Argument "type_" to "parse_obj_as" has incompatible type "<typing special form>"; expected "type[Never]"  [arg-type]
src/probe/browser_extension_config/raw_client.py:524: error: Argument "type_" to "parse_obj_as" has incompatible type "<typing special form>"; expected "type[Never]"  [arg-type]
src/probe/browser_extension_config/raw_client.py:593: error: Argument "type_" to "parse_obj_as" has incompatible type "<typing special form>"; expected "type[Never]"  [arg-type]
src/probe/browser_extension_config/raw_client.py:604: error: Argument "type_" to "parse_obj_as" has incompatible type "<typing special form>"; expected "type[Never]"  [arg-type]
src/probe/browser_extension_config/raw_client.py:615: error: Argument "type_" to "parse_obj_as" has incompatible type "<typing special form>"; expected "type[Never]"  [arg-type]
src/probe/browser_extension_config/raw_client.py:626: error: Argument "type_" to "parse_obj_as" has incompatible type "<typing special form>"; expected "type[Never]"  [arg-type]
src/probe/browser_extension_config/raw_client.py:637: error: Argument "type_" to "parse_obj_as" has incompatible type "<typing special form>"; expected "type[Never]"  [arg-type]
src/probe/browser_extension_config/raw_client.py:707: error: Argument "type_" to "parse_obj_as" has incompatible type "<typing special form>"; expected "type[Never]"  [arg-type]
src/probe/browser_extension_config/raw_client.py:718: error: Argument "type_" to "parse_obj_as" has incompatible type "<typing special form>"; expected "type[Never]"  [arg-type]
src/probe/browser_extension_config/raw_client.py:729: error: Argument "type_" to "parse_obj_as" has incompatible type "<typing special form>"; expected "type[Never]"  [arg-type]
src/probe/browser_extension_config/raw_client.py:740: error: Argument "type_" to "parse_obj_as" has incompatible type "<typing special form>"; expected "type[Never]"  [arg-type]
src/probe/browser_extension_config/raw_client.py:751: error: Argument "type_" to "parse_obj_as" has incompatible type "<typing special form>"; expected "type[Never]"  [arg-type]
src/probe/browser_extension_config/raw_client.py:806: error: Argument "type_" to "parse_obj_as" has incompatible type "<typing special form>"; expected "type[Never]"  [arg-type]
src/probe/browser_extension_config/raw_client.py:817: error: Argument "type_" to "parse_obj_as" has incompatible type "<typing special form>"; expected "type[Never]"  [arg-type]
src/probe/browser_extension_config/raw_client.py:828: error: Argument "type_" to "parse_obj_as" has incompatible type "<typing special form>"; expected "type[Never]"  [arg-type]
src/probe/browser_extension_config/raw_client.py:839: error: Argument "type_" to "parse_obj_as" has incompatible type "<typing special form>"; expected "type[Never]"  [arg-type]
src/probe/browser_extension_config/raw_client.py:850: error: Argument "type_" to "parse_obj_as" has incompatible type "<typing special form>"; expected "type[Never]"  [arg-type]
src/probe/ai_gateway_datasets/raw_client.py:100: error: Argument "type_" to "parse_obj_as" has incompatible type "<typing special form>"; expected "type[Never]"  [arg-type]
src/probe/ai_gateway_datasets/raw_client.py:181: error: Argument "type_" to "parse_obj_as" has incompatible type "<typing special form>"; expected "type[Never]"  [arg-type]
src/probe/ai_gateway_datasets/raw_client.py:238: error: Argument "type_" to "parse_obj_as" has incompatible type "<typing special form>"; expected "type[Never]"  [arg-type]
src/probe/ai_gateway_datasets/raw_client.py:322: error: Argument "type_" to "parse_obj_as" has incompatible type "<typing special form>"; expected "type[Never]"  [arg-type]
src/probe/ai_gateway_datasets/raw_client.py:333: error: Argument "type_" to "parse_obj_as" has incompatible type "<typing special form>"; expected "type[Never]"  [arg-type]
src/probe/ai_gateway_datasets/raw_client.py:390: error: Argument "type_" to "parse_obj_as" has incompatible type "<typing special form>"; expected "type[Never]"  [arg-type]
src/probe/ai_gateway_datasets/raw_client.py:476: error: Argument "type_" to "parse_obj_as" has incompatible type "<typing special form>"; expected "type[Never]"  [arg-type]
src/probe/ai_gateway_datasets/raw_client.py:557: error: Argument "type_" to "parse_obj_as" has incompatible type "<typing special form>"; expected "type[Never]"  [arg-type]
src/probe/ai_gateway_datasets/raw_client.py:614: error: Argument "type_" to "parse_obj_as" has incompatible type "<typing special form>"; expected "type[Never]"  [arg-type]
src/probe/ai_gateway_datasets/raw_client.py:698: error: Argument "type_" to "parse_obj_as" has incompatible type "<typing special form>"; expected "type[Never]"  [arg-type]
src/probe/ai_gateway_datasets/raw_client.py:709: error: Argument "type_" to "parse_obj_as" has incompatible type "<typing special form>"; expected "type[Never]"  [arg-type]
src/probe/ai_gateway_datasets/raw_client.py:766: error: Argument "type_" to "parse_obj_as" has incompatible type "<typing special form>"; expected "type[Never]"  [arg-type]
src/probe/accounts_applications/raw_client.py:157: error: Argument "type_" to "parse_obj_as" has incompatible type "<typing special form>"; expected "type[Never]"  [arg-type]
src/probe/accounts_applications/raw_client.py:371: error: Argument "type_" to "parse_obj_as" has incompatible type "<typing special form>"; expected "type[Never]"  [arg-type]
src/probe/account_entitlements/raw_client.py:60: error: Argument "type_" to "parse_obj_as" has incompatible type "<typing special form>"; expected "type[Never]"  [arg-type]
src/probe/account_entitlements/raw_client.py:71: error: Argument "type_" to "parse_obj_as" has incompatible type "<typing special form>"; expected "type[Never]"  [arg-type]
src/probe/account_entitlements/raw_client.py:82: error: Argument "type_" to "parse_obj_as" has incompatible type "<typing special form>"; expected "type[Never]"  [arg-type]
src/probe/account_entitlements/raw_client.py:93: error: Argument "type_" to "parse_obj_as" has incompatible type "<typing special form>"; expected "type[Never]"  [arg-type]
src/probe/account_entitlements/raw_client.py:104: error: Argument "type_" to "parse_obj_as" has incompatible type "<typing special form>"; expected "type[Never]"  [arg-type]
src/probe/account_entitlements/raw_client.py:115: error: Argument "type_" to "parse_obj_as" has incompatible type "<typing special form>"; expected "type[Never]"  [arg-type]
src/probe/account_entitlements/raw_client.py:126: error: Argument "type_" to "parse_obj_as" has incompatible type "<typing special form>"; expected "type[Never]"  [arg-type]
src/probe/account_entitlements/raw_client.py:137: error: Argument "type_" to "parse_obj_as" has incompatible type "<typing special form>"; expected "type[Never]"  [arg-type]
src/probe/account_entitlements/raw_client.py:187: error: Argument "type_" to "parse_obj_as" has incompatible type "<typing special form>"; expected "type[Never]"  [arg-type]
src/probe/account_entitlements/raw_client.py:198: error: Argument "type_" to "parse_obj_as" has incompatible type "<typing special form>"; expected "type[Never]"  [arg-type]
src/probe/account_entitlements/raw_client.py:209: error: Argument "type_" to "parse_obj_as" has incompatible type "<typing special form>"; expected "type[Never]"  [arg-type]
src/probe/account_entitlements/raw_client.py:220: error: Argument "type_" to "parse_obj_as" has incompatible type "<typing special form>"; expected "type[Never]"  [arg-type]
src/probe/account_entitlements/raw_client.py:231: error: Argument "type_" to "parse_obj_as" has incompatible type "<typing special form>"; expected "type[Never]"  [arg-type]
src/probe/account_entitlements/raw_client.py:242: error: Argument "type_" to "parse_obj_as" has incompatible type "<typing special form>"; expected "type[Never]"  [arg-type]
src/probe/account_entitlements/raw_client.py:253: error: Argument "type_" to "parse_obj_as" has incompatible type "<typing special form>"; expected "type[Never]"  [arg-type]
src/probe/account_entitlements/raw_client.py:264: error: Argument "type_" to "parse_obj_as" has incompatible type "<typing special form>"; expected "type[Never]"  [arg-type]
src/probe/abuse_reports_mitigations/raw_client.py:122: error: Argument "type_" to "parse_obj_as" has incompatible type "<typing special form>"; expected "type[Never]"  [arg-type]
src/probe/abuse_reports_mitigations/raw_client.py:133: error: Argument "type_" to "parse_obj_as" has incompatible type "<typing special form>"; expected "type[Never]"  [arg-type]
src/probe/abuse_reports_mitigations/raw_client.py:204: error: Argument "type_" to "parse_obj_as" has incompatible type "<typing special form>"; expected "type[Never]"  [arg-type]
src/probe/abuse_reports_mitigations/raw_client.py:215: error: Argument "type_" to "parse_obj_as" has incompatible type "<typing special form>"; expected "type[Never]"  [arg-type]
src/probe/abuse_reports_mitigations/raw_client.py:323: error: Argument "type_" to "parse_obj_as" has incompatible type "<typing special form>"; expected "type[Never]"  [arg-type]
src/probe/abuse_reports_mitigations/raw_client.py:334: error: Argument "type_" to "parse_obj_as" has incompatible type "<typing special form>"; expected "type[Never]"  [arg-type]
src/probe/abuse_reports_mitigations/raw_client.py:405: error: Argument "type_" to "parse_obj_as" has incompatible type "<typing special form>"; expected "type[Never]"  [arg-type]
src/probe/abuse_reports_mitigations/raw_client.py:416: error: Argument "type_" to "parse_obj_as" has incompatible type "<typing special form>"; expected "type[Never]"  [arg-type]
src/probe/abuse_reports/raw_client.py:131: error: Argument "type_" to "parse_obj_as" has incompatible type "<typing special form>"; expected "type[Never]"  [arg-type]
src/probe/abuse_reports/raw_client.py:142: error: Argument "type_" to "parse_obj_as" has incompatible type "<typing special form>"; expected "type[Never]"  [arg-type]
src/probe/abuse_reports/raw_client.py:199: error: Argument "type_" to "parse_obj_as" has incompatible type "<typing special form>"; expected "type[Never]"  [arg-type]
src/probe/abuse_reports/raw_client.py:210: error: Argument "type_" to "parse_obj_as" has incompatible type "<typing special form>"; expected "type[Never]"  [arg-type]
src/probe/abuse_reports/raw_client.py:221: error: Argument "type_" to "parse_obj_as" has incompatible type "<typing special form>"; expected "type[Never]"  [arg-type]
src/probe/abuse_reports/raw_client.py:298: error: Argument "type_" to "parse_obj_as" has incompatible type "<typing special form>"; expected "type[Never]"  [arg-type]
src/probe/abuse_reports/raw_client.py:309: error: Argument "type_" to "parse_obj_as" has incompatible type "<typing special form>"; expected "type[Never]"  [arg-type]
src/probe/abuse_reports/raw_client.py:320: error: Argument "type_" to "parse_obj_as" has incompatible type "<typing special form>"; expected "type[Never]"  [arg-type]
src/probe/abuse_reports/raw_client.py:428: error: Argument "type_" to "parse_obj_as" has incompatible type "<typing special form>"; expected "type[Never]"  [arg-type]
src/probe/abuse_reports/raw_client.py:439: error: Argument "type_" to "parse_obj_as" has incompatible type "<typing special form>"; expected "type[Never]"  [arg-type]
src/probe/abuse_reports/raw_client.py:450: error: Argument "type_" to "parse_obj_as" has incompatible type "<typing special form>"; expected "type[Never]"  [arg-type]
src/probe/abuse_reports/raw_client.py:507: error: Argument "type_" to "parse_obj_as" has incompatible type "<typing special form>"; expected "type[Never]"  [arg-type]
src/probe/abuse_reports/raw_client.py:518: error: Argument "type_" to "parse_obj_as" has incompatible type "<typing special form>"; expected "type[Never]"  [arg-type]
src/probe/abuse_reports/raw_client.py:529: error: Argument "type_" to "parse_obj_as" has incompatible type "<typing special form>"; expected "type[Never]"  [arg-type]
src/probe/abuse_reports/raw_client.py:540: error: Argument "type_" to "parse_obj_as" has incompatible type "<typing special form>"; expected "type[Never]"  [arg-type]
src/probe/abuse_reports/raw_client.py:649: error: Argument "type_" to "parse_obj_as" has incompatible type "<typing special form>"; expected "type[Never]"  [arg-type]
src/probe/abuse_reports/raw_client.py:660: error: Argument "type_" to "parse_obj_as" has incompatible type "<typing special form>"; expected "type[Never]"  [arg-type]
src/probe/abuse_reports/raw_client.py:717: error: Argument "type_" to "parse_obj_as" has incompatible type "<typing special form>"; expected "type[Never]"  [arg-type]
src/probe/abuse_reports/raw_client.py:728: error: Argument "type_" to "parse_obj_as" has incompatible type "<typing special form>"; expected "type[Never]"  [arg-type]
src/probe/abuse_reports/raw_client.py:739: error: Argument "type_" to "parse_obj_as" has incompatible type "<typing special form>"; expected "type[Never]"  [arg-type]
src/probe/abuse_reports/raw_client.py:816: error: Argument "type_" to "parse_obj_as" has incompatible type "<typing special form>"; expected "type[Never]"  [arg-type]
src/probe/abuse_reports/raw_client.py:827: error: Argument "type_" to "parse_obj_as" has incompatible type "<typing special form>"; expected "type[Never]"  [arg-type]
src/probe/abuse_reports/raw_client.py:838: error: Argument "type_" to "parse_obj_as" has incompatible type "<typing special form>"; expected "type[Never]"  [arg-type]
src/probe/abuse_reports/raw_client.py:946: error: Argument "type_" to "parse_obj_as" has incompatible type "<typing special form>"; expected "type[Never]"  [arg-type]
src/probe/abuse_reports/raw_client.py:957: error: Argument "type_" to "parse_obj_as" has incompatible type "<typing special form>"; expected "type[Never]"  [arg-type]
src/probe/abuse_reports/raw_client.py:968: error: Argument "type_" to "parse_obj_as" has incompatible type "<typing special form>"; expected "type[Never]"  [arg-type]
src/probe/abuse_reports/raw_client.py:1025: error: Argument "type_" to "parse_obj_as" has incompatible type "<typing special form>"; expected "type[Never]"  [arg-type]
src/probe/abuse_reports/raw_client.py:1036: error: Argument "type_" to "parse_obj_as" has incompatible type "<typing special form>"; expected "type[Never]"  [arg-type]
src/probe/abuse_reports/raw_client.py:1047: error: Argument "type_" to "parse_obj_as" has incompatible type "<typing special form>"; expected "type[Never]"  [arg-type]
src/probe/abuse_reports/raw_client.py:1058: error: Argument "type_" to "parse_obj_as" has incompatible type "<typing special form>"; expected "type[Never]"  [arg-type]
src/probe/zero_trust_casb_applications_setup_flows/raw_client.py:97: error: Argument "type_" to "parse_obj_as" has incompatible type "<typing special form>"; expected "type[Never]"  [arg-type]
src/probe/zero_trust_casb_applications_setup_flows/raw_client.py:185: error: Argument "type_" to "parse_obj_as" has incompatible type "<typing special form>"; expected "type[Never]"  [arg-type]
src/probe/workers_builds_builds/raw_client.py:73: error: Argument "type_" to "parse_obj_as" has incompatible type "<typing special form>"; expected "type[Never]"  [arg-type]
src/probe/workers_builds_builds/raw_client.py:84: error: Argument "type_" to "parse_obj_as" has incompatible type "<typing special form>"; expected "type[Never]"  [arg-type]
src/probe/workers_builds_builds/raw_client.py:143: error: Argument "type_" to "parse_obj_as" has incompatible type "<typing special form>"; expected "type[Never]"  [arg-type]
src/probe/workers_builds_builds/raw_client.py:154: error: Argument "type_" to "parse_obj_as" has incompatible type "<typing special form>"; expected "type[Never]"  [arg-type]
src/probe/workers_builds_builds/raw_client.py:225: error: Argument "type_" to "parse_obj_as" has incompatible type "<typing special form>"; expected "type[Never]"  [arg-type]
src/probe/workers_builds_builds/raw_client.py:289: error: Argument "type_" to "parse_obj_as" has incompatible type "<typing special form>"; expected "type[Never]"  [arg-type]
src/probe/workers_builds_builds/raw_client.py:300: error: Argument "type_" to "parse_obj_as" has incompatible type "<typing special form>"; expected "type[Never]"  [arg-type]
src/probe/workers_builds_builds/raw_client.py:359: error: Argument "type_" to "parse_obj_as" has incompatible type "<typing special form>"; expected "type[Never]"  [arg-type]
src/probe/workers_builds_builds/raw_client.py:370: error: Argument "type_" to "parse_obj_as" has incompatible type "<typing special form>"; expected "type[Never]"  [arg-type]
src/probe/workers_builds_builds/raw_client.py:441: error: Argument "type_" to "parse_obj_as" has incompatible type "<typing special form>"; expected "type[Never]"  [arg-type]
src/probe/user_audit_logs/raw_client.py:101: error: Argument "type_" to "parse_obj_as" has incompatible type "<typing special form>"; expected "type[Never]"  [arg-type]
src/probe/user_audit_logs/raw_client.py:198: error: Argument "type_" to "parse_obj_as" has incompatible type "<typing special form>"; expected "type[Never]"  [arg-type]
src/probe/url_scanner_scan_get_urlscanner/raw_client.py:156: error: Argument "type_" to "parse_obj_as" has incompatible type "<typing special form>"; expected "type[Never]"  [arg-type]
src/probe/url_scanner_scan_get_urlscanner/raw_client.py:224: error: Argument "type_" to "parse_obj_as" has incompatible type "<typing special form>"; expected "type[Never]"  [arg-type]
src/probe/url_scanner_scan_get_urlscanner/raw_client.py:235: error: Argument "type_" to "parse_obj_as" has incompatible type "<typing special form>"; expected "type[Never]"  [arg-type]
src/probe/url_scanner_scan_get_urlscanner/raw_client.py:384: error: Argument "type_" to "parse_obj_as" has incompatible type "<typing special form>"; expected "type[Never]"  [arg-type]
src/probe/url_scanner_scan_get_urlscanner/raw_client.py:452: error: Argument "type_" to "parse_obj_as" has incompatible type "<typing special form>"; expected "type[Never]"  [arg-type]
src/probe/url_scanner_scan_get_urlscanner/raw_client.py:463: error: Argument "type_" to "parse_obj_as" has incompatible type "<typing special form>"; expected "type[Never]"  [arg-type]
src/probe/types/rulesets_response_rule.py:38: error: Name "action_parameters" already defined on line 36  [no-redef]
src/probe/types/rulesets_response_rule.py:40: error: Name "description" already defined on line 37  [no-redef]
src/probe/types/rulesets_response_rule.py:66: error: Name "description" already defined on line 63  [no-redef]
src/probe/types/rulesets_response_rule.py:91: error: Name "action_parameters" already defined on line 89  [no-redef]
src/probe/types/rulesets_response_rule.py:93: error: Name "description" already defined on line 90  [no-redef]
src/probe/types/rulesets_response_rule.py:119: error: Name "description" already defined on line 116  [no-redef]
src/probe/types/rulesets_response_rule.py:144: error: Name "action_parameters" already defined on line 142  [no-redef]
src/probe/types/rulesets_response_rule.py:146: error: Name "description" already defined on line 143  [no-redef]
src/probe/types/rulesets_response_rule.py:172: error: Name "description" already defined on line 169  [no-redef]
src/probe/types/rulesets_response_rule.py:198: error: Name "description" already defined on line 195  [no-redef]
src/probe/types/rulesets_response_rule.py:224: error: Name "description" already defined on line 221  [no-redef]
src/probe/types/rulesets_response_rule.py:249: error: Name "action_parameters" already defined on line 247  [no-redef]
src/probe/types/rulesets_response_rule.py:251: error: Name "description" already defined on line 248  [no-redef]
src/probe/types/rulesets_response_rule.py:277: error: Name "description" already defined on line 274  [no-redef]
src/probe/types/rulesets_response_rule.py:302: error: Name "action_parameters" already defined on line 300  [no-redef]
src/probe/types/rulesets_response_rule.py:304: error: Name "description" already defined on line 301  [no-redef]
src/probe/types/rulesets_response_rule.py:329: error: Name "action_parameters" already defined on line 327  [no-redef]
src/probe/types/rulesets_response_rule.py:331: error: Name "description" already defined on line 328  [no-redef]
src/probe/types/rulesets_response_rule.py:356: error: Name "action_parameters" already defined on line 354  [no-redef]
src/probe/types/rulesets_response_rule.py:358: error: Name "description" already defined on line 355  [no-redef]
src/probe/types/rulesets_response_rule.py:383: error: Name "action_parameters" already defined on line 381  [no-redef]
src/probe/types/rulesets_response_rule.py:385: error: Name "description" already defined on line 382  [no-redef]
src/probe/types/rulesets_response_rule.py:410: error: Name "action_parameters" already defined on line 408  [no-redef]
src/probe/types/rulesets_response_rule.py:412: error: Name "description" already defined on line 409  [no-redef]
src/probe/types/rulesets_response_rule.py:437: error: Name "action_parameters" already defined on line 435  [no-redef]
src/probe/types/rulesets_response_rule.py:439: error: Name "description" already defined on line 436  [no-redef]
src/probe/types/rulesets_response_rule.py:464: error: Name "action_parameters" already defined on line 462  [no-redef]
src/probe/types/rulesets_response_rule.py:466: error: Name "description" already defined on line 463  [no-redef]
src/probe/types/rulesets_response_rule.py:491: error: Name "action_parameters" already defined on line 489  [no-redef]
src/probe/types/rulesets_response_rule.py:493: error: Name "description" already defined on line 490  [no-redef]
src/probe/types/rulesets_response_rule.py:518: error: Name "action_parameters" already defined on line 516  [no-redef]
src/probe/types/rulesets_response_rule.py:520: error: Name "description" already defined on line 517  [no-redef]
src/probe/types/rulesets_response_rule.py:545: error: Name "action_parameters" already defined on line 543  [no-redef]
src/probe/types/rulesets_response_rule.py:547: error: Name "description" already defined on line 544  [no-redef]
src/probe/types/rulesets_response_rule.py:572: error: Name "action_parameters" already defined on line 570  [no-redef]
src/probe/types/rulesets_response_rule.py:574: error: Name "description" already defined on line 571  [no-redef]
src/probe/types/rulesets_request_rule.py:38: error: Name "action_parameters" already defined on line 36  [no-redef]
src/probe/types/rulesets_request_rule.py:40: error: Name "description" already defined on line 37  [no-redef]
src/probe/types/rulesets_request_rule.py:66: error: Name "description" already defined on line 63  [no-redef]
src/probe/types/rulesets_request_rule.py:91: error: Name "action_parameters" already defined on line 89  [no-redef]
src/probe/types/rulesets_request_rule.py:93: error: Name "description" already defined on line 90  [no-redef]
src/probe/types/rulesets_request_rule.py:119: error: Name "description" already defined on line 116  [no-redef]
src/probe/types/rulesets_request_rule.py:144: error: Name "action_parameters" already defined on line 142  [no-redef]
src/probe/types/rulesets_request_rule.py:146: error: Name "description" already defined on line 143  [no-redef]
src/probe/types/rulesets_request_rule.py:172: error: Name "description" already defined on line 169  [no-redef]
src/probe/types/rulesets_request_rule.py:198: error: Name "description" already defined on line 195  [no-redef]
src/probe/types/rulesets_request_rule.py:224: error: Name "description" already defined on line 221  [no-redef]
src/probe/types/rulesets_request_rule.py:249: error: Name "action_parameters" already defined on line 247  [no-redef]
src/probe/types/rulesets_request_rule.py:251: error: Name "description" already defined on line 248  [no-redef]
src/probe/types/rulesets_request_rule.py:277: error: Name "description" already defined on line 274  [no-redef]
src/probe/types/rulesets_request_rule.py:302: error: Name "action_parameters" already defined on line 300  [no-redef]
src/probe/types/rulesets_request_rule.py:304: error: Name "description" already defined on line 301  [no-redef]
src/probe/types/rulesets_request_rule.py:329: error: Name "action_parameters" already defined on line 327  [no-redef]
src/probe/types/rulesets_request_rule.py:331: error: Name "description" already defined on line 328  [no-redef]
src/probe/types/rulesets_request_rule.py:356: error: Name "action_parameters" already defined on line 354  [no-redef]
src/probe/types/rulesets_request_rule.py:358: error: Name "description" already defined on line 355  [no-redef]
src/probe/types/rulesets_request_rule.py:383: error: Name "action_parameters" already defined on line 381  [no-redef]
src/probe/types/rulesets_request_rule.py:385: error: Name "description" already defined on line 382  [no-redef]
src/probe/types/rulesets_request_rule.py:410: error: Name "action_parameters" already defined on line 408  [no-redef]
src/probe/types/rulesets_request_rule.py:412: error: Name "description" already defined on line 409  [no-redef]
src/probe/types/rulesets_request_rule.py:437: error: Name "action_parameters" already defined on line 435  [no-redef]
src/probe/types/rulesets_request_rule.py:439: error: Name "description" already defined on line 436  [no-redef]
src/probe/types/rulesets_request_rule.py:464: error: Name "action_parameters" already defined on line 462  [no-redef]
src/probe/types/rulesets_request_rule.py:466: error: Name "description" already defined on line 463  [no-redef]
src/probe/types/rulesets_request_rule.py:491: error: Name "action_parameters" already defined on line 489  [no-redef]
src/probe/types/rulesets_request_rule.py:493: error: Name "description" already defined on line 490  [no-redef]
src/probe/types/rulesets_request_rule.py:518: error: Name "action_parameters" already defined on line 516  [no-redef]
src/probe/types/rulesets_request_rule.py:520: error: Name "description" already defined on line 517  [no-redef]
src/probe/types/rulesets_request_rule.py:545: error: Name "action_parameters" already defined on line 543  [no-redef]
src/probe/types/rulesets_request_rule.py:547: error: Name "description" already defined on line 544  [no-redef]
src/probe/types/rulesets_request_rule.py:572: error: Name "action_parameters" already defined on line 570  [no-redef]
src/probe/types/rulesets_request_rule.py:574: error: Name "description" already defined on line 571  [no-redef]
src/probe/types/aaa_audit_logs_v2response_collection.py:11: error: Invalid base class "AaaAuditLogsResponseCollection"  [misc]
src/probe/types/aaa_audit_logs_v2org_response_collection.py:11: error: Invalid base class "AaaAuditLogsResponseCollection"  [misc]
src/probe/radar_ct_authorities/raw_client.py:82: error: Argument "type_" to "parse_obj_as" has incompatible type "<typing special form>"; expected "type[Never]"  [arg-type]
src/probe/radar_ct_authorities/raw_client.py:146: error: Argument "type_" to "parse_obj_as" has incompatible type "<typing special form>"; expected "type[Never]"  [arg-type]
src/probe/radar_ct_authorities/raw_client.py:221: error: Argument "type_" to "parse_obj_as" has incompatible type "<typing special form>"; expected "type[Never]"  [arg-type]
src/probe/radar_ct_authorities/raw_client.py:285: error: Argument "type_" to "parse_obj_as" has incompatible type "<typing special form>"; expected "type[Never]"  [arg-type]
src/probe/radar_bgp_rpki_aspa/raw_client.py:95: error: Argument "type_" to "parse_obj_as" has incompatible type "<typing special form>"; expected "type[Never]"  [arg-type]
src/probe/radar_bgp_rpki_aspa/raw_client.py:175: error: Argument "type_" to "parse_obj_as" has incompatible type "<typing special form>"; expected "type[Never]"  [arg-type]
src/probe/radar_bgp_rpki_aspa/raw_client.py:264: error: Argument "type_" to "parse_obj_as" has incompatible type "<typing special form>"; expected "type[Never]"  [arg-type]
src/probe/radar_bgp_rpki_aspa/raw_client.py:349: error: Argument "type_" to "parse_obj_as" has incompatible type "<typing special form>"; expected "type[Never]"  [arg-type]
src/probe/radar_bgp_rpki_aspa/raw_client.py:429: error: Argument "type_" to "parse_obj_as" has incompatible type "<typing special form>"; expected "type[Never]"  [arg-type]
src/probe/radar_bgp_rpki_aspa/raw_client.py:518: error: Argument "type_" to "parse_obj_as" has incompatible type "<typing special form>"; expected "type[Never]"  [arg-type]
src/probe/r2data_catalog_namespaces_tables_maintenance_configs/raw_client.py:95: error: Argument "type_" to "parse_obj_as" has incompatible type "<typing special form>"; expected "type[Never]"  [arg-type]
src/probe/r2data_catalog_namespaces_tables_maintenance_configs/raw_client.py:106: error: Argument "type_" to "parse_obj_as" has incompatible type "<typing special form>"; expected "type[Never]"  [arg-type]
src/probe/r2data_catalog_namespaces_tables_maintenance_configs/raw_client.py:117: error: Argument "type_" to "parse_obj_as" has incompatible type "<typing special form>"; expected "type[Never]"  [arg-type]
src/probe/r2data_catalog_namespaces_tables_maintenance_configs/raw_client.py:128: error: Argument "type_" to "parse_obj_as" has incompatible type "<typing special form>"; expected "type[Never]"  [arg-type]
src/probe/r2data_catalog_namespaces_tables_maintenance_configs/raw_client.py:139: error: Argument "type_" to "parse_obj_as" has incompatible type "<typing special form>"; expected "type[Never]"  [arg-type]
src/probe/r2data_catalog_namespaces_tables_maintenance_configs/raw_client.py:229: error: Argument "type_" to "parse_obj_as" has incompatible type "<typing special form>"; expected "type[Never]"  [arg-type]
src/probe/r2data_catalog_namespaces_tables_maintenance_configs/raw_client.py:240: error: Argument "type_" to "parse_obj_as" has incompatible type "<typing special form>"; expected "type[Never]"  [arg-type]
src/probe/r2data_catalog_namespaces_tables_maintenance_configs/raw_client.py:251: error: Argument "type_" to "parse_obj_as" has incompatible type "<typing special form>"; expected "type[Never]"  [arg-type]
src/probe/r2data_catalog_namespaces_tables_maintenance_configs/raw_client.py:262: error: Argument "type_" to "parse_obj_as" has incompatible type "<typing special form>"; expected "type[Never]"  [arg-type]
src/probe/r2data_catalog_namespaces_tables_maintenance_configs/raw_client.py:273: error: Argument "type_" to "parse_obj_as" has incompatible type "<typing special form>"; expected "type[Never]"  [arg-type]
src/probe/r2data_catalog_namespaces_tables_maintenance_configs/raw_client.py:348: error: Argument "type_" to "parse_obj_as" has incompatible type "<typing special form>"; expected "type[Never]"  [arg-type]
src/probe/r2data_catalog_namespaces_tables_maintenance_configs/raw_client.py:359: error: Argument "type_" to "parse_obj_as" has incompatible type "<typing special form>"; expected "type[Never]"  [arg-type]
src/probe/r2data_catalog_namespaces_tables_maintenance_configs/raw_client.py:370: error: Argument "type_" to "parse_obj_as" has incompatible type "<typing special form>"; expected "type[Never]"  [arg-type]
src/probe/r2data_catalog_namespaces_tables_maintenance_configs/raw_client.py:381: error: Argument "type_" to "parse_obj_as" has incompatible type "<typing special form>"; expected "type[Never]"  [arg-type]
src/probe/r2data_catalog_namespaces_tables_maintenance_configs/raw_client.py:392: error: Argument "type_" to "parse_obj_as" has incompatible type "<typing special form>"; expected "type[Never]"  [arg-type]
src/probe/r2data_catalog_namespaces_tables_maintenance_configs/raw_client.py:482: error: Argument "type_" to "parse_obj_as" has incompatible type "<typing special form>"; expected "type[Never]"  [arg-type]
src/probe/r2data_catalog_namespaces_tables_maintenance_configs/raw_client.py:493: error: Argument "type_" to "parse_obj_as" has incompatible type "<typing special form>"; expected "type[Never]"  [arg-type]
src/probe/r2data_catalog_namespaces_tables_maintenance_configs/raw_client.py:504: error: Argument "type_" to "parse_obj_as" has incompatible type "<typing special form>"; expected "type[Never]"  [arg-type]
src/probe/r2data_catalog_namespaces_tables_maintenance_configs/raw_client.py:515: error: Argument "type_" to "parse_obj_as" has incompatible type "<typing special form>"; expected "type[Never]"  [arg-type]
src/probe/r2data_catalog_namespaces_tables_maintenance_configs/raw_client.py:526: error: Argument "type_" to "parse_obj_as" has incompatible type "<typing special form>"; expected "type[Never]"  [arg-type]
src/probe/r2data_catalog_maintenance_configs/raw_client.py:83: error: Argument "type_" to "parse_obj_as" has incompatible type "<typing special form>"; expected "type[Never]"  [arg-type]
src/probe/r2data_catalog_maintenance_configs/raw_client.py:94: error: Argument "type_" to "parse_obj_as" has incompatible type "<typing special form>"; expected "type[Never]"  [arg-type]
src/probe/r2data_catalog_maintenance_configs/raw_client.py:105: error: Argument "type_" to "parse_obj_as" has incompatible type "<typing special form>"; expected "type[Never]"  [arg-type]
src/probe/r2data_catalog_maintenance_configs/raw_client.py:116: error: Argument "type_" to "parse_obj_as" has incompatible type "<typing special form>"; expected "type[Never]"  [arg-type]
src/probe/r2data_catalog_maintenance_configs/raw_client.py:127: error: Argument "type_" to "parse_obj_as" has incompatible type "<typing special form>"; expected "type[Never]"  [arg-type]
src/probe/r2data_catalog_maintenance_configs/raw_client.py:209: error: Argument "type_" to "parse_obj_as" has incompatible type "<typing special form>"; expected "type[Never]"  [arg-type]
src/probe/r2data_catalog_maintenance_configs/raw_client.py:220: error: Argument "type_" to "parse_obj_as" has incompatible type "<typing special form>"; expected "type[Never]"  [arg-type]
src/probe/r2data_catalog_maintenance_configs/raw_client.py:231: error: Argument "type_" to "parse_obj_as" has incompatible type "<typing special form>"; expected "type[Never]"  [arg-type]
src/probe/r2data_catalog_maintenance_configs/raw_client.py:242: error: Argument "type_" to "parse_obj_as" has incompatible type "<typing special form>"; expected "type[Never]"  [arg-type]
src/probe/r2data_catalog_maintenance_configs/raw_client.py:253: error: Argument "type_" to "parse_obj_as" has incompatible type "<typing special form>"; expected "type[Never]"  [arg-type]
src/probe/r2data_catalog_maintenance_configs/raw_client.py:320: error: Argument "type_" to "parse_obj_as" has incompatible type "<typing special form>"; expected "type[Never]"  [arg-type]
src/probe/r2data_catalog_maintenance_configs/raw_client.py:331: error: Argument "type_" to "parse_obj_as" has incompatible type "<typing special form>"; expected "type[Never]"  [arg-type]
src/probe/r2data_catalog_maintenance_configs/raw_client.py:342: error: Argument "type_" to "parse_obj_as" has incompatible type "<typing special form>"; expected "type[Never]"  [arg-type]
src/probe/r2data_catalog_maintenance_configs/raw_client.py:353: error: Argument "type_" to "parse_obj_as" has incompatible type "<typing special form>"; expected "type[Never]"  [arg-type]
src/probe/r2data_catalog_maintenance_configs/raw_client.py:364: error: Argument "type_" to "parse_obj_as" has incompatible type "<typing special form>"; expected "type[Never]"  [arg-type]
src/probe/r2data_catalog_maintenance_configs/raw_client.py:446: error: Argument "type_" to "parse_obj_as" has incompatible type "<typing special form>"; expected "type[Never]"  [arg-type]
src/probe/r2data_catalog_maintenance_configs/raw_client.py:457: error: Argument "type_" to "parse_obj_as" has incompatible type "<typing special form>"; expected "type[Never]"  [arg-type]
src/probe/r2data_catalog_maintenance_configs/raw_client.py:468: error: Argument "type_" to "parse_obj_as" has incompatible type "<typing special form>"; expected "type[Never]"  [arg-type]
src/probe/r2data_catalog_maintenance_configs/raw_client.py:479: error: Argument "type_" to "parse_obj_as" has incompatible type "<typing special form>"; expected "type[Never]"  [arg-type]
src/probe/r2data_catalog_maintenance_configs/raw_client.py:490: error: Argument "type_" to "parse_obj_as" has incompatible type "<typing special form>"; expected "type[Never]"  [arg-type]
src/probe/r2buckets_event_notifications/raw_client.py:85: error: Argument "type_" to "parse_obj_as" has incompatible type "<typing special form>"; expected "type[Never]"  [arg-type]
src/probe/r2buckets_event_notifications/raw_client.py:150: error: Argument "type_" to "parse_obj_as" has incompatible type "<typing special form>"; expected "type[Never]"  [arg-type]
src/probe/r2buckets_event_notifications/raw_client.py:354: error: Argument "type_" to "parse_obj_as" has incompatible type "<typing special form>"; expected "type[Never]"  [arg-type]
src/probe/r2buckets_event_notifications/raw_client.py:419: error: Argument "type_" to "parse_obj_as" has incompatible type "<typing special form>"; expected "type[Never]"  [arg-type]
src/probe/queues_subscriptions/raw_client.py:179: error: Argument "type_" to "parse_obj_as" has incompatible type "<typing special form>"; expected "type[Never]"  [arg-type]
src/probe/queues_subscriptions/raw_client.py:190: error: Argument "type_" to "parse_obj_as" has incompatible type "<typing special form>"; expected "type[Never]"  [arg-type]
src/probe/queues_subscriptions/raw_client.py:201: error: Argument "type_" to "parse_obj_as" has incompatible type "<typing special form>"; expected "type[Never]"  [arg-type]
src/probe/queues_subscriptions/raw_client.py:260: error: Argument "type_" to "parse_obj_as" has incompatible type "<typing special form>"; expected "type[Never]"  [arg-type]
src/probe/queues_subscriptions/raw_client.py:394: error: Argument "type_" to "parse_obj_as" has incompatible type "<typing special form>"; expected "type[Never]"  [arg-type]
src/probe/queues_subscriptions/raw_client.py:405: error: Argument "type_" to "parse_obj_as" has incompatible type "<typing special form>"; expected "type[Never]"  [arg-type]
src/probe/queues_subscriptions/raw_client.py:566: error: Argument "type_" to "parse_obj_as" has incompatible type "<typing special form>"; expected "type[Never]"  [arg-type]
src/probe/queues_subscriptions/raw_client.py:577: error: Argument "type_" to "parse_obj_as" has incompatible type "<typing special form>"; expected "type[Never]"  [arg-type]
src/probe/queues_subscriptions/raw_client.py:588: error: Argument "type_" to "parse_obj_as" has incompatible type "<typing special form>"; expected "type[Never]"  [arg-type]
src/probe/queues_subscriptions/raw_client.py:647: error: Argument "type_" to "parse_obj_as" has incompatible type "<typing special form>"; expected "type[Never]"  [arg-type]
src/probe/queues_subscriptions/raw_client.py:781: error: Argument "type_" to "parse_obj_as" has incompatible type "<typing special form>"; expected "type[Never]"  [arg-type]
src/probe/queues_subscriptions/raw_client.py:792: error: Argument "type_" to "parse_obj_as" has incompatible type "<typing special form>"; expected "type[Never]"  [arg-type]
src/probe/pipelines/raw_client.py:215: error: Argument "type_" to "parse_obj_as" has incompatible type "<typing special form>"; expected "type[Never]"  [arg-type]
src/probe/pipelines/raw_client.py:612: error: Argument "type_" to "parse_obj_as" has incompatible type "<typing special form>"; expected "type[Never]"  [arg-type]
src/probe/pipelines/raw_client.py:805: error: Argument "type_" to "parse_obj_as" has incompatible type "<typing special form>"; expected "type[Never]"  [arg-type]
src/probe/pipelines/raw_client.py:1202: error: Argument "type_" to "parse_obj_as" has incompatible type "<typing special form>"; expected "type[Never]"  [arg-type]
src/probe/observability_destinations/raw_client.py:102: error: Argument "type_" to "parse_obj_as" has incompatible type "<typing special form>"; expected "type[Never]"  [arg-type]
src/probe/observability_destinations/raw_client.py:113: error: Argument "type_" to "parse_obj_as" has incompatible type "<typing special form>"; expected "type[Never]"  [arg-type]
src/probe/observability_destinations/raw_client.py:124: error: Argument "type_" to "parse_obj_as" has incompatible type "<typing special form>"; expected "type[Never]"  [arg-type]
src/probe/observability_destinations/raw_client.py:207: error: Argument "type_" to "parse_obj_as" has incompatible type "<typing special form>"; expected "type[Never]"  [arg-type]
src/probe/observability_destinations/raw_client.py:218: error: Argument "type_" to "parse_obj_as" has incompatible type "<typing special form>"; expected "type[Never]"  [arg-type]
src/probe/observability_destinations/raw_client.py:229: error: Argument "type_" to "parse_obj_as" has incompatible type "<typing special form>"; expected "type[Never]"  [arg-type]
src/probe/observability_destinations/raw_client.py:240: error: Argument "type_" to "parse_obj_as" has incompatible type "<typing special form>"; expected "type[Never]"  [arg-type]
src/probe/observability_destinations/raw_client.py:296: error: Argument "type_" to "parse_obj_as" has incompatible type "<typing special form>"; expected "type[Never]"  [arg-type]
src/probe/observability_destinations/raw_client.py:307: error: Argument "type_" to "parse_obj_as" has incompatible type "<typing special form>"; expected "type[Never]"  [arg-type]
src/probe/observability_destinations/raw_client.py:318: error: Argument "type_" to "parse_obj_as" has incompatible type "<typing special form>"; expected "type[Never]"  [arg-type]
src/probe/observability_destinations/raw_client.py:396: error: Argument "type_" to "parse_obj_as" has incompatible type "<typing special form>"; expected "type[Never]"  [arg-type]
src/probe/observability_destinations/raw_client.py:407: error: Argument "type_" to "parse_obj_as" has incompatible type "<typing special form>"; expected "type[Never]"  [arg-type]
src/probe/observability_destinations/raw_client.py:418: error: Argument "type_" to "parse_obj_as" has incompatible type "<typing special form>"; expected "type[Never]"  [arg-type]
src/probe/observability_destinations/raw_client.py:429: error: Argument "type_" to "parse_obj_as" has incompatible type "<typing special form>"; expected "type[Never]"  [arg-type]
src/probe/observability_destinations/raw_client.py:509: error: Argument "type_" to "parse_obj_as" has incompatible type "<typing special form>"; expected "type[Never]"  [arg-type]
src/probe/observability_destinations/raw_client.py:520: error: Argument "type_" to "parse_obj_as" has incompatible type "<typing special form>"; expected "type[Never]"  [arg-type]
src/probe/observability_destinations/raw_client.py:531: error: Argument "type_" to "parse_obj_as" has incompatible type "<typing special form>"; expected "type[Never]"  [arg-type]
src/probe/observability_destinations/raw_client.py:614: error: Argument "type_" to "parse_obj_as" has incompatible type "<typing special form>"; expected "type[Never]"  [arg-type]
src/probe/observability_destinations/raw_client.py:625: error: Argument "type_" to "parse_obj_as" has incompatible type "<typing special form>"; expected "type[Never]"  [arg-type]
src/probe/observability_destinations/raw_client.py:636: error: Argument "type_" to "parse_obj_as" has incompatible type "<typing special form>"; expected "type[Never]"  [arg-type]
src/probe/observability_destinations/raw_client.py:647: error: Argument "type_" to "parse_obj_as" has incompatible type "<typing special form>"; expected "type[Never]"  [arg-type]
src/probe/observability_destinations/raw_client.py:703: error: Argument "type_" to "parse_obj_as" has incompatible type "<typing special form>"; expected "type[Never]"  [arg-type]
src/probe/observability_destinations/raw_client.py:714: error: Argument "type_" to "parse_obj_as" has incompatible type "<typing special form>"; expected "type[Never]"  [arg-type]
src/probe/observability_destinations/raw_client.py:725: error: Argument "type_" to "parse_obj_as" has incompatible type "<typing special form>"; expected "type[Never]"  [arg-type]
src/probe/observability_destinations/raw_client.py:803: error: Argument "type_" to "parse_obj_as" has incompatible type "<typing special form>"; expected "type[Never]"  [arg-type]
src/probe/observability_destinations/raw_client.py:814: error: Argument "type_" to "parse_obj_as" has incompatible type "<typing special form>"; expected "type[Never]"  [arg-type]
src/probe/observability_destinations/raw_client.py:825: error: Argument "type_" to "parse_obj_as" has incompatible type "<typing special form>"; expected "type[Never]"  [arg-type]
src/probe/observability_destinations/raw_client.py:836: error: Argument "type_" to "parse_obj_as" has incompatible type "<typing special form>"; expected "type[Never]"  [arg-type]
src/probe/moq_relays_tokens/raw_client.py:83: error: Argument "type_" to "parse_obj_as" has incompatible type "<typing special form>"; expected "type[Never]"  [arg-type]
src/probe/moq_relays_tokens/raw_client.py:94: error: Argument "type_" to "parse_obj_as" has incompatible type "<typing special form>"; expected "type[Never]"  [arg-type]
src/probe/moq_relays_tokens/raw_client.py:105: error: Argument "type_" to "parse_obj_as" has incompatible type "<typing special form>"; expected "type[Never]"  [arg-type]
src/probe/moq_relays_tokens/raw_client.py:191: error: Argument "type_" to "parse_obj_as" has incompatible type "<typing special form>"; expected "type[Never]"  [arg-type]
src/probe/moq_relays_tokens/raw_client.py:202: error: Argument "type_" to "parse_obj_as" has incompatible type "<typing special form>"; expected "type[Never]"  [arg-type]
src/probe/moq_relays_tokens/raw_client.py:213: error: Argument "type_" to "parse_obj_as" has incompatible type "<typing special form>"; expected "type[Never]"  [arg-type]
src/probe/moq_relays_tokens/raw_client.py:224: error: Argument "type_" to "parse_obj_as" has incompatible type "<typing special form>"; expected "type[Never]"  [arg-type]
src/probe/moq_relays_tokens/raw_client.py:292: error: Argument "type_" to "parse_obj_as" has incompatible type "<typing special form>"; expected "type[Never]"  [arg-type]
src/probe/moq_relays_tokens/raw_client.py:303: error: Argument "type_" to "parse_obj_as" has incompatible type "<typing special form>"; expected "type[Never]"  [arg-type]
src/probe/moq_relays_tokens/raw_client.py:314: error: Argument "type_" to "parse_obj_as" has incompatible type "<typing special form>"; expected "type[Never]"  [arg-type]
src/probe/moq_relays_tokens/raw_client.py:383: error: Argument "type_" to "parse_obj_as" has incompatible type "<typing special form>"; expected "type[Never]"  [arg-type]
src/probe/moq_relays_tokens/raw_client.py:394: error: Argument "type_" to "parse_obj_as" has incompatible type "<typing special form>"; expected "type[Never]"  [arg-type]
src/probe/moq_relays_tokens/raw_client.py:405: error: Argument "type_" to "parse_obj_as" has incompatible type "<typing special form>"; expected "type[Never]"  [arg-type]
src/probe/moq_relays_tokens/raw_client.py:491: error: Argument "type_" to "parse_obj_as" has incompatible type "<typing special form>"; expected "type[Never]"  [arg-type]
src/probe/moq_relays_tokens/raw_client.py:502: error: Argument "type_" to "parse_obj_as" has incompatible type "<typing special form>"; expected "type[Never]"  [arg-type]
src/probe/moq_relays_tokens/raw_client.py:513: error: Argument "type_" to "parse_obj_as" has incompatible type "<typing special form>"; expected "type[Never]"  [arg-type]
src/probe/moq_relays_tokens/raw_client.py:524: error: Argument "type_" to "parse_obj_as" has incompatible type "<typing special form>"; expected "type[Never]"  [arg-type]
src/probe/moq_relays_tokens/raw_client.py:592: error: Argument "type_" to "parse_obj_as" has incompatible type "<typing special form>"; expected "type[Never]"  [arg-type]
src/probe/moq_relays_tokens/raw_client.py:603: error: Argument "type_" to "parse_obj_as" has incompatible type "<typing special form>"; expected "type[Never]"  [arg-type]
src/probe/moq_relays_tokens/raw_client.py:614: error: Argument "type_" to "parse_obj_as" has incompatible type "<typing special form>"; expected "type[Never]"  [arg-type]
src/probe/moq_relays/raw_client.py:115: error: Argument "type_" to "parse_obj_as" has incompatible type "<typing special form>"; expected "type[Never]"  [arg-type]
src/probe/moq_relays/raw_client.py:184: error: Argument "type_" to "parse_obj_as" has incompatible type "<typing special form>"; expected "type[Never]"  [arg-type]
src/probe/moq_relays/raw_client.py:195: error: Argument "type_" to "parse_obj_as" has incompatible type "<typing special form>"; expected "type[Never]"  [arg-type]
src/probe/moq_relays/raw_client.py:206: error: Argument "type_" to "parse_obj_as" has incompatible type "<typing special form>"; expected "type[Never]"  [arg-type]
src/probe/moq_relays/raw_client.py:217: error: Argument "type_" to "parse_obj_as" has incompatible type "<typing special form>"; expected "type[Never]"  [arg-type]
src/probe/moq_relays/raw_client.py:279: error: Argument "type_" to "parse_obj_as" has incompatible type "<typing special form>"; expected "type[Never]"  [arg-type]
src/probe/moq_relays/raw_client.py:290: error: Argument "type_" to "parse_obj_as" has incompatible type "<typing special form>"; expected "type[Never]"  [arg-type]
src/probe/moq_relays/raw_client.py:301: error: Argument "type_" to "parse_obj_as" has incompatible type "<typing special form>"; expected "type[Never]"  [arg-type]
src/probe/moq_relays/raw_client.py:383: error: Argument "type_" to "parse_obj_as" has incompatible type "<typing special form>"; expected "type[Never]"  [arg-type]
src/probe/moq_relays/raw_client.py:394: error: Argument "type_" to "parse_obj_as" has incompatible type "<typing special form>"; expected "type[Never]"  [arg-type]
src/probe/moq_relays/raw_client.py:405: error: Argument "type_" to "parse_obj_as" has incompatible type "<typing special form>"; expected "type[Never]"  [arg-type]
src/probe/moq_relays/raw_client.py:468: error: Argument "type_" to "parse_obj_as" has incompatible type "<typing special form>"; expected "type[Never]"  [arg-type]
src/probe/moq_relays/raw_client.py:479: error: Argument "type_" to "parse_obj_as" has incompatible type "<typing special form>"; expected "type[Never]"  [arg-type]
src/probe/moq_relays/raw_client.py:490: error: Argument "type_" to "parse_obj_as" has incompatible type "<typing special form>"; expected "type[Never]"  [arg-type]
src/probe/moq_relays/raw_client.py:586: error: Argument "type_" to "parse_obj_as" has incompatible type "<typing special form>"; expected "type[Never]"  [arg-type]
src/probe/moq_relays/raw_client.py:655: error: Argument "type_" to "parse_obj_as" has incompatible type "<typing special form>"; expected "type[Never]"  [arg-type]
src/probe/moq_relays/raw_client.py:666: error: Argument "type_" to "parse_obj_as" has incompatible type "<typing special form>"; expected "type[Never]"  [arg-type]
src/probe/moq_relays/raw_client.py:677: error: Argument "type_" to "parse_obj_as" has incompatible type "<typing special form>"; expected "type[Never]"  [arg-type]
src/probe/moq_relays/raw_client.py:688: error: Argument "type_" to "parse_obj_as" has incompatible type "<typing special form>"; expected "type[Never]"  [arg-type]
src/probe/moq_relays/raw_client.py:750: error: Argument "type_" to "parse_obj_as" has incompatible type "<typing special form>"; expected "type[Never]"  [arg-type]
src/probe/moq_relays/raw_client.py:761: error: Argument "type_" to "parse_obj_as" has incompatible type "<typing special form>"; expected "type[Never]"  [arg-type]
src/probe/moq_relays/raw_client.py:772: error: Argument "type_" to "parse_obj_as" has incompatible type "<typing special form>"; expected "type[Never]"  [arg-type]
src/probe/moq_relays/raw_client.py:854: error: Argument "type_" to "parse_obj_as" has incompatible type "<typing special form>"; expected "type[Never]"  [arg-type]
src/probe/moq_relays/raw_client.py:865: error: Argument "type_" to "parse_obj_as" has incompatible type "<typing special form>"; expected "type[Never]"  [arg-type]
src/probe/moq_relays/raw_client.py:876: error: Argument "type_" to "parse_obj_as" has incompatible type "<typing special form>"; expected "type[Never]"  [arg-type]
src/probe/moq_relays/raw_client.py:939: error: Argument "type_" to "parse_obj_as" has incompatible type "<typing special form>"; expected "type[Never]"  [arg-type]
src/probe/moq_relays/raw_client.py:950: error: Argument "type_" to "parse_obj_as" has incompatible type "<typing special form>"; expected "type[Never]"  [arg-type]
src/probe/moq_relays/raw_client.py:961: error: Argument "type_" to "parse_obj_as" has incompatible type "<typing special form>"; expected "type[Never]"  [arg-type]
src/probe/mcp_portals/raw_client.py:113: error: Argument "type_" to "parse_obj_as" has incompatible type "<typing special form>"; expected "type[Never]"  [arg-type]
src/probe/mcp_portals/raw_client.py:188: error: Argument "type_" to "parse_obj_as" has incompatible type "<typing special form>"; expected "type[Never]"  [arg-type]
src/probe/mcp_portals/raw_client.py:258: error: Argument "type_" to "parse_obj_as" has incompatible type "<typing special form>"; expected "type[Never]"  [arg-type]
src/probe/mcp_portals/raw_client.py:362: error: Argument "type_" to "parse_obj_as" has incompatible type "<typing special form>"; expected "type[Never]"  [arg-type]
src/probe/mcp_portals/raw_client.py:417: error: Argument "type_" to "parse_obj_as" has incompatible type "<typing special form>"; expected "type[Never]"  [arg-type]
src/probe/mcp_portals/raw_client.py:519: error: Argument "type_" to "parse_obj_as" has incompatible type "<typing special form>"; expected "type[Never]"  [arg-type]
src/probe/mcp_portals/raw_client.py:530: error: Argument "type_" to "parse_obj_as" has incompatible type "<typing special form>"; expected "type[Never]"  [arg-type]
src/probe/mcp_portals/raw_client.py:585: error: Argument "type_" to "parse_obj_as" has incompatible type "<typing special form>"; expected "type[Never]"  [arg-type]
src/probe/mcp_portals/raw_client.py:668: error: Argument "type_" to "parse_obj_as" has incompatible type "<typing special form>"; expected "type[Never]"  [arg-type]
src/probe/mcp_portals/raw_client.py:743: error: Argument "type_" to "parse_obj_as" has incompatible type "<typing special form>"; expected "type[Never]"  [arg-type]
src/probe/mcp_portals/raw_client.py:813: error: Argument "type_" to "parse_obj_as" has incompatible type "<typing special form>"; expected "type[Never]"  [arg-type]
src/probe/mcp_portals/raw_client.py:917: error: Argument "type_" to "parse_obj_as" has incompatible type "<typing special form>"; expected "type[Never]"  [arg-type]
src/probe/mcp_portals/raw_client.py:972: error: Argument "type_" to "parse_obj_as" has incompatible type "<typing special form>"; expected "type[Never]"  [arg-type]
src/probe/mcp_portals/raw_client.py:1074: error: Argument "type_" to "parse_obj_as" has incompatible type "<typing special form>"; expected "type[Never]"  [arg-type]
src/probe/mcp_portals/raw_client.py:1085: error: Argument "type_" to "parse_obj_as" has incompatible type "<typing special form>"; expected "type[Never]"  [arg-type]
src/probe/mcp_portals/raw_client.py:1140: error: Argument "type_" to "parse_obj_as" has incompatible type "<typing special form>"; expected "type[Never]"  [arg-type]
src/probe/magic_cloud_networking_cloud_integrations/raw_client.py:101: error: Argument "type_" to "parse_obj_as" has incompatible type "<typing special form>"; expected "type[Never]"  [arg-type]
src/probe/magic_cloud_networking_cloud_integrations/raw_client.py:112: error: Argument "type_" to "parse_obj_as" has incompatible type "<typing special form>"; expected "type[Never]"  [arg-type]
src/probe/magic_cloud_networking_cloud_integrations/raw_client.py:123: error: Argument "type_" to "parse_obj_as" has incompatible type "<typing special form>"; expected "type[Never]"  [arg-type]
src/probe/magic_cloud_networking_cloud_integrations/raw_client.py:134: error: Argument "type_" to "parse_obj_as" has incompatible type "<typing special form>"; expected "type[Never]"  [arg-type]
src/probe/magic_cloud_networking_cloud_integrations/raw_client.py:212: error: Argument "type_" to "parse_obj_as" has incompatible type "<typing special form>"; expected "type[Never]"  [arg-type]
src/probe/magic_cloud_networking_cloud_integrations/raw_client.py:223: error: Argument "type_" to "parse_obj_as" has incompatible type "<typing special form>"; expected "type[Never]"  [arg-type]
src/probe/magic_cloud_networking_cloud_integrations/raw_client.py:234: error: Argument "type_" to "parse_obj_as" has incompatible type "<typing special form>"; expected "type[Never]"  [arg-type]
src/probe/magic_cloud_networking_cloud_integrations/raw_client.py:245: error: Argument "type_" to "parse_obj_as" has incompatible type "<typing special form>"; expected "type[Never]"  [arg-type]
src/probe/magic_cloud_networking_cloud_integrations/raw_client.py:256: error: Argument "type_" to "parse_obj_as" has incompatible type "<typing special form>"; expected "type[Never]"  [arg-type]
src/probe/magic_cloud_networking_cloud_integrations/raw_client.py:267: error: Argument "type_" to "parse_obj_as" has incompatible type "<typing special form>"; expected "type[Never]"  [arg-type]
src/probe/magic_cloud_networking_cloud_integrations/raw_client.py:332: error: Argument "type_" to "parse_obj_as" has incompatible type "<typing special form>"; expected "type[Never]"  [arg-type]
src/probe/magic_cloud_networking_cloud_integrations/raw_client.py:343: error: Argument "type_" to "parse_obj_as" has incompatible type "<typing special form>"; expected "type[Never]"  [arg-type]
src/probe/magic_cloud_networking_cloud_integrations/raw_client.py:354: error: Argument "type_" to "parse_obj_as" has incompatible type "<typing special form>"; expected "type[Never]"  [arg-type]
src/probe/magic_cloud_networking_cloud_integrations/raw_client.py:365: error: Argument "type_" to "parse_obj_as" has incompatible type "<typing special form>"; expected "type[Never]"  [arg-type]
src/probe/magic_cloud_networking_cloud_integrations/raw_client.py:376: error: Argument "type_" to "parse_obj_as" has incompatible type "<typing special form>"; expected "type[Never]"  [arg-type]
src/probe/magic_cloud_networking_cloud_integrations/raw_client.py:469: error: Argument "type_" to "parse_obj_as" has incompatible type "<typing special form>"; expected "type[Never]"  [arg-type]
src/probe/magic_cloud_networking_cloud_integrations/raw_client.py:480: error: Argument "type_" to "parse_obj_as" has incompatible type "<typing special form>"; expected "type[Never]"  [arg-type]
src/probe/magic_cloud_networking_cloud_integrations/raw_client.py:491: error: Argument "type_" to "parse_obj_as" has incompatible type "<typing special form>"; expected "type[Never]"  [arg-type]
src/probe/magic_cloud_networking_cloud_integrations/raw_client.py:502: error: Argument "type_" to "parse_obj_as" has incompatible type "<typing special form>"; expected "type[Never]"  [arg-type]
src/probe/magic_cloud_networking_cloud_integrations/raw_client.py:513: error: Argument "type_" to "parse_obj_as" has incompatible type "<typing special form>"; expected "type[Never]"  [arg-type]
src/probe/magic_cloud_networking_cloud_integrations/raw_client.py:524: error: Argument "type_" to "parse_obj_as" has incompatible type "<typing special form>"; expected "type[Never]"  [arg-type]
src/probe/magic_cloud_networking_cloud_integrations/raw_client.py:535: error: Argument "type_" to "parse_obj_as" has incompatible type "<typing special form>"; expected "type[Never]"  [arg-type]
src/probe/magic_cloud_networking_cloud_integrations/raw_client.py:594: error: Argument "type_" to "parse_obj_as" has incompatible type "<typing special form>"; expected "type[Never]"  [arg-type]
src/probe/magic_cloud_networking_cloud_integrations/raw_client.py:605: error: Argument "type_" to "parse_obj_as" has incompatible type "<typing special form>"; expected "type[Never]"  [arg-type]
src/probe/magic_cloud_networking_cloud_integrations/raw_client.py:616: error: Argument "type_" to "parse_obj_as" has incompatible type "<typing special form>"; expected "type[Never]"  [arg-type]
src/probe/magic_cloud_networking_cloud_integrations/raw_client.py:627: error: Argument "type_" to "parse_obj_as" has incompatible type "<typing special form>"; expected "type[Never]"  [arg-type]
src/probe/magic_cloud_networking_cloud_integrations/raw_client.py:638: error: Argument "type_" to "parse_obj_as" has incompatible type "<typing special form>"; expected "type[Never]"  [arg-type]
src/probe/magic_cloud_networking_cloud_integrations/raw_client.py:731: error: Argument "type_" to "parse_obj_as" has incompatible type "<typing special form>"; expected "type[Never]"  [arg-type]
src/probe/magic_cloud_networking_cloud_integrations/raw_client.py:742: error: Argument "type_" to "parse_obj_as" has incompatible type "<typing special form>"; expected "type[Never]"  [arg-type]
src/probe/magic_cloud_networking_cloud_integrations/raw_client.py:753: error: Argument "type_" to "parse_obj_as" has incompatible type "<typing special form>"; expected "type[Never]"  [arg-type]
src/probe/magic_cloud_networking_cloud_integrations/raw_client.py:764: error: Argument "type_" to "parse_obj_as" has incompatible type "<typing special form>"; expected "type[Never]"  [arg-type]
src/probe/magic_cloud_networking_cloud_integrations/raw_client.py:775: error: Argument "type_" to "parse_obj_as" has incompatible type "<typing special form>"; expected "type[Never]"  [arg-type]
src/probe/magic_cloud_networking_cloud_integrations/raw_client.py:786: error: Argument "type_" to "parse_obj_as" has incompatible type "<typing special form>"; expected "type[Never]"  [arg-type]
src/probe/magic_cloud_networking_cloud_integrations/raw_client.py:797: error: Argument "type_" to "parse_obj_as" has incompatible type "<typing special form>"; expected "type[Never]"  [arg-type]
src/probe/magic_cloud_networking_cloud_integrations/raw_client.py:862: error: Argument "type_" to "parse_obj_as" has incompatible type "<typing special form>"; expected "type[Never]"  [arg-type]
src/probe/magic_cloud_networking_cloud_integrations/raw_client.py:873: error: Argument "type_" to "parse_obj_as" has incompatible type "<typing special form>"; expected "type[Never]"  [arg-type]
src/probe/magic_cloud_networking_cloud_integrations/raw_client.py:884: error: Argument "type_" to "parse_obj_as" has incompatible type "<typing special form>"; expected "type[Never]"  [arg-type]
src/probe/magic_cloud_networking_cloud_integrations/raw_client.py:895: error: Argument "type_" to "parse_obj_as" has incompatible type "<typing special form>"; expected "type[Never]"  [arg-type]
src/probe/magic_cloud_networking_cloud_integrations/raw_client.py:906: error: Argument "type_" to "parse_obj_as" has incompatible type "<typing special form>"; expected "type[Never]"  [arg-type]
src/probe/magic_cloud_networking_cloud_integrations/raw_client.py:917: error: Argument "type_" to "parse_obj_as" has incompatible type "<typing special form>"; expected "type[Never]"  [arg-type]
src/probe/magic_cloud_networking_cloud_integrations/raw_client.py:976: error: Argument "type_" to "parse_obj_as" has incompatible type "<typing special form>"; expected "type[Never]"  [arg-type]
src/probe/magic_cloud_networking_cloud_integrations/raw_client.py:987: error: Argument "type_" to "parse_obj_as" has incompatible type "<typing special form>"; expected "type[Never]"  [arg-type]
src/probe/magic_cloud_networking_cloud_integrations/raw_client.py:998: error: Argument "type_" to "parse_obj_as" has incompatible type "<typing special form>"; expected "type[Never]"  [arg-type]
src/probe/magic_cloud_networking_cloud_integrations/raw_client.py:1009: error: Argument "type_" to "parse_obj_as" has incompatible type "<typing special form>"; expected "type[Never]"  [arg-type]
src/probe/magic_cloud_networking_cloud_integrations/raw_client.py:1020: error: Argument "type_" to "parse_obj_as" has incompatible type "<typing special form>"; expected "type[Never]"  [arg-type]
src/probe/magic_cloud_networking_cloud_integrations/raw_client.py:1073: error: Argument "type_" to "parse_obj_as" has incompatible type "<typing special form>"; expected "type[Never]"  [arg-type]
src/probe/magic_cloud_networking_cloud_integrations/raw_client.py:1084: error: Argument "type_" to "parse_obj_as" has incompatible type "<typing special form>"; expected "type[Never]"  [arg-type]
src/probe/magic_cloud_networking_cloud_integrations/raw_client.py:1095: error: Argument "type_" to "parse_obj_as" has incompatible type "<typing special form>"; expected "type[Never]"  [arg-type]
src/probe/magic_cloud_networking_cloud_integrations/raw_client.py:1106: error: Argument "type_" to "parse_obj_as" has incompatible type "<typing special form>"; expected "type[Never]"  [arg-type]
src/probe/magic_cloud_networking_cloud_integrations/raw_client.py:1117: error: Argument "type_" to "parse_obj_as" has incompatible type "<typing special form>"; expected "type[Never]"  [arg-type]
src/probe/magic_cloud_networking_cloud_integrations/raw_client.py:1197: error: Argument "type_" to "parse_obj_as" has incompatible type "<typing special form>"; expected "type[Never]"  [arg-type]
src/probe/magic_cloud_networking_cloud_integrations/raw_client.py:1208: error: Argument "type_" to "parse_obj_as" has incompatible type "<typing special form>"; expected "type[Never]"  [arg-type]
src/probe/magic_cloud_networking_cloud_integrations/raw_client.py:1219: error: Argument "type_" to "parse_obj_as" has incompatible type "<typing special form>"; expected "type[Never]"  [arg-type]
src/probe/magic_cloud_networking_cloud_integrations/raw_client.py:1230: error: Argument "type_" to "parse_obj_as" has incompatible type "<typing special form>"; expected "type[Never]"  [arg-type]
src/probe/magic_cloud_networking_cloud_integrations/raw_client.py:1308: error: Argument "type_" to "parse_obj_as" has incompatible type "<typing special form>"; expected "type[Never]"  [arg-type]
src/probe/magic_cloud_networking_cloud_integrations/raw_client.py:1319: error: Argument "type_" to "parse_obj_as" has incompatible type "<typing special form>"; expected "type[Never]"  [arg-type]
src/probe/magic_cloud_networking_cloud_integrations/raw_client.py:1330: error: Argument "type_" to "parse_obj_as" has incompatible type "<typing special form>"; expected "type[Never]"  [arg-type]
src/probe/magic_cloud_networking_cloud_integrations/raw_client.py:1341: error: Argument "type_" to "parse_obj_as" has incompatible type "<typing special form>"; expected "type[Never]"  [arg-type]
src/probe/magic_cloud_networking_cloud_integrations/raw_client.py:1352: error: Argument "type_" to "parse_obj_as" has incompatible type "<typing special form>"; expected "type[Never]"  [arg-type]
src/probe/magic_cloud_networking_cloud_integrations/raw_client.py:1363: error: Argument "type_" to "parse_obj_as" has incompatible type "<typing special form>"; expected "type[Never]"  [arg-type]
src/probe/magic_cloud_networking_cloud_integrations/raw_client.py:1428: error: Argument "type_" to "parse_obj_as" has incompatible type "<typing special form>"; expected "type[Never]"  [arg-type]
src/probe/magic_cloud_networking_cloud_integrations/raw_client.py:1439: error: Argument "type_" to "parse_obj_as" has incompatible type "<typing special form>"; expected "type[Never]"  [arg-type]
src/probe/magic_cloud_networking_cloud_integrations/raw_client.py:1450: error: Argument "type_" to "parse_obj_as" has incompatible type "<typing special form>"; expected "type[Never]"  [arg-type]
src/probe/magic_cloud_networking_cloud_integrations/raw_client.py:1461: error: Argument "type_" to "parse_obj_as" has incompatible type "<typing special form>"; expected "type[Never]"  [arg-type]
src/probe/magic_cloud_networking_cloud_integrations/raw_client.py:1472: error: Argument "type_" to "parse_obj_as" has incompatible type "<typing special form>"; expected "type[Never]"  [arg-type]
src/probe/magic_cloud_networking_cloud_integrations/raw_client.py:1565: error: Argument "type_" to "parse_obj_as" has incompatible type "<typing special form>"; expected "type[Never]"  [arg-type]
src/probe/magic_cloud_networking_cloud_integrations/raw_client.py:1576: error: Argument "type_" to "parse_obj_as" has incompatible type "<typing special form>"; expected "type[Never]"  [arg-type]
src/probe/magic_cloud_networking_cloud_integrations/raw_client.py:1587: error: Argument "type_" to "parse_obj_as" has incompatible type "<typing special form>"; expected "type[Never]"  [arg-type]
src/probe/magic_cloud_networking_cloud_integrations/raw_client.py:1598: error: Argument "type_" to "parse_obj_as" has incompatible type "<typing special form>"; expected "type[Never]"  [arg-type]
src/probe/magic_cloud_networking_cloud_integrations/raw_client.py:1609: error: Argument "type_" to "parse_obj_as" has incompatible type "<typing special form>"; expected "type[Never]"  [arg-type]
src/probe/magic_cloud_networking_cloud_integrations/raw_client.py:1620: error: Argument "type_" to "parse_obj_as" has incompatible type "<typing special form>"; expected "type[Never]"  [arg-type]
src/probe/magic_cloud_networking_cloud_integrations/raw_client.py:1631: error: Argument "type_" to "parse_obj_as" has incompatible type "<typing special form>"; expected "type[Never]"  [arg-type]
src/probe/magic_cloud_networking_cloud_integrations/raw_client.py:1690: error: Argument "type_" to "parse_obj_as" has incompatible type "<typing special form>"; expected "type[Never]"  [arg-type]
src/probe/magic_cloud_networking_cloud_integrations/raw_client.py:1701: error: Argument "type_" to "parse_obj_as" has incompatible type "<typing special form>"; expected "type[Never]"  [arg-type]
src/probe/magic_cloud_networking_cloud_integrations/raw_client.py:1712: error: Argument "type_" to "parse_obj_as" has incompatible type "<typing special form>"; expected "type[Never]"  [arg-type]
src/probe/magic_cloud_networking_cloud_integrations/raw_client.py:1723: error: Argument "type_" to "parse_obj_as" has incompatible type "<typing special form>"; expected "type[Never]"  [arg-type]
src/probe/magic_cloud_networking_cloud_integrations/raw_client.py:1734: error: Argument "type_" to "parse_obj_as" has incompatible type "<typing special form>"; expected "type[Never]"  [arg-type]
src/probe/magic_cloud_networking_cloud_integrations/raw_client.py:1827: error: Argument "type_" to "parse_obj_as" has incompatible type "<typing special form>"; expected "type[Never]"  [arg-type]
src/probe/magic_cloud_networking_cloud_integrations/raw_client.py:1838: error: Argument "type_" to "parse_obj_as" has incompatible type "<typing special form>"; expected "type[Never]"  [arg-type]
src/probe/magic_cloud_networking_cloud_integrations/raw_client.py:1849: error: Argument "type_" to "parse_obj_as" has incompatible type "<typing special form>"; expected "type[Never]"  [arg-type]
src/probe/magic_cloud_networking_cloud_integrations/raw_client.py:1860: error: Argument "type_" to "parse_obj_as" has incompatible type "<typing special form>"; expected "type[Never]"  [arg-type]
src/probe/magic_cloud_networking_cloud_integrations/raw_client.py:1871: error: Argument "type_" to "parse_obj_as" has incompatible type "<typing special form>"; expected "type[Never]"  [arg-type]
src/probe/magic_cloud_networking_cloud_integrations/raw_client.py:1882: error: Argument "type_" to "parse_obj_as" has incompatible type "<typing special form>"; expected "type[Never]"  [arg-type]
src/probe/magic_cloud_networking_cloud_integrations/raw_client.py:1893: error: Argument "type_" to "parse_obj_as" has incompatible type "<typing special form>"; expected "type[Never]"  [arg-type]
src/probe/magic_cloud_networking_cloud_integrations/raw_client.py:1958: error: Argument "type_" to "parse_obj_as" has incompatible type "<typing special form>"; expected "type[Never]"  [arg-type]
src/probe/magic_cloud_networking_cloud_integrations/raw_client.py:1969: error: Argument "type_" to "parse_obj_as" has incompatible type "<typing special form>"; expected "type[Never]"  [arg-type]
src/probe/magic_cloud_networking_cloud_integrations/raw_client.py:1980: error: Argument "type_" to "parse_obj_as" has incompatible type "<typing special form>"; expected "type[Never]"  [arg-type]
src/probe/magic_cloud_networking_cloud_integrations/raw_client.py:1991: error: Argument "type_" to "parse_obj_as" has incompatible type "<typing special form>"; expected "type[Never]"  [arg-type]
src/probe/magic_cloud_networking_cloud_integrations/raw_client.py:2002: error: Argument "type_" to "parse_obj_as" has incompatible type "<typing special form>"; expected "type[Never]"  [arg-type]
src/probe/magic_cloud_networking_cloud_integrations/raw_client.py:2013: error: Argument "type_" to "parse_obj_as" has incompatible type "<typing special form>"; expected "type[Never]"  [arg-type]
src/probe/magic_cloud_networking_cloud_integrations/raw_client.py:2072: error: Argument "type_" to "parse_obj_as" has incompatible type "<typing special form>"; expected "type[Never]"  [arg-type]
src/probe/magic_cloud_networking_cloud_integrations/raw_client.py:2083: error: Argument "type_" to "parse_obj_as" has incompatible type "<typing special form>"; expected "type[Never]"  [arg-type]
src/probe/magic_cloud_networking_cloud_integrations/raw_client.py:2094: error: Argument "type_" to "parse_obj_as" has incompatible type "<typing special form>"; expected "type[Never]"  [arg-type]
src/probe/magic_cloud_networking_cloud_integrations/raw_client.py:2105: error: Argument "type_" to "parse_obj_as" has incompatible type "<typing special form>"; expected "type[Never]"  [arg-type]
src/probe/magic_cloud_networking_cloud_integrations/raw_client.py:2116: error: Argument "type_" to "parse_obj_as" has incompatible type "<typing special form>"; expected "type[Never]"  [arg-type]
src/probe/magic_cloud_networking_cloud_integrations/raw_client.py:2169: error: Argument "type_" to "parse_obj_as" has incompatible type "<typing special form>"; expected "type[Never]"  [arg-type]
src/probe/magic_cloud_networking_cloud_integrations/raw_client.py:2180: error: Argument "type_" to "parse_obj_as" has incompatible type "<typing special form>"; expected "type[Never]"  [arg-type]
src/probe/magic_cloud_networking_cloud_integrations/raw_client.py:2191: error: Argument "type_" to "parse_obj_as" has incompatible type "<typing special form>"; expected "type[Never]"  [arg-type]
src/probe/magic_cloud_networking_cloud_integrations/raw_client.py:2202: error: Argument "type_" to "parse_obj_as" has incompatible type "<typing special form>"; expected "type[Never]"  [arg-type]
src/probe/magic_cloud_networking_cloud_integrations/raw_client.py:2213: error: Argument "type_" to "parse_obj_as" has incompatible type "<typing special form>"; expected "type[Never]"  [arg-type]
src/probe/firewall_waf_packages/raw_client.py:92: error: Argument "type_" to "parse_obj_as" has incompatible type "<typing special form>"; expected "type[Never]"  [arg-type]
src/probe/firewall_waf_packages/raw_client.py:142: error: Argument "type_" to "parse_obj_as" has incompatible type "<typing special form>"; expected "type[Never]"  [arg-type]
src/probe/firewall_waf_packages/raw_client.py:284: error: Argument "type_" to "parse_obj_as" has incompatible type "<typing special form>"; expected "type[Never]"  [arg-type]
src/probe/firewall_waf_packages/raw_client.py:334: error: Argument "type_" to "parse_obj_as" has incompatible type "<typing special form>"; expected "type[Never]"  [arg-type]
src/probe/email_sending_subdomains_dns/raw_client.py:121: error: Argument "type_" to "parse_obj_as" has incompatible type "<typing special form>"; expected "type[Never]"  [arg-type]
src/probe/email_sending_subdomains_dns/raw_client.py:132: error: Argument "type_" to "parse_obj_as" has incompatible type "<typing special form>"; expected "type[Never]"  [arg-type]
src/probe/email_sending_subdomains_dns/raw_client.py:143: error: Argument "type_" to "parse_obj_as" has incompatible type "<typing special form>"; expected "type[Never]"  [arg-type]
src/probe/email_sending_subdomains_dns/raw_client.py:154: error: Argument "type_" to "parse_obj_as" has incompatible type "<typing special form>"; expected "type[Never]"  [arg-type]
src/probe/email_sending_subdomains_dns/raw_client.py:213: error: Argument "type_" to "parse_obj_as" has incompatible type "<typing special form>"; expected "type[Never]"  [arg-type]
src/probe/email_sending_subdomains_dns/raw_client.py:224: error: Argument "type_" to "parse_obj_as" has incompatible type "<typing special form>"; expected "type[Never]"  [arg-type]
src/probe/email_sending_subdomains_dns/raw_client.py:336: error: Argument "type_" to "parse_obj_as" has incompatible type "<typing special form>"; expected "type[Never]"  [arg-type]
src/probe/email_sending_subdomains_dns/raw_client.py:347: error: Argument "type_" to "parse_obj_as" has incompatible type "<typing special form>"; expected "type[Never]"  [arg-type]
src/probe/email_sending_subdomains_dns/raw_client.py:358: error: Argument "type_" to "parse_obj_as" has incompatible type "<typing special form>"; expected "type[Never]"  [arg-type]
src/probe/email_sending_subdomains_dns/raw_client.py:369: error: Argument "type_" to "parse_obj_as" has incompatible type "<typing special form>"; expected "type[Never]"  [arg-type]
src/probe/email_sending_subdomains_dns/raw_client.py:428: error: Argument "type_" to "parse_obj_as" has incompatible type "<typing special form>"; expected "type[Never]"  [arg-type]
src/probe/email_sending_subdomains_dns/raw_client.py:439: error: Argument "type_" to "parse_obj_as" has incompatible type "<typing special form>"; expected "type[Never]"  [arg-type]
src/probe/email_sending_subdomains/raw_client.py:123: error: Argument "type_" to "parse_obj_as" has incompatible type "<typing special form>"; expected "type[Never]"  [arg-type]
src/probe/email_sending_subdomains/raw_client.py:340: error: Argument "type_" to "parse_obj_as" has incompatible type "<typing special form>"; expected "type[Never]"  [arg-type]
src/probe/email_sending_subdomains/raw_client.py:450: error: Argument "type_" to "parse_obj_as" has incompatible type "<typing special form>"; expected "type[Never]"  [arg-type]
src/probe/email_sending_subdomains/raw_client.py:667: error: Argument "type_" to "parse_obj_as" has incompatible type "<typing special form>"; expected "type[Never]"  [arg-type]
src/probe/email_routing_rules_catch_alls/raw_client.py:152: error: Argument "type_" to "parse_obj_as" has incompatible type "<typing special form>"; expected "type[Never]"  [arg-type]
src/probe/email_routing_rules_catch_alls/raw_client.py:163: error: Argument "type_" to "parse_obj_as" has incompatible type "<typing special form>"; expected "type[Never]"  [arg-type]
src/probe/email_routing_rules_catch_alls/raw_client.py:300: error: Argument "type_" to "parse_obj_as" has incompatible type "<typing special form>"; expected "type[Never]"  [arg-type]
src/probe/email_routing_rules_catch_alls/raw_client.py:311: error: Argument "type_" to "parse_obj_as" has incompatible type "<typing special form>"; expected "type[Never]"  [arg-type]
src/probe/containers_applications_instances/raw_client.py:86: error: Argument "type_" to "parse_obj_as" has incompatible type "<typing special form>"; expected "type[Never]"  [arg-type]
src/probe/containers_applications_instances/raw_client.py:97: error: Argument "type_" to "parse_obj_as" has incompatible type "<typing special form>"; expected "type[Never]"  [arg-type]
src/probe/containers_applications_instances/raw_client.py:108: error: Argument "type_" to "parse_obj_as" has incompatible type "<typing special form>"; expected "type[Never]"  [arg-type]
src/probe/containers_applications_instances/raw_client.py:119: error: Argument "type_" to "parse_obj_as" has incompatible type "<typing special form>"; expected "type[Never]"  [arg-type]
src/probe/containers_applications_instances/raw_client.py:182: error: Argument "type_" to "parse_obj_as" has incompatible type "<typing special form>"; expected "type[Never]"  [arg-type]
src/probe/containers_applications_instances/raw_client.py:193: error: Argument "type_" to "parse_obj_as" has incompatible type "<typing special form>"; expected "type[Never]"  [arg-type]
src/probe/containers_applications_instances/raw_client.py:204: error: Argument "type_" to "parse_obj_as" has incompatible type "<typing special form>"; expected "type[Never]"  [arg-type]
src/probe/containers_applications_instances/raw_client.py:215: error: Argument "type_" to "parse_obj_as" has incompatible type "<typing special form>"; expected "type[Never]"  [arg-type]
src/probe/containers_applications_instances/raw_client.py:292: error: Argument "type_" to "parse_obj_as" has incompatible type "<typing special form>"; expected "type[Never]"  [arg-type]
src/probe/containers_applications_instances/raw_client.py:303: error: Argument "type_" to "parse_obj_as" has incompatible type "<typing special form>"; expected "type[Never]"  [arg-type]
src/probe/containers_applications_instances/raw_client.py:314: error: Argument "type_" to "parse_obj_as" has incompatible type "<typing special form>"; expected "type[Never]"  [arg-type]
src/probe/containers_applications_instances/raw_client.py:325: error: Argument "type_" to "parse_obj_as" has incompatible type "<typing special form>"; expected "type[Never]"  [arg-type]
src/probe/containers_applications_instances/raw_client.py:388: error: Argument "type_" to "parse_obj_as" has incompatible type "<typing special form>"; expected "type[Never]"  [arg-type]
src/probe/containers_applications_instances/raw_client.py:399: error: Argument "type_" to "parse_obj_as" has incompatible type "<typing special form>"; expected "type[Never]"  [arg-type]
src/probe/containers_applications_instances/raw_client.py:410: error: Argument "type_" to "parse_obj_as" has incompatible type "<typing special form>"; expected "type[Never]"  [arg-type]
src/probe/containers_applications_instances/raw_client.py:421: error: Argument "type_" to "parse_obj_as" has incompatible type "<typing special form>"; expected "type[Never]"  [arg-type]
src/probe/cloudforce_one_rules_email/raw_client.py:109: error: Argument "type_" to "parse_obj_as" has incompatible type "<typing special form>"; expected "type[Never]"  [arg-type]
src/probe/cloudforce_one_rules_email/raw_client.py:204: error: Argument "type_" to "parse_obj_as" has incompatible type "<typing special form>"; expected "type[Never]"  [arg-type]
src/probe/cloudforce_one_rules_email/raw_client.py:215: error: Argument "type_" to "parse_obj_as" has incompatible type "<typing special form>"; expected "type[Never]"  [arg-type]
src/probe/cloudforce_one_rules_email/raw_client.py:272: error: Argument "type_" to "parse_obj_as" has incompatible type "<typing special form>"; expected "type[Never]"  [arg-type]
src/probe/cloudforce_one_rules_email/raw_client.py:283: error: Argument "type_" to "parse_obj_as" has incompatible type "<typing special form>"; expected "type[Never]"  [arg-type]
src/probe/cloudforce_one_rules_email/raw_client.py:382: error: Argument "type_" to "parse_obj_as" has incompatible type "<typing special form>"; expected "type[Never]"  [arg-type]
src/probe/cloudforce_one_rules_email/raw_client.py:393: error: Argument "type_" to "parse_obj_as" has incompatible type "<typing special form>"; expected "type[Never]"  [arg-type]
src/probe/cloudforce_one_rules_email/raw_client.py:404: error: Argument "type_" to "parse_obj_as" has incompatible type "<typing special form>"; expected "type[Never]"  [arg-type]
src/probe/cloudforce_one_rules_email/raw_client.py:415: error: Argument "type_" to "parse_obj_as" has incompatible type "<typing special form>"; expected "type[Never]"  [arg-type]
src/probe/cloudforce_one_rules_email/raw_client.py:472: error: Argument "type_" to "parse_obj_as" has incompatible type "<typing special form>"; expected "type[Never]"  [arg-type]
src/probe/cloudforce_one_rules_email/raw_client.py:483: error: Argument "type_" to "parse_obj_as" has incompatible type "<typing special form>"; expected "type[Never]"  [arg-type]
src/probe/cloudforce_one_rules_email/raw_client.py:494: error: Argument "type_" to "parse_obj_as" has incompatible type "<typing special form>"; expected "type[Never]"  [arg-type]
src/probe/cloudforce_one_rules_email/raw_client.py:505: error: Argument "type_" to "parse_obj_as" has incompatible type "<typing special form>"; expected "type[Never]"  [arg-type]
src/probe/cloudforce_one_rules_email/raw_client.py:571: error: Argument "type_" to "parse_obj_as" has incompatible type "<typing special form>"; expected "type[Never]"  [arg-type]
src/probe/cloudforce_one_rules_email/raw_client.py:582: error: Argument "type_" to "parse_obj_as" has incompatible type "<typing special form>"; expected "type[Never]"  [arg-type]
src/probe/cloudforce_one_rules_email/raw_client.py:688: error: Argument "type_" to "parse_obj_as" has incompatible type "<typing special form>"; expected "type[Never]"  [arg-type]
src/probe/cloudforce_one_rules_email/raw_client.py:699: error: Argument "type_" to "parse_obj_as" has incompatible type "<typing special form>"; expected "type[Never]"  [arg-type]
src/probe/cloudforce_one_rules_email/raw_client.py:710: error: Argument "type_" to "parse_obj_as" has incompatible type "<typing special form>"; expected "type[Never]"  [arg-type]
src/probe/cloudforce_one_rules_email/raw_client.py:721: error: Argument "type_" to "parse_obj_as" has incompatible type "<typing special form>"; expected "type[Never]"  [arg-type]
src/probe/cloudforce_one_rules_email/raw_client.py:821: error: Argument "type_" to "parse_obj_as" has incompatible type "<typing special form>"; expected "type[Never]"  [arg-type]
src/probe/cloudforce_one_rules_email/raw_client.py:897: error: Argument "type_" to "parse_obj_as" has incompatible type "<typing special form>"; expected "type[Never]"  [arg-type]
src/probe/cloudforce_one_rules_email/raw_client.py:992: error: Argument "type_" to "parse_obj_as" has incompatible type "<typing special form>"; expected "type[Never]"  [arg-type]
src/probe/cloudforce_one_rules_email/raw_client.py:1003: error: Argument "type_" to "parse_obj_as" has incompatible type "<typing special form>"; expected "type[Never]"  [arg-type]
src/probe/cloudforce_one_rules_email/raw_client.py:1060: error: Argument "type_" to "parse_obj_as" has incompatible type "<typing special form>"; expected "type[Never]"  [arg-type]
src/probe/cloudforce_one_rules_email/raw_client.py:1071: error: Argument "type_" to "parse_obj_as" has incompatible type "<typing special form>"; expected "type[Never]"  [arg-type]
src/probe/cloudforce_one_rules_email/raw_client.py:1170: error: Argument "type_" to "parse_obj_as" has incompatible type "<typing special form>"; expected "type[Never]"  [arg-type]
src/probe/cloudforce_one_rules_email/raw_client.py:1181: error: Argument "type_" to "parse_obj_as" has incompatible type "<typing special form>"; expected "type[Never]"  [arg-type]
src/probe/cloudforce_one_rules_email/raw_client.py:1192: error: Argument "type_" to "parse_obj_as" has incompatible type "<typing special form>"; expected "type[Never]"  [arg-type]
src/probe/cloudforce_one_rules_email/raw_client.py:1203: error: Argument "type_" to "parse_obj_as" has incompatible type "<typing special form>"; expected "type[Never]"  [arg-type]
src/probe/cloudforce_one_rules_email/raw_client.py:1260: error: Argument "type_" to "parse_obj_as" has incompatible type "<typing special form>"; expected "type[Never]"  [arg-type]
src/probe/cloudforce_one_rules_email/raw_client.py:1271: error: Argument "type_" to "parse_obj_as" has incompatible type "<typing special form>"; expected "type[Never]"  [arg-type]
src/probe/cloudforce_one_rules_email/raw_client.py:1282: error: Argument "type_" to "parse_obj_as" has incompatible type "<typing special form>"; expected "type[Never]"  [arg-type]
src/probe/cloudforce_one_rules_email/raw_client.py:1293: error: Argument "type_" to "parse_obj_as" has incompatible type "<typing special form>"; expected "type[Never]"  [arg-type]
src/probe/cloudforce_one_rules_email/raw_client.py:1359: error: Argument "type_" to "parse_obj_as" has incompatible type "<typing special form>"; expected "type[Never]"  [arg-type]
src/probe/cloudforce_one_rules_email/raw_client.py:1370: error: Argument "type_" to "parse_obj_as" has incompatible type "<typing special form>"; expected "type[Never]"  [arg-type]
src/probe/cloudforce_one_rules_email/raw_client.py:1476: error: Argument "type_" to "parse_obj_as" has incompatible type "<typing special form>"; expected "type[Never]"  [arg-type]
src/probe/cloudforce_one_rules_email/raw_client.py:1487: error: Argument "type_" to "parse_obj_as" has incompatible type "<typing special form>"; expected "type[Never]"  [arg-type]
src/probe/cloudforce_one_rules_email/raw_client.py:1498: error: Argument "type_" to "parse_obj_as" has incompatible type "<typing special form>"; expected "type[Never]"  [arg-type]
src/probe/cloudforce_one_rules_email/raw_client.py:1509: error: Argument "type_" to "parse_obj_as" has incompatible type "<typing special form>"; expected "type[Never]"  [arg-type]
src/probe/cloudforce_one_rules_email/raw_client.py:1609: error: Argument "type_" to "parse_obj_as" has incompatible type "<typing special form>"; expected "type[Never]"  [arg-type]
src/probe/cloudforce_one_rules_approvals/raw_client.py:126: error: Argument "type_" to "parse_obj_as" has incompatible type "<typing special form>"; expected "type[Never]"  [arg-type]
src/probe/cloudforce_one_rules_approvals/raw_client.py:137: error: Argument "type_" to "parse_obj_as" has incompatible type "<typing special form>"; expected "type[Never]"  [arg-type]
src/probe/cloudforce_one_rules_approvals/raw_client.py:194: error: Argument "type_" to "parse_obj_as" has incompatible type "<typing special form>"; expected "type[Never]"  [arg-type]
src/probe/cloudforce_one_rules_approvals/raw_client.py:205: error: Argument "type_" to "parse_obj_as" has incompatible type "<typing special form>"; expected "type[Never]"  [arg-type]
src/probe/cloudforce_one_rules_approvals/raw_client.py:216: error: Argument "type_" to "parse_obj_as" has incompatible type "<typing special form>"; expected "type[Never]"  [arg-type]
src/probe/cloudforce_one_rules_approvals/raw_client.py:273: error: Argument "type_" to "parse_obj_as" has incompatible type "<typing special form>"; expected "type[Never]"  [arg-type]
src/probe/cloudforce_one_rules_approvals/raw_client.py:284: error: Argument "type_" to "parse_obj_as" has incompatible type "<typing special form>"; expected "type[Never]"  [arg-type]
src/probe/cloudforce_one_rules_approvals/raw_client.py:295: error: Argument "type_" to "parse_obj_as" has incompatible type "<typing special form>"; expected "type[Never]"  [arg-type]
src/probe/cloudforce_one_rules_approvals/raw_client.py:386: error: Argument "type_" to "parse_obj_as" has incompatible type "<typing special form>"; expected "type[Never]"  [arg-type]
src/probe/cloudforce_one_rules_approvals/raw_client.py:397: error: Argument "type_" to "parse_obj_as" has incompatible type "<typing special form>"; expected "type[Never]"  [arg-type]
src/probe/cloudforce_one_rules_approvals/raw_client.py:408: error: Argument "type_" to "parse_obj_as" has incompatible type "<typing special form>"; expected "type[Never]"  [arg-type]
src/probe/cloudforce_one_rules_approvals/raw_client.py:419: error: Argument "type_" to "parse_obj_as" has incompatible type "<typing special form>"; expected "type[Never]"  [arg-type]
src/probe/cloudforce_one_rules_approvals/raw_client.py:521: error: Argument "type_" to "parse_obj_as" has incompatible type "<typing special form>"; expected "type[Never]"  [arg-type]
src/probe/cloudforce_one_rules_approvals/raw_client.py:532: error: Argument "type_" to "parse_obj_as" has incompatible type "<typing special form>"; expected "type[Never]"  [arg-type]
src/probe/cloudforce_one_rules_approvals/raw_client.py:589: error: Argument "type_" to "parse_obj_as" has incompatible type "<typing special form>"; expected "type[Never]"  [arg-type]
src/probe/cloudforce_one_rules_approvals/raw_client.py:600: error: Argument "type_" to "parse_obj_as" has incompatible type "<typing special form>"; expected "type[Never]"  [arg-type]
src/probe/cloudforce_one_rules_approvals/raw_client.py:611: error: Argument "type_" to "parse_obj_as" has incompatible type "<typing special form>"; expected "type[Never]"  [arg-type]
src/probe/cloudforce_one_rules_approvals/raw_client.py:668: error: Argument "type_" to "parse_obj_as" has incompatible type "<typing special form>"; expected "type[Never]"  [arg-type]
src/probe/cloudforce_one_rules_approvals/raw_client.py:679: error: Argument "type_" to "parse_obj_as" has incompatible type "<typing special form>"; expected "type[Never]"  [arg-type]
src/probe/cloudforce_one_rules_approvals/raw_client.py:690: error: Argument "type_" to "parse_obj_as" has incompatible type "<typing special form>"; expected "type[Never]"  [arg-type]
src/probe/cloudforce_one_rules_approvals/raw_client.py:781: error: Argument "type_" to "parse_obj_as" has incompatible type "<typing special form>"; expected "type[Never]"  [arg-type]
src/probe/cloudforce_one_rules_approvals/raw_client.py:792: error: Argument "type_" to "parse_obj_as" has incompatible type "<typing special form>"; expected "type[Never]"  [arg-type]
src/probe/cloudforce_one_rules_approvals/raw_client.py:803: error: Argument "type_" to "parse_obj_as" has incompatible type "<typing special form>"; expected "type[Never]"  [arg-type]
src/probe/cloudforce_one_rules_approvals/raw_client.py:814: error: Argument "type_" to "parse_obj_as" has incompatible type "<typing special form>"; expected "type[Never]"  [arg-type]
src/probe/cloudforce_one_rules/raw_client.py:121: error: Argument "type_" to "parse_obj_as" has incompatible type "<typing special form>"; expected "type[Never]"  [arg-type]
src/probe/cloudforce_one_rules/raw_client.py:234: error: Argument "type_" to "parse_obj_as" has incompatible type "<typing special form>"; expected "type[Never]"  [arg-type]
src/probe/cloudforce_one_rules/raw_client.py:245: error: Argument "type_" to "parse_obj_as" has incompatible type "<typing special form>"; expected "type[Never]"  [arg-type]
src/probe/cloudforce_one_rules/raw_client.py:299: error: Argument "type_" to "parse_obj_as" has incompatible type "<typing special form>"; expected "type[Never]"  [arg-type]
src/probe/cloudforce_one_rules/raw_client.py:310: error: Argument "type_" to "parse_obj_as" has incompatible type "<typing special form>"; expected "type[Never]"  [arg-type]
src/probe/cloudforce_one_rules/raw_client.py:367: error: Argument "type_" to "parse_obj_as" has incompatible type "<typing special form>"; expected "type[Never]"  [arg-type]
src/probe/cloudforce_one_rules/raw_client.py:378: error: Argument "type_" to "parse_obj_as" has incompatible type "<typing special form>"; expected "type[Never]"  [arg-type]
src/probe/cloudforce_one_rules/raw_client.py:489: error: Argument "type_" to "parse_obj_as" has incompatible type "<typing special form>"; expected "type[Never]"  [arg-type]
src/probe/cloudforce_one_rules/raw_client.py:500: error: Argument "type_" to "parse_obj_as" has incompatible type "<typing special form>"; expected "type[Never]"  [arg-type]
src/probe/cloudforce_one_rules/raw_client.py:511: error: Argument "type_" to "parse_obj_as" has incompatible type "<typing special form>"; expected "type[Never]"  [arg-type]
src/probe/cloudforce_one_rules/raw_client.py:583: error: Argument "type_" to "parse_obj_as" has incompatible type "<typing special form>"; expected "type[Never]"  [arg-type]
src/probe/cloudforce_one_rules/raw_client.py:594: error: Argument "type_" to "parse_obj_as" has incompatible type "<typing special form>"; expected "type[Never]"  [arg-type]
src/probe/cloudforce_one_rules/raw_client.py:605: error: Argument "type_" to "parse_obj_as" has incompatible type "<typing special form>"; expected "type[Never]"  [arg-type]
src/probe/cloudforce_one_rules/raw_client.py:616: error: Argument "type_" to "parse_obj_as" has incompatible type "<typing special form>"; expected "type[Never]"  [arg-type]
src/probe/cloudforce_one_rules/raw_client.py:722: error: Argument "type_" to "parse_obj_as" has incompatible type "<typing special form>"; expected "type[Never]"  [arg-type]
src/probe/cloudforce_one_rules/raw_client.py:733: error: Argument "type_" to "parse_obj_as" has incompatible type "<typing special form>"; expected "type[Never]"  [arg-type]
src/probe/cloudforce_one_rules/raw_client.py:816: error: Argument "type_" to "parse_obj_as" has incompatible type "<typing special form>"; expected "type[Never]"  [arg-type]
src/probe/cloudforce_one_rules/raw_client.py:912: error: Argument "type_" to "parse_obj_as" has incompatible type "<typing special form>"; expected "type[Never]"  [arg-type]
src/probe/cloudforce_one_rules/raw_client.py:1025: error: Argument "type_" to "parse_obj_as" has incompatible type "<typing special form>"; expected "type[Never]"  [arg-type]
src/probe/cloudforce_one_rules/raw_client.py:1036: error: Argument "type_" to "parse_obj_as" has incompatible type "<typing special form>"; expected "type[Never]"  [arg-type]
src/probe/cloudforce_one_rules/raw_client.py:1090: error: Argument "type_" to "parse_obj_as" has incompatible type "<typing special form>"; expected "type[Never]"  [arg-type]
src/probe/cloudforce_one_rules/raw_client.py:1101: error: Argument "type_" to "parse_obj_as" has incompatible type "<typing special form>"; expected "type[Never]"  [arg-type]
src/probe/cloudforce_one_rules/raw_client.py:1158: error: Argument "type_" to "parse_obj_as" has incompatible type "<typing special form>"; expected "type[Never]"  [arg-type]
src/probe/cloudforce_one_rules/raw_client.py:1169: error: Argument "type_" to "parse_obj_as" has incompatible type "<typing special form>"; expected "type[Never]"  [arg-type]
src/probe/cloudforce_one_rules/raw_client.py:1280: error: Argument "type_" to "parse_obj_as" has incompatible type "<typing special form>"; expected "type[Never]"  [arg-type]
src/probe/cloudforce_one_rules/raw_client.py:1291: error: Argument "type_" to "parse_obj_as" has incompatible type "<typing special form>"; expected "type[Never]"  [arg-type]
src/probe/cloudforce_one_rules/raw_client.py:1302: error: Argument "type_" to "parse_obj_as" has incompatible type "<typing special form>"; expected "type[Never]"  [arg-type]
src/probe/cloudforce_one_rules/raw_client.py:1374: error: Argument "type_" to "parse_obj_as" has incompatible type "<typing special form>"; expected "type[Never]"  [arg-type]
src/probe/cloudforce_one_rules/raw_client.py:1385: error: Argument "type_" to "parse_obj_as" has incompatible type "<typing special form>"; expected "type[Never]"  [arg-type]
src/probe/cloudforce_one_rules/raw_client.py:1396: error: Argument "type_" to "parse_obj_as" has incompatible type "<typing special form>"; expected "type[Never]"  [arg-type]
src/probe/cloudforce_one_rules/raw_client.py:1407: error: Argument "type_" to "parse_obj_as" has incompatible type "<typing special form>"; expected "type[Never]"  [arg-type]
src/probe/cloudforce_one_rules/raw_client.py:1513: error: Argument "type_" to "parse_obj_as" has incompatible type "<typing special form>"; expected "type[Never]"  [arg-type]
src/probe/cloudforce_one_rules/raw_client.py:1524: error: Argument "type_" to "parse_obj_as" has incompatible type "<typing special form>"; expected "type[Never]"  [arg-type]
src/probe/cloudforce_one_rules/raw_client.py:1607: error: Argument "type_" to "parse_obj_as" has incompatible type "<typing special form>"; expected "type[Never]"  [arg-type]
src/probe/audit_logs/raw_client.py:106: error: Argument "type_" to "parse_obj_as" has incompatible type "<typing special form>"; expected "type[Never]"  [arg-type]
src/probe/audit_logs/raw_client.py:206: error: Argument "type_" to "parse_obj_as" has incompatible type "<typing special form>"; expected "type[Never]"  [arg-type]
src/probe/ai_search_namespace/raw_client.py:98: error: Argument "type_" to "parse_obj_as" has incompatible type "<typing special form>"; expected "type[Never]"  [arg-type]
src/probe/ai_search_namespace/raw_client.py:177: error: Argument "type_" to "parse_obj_as" has incompatible type "<typing special form>"; expected "type[Never]"  [arg-type]
src/probe/ai_search_namespace/raw_client.py:188: error: Argument "type_" to "parse_obj_as" has incompatible type "<typing special form>"; expected "type[Never]"  [arg-type]
src/probe/ai_search_namespace/raw_client.py:199: error: Argument "type_" to "parse_obj_as" has incompatible type "<typing special form>"; expected "type[Never]"  [arg-type]
src/probe/ai_search_namespace/raw_client.py:254: error: Argument "type_" to "parse_obj_as" has incompatible type "<typing special form>"; expected "type[Never]"  [arg-type]
src/probe/ai_search_namespace/raw_client.py:332: error: Argument "type_" to "parse_obj_as" has incompatible type "<typing special form>"; expected "type[Never]"  [arg-type]
src/probe/ai_search_namespace/raw_client.py:343: error: Argument "type_" to "parse_obj_as" has incompatible type "<typing special form>"; expected "type[Never]"  [arg-type]
src/probe/ai_search_namespace/raw_client.py:354: error: Argument "type_" to "parse_obj_as" has incompatible type "<typing special form>"; expected "type[Never]"  [arg-type]
src/probe/ai_search_namespace/raw_client.py:409: error: Argument "type_" to "parse_obj_as" has incompatible type "<typing special form>"; expected "type[Never]"  [arg-type]
src/probe/ai_search_namespace/raw_client.py:420: error: Argument "type_" to "parse_obj_as" has incompatible type "<typing special form>"; expected "type[Never]"  [arg-type]
src/probe/ai_search_namespace/raw_client.py:498: error: Argument "type_" to "parse_obj_as" has incompatible type "<typing special form>"; expected "type[Never]"  [arg-type]
src/probe/ai_search_namespace/raw_client.py:577: error: Argument "type_" to "parse_obj_as" has incompatible type "<typing special form>"; expected "type[Never]"  [arg-type]
src/probe/ai_search_namespace/raw_client.py:588: error: Argument "type_" to "parse_obj_as" has incompatible type "<typing special form>"; expected "type[Never]"  [arg-type]
src/probe/ai_search_namespace/raw_client.py:599: error: Argument "type_" to "parse_obj_as" has incompatible type "<typing special form>"; expected "type[Never]"  [arg-type]
src/probe/ai_search_namespace/raw_client.py:654: error: Argument "type_" to "parse_obj_as" has incompatible type "<typing special form>"; expected "type[Never]"  [arg-type]
src/probe/ai_search_namespace/raw_client.py:732: error: Argument "type_" to "parse_obj_as" has incompatible type "<typing special form>"; expected "type[Never]"  [arg-type]
src/probe/ai_search_namespace/raw_client.py:743: error: Argument "type_" to "parse_obj_as" has incompatible type "<typing special form>"; expected "type[Never]"  [arg-type]
src/probe/ai_search_namespace/raw_client.py:754: error: Argument "type_" to "parse_obj_as" has incompatible type "<typing special form>"; expected "type[Never]"  [arg-type]
src/probe/ai_search_namespace/raw_client.py:809: error: Argument "type_" to "parse_obj_as" has incompatible type "<typing special form>"; expected "type[Never]"  [arg-type]
src/probe/ai_search_namespace/raw_client.py:820: error: Argument "type_" to "parse_obj_as" has incompatible type "<typing special form>"; expected "type[Never]"  [arg-type]
src/probe/ai_gateway_evaluations/raw_client.py:96: error: Argument "type_" to "parse_obj_as" has incompatible type "<typing special form>"; expected "type[Never]"  [arg-type]
src/probe/ai_gateway_evaluations/raw_client.py:173: error: Argument "type_" to "parse_obj_as" has incompatible type "<typing special form>"; expected "type[Never]"  [arg-type]
src/probe/ai_gateway_evaluations/raw_client.py:230: error: Argument "type_" to "parse_obj_as" has incompatible type "<typing special form>"; expected "type[Never]"  [arg-type]
src/probe/ai_gateway_evaluations/raw_client.py:287: error: Argument "type_" to "parse_obj_as" has incompatible type "<typing special form>"; expected "type[Never]"  [arg-type]
src/probe/ai_gateway_evaluations/raw_client.py:373: error: Argument "type_" to "parse_obj_as" has incompatible type "<typing special form>"; expected "type[Never]"  [arg-type]
src/probe/ai_gateway_evaluations/raw_client.py:450: error: Argument "type_" to "parse_obj_as" has incompatible type "<typing special form>"; expected "type[Never]"  [arg-type]
src/probe/ai_gateway_evaluations/raw_client.py:507: error: Argument "type_" to "parse_obj_as" has incompatible type "<typing special form>"; expected "type[Never]"  [arg-type]
src/probe/ai_gateway_evaluations/raw_client.py:564: error: Argument "type_" to "parse_obj_as" has incompatible type "<typing special form>"; expected "type[Never]"  [arg-type]
src/probe/accounts_applications_get/raw_client.py:133: error: Argument "type_" to "parse_obj_as" has incompatible type "<typing special form>"; expected "type[Never]"  [arg-type]
src/probe/accounts_applications_get/raw_client.py:144: error: Argument "type_" to "parse_obj_as" has incompatible type "<typing special form>"; expected "type[Never]"  [arg-type]
src/probe/accounts_applications_get/raw_client.py:155: error: Argument "type_" to "parse_obj_as" has incompatible type "<typing special form>"; expected "type[Never]"  [arg-type]
src/probe/accounts_applications_get/raw_client.py:283: error: Argument "type_" to "parse_obj_as" has incompatible type "<typing special form>"; expected "type[Never]"  [arg-type]
src/probe/accounts_applications_get/raw_client.py:294: error: Argument "type_" to "parse_obj_as" has incompatible type "<typing special form>"; expected "type[Never]"  [arg-type]
src/probe/accounts_applications_get/raw_client.py:305: error: Argument "type_" to "parse_obj_as" has incompatible type "<typing special form>"; expected "type[Never]"  [arg-type]
src/probe/zero_trust_casb_applications/raw_client.py:87: error: Argument "type_" to "parse_obj_as" has incompatible type "<typing special form>"; expected "type[Never]"  [arg-type]
src/probe/zero_trust_casb_applications/raw_client.py:148: error: Argument "type_" to "parse_obj_as" has incompatible type "<typing special form>"; expected "type[Never]"  [arg-type]
src/probe/zero_trust_casb_applications/raw_client.py:227: error: Argument "type_" to "parse_obj_as" has incompatible type "<typing special form>"; expected "type[Never]"  [arg-type]
src/probe/zero_trust_casb_applications/raw_client.py:288: error: Argument "type_" to "parse_obj_as" has incompatible type "<typing special form>"; expected "type[Never]"  [arg-type]
src/probe/workers_builds/raw_client.py:66: error: Argument "type_" to "parse_obj_as" has incompatible type "<typing special form>"; expected "type[Never]"  [arg-type]
src/probe/workers_builds/raw_client.py:128: error: Argument "type_" to "parse_obj_as" has incompatible type "<typing special form>"; expected "type[Never]"  [arg-type]
src/probe/workers_builds/raw_client.py:190: error: Argument "type_" to "parse_obj_as" has incompatible type "<typing special form>"; expected "type[Never]"  [arg-type]
src/probe/workers_builds/raw_client.py:248: error: Argument "type_" to "parse_obj_as" has incompatible type "<typing special form>"; expected "type[Never]"  [arg-type]
src/probe/workers_builds/raw_client.py:310: error: Argument "type_" to "parse_obj_as" has incompatible type "<typing special form>"; expected "type[Never]"  [arg-type]
src/probe/workers_builds/raw_client.py:372: error: Argument "type_" to "parse_obj_as" has incompatible type "<typing special form>"; expected "type[Never]"  [arg-type]
src/probe/smart_shield/raw_client.py:80: error: Argument "type_" to "parse_obj_as" has incompatible type "<typing special form>"; expected "type[Never]"  [arg-type]
src/probe/smart_shield/raw_client.py:91: error: Argument "type_" to "parse_obj_as" has incompatible type "<typing special form>"; expected "type[Never]"  [arg-type]
src/probe/smart_shield/raw_client.py:185: error: Argument "type_" to "parse_obj_as" has incompatible type "<typing special form>"; expected "type[Never]"  [arg-type]
src/probe/smart_shield/raw_client.py:196: error: Argument "type_" to "parse_obj_as" has incompatible type "<typing special form>"; expected "type[Never]"  [arg-type]
src/probe/smart_shield/raw_client.py:254: error: Argument "type_" to "parse_obj_as" has incompatible type "<typing special form>"; expected "type[Never]"  [arg-type]
src/probe/smart_shield/raw_client.py:265: error: Argument "type_" to "parse_obj_as" has incompatible type "<typing special form>"; expected "type[Never]"  [arg-type]
src/probe/smart_shield/raw_client.py:359: error: Argument "type_" to "parse_obj_as" has incompatible type "<typing special form>"; expected "type[Never]"  [arg-type]
src/probe/smart_shield/raw_client.py:370: error: Argument "type_" to "parse_obj_as" has incompatible type "<typing special form>"; expected "type[Never]"  [arg-type]
src/probe/realtimekit_meetings/raw_client.py:274: error: Argument "type_" to "parse_obj_as" has incompatible type "<typing special form>"; expected "type[Never]"  [arg-type]
src/probe/realtimekit_meetings/raw_client.py:500: error: Argument "type_" to "parse_obj_as" has incompatible type "<typing special form>"; expected "type[Never]"  [arg-type]
src/probe/realtimekit_meetings/raw_client.py:755: error: Argument "type_" to "parse_obj_as" has incompatible type "<typing special form>"; expected "type[Never]"  [arg-type]
src/probe/realtimekit_meetings/raw_client.py:981: error: Argument "type_" to "parse_obj_as" has incompatible type "<typing special form>"; expected "type[Never]"  [arg-type]
src/probe/radar_verified_bots_top/raw_client.py:111: error: Argument "type_" to "parse_obj_as" has incompatible type "<typing special form>"; expected "type[Never]"  [arg-type]
src/probe/radar_verified_bots_top/raw_client.py:211: error: Argument "type_" to "parse_obj_as" has incompatible type "<typing special form>"; expected "type[Never]"  [arg-type]
src/probe/radar_verified_bots_top/raw_client.py:316: error: Argument "type_" to "parse_obj_as" has incompatible type "<typing special form>"; expected "type[Never]"  [arg-type]
src/probe/radar_verified_bots_top/raw_client.py:416: error: Argument "type_" to "parse_obj_as" has incompatible type "<typing special form>"; expected "type[Never]"  [arg-type]
src/probe/radar_tlds_performance/raw_client.py:130: error: Argument "type_" to "parse_obj_as" has incompatible type "<typing special form>"; expected "type[Never]"  [arg-type]
src/probe/radar_tlds_performance/raw_client.py:244: error: Argument "type_" to "parse_obj_as" has incompatible type "<typing special form>"; expected "type[Never]"  [arg-type]
src/probe/radar_tlds_performance/raw_client.py:358: error: Argument "type_" to "parse_obj_as" has incompatible type "<typing special form>"; expected "type[Never]"  [arg-type]
src/probe/radar_tlds_performance/raw_client.py:472: error: Argument "type_" to "parse_obj_as" has incompatible type "<typing special form>"; expected "type[Never]"  [arg-type]
src/probe/radar_tcp_resets_timeouts/raw_client.py:111: error: Argument "type_" to "parse_obj_as" has incompatible type "<typing special form>"; expected "type[Never]"  [arg-type]
src/probe/radar_tcp_resets_timeouts/raw_client.py:211: error: Argument "type_" to "parse_obj_as" has incompatible type "<typing special form>"; expected "type[Never]"  [arg-type]
src/probe/radar_tcp_resets_timeouts/raw_client.py:311: error: Argument "type_" to "parse_obj_as" has incompatible type "<typing special form>"; expected "type[Never]"  [arg-type]
src/probe/radar_tcp_resets_timeouts/raw_client.py:411: error: Argument "type_" to "parse_obj_as" has incompatible type "<typing special form>"; expected "type[Never]"  [arg-type]
src/probe/radar_robots_txt_top_user_agents/raw_client.py:107: error: Argument "type_" to "parse_obj_as" has incompatible type "<typing special form>"; expected "type[Never]"  [arg-type]
src/probe/radar_robots_txt_top_user_agents/raw_client.py:202: error: Argument "type_" to "parse_obj_as" has incompatible type "<typing special form>"; expected "type[Never]"  [arg-type]
src/probe/radar_robots_txt_top/raw_client.py:92: error: Argument "type_" to "parse_obj_as" has incompatible type "<typing special form>"; expected "type[Never]"  [arg-type]
src/probe/radar_robots_txt_top/raw_client.py:177: error: Argument "type_" to "parse_obj_as" has incompatible type "<typing special form>"; expected "type[Never]"  [arg-type]
src/probe/radar_ranking_internet_services/raw_client.py:94: error: Argument "type_" to "parse_obj_as" has incompatible type "<typing special form>"; expected "type[Never]"  [arg-type]
src/probe/radar_ranking_internet_services/raw_client.py:184: error: Argument "type_" to "parse_obj_as" has incompatible type "<typing special form>"; expected "type[Never]"  [arg-type]
src/probe/radar_ranking_internet_services/raw_client.py:264: error: Argument "type_" to "parse_obj_as" has incompatible type "<typing special form>"; expected "type[Never]"  [arg-type]
src/probe/radar_ranking_internet_services/raw_client.py:344: error: Argument "type_" to "parse_obj_as" has incompatible type "<typing special form>"; expected "type[Never]"  [arg-type]
src/probe/radar_ranking_internet_services/raw_client.py:434: error: Argument "type_" to "parse_obj_as" has incompatible type "<typing special form>"; expected "type[Never]"  [arg-type]
src/probe/radar_ranking_internet_services/raw_client.py:514: error: Argument "type_" to "parse_obj_as" has incompatible type "<typing special form>"; expected "type[Never]"  [arg-type]
src/probe/radar_ranking/raw_client.py:118: error: Argument "type_" to "parse_obj_as" has incompatible type "<typing special form>"; expected "type[Never]"  [arg-type]
src/probe/radar_ranking/raw_client.py:208: error: Argument "type_" to "parse_obj_as" has incompatible type "<typing special form>"; expected "type[Never]"  [arg-type]
src/probe/radar_ranking/raw_client.py:318: error: Argument "type_" to "parse_obj_as" has incompatible type "<typing special form>"; expected "type[Never]"  [arg-type]
src/probe/radar_ranking/raw_client.py:408: error: Argument "type_" to "parse_obj_as" has incompatible type "<typing special form>"; expected "type[Never]"  [arg-type]
src/probe/radar_quality_speed_top/raw_client.py:113: error: Argument "type_" to "parse_obj_as" has incompatible type "<typing special form>"; expected "type[Never]"  [arg-type]
src/probe/radar_quality_speed_top/raw_client.py:213: error: Argument "type_" to "parse_obj_as" has incompatible type "<typing special form>"; expected "type[Never]"  [arg-type]
src/probe/radar_quality_speed_top/raw_client.py:318: error: Argument "type_" to "parse_obj_as" has incompatible type "<typing special form>"; expected "type[Never]"  [arg-type]
src/probe/radar_quality_speed_top/raw_client.py:418: error: Argument "type_" to "parse_obj_as" has incompatible type "<typing special form>"; expected "type[Never]"  [arg-type]
src/probe/radar_quality_speed/raw_client.py:107: error: Argument "type_" to "parse_obj_as" has incompatible type "<typing special form>"; expected "type[Never]"  [arg-type]
src/probe/radar_quality_speed/raw_client.py:192: error: Argument "type_" to "parse_obj_as" has incompatible type "<typing special form>"; expected "type[Never]"  [arg-type]
src/probe/radar_quality_speed/raw_client.py:292: error: Argument "type_" to "parse_obj_as" has incompatible type "<typing special form>"; expected "type[Never]"  [arg-type]
src/probe/radar_quality_speed/raw_client.py:377: error: Argument "type_" to "parse_obj_as" has incompatible type "<typing special form>"; expected "type[Never]"  [arg-type]
src/probe/radar_quality_iqi/raw_client.py:116: error: Argument "type_" to "parse_obj_as" has incompatible type "<typing special form>"; expected "type[Never]"  [arg-type]
src/probe/radar_quality_iqi/raw_client.py:226: error: Argument "type_" to "parse_obj_as" has incompatible type "<typing special form>"; expected "type[Never]"  [arg-type]
src/probe/radar_quality_iqi/raw_client.py:331: error: Argument "type_" to "parse_obj_as" has incompatible type "<typing special form>"; expected "type[Never]"  [arg-type]
src/probe/radar_quality_iqi/raw_client.py:441: error: Argument "type_" to "parse_obj_as" has incompatible type "<typing special form>"; expected "type[Never]"  [arg-type]
src/probe/radar_post_quantum_origin/raw_client.py:102: error: Argument "type_" to "parse_obj_as" has incompatible type "<typing special form>"; expected "type[Never]"  [arg-type]
src/probe/radar_post_quantum_origin/raw_client.py:186: error: Argument "type_" to "parse_obj_as" has incompatible type "<typing special form>"; expected "type[Never]"  [arg-type]
src/probe/radar_post_quantum_origin/raw_client.py:275: error: Argument "type_" to "parse_obj_as" has incompatible type "<typing special form>"; expected "type[Never]"  [arg-type]
src/probe/radar_post_quantum_origin/raw_client.py:359: error: Argument "type_" to "parse_obj_as" has incompatible type "<typing special form>"; expected "type[Never]"  [arg-type]
src/probe/radar_origins/raw_client.py:103: error: Argument "type_" to "parse_obj_as" has incompatible type "<typing special form>"; expected "type[Never]"  [arg-type]
src/probe/radar_origins/raw_client.py:167: error: Argument "type_" to "parse_obj_as" has incompatible type "<typing special form>"; expected "type[Never]"  [arg-type]
src/probe/radar_origins/raw_client.py:273: error: Argument "type_" to "parse_obj_as" has incompatible type "<typing special form>"; expected "type[Never]"  [arg-type]
src/probe/radar_origins/raw_client.py:377: error: Argument "type_" to "parse_obj_as" has incompatible type "<typing special form>"; expected "type[Never]"  [arg-type]
src/probe/radar_origins/raw_client.py:496: error: Argument "type_" to "parse_obj_as" has incompatible type "<typing special form>"; expected "type[Never]"  [arg-type]
src/probe/radar_origins/raw_client.py:571: error: Argument "type_" to "parse_obj_as" has incompatible type "<typing special form>"; expected "type[Never]"  [arg-type]
src/probe/radar_origins/raw_client.py:635: error: Argument "type_" to "parse_obj_as" has incompatible type "<typing special form>"; expected "type[Never]"  [arg-type]
src/probe/radar_origins/raw_client.py:741: error: Argument "type_" to "parse_obj_as" has incompatible type "<typing special form>"; expected "type[Never]"  [arg-type]
src/probe/radar_origins/raw_client.py:845: error: Argument "type_" to "parse_obj_as" has incompatible type "<typing special form>"; expected "type[Never]"  [arg-type]
src/probe/radar_origins/raw_client.py:964: error: Argument "type_" to "parse_obj_as" has incompatible type "<typing special form>"; expected "type[Never]"  [arg-type]
src/probe/radar_netflows_top/raw_client.py:116: error: Argument "type_" to "parse_obj_as" has incompatible type "<typing special form>"; expected "type[Never]"  [arg-type]
src/probe/radar_netflows_top/raw_client.py:221: error: Argument "type_" to "parse_obj_as" has incompatible type "<typing special form>"; expected "type[Never]"  [arg-type]
src/probe/radar_netflows_top/raw_client.py:331: error: Argument "type_" to "parse_obj_as" has incompatible type "<typing special form>"; expected "type[Never]"  [arg-type]
src/probe/radar_netflows_top/raw_client.py:436: error: Argument "type_" to "parse_obj_as" has incompatible type "<typing special form>"; expected "type[Never]"  [arg-type]
src/probe/radar_netflows/raw_client.py:127: error: Argument "type_" to "parse_obj_as" has incompatible type "<typing special form>"; expected "type[Never]"  [arg-type]
src/probe/radar_netflows/raw_client.py:245: error: Argument "type_" to "parse_obj_as" has incompatible type "<typing special form>"; expected "type[Never]"  [arg-type]
src/probe/radar_netflows/raw_client.py:364: error: Argument "type_" to "parse_obj_as" has incompatible type "<typing special form>"; expected "type[Never]"  [arg-type]
src/probe/radar_netflows/raw_client.py:493: error: Argument "type_" to "parse_obj_as" has incompatible type "<typing special form>"; expected "type[Never]"  [arg-type]
src/probe/radar_netflows/raw_client.py:598: error: Argument "type_" to "parse_obj_as" has incompatible type "<typing special form>"; expected "type[Never]"  [arg-type]
src/probe/radar_netflows/raw_client.py:716: error: Argument "type_" to "parse_obj_as" has incompatible type "<typing special form>"; expected "type[Never]"  [arg-type]
src/probe/radar_netflows/raw_client.py:835: error: Argument "type_" to "parse_obj_as" has incompatible type "<typing special form>"; expected "type[Never]"  [arg-type]
src/probe/radar_netflows/raw_client.py:964: error: Argument "type_" to "parse_obj_as" has incompatible type "<typing special form>"; expected "type[Never]"  [arg-type]
src/probe/radar_leaked_credentials_timeseries_groups/raw_client.py:126: error: Argument "type_" to "parse_obj_as" has incompatible type "<typing special form>"; expected "type[Never]"  [arg-type]
src/probe/radar_leaked_credentials_timeseries_groups/raw_client.py:221: error: Argument "type_" to "parse_obj_as" has incompatible type "<typing special form>"; expected "type[Never]"  [arg-type]
src/probe/radar_leaked_credentials_timeseries_groups/raw_client.py:321: error: Argument "type_" to "parse_obj_as" has incompatible type "<typing special form>"; expected "type[Never]"  [arg-type]
src/probe/radar_leaked_credentials_timeseries_groups/raw_client.py:416: error: Argument "type_" to "parse_obj_as" has incompatible type "<typing special form>"; expected "type[Never]"  [arg-type]
src/probe/radar_leaked_credentials_summary/raw_client.py:113: error: Argument "type_" to "parse_obj_as" has incompatible type "<typing special form>"; expected "type[Never]"  [arg-type]
src/probe/radar_leaked_credentials_summary/raw_client.py:203: error: Argument "type_" to "parse_obj_as" has incompatible type "<typing special form>"; expected "type[Never]"  [arg-type]
src/probe/radar_leaked_credentials_summary/raw_client.py:298: error: Argument "type_" to "parse_obj_as" has incompatible type "<typing special form>"; expected "type[Never]"  [arg-type]
src/probe/radar_leaked_credentials_summary/raw_client.py:388: error: Argument "type_" to "parse_obj_as" has incompatible type "<typing special form>"; expected "type[Never]"  [arg-type]
src/probe/radar_leaked_credentials/raw_client.py:165: error: Argument "type_" to "parse_obj_as" has incompatible type "<typing special form>"; expected "type[Never]"  [arg-type]
src/probe/radar_leaked_credentials/raw_client.py:309: error: Argument "type_" to "parse_obj_as" has incompatible type "<typing special form>"; expected "type[Never]"  [arg-type]
src/probe/radar_leaked_credentials/raw_client.py:438: error: Argument "type_" to "parse_obj_as" has incompatible type "<typing special form>"; expected "type[Never]"  [arg-type]
src/probe/radar_leaked_credentials/raw_client.py:582: error: Argument "type_" to "parse_obj_as" has incompatible type "<typing special form>"; expected "type[Never]"  [arg-type]
src/probe/radar_http_top/raw_client.py:206: error: Argument "type_" to "parse_obj_as" has incompatible type "<typing special form>"; expected "type[Never]"  [arg-type]
src/probe/radar_http_top/raw_client.py:380: error: Argument "type_" to "parse_obj_as" has incompatible type "<typing special form>"; expected "type[Never]"  [arg-type]
src/probe/radar_http_top/raw_client.py:561: error: Argument "type_" to "parse_obj_as" has incompatible type "<typing special form>"; expected "type[Never]"  [arg-type]
src/probe/radar_http_top/raw_client.py:735: error: Argument "type_" to "parse_obj_as" has incompatible type "<typing special form>"; expected "type[Never]"  [arg-type]
src/probe/radar_http_timeseries_groups/raw_client.py:454: error: Argument "type_" to "parse_obj_as" has incompatible type "<typing special form>"; expected "type[Never]"  [arg-type]
src/probe/radar_http_timeseries_groups/raw_client.py:644: error: Argument "type_" to "parse_obj_as" has incompatible type "<typing special form>"; expected "type[Never]"  [arg-type]
src/probe/radar_http_timeseries_groups/raw_client.py:824: error: Argument "type_" to "parse_obj_as" has incompatible type "<typing special form>"; expected "type[Never]"  [arg-type]
src/probe/radar_http_timeseries_groups/raw_client.py:999: error: Argument "type_" to "parse_obj_as" has incompatible type "<typing special form>"; expected "type[Never]"  [arg-type]
src/probe/radar_http_timeseries_groups/raw_client.py:1174: error: Argument "type_" to "parse_obj_as" has incompatible type "<typing special form>"; expected "type[Never]"  [arg-type]
src/probe/radar_http_timeseries_groups/raw_client.py:1349: error: Argument "type_" to "parse_obj_as" has incompatible type "<typing special form>"; expected "type[Never]"  [arg-type]
src/probe/radar_http_timeseries_groups/raw_client.py:1524: error: Argument "type_" to "parse_obj_as" has incompatible type "<typing special form>"; expected "type[Never]"  [arg-type]
src/probe/radar_http_timeseries_groups/raw_client.py:1699: error: Argument "type_" to "parse_obj_as" has incompatible type "<typing special form>"; expected "type[Never]"  [arg-type]
src/probe/radar_http_timeseries_groups/raw_client.py:1884: error: Argument "type_" to "parse_obj_as" has incompatible type "<typing special form>"; expected "type[Never]"  [arg-type]
src/probe/radar_http_timeseries_groups/raw_client.py:2059: error: Argument "type_" to "parse_obj_as" has incompatible type "<typing special form>"; expected "type[Never]"  [arg-type]
src/probe/radar_http_timeseries_groups/raw_client.py:2239: error: Argument "type_" to "parse_obj_as" has incompatible type "<typing special form>"; expected "type[Never]"  [arg-type]
src/probe/radar_http_timeseries_groups/raw_client.py:2429: error: Argument "type_" to "parse_obj_as" has incompatible type "<typing special form>"; expected "type[Never]"  [arg-type]
src/probe/radar_http_timeseries_groups/raw_client.py:2609: error: Argument "type_" to "parse_obj_as" has incompatible type "<typing special form>"; expected "type[Never]"  [arg-type]
src/probe/radar_http_timeseries_groups/raw_client.py:2784: error: Argument "type_" to "parse_obj_as" has incompatible type "<typing special form>"; expected "type[Never]"  [arg-type]
src/probe/radar_http_timeseries_groups/raw_client.py:2959: error: Argument "type_" to "parse_obj_as" has incompatible type "<typing special form>"; expected "type[Never]"  [arg-type]
src/probe/radar_http_timeseries_groups/raw_client.py:3134: error: Argument "type_" to "parse_obj_as" has incompatible type "<typing special form>"; expected "type[Never]"  [arg-type]
src/probe/radar_http_timeseries_groups/raw_client.py:3309: error: Argument "type_" to "parse_obj_as" has incompatible type "<typing special form>"; expected "type[Never]"  [arg-type]
src/probe/radar_http_timeseries_groups/raw_client.py:3484: error: Argument "type_" to "parse_obj_as" has incompatible type "<typing special form>"; expected "type[Never]"  [arg-type]
src/probe/radar_http_timeseries_groups/raw_client.py:3669: error: Argument "type_" to "parse_obj_as" has incompatible type "<typing special form>"; expected "type[Never]"  [arg-type]
src/probe/radar_http_timeseries_groups/raw_client.py:3844: error: Argument "type_" to "parse_obj_as" has incompatible type "<typing special form>"; expected "type[Never]"  [arg-type]
src/probe/radar_http_summary/raw_client.py:307: error: Argument "type_" to "parse_obj_as" has incompatible type "<typing special form>"; expected "type[Never]"  [arg-type]
src/probe/radar_http_summary/raw_client.py:476: error: Argument "type_" to "parse_obj_as" has incompatible type "<typing special form>"; expected "type[Never]"  [arg-type]
src/probe/radar_http_summary/raw_client.py:645: error: Argument "type_" to "parse_obj_as" has incompatible type "<typing special form>"; expected "type[Never]"  [arg-type]
src/probe/radar_http_summary/raw_client.py:814: error: Argument "type_" to "parse_obj_as" has incompatible type "<typing special form>"; expected "type[Never]"  [arg-type]
src/probe/radar_http_summary/raw_client.py:983: error: Argument "type_" to "parse_obj_as" has incompatible type "<typing special form>"; expected "type[Never]"  [arg-type]
src/probe/radar_http_summary/raw_client.py:1144: error: Argument "type_" to "parse_obj_as" has incompatible type "<typing special form>"; expected "type[Never]"  [arg-type]
src/probe/radar_http_summary/raw_client.py:1323: error: Argument "type_" to "parse_obj_as" has incompatible type "<typing special form>"; expected "type[Never]"  [arg-type]
src/probe/radar_http_summary/raw_client.py:1492: error: Argument "type_" to "parse_obj_as" has incompatible type "<typing special form>"; expected "type[Never]"  [arg-type]
src/probe/radar_http_summary/raw_client.py:1664: error: Argument "type_" to "parse_obj_as" has incompatible type "<typing special form>"; expected "type[Never]"  [arg-type]
src/probe/radar_http_summary/raw_client.py:1833: error: Argument "type_" to "parse_obj_as" has incompatible type "<typing special form>"; expected "type[Never]"  [arg-type]
src/probe/radar_http_summary/raw_client.py:2002: error: Argument "type_" to "parse_obj_as" has incompatible type "<typing special form>"; expected "type[Never]"  [arg-type]
src/probe/radar_http_summary/raw_client.py:2171: error: Argument "type_" to "parse_obj_as" has incompatible type "<typing special form>"; expected "type[Never]"  [arg-type]
src/probe/radar_http_summary/raw_client.py:2340: error: Argument "type_" to "parse_obj_as" has incompatible type "<typing special form>"; expected "type[Never]"  [arg-type]
src/probe/radar_http_summary/raw_client.py:2501: error: Argument "type_" to "parse_obj_as" has incompatible type "<typing special form>"; expected "type[Never]"  [arg-type]
src/probe/radar_http_summary/raw_client.py:2680: error: Argument "type_" to "parse_obj_as" has incompatible type "<typing special form>"; expected "type[Never]"  [arg-type]
src/probe/radar_http_summary/raw_client.py:2849: error: Argument "type_" to "parse_obj_as" has incompatible type "<typing special form>"; expected "type[Never]"  [arg-type]
src/probe/radar_http_locations_tls_version/raw_client.py:211: error: Argument "type_" to "parse_obj_as" has incompatible type "<typing special form>"; expected "type[Never]"  [arg-type]
src/probe/radar_http_locations_tls_version/raw_client.py:395: error: Argument "type_" to "parse_obj_as" has incompatible type "<typing special form>"; expected "type[Never]"  [arg-type]
src/probe/radar_http_locations_os/raw_client.py:198: error: Argument "type_" to "parse_obj_as" has incompatible type "<typing special form>"; expected "type[Never]"  [arg-type]
src/probe/radar_http_locations_os/raw_client.py:381: error: Argument "type_" to "parse_obj_as" has incompatible type "<typing special form>"; expected "type[Never]"  [arg-type]
src/probe/radar_http_locations_ip_version/raw_client.py:209: error: Argument "type_" to "parse_obj_as" has incompatible type "<typing special form>"; expected "type[Never]"  [arg-type]
src/probe/radar_http_locations_ip_version/raw_client.py:393: error: Argument "type_" to "parse_obj_as" has incompatible type "<typing special form>"; expected "type[Never]"  [arg-type]
src/probe/radar_http_locations_http_protocol/raw_client.py:211: error: Argument "type_" to "parse_obj_as" has incompatible type "<typing special form>"; expected "type[Never]"  [arg-type]
src/probe/radar_http_locations_http_protocol/raw_client.py:395: error: Argument "type_" to "parse_obj_as" has incompatible type "<typing special form>"; expected "type[Never]"  [arg-type]
src/probe/radar_http_locations_http_method/raw_client.py:211: error: Argument "type_" to "parse_obj_as" has incompatible type "<typing special form>"; expected "type[Never]"  [arg-type]
src/probe/radar_http_locations_http_method/raw_client.py:395: error: Argument "type_" to "parse_obj_as" has incompatible type "<typing special form>"; expected "type[Never]"  [arg-type]
src/probe/radar_http_locations_device_type/raw_client.py:211: error: Argument "type_" to "parse_obj_as" has incompatible type "<typing special form>"; expected "type[Never]"  [arg-type]
src/probe/radar_http_locations_device_type/raw_client.py:395: error: Argument "type_" to "parse_obj_as" has incompatible type "<typing special form>"; expected "type[Never]"  [arg-type]
src/probe/radar_http_locations_browser_family/raw_client.py:215: error: Argument "type_" to "parse_obj_as" has incompatible type "<typing special form>"; expected "type[Never]"  [arg-type]
src/probe/radar_http_locations_browser_family/raw_client.py:399: error: Argument "type_" to "parse_obj_as" has incompatible type "<typing special form>"; expected "type[Never]"  [arg-type]
src/probe/radar_http_locations_bot_class/raw_client.py:208: error: Argument "type_" to "parse_obj_as" has incompatible type "<typing special form>"; expected "type[Never]"  [arg-type]
src/probe/radar_http_locations_bot_class/raw_client.py:391: error: Argument "type_" to "parse_obj_as" has incompatible type "<typing special form>"; expected "type[Never]"  [arg-type]
src/probe/radar_http_locations/raw_client.py:195: error: Argument "type_" to "parse_obj_as" has incompatible type "<typing special form>"; expected "type[Never]"  [arg-type]
src/probe/radar_http_locations/raw_client.py:378: error: Argument "type_" to "parse_obj_as" has incompatible type "<typing special form>"; expected "type[Never]"  [arg-type]
src/probe/radar_http_ases_tls_version/raw_client.py:206: error: Argument "type_" to "parse_obj_as" has incompatible type "<typing special form>"; expected "type[Never]"  [arg-type]
src/probe/radar_http_ases_tls_version/raw_client.py:389: error: Argument "type_" to "parse_obj_as" has incompatible type "<typing special form>"; expected "type[Never]"  [arg-type]
src/probe/radar_http_ases_os/raw_client.py:188: error: Argument "type_" to "parse_obj_as" has incompatible type "<typing special form>"; expected "type[Never]"  [arg-type]
src/probe/radar_http_ases_os/raw_client.py:363: error: Argument "type_" to "parse_obj_as" has incompatible type "<typing special form>"; expected "type[Never]"  [arg-type]
src/probe/radar_http_ases_ip_version/raw_client.py:206: error: Argument "type_" to "parse_obj_as" has incompatible type "<typing special form>"; expected "type[Never]"  [arg-type]
src/probe/radar_http_ases_ip_version/raw_client.py:389: error: Argument "type_" to "parse_obj_as" has incompatible type "<typing special form>"; expected "type[Never]"  [arg-type]
src/probe/radar_http_ases_http_protocol/raw_client.py:210: error: Argument "type_" to "parse_obj_as" has incompatible type "<typing special form>"; expected "type[Never]"  [arg-type]
src/probe/radar_http_ases_http_protocol/raw_client.py:393: error: Argument "type_" to "parse_obj_as" has incompatible type "<typing special form>"; expected "type[Never]"  [arg-type]
src/probe/radar_http_ases_http_method/raw_client.py:206: error: Argument "type_" to "parse_obj_as" has incompatible type "<typing special form>"; expected "type[Never]"  [arg-type]
src/probe/radar_http_ases_http_method/raw_client.py:389: error: Argument "type_" to "parse_obj_as" has incompatible type "<typing special form>"; expected "type[Never]"  [arg-type]
src/probe/radar_http_ases_device_type/raw_client.py:206: error: Argument "type_" to "parse_obj_as" has incompatible type "<typing special form>"; expected "type[Never]"  [arg-type]
src/probe/radar_http_ases_device_type/raw_client.py:389: error: Argument "type_" to "parse_obj_as" has incompatible type "<typing special form>"; expected "type[Never]"  [arg-type]
src/probe/radar_http_ases_browser_family/raw_client.py:210: error: Argument "type_" to "parse_obj_as" has incompatible type "<typing special form>"; expected "type[Never]"  [arg-type]
src/probe/radar_http_ases_browser_family/raw_client.py:393: error: Argument "type_" to "parse_obj_as" has incompatible type "<typing special form>"; expected "type[Never]"  [arg-type]
src/probe/radar_http_ases_bot_class/raw_client.py:200: error: Argument "type_" to "parse_obj_as" has incompatible type "<typing special form>"; expected "type[Never]"  [arg-type]
src/probe/radar_http_ases_bot_class/raw_client.py:381: error: Argument "type_" to "parse_obj_as" has incompatible type "<typing special form>"; expected "type[Never]"  [arg-type]
src/probe/radar_http_ases/raw_client.py:184: error: Argument "type_" to "parse_obj_as" has incompatible type "<typing special form>"; expected "type[Never]"  [arg-type]
src/probe/radar_http_ases/raw_client.py:356: error: Argument "type_" to "parse_obj_as" has incompatible type "<typing special form>"; expected "type[Never]"  [arg-type]
src/probe/radar_http/raw_client.py:248: error: Argument "type_" to "parse_obj_as" has incompatible type "<typing special form>"; expected "type[Never]"  [arg-type]
src/probe/radar_http/raw_client.py:447: error: Argument "type_" to "parse_obj_as" has incompatible type "<typing special form>"; expected "type[Never]"  [arg-type]
src/probe/radar_http/raw_client.py:655: error: Argument "type_" to "parse_obj_as" has incompatible type "<typing special form>"; expected "type[Never]"  [arg-type]
src/probe/radar_http/raw_client.py:846: error: Argument "type_" to "parse_obj_as" has incompatible type "<typing special form>"; expected "type[Never]"  [arg-type]
src/probe/radar_http/raw_client.py:1045: error: Argument "type_" to "parse_obj_as" has incompatible type "<typing special form>"; expected "type[Never]"  [arg-type]
src/probe/radar_http/raw_client.py:1253: error: Argument "type_" to "parse_obj_as" has incompatible type "<typing special form>"; expected "type[Never]"  [arg-type]
src/probe/radar_geolocations/raw_client.py:92: error: Argument "type_" to "parse_obj_as" has incompatible type "<typing special form>"; expected "type[Never]"  [arg-type]
src/probe/radar_geolocations/raw_client.py:156: error: Argument "type_" to "parse_obj_as" has incompatible type "<typing special form>"; expected "type[Never]"  [arg-type]
src/probe/radar_geolocations/raw_client.py:241: error: Argument "type_" to "parse_obj_as" has incompatible type "<typing special form>"; expected "type[Never]"  [arg-type]
src/probe/radar_geolocations/raw_client.py:305: error: Argument "type_" to "parse_obj_as" has incompatible type "<typing special form>"; expected "type[Never]"  [arg-type]
src/probe/radar_email_security_top_tlds_spoof/raw_client.py:173: error: Argument "type_" to "parse_obj_as" has incompatible type "<typing special form>"; expected "type[Never]"  [arg-type]
src/probe/radar_email_security_top_tlds_spoof/raw_client.py:322: error: Argument "type_" to "parse_obj_as" has incompatible type "<typing special form>"; expected "type[Never]"  [arg-type]
src/probe/radar_email_security_top_tlds_spam/raw_client.py:173: error: Argument "type_" to "parse_obj_as" has incompatible type "<typing special form>"; expected "type[Never]"  [arg-type]
src/probe/radar_email_security_top_tlds_spam/raw_client.py:322: error: Argument "type_" to "parse_obj_as" has incompatible type "<typing special form>"; expected "type[Never]"  [arg-type]
src/probe/radar_email_security_top_tlds_malicious/raw_client.py:177: error: Argument "type_" to "parse_obj_as" has incompatible type "<typing special form>"; expected "type[Never]"  [arg-type]
src/probe/radar_email_security_top_tlds_malicious/raw_client.py:326: error: Argument "type_" to "parse_obj_as" has incompatible type "<typing special form>"; expected "type[Never]"  [arg-type]
src/probe/radar_email_security_top_tlds/raw_client.py:155: error: Argument "type_" to "parse_obj_as" has incompatible type "<typing special form>"; expected "type[Never]"  [arg-type]
src/probe/radar_email_security_top_tlds/raw_client.py:298: error: Argument "type_" to "parse_obj_as" has incompatible type "<typing special form>"; expected "type[Never]"  [arg-type]
src/probe/radar_email_security_timeseries_groups/raw_client.py:321: error: Argument "type_" to "parse_obj_as" has incompatible type "<typing special form>"; expected "type[Never]"  [arg-type]
src/probe/radar_email_security_timeseries_groups/raw_client.py:446: error: Argument "type_" to "parse_obj_as" has incompatible type "<typing special form>"; expected "type[Never]"  [arg-type]
src/probe/radar_email_security_timeseries_groups/raw_client.py:571: error: Argument "type_" to "parse_obj_as" has incompatible type "<typing special form>"; expected "type[Never]"  [arg-type]
src/probe/radar_email_security_timeseries_groups/raw_client.py:706: error: Argument "type_" to "parse_obj_as" has incompatible type "<typing special form>"; expected "type[Never]"  [arg-type]
src/probe/radar_email_security_timeseries_groups/raw_client.py:841: error: Argument "type_" to "parse_obj_as" has incompatible type "<typing special form>"; expected "type[Never]"  [arg-type]
src/probe/radar_email_security_timeseries_groups/raw_client.py:966: error: Argument "type_" to "parse_obj_as" has incompatible type "<typing special form>"; expected "type[Never]"  [arg-type]
src/probe/radar_email_security_timeseries_groups/raw_client.py:1101: error: Argument "type_" to "parse_obj_as" has incompatible type "<typing special form>"; expected "type[Never]"  [arg-type]
src/probe/radar_email_security_timeseries_groups/raw_client.py:1236: error: Argument "type_" to "parse_obj_as" has incompatible type "<typing special form>"; expected "type[Never]"  [arg-type]
src/probe/radar_email_security_timeseries_groups/raw_client.py:1361: error: Argument "type_" to "parse_obj_as" has incompatible type "<typing special form>"; expected "type[Never]"  [arg-type]
src/probe/radar_email_security_timeseries_groups/raw_client.py:1491: error: Argument "type_" to "parse_obj_as" has incompatible type "<typing special form>"; expected "type[Never]"  [arg-type]
src/probe/radar_email_security_timeseries_groups/raw_client.py:1616: error: Argument "type_" to "parse_obj_as" has incompatible type "<typing special form>"; expected "type[Never]"  [arg-type]
src/probe/radar_email_security_timeseries_groups/raw_client.py:1741: error: Argument "type_" to "parse_obj_as" has incompatible type "<typing special form>"; expected "type[Never]"  [arg-type]
src/probe/radar_email_security_timeseries_groups/raw_client.py:1876: error: Argument "type_" to "parse_obj_as" has incompatible type "<typing special form>"; expected "type[Never]"  [arg-type]
src/probe/radar_email_security_timeseries_groups/raw_client.py:2011: error: Argument "type_" to "parse_obj_as" has incompatible type "<typing special form>"; expected "type[Never]"  [arg-type]
src/probe/radar_email_security_timeseries_groups/raw_client.py:2136: error: Argument "type_" to "parse_obj_as" has incompatible type "<typing special form>"; expected "type[Never]"  [arg-type]
src/probe/radar_email_security_timeseries_groups/raw_client.py:2271: error: Argument "type_" to "parse_obj_as" has incompatible type "<typing special form>"; expected "type[Never]"  [arg-type]
src/probe/radar_email_security_timeseries_groups/raw_client.py:2406: error: Argument "type_" to "parse_obj_as" has incompatible type "<typing special form>"; expected "type[Never]"  [arg-type]
src/probe/radar_email_security_timeseries_groups/raw_client.py:2531: error: Argument "type_" to "parse_obj_as" has incompatible type "<typing special form>"; expected "type[Never]"  [arg-type]
src/probe/radar_email_security_summary/raw_client.py:228: error: Argument "type_" to "parse_obj_as" has incompatible type "<typing special form>"; expected "type[Never]"  [arg-type]
src/probe/radar_email_security_summary/raw_client.py:348: error: Argument "type_" to "parse_obj_as" has incompatible type "<typing special form>"; expected "type[Never]"  [arg-type]
src/probe/radar_email_security_summary/raw_client.py:468: error: Argument "type_" to "parse_obj_as" has incompatible type "<typing special form>"; expected "type[Never]"  [arg-type]
src/probe/radar_email_security_summary/raw_client.py:598: error: Argument "type_" to "parse_obj_as" has incompatible type "<typing special form>"; expected "type[Never]"  [arg-type]
src/probe/radar_email_security_summary/raw_client.py:728: error: Argument "type_" to "parse_obj_as" has incompatible type "<typing special form>"; expected "type[Never]"  [arg-type]
src/probe/radar_email_security_summary/raw_client.py:847: error: Argument "type_" to "parse_obj_as" has incompatible type "<typing special form>"; expected "type[Never]"  [arg-type]
src/probe/radar_email_security_summary/raw_client.py:977: error: Argument "type_" to "parse_obj_as" has incompatible type "<typing special form>"; expected "type[Never]"  [arg-type]
src/probe/radar_email_security_summary/raw_client.py:1107: error: Argument "type_" to "parse_obj_as" has incompatible type "<typing special form>"; expected "type[Never]"  [arg-type]
src/probe/radar_email_security_summary/raw_client.py:1227: error: Argument "type_" to "parse_obj_as" has incompatible type "<typing special form>"; expected "type[Never]"  [arg-type]
src/probe/radar_email_security_summary/raw_client.py:1351: error: Argument "type_" to "parse_obj_as" has incompatible type "<typing special form>"; expected "type[Never]"  [arg-type]
src/probe/radar_email_security_summary/raw_client.py:1471: error: Argument "type_" to "parse_obj_as" has incompatible type "<typing special form>"; expected "type[Never]"  [arg-type]
src/probe/radar_email_security_summary/raw_client.py:1591: error: Argument "type_" to "parse_obj_as" has incompatible type "<typing special form>"; expected "type[Never]"  [arg-type]
src/probe/radar_email_security_summary/raw_client.py:1721: error: Argument "type_" to "parse_obj_as" has incompatible type "<typing special form>"; expected "type[Never]"  [arg-type]
src/probe/radar_email_security_summary/raw_client.py:1851: error: Argument "type_" to "parse_obj_as" has incompatible type "<typing special form>"; expected "type[Never]"  [arg-type]
src/probe/radar_email_security_summary/raw_client.py:1970: error: Argument "type_" to "parse_obj_as" has incompatible type "<typing special form>"; expected "type[Never]"  [arg-type]
src/probe/radar_email_security_summary/raw_client.py:2100: error: Argument "type_" to "parse_obj_as" has incompatible type "<typing special form>"; expected "type[Never]"  [arg-type]
src/probe/radar_email_security_summary/raw_client.py:2230: error: Argument "type_" to "parse_obj_as" has incompatible type "<typing special form>"; expected "type[Never]"  [arg-type]
src/probe/radar_email_security_summary/raw_client.py:2350: error: Argument "type_" to "parse_obj_as" has incompatible type "<typing special form>"; expected "type[Never]"  [arg-type]
src/probe/radar_email_security/raw_client.py:179: error: Argument "type_" to "parse_obj_as" has incompatible type "<typing special form>"; expected "type[Never]"  [arg-type]
src/probe/radar_email_security/raw_client.py:323: error: Argument "type_" to "parse_obj_as" has incompatible type "<typing special form>"; expected "type[Never]"  [arg-type]
src/probe/radar_email_security/raw_client.py:464: error: Argument "type_" to "parse_obj_as" has incompatible type "<typing special form>"; expected "type[Never]"  [arg-type]
src/probe/radar_email_security/raw_client.py:608: error: Argument "type_" to "parse_obj_as" has incompatible type "<typing special form>"; expected "type[Never]"  [arg-type]
src/probe/radar_email_routing_timeseries_groups/raw_client.py:278: error: Argument "type_" to "parse_obj_as" has incompatible type "<typing special form>"; expected "type[Never]"  [arg-type]
src/probe/radar_email_routing_timeseries_groups/raw_client.py:413: error: Argument "type_" to "parse_obj_as" has incompatible type "<typing special form>"; expected "type[Never]"  [arg-type]
src/probe/radar_email_routing_timeseries_groups/raw_client.py:548: error: Argument "type_" to "parse_obj_as" has incompatible type "<typing special form>"; expected "type[Never]"  [arg-type]
src/probe/radar_email_routing_timeseries_groups/raw_client.py:683: error: Argument "type_" to "parse_obj_as" has incompatible type "<typing special form>"; expected "type[Never]"  [arg-type]
src/probe/radar_email_routing_timeseries_groups/raw_client.py:818: error: Argument "type_" to "parse_obj_as" has incompatible type "<typing special form>"; expected "type[Never]"  [arg-type]
src/probe/radar_email_routing_timeseries_groups/raw_client.py:953: error: Argument "type_" to "parse_obj_as" has incompatible type "<typing special form>"; expected "type[Never]"  [arg-type]
src/probe/radar_email_routing_timeseries_groups/raw_client.py:1093: error: Argument "type_" to "parse_obj_as" has incompatible type "<typing special form>"; expected "type[Never]"  [arg-type]
src/probe/radar_email_routing_timeseries_groups/raw_client.py:1228: error: Argument "type_" to "parse_obj_as" has incompatible type "<typing special form>"; expected "type[Never]"  [arg-type]
src/probe/radar_email_routing_timeseries_groups/raw_client.py:1363: error: Argument "type_" to "parse_obj_as" has incompatible type "<typing special form>"; expected "type[Never]"  [arg-type]
src/probe/radar_email_routing_timeseries_groups/raw_client.py:1498: error: Argument "type_" to "parse_obj_as" has incompatible type "<typing special form>"; expected "type[Never]"  [arg-type]
src/probe/radar_email_routing_timeseries_groups/raw_client.py:1633: error: Argument "type_" to "parse_obj_as" has incompatible type "<typing special form>"; expected "type[Never]"  [arg-type]
src/probe/radar_email_routing_timeseries_groups/raw_client.py:1768: error: Argument "type_" to "parse_obj_as" has incompatible type "<typing special form>"; expected "type[Never]"  [arg-type]
src/probe/radar_email_routing_summary/raw_client.py:213: error: Argument "type_" to "parse_obj_as" has incompatible type "<typing special form>"; expected "type[Never]"  [arg-type]
src/probe/radar_email_routing_summary/raw_client.py:341: error: Argument "type_" to "parse_obj_as" has incompatible type "<typing special form>"; expected "type[Never]"  [arg-type]
src/probe/radar_email_routing_summary/raw_client.py:471: error: Argument "type_" to "parse_obj_as" has incompatible type "<typing special form>"; expected "type[Never]"  [arg-type]
src/probe/radar_email_routing_summary/raw_client.py:601: error: Argument "type_" to "parse_obj_as" has incompatible type "<typing special form>"; expected "type[Never]"  [arg-type]
src/probe/radar_email_routing_summary/raw_client.py:731: error: Argument "type_" to "parse_obj_as" has incompatible type "<typing special form>"; expected "type[Never]"  [arg-type]
src/probe/radar_email_routing_summary/raw_client.py:859: error: Argument "type_" to "parse_obj_as" has incompatible type "<typing special form>"; expected "type[Never]"  [arg-type]
src/probe/radar_email_routing_summary/raw_client.py:992: error: Argument "type_" to "parse_obj_as" has incompatible type "<typing special form>"; expected "type[Never]"  [arg-type]
src/probe/radar_email_routing_summary/raw_client.py:1120: error: Argument "type_" to "parse_obj_as" has incompatible type "<typing special form>"; expected "type[Never]"  [arg-type]
src/probe/radar_email_routing_summary/raw_client.py:1250: error: Argument "type_" to "parse_obj_as" has incompatible type "<typing special form>"; expected "type[Never]"  [arg-type]
src/probe/radar_email_routing_summary/raw_client.py:1380: error: Argument "type_" to "parse_obj_as" has incompatible type "<typing special form>"; expected "type[Never]"  [arg-type]
src/probe/radar_email_routing_summary/raw_client.py:1510: error: Argument "type_" to "parse_obj_as" has incompatible type "<typing special form>"; expected "type[Never]"  [arg-type]
src/probe/radar_email_routing_summary/raw_client.py:1638: error: Argument "type_" to "parse_obj_as" has incompatible type "<typing special form>"; expected "type[Never]"  [arg-type]
src/probe/radar_email_routing/raw_client.py:190: error: Argument "type_" to "parse_obj_as" has incompatible type "<typing special form>"; expected "type[Never]"  [arg-type]
src/probe/radar_email_routing/raw_client.py:344: error: Argument "type_" to "parse_obj_as" has incompatible type "<typing special form>"; expected "type[Never]"  [arg-type]
src/probe/radar_email_routing/raw_client.py:494: error: Argument "type_" to "parse_obj_as" has incompatible type "<typing special form>"; expected "type[Never]"  [arg-type]
src/probe/radar_email_routing/raw_client.py:648: error: Argument "type_" to "parse_obj_as" has incompatible type "<typing special form>"; expected "type[Never]"  [arg-type]
src/probe/radar_dns_top/raw_client.py:201: error: Argument "type_" to "parse_obj_as" has incompatible type "<typing special form>"; expected "type[Never]"  [arg-type]
src/probe/radar_dns_top/raw_client.py:393: error: Argument "type_" to "parse_obj_as" has incompatible type "<typing special form>"; expected "type[Never]"  [arg-type]
src/probe/radar_dns_top/raw_client.py:574: error: Argument "type_" to "parse_obj_as" has incompatible type "<typing special form>"; expected "type[Never]"  [arg-type]
src/probe/radar_dns_top/raw_client.py:766: error: Argument "type_" to "parse_obj_as" has incompatible type "<typing special form>"; expected "type[Never]"  [arg-type]
src/probe/radar_dns_timeseries_groups/raw_client.py:286: error: Argument "type_" to "parse_obj_as" has incompatible type "<typing special form>"; expected "type[Never]"  [arg-type]
src/probe/radar_dns_timeseries_groups/raw_client.py:426: error: Argument "type_" to "parse_obj_as" has incompatible type "<typing special form>"; expected "type[Never]"  [arg-type]
src/probe/radar_dns_timeseries_groups/raw_client.py:566: error: Argument "type_" to "parse_obj_as" has incompatible type "<typing special form>"; expected "type[Never]"  [arg-type]
src/probe/radar_dns_timeseries_groups/raw_client.py:706: error: Argument "type_" to "parse_obj_as" has incompatible type "<typing special form>"; expected "type[Never]"  [arg-type]
src/probe/radar_dns_timeseries_groups/raw_client.py:846: error: Argument "type_" to "parse_obj_as" has incompatible type "<typing special form>"; expected "type[Never]"  [arg-type]
src/probe/radar_dns_timeseries_groups/raw_client.py:986: error: Argument "type_" to "parse_obj_as" has incompatible type "<typing special form>"; expected "type[Never]"  [arg-type]
src/probe/radar_dns_timeseries_groups/raw_client.py:1116: error: Argument "type_" to "parse_obj_as" has incompatible type "<typing special form>"; expected "type[Never]"  [arg-type]
src/probe/radar_dns_timeseries_groups/raw_client.py:1251: error: Argument "type_" to "parse_obj_as" has incompatible type "<typing special form>"; expected "type[Never]"  [arg-type]
src/probe/radar_dns_timeseries_groups/raw_client.py:1386: error: Argument "type_" to "parse_obj_as" has incompatible type "<typing special form>"; expected "type[Never]"  [arg-type]
src/probe/radar_dns_timeseries_groups/raw_client.py:1526: error: Argument "type_" to "parse_obj_as" has incompatible type "<typing special form>"; expected "type[Never]"  [arg-type]
src/probe/radar_dns_timeseries_groups/raw_client.py:1671: error: Argument "type_" to "parse_obj_as" has incompatible type "<typing special form>"; expected "type[Never]"  [arg-type]
src/probe/radar_dns_timeseries_groups/raw_client.py:1811: error: Argument "type_" to "parse_obj_as" has incompatible type "<typing special form>"; expected "type[Never]"  [arg-type]
src/probe/radar_dns_timeseries_groups/raw_client.py:1951: error: Argument "type_" to "parse_obj_as" has incompatible type "<typing special form>"; expected "type[Never]"  [arg-type]
src/probe/radar_dns_timeseries_groups/raw_client.py:2091: error: Argument "type_" to "parse_obj_as" has incompatible type "<typing special form>"; expected "type[Never]"  [arg-type]
src/probe/radar_dns_timeseries_groups/raw_client.py:2231: error: Argument "type_" to "parse_obj_as" has incompatible type "<typing special form>"; expected "type[Never]"  [arg-type]
src/probe/radar_dns_timeseries_groups/raw_client.py:2371: error: Argument "type_" to "parse_obj_as" has incompatible type "<typing special form>"; expected "type[Never]"  [arg-type]
src/probe/radar_dns_timeseries_groups/raw_client.py:2501: error: Argument "type_" to "parse_obj_as" has incompatible type "<typing special form>"; expected "type[Never]"  [arg-type]
src/probe/radar_dns_timeseries_groups/raw_client.py:2636: error: Argument "type_" to "parse_obj_as" has incompatible type "<typing special form>"; expected "type[Never]"  [arg-type]
src/probe/radar_dns_timeseries_groups/raw_client.py:2771: error: Argument "type_" to "parse_obj_as" has incompatible type "<typing special form>"; expected "type[Never]"  [arg-type]
src/probe/radar_dns_timeseries_groups/raw_client.py:2911: error: Argument "type_" to "parse_obj_as" has incompatible type "<typing special form>"; expected "type[Never]"  [arg-type]
src/probe/radar_dns_summary/raw_client.py:206: error: Argument "type_" to "parse_obj_as" has incompatible type "<typing special form>"; expected "type[Never]"  [arg-type]
src/probe/radar_dns_summary/raw_client.py:339: error: Argument "type_" to "parse_obj_as" has incompatible type "<typing special form>"; expected "type[Never]"  [arg-type]
src/probe/radar_dns_summary/raw_client.py:474: error: Argument "type_" to "parse_obj_as" has incompatible type "<typing special form>"; expected "type[Never]"  [arg-type]
src/probe/radar_dns_summary/raw_client.py:609: error: Argument "type_" to "parse_obj_as" has incompatible type "<typing special form>"; expected "type[Never]"  [arg-type]
src/probe/radar_dns_summary/raw_client.py:744: error: Argument "type_" to "parse_obj_as" has incompatible type "<typing special form>"; expected "type[Never]"  [arg-type]
src/probe/radar_dns_summary/raw_client.py:879: error: Argument "type_" to "parse_obj_as" has incompatible type "<typing special form>"; expected "type[Never]"  [arg-type]
src/probe/radar_dns_summary/raw_client.py:1004: error: Argument "type_" to "parse_obj_as" has incompatible type "<typing special form>"; expected "type[Never]"  [arg-type]
src/probe/radar_dns_summary/raw_client.py:1134: error: Argument "type_" to "parse_obj_as" has incompatible type "<typing special form>"; expected "type[Never]"  [arg-type]
src/probe/radar_dns_summary/raw_client.py:1264: error: Argument "type_" to "parse_obj_as" has incompatible type "<typing special form>"; expected "type[Never]"  [arg-type]
src/probe/radar_dns_summary/raw_client.py:1399: error: Argument "type_" to "parse_obj_as" has incompatible type "<typing special form>"; expected "type[Never]"  [arg-type]
src/probe/radar_dns_summary/raw_client.py:1538: error: Argument "type_" to "parse_obj_as" has incompatible type "<typing special form>"; expected "type[Never]"  [arg-type]
src/probe/radar_dns_summary/raw_client.py:1671: error: Argument "type_" to "parse_obj_as" has incompatible type "<typing special form>"; expected "type[Never]"  [arg-type]
src/probe/radar_dns_summary/raw_client.py:1806: error: Argument "type_" to "parse_obj_as" has incompatible type "<typing special form>"; expected "type[Never]"  [arg-type]
src/probe/radar_dns_summary/raw_client.py:1941: error: Argument "type_" to "parse_obj_as" has incompatible type "<typing special form>"; expected "type[Never]"  [arg-type]
src/probe/radar_dns_summary/raw_client.py:2076: error: Argument "type_" to "parse_obj_as" has incompatible type "<typing special form>"; expected "type[Never]"  [arg-type]
src/probe/radar_dns_summary/raw_client.py:2211: error: Argument "type_" to "parse_obj_as" has incompatible type "<typing special form>"; expected "type[Never]"  [arg-type]
src/probe/radar_dns_summary/raw_client.py:2336: error: Argument "type_" to "parse_obj_as" has incompatible type "<typing special form>"; expected "type[Never]"  [arg-type]
src/probe/radar_dns_summary/raw_client.py:2466: error: Argument "type_" to "parse_obj_as" has incompatible type "<typing special form>"; expected "type[Never]"  [arg-type]
src/probe/radar_dns_summary/raw_client.py:2596: error: Argument "type_" to "parse_obj_as" has incompatible type "<typing special form>"; expected "type[Never]"  [arg-type]
src/probe/radar_dns_summary/raw_client.py:2731: error: Argument "type_" to "parse_obj_as" has incompatible type "<typing special form>"; expected "type[Never]"  [arg-type]
src/probe/radar_dns/raw_client.py:230: error: Argument "type_" to "parse_obj_as" has incompatible type "<typing special form>"; expected "type[Never]"  [arg-type]
src/probe/radar_dns/raw_client.py:414: error: Argument "type_" to "parse_obj_as" has incompatible type "<typing special form>"; expected "type[Never]"  [arg-type]
src/probe/radar_dns/raw_client.py:623: error: Argument "type_" to "parse_obj_as" has incompatible type "<typing special form>"; expected "type[Never]"  [arg-type]
src/probe/radar_dns/raw_client.py:812: error: Argument "type_" to "parse_obj_as" has incompatible type "<typing special form>"; expected "type[Never]"  [arg-type]
src/probe/radar_dns/raw_client.py:996: error: Argument "type_" to "parse_obj_as" has incompatible type "<typing special form>"; expected "type[Never]"  [arg-type]
src/probe/radar_dns/raw_client.py:1205: error: Argument "type_" to "parse_obj_as" has incompatible type "<typing special form>"; expected "type[Never]"  [arg-type]
src/probe/radar_ct_logs/raw_client.py:82: error: Argument "type_" to "parse_obj_as" has incompatible type "<typing special form>"; expected "type[Never]"  [arg-type]
src/probe/radar_ct_logs/raw_client.py:146: error: Argument "type_" to "parse_obj_as" has incompatible type "<typing special form>"; expected "type[Never]"  [arg-type]
src/probe/radar_ct_logs/raw_client.py:221: error: Argument "type_" to "parse_obj_as" has incompatible type "<typing special form>"; expected "type[Never]"  [arg-type]
src/probe/radar_ct_logs/raw_client.py:285: error: Argument "type_" to "parse_obj_as" has incompatible type "<typing special form>"; expected "type[Never]"  [arg-type]
src/probe/radar_ct/raw_client.py:251: error: Argument "type_" to "parse_obj_as" has incompatible type "<typing special form>"; expected "type[Never]"  [arg-type]
src/probe/radar_ct/raw_client.py:441: error: Argument "type_" to "parse_obj_as" has incompatible type "<typing special form>"; expected "type[Never]"  [arg-type]
src/probe/radar_ct/raw_client.py:653: error: Argument "type_" to "parse_obj_as" has incompatible type "<typing special form>"; expected "type[Never]"  [arg-type]
src/probe/radar_ct/raw_client.py:855: error: Argument "type_" to "parse_obj_as" has incompatible type "<typing special form>"; expected "type[Never]"  [arg-type]
src/probe/radar_ct/raw_client.py:1045: error: Argument "type_" to "parse_obj_as" has incompatible type "<typing special form>"; expected "type[Never]"  [arg-type]
src/probe/radar_ct/raw_client.py:1257: error: Argument "type_" to "parse_obj_as" has incompatible type "<typing special form>"; expected "type[Never]"  [arg-type]
src/probe/radar_bots_web_crawlers/raw_client.py:165: error: Argument "type_" to "parse_obj_as" has incompatible type "<typing special form>"; expected "type[Never]"  [arg-type]
src/probe/radar_bots_web_crawlers/raw_client.py:304: error: Argument "type_" to "parse_obj_as" has incompatible type "<typing special form>"; expected "type[Never]"  [arg-type]
src/probe/radar_bots_web_crawlers/raw_client.py:438: error: Argument "type_" to "parse_obj_as" has incompatible type "<typing special form>"; expected "type[Never]"  [arg-type]
src/probe/radar_bots_web_crawlers/raw_client.py:577: error: Argument "type_" to "parse_obj_as" has incompatible type "<typing special form>"; expected "type[Never]"  [arg-type]
src/probe/radar_bots/raw_client.py:133: error: Argument "type_" to "parse_obj_as" has incompatible type "<typing special form>"; expected "type[Never]"  [arg-type]
src/probe/radar_bots/raw_client.py:197: error: Argument "type_" to "parse_obj_as" has incompatible type "<typing special form>"; expected "type[Never]"  [arg-type]
src/probe/radar_bots/raw_client.py:337: error: Argument "type_" to "parse_obj_as" has incompatible type "<typing special form>"; expected "type[Never]"  [arg-type]
src/probe/radar_bots/raw_client.py:473: error: Argument "type_" to "parse_obj_as" has incompatible type "<typing special form>"; expected "type[Never]"  [arg-type]
src/probe/radar_bots/raw_client.py:622: error: Argument "type_" to "parse_obj_as" has incompatible type "<typing special form>"; expected "type[Never]"  [arg-type]
src/probe/radar_bots/raw_client.py:717: error: Argument "type_" to "parse_obj_as" has incompatible type "<typing special form>"; expected "type[Never]"  [arg-type]
src/probe/radar_bots/raw_client.py:781: error: Argument "type_" to "parse_obj_as" has incompatible type "<typing special form>"; expected "type[Never]"  [arg-type]
src/probe/radar_bots/raw_client.py:921: error: Argument "type_" to "parse_obj_as" has incompatible type "<typing special form>"; expected "type[Never]"  [arg-type]
src/probe/radar_bots/raw_client.py:1057: error: Argument "type_" to "parse_obj_as" has incompatible type "<typing special form>"; expected "type[Never]"  [arg-type]
src/probe/radar_bots/raw_client.py:1206: error: Argument "type_" to "parse_obj_as" has incompatible type "<typing special form>"; expected "type[Never]"  [arg-type]
src/probe/radar_bgp_ips/raw_client.py:114: error: Argument "type_" to "parse_obj_as" has incompatible type "<typing special form>"; expected "type[Never]"  [arg-type]
src/probe/radar_bgp_ips/raw_client.py:223: error: Argument "type_" to "parse_obj_as" has incompatible type "<typing special form>"; expected "type[Never]"  [arg-type]
src/probe/radar_bgp/raw_client.py:115: error: Argument "type_" to "parse_obj_as" has incompatible type "<typing special form>"; expected "type[Never]"  [arg-type]
src/probe/radar_bgp/raw_client.py:224: error: Argument "type_" to "parse_obj_as" has incompatible type "<typing special form>"; expected "type[Never]"  [arg-type]
src/probe/radar_attacks_layer7top_locations/raw_client.py:165: error: Argument "type_" to "parse_obj_as" has incompatible type "<typing special form>"; expected "type[Never]"  [arg-type]
src/probe/radar_attacks_layer7top_locations/raw_client.py:265: error: Argument "type_" to "parse_obj_as" has incompatible type "<typing special form>"; expected "type[Never]"  [arg-type]
src/probe/radar_attacks_layer7top_locations/raw_client.py:405: error: Argument "type_" to "parse_obj_as" has incompatible type "<typing special form>"; expected "type[Never]"  [arg-type]
src/probe/radar_attacks_layer7top_locations/raw_client.py:505: error: Argument "type_" to "parse_obj_as" has incompatible type "<typing special form>"; expected "type[Never]"  [arg-type]
src/probe/radar_attacks_layer7top_ases/raw_client.py:156: error: Argument "type_" to "parse_obj_as" has incompatible type "<typing special form>"; expected "type[Never]"  [arg-type]
src/probe/radar_attacks_layer7top_ases/raw_client.py:296: error: Argument "type_" to "parse_obj_as" has incompatible type "<typing special form>"; expected "type[Never]"  [arg-type]
src/probe/radar_attacks_layer7top/raw_client.py:171: error: Argument "type_" to "parse_obj_as" has incompatible type "<typing special form>"; expected "type[Never]"  [arg-type]
src/probe/radar_attacks_layer7top/raw_client.py:311: error: Argument "type_" to "parse_obj_as" has incompatible type "<typing special form>"; expected "type[Never]"  [arg-type]
src/probe/radar_attacks_layer7top/raw_client.py:451: error: Argument "type_" to "parse_obj_as" has incompatible type "<typing special form>"; expected "type[Never]"  [arg-type]
src/probe/radar_attacks_layer7top/raw_client.py:581: error: Argument "type_" to "parse_obj_as" has incompatible type "<typing special form>"; expected "type[Never]"  [arg-type]
src/probe/radar_attacks_layer7top/raw_client.py:721: error: Argument "type_" to "parse_obj_as" has incompatible type "<typing special form>"; expected "type[Never]"  [arg-type]
src/probe/radar_attacks_layer7top/raw_client.py:861: error: Argument "type_" to "parse_obj_as" has incompatible type "<typing special form>"; expected "type[Never]"  [arg-type]
src/probe/radar_attacks_layer7timeseries_groups/raw_client.py:303: error: Argument "type_" to "parse_obj_as" has incompatible type "<typing special form>"; expected "type[Never]"  [arg-type]
src/probe/radar_attacks_layer7timeseries_groups/raw_client.py:438: error: Argument "type_" to "parse_obj_as" has incompatible type "<typing special form>"; expected "type[Never]"  [arg-type]
src/probe/radar_attacks_layer7timeseries_groups/raw_client.py:588: error: Argument "type_" to "parse_obj_as" has incompatible type "<typing special form>"; expected "type[Never]"  [arg-type]
src/probe/radar_attacks_layer7timeseries_groups/raw_client.py:723: error: Argument "type_" to "parse_obj_as" has incompatible type "<typing special form>"; expected "type[Never]"  [arg-type]
src/probe/radar_attacks_layer7timeseries_groups/raw_client.py:873: error: Argument "type_" to "parse_obj_as" has incompatible type "<typing special form>"; expected "type[Never]"  [arg-type]
src/probe/radar_attacks_layer7timeseries_groups/raw_client.py:1013: error: Argument "type_" to "parse_obj_as" has incompatible type "<typing special form>"; expected "type[Never]"  [arg-type]
src/probe/radar_attacks_layer7timeseries_groups/raw_client.py:1163: error: Argument "type_" to "parse_obj_as" has incompatible type "<typing special form>"; expected "type[Never]"  [arg-type]
src/probe/radar_attacks_layer7timeseries_groups/raw_client.py:1308: error: Argument "type_" to "parse_obj_as" has incompatible type "<typing special form>"; expected "type[Never]"  [arg-type]
src/probe/radar_attacks_layer7timeseries_groups/raw_client.py:1443: error: Argument "type_" to "parse_obj_as" has incompatible type "<typing special form>"; expected "type[Never]"  [arg-type]
src/probe/radar_attacks_layer7timeseries_groups/raw_client.py:1593: error: Argument "type_" to "parse_obj_as" has incompatible type "<typing special form>"; expected "type[Never]"  [arg-type]
src/probe/radar_attacks_layer7timeseries_groups/raw_client.py:1728: error: Argument "type_" to "parse_obj_as" has incompatible type "<typing special form>"; expected "type[Never]"  [arg-type]
src/probe/radar_attacks_layer7timeseries_groups/raw_client.py:1878: error: Argument "type_" to "parse_obj_as" has incompatible type "<typing special form>"; expected "type[Never]"  [arg-type]
src/probe/radar_attacks_layer7timeseries_groups/raw_client.py:2018: error: Argument "type_" to "parse_obj_as" has incompatible type "<typing special form>"; expected "type[Never]"  [arg-type]
src/probe/radar_attacks_layer7timeseries_groups/raw_client.py:2168: error: Argument "type_" to "parse_obj_as" has incompatible type "<typing special form>"; expected "type[Never]"  [arg-type]
src/probe/radar_attacks_layer7summary/raw_client.py:233: error: Argument "type_" to "parse_obj_as" has incompatible type "<typing special form>"; expected "type[Never]"  [arg-type]
src/probe/radar_attacks_layer7summary/raw_client.py:358: error: Argument "type_" to "parse_obj_as" has incompatible type "<typing special form>"; expected "type[Never]"  [arg-type]
src/probe/radar_attacks_layer7summary/raw_client.py:498: error: Argument "type_" to "parse_obj_as" has incompatible type "<typing special form>"; expected "type[Never]"  [arg-type]
src/probe/radar_attacks_layer7summary/raw_client.py:623: error: Argument "type_" to "parse_obj_as" has incompatible type "<typing special form>"; expected "type[Never]"  [arg-type]
src/probe/radar_attacks_layer7summary/raw_client.py:763: error: Argument "type_" to "parse_obj_as" has incompatible type "<typing special form>"; expected "type[Never]"  [arg-type]
src/probe/radar_attacks_layer7summary/raw_client.py:893: error: Argument "type_" to "parse_obj_as" has incompatible type "<typing special form>"; expected "type[Never]"  [arg-type]
src/probe/radar_attacks_layer7summary/raw_client.py:1033: error: Argument "type_" to "parse_obj_as" has incompatible type "<typing special form>"; expected "type[Never]"  [arg-type]
src/probe/radar_attacks_layer7summary/raw_client.py:1168: error: Argument "type_" to "parse_obj_as" has incompatible type "<typing special form>"; expected "type[Never]"  [arg-type]
src/probe/radar_attacks_layer7summary/raw_client.py:1293: error: Argument "type_" to "parse_obj_as" has incompatible type "<typing special form>"; expected "type[Never]"  [arg-type]
src/probe/radar_attacks_layer7summary/raw_client.py:1433: error: Argument "type_" to "parse_obj_as" has incompatible type "<typing special form>"; expected "type[Never]"  [arg-type]
src/probe/radar_attacks_layer7summary/raw_client.py:1558: error: Argument "type_" to "parse_obj_as" has incompatible type "<typing special form>"; expected "type[Never]"  [arg-type]
src/probe/radar_attacks_layer7summary/raw_client.py:1698: error: Argument "type_" to "parse_obj_as" has incompatible type "<typing special form>"; expected "type[Never]"  [arg-type]
src/probe/radar_attacks_layer7summary/raw_client.py:1828: error: Argument "type_" to "parse_obj_as" has incompatible type "<typing special form>"; expected "type[Never]"  [arg-type]
src/probe/radar_attacks_layer7summary/raw_client.py:1968: error: Argument "type_" to "parse_obj_as" has incompatible type "<typing special form>"; expected "type[Never]"  [arg-type]
src/probe/radar_attacks_layer7/raw_client.py:206: error: Argument "type_" to "parse_obj_as" has incompatible type "<typing special form>"; expected "type[Never]"  [arg-type]
src/probe/radar_attacks_layer7/raw_client.py:351: error: Argument "type_" to "parse_obj_as" has incompatible type "<typing special form>"; expected "type[Never]"  [arg-type]
src/probe/radar_attacks_layer7/raw_client.py:505: error: Argument "type_" to "parse_obj_as" has incompatible type "<typing special form>"; expected "type[Never]"  [arg-type]
src/probe/radar_attacks_layer7/raw_client.py:654: error: Argument "type_" to "parse_obj_as" has incompatible type "<typing special form>"; expected "type[Never]"  [arg-type]
src/probe/radar_attacks_layer7/raw_client.py:799: error: Argument "type_" to "parse_obj_as" has incompatible type "<typing special form>"; expected "type[Never]"  [arg-type]
src/probe/radar_attacks_layer7/raw_client.py:953: error: Argument "type_" to "parse_obj_as" has incompatible type "<typing special form>"; expected "type[Never]"  [arg-type]
src/probe/radar_attacks_layer3top_locations/raw_client.py:142: error: Argument "type_" to "parse_obj_as" has incompatible type "<typing special form>"; expected "type[Never]"  [arg-type]
src/probe/radar_attacks_layer3top_locations/raw_client.py:257: error: Argument "type_" to "parse_obj_as" has incompatible type "<typing special form>"; expected "type[Never]"  [arg-type]
src/probe/radar_attacks_layer3top_locations/raw_client.py:377: error: Argument "type_" to "parse_obj_as" has incompatible type "<typing special form>"; expected "type[Never]"  [arg-type]
src/probe/radar_attacks_layer3top_locations/raw_client.py:492: error: Argument "type_" to "parse_obj_as" has incompatible type "<typing special form>"; expected "type[Never]"  [arg-type]
src/probe/radar_attacks_layer3top/raw_client.py:171: error: Argument "type_" to "parse_obj_as" has incompatible type "<typing special form>"; expected "type[Never]"  [arg-type]
src/probe/radar_attacks_layer3top/raw_client.py:286: error: Argument "type_" to "parse_obj_as" has incompatible type "<typing special form>"; expected "type[Never]"  [arg-type]
src/probe/radar_attacks_layer3top/raw_client.py:401: error: Argument "type_" to "parse_obj_as" has incompatible type "<typing special form>"; expected "type[Never]"  [arg-type]
src/probe/radar_attacks_layer3top/raw_client.py:541: error: Argument "type_" to "parse_obj_as" has incompatible type "<typing special form>"; expected "type[Never]"  [arg-type]
src/probe/radar_attacks_layer3top/raw_client.py:656: error: Argument "type_" to "parse_obj_as" has incompatible type "<typing special form>"; expected "type[Never]"  [arg-type]
src/probe/radar_attacks_layer3top/raw_client.py:771: error: Argument "type_" to "parse_obj_as" has incompatible type "<typing special form>"; expected "type[Never]"  [arg-type]
src/probe/radar_attacks_layer3timeseries_groups/raw_client.py:273: error: Argument "type_" to "parse_obj_as" has incompatible type "<typing special form>"; expected "type[Never]"  [arg-type]
src/probe/radar_attacks_layer3timeseries_groups/raw_client.py:398: error: Argument "type_" to "parse_obj_as" has incompatible type "<typing special form>"; expected "type[Never]"  [arg-type]
src/probe/radar_attacks_layer3timeseries_groups/raw_client.py:528: error: Argument "type_" to "parse_obj_as" has incompatible type "<typing special form>"; expected "type[Never]"  [arg-type]
src/probe/radar_attacks_layer3timeseries_groups/raw_client.py:643: error: Argument "type_" to "parse_obj_as" has incompatible type "<typing special form>"; expected "type[Never]"  [arg-type]
src/probe/radar_attacks_layer3timeseries_groups/raw_client.py:758: error: Argument "type_" to "parse_obj_as" has incompatible type "<typing special form>"; expected "type[Never]"  [arg-type]
src/probe/radar_attacks_layer3timeseries_groups/raw_client.py:888: error: Argument "type_" to "parse_obj_as" has incompatible type "<typing special form>"; expected "type[Never]"  [arg-type]
src/probe/radar_attacks_layer3timeseries_groups/raw_client.py:1018: error: Argument "type_" to "parse_obj_as" has incompatible type "<typing special form>"; expected "type[Never]"  [arg-type]
src/probe/radar_attacks_layer3timeseries_groups/raw_client.py:1148: error: Argument "type_" to "parse_obj_as" has incompatible type "<typing special form>"; expected "type[Never]"  [arg-type]
src/probe/radar_attacks_layer3timeseries_groups/raw_client.py:1273: error: Argument "type_" to "parse_obj_as" has incompatible type "<typing special form>"; expected "type[Never]"  [arg-type]
src/probe/radar_attacks_layer3timeseries_groups/raw_client.py:1403: error: Argument "type_" to "parse_obj_as" has incompatible type "<typing special form>"; expected "type[Never]"  [arg-type]
src/probe/radar_attacks_layer3timeseries_groups/raw_client.py:1518: error: Argument "type_" to "parse_obj_as" has incompatible type "<typing special form>"; expected "type[Never]"  [arg-type]
src/probe/radar_attacks_layer3timeseries_groups/raw_client.py:1633: error: Argument "type_" to "parse_obj_as" has incompatible type "<typing special form>"; expected "type[Never]"  [arg-type]
src/probe/radar_attacks_layer3timeseries_groups/raw_client.py:1763: error: Argument "type_" to "parse_obj_as" has incompatible type "<typing special form>"; expected "type[Never]"  [arg-type]
src/probe/radar_attacks_layer3timeseries_groups/raw_client.py:1893: error: Argument "type_" to "parse_obj_as" has incompatible type "<typing special form>"; expected "type[Never]"  [arg-type]
src/probe/radar_attacks_layer3summary/raw_client.py:191: error: Argument "type_" to "parse_obj_as" has incompatible type "<typing special form>"; expected "type[Never]"  [arg-type]
src/probe/radar_attacks_layer3summary/raw_client.py:306: error: Argument "type_" to "parse_obj_as" has incompatible type "<typing special form>"; expected "type[Never]"  [arg-type]
src/probe/radar_attacks_layer3summary/raw_client.py:426: error: Argument "type_" to "parse_obj_as" has incompatible type "<typing special form>"; expected "type[Never]"  [arg-type]
src/probe/radar_attacks_layer3summary/raw_client.py:531: error: Argument "type_" to "parse_obj_as" has incompatible type "<typing special form>"; expected "type[Never]"  [arg-type]
src/probe/radar_attacks_layer3summary/raw_client.py:636: error: Argument "type_" to "parse_obj_as" has incompatible type "<typing special form>"; expected "type[Never]"  [arg-type]
src/probe/radar_attacks_layer3summary/raw_client.py:756: error: Argument "type_" to "parse_obj_as" has incompatible type "<typing special form>"; expected "type[Never]"  [arg-type]
src/probe/radar_attacks_layer3summary/raw_client.py:876: error: Argument "type_" to "parse_obj_as" has incompatible type "<typing special form>"; expected "type[Never]"  [arg-type]
src/probe/radar_attacks_layer3summary/raw_client.py:996: error: Argument "type_" to "parse_obj_as" has incompatible type "<typing special form>"; expected "type[Never]"  [arg-type]
src/probe/radar_attacks_layer3summary/raw_client.py:1111: error: Argument "type_" to "parse_obj_as" has incompatible type "<typing special form>"; expected "type[Never]"  [arg-type]
src/probe/radar_attacks_layer3summary/raw_client.py:1231: error: Argument "type_" to "parse_obj_as" has incompatible type "<typing special form>"; expected "type[Never]"  [arg-type]
src/probe/radar_attacks_layer3summary/raw_client.py:1336: error: Argument "type_" to "parse_obj_as" has incompatible type "<typing special form>"; expected "type[Never]"  [arg-type]
src/probe/radar_attacks_layer3summary/raw_client.py:1441: error: Argument "type_" to "parse_obj_as" has incompatible type "<typing special form>"; expected "type[Never]"  [arg-type]
src/probe/radar_attacks_layer3summary/raw_client.py:1561: error: Argument "type_" to "parse_obj_as" has incompatible type "<typing special form>"; expected "type[Never]"  [arg-type]
src/probe/radar_attacks_layer3summary/raw_client.py:1681: error: Argument "type_" to "parse_obj_as" has incompatible type "<typing special form>"; expected "type[Never]"  [arg-type]
src/probe/radar_attacks_layer3/raw_client.py:170: error: Argument "type_" to "parse_obj_as" has incompatible type "<typing special form>"; expected "type[Never]"  [arg-type]
src/probe/radar_attacks_layer3/raw_client.py:305: error: Argument "type_" to "parse_obj_as" has incompatible type "<typing special form>"; expected "type[Never]"  [arg-type]
src/probe/radar_attacks_layer3/raw_client.py:439: error: Argument "type_" to "parse_obj_as" has incompatible type "<typing special form>"; expected "type[Never]"  [arg-type]
src/probe/radar_attacks_layer3/raw_client.py:568: error: Argument "type_" to "parse_obj_as" has incompatible type "<typing special form>"; expected "type[Never]"  [arg-type]
src/probe/radar_attacks_layer3/raw_client.py:703: error: Argument "type_" to "parse_obj_as" has incompatible type "<typing special form>"; expected "type[Never]"  [arg-type]
src/probe/radar_attacks_layer3/raw_client.py:837: error: Argument "type_" to "parse_obj_as" has incompatible type "<typing special form>"; expected "type[Never]"  [arg-type]
src/probe/radar_as112top/raw_client.py:114: error: Argument "type_" to "parse_obj_as" has incompatible type "<typing special form>"; expected "type[Never]"  [arg-type]
src/probe/radar_as112top/raw_client.py:213: error: Argument "type_" to "parse_obj_as" has incompatible type "<typing special form>"; expected "type[Never]"  [arg-type]
src/probe/radar_as112top/raw_client.py:312: error: Argument "type_" to "parse_obj_as" has incompatible type "<typing special form>"; expected "type[Never]"  [arg-type]
src/probe/radar_as112top/raw_client.py:411: error: Argument "type_" to "parse_obj_as" has incompatible type "<typing special form>"; expected "type[Never]"  [arg-type]
src/probe/radar_as112top/raw_client.py:511: error: Argument "type_" to "parse_obj_as" has incompatible type "<typing special form>"; expected "type[Never]"  [arg-type]
src/probe/radar_as112top/raw_client.py:610: error: Argument "type_" to "parse_obj_as" has incompatible type "<typing special form>"; expected "type[Never]"  [arg-type]
src/probe/radar_as112top/raw_client.py:709: error: Argument "type_" to "parse_obj_as" has incompatible type "<typing special form>"; expected "type[Never]"  [arg-type]
src/probe/radar_as112top/raw_client.py:808: error: Argument "type_" to "parse_obj_as" has incompatible type "<typing special form>"; expected "type[Never]"  [arg-type]
src/probe/radar_as112timeseries_groups/raw_client.py:213: error: Argument "type_" to "parse_obj_as" has incompatible type "<typing special form>"; expected "type[Never]"  [arg-type]
src/probe/radar_as112timeseries_groups/raw_client.py:338: error: Argument "type_" to "parse_obj_as" has incompatible type "<typing special form>"; expected "type[Never]"  [arg-type]
src/probe/radar_as112timeseries_groups/raw_client.py:463: error: Argument "type_" to "parse_obj_as" has incompatible type "<typing special form>"; expected "type[Never]"  [arg-type]
src/probe/radar_as112timeseries_groups/raw_client.py:578: error: Argument "type_" to "parse_obj_as" has incompatible type "<typing special form>"; expected "type[Never]"  [arg-type]
src/probe/radar_as112timeseries_groups/raw_client.py:698: error: Argument "type_" to "parse_obj_as" has incompatible type "<typing special form>"; expected "type[Never]"  [arg-type]
src/probe/radar_as112timeseries_groups/raw_client.py:818: error: Argument "type_" to "parse_obj_as" has incompatible type "<typing special form>"; expected "type[Never]"  [arg-type]
src/probe/radar_as112timeseries_groups/raw_client.py:948: error: Argument "type_" to "parse_obj_as" has incompatible type "<typing special form>"; expected "type[Never]"  [arg-type]
src/probe/radar_as112timeseries_groups/raw_client.py:1073: error: Argument "type_" to "parse_obj_as" has incompatible type "<typing special form>"; expected "type[Never]"  [arg-type]
src/probe/radar_as112timeseries_groups/raw_client.py:1198: error: Argument "type_" to "parse_obj_as" has incompatible type "<typing special form>"; expected "type[Never]"  [arg-type]
src/probe/radar_as112timeseries_groups/raw_client.py:1313: error: Argument "type_" to "parse_obj_as" has incompatible type "<typing special form>"; expected "type[Never]"  [arg-type]
src/probe/radar_as112timeseries_groups/raw_client.py:1433: error: Argument "type_" to "parse_obj_as" has incompatible type "<typing special form>"; expected "type[Never]"  [arg-type]
src/probe/radar_as112timeseries_groups/raw_client.py:1553: error: Argument "type_" to "parse_obj_as" has incompatible type "<typing special form>"; expected "type[Never]"  [arg-type]
src/probe/radar_as112summary/raw_client.py:163: error: Argument "type_" to "parse_obj_as" has incompatible type "<typing special form>"; expected "type[Never]"  [arg-type]
src/probe/radar_as112summary/raw_client.py:281: error: Argument "type_" to "parse_obj_as" has incompatible type "<typing special form>"; expected "type[Never]"  [arg-type]
src/probe/radar_as112summary/raw_client.py:401: error: Argument "type_" to "parse_obj_as" has incompatible type "<typing special form>"; expected "type[Never]"  [arg-type]
src/probe/radar_as112summary/raw_client.py:511: error: Argument "type_" to "parse_obj_as" has incompatible type "<typing special form>"; expected "type[Never]"  [arg-type]
src/probe/radar_as112summary/raw_client.py:626: error: Argument "type_" to "parse_obj_as" has incompatible type "<typing special form>"; expected "type[Never]"  [arg-type]
src/probe/radar_as112summary/raw_client.py:741: error: Argument "type_" to "parse_obj_as" has incompatible type "<typing special form>"; expected "type[Never]"  [arg-type]
src/probe/radar_as112summary/raw_client.py:865: error: Argument "type_" to "parse_obj_as" has incompatible type "<typing special form>"; expected "type[Never]"  [arg-type]
src/probe/radar_as112summary/raw_client.py:983: error: Argument "type_" to "parse_obj_as" has incompatible type "<typing special form>"; expected "type[Never]"  [arg-type]
src/probe/radar_as112summary/raw_client.py:1103: error: Argument "type_" to "parse_obj_as" has incompatible type "<typing special form>"; expected "type[Never]"  [arg-type]
src/probe/radar_as112summary/raw_client.py:1213: error: Argument "type_" to "parse_obj_as" has incompatible type "<typing special form>"; expected "type[Never]"  [arg-type]
src/probe/radar_as112summary/raw_client.py:1328: error: Argument "type_" to "parse_obj_as" has incompatible type "<typing special form>"; expected "type[Never]"  [arg-type]
src/probe/radar_as112summary/raw_client.py:1443: error: Argument "type_" to "parse_obj_as" has incompatible type "<typing special form>"; expected "type[Never]"  [arg-type]
src/probe/radar_as112/raw_client.py:157: error: Argument "type_" to "parse_obj_as" has incompatible type "<typing special form>"; expected "type[Never]"  [arg-type]
src/probe/radar_as112/raw_client.py:280: error: Argument "type_" to "parse_obj_as" has incompatible type "<typing special form>"; expected "type[Never]"  [arg-type]
src/probe/radar_as112/raw_client.py:414: error: Argument "type_" to "parse_obj_as" has incompatible type "<typing special form>"; expected "type[Never]"  [arg-type]
src/probe/radar_as112/raw_client.py:545: error: Argument "type_" to "parse_obj_as" has incompatible type "<typing special form>"; expected "type[Never]"  [arg-type]
src/probe/radar_as112/raw_client.py:668: error: Argument "type_" to "parse_obj_as" has incompatible type "<typing special form>"; expected "type[Never]"  [arg-type]
src/probe/radar_as112/raw_client.py:802: error: Argument "type_" to "parse_obj_as" has incompatible type "<typing special form>"; expected "type[Never]"  [arg-type]
src/probe/radar_ai_timeseries_groups/raw_client.py:171: error: Argument "type_" to "parse_obj_as" has incompatible type "<typing special form>"; expected "type[Never]"  [arg-type]
src/probe/radar_ai_timeseries_groups/raw_client.py:276: error: Argument "type_" to "parse_obj_as" has incompatible type "<typing special form>"; expected "type[Never]"  [arg-type]
src/probe/radar_ai_timeseries_groups/raw_client.py:430: error: Argument "type_" to "parse_obj_as" has incompatible type "<typing special form>"; expected "type[Never]"  [arg-type]
src/probe/radar_ai_timeseries_groups/raw_client.py:535: error: Argument "type_" to "parse_obj_as" has incompatible type "<typing special form>"; expected "type[Never]"  [arg-type]
src/probe/radar_ai_markdown_for_agents/raw_client.py:96: error: Argument "type_" to "parse_obj_as" has incompatible type "<typing special form>"; expected "type[Never]"  [arg-type]
src/probe/radar_ai_markdown_for_agents/raw_client.py:181: error: Argument "type_" to "parse_obj_as" has incompatible type "<typing special form>"; expected "type[Never]"  [arg-type]
src/probe/radar_ai_markdown_for_agents/raw_client.py:266: error: Argument "type_" to "parse_obj_as" has incompatible type "<typing special form>"; expected "type[Never]"  [arg-type]
src/probe/radar_ai_markdown_for_agents/raw_client.py:351: error: Argument "type_" to "parse_obj_as" has incompatible type "<typing special form>"; expected "type[Never]"  [arg-type]
src/probe/radar_ai_inference_timeseries_groups_summary/raw_client.py:115: error: Argument "type_" to "parse_obj_as" has incompatible type "<typing special form>"; expected "type[Never]"  [arg-type]
src/probe/radar_ai_inference_timeseries_groups_summary/raw_client.py:205: error: Argument "type_" to "parse_obj_as" has incompatible type "<typing special form>"; expected "type[Never]"  [arg-type]
src/probe/radar_ai_inference_timeseries_groups_summary/raw_client.py:300: error: Argument "type_" to "parse_obj_as" has incompatible type "<typing special form>"; expected "type[Never]"  [arg-type]
src/probe/radar_ai_inference_timeseries_groups_summary/raw_client.py:390: error: Argument "type_" to "parse_obj_as" has incompatible type "<typing special form>"; expected "type[Never]"  [arg-type]
src/probe/radar_ai_inference_summary/raw_client.py:96: error: Argument "type_" to "parse_obj_as" has incompatible type "<typing special form>"; expected "type[Never]"  [arg-type]
src/probe/radar_ai_inference_summary/raw_client.py:181: error: Argument "type_" to "parse_obj_as" has incompatible type "<typing special form>"; expected "type[Never]"  [arg-type]
src/probe/radar_ai_inference_summary/raw_client.py:271: error: Argument "type_" to "parse_obj_as" has incompatible type "<typing special form>"; expected "type[Never]"  [arg-type]
src/probe/radar_ai_inference_summary/raw_client.py:356: error: Argument "type_" to "parse_obj_as" has incompatible type "<typing special form>"; expected "type[Never]"  [arg-type]
src/probe/radar_ai_inference/raw_client.py:126: error: Argument "type_" to "parse_obj_as" has incompatible type "<typing special form>"; expected "type[Never]"  [arg-type]
src/probe/radar_ai_inference/raw_client.py:240: error: Argument "type_" to "parse_obj_as" has incompatible type "<typing special form>"; expected "type[Never]"  [arg-type]
src/probe/radar_ai_inference/raw_client.py:349: error: Argument "type_" to "parse_obj_as" has incompatible type "<typing special form>"; expected "type[Never]"  [arg-type]
src/probe/radar_ai_inference/raw_client.py:463: error: Argument "type_" to "parse_obj_as" has incompatible type "<typing special form>"; expected "type[Never]"  [arg-type]
src/probe/radar_ai_bots_summary/raw_client.py:109: error: Argument "type_" to "parse_obj_as" has incompatible type "<typing special form>"; expected "type[Never]"  [arg-type]
src/probe/radar_ai_bots_summary/raw_client.py:214: error: Argument "type_" to "parse_obj_as" has incompatible type "<typing special form>"; expected "type[Never]"  [arg-type]
src/probe/radar_ai_bots/raw_client.py:176: error: Argument "type_" to "parse_obj_as" has incompatible type "<typing special form>"; expected "type[Never]"  [arg-type]
src/probe/radar_ai_bots/raw_client.py:335: error: Argument "type_" to "parse_obj_as" has incompatible type "<typing special form>"; expected "type[Never]"  [arg-type]
src/probe/radar_ai_bots/raw_client.py:490: error: Argument "type_" to "parse_obj_as" has incompatible type "<typing special form>"; expected "type[Never]"  [arg-type]
src/probe/radar_ai_bots/raw_client.py:649: error: Argument "type_" to "parse_obj_as" has incompatible type "<typing special form>"; expected "type[Never]"  [arg-type]
src/probe/r2data_catalog/raw_client.py:73: error: Argument "type_" to "parse_obj_as" has incompatible type "<typing special form>"; expected "type[Never]"  [arg-type]
src/probe/r2data_catalog/raw_client.py:84: error: Argument "type_" to "parse_obj_as" has incompatible type "<typing special form>"; expected "type[Never]"  [arg-type]
src/probe/r2data_catalog/raw_client.py:95: error: Argument "type_" to "parse_obj_as" has incompatible type "<typing special form>"; expected "type[Never]"  [arg-type]
src/probe/r2data_catalog/raw_client.py:106: error: Argument "type_" to "parse_obj_as" has incompatible type "<typing special form>"; expected "type[Never]"  [arg-type]
src/probe/r2data_catalog/raw_client.py:168: error: Argument "type_" to "parse_obj_as" has incompatible type "<typing special form>"; expected "type[Never]"  [arg-type]
src/probe/r2data_catalog/raw_client.py:179: error: Argument "type_" to "parse_obj_as" has incompatible type "<typing special form>"; expected "type[Never]"  [arg-type]
src/probe/r2data_catalog/raw_client.py:190: error: Argument "type_" to "parse_obj_as" has incompatible type "<typing special form>"; expected "type[Never]"  [arg-type]
src/probe/r2data_catalog/raw_client.py:201: error: Argument "type_" to "parse_obj_as" has incompatible type "<typing special form>"; expected "type[Never]"  [arg-type]
src/probe/r2data_catalog/raw_client.py:212: error: Argument "type_" to "parse_obj_as" has incompatible type "<typing special form>"; expected "type[Never]"  [arg-type]
src/probe/r2data_catalog/raw_client.py:272: error: Argument "type_" to "parse_obj_as" has incompatible type "<typing special form>"; expected "type[Never]"  [arg-type]
src/probe/r2data_catalog/raw_client.py:283: error: Argument "type_" to "parse_obj_as" has incompatible type "<typing special form>"; expected "type[Never]"  [arg-type]
src/probe/r2data_catalog/raw_client.py:294: error: Argument "type_" to "parse_obj_as" has incompatible type "<typing special form>"; expected "type[Never]"  [arg-type]
src/probe/r2data_catalog/raw_client.py:305: error: Argument "type_" to "parse_obj_as" has incompatible type "<typing special form>"; expected "type[Never]"  [arg-type]
src/probe/r2data_catalog/raw_client.py:316: error: Argument "type_" to "parse_obj_as" has incompatible type "<typing special form>"; expected "type[Never]"  [arg-type]
src/probe/r2data_catalog/raw_client.py:371: error: Argument "type_" to "parse_obj_as" has incompatible type "<typing special form>"; expected "type[Never]"  [arg-type]
src/probe/r2data_catalog/raw_client.py:382: error: Argument "type_" to "parse_obj_as" has incompatible type "<typing special form>"; expected "type[Never]"  [arg-type]
src/probe/r2data_catalog/raw_client.py:393: error: Argument "type_" to "parse_obj_as" has incompatible type "<typing special form>"; expected "type[Never]"  [arg-type]
src/probe/r2data_catalog/raw_client.py:404: error: Argument "type_" to "parse_obj_as" has incompatible type "<typing special form>"; expected "type[Never]"  [arg-type]
src/probe/r2data_catalog/raw_client.py:415: error: Argument "type_" to "parse_obj_as" has incompatible type "<typing special form>"; expected "type[Never]"  [arg-type]
src/probe/r2data_catalog/raw_client.py:478: error: Argument "type_" to "parse_obj_as" has incompatible type "<typing special form>"; expected "type[Never]"  [arg-type]
src/probe/r2data_catalog/raw_client.py:489: error: Argument "type_" to "parse_obj_as" has incompatible type "<typing special form>"; expected "type[Never]"  [arg-type]
src/probe/r2data_catalog/raw_client.py:500: error: Argument "type_" to "parse_obj_as" has incompatible type "<typing special form>"; expected "type[Never]"  [arg-type]
src/probe/r2data_catalog/raw_client.py:511: error: Argument "type_" to "parse_obj_as" has incompatible type "<typing special form>"; expected "type[Never]"  [arg-type]
src/probe/r2data_catalog/raw_client.py:522: error: Argument "type_" to "parse_obj_as" has incompatible type "<typing special form>"; expected "type[Never]"  [arg-type]
src/probe/r2data_catalog/raw_client.py:533: error: Argument "type_" to "parse_obj_as" has incompatible type "<typing special form>"; expected "type[Never]"  [arg-type]
src/probe/r2data_catalog/raw_client.py:594: error: Argument "type_" to "parse_obj_as" has incompatible type "<typing special form>"; expected "type[Never]"  [arg-type]
src/probe/r2data_catalog/raw_client.py:605: error: Argument "type_" to "parse_obj_as" has incompatible type "<typing special form>"; expected "type[Never]"  [arg-type]
src/probe/r2data_catalog/raw_client.py:616: error: Argument "type_" to "parse_obj_as" has incompatible type "<typing special form>"; expected "type[Never]"  [arg-type]
src/probe/r2data_catalog/raw_client.py:627: error: Argument "type_" to "parse_obj_as" has incompatible type "<typing special form>"; expected "type[Never]"  [arg-type]
src/probe/r2data_catalog/raw_client.py:689: error: Argument "type_" to "parse_obj_as" has incompatible type "<typing special form>"; expected "type[Never]"  [arg-type]
src/probe/r2data_catalog/raw_client.py:700: error: Argument "type_" to "parse_obj_as" has incompatible type "<typing special form>"; expected "type[Never]"  [arg-type]
src/probe/r2data_catalog/raw_client.py:711: error: Argument "type_" to "parse_obj_as" has incompatible type "<typing special form>"; expected "type[Never]"  [arg-type]
src/probe/r2data_catalog/raw_client.py:722: error: Argument "type_" to "parse_obj_as" has incompatible type "<typing special form>"; expected "type[Never]"  [arg-type]
src/probe/r2data_catalog/raw_client.py:733: error: Argument "type_" to "parse_obj_as" has incompatible type "<typing special form>"; expected "type[Never]"  [arg-type]
src/probe/r2data_catalog/raw_client.py:793: error: Argument "type_" to "parse_obj_as" has incompatible type "<typing special form>"; expected "type[Never]"  [arg-type]
src/probe/r2data_catalog/raw_client.py:804: error: Argument "type_" to "parse_obj_as" has incompatible type "<typing special form>"; expected "type[Never]"  [arg-type]
src/probe/r2data_catalog/raw_client.py:815: error: Argument "type_" to "parse_obj_as" has incompatible type "<typing special form>"; expected "type[Never]"  [arg-type]
src/probe/r2data_catalog/raw_client.py:826: error: Argument "type_" to "parse_obj_as" has incompatible type "<typing special form>"; expected "type[Never]"  [arg-type]
src/probe/r2data_catalog/raw_client.py:837: error: Argument "type_" to "parse_obj_as" has incompatible type "<typing special form>"; expected "type[Never]"  [arg-type]
src/probe/r2data_catalog/raw_client.py:892: error: Argument "type_" to "parse_obj_as" has incompatible type "<typing special form>"; expected "type[Never]"  [arg-type]
src/probe/r2data_catalog/raw_client.py:903: error: Argument "type_" to "parse_obj_as" has incompatible type "<typing special form>"; expected "type[Never]"  [arg-type]
src/probe/r2data_catalog/raw_client.py:914: error: Argument "type_" to "parse_obj_as" has incompatible type "<typing special form>"; expected "type[Never]"  [arg-type]
src/probe/r2data_catalog/raw_client.py:925: error: Argument "type_" to "parse_obj_as" has incompatible type "<typing special form>"; expected "type[Never]"  [arg-type]
src/probe/r2data_catalog/raw_client.py:936: error: Argument "type_" to "parse_obj_as" has incompatible type "<typing special form>"; expected "type[Never]"  [arg-type]
src/probe/r2data_catalog/raw_client.py:999: error: Argument "type_" to "parse_obj_as" has incompatible type "<typing special form>"; expected "type[Never]"  [arg-type]
src/probe/r2data_catalog/raw_client.py:1010: error: Argument "type_" to "parse_obj_as" has incompatible type "<typing special form>"; expected "type[Never]"  [arg-type]
src/probe/r2data_catalog/raw_client.py:1021: error: Argument "type_" to "parse_obj_as" has incompatible type "<typing special form>"; expected "type[Never]"  [arg-type]
src/probe/r2data_catalog/raw_client.py:1032: error: Argument "type_" to "parse_obj_as" has incompatible type "<typing special form>"; expected "type[Never]"  [arg-type]
src/probe/r2data_catalog/raw_client.py:1043: error: Argument "type_" to "parse_obj_as" has incompatible type "<typing special form>"; expected "type[Never]"  [arg-type]
src/probe/r2data_catalog/raw_client.py:1054: error: Argument "type_" to "parse_obj_as" has incompatible type "<typing special form>"; expected "type[Never]"  [arg-type]
src/probe/organizations_logs_audit/raw_client.py:397: error: Argument "type_" to "parse_obj_as" has incompatible type "<typing special form>"; expected "type[Never]"  [arg-type]
src/probe/organizations_logs_audit/raw_client.py:760: error: Argument "type_" to "parse_obj_as" has incompatible type "<typing special form>"; expected "type[Never]"  [arg-type]
src/probe/observability_queries/raw_client.py:98: error: Argument "type_" to "parse_obj_as" has incompatible type "<typing special form>"; expected "type[Never]"  [arg-type]
src/probe/observability_queries/raw_client.py:109: error: Argument "type_" to "parse_obj_as" has incompatible type "<typing special form>"; expected "type[Never]"  [arg-type]
src/probe/observability_queries/raw_client.py:120: error: Argument "type_" to "parse_obj_as" has incompatible type "<typing special form>"; expected "type[Never]"  [arg-type]
src/probe/observability_queries/raw_client.py:198: error: Argument "type_" to "parse_obj_as" has incompatible type "<typing special form>"; expected "type[Never]"  [arg-type]
src/probe/observability_queries/raw_client.py:209: error: Argument "type_" to "parse_obj_as" has incompatible type "<typing special form>"; expected "type[Never]"  [arg-type]
src/probe/observability_queries/raw_client.py:220: error: Argument "type_" to "parse_obj_as" has incompatible type "<typing special form>"; expected "type[Never]"  [arg-type]
src/probe/observability_queries/raw_client.py:276: error: Argument "type_" to "parse_obj_as" has incompatible type "<typing special form>"; expected "type[Never]"  [arg-type]
src/probe/observability_queries/raw_client.py:287: error: Argument "type_" to "parse_obj_as" has incompatible type "<typing special form>"; expected "type[Never]"  [arg-type]
src/probe/observability_queries/raw_client.py:298: error: Argument "type_" to "parse_obj_as" has incompatible type "<typing special form>"; expected "type[Never]"  [arg-type]
src/probe/observability_queries/raw_client.py:354: error: Argument "type_" to "parse_obj_as" has incompatible type "<typing special form>"; expected "type[Never]"  [arg-type]
src/probe/observability_queries/raw_client.py:365: error: Argument "type_" to "parse_obj_as" has incompatible type "<typing special form>"; expected "type[Never]"  [arg-type]
src/probe/observability_queries/raw_client.py:376: error: Argument "type_" to "parse_obj_as" has incompatible type "<typing special form>"; expected "type[Never]"  [arg-type]
src/probe/observability_queries/raw_client.py:457: error: Argument "type_" to "parse_obj_as" has incompatible type "<typing special form>"; expected "type[Never]"  [arg-type]
src/probe/observability_queries/raw_client.py:468: error: Argument "type_" to "parse_obj_as" has incompatible type "<typing special form>"; expected "type[Never]"  [arg-type]
src/probe/observability_queries/raw_client.py:479: error: Argument "type_" to "parse_obj_as" has incompatible type "<typing special form>"; expected "type[Never]"  [arg-type]
src/probe/observability_queries/raw_client.py:559: error: Argument "type_" to "parse_obj_as" has incompatible type "<typing special form>"; expected "type[Never]"  [arg-type]
src/probe/observability_queries/raw_client.py:570: error: Argument "type_" to "parse_obj_as" has incompatible type "<typing special form>"; expected "type[Never]"  [arg-type]
src/probe/observability_queries/raw_client.py:581: error: Argument "type_" to "parse_obj_as" has incompatible type "<typing special form>"; expected "type[Never]"  [arg-type]
src/probe/observability_queries/raw_client.py:659: error: Argument "type_" to "parse_obj_as" has incompatible type "<typing special form>"; expected "type[Never]"  [arg-type]
src/probe/observability_queries/raw_client.py:670: error: Argument "type_" to "parse_obj_as" has incompatible type "<typing special form>"; expected "type[Never]"  [arg-type]
src/probe/observability_queries/raw_client.py:681: error: Argument "type_" to "parse_obj_as" has incompatible type "<typing special form>"; expected "type[Never]"  [arg-type]
src/probe/observability_queries/raw_client.py:737: error: Argument "type_" to "parse_obj_as" has incompatible type "<typing special form>"; expected "type[Never]"  [arg-type]
src/probe/observability_queries/raw_client.py:748: error: Argument "type_" to "parse_obj_as" has incompatible type "<typing special form>"; expected "type[Never]"  [arg-type]
src/probe/observability_queries/raw_client.py:759: error: Argument "type_" to "parse_obj_as" has incompatible type "<typing special form>"; expected "type[Never]"  [arg-type]
src/probe/observability_queries/raw_client.py:815: error: Argument "type_" to "parse_obj_as" has incompatible type "<typing special form>"; expected "type[Never]"  [arg-type]
src/probe/observability_queries/raw_client.py:826: error: Argument "type_" to "parse_obj_as" has incompatible type "<typing special form>"; expected "type[Never]"  [arg-type]
src/probe/observability_queries/raw_client.py:837: error: Argument "type_" to "parse_obj_as" has incompatible type "<typing special form>"; expected "type[Never]"  [arg-type]
src/probe/observability_queries/raw_client.py:918: error: Argument "type_" to "parse_obj_as" has incompatible type "<typing special form>"; expected "type[Never]"  [arg-type]
src/probe/observability_queries/raw_client.py:929: error: Argument "type_" to "parse_obj_as" has incompatible type "<typing special form>"; expected "type[Never]"  [arg-type]
src/probe/observability_queries/raw_client.py:940: error: Argument "type_" to "parse_obj_as" has incompatible type "<typing special form>"; expected "type[Never]"  [arg-type]
src/probe/data_security_posture/raw_client.py:183: error: Argument "type_" to "parse_obj_as" has incompatible type "<typing special form>"; expected "type[Never]"  [arg-type]
src/probe/data_security_posture/raw_client.py:194: error: Argument "type_" to "parse_obj_as" has incompatible type "<typing special form>"; expected "type[Never]"  [arg-type]
src/probe/data_security_posture/raw_client.py:205: error: Argument "type_" to "parse_obj_as" has incompatible type "<typing special form>"; expected "type[Never]"  [arg-type]
src/probe/data_security_posture/raw_client.py:216: error: Argument "type_" to "parse_obj_as" has incompatible type "<typing special form>"; expected "type[Never]"  [arg-type]
src/probe/data_security_posture/raw_client.py:227: error: Argument "type_" to "parse_obj_as" has incompatible type "<typing special form>"; expected "type[Never]"  [arg-type]
src/probe/data_security_posture/raw_client.py:328: error: Argument "type_" to "parse_obj_as" has incompatible type "<typing special form>"; expected "type[Never]"  [arg-type]
src/probe/data_security_posture/raw_client.py:339: error: Argument "type_" to "parse_obj_as" has incompatible type "<typing special form>"; expected "type[Never]"  [arg-type]
src/probe/data_security_posture/raw_client.py:350: error: Argument "type_" to "parse_obj_as" has incompatible type "<typing special form>"; expected "type[Never]"  [arg-type]
src/probe/data_security_posture/raw_client.py:361: error: Argument "type_" to "parse_obj_as" has incompatible type "<typing special form>"; expected "type[Never]"  [arg-type]
src/probe/data_security_posture/raw_client.py:419: error: Argument "type_" to "parse_obj_as" has incompatible type "<typing special form>"; expected "type[Never]"  [arg-type]
src/probe/data_security_posture/raw_client.py:430: error: Argument "type_" to "parse_obj_as" has incompatible type "<typing special form>"; expected "type[Never]"  [arg-type]
src/probe/data_security_posture/raw_client.py:441: error: Argument "type_" to "parse_obj_as" has incompatible type "<typing special form>"; expected "type[Never]"  [arg-type]
src/probe/data_security_posture/raw_client.py:452: error: Argument "type_" to "parse_obj_as" has incompatible type "<typing special form>"; expected "type[Never]"  [arg-type]
src/probe/data_security_posture/raw_client.py:509: error: Argument "type_" to "parse_obj_as" has incompatible type "<typing special form>"; expected "type[Never]"  [arg-type]
src/probe/data_security_posture/raw_client.py:520: error: Argument "type_" to "parse_obj_as" has incompatible type "<typing special form>"; expected "type[Never]"  [arg-type]
src/probe/data_security_posture/raw_client.py:599: error: Argument "type_" to "parse_obj_as" has incompatible type "<typing special form>"; expected "type[Never]"  [arg-type]
src/probe/data_security_posture/raw_client.py:656: error: Argument "type_" to "parse_obj_as" has incompatible type "<typing special form>"; expected "type[Never]"  [arg-type]
src/probe/data_security_posture/raw_client.py:667: error: Argument "type_" to "parse_obj_as" has incompatible type "<typing special form>"; expected "type[Never]"  [arg-type]
src/probe/data_security_posture/raw_client.py:752: error: Argument "type_" to "parse_obj_as" has incompatible type "<typing special form>"; expected "type[Never]"  [arg-type]
src/probe/data_security_posture/raw_client.py:763: error: Argument "type_" to "parse_obj_as" has incompatible type "<typing special form>"; expected "type[Never]"  [arg-type]
src/probe/data_security_posture/raw_client.py:907: error: Argument "type_" to "parse_obj_as" has incompatible type "<typing special form>"; expected "type[Never]"  [arg-type]
src/probe/data_security_posture/raw_client.py:918: error: Argument "type_" to "parse_obj_as" has incompatible type "<typing special form>"; expected "type[Never]"  [arg-type]
src/probe/data_security_posture/raw_client.py:929: error: Argument "type_" to "parse_obj_as" has incompatible type "<typing special form>"; expected "type[Never]"  [arg-type]
src/probe/data_security_posture/raw_client.py:986: error: Argument "type_" to "parse_obj_as" has incompatible type "<typing special form>"; expected "type[Never]"  [arg-type]
src/probe/data_security_posture/raw_client.py:997: error: Argument "type_" to "parse_obj_as" has incompatible type "<typing special form>"; expected "type[Never]"  [arg-type]
src/probe/data_security_posture/raw_client.py:1008: error: Argument "type_" to "parse_obj_as" has incompatible type "<typing special form>"; expected "type[Never]"  [arg-type]
src/probe/data_security_posture/raw_client.py:1019: error: Argument "type_" to "parse_obj_as" has incompatible type "<typing special form>"; expected "type[Never]"  [arg-type]
src/probe/data_security_posture/raw_client.py:1156: error: Argument "type_" to "parse_obj_as" has incompatible type "<typing special form>"; expected "type[Never]"  [arg-type]
src/probe/data_security_posture/raw_client.py:1167: error: Argument "type_" to "parse_obj_as" has incompatible type "<typing special form>"; expected "type[Never]"  [arg-type]
src/probe/data_security_posture/raw_client.py:1232: error: Argument "type_" to "parse_obj_as" has incompatible type "<typing special form>"; expected "type[Never]"  [arg-type]
src/probe/data_security_posture/raw_client.py:1243: error: Argument "type_" to "parse_obj_as" has incompatible type "<typing special form>"; expected "type[Never]"  [arg-type]
src/probe/data_security_posture/raw_client.py:1315: error: Argument "type_" to "parse_obj_as" has incompatible type "<typing special form>"; expected "type[Never]"  [arg-type]
src/probe/data_security_posture/raw_client.py:1326: error: Argument "type_" to "parse_obj_as" has incompatible type "<typing special form>"; expected "type[Never]"  [arg-type]
src/probe/data_security_posture/raw_client.py:1398: error: Argument "type_" to "parse_obj_as" has incompatible type "<typing special form>"; expected "type[Never]"  [arg-type]
src/probe/data_security_posture/raw_client.py:1409: error: Argument "type_" to "parse_obj_as" has incompatible type "<typing special form>"; expected "type[Never]"  [arg-type]
src/probe/data_security_posture/raw_client.py:1467: error: Argument "type_" to "parse_obj_as" has incompatible type "<typing special form>"; expected "type[Never]"  [arg-type]
src/probe/data_security_posture/raw_client.py:1478: error: Argument "type_" to "parse_obj_as" has incompatible type "<typing special form>"; expected "type[Never]"  [arg-type]
src/probe/data_security_posture/raw_client.py:1489: error: Argument "type_" to "parse_obj_as" has incompatible type "<typing special form>"; expected "type[Never]"  [arg-type]
src/probe/data_security_posture/raw_client.py:1562: error: Argument "type_" to "parse_obj_as" has incompatible type "<typing special form>"; expected "type[Never]"  [arg-type]
src/probe/data_security_posture/raw_client.py:1573: error: Argument "type_" to "parse_obj_as" has incompatible type "<typing special form>"; expected "type[Never]"  [arg-type]
src/probe/data_security_posture/raw_client.py:1584: error: Argument "type_" to "parse_obj_as" has incompatible type "<typing special form>"; expected "type[Never]"  [arg-type]
src/probe/data_security_posture/raw_client.py:1687: error: Argument "type_" to "parse_obj_as" has incompatible type "<typing special form>"; expected "type[Never]"  [arg-type]
src/probe/data_security_posture/raw_client.py:1698: error: Argument "type_" to "parse_obj_as" has incompatible type "<typing special form>"; expected "type[Never]"  [arg-type]
src/probe/data_security_posture/raw_client.py:1810: error: Argument "type_" to "parse_obj_as" has incompatible type "<typing special form>"; expected "type[Never]"  [arg-type]
src/probe/data_security_posture/raw_client.py:1874: error: Argument "type_" to "parse_obj_as" has incompatible type "<typing special form>"; expected "type[Never]"  [arg-type]
src/probe/data_security_posture/raw_client.py:1938: error: Argument "type_" to "parse_obj_as" has incompatible type "<typing special form>"; expected "type[Never]"  [arg-type]
src/probe/data_security_posture/raw_client.py:2037: error: Argument "type_" to "parse_obj_as" has incompatible type "<typing special form>"; expected "type[Never]"  [arg-type]
src/probe/data_security_posture/raw_client.py:2048: error: Argument "type_" to "parse_obj_as" has incompatible type "<typing special form>"; expected "type[Never]"  [arg-type]
src/probe/data_security_posture/raw_client.py:2059: error: Argument "type_" to "parse_obj_as" has incompatible type "<typing special form>"; expected "type[Never]"  [arg-type]
src/probe/data_security_posture/raw_client.py:2070: error: Argument "type_" to "parse_obj_as" has incompatible type "<typing special form>"; expected "type[Never]"  [arg-type]
src/probe/data_security_posture/raw_client.py:2128: error: Argument "type_" to "parse_obj_as" has incompatible type "<typing special form>"; expected "type[Never]"  [arg-type]
src/probe/data_security_posture/raw_client.py:2139: error: Argument "type_" to "parse_obj_as" has incompatible type "<typing special form>"; expected "type[Never]"  [arg-type]
src/probe/data_security_posture/raw_client.py:2257: error: Argument "type_" to "parse_obj_as" has incompatible type "<typing special form>"; expected "type[Never]"  [arg-type]
src/probe/data_security_posture/raw_client.py:2330: error: Argument "type_" to "parse_obj_as" has incompatible type "<typing special form>"; expected "type[Never]"  [arg-type]
src/probe/data_security_posture/raw_client.py:2341: error: Argument "type_" to "parse_obj_as" has incompatible type "<typing special form>"; expected "type[Never]"  [arg-type]
src/probe/data_security_posture/raw_client.py:2438: error: Argument "type_" to "parse_obj_as" has incompatible type "<typing special form>"; expected "type[Never]"  [arg-type]
src/probe/data_security_posture/raw_client.py:2493: error: Argument "type_" to "parse_obj_as" has incompatible type "<typing special form>"; expected "type[Never]"  [arg-type]
src/probe/data_security_posture/raw_client.py:2504: error: Argument "type_" to "parse_obj_as" has incompatible type "<typing special form>"; expected "type[Never]"  [arg-type]
src/probe/data_security_posture/raw_client.py:2594: error: Argument "type_" to "parse_obj_as" has incompatible type "<typing special form>"; expected "type[Never]"  [arg-type]
src/probe/data_security_posture/raw_client.py:2605: error: Argument "type_" to "parse_obj_as" has incompatible type "<typing special form>"; expected "type[Never]"  [arg-type]
src/probe/data_security_posture/raw_client.py:2616: error: Argument "type_" to "parse_obj_as" has incompatible type "<typing special form>"; expected "type[Never]"  [arg-type]
src/probe/data_security_posture/raw_client.py:2627: error: Argument "type_" to "parse_obj_as" has incompatible type "<typing special form>"; expected "type[Never]"  [arg-type]
src/probe/data_security_posture/raw_client.py:2684: error: Argument "type_" to "parse_obj_as" has incompatible type "<typing special form>"; expected "type[Never]"  [arg-type]
src/probe/data_security_posture/raw_client.py:2695: error: Argument "type_" to "parse_obj_as" has incompatible type "<typing special form>"; expected "type[Never]"  [arg-type]
src/probe/data_security_posture/raw_client.py:2706: error: Argument "type_" to "parse_obj_as" has incompatible type "<typing special form>"; expected "type[Never]"  [arg-type]
src/probe/data_security_posture/raw_client.py:2717: error: Argument "type_" to "parse_obj_as" has incompatible type "<typing special form>"; expected "type[Never]"  [arg-type]
src/probe/data_security_posture/raw_client.py:2782: error: Argument "type_" to "parse_obj_as" has incompatible type "<typing special form>"; expected "type[Never]"  [arg-type]
src/probe/data_security_posture/raw_client.py:2793: error: Argument "type_" to "parse_obj_as" has incompatible type "<typing special form>"; expected "type[Never]"  [arg-type]
src/probe/data_security_posture/raw_client.py:2804: error: Argument "type_" to "parse_obj_as" has incompatible type "<typing special form>"; expected "type[Never]"  [arg-type]
src/probe/data_security_posture/raw_client.py:2815: error: Argument "type_" to "parse_obj_as" has incompatible type "<typing special form>"; expected "type[Never]"  [arg-type]
src/probe/data_security_posture/raw_client.py:2908: error: Argument "type_" to "parse_obj_as" has incompatible type "<typing special form>"; expected "type[Never]"  [arg-type]
src/probe/data_security_posture/raw_client.py:2919: error: Argument "type_" to "parse_obj_as" has incompatible type "<typing special form>"; expected "type[Never]"  [arg-type]
src/probe/data_security_posture/raw_client.py:2930: error: Argument "type_" to "parse_obj_as" has incompatible type "<typing special form>"; expected "type[Never]"  [arg-type]
src/probe/data_security_posture/raw_client.py:3003: error: Argument "type_" to "parse_obj_as" has incompatible type "<typing special form>"; expected "type[Never]"  [arg-type]
src/probe/data_security_posture/raw_client.py:3014: error: Argument "type_" to "parse_obj_as" has incompatible type "<typing special form>"; expected "type[Never]"  [arg-type]
src/probe/data_security_posture/raw_client.py:3025: error: Argument "type_" to "parse_obj_as" has incompatible type "<typing special form>"; expected "type[Never]"  [arg-type]
src/probe/data_security_posture/raw_client.py:3036: error: Argument "type_" to "parse_obj_as" has incompatible type "<typing special form>"; expected "type[Never]"  [arg-type]
src/probe/data_security_posture/raw_client.py:3134: error: Argument "type_" to "parse_obj_as" has incompatible type "<typing special form>"; expected "type[Never]"  [arg-type]
src/probe/data_security_posture/raw_client.py:3145: error: Argument "type_" to "parse_obj_as" has incompatible type "<typing special form>"; expected "type[Never]"  [arg-type]
src/probe/data_security_posture/raw_client.py:3156: error: Argument "type_" to "parse_obj_as" has incompatible type "<typing special form>"; expected "type[Never]"  [arg-type]
src/probe/data_security_posture/raw_client.py:3167: error: Argument "type_" to "parse_obj_as" has incompatible type "<typing special form>"; expected "type[Never]"  [arg-type]
src/probe/data_security_posture/raw_client.py:3178: error: Argument "type_" to "parse_obj_as" has incompatible type "<typing special form>"; expected "type[Never]"  [arg-type]
src/probe/data_security_posture/raw_client.py:3279: error: Argument "type_" to "parse_obj_as" has incompatible type "<typing special form>"; expected "type[Never]"  [arg-type]
src/probe/data_security_posture/raw_client.py:3290: error: Argument "type_" to "parse_obj_as" has incompatible type "<typing special form>"; expected "type[Never]"  [arg-type]
src/probe/data_security_posture/raw_client.py:3301: error: Argument "type_" to "parse_obj_as" has incompatible type "<typing special form>"; expected "type[Never]"  [arg-type]
src/probe/data_security_posture/raw_client.py:3312: error: Argument "type_" to "parse_obj_as" has incompatible type "<typing special form>"; expected "type[Never]"  [arg-type]
src/probe/data_security_posture/raw_client.py:3370: error: Argument "type_" to "parse_obj_as" has incompatible type "<typing special form>"; expected "type[Never]"  [arg-type]
src/probe/data_security_posture/raw_client.py:3381: error: Argument "type_" to "parse_obj_as" has incompatible type "<typing special form>"; expected "type[Never]"  [arg-type]
src/probe/data_security_posture/raw_client.py:3392: error: Argument "type_" to "parse_obj_as" has incompatible type "<typing special form>"; expected "type[Never]"  [arg-type]
src/probe/data_security_posture/raw_client.py:3403: error: Argument "type_" to "parse_obj_as" has incompatible type "<typing special form>"; expected "type[Never]"  [arg-type]
src/probe/data_security_posture/raw_client.py:3460: error: Argument "type_" to "parse_obj_as" has incompatible type "<typing special form>"; expected "type[Never]"  [arg-type]
src/probe/data_security_posture/raw_client.py:3471: error: Argument "type_" to "parse_obj_as" has incompatible type "<typing special form>"; expected "type[Never]"  [arg-type]
src/probe/data_security_posture/raw_client.py:3550: error: Argument "type_" to "parse_obj_as" has incompatible type "<typing special form>"; expected "type[Never]"  [arg-type]
src/probe/data_security_posture/raw_client.py:3607: error: Argument "type_" to "parse_obj_as" has incompatible type "<typing special form>"; expected "type[Never]"  [arg-type]
src/probe/data_security_posture/raw_client.py:3618: error: Argument "type_" to "parse_obj_as" has incompatible type "<typing special form>"; expected "type[Never]"  [arg-type]
src/probe/data_security_posture/raw_client.py:3703: error: Argument "type_" to "parse_obj_as" has incompatible type "<typing special form>"; expected "type[Never]"  [arg-type]
src/probe/data_security_posture/raw_client.py:3714: error: Argument "type_" to "parse_obj_as" has incompatible type "<typing special form>"; expected "type[Never]"  [arg-type]
src/probe/data_security_posture/raw_client.py:3858: error: Argument "type_" to "parse_obj_as" has incompatible type "<typing special form>"; expected "type[Never]"  [arg-type]
src/probe/data_security_posture/raw_client.py:3869: error: Argument "type_" to "parse_obj_as" has incompatible type "<typing special form>"; expected "type[Never]"  [arg-type]
src/probe/data_security_posture/raw_client.py:3880: error: Argument "type_" to "parse_obj_as" has incompatible type "<typing special form>"; expected "type[Never]"  [arg-type]
src/probe/data_security_posture/raw_client.py:3937: error: Argument "type_" to "parse_obj_as" has incompatible type "<typing special form>"; expected "type[Never]"  [arg-type]
src/probe/data_security_posture/raw_client.py:3948: error: Argument "type_" to "parse_obj_as" has incompatible type "<typing special form>"; expected "type[Never]"  [arg-type]
src/probe/data_security_posture/raw_client.py:3959: error: Argument "type_" to "parse_obj_as" has incompatible type "<typing special form>"; expected "type[Never]"  [arg-type]
src/probe/data_security_posture/raw_client.py:3970: error: Argument "type_" to "parse_obj_as" has incompatible type "<typing special form>"; expected "type[Never]"  [arg-type]
src/probe/data_security_posture/raw_client.py:4107: error: Argument "type_" to "parse_obj_as" has incompatible type "<typing special form>"; expected "type[Never]"  [arg-type]
src/probe/data_security_posture/raw_client.py:4118: error: Argument "type_" to "parse_obj_as" has incompatible type "<typing special form>"; expected "type[Never]"  [arg-type]
src/probe/data_security_posture/raw_client.py:4183: error: Argument "type_" to "parse_obj_as" has incompatible type "<typing special form>"; expected "type[Never]"  [arg-type]
src/probe/data_security_posture/raw_client.py:4194: error: Argument "type_" to "parse_obj_as" has incompatible type "<typing special form>"; expected "type[Never]"  [arg-type]
src/probe/data_security_posture/raw_client.py:4266: error: Argument "type_" to "parse_obj_as" has incompatible type "<typing special form>"; expected "type[Never]"  [arg-type]
src/probe/data_security_posture/raw_client.py:4277: error: Argument "type_" to "parse_obj_as" has incompatible type "<typing special form>"; expected "type[Never]"  [arg-type]
src/probe/data_security_posture/raw_client.py:4349: error: Argument "type_" to "parse_obj_as" has incompatible type "<typing special form>"; expected "type[Never]"  [arg-type]
src/probe/data_security_posture/raw_client.py:4360: error: Argument "type_" to "parse_obj_as" has incompatible type "<typing special form>"; expected "type[Never]"  [arg-type]
src/probe/data_security_posture/raw_client.py:4418: error: Argument "type_" to "parse_obj_as" has incompatible type "<typing special form>"; expected "type[Never]"  [arg-type]
src/probe/data_security_posture/raw_client.py:4429: error: Argument "type_" to "parse_obj_as" has incompatible type "<typing special form>"; expected "type[Never]"  [arg-type]
src/probe/data_security_posture/raw_client.py:4440: error: Argument "type_" to "parse_obj_as" has incompatible type "<typing special form>"; expected "type[Never]"  [arg-type]
src/probe/data_security_posture/raw_client.py:4513: error: Argument "type_" to "parse_obj_as" has incompatible type "<typing special form>"; expected "type[Never]"  [arg-type]
src/probe/data_security_posture/raw_client.py:4524: error: Argument "type_" to "parse_obj_as" has incompatible type "<typing special form>"; expected "type[Never]"  [arg-type]
src/probe/data_security_posture/raw_client.py:4535: error: Argument "type_" to "parse_obj_as" has incompatible type "<typing special form>"; expected "type[Never]"  [arg-type]
src/probe/data_security_posture/raw_client.py:4638: error: Argument "type_" to "parse_obj_as" has incompatible type "<typing special form>"; expected "type[Never]"  [arg-type]
src/probe/data_security_posture/raw_client.py:4649: error: Argument "type_" to "parse_obj_as" has incompatible type "<typing special form>"; expected "type[Never]"  [arg-type]
src/probe/data_security_posture/raw_client.py:4761: error: Argument "type_" to "parse_obj_as" has incompatible type "<typing special form>"; expected "type[Never]"  [arg-type]
src/probe/data_security_posture/raw_client.py:4825: error: Argument "type_" to "parse_obj_as" has incompatible type "<typing special form>"; expected "type[Never]"  [arg-type]
src/probe/data_security_posture/raw_client.py:4889: error: Argument "type_" to "parse_obj_as" has incompatible type "<typing special form>"; expected "type[Never]"  [arg-type]
src/probe/data_security_posture/raw_client.py:4988: error: Argument "type_" to "parse_obj_as" has incompatible type "<typing special form>"; expected "type[Never]"  [arg-type]
src/probe/data_security_posture/raw_client.py:4999: error: Argument "type_" to "parse_obj_as" has incompatible type "<typing special form>"; expected "type[Never]"  [arg-type]
src/probe/data_security_posture/raw_client.py:5010: error: Argument "type_" to "parse_obj_as" has incompatible type "<typing special form>"; expected "type[Never]"  [arg-type]
src/probe/data_security_posture/raw_client.py:5021: error: Argument "type_" to "parse_obj_as" has incompatible type "<typing special form>"; expected "type[Never]"  [arg-type]
src/probe/data_security_posture/raw_client.py:5079: error: Argument "type_" to "parse_obj_as" has incompatible type "<typing special form>"; expected "type[Never]"  [arg-type]
src/probe/data_security_posture/raw_client.py:5090: error: Argument "type_" to "parse_obj_as" has incompatible type "<typing special form>"; expected "type[Never]"  [arg-type]
src/probe/data_security_posture/raw_client.py:5208: error: Argument "type_" to "parse_obj_as" has incompatible type "<typing special form>"; expected "type[Never]"  [arg-type]
src/probe/data_security_posture/raw_client.py:5281: error: Argument "type_" to "parse_obj_as" has incompatible type "<typing special form>"; expected "type[Never]"  [arg-type]
src/probe/data_security_posture/raw_client.py:5292: error: Argument "type_" to "parse_obj_as" has incompatible type "<typing special form>"; expected "type[Never]"  [arg-type]
src/probe/data_security_posture/raw_client.py:5389: error: Argument "type_" to "parse_obj_as" has incompatible type "<typing special form>"; expected "type[Never]"  [arg-type]
src/probe/data_security_posture/raw_client.py:5444: error: Argument "type_" to "parse_obj_as" has incompatible type "<typing special form>"; expected "type[Never]"  [arg-type]
src/probe/data_security_posture/raw_client.py:5455: error: Argument "type_" to "parse_obj_as" has incompatible type "<typing special form>"; expected "type[Never]"  [arg-type]
src/probe/data_security_posture/raw_client.py:5545: error: Argument "type_" to "parse_obj_as" has incompatible type "<typing special form>"; expected "type[Never]"  [arg-type]
src/probe/data_security_posture/raw_client.py:5556: error: Argument "type_" to "parse_obj_as" has incompatible type "<typing special form>"; expected "type[Never]"  [arg-type]
src/probe/data_security_posture/raw_client.py:5567: error: Argument "type_" to "parse_obj_as" has incompatible type "<typing special form>"; expected "type[Never]"  [arg-type]
src/probe/data_security_posture/raw_client.py:5578: error: Argument "type_" to "parse_obj_as" has incompatible type "<typing special form>"; expected "type[Never]"  [arg-type]
src/probe/data_security_posture/raw_client.py:5635: error: Argument "type_" to "parse_obj_as" has incompatible type "<typing special form>"; expected "type[Never]"  [arg-type]
src/probe/data_security_posture/raw_client.py:5646: error: Argument "type_" to "parse_obj_as" has incompatible type "<typing special form>"; expected "type[Never]"  [arg-type]
src/probe/data_security_posture/raw_client.py:5657: error: Argument "type_" to "parse_obj_as" has incompatible type "<typing special form>"; expected "type[Never]"  [arg-type]
src/probe/data_security_posture/raw_client.py:5668: error: Argument "type_" to "parse_obj_as" has incompatible type "<typing special form>"; expected "type[Never]"  [arg-type]
src/probe/data_security_posture/raw_client.py:5733: error: Argument "type_" to "parse_obj_as" has incompatible type "<typing special form>"; expected "type[Never]"  [arg-type]
src/probe/data_security_posture/raw_client.py:5744: error: Argument "type_" to "parse_obj_as" has incompatible type "<typing special form>"; expected "type[Never]"  [arg-type]
src/probe/data_security_posture/raw_client.py:5755: error: Argument "type_" to "parse_obj_as" has incompatible type "<typing special form>"; expected "type[Never]"  [arg-type]
src/probe/data_security_posture/raw_client.py:5766: error: Argument "type_" to "parse_obj_as" has incompatible type "<typing special form>"; expected "type[Never]"  [arg-type]
src/probe/data_security_posture/raw_client.py:5859: error: Argument "type_" to "parse_obj_as" has incompatible type "<typing special form>"; expected "type[Never]"  [arg-type]
src/probe/data_security_posture/raw_client.py:5870: error: Argument "type_" to "parse_obj_as" has incompatible type "<typing special form>"; expected "type[Never]"  [arg-type]
src/probe/data_security_posture/raw_client.py:5881: error: Argument "type_" to "parse_obj_as" has incompatible type "<typing special form>"; expected "type[Never]"  [arg-type]
src/probe/data_security_posture/raw_client.py:5954: error: Argument "type_" to "parse_obj_as" has incompatible type "<typing special form>"; expected "type[Never]"  [arg-type]
src/probe/data_security_posture/raw_client.py:5965: error: Argument "type_" to "parse_obj_as" has incompatible type "<typing special form>"; expected "type[Never]"  [arg-type]
src/probe/data_security_posture/raw_client.py:5976: error: Argument "type_" to "parse_obj_as" has incompatible type "<typing special form>"; expected "type[Never]"  [arg-type]
src/probe/data_security_posture/raw_client.py:5987: error: Argument "type_" to "parse_obj_as" has incompatible type "<typing special form>"; expected "type[Never]"  [arg-type]
src/probe/cloudforce_one_events_indicators/raw_client.py:153: error: Argument "type_" to "parse_obj_as" has incompatible type "<typing special form>"; expected "type[Never]"  [arg-type]
src/probe/cloudforce_one_events_indicators/raw_client.py:299: error: Argument "type_" to "parse_obj_as" has incompatible type "<typing special form>"; expected "type[Never]"  [arg-type]
src/probe/browser_run_quick_action/raw_client.py:107: error: Argument "type_" to "parse_obj_as" has incompatible type "<typing special form>"; expected "type[Never]"  [arg-type]
src/probe/browser_run_quick_action/raw_client.py:118: error: Argument "type_" to "parse_obj_as" has incompatible type "<typing special form>"; expected "type[Never]"  [arg-type]
src/probe/browser_run_quick_action/raw_client.py:129: error: Argument "type_" to "parse_obj_as" has incompatible type "<typing special form>"; expected "type[Never]"  [arg-type]
src/probe/browser_run_quick_action/raw_client.py:140: error: Argument "type_" to "parse_obj_as" has incompatible type "<typing special form>"; expected "type[Never]"  [arg-type]
src/probe/browser_run_quick_action/raw_client.py:214: error: Argument "type_" to "parse_obj_as" has incompatible type "<typing special form>"; expected "type[Never]"  [arg-type]
src/probe/browser_run_quick_action/raw_client.py:225: error: Argument "type_" to "parse_obj_as" has incompatible type "<typing special form>"; expected "type[Never]"  [arg-type]
src/probe/browser_run_quick_action/raw_client.py:236: error: Argument "type_" to "parse_obj_as" has incompatible type "<typing special form>"; expected "type[Never]"  [arg-type]
src/probe/browser_run_quick_action/raw_client.py:247: error: Argument "type_" to "parse_obj_as" has incompatible type "<typing special form>"; expected "type[Never]"  [arg-type]
src/probe/browser_run_quick_action/raw_client.py:321: error: Argument "type_" to "parse_obj_as" has incompatible type "<typing special form>"; expected "type[Never]"  [arg-type]
src/probe/browser_run_quick_action/raw_client.py:332: error: Argument "type_" to "parse_obj_as" has incompatible type "<typing special form>"; expected "type[Never]"  [arg-type]
src/probe/browser_run_quick_action/raw_client.py:343: error: Argument "type_" to "parse_obj_as" has incompatible type "<typing special form>"; expected "type[Never]"  [arg-type]
src/probe/browser_run_quick_action/raw_client.py:354: error: Argument "type_" to "parse_obj_as" has incompatible type "<typing special form>"; expected "type[Never]"  [arg-type]
src/probe/browser_run_quick_action/raw_client.py:428: error: Argument "type_" to "parse_obj_as" has incompatible type "<typing special form>"; expected "type[Never]"  [arg-type]
src/probe/browser_run_quick_action/raw_client.py:439: error: Argument "type_" to "parse_obj_as" has incompatible type "<typing special form>"; expected "type[Never]"  [arg-type]
src/probe/browser_run_quick_action/raw_client.py:450: error: Argument "type_" to "parse_obj_as" has incompatible type "<typing special form>"; expected "type[Never]"  [arg-type]
src/probe/browser_run_quick_action/raw_client.py:461: error: Argument "type_" to "parse_obj_as" has incompatible type "<typing special form>"; expected "type[Never]"  [arg-type]
src/probe/browser_run_quick_action/raw_client.py:535: error: Argument "type_" to "parse_obj_as" has incompatible type "<typing special form>"; expected "type[Never]"  [arg-type]
src/probe/browser_run_quick_action/raw_client.py:546: error: Argument "type_" to "parse_obj_as" has incompatible type "<typing special form>"; expected "type[Never]"  [arg-type]
src/probe/browser_run_quick_action/raw_client.py:557: error: Argument "type_" to "parse_obj_as" has incompatible type "<typing special form>"; expected "type[Never]"  [arg-type]
src/probe/browser_run_quick_action/raw_client.py:568: error: Argument "type_" to "parse_obj_as" has incompatible type "<typing special form>"; expected "type[Never]"  [arg-type]
src/probe/browser_run_quick_action/raw_client.py:634: error: Argument "type_" to "parse_obj_as" has incompatible type "<typing special form>"; expected "type[Never]"  [arg-type]
src/probe/browser_run_quick_action/raw_client.py:645: error: Argument "type_" to "parse_obj_as" has incompatible type "<typing special form>"; expected "type[Never]"  [arg-type]
src/probe/browser_run_quick_action/raw_client.py:656: error: Argument "type_" to "parse_obj_as" has incompatible type "<typing special form>"; expected "type[Never]"  [arg-type]
src/probe/browser_run_quick_action/raw_client.py:667: error: Argument "type_" to "parse_obj_as" has incompatible type "<typing special form>"; expected "type[Never]"  [arg-type]
src/probe/browser_run_quick_action/raw_client.py:741: error: Argument "type_" to "parse_obj_as" has incompatible type "<typing special form>"; expected "type[Never]"  [arg-type]
src/probe/browser_run_quick_action/raw_client.py:752: error: Argument "type_" to "parse_obj_as" has incompatible type "<typing special form>"; expected "type[Never]"  [arg-type]
src/probe/browser_run_quick_action/raw_client.py:763: error: Argument "type_" to "parse_obj_as" has incompatible type "<typing special form>"; expected "type[Never]"  [arg-type]
src/probe/browser_run_quick_action/raw_client.py:774: error: Argument "type_" to "parse_obj_as" has incompatible type "<typing special form>"; expected "type[Never]"  [arg-type]
src/probe/browser_run_quick_action/raw_client.py:848: error: Argument "type_" to "parse_obj_as" has incompatible type "<typing special form>"; expected "type[Never]"  [arg-type]
src/probe/browser_run_quick_action/raw_client.py:859: error: Argument "type_" to "parse_obj_as" has incompatible type "<typing special form>"; expected "type[Never]"  [arg-type]
src/probe/browser_run_quick_action/raw_client.py:870: error: Argument "type_" to "parse_obj_as" has incompatible type "<typing special form>"; expected "type[Never]"  [arg-type]
src/probe/browser_run_quick_action/raw_client.py:881: error: Argument "type_" to "parse_obj_as" has incompatible type "<typing special form>"; expected "type[Never]"  [arg-type]
src/probe/browser_run_quick_action/raw_client.py:955: error: Argument "type_" to "parse_obj_as" has incompatible type "<typing special form>"; expected "type[Never]"  [arg-type]
src/probe/browser_run_quick_action/raw_client.py:966: error: Argument "type_" to "parse_obj_as" has incompatible type "<typing special form>"; expected "type[Never]"  [arg-type]
src/probe/browser_run_quick_action/raw_client.py:977: error: Argument "type_" to "parse_obj_as" has incompatible type "<typing special form>"; expected "type[Never]"  [arg-type]
src/probe/browser_run_quick_action/raw_client.py:988: error: Argument "type_" to "parse_obj_as" has incompatible type "<typing special form>"; expected "type[Never]"  [arg-type]
src/probe/browser_run_quick_action/raw_client.py:1067: error: Argument "type_" to "parse_obj_as" has incompatible type "<typing special form>"; expected "type[Never]"  [arg-type]
src/probe/browser_run_quick_action/raw_client.py:1078: error: Argument "type_" to "parse_obj_as" has incompatible type "<typing special form>"; expected "type[Never]"  [arg-type]
src/probe/browser_run_quick_action/raw_client.py:1089: error: Argument "type_" to "parse_obj_as" has incompatible type "<typing special form>"; expected "type[Never]"  [arg-type]
src/probe/browser_run_quick_action/raw_client.py:1100: error: Argument "type_" to "parse_obj_as" has incompatible type "<typing special form>"; expected "type[Never]"  [arg-type]
src/probe/browser_run_quick_action/raw_client.py:1174: error: Argument "type_" to "parse_obj_as" has incompatible type "<typing special form>"; expected "type[Never]"  [arg-type]
src/probe/browser_run_quick_action/raw_client.py:1185: error: Argument "type_" to "parse_obj_as" has incompatible type "<typing special form>"; expected "type[Never]"  [arg-type]
src/probe/browser_run_quick_action/raw_client.py:1196: error: Argument "type_" to "parse_obj_as" has incompatible type "<typing special form>"; expected "type[Never]"  [arg-type]
src/probe/browser_run_quick_action/raw_client.py:1207: error: Argument "type_" to "parse_obj_as" has incompatible type "<typing special form>"; expected "type[Never]"  [arg-type]
src/probe/browser_run_quick_action/raw_client.py:1281: error: Argument "type_" to "parse_obj_as" has incompatible type "<typing special form>"; expected "type[Never]"  [arg-type]
src/probe/browser_run_quick_action/raw_client.py:1292: error: Argument "type_" to "parse_obj_as" has incompatible type "<typing special form>"; expected "type[Never]"  [arg-type]
src/probe/browser_run_quick_action/raw_client.py:1303: error: Argument "type_" to "parse_obj_as" has incompatible type "<typing special form>"; expected "type[Never]"  [arg-type]
src/probe/browser_run_quick_action/raw_client.py:1314: error: Argument "type_" to "parse_obj_as" has incompatible type "<typing special form>"; expected "type[Never]"  [arg-type]
src/probe/browser_run_quick_action/raw_client.py:1388: error: Argument "type_" to "parse_obj_as" has incompatible type "<typing special form>"; expected "type[Never]"  [arg-type]
src/probe/browser_run_quick_action/raw_client.py:1399: error: Argument "type_" to "parse_obj_as" has incompatible type "<typing special form>"; expected "type[Never]"  [arg-type]
src/probe/browser_run_quick_action/raw_client.py:1410: error: Argument "type_" to "parse_obj_as" has incompatible type "<typing special form>"; expected "type[Never]"  [arg-type]
src/probe/browser_run_quick_action/raw_client.py:1421: error: Argument "type_" to "parse_obj_as" has incompatible type "<typing special form>"; expected "type[Never]"  [arg-type]
src/probe/browser_run_quick_action/raw_client.py:1495: error: Argument "type_" to "parse_obj_as" has incompatible type "<typing special form>"; expected "type[Never]"  [arg-type]
src/probe/browser_run_quick_action/raw_client.py:1506: error: Argument "type_" to "parse_obj_as" has incompatible type "<typing special form>"; expected "type[Never]"  [arg-type]
src/probe/browser_run_quick_action/raw_client.py:1517: error: Argument "type_" to "parse_obj_as" has incompatible type "<typing special form>"; expected "type[Never]"  [arg-type]
src/probe/browser_run_quick_action/raw_client.py:1528: error: Argument "type_" to "parse_obj_as" has incompatible type "<typing special form>"; expected "type[Never]"  [arg-type]
src/probe/browser_run_quick_action/raw_client.py:1594: error: Argument "type_" to "parse_obj_as" has incompatible type "<typing special form>"; expected "type[Never]"  [arg-type]
src/probe/browser_run_quick_action/raw_client.py:1605: error: Argument "type_" to "parse_obj_as" has incompatible type "<typing special form>"; expected "type[Never]"  [arg-type]
src/probe/browser_run_quick_action/raw_client.py:1616: error: Argument "type_" to "parse_obj_as" has incompatible type "<typing special form>"; expected "type[Never]"  [arg-type]
src/probe/browser_run_quick_action/raw_client.py:1627: error: Argument "type_" to "parse_obj_as" has incompatible type "<typing special form>"; expected "type[Never]"  [arg-type]
src/probe/browser_run_quick_action/raw_client.py:1701: error: Argument "type_" to "parse_obj_as" has incompatible type "<typing special form>"; expected "type[Never]"  [arg-type]
src/probe/browser_run_quick_action/raw_client.py:1712: error: Argument "type_" to "parse_obj_as" has incompatible type "<typing special form>"; expected "type[Never]"  [arg-type]
src/probe/browser_run_quick_action/raw_client.py:1723: error: Argument "type_" to "parse_obj_as" has incompatible type "<typing special form>"; expected "type[Never]"  [arg-type]
src/probe/browser_run_quick_action/raw_client.py:1734: error: Argument "type_" to "parse_obj_as" has incompatible type "<typing special form>"; expected "type[Never]"  [arg-type]
src/probe/browser_run_quick_action/raw_client.py:1808: error: Argument "type_" to "parse_obj_as" has incompatible type "<typing special form>"; expected "type[Never]"  [arg-type]
src/probe/browser_run_quick_action/raw_client.py:1819: error: Argument "type_" to "parse_obj_as" has incompatible type "<typing special form>"; expected "type[Never]"  [arg-type]
src/probe/browser_run_quick_action/raw_client.py:1830: error: Argument "type_" to "parse_obj_as" has incompatible type "<typing special form>"; expected "type[Never]"  [arg-type]
src/probe/browser_run_quick_action/raw_client.py:1841: error: Argument "type_" to "parse_obj_as" has incompatible type "<typing special form>"; expected "type[Never]"  [arg-type]
src/probe/browser_run_quick_action/raw_client.py:1915: error: Argument "type_" to "parse_obj_as" has incompatible type "<typing special form>"; expected "type[Never]"  [arg-type]
src/probe/browser_run_quick_action/raw_client.py:1926: error: Argument "type_" to "parse_obj_as" has incompatible type "<typing special form>"; expected "type[Never]"  [arg-type]
src/probe/browser_run_quick_action/raw_client.py:1937: error: Argument "type_" to "parse_obj_as" has incompatible type "<typing special form>"; expected "type[Never]"  [arg-type]
src/probe/browser_run_quick_action/raw_client.py:1948: error: Argument "type_" to "parse_obj_as" has incompatible type "<typing special form>"; expected "type[Never]"  [arg-type]
src/probe/browser_run_crawl/raw_client.py:93: error: Argument "type_" to "parse_obj_as" has incompatible type "<typing special form>"; expected "type[Never]"  [arg-type]
src/probe/browser_run_crawl/raw_client.py:104: error: Argument "type_" to "parse_obj_as" has incompatible type "<typing special form>"; expected "type[Never]"  [arg-type]
src/probe/browser_run_crawl/raw_client.py:115: error: Argument "type_" to "parse_obj_as" has incompatible type "<typing special form>"; expected "type[Never]"  [arg-type]
src/probe/browser_run_crawl/raw_client.py:198: error: Argument "type_" to "parse_obj_as" has incompatible type "<typing special form>"; expected "type[Never]"  [arg-type]
src/probe/browser_run_crawl/raw_client.py:209: error: Argument "type_" to "parse_obj_as" has incompatible type "<typing special form>"; expected "type[Never]"  [arg-type]
src/probe/browser_run_crawl/raw_client.py:266: error: Argument "type_" to "parse_obj_as" has incompatible type "<typing special form>"; expected "type[Never]"  [arg-type]
src/probe/browser_run_crawl/raw_client.py:277: error: Argument "type_" to "parse_obj_as" has incompatible type "<typing special form>"; expected "type[Never]"  [arg-type]
src/probe/browser_run_crawl/raw_client.py:288: error: Argument "type_" to "parse_obj_as" has incompatible type "<typing special form>"; expected "type[Never]"  [arg-type]
src/probe/browser_run_crawl/raw_client.py:367: error: Argument "type_" to "parse_obj_as" has incompatible type "<typing special form>"; expected "type[Never]"  [arg-type]
src/probe/browser_run_crawl/raw_client.py:378: error: Argument "type_" to "parse_obj_as" has incompatible type "<typing special form>"; expected "type[Never]"  [arg-type]
src/probe/browser_run_crawl/raw_client.py:389: error: Argument "type_" to "parse_obj_as" has incompatible type "<typing special form>"; expected "type[Never]"  [arg-type]
src/probe/browser_run_crawl/raw_client.py:472: error: Argument "type_" to "parse_obj_as" has incompatible type "<typing special form>"; expected "type[Never]"  [arg-type]
src/probe/browser_run_crawl/raw_client.py:483: error: Argument "type_" to "parse_obj_as" has incompatible type "<typing special form>"; expected "type[Never]"  [arg-type]
src/probe/browser_run_crawl/raw_client.py:540: error: Argument "type_" to "parse_obj_as" has incompatible type "<typing special form>"; expected "type[Never]"  [arg-type]
src/probe/browser_run_crawl/raw_client.py:551: error: Argument "type_" to "parse_obj_as" has incompatible type "<typing special form>"; expected "type[Never]"  [arg-type]
src/probe/browser_run_crawl/raw_client.py:562: error: Argument "type_" to "parse_obj_as" has incompatible type "<typing special form>"; expected "type[Never]"  [arg-type]
src/probe/ai_search/raw_client.py:153: error: Argument "type_" to "parse_obj_as" has incompatible type "<typing special form>"; expected "type[Never]"  [arg-type]
src/probe/ai_search/raw_client.py:164: error: Argument "type_" to "parse_obj_as" has incompatible type "<typing special form>"; expected "type[Never]"  [arg-type]
src/probe/ai_search/raw_client.py:256: error: Argument "type_" to "parse_obj_as" has incompatible type "<typing special form>"; expected "type[Never]"  [arg-type]
src/probe/ai_search/raw_client.py:473: error: Argument "type_" to "parse_obj_as" has incompatible type "<typing special form>"; expected "type[Never]"  [arg-type]
src/probe/ai_search/raw_client.py:484: error: Argument "type_" to "parse_obj_as" has incompatible type "<typing special form>"; expected "type[Never]"  [arg-type]
src/probe/ai_search/raw_client.py:542: error: Argument "type_" to "parse_obj_as" has incompatible type "<typing special form>"; expected "type[Never]"  [arg-type]
src/probe/ai_search/raw_client.py:772: error: Argument "type_" to "parse_obj_as" has incompatible type "<typing special form>"; expected "type[Never]"  [arg-type]
src/probe/ai_search/raw_client.py:783: error: Argument "type_" to "parse_obj_as" has incompatible type "<typing special form>"; expected "type[Never]"  [arg-type]
src/probe/ai_search/raw_client.py:841: error: Argument "type_" to "parse_obj_as" has incompatible type "<typing special form>"; expected "type[Never]"  [arg-type]
src/probe/ai_search/raw_client.py:916: error: Argument "type_" to "parse_obj_as" has incompatible type "<typing special form>"; expected "type[Never]"  [arg-type]
src/probe/ai_search/raw_client.py:927: error: Argument "type_" to "parse_obj_as" has incompatible type "<typing special form>"; expected "type[Never]"  [arg-type]
src/probe/ai_search/raw_client.py:1022: error: Argument "type_" to "parse_obj_as" has incompatible type "<typing special form>"; expected "type[Never]"  [arg-type]
src/probe/ai_search/raw_client.py:1033: error: Argument "type_" to "parse_obj_as" has incompatible type "<typing special form>"; expected "type[Never]"  [arg-type]
src/probe/ai_search/raw_client.py:1092: error: Argument "type_" to "parse_obj_as" has incompatible type "<typing special form>"; expected "type[Never]"  [arg-type]
src/probe/ai_search/raw_client.py:1180: error: Argument "type_" to "parse_obj_as" has incompatible type "<typing special form>"; expected "type[Never]"  [arg-type]
src/probe/ai_search/raw_client.py:1191: error: Argument "type_" to "parse_obj_as" has incompatible type "<typing special form>"; expected "type[Never]"  [arg-type]
src/probe/ai_search/raw_client.py:1250: error: Argument "type_" to "parse_obj_as" has incompatible type "<typing special form>"; expected "type[Never]"  [arg-type]
src/probe/ai_search/raw_client.py:1336: error: Argument "type_" to "parse_obj_as" has incompatible type "<typing special form>"; expected "type[Never]"  [arg-type]
src/probe/ai_search/raw_client.py:1347: error: Argument "type_" to "parse_obj_as" has incompatible type "<typing special form>"; expected "type[Never]"  [arg-type]
src/probe/ai_search/raw_client.py:1443: error: Argument "type_" to "parse_obj_as" has incompatible type "<typing special form>"; expected "type[Never]"  [arg-type]
src/probe/ai_search/raw_client.py:1454: error: Argument "type_" to "parse_obj_as" has incompatible type "<typing special form>"; expected "type[Never]"  [arg-type]
src/probe/ai_search/raw_client.py:1546: error: Argument "type_" to "parse_obj_as" has incompatible type "<typing special form>"; expected "type[Never]"  [arg-type]
src/probe/ai_search/raw_client.py:1763: error: Argument "type_" to "parse_obj_as" has incompatible type "<typing special form>"; expected "type[Never]"  [arg-type]
src/probe/ai_search/raw_client.py:1774: error: Argument "type_" to "parse_obj_as" has incompatible type "<typing special form>"; expected "type[Never]"  [arg-type]
src/probe/ai_search/raw_client.py:1832: error: Argument "type_" to "parse_obj_as" has incompatible type "<typing special form>"; expected "type[Never]"  [arg-type]
src/probe/ai_search/raw_client.py:2062: error: Argument "type_" to "parse_obj_as" has incompatible type "<typing special form>"; expected "type[Never]"  [arg-type]
src/probe/ai_search/raw_client.py:2073: error: Argument "type_" to "parse_obj_as" has incompatible type "<typing special form>"; expected "type[Never]"  [arg-type]
src/probe/ai_search/raw_client.py:2131: error: Argument "type_" to "parse_obj_as" has incompatible type "<typing special form>"; expected "type[Never]"  [arg-type]
src/probe/ai_search/raw_client.py:2206: error: Argument "type_" to "parse_obj_as" has incompatible type "<typing special form>"; expected "type[Never]"  [arg-type]
src/probe/ai_search/raw_client.py:2217: error: Argument "type_" to "parse_obj_as" has incompatible type "<typing special form>"; expected "type[Never]"  [arg-type]
src/probe/ai_search/raw_client.py:2312: error: Argument "type_" to "parse_obj_as" has incompatible type "<typing special form>"; expected "type[Never]"  [arg-type]
src/probe/ai_search/raw_client.py:2323: error: Argument "type_" to "parse_obj_as" has incompatible type "<typing special form>"; expected "type[Never]"  [arg-type]
src/probe/ai_search/raw_client.py:2382: error: Argument "type_" to "parse_obj_as" has incompatible type "<typing special form>"; expected "type[Never]"  [arg-type]
src/probe/ai_search/raw_client.py:2470: error: Argument "type_" to "parse_obj_as" has incompatible type "<typing special form>"; expected "type[Never]"  [arg-type]
src/probe/ai_search/raw_client.py:2481: error: Argument "type_" to "parse_obj_as" has incompatible type "<typing special form>"; expected "type[Never]"  [arg-type]
src/probe/ai_search/raw_client.py:2540: error: Argument "type_" to "parse_obj_as" has incompatible type "<typing special form>"; expected "type[Never]"  [arg-type]
src/probe/ai_search/raw_client.py:2626: error: Argument "type_" to "parse_obj_as" has incompatible type "<typing special form>"; expected "type[Never]"  [arg-type]
src/probe/ai_search/raw_client.py:2637: error: Argument "type_" to "parse_obj_as" has incompatible type "<typing special form>"; expected "type[Never]"  [arg-type]
src/probe/ai_gateway_gateways/raw_client.py:112: error: Argument "type_" to "parse_obj_as" has incompatible type "<typing special form>"; expected "type[Never]"  [arg-type]
src/probe/ai_gateway_gateways/raw_client.py:251: error: Argument "type_" to "parse_obj_as" has incompatible type "<typing special form>"; expected "type[Never]"  [arg-type]
src/probe/ai_gateway_gateways/raw_client.py:306: error: Argument "type_" to "parse_obj_as" has incompatible type "<typing special form>"; expected "type[Never]"  [arg-type]
src/probe/ai_gateway_gateways/raw_client.py:483: error: Argument "type_" to "parse_obj_as" has incompatible type "<typing special form>"; expected "type[Never]"  [arg-type]
src/probe/ai_gateway_gateways/raw_client.py:494: error: Argument "type_" to "parse_obj_as" has incompatible type "<typing special form>"; expected "type[Never]"  [arg-type]
src/probe/ai_gateway_gateways/raw_client.py:549: error: Argument "type_" to "parse_obj_as" has incompatible type "<typing special form>"; expected "type[Never]"  [arg-type]
src/probe/ai_gateway_gateways/raw_client.py:624: error: Argument "type_" to "parse_obj_as" has incompatible type "<typing special form>"; expected "type[Never]"  [arg-type]
src/probe/ai_gateway_gateways/raw_client.py:763: error: Argument "type_" to "parse_obj_as" has incompatible type "<typing special form>"; expected "type[Never]"  [arg-type]
src/probe/ai_gateway_gateways/raw_client.py:818: error: Argument "type_" to "parse_obj_as" has incompatible type "<typing special form>"; expected "type[Never]"  [arg-type]
src/probe/ai_gateway_gateways/raw_client.py:995: error: Argument "type_" to "parse_obj_as" has incompatible type "<typing special form>"; expected "type[Never]"  [arg-type]
src/probe/ai_gateway_gateways/raw_client.py:1006: error: Argument "type_" to "parse_obj_as" has incompatible type "<typing special form>"; expected "type[Never]"  [arg-type]
src/probe/ai_gateway_gateways/raw_client.py:1061: error: Argument "type_" to "parse_obj_as" has incompatible type "<typing special form>"; expected "type[Never]"  [arg-type]
src/probe/ai_gateway_dynamic_routing/raw_client.py:98: error: Argument "type_" to "parse_obj_as" has incompatible type "<typing special form>"; expected "type[Never]"  [arg-type]
src/probe/ai_gateway_dynamic_routing/raw_client.py:175: error: Argument "type_" to "parse_obj_as" has incompatible type "<typing special form>"; expected "type[Never]"  [arg-type]
src/probe/ai_gateway_dynamic_routing/raw_client.py:232: error: Argument "type_" to "parse_obj_as" has incompatible type "<typing special form>"; expected "type[Never]"  [arg-type]
src/probe/ai_gateway_dynamic_routing/raw_client.py:289: error: Argument "type_" to "parse_obj_as" has incompatible type "<typing special form>"; expected "type[Never]"  [arg-type]
src/probe/ai_gateway_dynamic_routing/raw_client.py:361: error: Argument "type_" to "parse_obj_as" has incompatible type "<typing special form>"; expected "type[Never]"  [arg-type]
src/probe/ai_gateway_dynamic_routing/raw_client.py:418: error: Argument "type_" to "parse_obj_as" has incompatible type "<typing special form>"; expected "type[Never]"  [arg-type]
src/probe/ai_gateway_dynamic_routing/raw_client.py:490: error: Argument "type_" to "parse_obj_as" has incompatible type "<typing special form>"; expected "type[Never]"  [arg-type]
src/probe/ai_gateway_dynamic_routing/raw_client.py:547: error: Argument "type_" to "parse_obj_as" has incompatible type "<typing special form>"; expected "type[Never]"  [arg-type]
src/probe/ai_gateway_dynamic_routing/raw_client.py:623: error: Argument "type_" to "parse_obj_as" has incompatible type "<typing special form>"; expected "type[Never]"  [arg-type]
src/probe/ai_gateway_dynamic_routing/raw_client.py:688: error: Argument "type_" to "parse_obj_as" has incompatible type "<typing special form>"; expected "type[Never]"  [arg-type]
src/probe/ai_gateway_dynamic_routing/raw_client.py:764: error: Argument "type_" to "parse_obj_as" has incompatible type "<typing special form>"; expected "type[Never]"  [arg-type]
src/probe/ai_gateway_dynamic_routing/raw_client.py:841: error: Argument "type_" to "parse_obj_as" has incompatible type "<typing special form>"; expected "type[Never]"  [arg-type]
src/probe/ai_gateway_dynamic_routing/raw_client.py:898: error: Argument "type_" to "parse_obj_as" has incompatible type "<typing special form>"; expected "type[Never]"  [arg-type]
src/probe/ai_gateway_dynamic_routing/raw_client.py:955: error: Argument "type_" to "parse_obj_as" has incompatible type "<typing special form>"; expected "type[Never]"  [arg-type]
src/probe/ai_gateway_dynamic_routing/raw_client.py:1027: error: Argument "type_" to "parse_obj_as" has incompatible type "<typing special form>"; expected "type[Never]"  [arg-type]
src/probe/ai_gateway_dynamic_routing/raw_client.py:1084: error: Argument "type_" to "parse_obj_as" has incompatible type "<typing special form>"; expected "type[Never]"  [arg-type]
src/probe/ai_gateway_dynamic_routing/raw_client.py:1156: error: Argument "type_" to "parse_obj_as" has incompatible type "<typing special form>"; expected "type[Never]"  [arg-type]
src/probe/ai_gateway_dynamic_routing/raw_client.py:1213: error: Argument "type_" to "parse_obj_as" has incompatible type "<typing special form>"; expected "type[Never]"  [arg-type]
src/probe/ai_gateway_dynamic_routing/raw_client.py:1289: error: Argument "type_" to "parse_obj_as" has incompatible type "<typing special form>"; expected "type[Never]"  [arg-type]
src/probe/ai_gateway_dynamic_routing/raw_client.py:1354: error: Argument "type_" to "parse_obj_as" has incompatible type "<typing special form>"; expected "type[Never]"  [arg-type]
src/probe/ai_audit_robots/raw_client.py:83: error: Argument "type_" to "parse_obj_as" has incompatible type "<typing special form>"; expected "type[Never]"  [arg-type]
src/probe/ai_audit_robots/raw_client.py:94: error: Argument "type_" to "parse_obj_as" has incompatible type "<typing special form>"; expected "type[Never]"  [arg-type]
src/probe/ai_audit_robots/raw_client.py:105: error: Argument "type_" to "parse_obj_as" has incompatible type "<typing special form>"; expected "type[Never]"  [arg-type]
src/probe/ai_audit_robots/raw_client.py:116: error: Argument "type_" to "parse_obj_as" has incompatible type "<typing special form>"; expected "type[Never]"  [arg-type]
src/probe/ai_audit_robots/raw_client.py:127: error: Argument "type_" to "parse_obj_as" has incompatible type "<typing special form>"; expected "type[Never]"  [arg-type]
src/probe/ai_audit_robots/raw_client.py:138: error: Argument "type_" to "parse_obj_as" has incompatible type "<typing special form>"; expected "type[Never]"  [arg-type]
src/probe/ai_audit_robots/raw_client.py:199: error: Argument "type_" to "parse_obj_as" has incompatible type "<typing special form>"; expected "type[Never]"  [arg-type]
src/probe/ai_audit_robots/raw_client.py:210: error: Argument "type_" to "parse_obj_as" has incompatible type "<typing special form>"; expected "type[Never]"  [arg-type]
src/probe/ai_audit_robots/raw_client.py:221: error: Argument "type_" to "parse_obj_as" has incompatible type "<typing special form>"; expected "type[Never]"  [arg-type]
src/probe/ai_audit_robots/raw_client.py:232: error: Argument "type_" to "parse_obj_as" has incompatible type "<typing special form>"; expected "type[Never]"  [arg-type]
src/probe/ai_audit_robots/raw_client.py:254: error: Argument "type_" to "parse_obj_as" has incompatible type "<typing special form>"; expected "type[Never]"  [arg-type]
src/probe/ai_audit_robots/raw_client.py:265: error: Argument "type_" to "parse_obj_as" has incompatible type "<typing special form>"; expected "type[Never]"  [arg-type]
src/probe/ai_audit_robots/raw_client.py:334: error: Argument "type_" to "parse_obj_as" has incompatible type "<typing special form>"; expected "type[Never]"  [arg-type]
src/probe/ai_audit_robots/raw_client.py:345: error: Argument "type_" to "parse_obj_as" has incompatible type "<typing special form>"; expected "type[Never]"  [arg-type]
src/probe/ai_audit_robots/raw_client.py:356: error: Argument "type_" to "parse_obj_as" has incompatible type "<typing special form>"; expected "type[Never]"  [arg-type]
src/probe/ai_audit_robots/raw_client.py:367: error: Argument "type_" to "parse_obj_as" has incompatible type "<typing special form>"; expected "type[Never]"  [arg-type]
src/probe/ai_audit_robots/raw_client.py:378: error: Argument "type_" to "parse_obj_as" has incompatible type "<typing special form>"; expected "type[Never]"  [arg-type]
src/probe/ai_audit_robots/raw_client.py:389: error: Argument "type_" to "parse_obj_as" has incompatible type "<typing special form>"; expected "type[Never]"  [arg-type]
src/probe/ai_audit_robots/raw_client.py:450: error: Argument "type_" to "parse_obj_as" has incompatible type "<typing special form>"; expected "type[Never]"  [arg-type]
src/probe/ai_audit_robots/raw_client.py:461: error: Argument "type_" to "parse_obj_as" has incompatible type "<typing special form>"; expected "type[Never]"  [arg-type]
src/probe/ai_audit_robots/raw_client.py:472: error: Argument "type_" to "parse_obj_as" has incompatible type "<typing special form>"; expected "type[Never]"  [arg-type]
src/probe/ai_audit_robots/raw_client.py:483: error: Argument "type_" to "parse_obj_as" has incompatible type "<typing special form>"; expected "type[Never]"  [arg-type]
src/probe/ai_audit_robots/raw_client.py:505: error: Argument "type_" to "parse_obj_as" has incompatible type "<typing special form>"; expected "type[Never]"  [arg-type]
src/probe/ai_audit_robots/raw_client.py:516: error: Argument "type_" to "parse_obj_as" has incompatible type "<typing special form>"; expected "type[Never]"  [arg-type]
src/probe/accounts_logs_audit/raw_client.py:424: error: Argument "type_" to "parse_obj_as" has incompatible type "<typing special form>"; expected "type[Never]"  [arg-type]
src/probe/accounts_logs_audit/raw_client.py:863: error: Argument "type_" to "parse_obj_as" has incompatible type "<typing special form>"; expected "type[Never]"  [arg-type]
src/probe/workflows_instances/raw_client.py:120: error: Argument "type_" to "parse_obj_as" has incompatible type "<typing special form>"; expected "type[Never]"  [arg-type]
src/probe/workflows_instances/raw_client.py:131: error: Argument "type_" to "parse_obj_as" has incompatible type "<typing special form>"; expected "type[Never]"  [arg-type]
src/probe/workflows_instances/raw_client.py:218: error: Argument "type_" to "parse_obj_as" has incompatible type "<typing special form>"; expected "type[Never]"  [arg-type]
src/probe/workflows_instances/raw_client.py:229: error: Argument "type_" to "parse_obj_as" has incompatible type "<typing special form>"; expected "type[Never]"  [arg-type]
src/probe/workflows_instances/raw_client.py:304: error: Argument "type_" to "parse_obj_as" has incompatible type "<typing special form>"; expected "type[Never]"  [arg-type]
src/probe/workflows_instances/raw_client.py:315: error: Argument "type_" to "parse_obj_as" has incompatible type "<typing special form>"; expected "type[Never]"  [arg-type]
src/probe/workflows_instances/raw_client.py:378: error: Argument "type_" to "parse_obj_as" has incompatible type "<typing special form>"; expected "type[Never]"  [arg-type]
src/probe/workflows_instances/raw_client.py:477: error: Argument "type_" to "parse_obj_as" has incompatible type "<typing special form>"; expected "type[Never]"  [arg-type]
src/probe/workflows_instances/raw_client.py:488: error: Argument "type_" to "parse_obj_as" has incompatible type "<typing special form>"; expected "type[Never]"  [arg-type]
src/probe/workflows_instances/raw_client.py:575: error: Argument "type_" to "parse_obj_as" has incompatible type "<typing special form>"; expected "type[Never]"  [arg-type]
src/probe/workflows_instances/raw_client.py:586: error: Argument "type_" to "parse_obj_as" has incompatible type "<typing special form>"; expected "type[Never]"  [arg-type]
src/probe/workflows_instances/raw_client.py:661: error: Argument "type_" to "parse_obj_as" has incompatible type "<typing special form>"; expected "type[Never]"  [arg-type]
src/probe/workflows_instances/raw_client.py:672: error: Argument "type_" to "parse_obj_as" has incompatible type "<typing special form>"; expected "type[Never]"  [arg-type]
src/probe/workflows_instances/raw_client.py:735: error: Argument "type_" to "parse_obj_as" has incompatible type "<typing special form>"; expected "type[Never]"  [arg-type]
src/probe/containers_applications_rollouts/raw_client.py:140: error: Argument "type_" to "parse_obj_as" has incompatible type "<typing special form>"; expected "type[Never]"  [arg-type]
src/probe/containers_applications_rollouts/raw_client.py:151: error: Argument "type_" to "parse_obj_as" has incompatible type "<typing special form>"; expected "type[Never]"  [arg-type]
src/probe/containers_applications_rollouts/raw_client.py:162: error: Argument "type_" to "parse_obj_as" has incompatible type "<typing special form>"; expected "type[Never]"  [arg-type]
src/probe/containers_applications_rollouts/raw_client.py:173: error: Argument "type_" to "parse_obj_as" has incompatible type "<typing special form>"; expected "type[Never]"  [arg-type]
src/probe/containers_applications_rollouts/raw_client.py:184: error: Argument "type_" to "parse_obj_as" has incompatible type "<typing special form>"; expected "type[Never]"  [arg-type]
src/probe/containers_applications_rollouts/raw_client.py:306: error: Argument "type_" to "parse_obj_as" has incompatible type "<typing special form>"; expected "type[Never]"  [arg-type]
src/probe/containers_applications_rollouts/raw_client.py:317: error: Argument "type_" to "parse_obj_as" has incompatible type "<typing special form>"; expected "type[Never]"  [arg-type]
src/probe/containers_applications_rollouts/raw_client.py:328: error: Argument "type_" to "parse_obj_as" has incompatible type "<typing special form>"; expected "type[Never]"  [arg-type]
src/probe/containers_applications_rollouts/raw_client.py:339: error: Argument "type_" to "parse_obj_as" has incompatible type "<typing special form>"; expected "type[Never]"  [arg-type]
src/probe/containers_applications_rollouts/raw_client.py:350: error: Argument "type_" to "parse_obj_as" has incompatible type "<typing special form>"; expected "type[Never]"  [arg-type]
src/probe/zero_trust_access_applications_policy_tests/raw_client.py:84: error: Argument "type_" to "parse_obj_as" has incompatible type "<typing special form>"; expected "type[Never]"  [arg-type]
src/probe/zero_trust_access_applications_policy_tests/raw_client.py:143: error: Argument "type_" to "parse_obj_as" has incompatible type "<typing special form>"; expected "type[Never]"  [arg-type]
src/probe/zero_trust_access_applications_policy_tests/raw_client.py:216: error: Argument "type_" to "parse_obj_as" has incompatible type "<typing special form>"; expected "type[Never]"  [arg-type]
src/probe/zero_trust_access_applications_policy_tests/raw_client.py:275: error: Argument "type_" to "parse_obj_as" has incompatible type "<typing special form>"; expected "type[Never]"  [arg-type]
src/probe/workflows_versions/raw_client.py:80: error: Argument "type_" to "parse_obj_as" has incompatible type "<typing special form>"; expected "type[Never]"  [arg-type]
src/probe/workflows_versions/raw_client.py:142: error: Argument "type_" to "parse_obj_as" has incompatible type "<typing special form>"; expected "type[Never]"  [arg-type]
src/probe/workflows_versions/raw_client.py:153: error: Argument "type_" to "parse_obj_as" has incompatible type "<typing special form>"; expected "type[Never]"  [arg-type]
src/probe/workflows_versions/raw_client.py:215: error: Argument "type_" to "parse_obj_as" has incompatible type "<typing special form>"; expected "type[Never]"  [arg-type]
src/probe/workflows_versions/raw_client.py:289: error: Argument "type_" to "parse_obj_as" has incompatible type "<typing special form>"; expected "type[Never]"  [arg-type]
src/probe/workflows_versions/raw_client.py:351: error: Argument "type_" to "parse_obj_as" has incompatible type "<typing special form>"; expected "type[Never]"  [arg-type]
src/probe/workflows_versions/raw_client.py:362: error: Argument "type_" to "parse_obj_as" has incompatible type "<typing special form>"; expected "type[Never]"  [arg-type]
src/probe/workflows_versions/raw_client.py:424: error: Argument "type_" to "parse_obj_as" has incompatible type "<typing special form>"; expected "type[Never]"  [arg-type]
src/probe/reporting_reports/raw_client.py:63: error: Argument "type_" to "parse_obj_as" has incompatible type "<typing special form>"; expected "type[Never]"  [arg-type]
src/probe/reporting_reports/raw_client.py:118: error: Argument "type_" to "parse_obj_as" has incompatible type "<typing special form>"; expected "type[Never]"  [arg-type]
src/probe/reporting_reports/raw_client.py:176: error: Argument "type_" to "parse_obj_as" has incompatible type "<typing special form>"; expected "type[Never]"  [arg-type]
src/probe/reporting_reports/raw_client.py:231: error: Argument "type_" to "parse_obj_as" has incompatible type "<typing special form>"; expected "type[Never]"  [arg-type]
src/probe/observability_telemetry/raw_client.py:137: error: Argument "type_" to "parse_obj_as" has incompatible type "<typing special form>"; expected "type[Never]"  [arg-type]
src/probe/observability_telemetry/raw_client.py:148: error: Argument "type_" to "parse_obj_as" has incompatible type "<typing special form>"; expected "type[Never]"  [arg-type]
src/probe/observability_telemetry/raw_client.py:159: error: Argument "type_" to "parse_obj_as" has incompatible type "<typing special form>"; expected "type[Never]"  [arg-type]
src/probe/observability_telemetry/raw_client.py:170: error: Argument "type_" to "parse_obj_as" has incompatible type "<typing special form>"; expected "type[Never]"  [arg-type]
src/probe/observability_telemetry/raw_client.py:181: error: Argument "type_" to "parse_obj_as" has incompatible type "<typing special form>"; expected "type[Never]"  [arg-type]
src/probe/observability_telemetry/raw_client.py:192: error: Argument "type_" to "parse_obj_as" has incompatible type "<typing special form>"; expected "type[Never]"  [arg-type]
src/probe/observability_telemetry/raw_client.py:334: error: Argument "type_" to "parse_obj_as" has incompatible type "<typing special form>"; expected "type[Never]"  [arg-type]
src/probe/observability_telemetry/raw_client.py:345: error: Argument "type_" to "parse_obj_as" has incompatible type "<typing special form>"; expected "type[Never]"  [arg-type]
src/probe/observability_telemetry/raw_client.py:356: error: Argument "type_" to "parse_obj_as" has incompatible type "<typing special form>"; expected "type[Never]"  [arg-type]
src/probe/observability_telemetry/raw_client.py:367: error: Argument "type_" to "parse_obj_as" has incompatible type "<typing special form>"; expected "type[Never]"  [arg-type]
src/probe/observability_telemetry/raw_client.py:378: error: Argument "type_" to "parse_obj_as" has incompatible type "<typing special form>"; expected "type[Never]"  [arg-type]
src/probe/observability_telemetry/raw_client.py:389: error: Argument "type_" to "parse_obj_as" has incompatible type "<typing special form>"; expected "type[Never]"  [arg-type]
src/probe/observability_telemetry/raw_client.py:491: error: Argument "type_" to "parse_obj_as" has incompatible type "<typing special form>"; expected "type[Never]"  [arg-type]
src/probe/observability_telemetry/raw_client.py:502: error: Argument "type_" to "parse_obj_as" has incompatible type "<typing special form>"; expected "type[Never]"  [arg-type]
src/probe/observability_telemetry/raw_client.py:513: error: Argument "type_" to "parse_obj_as" has incompatible type "<typing special form>"; expected "type[Never]"  [arg-type]
src/probe/observability_telemetry/raw_client.py:524: error: Argument "type_" to "parse_obj_as" has incompatible type "<typing special form>"; expected "type[Never]"  [arg-type]
src/probe/observability_telemetry/raw_client.py:535: error: Argument "type_" to "parse_obj_as" has incompatible type "<typing special form>"; expected "type[Never]"  [arg-type]
src/probe/observability_telemetry/raw_client.py:546: error: Argument "type_" to "parse_obj_as" has incompatible type "<typing special form>"; expected "type[Never]"  [arg-type]
src/probe/observability_telemetry/raw_client.py:655: error: Argument "type_" to "parse_obj_as" has incompatible type "<typing special form>"; expected "type[Never]"  [arg-type]
src/probe/observability_telemetry/raw_client.py:666: error: Argument "type_" to "parse_obj_as" has incompatible type "<typing special form>"; expected "type[Never]"  [arg-type]
src/probe/observability_telemetry/raw_client.py:677: error: Argument "type_" to "parse_obj_as" has incompatible type "<typing special form>"; expected "type[Never]"  [arg-type]
src/probe/observability_telemetry/raw_client.py:688: error: Argument "type_" to "parse_obj_as" has incompatible type "<typing special form>"; expected "type[Never]"  [arg-type]
src/probe/observability_telemetry/raw_client.py:699: error: Argument "type_" to "parse_obj_as" has incompatible type "<typing special form>"; expected "type[Never]"  [arg-type]
src/probe/observability_telemetry/raw_client.py:710: error: Argument "type_" to "parse_obj_as" has incompatible type "<typing special form>"; expected "type[Never]"  [arg-type]
src/probe/observability_telemetry/raw_client.py:852: error: Argument "type_" to "parse_obj_as" has incompatible type "<typing special form>"; expected "type[Never]"  [arg-type]
src/probe/observability_telemetry/raw_client.py:863: error: Argument "type_" to "parse_obj_as" has incompatible type "<typing special form>"; expected "type[Never]"  [arg-type]
src/probe/observability_telemetry/raw_client.py:874: error: Argument "type_" to "parse_obj_as" has incompatible type "<typing special form>"; expected "type[Never]"  [arg-type]
src/probe/observability_telemetry/raw_client.py:885: error: Argument "type_" to "parse_obj_as" has incompatible type "<typing special form>"; expected "type[Never]"  [arg-type]
src/probe/observability_telemetry/raw_client.py:896: error: Argument "type_" to "parse_obj_as" has incompatible type "<typing special form>"; expected "type[Never]"  [arg-type]
src/probe/observability_telemetry/raw_client.py:907: error: Argument "type_" to "parse_obj_as" has incompatible type "<typing special form>"; expected "type[Never]"  [arg-type]
src/probe/observability_telemetry/raw_client.py:1009: error: Argument "type_" to "parse_obj_as" has incompatible type "<typing special form>"; expected "type[Never]"  [arg-type]
src/probe/observability_telemetry/raw_client.py:1020: error: Argument "type_" to "parse_obj_as" has incompatible type "<typing special form>"; expected "type[Never]"  [arg-type]
src/probe/observability_telemetry/raw_client.py:1031: error: Argument "type_" to "parse_obj_as" has incompatible type "<typing special form>"; expected "type[Never]"  [arg-type]
src/probe/observability_telemetry/raw_client.py:1042: error: Argument "type_" to "parse_obj_as" has incompatible type "<typing special form>"; expected "type[Never]"  [arg-type]
src/probe/observability_telemetry/raw_client.py:1053: error: Argument "type_" to "parse_obj_as" has incompatible type "<typing special form>"; expected "type[Never]"  [arg-type]
src/probe/observability_telemetry/raw_client.py:1064: error: Argument "type_" to "parse_obj_as" has incompatible type "<typing special form>"; expected "type[Never]"  [arg-type]
src/probe/observability_shared_queries/raw_client.py:173: error: Argument "type_" to "parse_obj_as" has incompatible type "<typing special form>"; expected "type[Never]"  [arg-type]
src/probe/observability_shared_queries/raw_client.py:184: error: Argument "type_" to "parse_obj_as" has incompatible type "<typing special form>"; expected "type[Never]"  [arg-type]
src/probe/observability_shared_queries/raw_client.py:195: error: Argument "type_" to "parse_obj_as" has incompatible type "<typing special form>"; expected "type[Never]"  [arg-type]
src/probe/observability_shared_queries/raw_client.py:206: error: Argument "type_" to "parse_obj_as" has incompatible type "<typing special form>"; expected "type[Never]"  [arg-type]
src/probe/observability_shared_queries/raw_client.py:274: error: Argument "type_" to "parse_obj_as" has incompatible type "<typing special form>"; expected "type[Never]"  [arg-type]
src/probe/observability_shared_queries/raw_client.py:285: error: Argument "type_" to "parse_obj_as" has incompatible type "<typing special form>"; expected "type[Never]"  [arg-type]
src/probe/observability_shared_queries/raw_client.py:296: error: Argument "type_" to "parse_obj_as" has incompatible type "<typing special form>"; expected "type[Never]"  [arg-type]
src/probe/observability_shared_queries/raw_client.py:307: error: Argument "type_" to "parse_obj_as" has incompatible type "<typing special form>"; expected "type[Never]"  [arg-type]
src/probe/observability_shared_queries/raw_client.py:454: error: Argument "type_" to "parse_obj_as" has incompatible type "<typing special form>"; expected "type[Never]"  [arg-type]
src/probe/observability_shared_queries/raw_client.py:465: error: Argument "type_" to "parse_obj_as" has incompatible type "<typing special form>"; expected "type[Never]"  [arg-type]
src/probe/observability_shared_queries/raw_client.py:476: error: Argument "type_" to "parse_obj_as" has incompatible type "<typing special form>"; expected "type[Never]"  [arg-type]
src/probe/observability_shared_queries/raw_client.py:487: error: Argument "type_" to "parse_obj_as" has incompatible type "<typing special form>"; expected "type[Never]"  [arg-type]
src/probe/observability_shared_queries/raw_client.py:555: error: Argument "type_" to "parse_obj_as" has incompatible type "<typing special form>"; expected "type[Never]"  [arg-type]
src/probe/observability_shared_queries/raw_client.py:566: error: Argument "type_" to "parse_obj_as" has incompatible type "<typing special form>"; expected "type[Never]"  [arg-type]
src/probe/observability_shared_queries/raw_client.py:577: error: Argument "type_" to "parse_obj_as" has incompatible type "<typing special form>"; expected "type[Never]"  [arg-type]
src/probe/observability_shared_queries/raw_client.py:588: error: Argument "type_" to "parse_obj_as" has incompatible type "<typing special form>"; expected "type[Never]"  [arg-type]
src/probe/email_routing_rules/raw_client.py:169: error: Argument "type_" to "parse_obj_as" has incompatible type "<typing special form>"; expected "type[Never]"  [arg-type]
src/probe/email_routing_rules/raw_client.py:180: error: Argument "type_" to "parse_obj_as" has incompatible type "<typing special form>"; expected "type[Never]"  [arg-type]
src/probe/email_routing_rules/raw_client.py:191: error: Argument "type_" to "parse_obj_as" has incompatible type "<typing special form>"; expected "type[Never]"  [arg-type]
src/probe/email_routing_rules/raw_client.py:344: error: Argument "type_" to "parse_obj_as" has incompatible type "<typing special form>"; expected "type[Never]"  [arg-type]
src/probe/email_routing_rules/raw_client.py:355: error: Argument "type_" to "parse_obj_as" has incompatible type "<typing special form>"; expected "type[Never]"  [arg-type]
src/probe/email_routing_rules/raw_client.py:500: error: Argument "type_" to "parse_obj_as" has incompatible type "<typing special form>"; expected "type[Never]"  [arg-type]
src/probe/email_routing_rules/raw_client.py:511: error: Argument "type_" to "parse_obj_as" has incompatible type "<typing special form>"; expected "type[Never]"  [arg-type]
src/probe/email_routing_rules/raw_client.py:705: error: Argument "type_" to "parse_obj_as" has incompatible type "<typing special form>"; expected "type[Never]"  [arg-type]
src/probe/email_routing_rules/raw_client.py:716: error: Argument "type_" to "parse_obj_as" has incompatible type "<typing special form>"; expected "type[Never]"  [arg-type]
src/probe/email_routing_rules/raw_client.py:727: error: Argument "type_" to "parse_obj_as" has incompatible type "<typing special form>"; expected "type[Never]"  [arg-type]
src/probe/email_routing_rules/raw_client.py:880: error: Argument "type_" to "parse_obj_as" has incompatible type "<typing special form>"; expected "type[Never]"  [arg-type]
src/probe/email_routing_rules/raw_client.py:891: error: Argument "type_" to "parse_obj_as" has incompatible type "<typing special form>"; expected "type[Never]"  [arg-type]
src/probe/email_routing_rules/raw_client.py:1036: error: Argument "type_" to "parse_obj_as" has incompatible type "<typing special form>"; expected "type[Never]"  [arg-type]
src/probe/email_routing_rules/raw_client.py:1047: error: Argument "type_" to "parse_obj_as" has incompatible type "<typing special form>"; expected "type[Never]"  [arg-type]
src/probe/magic_cloud_networking_resources/raw_client.py:133: error: Argument "type_" to "parse_obj_as" has incompatible type "<typing special form>"; expected "type[Never]"  [arg-type]
src/probe/magic_cloud_networking_resources/raw_client.py:144: error: Argument "type_" to "parse_obj_as" has incompatible type "<typing special form>"; expected "type[Never]"  [arg-type]
src/probe/magic_cloud_networking_resources/raw_client.py:155: error: Argument "type_" to "parse_obj_as" has incompatible type "<typing special form>"; expected "type[Never]"  [arg-type]
src/probe/magic_cloud_networking_resources/raw_client.py:166: error: Argument "type_" to "parse_obj_as" has incompatible type "<typing special form>"; expected "type[Never]"  [arg-type]
src/probe/magic_cloud_networking_resources/raw_client.py:177: error: Argument "type_" to "parse_obj_as" has incompatible type "<typing special form>"; expected "type[Never]"  [arg-type]
src/probe/magic_cloud_networking_resources/raw_client.py:242: error: Argument "type_" to "parse_obj_as" has incompatible type "<typing special form>"; expected "type[Never]"  [arg-type]
src/probe/magic_cloud_networking_resources/raw_client.py:253: error: Argument "type_" to "parse_obj_as" has incompatible type "<typing special form>"; expected "type[Never]"  [arg-type]
src/probe/magic_cloud_networking_resources/raw_client.py:264: error: Argument "type_" to "parse_obj_as" has incompatible type "<typing special form>"; expected "type[Never]"  [arg-type]
src/probe/magic_cloud_networking_resources/raw_client.py:275: error: Argument "type_" to "parse_obj_as" has incompatible type "<typing special form>"; expected "type[Never]"  [arg-type]
src/probe/magic_cloud_networking_resources/raw_client.py:286: error: Argument "type_" to "parse_obj_as" has incompatible type "<typing special form>"; expected "type[Never]"  [arg-type]
src/probe/magic_cloud_networking_resources/raw_client.py:381: error: Argument "type_" to "parse_obj_as" has incompatible type "<typing special form>"; expected "type[Never]"  [arg-type]
src/probe/magic_cloud_networking_resources/raw_client.py:392: error: Argument "type_" to "parse_obj_as" has incompatible type "<typing special form>"; expected "type[Never]"  [arg-type]
src/probe/magic_cloud_networking_resources/raw_client.py:403: error: Argument "type_" to "parse_obj_as" has incompatible type "<typing special form>"; expected "type[Never]"  [arg-type]
src/probe/magic_cloud_networking_resources/raw_client.py:414: error: Argument "type_" to "parse_obj_as" has incompatible type "<typing special form>"; expected "type[Never]"  [arg-type]
src/probe/magic_cloud_networking_resources/raw_client.py:425: error: Argument "type_" to "parse_obj_as" has incompatible type "<typing special form>"; expected "type[Never]"  [arg-type]
src/probe/magic_cloud_networking_resources/raw_client.py:494: error: Argument "type_" to "parse_obj_as" has incompatible type "<typing special form>"; expected "type[Never]"  [arg-type]
src/probe/magic_cloud_networking_resources/raw_client.py:505: error: Argument "type_" to "parse_obj_as" has incompatible type "<typing special form>"; expected "type[Never]"  [arg-type]
src/probe/magic_cloud_networking_resources/raw_client.py:516: error: Argument "type_" to "parse_obj_as" has incompatible type "<typing special form>"; expected "type[Never]"  [arg-type]
src/probe/magic_cloud_networking_resources/raw_client.py:527: error: Argument "type_" to "parse_obj_as" has incompatible type "<typing special form>"; expected "type[Never]"  [arg-type]
src/probe/magic_cloud_networking_resources/raw_client.py:538: error: Argument "type_" to "parse_obj_as" has incompatible type "<typing special form>"; expected "type[Never]"  [arg-type]
src/probe/magic_cloud_networking_resources/raw_client.py:654: error: Argument "type_" to "parse_obj_as" has incompatible type "<typing special form>"; expected "type[Never]"  [arg-type]
src/probe/magic_cloud_networking_resources/raw_client.py:665: error: Argument "type_" to "parse_obj_as" has incompatible type "<typing special form>"; expected "type[Never]"  [arg-type]
src/probe/magic_cloud_networking_resources/raw_client.py:676: error: Argument "type_" to "parse_obj_as" has incompatible type "<typing special form>"; expected "type[Never]"  [arg-type]
src/probe/magic_cloud_networking_resources/raw_client.py:687: error: Argument "type_" to "parse_obj_as" has incompatible type "<typing special form>"; expected "type[Never]"  [arg-type]
src/probe/magic_cloud_networking_resources/raw_client.py:698: error: Argument "type_" to "parse_obj_as" has incompatible type "<typing special form>"; expected "type[Never]"  [arg-type]
src/probe/magic_cloud_networking_resources/raw_client.py:763: error: Argument "type_" to "parse_obj_as" has incompatible type "<typing special form>"; expected "type[Never]"  [arg-type]
src/probe/magic_cloud_networking_resources/raw_client.py:774: error: Argument "type_" to "parse_obj_as" has incompatible type "<typing special form>"; expected "type[Never]"  [arg-type]
src/probe/magic_cloud_networking_resources/raw_client.py:785: error: Argument "type_" to "parse_obj_as" has incompatible type "<typing special form>"; expected "type[Never]"  [arg-type]
src/probe/magic_cloud_networking_resources/raw_client.py:796: error: Argument "type_" to "parse_obj_as" has incompatible type "<typing special form>"; expected "type[Never]"  [arg-type]
src/probe/magic_cloud_networking_resources/raw_client.py:807: error: Argument "type_" to "parse_obj_as" has incompatible type "<typing special form>"; expected "type[Never]"  [arg-type]
src/probe/magic_cloud_networking_resources/raw_client.py:903: error: Argument "type_" to "parse_obj_as" has incompatible type "<typing special form>"; expected "type[Never]"  [arg-type]
src/probe/magic_cloud_networking_resources/raw_client.py:914: error: Argument "type_" to "parse_obj_as" has incompatible type "<typing special form>"; expected "type[Never]"  [arg-type]
src/probe/magic_cloud_networking_resources/raw_client.py:925: error: Argument "type_" to "parse_obj_as" has incompatible type "<typing special form>"; expected "type[Never]"  [arg-type]
src/probe/magic_cloud_networking_resources/raw_client.py:936: error: Argument "type_" to "parse_obj_as" has incompatible type "<typing special form>"; expected "type[Never]"  [arg-type]
src/probe/magic_cloud_networking_resources/raw_client.py:947: error: Argument "type_" to "parse_obj_as" has incompatible type "<typing special form>"; expected "type[Never]"  [arg-type]
src/probe/magic_cloud_networking_resources/raw_client.py:1016: error: Argument "type_" to "parse_obj_as" has incompatible type "<typing special form>"; expected "type[Never]"  [arg-type]
src/probe/magic_cloud_networking_resources/raw_client.py:1027: error: Argument "type_" to "parse_obj_as" has incompatible type "<typing special form>"; expected "type[Never]"  [arg-type]
src/probe/magic_cloud_networking_resources/raw_client.py:1038: error: Argument "type_" to "parse_obj_as" has incompatible type "<typing special form>"; expected "type[Never]"  [arg-type]
src/probe/magic_cloud_networking_resources/raw_client.py:1049: error: Argument "type_" to "parse_obj_as" has incompatible type "<typing special form>"; expected "type[Never]"  [arg-type]
src/probe/magic_cloud_networking_resources/raw_client.py:1060: error: Argument "type_" to "parse_obj_as" has incompatible type "<typing special form>"; expected "type[Never]"  [arg-type]
src/probe/containers_applications/raw_client.py:97: error: Argument "type_" to "parse_obj_as" has incompatible type "<typing special form>"; expected "type[Never]"  [arg-type]
src/probe/containers_applications/raw_client.py:108: error: Argument "type_" to "parse_obj_as" has incompatible type "<typing special form>"; expected "type[Never]"  [arg-type]
src/probe/containers_applications/raw_client.py:185: error: Argument "type_" to "parse_obj_as" has incompatible type "<typing special form>"; expected "type[Never]"  [arg-type]
src/probe/containers_applications/raw_client.py:196: error: Argument "type_" to "parse_obj_as" has incompatible type "<typing special form>"; expected "type[Never]"  [arg-type]
src/probe/containers_applications/raw_client.py:207: error: Argument "type_" to "parse_obj_as" has incompatible type "<typing special form>"; expected "type[Never]"  [arg-type]
src/probe/containers_applications/raw_client.py:218: error: Argument "type_" to "parse_obj_as" has incompatible type "<typing special form>"; expected "type[Never]"  [arg-type]
src/probe/containers_applications/raw_client.py:278: error: Argument "type_" to "parse_obj_as" has incompatible type "<typing special form>"; expected "type[Never]"  [arg-type]
src/probe/containers_applications/raw_client.py:289: error: Argument "type_" to "parse_obj_as" has incompatible type "<typing special form>"; expected "type[Never]"  [arg-type]
src/probe/containers_applications/raw_client.py:300: error: Argument "type_" to "parse_obj_as" has incompatible type "<typing special form>"; expected "type[Never]"  [arg-type]
src/probe/containers_applications/raw_client.py:360: error: Argument "type_" to "parse_obj_as" has incompatible type "<typing special form>"; expected "type[Never]"  [arg-type]
src/probe/containers_applications/raw_client.py:371: error: Argument "type_" to "parse_obj_as" has incompatible type "<typing special form>"; expected "type[Never]"  [arg-type]
src/probe/containers_applications/raw_client.py:382: error: Argument "type_" to "parse_obj_as" has incompatible type "<typing special form>"; expected "type[Never]"  [arg-type]
src/probe/containers_applications/raw_client.py:477: error: Argument "type_" to "parse_obj_as" has incompatible type "<typing special form>"; expected "type[Never]"  [arg-type]
src/probe/containers_applications/raw_client.py:488: error: Argument "type_" to "parse_obj_as" has incompatible type "<typing special form>"; expected "type[Never]"  [arg-type]
src/probe/containers_applications/raw_client.py:499: error: Argument "type_" to "parse_obj_as" has incompatible type "<typing special form>"; expected "type[Never]"  [arg-type]
src/probe/containers_applications/raw_client.py:510: error: Argument "type_" to "parse_obj_as" has incompatible type "<typing special form>"; expected "type[Never]"  [arg-type]
src/probe/containers_applications/raw_client.py:521: error: Argument "type_" to "parse_obj_as" has incompatible type "<typing special form>"; expected "type[Never]"  [arg-type]
src/probe/containers_applications/raw_client.py:595: error: Argument "type_" to "parse_obj_as" has incompatible type "<typing special form>"; expected "type[Never]"  [arg-type]
src/probe/containers_applications/raw_client.py:606: error: Argument "type_" to "parse_obj_as" has incompatible type "<typing special form>"; expected "type[Never]"  [arg-type]
src/probe/containers_applications/raw_client.py:683: error: Argument "type_" to "parse_obj_as" has incompatible type "<typing special form>"; expected "type[Never]"  [arg-type]
src/probe/containers_applications/raw_client.py:694: error: Argument "type_" to "parse_obj_as" has incompatible type "<typing special form>"; expected "type[Never]"  [arg-type]
src/probe/containers_applications/raw_client.py:705: error: Argument "type_" to "parse_obj_as" has incompatible type "<typing special form>"; expected "type[Never]"  [arg-type]
src/probe/containers_applications/raw_client.py:716: error: Argument "type_" to "parse_obj_as" has incompatible type "<typing special form>"; expected "type[Never]"  [arg-type]
src/probe/containers_applications/raw_client.py:776: error: Argument "type_" to "parse_obj_as" has incompatible type "<typing special form>"; expected "type[Never]"  [arg-type]
src/probe/containers_applications/raw_client.py:787: error: Argument "type_" to "parse_obj_as" has incompatible type "<typing special form>"; expected "type[Never]"  [arg-type]
src/probe/containers_applications/raw_client.py:798: error: Argument "type_" to "parse_obj_as" has incompatible type "<typing special form>"; expected "type[Never]"  [arg-type]
src/probe/containers_applications/raw_client.py:858: error: Argument "type_" to "parse_obj_as" has incompatible type "<typing special form>"; expected "type[Never]"  [arg-type]
src/probe/containers_applications/raw_client.py:869: error: Argument "type_" to "parse_obj_as" has incompatible type "<typing special form>"; expected "type[Never]"  [arg-type]
src/probe/containers_applications/raw_client.py:880: error: Argument "type_" to "parse_obj_as" has incompatible type "<typing special form>"; expected "type[Never]"  [arg-type]
src/probe/containers_applications/raw_client.py:975: error: Argument "type_" to "parse_obj_as" has incompatible type "<typing special form>"; expected "type[Never]"  [arg-type]
src/probe/containers_applications/raw_client.py:986: error: Argument "type_" to "parse_obj_as" has incompatible type "<typing special form>"; expected "type[Never]"  [arg-type]
src/probe/containers_applications/raw_client.py:997: error: Argument "type_" to "parse_obj_as" has incompatible type "<typing special form>"; expected "type[Never]"  [arg-type]
src/probe/containers_applications/raw_client.py:1008: error: Argument "type_" to "parse_obj_as" has incompatible type "<typing special form>"; expected "type[Never]"  [arg-type]
src/probe/containers_applications/raw_client.py:1019: error: Argument "type_" to "parse_obj_as" has incompatible type "<typing special form>"; expected "type[Never]"  [arg-type]
src/probe/magic_cloud_networking_on_ramps/raw_client.py:104: error: Argument "type_" to "parse_obj_as" has incompatible type "<typing special form>"; expected "type[Never]"  [arg-type]
src/probe/magic_cloud_networking_on_ramps/raw_client.py:115: error: Argument "type_" to "parse_obj_as" has incompatible type "<typing special form>"; expected "type[Never]"  [arg-type]
src/probe/magic_cloud_networking_on_ramps/raw_client.py:126: error: Argument "type_" to "parse_obj_as" has incompatible type "<typing special form>"; expected "type[Never]"  [arg-type]
src/probe/magic_cloud_networking_on_ramps/raw_client.py:137: error: Argument "type_" to "parse_obj_as" has incompatible type "<typing special form>"; expected "type[Never]"  [arg-type]
src/probe/magic_cloud_networking_on_ramps/raw_client.py:269: error: Argument "type_" to "parse_obj_as" has incompatible type "<typing special form>"; expected "type[Never]"  [arg-type]
src/probe/magic_cloud_networking_on_ramps/raw_client.py:280: error: Argument "type_" to "parse_obj_as" has incompatible type "<typing special form>"; expected "type[Never]"  [arg-type]
src/probe/magic_cloud_networking_on_ramps/raw_client.py:291: error: Argument "type_" to "parse_obj_as" has incompatible type "<typing special form>"; expected "type[Never]"  [arg-type]
src/probe/magic_cloud_networking_on_ramps/raw_client.py:302: error: Argument "type_" to "parse_obj_as" has incompatible type "<typing special form>"; expected "type[Never]"  [arg-type]
src/probe/magic_cloud_networking_on_ramps/raw_client.py:313: error: Argument "type_" to "parse_obj_as" has incompatible type "<typing special form>"; expected "type[Never]"  [arg-type]
src/probe/magic_cloud_networking_on_ramps/raw_client.py:324: error: Argument "type_" to "parse_obj_as" has incompatible type "<typing special form>"; expected "type[Never]"  [arg-type]
src/probe/magic_cloud_networking_on_ramps/raw_client.py:401: error: Argument "type_" to "parse_obj_as" has incompatible type "<typing special form>"; expected "type[Never]"  [arg-type]
src/probe/magic_cloud_networking_on_ramps/raw_client.py:412: error: Argument "type_" to "parse_obj_as" has incompatible type "<typing special form>"; expected "type[Never]"  [arg-type]
src/probe/magic_cloud_networking_on_ramps/raw_client.py:423: error: Argument "type_" to "parse_obj_as" has incompatible type "<typing special form>"; expected "type[Never]"  [arg-type]
src/probe/magic_cloud_networking_on_ramps/raw_client.py:434: error: Argument "type_" to "parse_obj_as" has incompatible type "<typing special form>"; expected "type[Never]"  [arg-type]
src/probe/magic_cloud_networking_on_ramps/raw_client.py:445: error: Argument "type_" to "parse_obj_as" has incompatible type "<typing special form>"; expected "type[Never]"  [arg-type]
src/probe/magic_cloud_networking_on_ramps/raw_client.py:546: error: Argument "type_" to "parse_obj_as" has incompatible type "<typing special form>"; expected "type[Never]"  [arg-type]
src/probe/magic_cloud_networking_on_ramps/raw_client.py:557: error: Argument "type_" to "parse_obj_as" has incompatible type "<typing special form>"; expected "type[Never]"  [arg-type]
src/probe/magic_cloud_networking_on_ramps/raw_client.py:568: error: Argument "type_" to "parse_obj_as" has incompatible type "<typing special form>"; expected "type[Never]"  [arg-type]
src/probe/magic_cloud_networking_on_ramps/raw_client.py:579: error: Argument "type_" to "parse_obj_as" has incompatible type "<typing special form>"; expected "type[Never]"  [arg-type]
src/probe/magic_cloud_networking_on_ramps/raw_client.py:590: error: Argument "type_" to "parse_obj_as" has incompatible type "<typing special form>"; expected "type[Never]"  [arg-type]
src/probe/magic_cloud_networking_on_ramps/raw_client.py:601: error: Argument "type_" to "parse_obj_as" has incompatible type "<typing special form>"; expected "type[Never]"  [arg-type]
src/probe/magic_cloud_networking_on_ramps/raw_client.py:612: error: Argument "type_" to "parse_obj_as" has incompatible type "<typing special form>"; expected "type[Never]"  [arg-type]
src/probe/magic_cloud_networking_on_ramps/raw_client.py:681: error: Argument "type_" to "parse_obj_as" has incompatible type "<typing special form>"; expected "type[Never]"  [arg-type]
src/probe/magic_cloud_networking_on_ramps/raw_client.py:692: error: Argument "type_" to "parse_obj_as" has incompatible type "<typing special form>"; expected "type[Never]"  [arg-type]
src/probe/magic_cloud_networking_on_ramps/raw_client.py:703: error: Argument "type_" to "parse_obj_as" has incompatible type "<typing special form>"; expected "type[Never]"  [arg-type]
src/probe/magic_cloud_networking_on_ramps/raw_client.py:714: error: Argument "type_" to "parse_obj_as" has incompatible type "<typing special form>"; expected "type[Never]"  [arg-type]
src/probe/magic_cloud_networking_on_ramps/raw_client.py:725: error: Argument "type_" to "parse_obj_as" has incompatible type "<typing special form>"; expected "type[Never]"  [arg-type]
src/probe/magic_cloud_networking_on_ramps/raw_client.py:736: error: Argument "type_" to "parse_obj_as" has incompatible type "<typing special form>"; expected "type[Never]"  [arg-type]
src/probe/magic_cloud_networking_on_ramps/raw_client.py:837: error: Argument "type_" to "parse_obj_as" has incompatible type "<typing special form>"; expected "type[Never]"  [arg-type]
src/probe/magic_cloud_networking_on_ramps/raw_client.py:848: error: Argument "type_" to "parse_obj_as" has incompatible type "<typing special form>"; expected "type[Never]"  [arg-type]
src/probe/magic_cloud_networking_on_ramps/raw_client.py:859: error: Argument "type_" to "parse_obj_as" has incompatible type "<typing special form>"; expected "type[Never]"  [arg-type]
src/probe/magic_cloud_networking_on_ramps/raw_client.py:870: error: Argument "type_" to "parse_obj_as" has incompatible type "<typing special form>"; expected "type[Never]"  [arg-type]
src/probe/magic_cloud_networking_on_ramps/raw_client.py:881: error: Argument "type_" to "parse_obj_as" has incompatible type "<typing special form>"; expected "type[Never]"  [arg-type]
src/probe/magic_cloud_networking_on_ramps/raw_client.py:892: error: Argument "type_" to "parse_obj_as" has incompatible type "<typing special form>"; expected "type[Never]"  [arg-type]
src/probe/magic_cloud_networking_on_ramps/raw_client.py:903: error: Argument "type_" to "parse_obj_as" has incompatible type "<typing special form>"; expected "type[Never]"  [arg-type]
src/probe/magic_cloud_networking_on_ramps/raw_client.py:962: error: Argument "type_" to "parse_obj_as" has incompatible type "<typing special form>"; expected "type[Never]"  [arg-type]
src/probe/magic_cloud_networking_on_ramps/raw_client.py:973: error: Argument "type_" to "parse_obj_as" has incompatible type "<typing special form>"; expected "type[Never]"  [arg-type]
src/probe/magic_cloud_networking_on_ramps/raw_client.py:984: error: Argument "type_" to "parse_obj_as" has incompatible type "<typing special form>"; expected "type[Never]"  [arg-type]
src/probe/magic_cloud_networking_on_ramps/raw_client.py:995: error: Argument "type_" to "parse_obj_as" has incompatible type "<typing special form>"; expected "type[Never]"  [arg-type]
src/probe/magic_cloud_networking_on_ramps/raw_client.py:1006: error: Argument "type_" to "parse_obj_as" has incompatible type "<typing special form>"; expected "type[Never]"  [arg-type]
src/probe/magic_cloud_networking_on_ramps/raw_client.py:1017: error: Argument "type_" to "parse_obj_as" has incompatible type "<typing special form>"; expected "type[Never]"  [arg-type]
src/probe/magic_cloud_networking_on_ramps/raw_client.py:1076: error: Argument "type_" to "parse_obj_as" has incompatible type "<typing special form>"; expected "type[Never]"  [arg-type]
src/probe/magic_cloud_networking_on_ramps/raw_client.py:1087: error: Argument "type_" to "parse_obj_as" has incompatible type "<typing special form>"; expected "type[Never]"  [arg-type]
src/probe/magic_cloud_networking_on_ramps/raw_client.py:1098: error: Argument "type_" to "parse_obj_as" has incompatible type "<typing special form>"; expected "type[Never]"  [arg-type]
src/probe/magic_cloud_networking_on_ramps/raw_client.py:1109: error: Argument "type_" to "parse_obj_as" has incompatible type "<typing special form>"; expected "type[Never]"  [arg-type]
src/probe/magic_cloud_networking_on_ramps/raw_client.py:1120: error: Argument "type_" to "parse_obj_as" has incompatible type "<typing special form>"; expected "type[Never]"  [arg-type]
src/probe/magic_cloud_networking_on_ramps/raw_client.py:1131: error: Argument "type_" to "parse_obj_as" has incompatible type "<typing special form>"; expected "type[Never]"  [arg-type]
src/probe/magic_cloud_networking_on_ramps/raw_client.py:1197: error: Argument "type_" to "parse_obj_as" has incompatible type "<typing special form>"; expected "type[Never]"  [arg-type]
src/probe/magic_cloud_networking_on_ramps/raw_client.py:1208: error: Argument "type_" to "parse_obj_as" has incompatible type "<typing special form>"; expected "type[Never]"  [arg-type]
src/probe/magic_cloud_networking_on_ramps/raw_client.py:1219: error: Argument "type_" to "parse_obj_as" has incompatible type "<typing special form>"; expected "type[Never]"  [arg-type]
src/probe/magic_cloud_networking_on_ramps/raw_client.py:1230: error: Argument "type_" to "parse_obj_as" has incompatible type "<typing special form>"; expected "type[Never]"  [arg-type]
src/probe/magic_cloud_networking_on_ramps/raw_client.py:1241: error: Argument "type_" to "parse_obj_as" has incompatible type "<typing special form>"; expected "type[Never]"  [arg-type]
src/probe/magic_cloud_networking_on_ramps/raw_client.py:1252: error: Argument "type_" to "parse_obj_as" has incompatible type "<typing special form>"; expected "type[Never]"  [arg-type]
src/probe/magic_cloud_networking_on_ramps/raw_client.py:1332: error: Argument "type_" to "parse_obj_as" has incompatible type "<typing special form>"; expected "type[Never]"  [arg-type]
src/probe/magic_cloud_networking_on_ramps/raw_client.py:1343: error: Argument "type_" to "parse_obj_as" has incompatible type "<typing special form>"; expected "type[Never]"  [arg-type]
src/probe/magic_cloud_networking_on_ramps/raw_client.py:1354: error: Argument "type_" to "parse_obj_as" has incompatible type "<typing special form>"; expected "type[Never]"  [arg-type]
src/probe/magic_cloud_networking_on_ramps/raw_client.py:1365: error: Argument "type_" to "parse_obj_as" has incompatible type "<typing special form>"; expected "type[Never]"  [arg-type]
src/probe/magic_cloud_networking_on_ramps/raw_client.py:1497: error: Argument "type_" to "parse_obj_as" has incompatible type "<typing special form>"; expected "type[Never]"  [arg-type]
src/probe/magic_cloud_networking_on_ramps/raw_client.py:1508: error: Argument "type_" to "parse_obj_as" has incompatible type "<typing special form>"; expected "type[Never]"  [arg-type]
src/probe/magic_cloud_networking_on_ramps/raw_client.py:1519: error: Argument "type_" to "parse_obj_as" has incompatible type "<typing special form>"; expected "type[Never]"  [arg-type]
src/probe/magic_cloud_networking_on_ramps/raw_client.py:1530: error: Argument "type_" to "parse_obj_as" has incompatible type "<typing special form>"; expected "type[Never]"  [arg-type]
src/probe/magic_cloud_networking_on_ramps/raw_client.py:1541: error: Argument "type_" to "parse_obj_as" has incompatible type "<typing special form>"; expected "type[Never]"  [arg-type]
src/probe/magic_cloud_networking_on_ramps/raw_client.py:1552: error: Argument "type_" to "parse_obj_as" has incompatible type "<typing special form>"; expected "type[Never]"  [arg-type]
src/probe/magic_cloud_networking_on_ramps/raw_client.py:1629: error: Argument "type_" to "parse_obj_as" has incompatible type "<typing special form>"; expected "type[Never]"  [arg-type]
src/probe/magic_cloud_networking_on_ramps/raw_client.py:1640: error: Argument "type_" to "parse_obj_as" has incompatible type "<typing special form>"; expected "type[Never]"  [arg-type]
src/probe/magic_cloud_networking_on_ramps/raw_client.py:1651: error: Argument "type_" to "parse_obj_as" has incompatible type "<typing special form>"; expected "type[Never]"  [arg-type]
src/probe/magic_cloud_networking_on_ramps/raw_client.py:1662: error: Argument "type_" to "parse_obj_as" has incompatible type "<typing special form>"; expected "type[Never]"  [arg-type]
src/probe/magic_cloud_networking_on_ramps/raw_client.py:1673: error: Argument "type_" to "parse_obj_as" has incompatible type "<typing special form>"; expected "type[Never]"  [arg-type]
src/probe/magic_cloud_networking_on_ramps/raw_client.py:1774: error: Argument "type_" to "parse_obj_as" has incompatible type "<typing special form>"; expected "type[Never]"  [arg-type]
src/probe/magic_cloud_networking_on_ramps/raw_client.py:1785: error: Argument "type_" to "parse_obj_as" has incompatible type "<typing special form>"; expected "type[Never]"  [arg-type]
src/probe/magic_cloud_networking_on_ramps/raw_client.py:1796: error: Argument "type_" to "parse_obj_as" has incompatible type "<typing special form>"; expected "type[Never]"  [arg-type]
src/probe/magic_cloud_networking_on_ramps/raw_client.py:1807: error: Argument "type_" to "parse_obj_as" has incompatible type "<typing special form>"; expected "type[Never]"  [arg-type]
src/probe/magic_cloud_networking_on_ramps/raw_client.py:1818: error: Argument "type_" to "parse_obj_as" has incompatible type "<typing special form>"; expected "type[Never]"  [arg-type]
src/probe/magic_cloud_networking_on_ramps/raw_client.py:1829: error: Argument "type_" to "parse_obj_as" has incompatible type "<typing special form>"; expected "type[Never]"  [arg-type]
src/probe/magic_cloud_networking_on_ramps/raw_client.py:1840: error: Argument "type_" to "parse_obj_as" has incompatible type "<typing special form>"; expected "type[Never]"  [arg-type]
src/probe/magic_cloud_networking_on_ramps/raw_client.py:1909: error: Argument "type_" to "parse_obj_as" has incompatible type "<typing special form>"; expected "type[Never]"  [arg-type]
src/probe/magic_cloud_networking_on_ramps/raw_client.py:1920: error: Argument "type_" to "parse_obj_as" has incompatible type "<typing special form>"; expected "type[Never]"  [arg-type]
src/probe/magic_cloud_networking_on_ramps/raw_client.py:1931: error: Argument "type_" to "parse_obj_as" has incompatible type "<typing special form>"; expected "type[Never]"  [arg-type]
src/probe/magic_cloud_networking_on_ramps/raw_client.py:1942: error: Argument "type_" to "parse_obj_as" has incompatible type "<typing special form>"; expected "type[Never]"  [arg-type]
src/probe/magic_cloud_networking_on_ramps/raw_client.py:1953: error: Argument "type_" to "parse_obj_as" has incompatible type "<typing special form>"; expected "type[Never]"  [arg-type]
src/probe/magic_cloud_networking_on_ramps/raw_client.py:1964: error: Argument "type_" to "parse_obj_as" has incompatible type "<typing special form>"; expected "type[Never]"  [arg-type]
src/probe/magic_cloud_networking_on_ramps/raw_client.py:2065: error: Argument "type_" to "parse_obj_as" has incompatible type "<typing special form>"; expected "type[Never]"  [arg-type]
src/probe/magic_cloud_networking_on_ramps/raw_client.py:2076: error: Argument "type_" to "parse_obj_as" has incompatible type "<typing special form>"; expected "type[Never]"  [arg-type]
src/probe/magic_cloud_networking_on_ramps/raw_client.py:2087: error: Argument "type_" to "parse_obj_as" has incompatible type "<typing special form>"; expected "type[Never]"  [arg-type]
src/probe/magic_cloud_networking_on_ramps/raw_client.py:2098: error: Argument "type_" to "parse_obj_as" has incompatible type "<typing special form>"; expected "type[Never]"  [arg-type]
src/probe/magic_cloud_networking_on_ramps/raw_client.py:2109: error: Argument "type_" to "parse_obj_as" has incompatible type "<typing special form>"; expected "type[Never]"  [arg-type]
src/probe/magic_cloud_networking_on_ramps/raw_client.py:2120: error: Argument "type_" to "parse_obj_as" has incompatible type "<typing special form>"; expected "type[Never]"  [arg-type]
src/probe/magic_cloud_networking_on_ramps/raw_client.py:2131: error: Argument "type_" to "parse_obj_as" has incompatible type "<typing special form>"; expected "type[Never]"  [arg-type]
src/probe/magic_cloud_networking_on_ramps/raw_client.py:2190: error: Argument "type_" to "parse_obj_as" has incompatible type "<typing special form>"; expected "type[Never]"  [arg-type]
src/probe/magic_cloud_networking_on_ramps/raw_client.py:2201: error: Argument "type_" to "parse_obj_as" has incompatible type "<typing special form>"; expected "type[Never]"  [arg-type]
src/probe/magic_cloud_networking_on_ramps/raw_client.py:2212: error: Argument "type_" to "parse_obj_as" has incompatible type "<typing special form>"; expected "type[Never]"  [arg-type]
src/probe/magic_cloud_networking_on_ramps/raw_client.py:2223: error: Argument "type_" to "parse_obj_as" has incompatible type "<typing special form>"; expected "type[Never]"  [arg-type]
src/probe/magic_cloud_networking_on_ramps/raw_client.py:2234: error: Argument "type_" to "parse_obj_as" has incompatible type "<typing special form>"; expected "type[Never]"  [arg-type]
src/probe/magic_cloud_networking_on_ramps/raw_client.py:2245: error: Argument "type_" to "parse_obj_as" has incompatible type "<typing special form>"; expected "type[Never]"  [arg-type]
src/probe/magic_cloud_networking_on_ramps/raw_client.py:2305: error: Argument "type_" to "parse_obj_as" has incompatible type "<typing special form>"; expected "type[Never]"  [arg-type]
src/probe/magic_cloud_networking_on_ramps/raw_client.py:2316: error: Argument "type_" to "parse_obj_as" has incompatible type "<typing special form>"; expected "type[Never]"  [arg-type]
src/probe/magic_cloud_networking_on_ramps/raw_client.py:2327: error: Argument "type_" to "parse_obj_as" has incompatible type "<typing special form>"; expected "type[Never]"  [arg-type]
src/probe/magic_cloud_networking_on_ramps/raw_client.py:2338: error: Argument "type_" to "parse_obj_as" has incompatible type "<typing special form>"; expected "type[Never]"  [arg-type]
src/probe/magic_cloud_networking_on_ramps/raw_client.py:2349: error: Argument "type_" to "parse_obj_as" has incompatible type "<typing special form>"; expected "type[Never]"  [arg-type]
src/probe/magic_cloud_networking_on_ramps/raw_client.py:2360: error: Argument "type_" to "parse_obj_as" has incompatible type "<typing special form>"; expected "type[Never]"  [arg-type]
src/probe/magic_cloud_networking_on_ramps/raw_client.py:2426: error: Argument "type_" to "parse_obj_as" has incompatible type "<typing special form>"; expected "type[Never]"  [arg-type]
src/probe/magic_cloud_networking_on_ramps/raw_client.py:2437: error: Argument "type_" to "parse_obj_as" has incompatible type "<typing special form>"; expected "type[Never]"  [arg-type]
src/probe/magic_cloud_networking_on_ramps/raw_client.py:2448: error: Argument "type_" to "parse_obj_as" has incompatible type "<typing special form>"; expected "type[Never]"  [arg-type]
src/probe/magic_cloud_networking_on_ramps/raw_client.py:2459: error: Argument "type_" to "parse_obj_as" has incompatible type "<typing special form>"; expected "type[Never]"  [arg-type]
src/probe/magic_cloud_networking_on_ramps/raw_client.py:2470: error: Argument "type_" to "parse_obj_as" has incompatible type "<typing special form>"; expected "type[Never]"  [arg-type]
src/probe/magic_cloud_networking_on_ramps/raw_client.py:2481: error: Argument "type_" to "parse_obj_as" has incompatible type "<typing special form>"; expected "type[Never]"  [arg-type]
src/probe/flagship_apps_definitions/raw_client.py:80: error: Argument "type_" to "parse_obj_as" has incompatible type "<typing special form>"; expected "type[Never]"  [arg-type]
src/probe/flagship_apps_definitions/raw_client.py:91: error: Argument "type_" to "parse_obj_as" has incompatible type "<typing special form>"; expected "type[Never]"  [arg-type]
src/probe/flagship_apps_definitions/raw_client.py:102: error: Argument "type_" to "parse_obj_as" has incompatible type "<typing special form>"; expected "type[Never]"  [arg-type]
src/probe/flagship_apps_definitions/raw_client.py:113: error: Argument "type_" to "parse_obj_as" has incompatible type "<typing special form>"; expected "type[Never]"  [arg-type]
src/probe/flagship_apps_definitions/raw_client.py:124: error: Argument "type_" to "parse_obj_as" has incompatible type "<typing special form>"; expected "type[Never]"  [arg-type]
src/probe/flagship_apps_definitions/raw_client.py:197: error: Argument "type_" to "parse_obj_as" has incompatible type "<typing special form>"; expected "type[Never]"  [arg-type]
src/probe/flagship_apps_definitions/raw_client.py:208: error: Argument "type_" to "parse_obj_as" has incompatible type "<typing special form>"; expected "type[Never]"  [arg-type]
src/probe/flagship_apps_definitions/raw_client.py:219: error: Argument "type_" to "parse_obj_as" has incompatible type "<typing special form>"; expected "type[Never]"  [arg-type]
src/probe/flagship_apps_definitions/raw_client.py:230: error: Argument "type_" to "parse_obj_as" has incompatible type "<typing special form>"; expected "type[Never]"  [arg-type]
src/probe/flagship_apps_definitions/raw_client.py:241: error: Argument "type_" to "parse_obj_as" has incompatible type "<typing special form>"; expected "type[Never]"  [arg-type]
src/probe/flagship_apps_flags/raw_client.py:99: error: Argument "type_" to "parse_obj_as" has incompatible type "<typing special form>"; expected "type[Never]"  [arg-type]
src/probe/flagship_apps_flags/raw_client.py:110: error: Argument "type_" to "parse_obj_as" has incompatible type "<typing special form>"; expected "type[Never]"  [arg-type]
src/probe/flagship_apps_flags/raw_client.py:121: error: Argument "type_" to "parse_obj_as" has incompatible type "<typing special form>"; expected "type[Never]"  [arg-type]
src/probe/flagship_apps_flags/raw_client.py:132: error: Argument "type_" to "parse_obj_as" has incompatible type "<typing special form>"; expected "type[Never]"  [arg-type]
src/probe/flagship_apps_flags/raw_client.py:143: error: Argument "type_" to "parse_obj_as" has incompatible type "<typing special form>"; expected "type[Never]"  [arg-type]
src/probe/flagship_apps_flags/raw_client.py:154: error: Argument "type_" to "parse_obj_as" has incompatible type "<typing special form>"; expected "type[Never]"  [arg-type]
src/probe/flagship_apps_flags/raw_client.py:261: error: Argument "type_" to "parse_obj_as" has incompatible type "<typing special form>"; expected "type[Never]"  [arg-type]
src/probe/flagship_apps_flags/raw_client.py:272: error: Argument "type_" to "parse_obj_as" has incompatible type "<typing special form>"; expected "type[Never]"  [arg-type]
src/probe/flagship_apps_flags/raw_client.py:283: error: Argument "type_" to "parse_obj_as" has incompatible type "<typing special form>"; expected "type[Never]"  [arg-type]
src/probe/flagship_apps_flags/raw_client.py:294: error: Argument "type_" to "parse_obj_as" has incompatible type "<typing special form>"; expected "type[Never]"  [arg-type]
src/probe/flagship_apps_flags/raw_client.py:305: error: Argument "type_" to "parse_obj_as" has incompatible type "<typing special form>"; expected "type[Never]"  [arg-type]
src/probe/flagship_apps_flags/raw_client.py:316: error: Argument "type_" to "parse_obj_as" has incompatible type "<typing special form>"; expected "type[Never]"  [arg-type]
src/probe/flagship_apps_flags/raw_client.py:376: error: Argument "type_" to "parse_obj_as" has incompatible type "<typing special form>"; expected "type[Never]"  [arg-type]
src/probe/flagship_apps_flags/raw_client.py:387: error: Argument "type_" to "parse_obj_as" has incompatible type "<typing special form>"; expected "type[Never]"  [arg-type]
src/probe/flagship_apps_flags/raw_client.py:398: error: Argument "type_" to "parse_obj_as" has incompatible type "<typing special form>"; expected "type[Never]"  [arg-type]
src/probe/flagship_apps_flags/raw_client.py:409: error: Argument "type_" to "parse_obj_as" has incompatible type "<typing special form>"; expected "type[Never]"  [arg-type]
src/probe/flagship_apps_flags/raw_client.py:420: error: Argument "type_" to "parse_obj_as" has incompatible type "<typing special form>"; expected "type[Never]"  [arg-type]
src/probe/flagship_apps_flags/raw_client.py:431: error: Argument "type_" to "parse_obj_as" has incompatible type "<typing special form>"; expected "type[Never]"  [arg-type]
src/probe/flagship_apps_flags/raw_client.py:542: error: Argument "type_" to "parse_obj_as" has incompatible type "<typing special form>"; expected "type[Never]"  [arg-type]
src/probe/flagship_apps_flags/raw_client.py:553: error: Argument "type_" to "parse_obj_as" has incompatible type "<typing special form>"; expected "type[Never]"  [arg-type]
src/probe/flagship_apps_flags/raw_client.py:564: error: Argument "type_" to "parse_obj_as" has incompatible type "<typing special form>"; expected "type[Never]"  [arg-type]
src/probe/flagship_apps_flags/raw_client.py:575: error: Argument "type_" to "parse_obj_as" has incompatible type "<typing special form>"; expected "type[Never]"  [arg-type]
src/probe/flagship_apps_flags/raw_client.py:586: error: Argument "type_" to "parse_obj_as" has incompatible type "<typing special form>"; expected "type[Never]"  [arg-type]
src/probe/flagship_apps_flags/raw_client.py:597: error: Argument "type_" to "parse_obj_as" has incompatible type "<typing special form>"; expected "type[Never]"  [arg-type]
src/probe/flagship_apps_flags/raw_client.py:657: error: Argument "type_" to "parse_obj_as" has incompatible type "<typing special form>"; expected "type[Never]"  [arg-type]
src/probe/flagship_apps_flags/raw_client.py:668: error: Argument "type_" to "parse_obj_as" has incompatible type "<typing special form>"; expected "type[Never]"  [arg-type]
src/probe/flagship_apps_flags/raw_client.py:679: error: Argument "type_" to "parse_obj_as" has incompatible type "<typing special form>"; expected "type[Never]"  [arg-type]
src/probe/flagship_apps_flags/raw_client.py:690: error: Argument "type_" to "parse_obj_as" has incompatible type "<typing special form>"; expected "type[Never]"  [arg-type]
src/probe/flagship_apps_flags/raw_client.py:701: error: Argument "type_" to "parse_obj_as" has incompatible type "<typing special form>"; expected "type[Never]"  [arg-type]
src/probe/flagship_apps_flags/raw_client.py:712: error: Argument "type_" to "parse_obj_as" has incompatible type "<typing special form>"; expected "type[Never]"  [arg-type]
src/probe/flagship_apps_flags/raw_client.py:790: error: Argument "type_" to "parse_obj_as" has incompatible type "<typing special form>"; expected "type[Never]"  [arg-type]
src/probe/flagship_apps_flags/raw_client.py:801: error: Argument "type_" to "parse_obj_as" has incompatible type "<typing special form>"; expected "type[Never]"  [arg-type]
src/probe/flagship_apps_flags/raw_client.py:812: error: Argument "type_" to "parse_obj_as" has incompatible type "<typing special form>"; expected "type[Never]"  [arg-type]
src/probe/flagship_apps_flags/raw_client.py:823: error: Argument "type_" to "parse_obj_as" has incompatible type "<typing special form>"; expected "type[Never]"  [arg-type]
src/probe/flagship_apps_flags/raw_client.py:834: error: Argument "type_" to "parse_obj_as" has incompatible type "<typing special form>"; expected "type[Never]"  [arg-type]
src/probe/flagship_apps_flags/raw_client.py:845: error: Argument "type_" to "parse_obj_as" has incompatible type "<typing special form>"; expected "type[Never]"  [arg-type]
src/probe/flagship_apps_flags/raw_client.py:952: error: Argument "type_" to "parse_obj_as" has incompatible type "<typing special form>"; expected "type[Never]"  [arg-type]
src/probe/flagship_apps_flags/raw_client.py:963: error: Argument "type_" to "parse_obj_as" has incompatible type "<typing special form>"; expected "type[Never]"  [arg-type]
src/probe/flagship_apps_flags/raw_client.py:974: error: Argument "type_" to "parse_obj_as" has incompatible type "<typing special form>"; expected "type[Never]"  [arg-type]
src/probe/flagship_apps_flags/raw_client.py:985: error: Argument "type_" to "parse_obj_as" has incompatible type "<typing special form>"; expected "type[Never]"  [arg-type]
src/probe/flagship_apps_flags/raw_client.py:996: error: Argument "type_" to "parse_obj_as" has incompatible type "<typing special form>"; expected "type[Never]"  [arg-type]
src/probe/flagship_apps_flags/raw_client.py:1007: error: Argument "type_" to "parse_obj_as" has incompatible type "<typing special form>"; expected "type[Never]"  [arg-type]
src/probe/flagship_apps_flags/raw_client.py:1067: error: Argument "type_" to "parse_obj_as" has incompatible type "<typing special form>"; expected "type[Never]"  [arg-type]
src/probe/flagship_apps_flags/raw_client.py:1078: error: Argument "type_" to "parse_obj_as" has incompatible type "<typing special form>"; expected "type[Never]"  [arg-type]
src/probe/flagship_apps_flags/raw_client.py:1089: error: Argument "type_" to "parse_obj_as" has incompatible type "<typing special form>"; expected "type[Never]"  [arg-type]
src/probe/flagship_apps_flags/raw_client.py:1100: error: Argument "type_" to "parse_obj_as" has incompatible type "<typing special form>"; expected "type[Never]"  [arg-type]
src/probe/flagship_apps_flags/raw_client.py:1111: error: Argument "type_" to "parse_obj_as" has incompatible type "<typing special form>"; expected "type[Never]"  [arg-type]
src/probe/flagship_apps_flags/raw_client.py:1122: error: Argument "type_" to "parse_obj_as" has incompatible type "<typing special form>"; expected "type[Never]"  [arg-type]
src/probe/flagship_apps_flags/raw_client.py:1233: error: Argument "type_" to "parse_obj_as" has incompatible type "<typing special form>"; expected "type[Never]"  [arg-type]
src/probe/flagship_apps_flags/raw_client.py:1244: error: Argument "type_" to "parse_obj_as" has incompatible type "<typing special form>"; expected "type[Never]"  [arg-type]
src/probe/flagship_apps_flags/raw_client.py:1255: error: Argument "type_" to "parse_obj_as" has incompatible type "<typing special form>"; expected "type[Never]"  [arg-type]
src/probe/flagship_apps_flags/raw_client.py:1266: error: Argument "type_" to "parse_obj_as" has incompatible type "<typing special form>"; expected "type[Never]"  [arg-type]
src/probe/flagship_apps_flags/raw_client.py:1277: error: Argument "type_" to "parse_obj_as" has incompatible type "<typing special form>"; expected "type[Never]"  [arg-type]
src/probe/flagship_apps_flags/raw_client.py:1288: error: Argument "type_" to "parse_obj_as" has incompatible type "<typing special form>"; expected "type[Never]"  [arg-type]
src/probe/flagship_apps_flags/raw_client.py:1348: error: Argument "type_" to "parse_obj_as" has incompatible type "<typing special form>"; expected "type[Never]"  [arg-type]
src/probe/flagship_apps_flags/raw_client.py:1359: error: Argument "type_" to "parse_obj_as" has incompatible type "<typing special form>"; expected "type[Never]"  [arg-type]
src/probe/flagship_apps_flags/raw_client.py:1370: error: Argument "type_" to "parse_obj_as" has incompatible type "<typing special form>"; expected "type[Never]"  [arg-type]
src/probe/flagship_apps_flags/raw_client.py:1381: error: Argument "type_" to "parse_obj_as" has incompatible type "<typing special form>"; expected "type[Never]"  [arg-type]
src/probe/flagship_apps_flags/raw_client.py:1392: error: Argument "type_" to "parse_obj_as" has incompatible type "<typing special form>"; expected "type[Never]"  [arg-type]
src/probe/flagship_apps_flags/raw_client.py:1403: error: Argument "type_" to "parse_obj_as" has incompatible type "<typing special form>"; expected "type[Never]"  [arg-type]
src/probe/flagship_apps_flags_changelog/raw_client.py:90: error: Argument "type_" to "parse_obj_as" has incompatible type "<typing special form>"; expected "type[Never]"  [arg-type]
src/probe/flagship_apps_flags_changelog/raw_client.py:101: error: Argument "type_" to "parse_obj_as" has incompatible type "<typing special form>"; expected "type[Never]"  [arg-type]
src/probe/flagship_apps_flags_changelog/raw_client.py:112: error: Argument "type_" to "parse_obj_as" has incompatible type "<typing special form>"; expected "type[Never]"  [arg-type]
src/probe/flagship_apps_flags_changelog/raw_client.py:123: error: Argument "type_" to "parse_obj_as" has incompatible type "<typing special form>"; expected "type[Never]"  [arg-type]
src/probe/flagship_apps_flags_changelog/raw_client.py:134: error: Argument "type_" to "parse_obj_as" has incompatible type "<typing special form>"; expected "type[Never]"  [arg-type]
src/probe/flagship_apps_flags_changelog/raw_client.py:145: error: Argument "type_" to "parse_obj_as" has incompatible type "<typing special form>"; expected "type[Never]"  [arg-type]
src/probe/flagship_apps_flags_changelog/raw_client.py:227: error: Argument "type_" to "parse_obj_as" has incompatible type "<typing special form>"; expected "type[Never]"  [arg-type]
src/probe/flagship_apps_flags_changelog/raw_client.py:238: error: Argument "type_" to "parse_obj_as" has incompatible type "<typing special form>"; expected "type[Never]"  [arg-type]
src/probe/flagship_apps_flags_changelog/raw_client.py:249: error: Argument "type_" to "parse_obj_as" has incompatible type "<typing special form>"; expected "type[Never]"  [arg-type]
src/probe/flagship_apps_flags_changelog/raw_client.py:260: error: Argument "type_" to "parse_obj_as" has incompatible type "<typing special form>"; expected "type[Never]"  [arg-type]
src/probe/flagship_apps_flags_changelog/raw_client.py:271: error: Argument "type_" to "parse_obj_as" has incompatible type "<typing special form>"; expected "type[Never]"  [arg-type]
src/probe/flagship_apps_flags_changelog/raw_client.py:282: error: Argument "type_" to "parse_obj_as" has incompatible type "<typing special form>"; expected "type[Never]"  [arg-type]
src/probe/workers_versions/raw_client.py:145: error: Argument "file" to "with_content_type" has incompatible type "list[IO[bytes] | bytes | str | tuple[str | None, IO[bytes] | bytes | str] | tuple[str | None, IO[bytes] | bytes | str, str | None] | tuple[str | None, IO[bytes] | bytes | str, str | None, Mapping[str, str]]]"; expected "IO[bytes] | bytes | str | tuple[str | None, IO[bytes] | bytes | str] | tuple[str | None, IO[bytes] | bytes | str, str | None] | tuple[str | None, IO[bytes] | bytes | str, str | None, Mapping[str, str]]"  [arg-type]
src/probe/workers_versions/raw_client.py:345: error: Argument "file" to "with_content_type" has incompatible type "list[IO[bytes] | bytes | str | tuple[str | None, IO[bytes] | bytes | str] | tuple[str | None, IO[bytes] | bytes | str, str | None] | tuple[str | None, IO[bytes] | bytes | str, str | None, Mapping[str, str]]]"; expected "IO[bytes] | bytes | str | tuple[str | None, IO[bytes] | bytes | str] | tuple[str | None, IO[bytes] | bytes | str, str | None] | tuple[str | None, IO[bytes] | bytes | str, str | None, Mapping[str, str]]"  [arg-type]
src/probe/workers_services_environments_content/raw_client.py:126: error: Argument "file" to "with_content_type" has incompatible type "list[IO[bytes] | bytes | str | tuple[str | None, IO[bytes] | bytes | str] | tuple[str | None, IO[bytes] | bytes | str, str | None] | tuple[str | None, IO[bytes] | bytes | str, str | None, Mapping[str, str]]]"; expected "IO[bytes] | bytes | str | tuple[str | None, IO[bytes] | bytes | str] | tuple[str | None, IO[bytes] | bytes | str, str | None] | tuple[str | None, IO[bytes] | bytes | str, str | None, Mapping[str, str]]"  [arg-type]
src/probe/workers_services_environments_content/raw_client.py:263: error: Argument "file" to "with_content_type" has incompatible type "list[IO[bytes] | bytes | str | tuple[str | None, IO[bytes] | bytes | str] | tuple[str | None, IO[bytes] | bytes | str, str | None] | tuple[str | None, IO[bytes] | bytes | str, str | None, Mapping[str, str]]]"; expected "IO[bytes] | bytes | str | tuple[str | None, IO[bytes] | bytes | str] | tuple[str | None, IO[bytes] | bytes | str, str | None] | tuple[str | None, IO[bytes] | bytes | str, str | None, Mapping[str, str]]"  [arg-type]
src/probe/workers_scripts_content/raw_client.py:77: error: Argument "file" to "with_content_type" has incompatible type "list[IO[bytes] | bytes | str | tuple[str | None, IO[bytes] | bytes | str] | tuple[str | None, IO[bytes] | bytes | str, str | None] | tuple[str | None, IO[bytes] | bytes | str, str | None, Mapping[str, str]]]"; expected "IO[bytes] | bytes | str | tuple[str | None, IO[bytes] | bytes | str] | tuple[str | None, IO[bytes] | bytes | str, str | None] | tuple[str | None, IO[bytes] | bytes | str, str | None, Mapping[str, str]]"  [arg-type]
src/probe/workers_scripts_content/raw_client.py:208: error: Argument "file" to "with_content_type" has incompatible type "list[IO[bytes] | bytes | str | tuple[str | None, IO[bytes] | bytes | str] | tuple[str | None, IO[bytes] | bytes | str, str | None] | tuple[str | None, IO[bytes] | bytes | str, str | None, Mapping[str, str]]]"; expected "IO[bytes] | bytes | str | tuple[str | None, IO[bytes] | bytes | str] | tuple[str | None, IO[bytes] | bytes | str, str | None] | tuple[str | None, IO[bytes] | bytes | str, str | None, Mapping[str, str]]"  [arg-type]
src/probe/logos/raw_client.py:139: error: Argument "type_" to "parse_obj_as" has incompatible type "<typing special form>"; expected "type[Never]"  [arg-type]
src/probe/logos/raw_client.py:306: error: Argument "type_" to "parse_obj_as" has incompatible type "<typing special form>"; expected "type[Never]"  [arg-type]
src/probe/dispatch_namespaces_scripts_content/raw_client.py:126: error: Argument "file" to "with_content_type" has incompatible type "list[IO[bytes] | bytes | str | tuple[str | None, IO[bytes] | bytes | str] | tuple[str | None, IO[bytes] | bytes | str, str | None] | tuple[str | None, IO[bytes] | bytes | str, str | None, Mapping[str, str]]]"; expected "IO[bytes] | bytes | str | tuple[str | None, IO[bytes] | bytes | str] | tuple[str | None, IO[bytes] | bytes | str, str | None] | tuple[str | None, IO[bytes] | bytes | str, str | None, Mapping[str, str]]"  [arg-type]
src/probe/dispatch_namespaces_scripts_content/raw_client.py:263: error: Argument "file" to "with_content_type" has incompatible type "list[IO[bytes] | bytes | str | tuple[str | None, IO[bytes] | bytes | str] | tuple[str | None, IO[bytes] | bytes | str, str | None] | tuple[str | None, IO[bytes] | bytes | str, str | None, Mapping[str, str]]]"; expected "IO[bytes] | bytes | str | tuple[str | None, IO[bytes] | bytes | str] | tuple[str | None, IO[bytes] | bytes | str, str | None] | tuple[str | None, IO[bytes] | bytes | str, str | None, Mapping[str, str]]"  [arg-type]
src/probe/dispatch_namespaces_scripts/raw_client.py:253: error: Argument "file" to "with_content_type" has incompatible type "list[IO[bytes] | bytes | str | tuple[str | None, IO[bytes] | bytes | str] | tuple[str | None, IO[bytes] | bytes | str, str | None] | tuple[str | None, IO[bytes] | bytes | str, str | None, Mapping[str, str]]]"; expected "IO[bytes] | bytes | str | tuple[str | None, IO[bytes] | bytes | str] | tuple[str | None, IO[bytes] | bytes | str, str | None] | tuple[str | None, IO[bytes] | bytes | str, str | None, Mapping[str, str]]"  [arg-type]
src/probe/dispatch_namespaces_scripts/raw_client.py:564: error: Argument "file" to "with_content_type" has incompatible type "list[IO[bytes] | bytes | str | tuple[str | None, IO[bytes] | bytes | str] | tuple[str | None, IO[bytes] | bytes | str, str | None] | tuple[str | None, IO[bytes] | bytes | str, str | None, Mapping[str, str]]]"; expected "IO[bytes] | bytes | str | tuple[str | None, IO[bytes] | bytes | str] | tuple[str | None, IO[bytes] | bytes | str, str | None] | tuple[str | None, IO[bytes] | bytes | str, str | None, Mapping[str, str]]"  [arg-type]
src/probe/cloudforce_one_binary_storage/raw_client.py:75: error: Argument "type_" to "parse_obj_as" has incompatible type "<typing special form>"; expected "type[Never]"  [arg-type]
src/probe/cloudforce_one_binary_storage/raw_client.py:124: error: Argument "type_" to "parse_obj_as" has incompatible type "<typing special form>"; expected "type[Never]"  [arg-type]
src/probe/cloudforce_one_binary_storage/raw_client.py:192: error: Argument "type_" to "parse_obj_as" has incompatible type "<typing special form>"; expected "type[Never]"  [arg-type]
src/probe/cloudforce_one_binary_storage/raw_client.py:241: error: Argument "type_" to "parse_obj_as" has incompatible type "<typing special form>"; expected "type[Never]"  [arg-type]
src/probe/ai_search_items/raw_client.py:137: error: Argument "type_" to "parse_obj_as" has incompatible type "<typing special form>"; expected "type[Never]"  [arg-type]
src/probe/ai_search_items/raw_client.py:148: error: Argument "type_" to "parse_obj_as" has incompatible type "<typing special form>"; expected "type[Never]"  [arg-type]
src/probe/ai_search_items/raw_client.py:159: error: Argument "type_" to "parse_obj_as" has incompatible type "<typing special form>"; expected "type[Never]"  [arg-type]
src/probe/ai_search_items/raw_client.py:244: error: Argument "type_" to "parse_obj_as" has incompatible type "<typing special form>"; expected "type[Never]"  [arg-type]
src/probe/ai_search_items/raw_client.py:255: error: Argument "type_" to "parse_obj_as" has incompatible type "<typing special form>"; expected "type[Never]"  [arg-type]
src/probe/ai_search_items/raw_client.py:266: error: Argument "type_" to "parse_obj_as" has incompatible type "<typing special form>"; expected "type[Never]"  [arg-type]
src/probe/ai_search_items/raw_client.py:277: error: Argument "type_" to "parse_obj_as" has incompatible type "<typing special form>"; expected "type[Never]"  [arg-type]
src/probe/ai_search_items/raw_client.py:288: error: Argument "type_" to "parse_obj_as" has incompatible type "<typing special form>"; expected "type[Never]"  [arg-type]
src/probe/ai_search_items/raw_client.py:372: error: Argument "type_" to "parse_obj_as" has incompatible type "<typing special form>"; expected "type[Never]"  [arg-type]
src/probe/ai_search_items/raw_client.py:383: error: Argument "type_" to "parse_obj_as" has incompatible type "<typing special form>"; expected "type[Never]"  [arg-type]
src/probe/ai_search_items/raw_client.py:394: error: Argument "type_" to "parse_obj_as" has incompatible type "<typing special form>"; expected "type[Never]"  [arg-type]
src/probe/ai_search_items/raw_client.py:405: error: Argument "type_" to "parse_obj_as" has incompatible type "<typing special form>"; expected "type[Never]"  [arg-type]
src/probe/ai_search_items/raw_client.py:472: error: Argument "type_" to "parse_obj_as" has incompatible type "<typing special form>"; expected "type[Never]"  [arg-type]
src/probe/ai_search_items/raw_client.py:483: error: Argument "type_" to "parse_obj_as" has incompatible type "<typing special form>"; expected "type[Never]"  [arg-type]
src/probe/ai_search_items/raw_client.py:550: error: Argument "type_" to "parse_obj_as" has incompatible type "<typing special form>"; expected "type[Never]"  [arg-type]
src/probe/ai_search_items/raw_client.py:561: error: Argument "type_" to "parse_obj_as" has incompatible type "<typing special form>"; expected "type[Never]"  [arg-type]
src/probe/ai_search_items/raw_client.py:643: error: Argument "type_" to "parse_obj_as" has incompatible type "<typing special form>"; expected "type[Never]"  [arg-type]
src/probe/ai_search_items/raw_client.py:654: error: Argument "type_" to "parse_obj_as" has incompatible type "<typing special form>"; expected "type[Never]"  [arg-type]
src/probe/ai_search_items/raw_client.py:665: error: Argument "type_" to "parse_obj_as" has incompatible type "<typing special form>"; expected "type[Never]"  [arg-type]
src/probe/ai_search_items/raw_client.py:742: error: Argument "type_" to "parse_obj_as" has incompatible type "<typing special form>"; expected "type[Never]"  [arg-type]
src/probe/ai_search_items/raw_client.py:753: error: Argument "type_" to "parse_obj_as" has incompatible type "<typing special form>"; expected "type[Never]"  [arg-type]
src/probe/ai_search_items/raw_client.py:764: error: Argument "type_" to "parse_obj_as" has incompatible type "<typing special form>"; expected "type[Never]"  [arg-type]
src/probe/ai_search_items/raw_client.py:831: error: Argument "type_" to "parse_obj_as" has incompatible type "<typing special form>"; expected "type[Never]"  [arg-type]
src/probe/ai_search_items/raw_client.py:842: error: Argument "type_" to "parse_obj_as" has incompatible type "<typing special form>"; expected "type[Never]"  [arg-type]
src/probe/ai_search_items/raw_client.py:853: error: Argument "type_" to "parse_obj_as" has incompatible type "<typing special form>"; expected "type[Never]"  [arg-type]
src/probe/ai_search_items/raw_client.py:864: error: Argument "type_" to "parse_obj_as" has incompatible type "<typing special form>"; expected "type[Never]"  [arg-type]
src/probe/ai_search_items/raw_client.py:948: error: Argument "type_" to "parse_obj_as" has incompatible type "<typing special form>"; expected "type[Never]"  [arg-type]
src/probe/ai_search_items/raw_client.py:959: error: Argument "type_" to "parse_obj_as" has incompatible type "<typing special form>"; expected "type[Never]"  [arg-type]
src/probe/ai_search_items/raw_client.py:970: error: Argument "type_" to "parse_obj_as" has incompatible type "<typing special form>"; expected "type[Never]"  [arg-type]
src/probe/ai_search_items/raw_client.py:1082: error: Argument "type_" to "parse_obj_as" has incompatible type "<typing special form>"; expected "type[Never]"  [arg-type]
src/probe/ai_search_items/raw_client.py:1093: error: Argument "type_" to "parse_obj_as" has incompatible type "<typing special form>"; expected "type[Never]"  [arg-type]
src/probe/ai_search_items/raw_client.py:1104: error: Argument "type_" to "parse_obj_as" has incompatible type "<typing special form>"; expected "type[Never]"  [arg-type]
src/probe/ai_search_items/raw_client.py:1189: error: Argument "type_" to "parse_obj_as" has incompatible type "<typing special form>"; expected "type[Never]"  [arg-type]
src/probe/ai_search_items/raw_client.py:1200: error: Argument "type_" to "parse_obj_as" has incompatible type "<typing special form>"; expected "type[Never]"  [arg-type]
src/probe/ai_search_items/raw_client.py:1211: error: Argument "type_" to "parse_obj_as" has incompatible type "<typing special form>"; expected "type[Never]"  [arg-type]
src/probe/ai_search_items/raw_client.py:1222: error: Argument "type_" to "parse_obj_as" has incompatible type "<typing special form>"; expected "type[Never]"  [arg-type]
src/probe/ai_search_items/raw_client.py:1233: error: Argument "type_" to "parse_obj_as" has incompatible type "<typing special form>"; expected "type[Never]"  [arg-type]
src/probe/ai_search_items/raw_client.py:1317: error: Argument "type_" to "parse_obj_as" has incompatible type "<typing special form>"; expected "type[Never]"  [arg-type]
src/probe/ai_search_items/raw_client.py:1328: error: Argument "type_" to "parse_obj_as" has incompatible type "<typing special form>"; expected "type[Never]"  [arg-type]
src/probe/ai_search_items/raw_client.py:1339: error: Argument "type_" to "parse_obj_as" has incompatible type "<typing special form>"; expected "type[Never]"  [arg-type]
src/probe/ai_search_items/raw_client.py:1350: error: Argument "type_" to "parse_obj_as" has incompatible type "<typing special form>"; expected "type[Never]"  [arg-type]
src/probe/ai_search_items/raw_client.py:1417: error: Argument "type_" to "parse_obj_as" has incompatible type "<typing special form>"; expected "type[Never]"  [arg-type]
src/probe/ai_search_items/raw_client.py:1428: error: Argument "type_" to "parse_obj_as" has incompatible type "<typing special form>"; expected "type[Never]"  [arg-type]
src/probe/ai_search_items/raw_client.py:1495: error: Argument "type_" to "parse_obj_as" has incompatible type "<typing special form>"; expected "type[Never]"  [arg-type]
src/probe/ai_search_items/raw_client.py:1506: error: Argument "type_" to "parse_obj_as" has incompatible type "<typing special form>"; expected "type[Never]"  [arg-type]
src/probe/ai_search_items/raw_client.py:1588: error: Argument "type_" to "parse_obj_as" has incompatible type "<typing special form>"; expected "type[Never]"  [arg-type]
src/probe/ai_search_items/raw_client.py:1599: error: Argument "type_" to "parse_obj_as" has incompatible type "<typing special form>"; expected "type[Never]"  [arg-type]
src/probe/ai_search_items/raw_client.py:1610: error: Argument "type_" to "parse_obj_as" has incompatible type "<typing special form>"; expected "type[Never]"  [arg-type]
src/probe/ai_search_items/raw_client.py:1687: error: Argument "type_" to "parse_obj_as" has incompatible type "<typing special form>"; expected "type[Never]"  [arg-type]
src/probe/ai_search_items/raw_client.py:1698: error: Argument "type_" to "parse_obj_as" has incompatible type "<typing special form>"; expected "type[Never]"  [arg-type]
src/probe/ai_search_items/raw_client.py:1709: error: Argument "type_" to "parse_obj_as" has incompatible type "<typing special form>"; expected "type[Never]"  [arg-type]
src/probe/ai_search_items/raw_client.py:1777: error: Argument "type_" to "parse_obj_as" has incompatible type "<typing special form>"; expected "type[Never]"  [arg-type]
src/probe/ai_search_items/raw_client.py:1788: error: Argument "type_" to "parse_obj_as" has incompatible type "<typing special form>"; expected "type[Never]"  [arg-type]
src/probe/ai_search_items/raw_client.py:1799: error: Argument "type_" to "parse_obj_as" has incompatible type "<typing special form>"; expected "type[Never]"  [arg-type]
src/probe/ai_search_items/raw_client.py:1810: error: Argument "type_" to "parse_obj_as" has incompatible type "<typing special form>"; expected "type[Never]"  [arg-type]
src/probe/ai_search_items/raw_client.py:1894: error: Argument "type_" to "parse_obj_as" has incompatible type "<typing special form>"; expected "type[Never]"  [arg-type]
src/probe/ai_search_items/raw_client.py:1905: error: Argument "type_" to "parse_obj_as" has incompatible type "<typing special form>"; expected "type[Never]"  [arg-type]
src/probe/ai_search_items/raw_client.py:1916: error: Argument "type_" to "parse_obj_as" has incompatible type "<typing special form>"; expected "type[Never]"  [arg-type]
src/probe/ai_finetunes_assets/raw_client.py:89: error: Argument "type_" to "parse_obj_as" has incompatible type "<typing special form>"; expected "type[Never]"  [arg-type]
src/probe/ai_finetunes_assets/raw_client.py:151: error: Argument "type_" to "parse_obj_as" has incompatible type "<typing special form>"; expected "type[Never]"  [arg-type]
src/probe/ai_finetunes_assets/raw_client.py:231: error: Argument "type_" to "parse_obj_as" has incompatible type "<typing special form>"; expected "type[Never]"  [arg-type]
src/probe/ai_finetunes_assets/raw_client.py:293: error: Argument "type_" to "parse_obj_as" has incompatible type "<typing special form>"; expected "type[Never]"  [arg-type]
src/probe/ai/raw_client.py:78: error: Argument "type_" to "parse_obj_as" has incompatible type "<typing special form>"; expected "type[Never]"  [arg-type]
src/probe/ai/raw_client.py:160: error: Argument "type_" to "parse_obj_as" has incompatible type "<typing special form>"; expected "type[Never]"  [arg-type]
src/probe/ai/raw_client.py:234: error: Argument "type_" to "parse_obj_as" has incompatible type "<typing special form>"; expected "type[Never]"  [arg-type]
src/probe/ai/raw_client.py:296: error: Argument "type_" to "parse_obj_as" has incompatible type "<typing special form>"; expected "type[Never]"  [arg-type]
src/probe/ai/raw_client.py:349: error: Argument "type_" to "parse_obj_as" has incompatible type "<typing special form>"; expected "type[Never]"  [arg-type]
src/probe/ai/raw_client.py:413: error: Argument "type_" to "parse_obj_as" has incompatible type "<typing special form>"; expected "type[Never]"  [arg-type]
src/probe/ai/raw_client.py:495: error: Argument "type_" to "parse_obj_as" has incompatible type "<typing special form>"; expected "type[Never]"  [arg-type]
src/probe/ai/raw_client.py:569: error: Argument "type_" to "parse_obj_as" has incompatible type "<typing special form>"; expected "type[Never]"  [arg-type]
src/probe/ai/raw_client.py:631: error: Argument "type_" to "parse_obj_as" has incompatible type "<typing special form>"; expected "type[Never]"  [arg-type]
src/probe/ai/raw_client.py:684: error: Argument "type_" to "parse_obj_as" has incompatible type "<typing special form>"; expected "type[Never]"  [arg-type]
Found 4065 errors in 432 files (checked 22341 source files)
./src/probe/types/spectrum_analytics_filters.py:11: SyntaxWarning: "\>" is an invalid escape sequence. Such sequences will not work in the future. Did you mean "\\>"? A raw string is also an option.
  \>                        | Greater Than                    | %3E
./src/probe/types/waitingroom_json_response_enabled.py:16: SyntaxWarning: "\_" is an invalid escape sequence. Such sequences will not work in the future. Did you mean "\\_"? A raw string is also an option.
  11. `refreshIntervalSeconds`: Integer indicating the number of seconds after `lastUpdated` until the user is able to make another attempt to leave the waiting room and be let into the origin website. When the `queueingMethod` is `reject`, there is no specified refresh time —\_it will always be **zero**.
