key	kind	subject	result	file
annotated-ref-shape	document	APIs/amazonaws.com/AWSMigrationHub/2017-05-31/openapi.yaml	census 93	enumeration.tsv.gz
annotated-ref-shape	document	APIs/amazonaws.com/accessanalyzer/2019-11-01/openapi.yaml	census 272	enumeration.tsv.gz
annotated-ref-shape	document	APIs/amazonaws.com/account/2021-02-01/openapi.yaml	census 60	enumeration.tsv.gz
annotated-ref-shape	document	APIs/amazonaws.com/acm-pca/2017-08-22/openapi.yaml	census 178	enumeration.tsv.gz
annotated-ref-shape	document	APIs/amazonaws.com/acm/2015-12-08/openapi.yaml	census 119	enumeration.tsv.gz
annotated-ref-shape	document	APIs/amazonaws.com/alexaforbusiness/2017-11-09/openapi.yaml	census 601	enumeration.tsv.gz
annotated-ref-shape	document	APIs/amazonaws.com/amp/2020-08-01/openapi.yaml	census 85	enumeration.tsv.gz
annotated-ref-shape	document	APIs/amazonaws.com/amplify/2017-07-25/openapi.yaml	census 276	enumeration.tsv.gz
annotated-ref-shape	document	APIs/amazonaws.com/amplifybackend/2020-08-11/openapi.yaml	census 349	enumeration.tsv.gz
annotated-ref-shape	document	APIs/amazonaws.com/amplifyuibuilder/2021-08-11/openapi.yaml	census 412	enumeration.tsv.gz
annotated-ref-shape	document	APIs/amazonaws.com/apigateway/2015-07-09/openapi.yaml	census 442	enumeration.tsv.gz
annotated-ref-shape	document	APIs/amazonaws.com/apigatewaymanagementapi/2018-11-29/openapi.yaml	census 6	enumeration.tsv.gz
annotated-ref-shape	document	APIs/amazonaws.com/apigatewayv2/2018-11-29/openapi.yaml	census 750	enumeration.tsv.gz
annotated-ref-shape	document	APIs/amazonaws.com/appconfig/2019-10-09/openapi.yaml	census 194	enumeration.tsv.gz
annotated-ref-shape	document	APIs/amazonaws.com/appconfigdata/2021-11-11/openapi.yaml	census 6	enumeration.tsv.gz
annotated-ref-shape	document	APIs/amazonaws.com/appfabric/2023-05-19/openapi.yaml	census 141	enumeration.tsv.gz
annotated-ref-shape	document	APIs/amazonaws.com/appflow/2020-08-23/openapi.yaml	census 643	enumeration.tsv.gz
annotated-ref-shape	document	APIs/amazonaws.com/appintegrations/2020-07-29/openapi.yaml	census 86	enumeration.tsv.gz
annotated-ref-shape	document	APIs/amazonaws.com/application-autoscaling/2016-02-06/openapi.yaml	census 165	enumeration.tsv.gz
annotated-ref-shape	document	APIs/amazonaws.com/application-insights/2018-11-25/openapi.yaml	census 268	enumeration.tsv.gz
annotated-ref-shape	document	APIs/amazonaws.com/applicationcostprofiler/2020-09-10/openapi.yaml	census 42	enumeration.tsv.gz
annotated-ref-shape	document	APIs/amazonaws.com/appmesh/2018-10-01/openapi.yaml	census 114	enumeration.tsv.gz
annotated-ref-shape	document	APIs/amazonaws.com/appmesh/2019-01-25/openapi.yaml	census 506	enumeration.tsv.gz
annotated-ref-shape	document	APIs/amazonaws.com/apprunner/2020-05-15/openapi.yaml	census 283	enumeration.tsv.gz
annotated-ref-shape	document	APIs/amazonaws.com/appstream/2016-12-01/openapi.yaml	census 572	enumeration.tsv.gz
annotated-ref-shape	document	APIs/amazonaws.com/appsync/2017-07-25/openapi.yaml	census 430	enumeration.tsv.gz
annotated-ref-shape	document	APIs/amazonaws.com/arc-zonal-shift/2022-10-30/openapi.yaml	census 38	enumeration.tsv.gz
annotated-ref-shape	document	APIs/amazonaws.com/athena/2017-05-18/openapi.yaml	census 488	enumeration.tsv.gz
annotated-ref-shape	document	APIs/amazonaws.com/auditmanager/2017-07-25/openapi.yaml	census 457	enumeration.tsv.gz
annotated-ref-shape	document	APIs/amazonaws.com/autoscaling-plans/2018-01-06/openapi.yaml	census 94	enumeration.tsv.gz
annotated-ref-shape	document	APIs/amazonaws.com/autoscaling/2011-01-01/openapi.yaml	census 679	enumeration.tsv.gz
annotated-ref-shape	document	APIs/amazonaws.com/backup-gateway/2021-01-01/openapi.yaml	census 146	enumeration.tsv.gz
annotated-ref-shape	document	APIs/amazonaws.com/backup/2018-11-15/openapi.yaml	census 544	enumeration.tsv.gz
annotated-ref-shape	document	APIs/amazonaws.com/backupstorage/2018-04-10/openapi.yaml	census 30	enumeration.tsv.gz
annotated-ref-shape	document	APIs/amazonaws.com/batch/2016-08-10/openapi.yaml	census 554	enumeration.tsv.gz
annotated-ref-shape	document	APIs/amazonaws.com/billingconductor/2021-07-30/openapi.yaml	census 335	enumeration.tsv.gz
annotated-ref-shape	document	APIs/amazonaws.com/braket/2019-09-01/openapi.yaml	census 146	enumeration.tsv.gz
annotated-ref-shape	document	APIs/amazonaws.com/budgets/2016-10-20/openapi.yaml	census 147	enumeration.tsv.gz
annotated-ref-shape	document	APIs/amazonaws.com/ce/2017-10-25/openapi.yaml	census 627	enumeration.tsv.gz
annotated-ref-shape	document	APIs/amazonaws.com/chime-sdk-identity/2021-04-20/openapi.yaml	census 151	enumeration.tsv.gz
annotated-ref-shape	document	APIs/amazonaws.com/chime-sdk-media-pipelines/2021-07-15/openapi.yaml	census 273	enumeration.tsv.gz
annotated-ref-shape	document	APIs/amazonaws.com/chime-sdk-meetings/2021-07-15/openapi.yaml	census 123	enumeration.tsv.gz
annotated-ref-shape	document	APIs/amazonaws.com/chime-sdk-messaging/2021-05-15/openapi.yaml	census 284	enumeration.tsv.gz
annotated-ref-shape	document	APIs/amazonaws.com/chime-sdk-voice/2022-08-03/openapi.yaml	census 396	enumeration.tsv.gz
annotated-ref-shape	document	APIs/amazonaws.com/chime/2018-05-01/openapi.yaml	census 784	enumeration.tsv.gz
annotated-ref-shape	document	APIs/amazonaws.com/cleanrooms/2022-02-17/openapi.yaml	census 350	enumeration.tsv.gz
annotated-ref-shape	document	APIs/amazonaws.com/cloud9/2017-09-23/openapi.yaml	census 68	enumeration.tsv.gz
annotated-ref-shape	document	APIs/amazonaws.com/cloudcontrol/2021-09-30/openapi.yaml	census 55	enumeration.tsv.gz
annotated-ref-shape	document	APIs/amazonaws.com/clouddirectory/2016-05-10/openapi.yaml	census 535	enumeration.tsv.gz
annotated-ref-shape	document	APIs/amazonaws.com/clouddirectory/2017-01-11/openapi.yaml	census 552	enumeration.tsv.gz
annotated-ref-shape	document	APIs/amazonaws.com/cloudformation/2010-05-15/openapi.yaml	census 897	enumeration.tsv.gz
annotated-ref-shape	document	APIs/amazonaws.com/cloudfront/2016-11-25/openapi.yaml	census 317	enumeration.tsv.gz
annotated-ref-shape	document	APIs/amazonaws.com/cloudfront/2017-03-25/openapi.yaml	census 322	enumeration.tsv.gz
annotated-ref-shape	document	APIs/amazonaws.com/cloudfront/2017-10-30/openapi.yaml	census 442	enumeration.tsv.gz
annotated-ref-shape	document	APIs/amazonaws.com/cloudfront/2018-06-18/openapi.yaml	census 445	enumeration.tsv.gz
annotated-ref-shape	document	APIs/amazonaws.com/cloudfront/2018-11-05/openapi.yaml	census 475	enumeration.tsv.gz
annotated-ref-shape	document	APIs/amazonaws.com/cloudfront/2019-03-26/openapi.yaml	census 484	enumeration.tsv.gz
annotated-ref-shape	document	APIs/amazonaws.com/cloudfront/2020-05-31/openapi.yaml	census 894	enumeration.tsv.gz
annotated-ref-shape	document	APIs/amazonaws.com/cloudhsm/2014-05-30/openapi.yaml	census 98	enumeration.tsv.gz
annotated-ref-shape	document	APIs/amazonaws.com/cloudhsmv2/2017-04-28/openapi.yaml	census 101	enumeration.tsv.gz
annotated-ref-shape	document	APIs/amazonaws.com/cloudsearch/2011-02-01/openapi.yaml	census 68	enumeration.tsv.gz
annotated-ref-shape	document	APIs/amazonaws.com/cloudsearch/2013-01-01/openapi.yaml	census 141	enumeration.tsv.gz
annotated-ref-shape	document	APIs/amazonaws.com/cloudsearchdomain/2013-01-01/openapi.yaml	census 44	enumeration.tsv.gz
annotated-ref-shape	document	APIs/amazonaws.com/cloudtrail-data/2021-08-11/openapi.yaml	census 11	enumeration.tsv.gz
annotated-ref-shape	document	APIs/amazonaws.com/cloudtrail/2013-11-01/openapi.yaml	census 406	enumeration.tsv.gz
annotated-ref-shape	document	APIs/amazonaws.com/codeartifact/2018-09-22/openapi.yaml	census 191	enumeration.tsv.gz
annotated-ref-shape	document	APIs/amazonaws.com/codebuild/2016-10-06/openapi.yaml	census 542	enumeration.tsv.gz
annotated-ref-shape	document	APIs/amazonaws.com/codecatalyst/2022-09-28/openapi.yaml	census 243	enumeration.tsv.gz
annotated-ref-shape	document	APIs/amazonaws.com/codecommit/2015-04-13/openapi.yaml	census 653	enumeration.tsv.gz
annotated-ref-shape	document	APIs/amazonaws.com/codedeploy/2014-10-06/openapi.yaml	census 415	enumeration.tsv.gz
annotated-ref-shape	document	APIs/amazonaws.com/codeguru-reviewer/2019-09-19/openapi.yaml	census 146	enumeration.tsv.gz
annotated-ref-shape	document	APIs/amazonaws.com/codeguru-security/2018-05-10/openapi.yaml	census 109	enumeration.tsv.gz
annotated-ref-shape	document	APIs/amazonaws.com/codeguruprofiler/2019-07-18/openapi.yaml	census 111	enumeration.tsv.gz
annotated-ref-shape	document	APIs/amazonaws.com/codepipeline/2015-07-09/openapi.yaml	census 395	enumeration.tsv.gz
annotated-ref-shape	document	APIs/amazonaws.com/codestar-connections/2019-12-01/openapi.yaml	census 59	enumeration.tsv.gz
annotated-ref-shape	document	APIs/amazonaws.com/codestar-notifications/2019-10-15/openapi.yaml	census 76	enumeration.tsv.gz
annotated-ref-shape	document	APIs/amazonaws.com/codestar/2017-04-19/openapi.yaml	census 132	enumeration.tsv.gz
annotated-ref-shape	document	APIs/amazonaws.com/cognito-identity/2014-06-30/openapi.yaml	census 125	enumeration.tsv.gz
annotated-ref-shape	document	APIs/amazonaws.com/cognito-idp/2016-04-18/openapi.yaml	census 806	enumeration.tsv.gz
annotated-ref-shape	document	APIs/amazonaws.com/cognito-sync/2014-06-30/openapi.yaml	census 80	enumeration.tsv.gz
annotated-ref-shape	document	APIs/amazonaws.com/comprehend/2017-11-27/openapi.yaml	census 884	enumeration.tsv.gz
annotated-ref-shape	document	APIs/amazonaws.com/comprehendmedical/2018-10-30/openapi.yaml	census 232	enumeration.tsv.gz
annotated-ref-shape	document	APIs/amazonaws.com/compute-optimizer/2019-11-01/openapi.yaml	census 349	enumeration.tsv.gz
annotated-ref-shape	document	APIs/amazonaws.com/config/2014-11-12/openapi.yaml	census 805	enumeration.tsv.gz
annotated-ref-shape	document	APIs/amazonaws.com/connect-contact-lens/2020-08-21/openapi.yaml	census 24	enumeration.tsv.gz
annotated-ref-shape	document	APIs/amazonaws.com/connect/2017-08-08/openapi.yaml	census 1404	enumeration.tsv.gz
annotated-ref-shape	document	APIs/amazonaws.com/connectcampaigns/2021-01-30/openapi.yaml	census 2	enumeration.tsv.gz
annotated-ref-shape	document	APIs/amazonaws.com/connectcases/2022-10-03/openapi.yaml	census 201	enumeration.tsv.gz
annotated-ref-shape	document	APIs/amazonaws.com/connectparticipant/2018-09-07/openapi.yaml	census 69	enumeration.tsv.gz
annotated-ref-shape	document	APIs/amazonaws.com/controltower/2018-05-10/openapi.yaml	census 19	enumeration.tsv.gz
annotated-ref-shape	document	APIs/amazonaws.com/cur/2017-01-06/openapi.yaml	census 8	enumeration.tsv.gz
annotated-ref-shape	document	APIs/amazonaws.com/customer-profiles/2020-08-15/openapi.yaml	census 722	enumeration.tsv.gz
annotated-ref-shape	document	APIs/amazonaws.com/databrew/2017-07-25/openapi.yaml	census 494	enumeration.tsv.gz
annotated-ref-shape	document	APIs/amazonaws.com/dataexchange/2017-07-25/openapi.yaml	census 397	enumeration.tsv.gz
annotated-ref-shape	document	APIs/amazonaws.com/datapipeline/2012-10-29/openapi.yaml	census 113	enumeration.tsv.gz
annotated-ref-shape	document	APIs/amazonaws.com/datasync/2018-11-09/openapi.yaml	census 530	enumeration.tsv.gz
annotated-ref-shape	document	APIs/amazonaws.com/dax/2017-04-19/openapi.yaml	census 163	enumeration.tsv.gz
annotated-ref-shape	document	APIs/amazonaws.com/detective/2018-10-26/openapi.yaml	census 95	enumeration.tsv.gz
annotated-ref-shape	document	APIs/amazonaws.com/devicefarm/2015-06-23/openapi.yaml	census 598	enumeration.tsv.gz
annotated-ref-shape	document	APIs/amazonaws.com/devops-guru/2020-12-01/openapi.yaml	census 429	enumeration.tsv.gz
annotated-ref-shape	document	APIs/amazonaws.com/directconnect/2012-10-25/openapi.yaml	census 440	enumeration.tsv.gz
annotated-ref-shape	document	APIs/amazonaws.com/discovery/2015-11-01/openapi.yaml	census 209	enumeration.tsv.gz
annotated-ref-shape	document	APIs/amazonaws.com/dlm/2018-01-12/openapi.yaml	census 114	enumeration.tsv.gz
annotated-ref-shape	document	APIs/amazonaws.com/dms/2016-01-01/openapi.yaml	census 1340	enumeration.tsv.gz
annotated-ref-shape	document	APIs/amazonaws.com/docdb-elastic/2022-11-28/openapi.yaml	census 73	enumeration.tsv.gz
annotated-ref-shape	document	APIs/amazonaws.com/docdb/2014-10-31/openapi.yaml	census 561	enumeration.tsv.gz
annotated-ref-shape	document	APIs/amazonaws.com/drs/2020-02-26/openapi.yaml	census 455	enumeration.tsv.gz
annotated-ref-shape	document	APIs/amazonaws.com/ds/2015-04-16/openapi.yaml	census 431	enumeration.tsv.gz
annotated-ref-shape	document	APIs/amazonaws.com/dynamodb/2011-12-05/openapi.yaml	census 54	enumeration.tsv.gz
annotated-ref-shape	document	APIs/amazonaws.com/dynamodb/2012-08-10/openapi.yaml	census 697	enumeration.tsv.gz
annotated-ref-shape	document	APIs/amazonaws.com/ebs/2019-11-02/openapi.yaml	census 39	enumeration.tsv.gz
annotated-ref-shape	document	APIs/amazonaws.com/ec2-instance-connect/2018-04-02/openapi.yaml	census 11	enumeration.tsv.gz
annotated-ref-shape	document	APIs/amazonaws.com/ec2/2016-11-15/openapi.yaml	census 8640	enumeration.tsv.gz
annotated-ref-shape	document	APIs/amazonaws.com/ecr-public/2020-10-30/openapi.yaml	census 169	enumeration.tsv.gz
annotated-ref-shape	document	APIs/amazonaws.com/ecr/2015-09-21/openapi.yaml	census 373	enumeration.tsv.gz
annotated-ref-shape	document	APIs/amazonaws.com/ecs/2014-11-13/openapi.yaml	census 826	enumeration.tsv.gz
annotated-ref-shape	document	APIs/amazonaws.com/eks/2017-11-01/openapi.yaml	census 346	enumeration.tsv.gz
annotated-ref-shape	document	APIs/amazonaws.com/elastic-inference/2017-07-25/openapi.yaml	census 29	enumeration.tsv.gz
annotated-ref-shape	document	APIs/amazonaws.com/elasticache/2015-02-02/openapi.yaml	census 859	enumeration.tsv.gz
annotated-ref-shape	document	APIs/amazonaws.com/elasticbeanstalk/2010-12-01/openapi.yaml	census 504	enumeration.tsv.gz
annotated-ref-shape	document	APIs/amazonaws.com/elasticfilesystem/2015-02-01/openapi.yaml	census 129	enumeration.tsv.gz
annotated-ref-shape	document	APIs/amazonaws.com/elasticloadbalancing/2012-06-01/openapi.yaml	census 178	enumeration.tsv.gz
annotated-ref-shape	document	APIs/amazonaws.com/elasticloadbalancingv2/2015-12-01/openapi.yaml	census 305	enumeration.tsv.gz
annotated-ref-shape	document	APIs/amazonaws.com/elasticmapreduce/2009-03-31/openapi.yaml	census 714	enumeration.tsv.gz
annotated-ref-shape	document	APIs/amazonaws.com/elastictranscoder/2012-09-25/openapi.yaml	census 325	enumeration.tsv.gz
annotated-ref-shape	document	APIs/amazonaws.com/email/2010-12-01/openapi.yaml	census 369	enumeration.tsv.gz
annotated-ref-shape	document	APIs/amazonaws.com/emr-containers/2020-10-01/openapi.yaml	census 182	enumeration.tsv.gz
annotated-ref-shape	document	APIs/amazonaws.com/emr-serverless/2021-07-13/openapi.yaml	census 175	enumeration.tsv.gz
annotated-ref-shape	document	APIs/amazonaws.com/entitlement.marketplace/2017-01-11/openapi.yaml	census 15	enumeration.tsv.gz
annotated-ref-shape	document	APIs/amazonaws.com/entityresolution/2018-05-10/openapi.yaml	census 117	enumeration.tsv.gz
annotated-ref-shape	document	APIs/amazonaws.com/es/2015-01-01/openapi.yaml	census 500	enumeration.tsv.gz
annotated-ref-shape	document	APIs/amazonaws.com/eventbridge/2015-10-07/openapi.yaml	census 563	enumeration.tsv.gz
annotated-ref-shape	document	APIs/amazonaws.com/events/2015-10-07/openapi.yaml	census 492	enumeration.tsv.gz
annotated-ref-shape	document	APIs/amazonaws.com/evidently/2021-02-01/openapi.yaml	census 332	enumeration.tsv.gz
annotated-ref-shape	document	APIs/amazonaws.com/finspace-data/2020-07-13/openapi.yaml	census 247	enumeration.tsv.gz
annotated-ref-shape	document	APIs/amazonaws.com/finspace/2021-03-12/openapi.yaml	census 356	enumeration.tsv.gz
annotated-ref-shape	document	APIs/amazonaws.com/firehose/2015-08-04/openapi.yaml	census 404	enumeration.tsv.gz
annotated-ref-shape	document	APIs/amazonaws.com/fis/2020-12-01/openapi.yaml	census 179	enumeration.tsv.gz
annotated-ref-shape	document	APIs/amazonaws.com/fms/2018-01-01/openapi.yaml	census 488	enumeration.tsv.gz
annotated-ref-shape	document	APIs/amazonaws.com/forecast/2018-06-26/openapi.yaml	census 603	enumeration.tsv.gz
annotated-ref-shape	document	APIs/amazonaws.com/forecastquery/2018-06-26/openapi.yaml	census 14	enumeration.tsv.gz
annotated-ref-shape	document	APIs/amazonaws.com/frauddetector/2019-11-15/openapi.yaml	census 617	enumeration.tsv.gz
annotated-ref-shape	document	APIs/amazonaws.com/fsx/2018-03-01/openapi.yaml	census 576	enumeration.tsv.gz
annotated-ref-shape	document	APIs/amazonaws.com/gamelift/2015-10-01/openapi.yaml	census 835	enumeration.tsv.gz
annotated-ref-shape	document	APIs/amazonaws.com/gamesparks/2021-08-17/openapi.yaml	census 140	enumeration.tsv.gz
annotated-ref-shape	document	APIs/amazonaws.com/glacier/2012-06-01/openapi.yaml	census 147	enumeration.tsv.gz
annotated-ref-shape	document	APIs/amazonaws.com/globalaccelerator/2018-08-08/openapi.yaml	census 280	enumeration.tsv.gz
annotated-ref-shape	document	APIs/amazonaws.com/glue/2017-03-31/openapi.yaml	census 2563	enumeration.tsv.gz
annotated-ref-shape	document	APIs/amazonaws.com/grafana/2020-08-18/openapi.yaml	census 148	enumeration.tsv.gz
annotated-ref-shape	document	APIs/amazonaws.com/greengrass/2017-06-07/openapi.yaml	census 481	enumeration.tsv.gz
annotated-ref-shape	document	APIs/amazonaws.com/greengrassv2/2020-11-30/openapi.yaml	census 243	enumeration.tsv.gz
annotated-ref-shape	document	APIs/amazonaws.com/groundstation/2019-05-23/openapi.yaml	census 332	enumeration.tsv.gz
annotated-ref-shape	document	APIs/amazonaws.com/guardduty/2017-11-28/openapi.yaml	census 777	enumeration.tsv.gz
annotated-ref-shape	document	APIs/amazonaws.com/health/2016-08-04/openapi.yaml	census 141	enumeration.tsv.gz
annotated-ref-shape	document	APIs/amazonaws.com/healthlake/2017-07-01/openapi.yaml	census 115	enumeration.tsv.gz
annotated-ref-shape	document	APIs/amazonaws.com/honeycode/2020-03-01/openapi.yaml	census 122	enumeration.tsv.gz
annotated-ref-shape	document	APIs/amazonaws.com/iam/2010-05-08/openapi.yaml	census 821	enumeration.tsv.gz
annotated-ref-shape	document	APIs/amazonaws.com/identitystore/2020-06-15/openapi.yaml	census 168	enumeration.tsv.gz
annotated-ref-shape	document	APIs/amazonaws.com/imagebuilder/2019-12-02/openapi.yaml	census 769	enumeration.tsv.gz
annotated-ref-shape	document	APIs/amazonaws.com/inspector/2016-02-16/openapi.yaml	census 287	enumeration.tsv.gz
annotated-ref-shape	document	APIs/amazonaws.com/inspector2/2020-06-08/openapi.yaml	census 884	enumeration.tsv.gz
annotated-ref-shape	document	APIs/amazonaws.com/internetmonitor/2021-06-03/openapi.yaml	census 117	enumeration.tsv.gz
annotated-ref-shape	document	APIs/amazonaws.com/iot-data/2015-05-28/openapi.yaml	census 19	enumeration.tsv.gz
annotated-ref-shape	document	APIs/amazonaws.com/iot-jobs-data/2017-09-29/openapi.yaml	census 35	enumeration.tsv.gz
annotated-ref-shape	document	APIs/amazonaws.com/iot-roborunner/2018-05-10/openapi.yaml	census 11	enumeration.tsv.gz
annotated-ref-shape	document	APIs/amazonaws.com/iot/2015-05-28/openapi.yaml	census 1793	enumeration.tsv.gz
annotated-ref-shape	document	APIs/amazonaws.com/iot1click-devices/2018-05-14/openapi.yaml	census 34	enumeration.tsv.gz
annotated-ref-shape	document	APIs/amazonaws.com/iot1click-projects/2018-05-14/openapi.yaml	census 48	enumeration.tsv.gz
annotated-ref-shape	document	APIs/amazonaws.com/iotanalytics/2017-11-27/openapi.yaml	census 344	enumeration.tsv.gz
annotated-ref-shape	document	APIs/amazonaws.com/iotdeviceadvisor/2020-09-18/openapi.yaml	census 113	enumeration.tsv.gz
annotated-ref-shape	document	APIs/amazonaws.com/iotevents-data/2018-10-23/openapi.yaml	census 130	enumeration.tsv.gz
annotated-ref-shape	document	APIs/amazonaws.com/iotevents/2018-07-27/openapi.yaml	census 285	enumeration.tsv.gz
annotated-ref-shape	document	APIs/amazonaws.com/iotfleethub/2020-11-03/openapi.yaml	census 33	enumeration.tsv.gz
annotated-ref-shape	document	APIs/amazonaws.com/iotfleetwise/2021-06-17/openapi.yaml	census 456	enumeration.tsv.gz
annotated-ref-shape	document	APIs/amazonaws.com/iotsecuretunneling/2018-10-05/openapi.yaml	census 52	enumeration.tsv.gz
annotated-ref-shape	document	APIs/amazonaws.com/iotsitewise/2019-12-02/openapi.yaml	census 614	enumeration.tsv.gz
annotated-ref-shape	document	APIs/amazonaws.com/iotthingsgraph/2018-09-06/openapi.yaml	census 192	enumeration.tsv.gz
annotated-ref-shape	document	APIs/amazonaws.com/iottwinmaker/2021-11-29/openapi.yaml	census 379	enumeration.tsv.gz
annotated-ref-shape	document	APIs/amazonaws.com/iotwireless/2020-11-22/openapi.yaml	census 669	enumeration.tsv.gz
annotated-ref-shape	document	APIs/amazonaws.com/ivs-realtime/2020-07-14/openapi.yaml	census 95	enumeration.tsv.gz
annotated-ref-shape	document	APIs/amazonaws.com/ivs/2020-07-14/openapi.yaml	census 209	enumeration.tsv.gz
annotated-ref-shape	document	APIs/amazonaws.com/ivschat/2020-07-14/openapi.yaml	census 142	enumeration.tsv.gz
annotated-ref-shape	document	APIs/amazonaws.com/kafka/2018-11-14/openapi.yaml	census 450	enumeration.tsv.gz
annotated-ref-shape	document	APIs/amazonaws.com/kafkaconnect/2021-09-14/openapi.yaml	census 213	enumeration.tsv.gz
annotated-ref-shape	document	APIs/amazonaws.com/kendra-ranking/2022-10-19/openapi.yaml	census 54	enumeration.tsv.gz
annotated-ref-shape	document	APIs/amazonaws.com/kendra/2019-02-03/openapi.yaml	census 1035	enumeration.tsv.gz
annotated-ref-shape	document	APIs/amazonaws.com/keyspaces/2022-02-10/openapi.yaml	census 113	enumeration.tsv.gz
annotated-ref-shape	document	APIs/amazonaws.com/kinesis-video-archived-media/2017-09-30/openapi.yaml	census 80	enumeration.tsv.gz
annotated-ref-shape	document	APIs/amazonaws.com/kinesis-video-media/2017-09-30/openapi.yaml	census 12	enumeration.tsv.gz
annotated-ref-shape	document	APIs/amazonaws.com/kinesis-video-signaling/2019-12-04/openapi.yaml	census 13	enumeration.tsv.gz
annotated-ref-shape	document	APIs/amazonaws.com/kinesis-video-webrtc-storage/2018-05-10/openapi.yaml	census 1	enumeration.tsv.gz
annotated-ref-shape	document	APIs/amazonaws.com/kinesis/2013-12-02/openapi.yaml	census 198	enumeration.tsv.gz
annotated-ref-shape	document	APIs/amazonaws.com/kinesisanalytics/2015-08-14/openapi.yaml	census 218	enumeration.tsv.gz
annotated-ref-shape	document	APIs/amazonaws.com/kinesisanalyticsv2/2018-05-23/openapi.yaml	census 453	enumeration.tsv.gz
annotated-ref-shape	document	APIs/amazonaws.com/kinesisvideo/2017-09-30/openapi.yaml	census 221	enumeration.tsv.gz
annotated-ref-shape	document	APIs/amazonaws.com/kms/2014-11-01/openapi.yaml	census 344	enumeration.tsv.gz
annotated-ref-shape	document	APIs/amazonaws.com/lakeformation/2017-03-31/openapi.yaml	census 429	enumeration.tsv.gz
annotated-ref-shape	document	APIs/amazonaws.com/lambda/2014-11-11/openapi.yaml	census 35	enumeration.tsv.gz
annotated-ref-shape	document	APIs/amazonaws.com/lambda/2015-03-31/openapi.yaml	census 509	enumeration.tsv.gz
annotated-ref-shape	document	APIs/amazonaws.com/lex-models/2017-04-19/openapi.yaml	census 425	enumeration.tsv.gz
annotated-ref-shape	document	APIs/amazonaws.com/license-manager-linux-subscriptions/2018-05-10/openapi.yaml	census 43	enumeration.tsv.gz
annotated-ref-shape	document	APIs/amazonaws.com/license-manager-user-subscriptions/2018-05-10/openapi.yaml	census 102	enumeration.tsv.gz
annotated-ref-shape	document	APIs/amazonaws.com/license-manager/2018-08-01/openapi.yaml	census 467	enumeration.tsv.gz
annotated-ref-shape	document	APIs/amazonaws.com/lightsail/2016-11-28/openapi.yaml	census 1288	enumeration.tsv.gz
annotated-ref-shape	document	APIs/amazonaws.com/location/2020-11-19/openapi.yaml	census 482	enumeration.tsv.gz
annotated-ref-shape	document	APIs/amazonaws.com/logs/2014-03-28/openapi.yaml	census 286	enumeration.tsv.gz
annotated-ref-shape	document	APIs/amazonaws.com/lookoutequipment/2020-12-15/openapi.yaml	census 452	enumeration.tsv.gz
annotated-ref-shape	document	APIs/amazonaws.com/lookoutmetrics/2017-07-25/openapi.yaml	census 365	enumeration.tsv.gz
annotated-ref-shape	document	APIs/amazonaws.com/lookoutvision/2020-11-20/openapi.yaml	census 146	enumeration.tsv.gz
annotated-ref-shape	document	APIs/amazonaws.com/m2/2021-04-28/openapi.yaml	census 293	enumeration.tsv.gz
annotated-ref-shape	document	APIs/amazonaws.com/machinelearning/2014-12-12/openapi.yaml	census 291	enumeration.tsv.gz
annotated-ref-shape	document	APIs/amazonaws.com/macie/2017-12-19/openapi.yaml	census 36	enumeration.tsv.gz
annotated-ref-shape	document	APIs/amazonaws.com/macie2/2020-01-01/openapi.yaml	census 782	enumeration.tsv.gz
annotated-ref-shape	document	APIs/amazonaws.com/managedblockchain-query/2023-05-04/openapi.yaml	census 94	enumeration.tsv.gz
annotated-ref-shape	document	APIs/amazonaws.com/managedblockchain/2018-09-24/openapi.yaml	census 222	enumeration.tsv.gz
annotated-ref-shape	document	APIs/amazonaws.com/marketplace-catalog/2018-09-17/openapi.yaml	census 86	enumeration.tsv.gz
annotated-ref-shape	document	APIs/amazonaws.com/marketplacecommerceanalytics/2015-07-01/openapi.yaml	census 16	enumeration.tsv.gz
annotated-ref-shape	document	APIs/amazonaws.com/mediaconnect/2018-11-14/openapi.yaml	census 613	enumeration.tsv.gz
annotated-ref-shape	document	APIs/amazonaws.com/mediaconvert/2017-08-29/openapi.yaml	census 1280	enumeration.tsv.gz
annotated-ref-shape	document	APIs/amazonaws.com/medialive/2017-10-14/openapi.yaml	census 1446	enumeration.tsv.gz
annotated-ref-shape	document	APIs/amazonaws.com/mediapackage-vod/2018-11-07/openapi.yaml	census 198	enumeration.tsv.gz
annotated-ref-shape	document	APIs/amazonaws.com/mediapackage/2017-10-12/openapi.yaml	census 374	enumeration.tsv.gz
annotated-ref-shape	document	APIs/amazonaws.com/mediapackagev2/2022-12-25/openapi.yaml	census 199	enumeration.tsv.gz
annotated-ref-shape	document	APIs/amazonaws.com/mediastore-data/2017-09-01/openapi.yaml	census 14	enumeration.tsv.gz
annotated-ref-shape	document	APIs/amazonaws.com/mediastore/2017-09-01/openapi.yaml	census 55	enumeration.tsv.gz
annotated-ref-shape	document	APIs/amazonaws.com/mediatailor/2018-04-23/openapi.yaml	census 462	enumeration.tsv.gz
annotated-ref-shape	document	APIs/amazonaws.com/medical-imaging/2023-07-19/openapi.yaml	census 155	enumeration.tsv.gz
annotated-ref-shape	document	APIs/amazonaws.com/memorydb/2021-01-01/openapi.yaml	census 362	enumeration.tsv.gz
annotated-ref-shape	document	APIs/amazonaws.com/meteringmarketplace/2016-01-14/openapi.yaml	census 32	enumeration.tsv.gz
annotated-ref-shape	document	APIs/amazonaws.com/mgn/2020-02-26/openapi.yaml	census 649	enumeration.tsv.gz
annotated-ref-shape	document	APIs/amazonaws.com/migration-hub-refactor-spaces/2021-10-26/openapi.yaml	census 299	enumeration.tsv.gz
annotated-ref-shape	document	APIs/amazonaws.com/migrationhub-config/2019-06-30/openapi.yaml	census 18	enumeration.tsv.gz
annotated-ref-shape	document	APIs/amazonaws.com/migrationhuborchestrator/2021-08-28/openapi.yaml	census 297	enumeration.tsv.gz
annotated-ref-shape	document	APIs/amazonaws.com/migrationhubstrategy/2020-02-19/openapi.yaml	census 278	enumeration.tsv.gz
annotated-ref-shape	document	APIs/amazonaws.com/mobile/2017-07-01/openapi.yaml	census 18	enumeration.tsv.gz
annotated-ref-shape	document	APIs/amazonaws.com/mobileanalytics/2014-06-05/openapi.yaml	census 12	enumeration.tsv.gz
annotated-ref-shape	document	APIs/amazonaws.com/models.lex.v2/2020-08-07/openapi.yaml	census 1590	enumeration.tsv.gz
annotated-ref-shape	document	APIs/amazonaws.com/monitoring/2010-08-01/openapi.yaml	census 392	enumeration.tsv.gz
annotated-ref-shape	document	APIs/amazonaws.com/mq/2017-11-27/openapi.yaml	census 282	enumeration.tsv.gz
annotated-ref-shape	document	APIs/amazonaws.com/mturk-requester/2017-01-17/openapi.yaml	census 271	enumeration.tsv.gz
annotated-ref-shape	document	APIs/amazonaws.com/mwaa/2020-07-01/openapi.yaml	census 129	enumeration.tsv.gz
annotated-ref-shape	document	APIs/amazonaws.com/neptune/2014-10-31/openapi.yaml	census 860	enumeration.tsv.gz
annotated-ref-shape	document	APIs/amazonaws.com/network-firewall/2020-11-12/openapi.yaml	census 379	enumeration.tsv.gz
annotated-ref-shape	document	APIs/amazonaws.com/networkmanager/2019-07-05/openapi.yaml	census 547	enumeration.tsv.gz
annotated-ref-shape	document	APIs/amazonaws.com/nimble/2020-08-01/openapi.yaml	census 367	enumeration.tsv.gz
annotated-ref-shape	document	APIs/amazonaws.com/oam/2022-06-10/openapi.yaml	census 76	enumeration.tsv.gz
annotated-ref-shape	document	APIs/amazonaws.com/omics/2022-11-28/openapi.yaml	census 753	enumeration.tsv.gz
annotated-ref-shape	document	APIs/amazonaws.com/opensearch/2021-01-01/openapi.yaml	census 647	enumeration.tsv.gz
annotated-ref-shape	document	APIs/amazonaws.com/opensearchserverless/2021-11-01/openapi.yaml	census 247	enumeration.tsv.gz
annotated-ref-shape	document	APIs/amazonaws.com/opsworks/2013-02-18/openapi.yaml	census 644	enumeration.tsv.gz
annotated-ref-shape	document	APIs/amazonaws.com/opsworkscm/2016-11-01/openapi.yaml	census 145	enumeration.tsv.gz
annotated-ref-shape	document	APIs/amazonaws.com/organizations/2016-11-28/openapi.yaml	census 249	enumeration.tsv.gz
annotated-ref-shape	document	APIs/amazonaws.com/osis/2022-01-01/openapi.yaml	census 73	enumeration.tsv.gz
annotated-ref-shape	document	APIs/amazonaws.com/outposts/2019-12-03/openapi.yaml	census 170	enumeration.tsv.gz
annotated-ref-shape	document	APIs/amazonaws.com/panorama/2019-07-24/openapi.yaml	census 320	enumeration.tsv.gz
annotated-ref-shape	document	APIs/amazonaws.com/payment-cryptography-data/2022-02-03/openapi.yaml	census 271	enumeration.tsv.gz
annotated-ref-shape	document	APIs/amazonaws.com/payment-cryptography/2021-09-14/openapi.yaml	census 133	enumeration.tsv.gz
annotated-ref-shape	document	APIs/amazonaws.com/personalize-events/2018-03-22/openapi.yaml	census 19	enumeration.tsv.gz
annotated-ref-shape	document	APIs/amazonaws.com/personalize-runtime/2018-05-22/openapi.yaml	census 26	enumeration.tsv.gz
annotated-ref-shape	document	APIs/amazonaws.com/personalize/2018-05-22/openapi.yaml	census 587	enumeration.tsv.gz
annotated-ref-shape	document	APIs/amazonaws.com/pi/2018-02-27/openapi.yaml	census 84	enumeration.tsv.gz
annotated-ref-shape	document	APIs/amazonaws.com/pinpoint-email/2018-07-26/openapi.yaml	census 232	enumeration.tsv.gz
annotated-ref-shape	document	APIs/amazonaws.com/pinpoint-sms-voice-v2/2022-03-31/openapi.yaml	census 418	enumeration.tsv.gz
annotated-ref-shape	document	APIs/amazonaws.com/pinpoint/2016-12-01/openapi.yaml	census 1439	enumeration.tsv.gz
annotated-ref-shape	document	APIs/amazonaws.com/pipes/2015-10-07/openapi.yaml	census 335	enumeration.tsv.gz
annotated-ref-shape	document	APIs/amazonaws.com/polly/2016-06-10/openapi.yaml	census 65	enumeration.tsv.gz
annotated-ref-shape	document	APIs/amazonaws.com/pricing/2017-10-15/openapi.yaml	census 42	enumeration.tsv.gz
annotated-ref-shape	document	APIs/amazonaws.com/privatenetworks/2021-12-03/openapi.yaml	census 217	enumeration.tsv.gz
annotated-ref-shape	document	APIs/amazonaws.com/proton/2020-07-20/openapi.yaml	census 796	enumeration.tsv.gz
annotated-ref-shape	document	APIs/amazonaws.com/qldb-session/2019-07-11/openapi.yaml	census 46	enumeration.tsv.gz
annotated-ref-shape	document	APIs/amazonaws.com/qldb/2019-01-02/openapi.yaml	census 110	enumeration.tsv.gz
annotated-ref-shape	document	APIs/amazonaws.com/quicksight/2018-04-01/openapi.yaml	census 3512	enumeration.tsv.gz
annotated-ref-shape	document	APIs/amazonaws.com/ram/2018-01-04/openapi.yaml	census 280	enumeration.tsv.gz
annotated-ref-shape	document	APIs/amazonaws.com/rbin/2021-06-15/openapi.yaml	census 78	enumeration.tsv.gz
annotated-ref-shape	document	APIs/amazonaws.com/rds-data/2018-08-01/openapi.yaml	census 95	enumeration.tsv.gz
annotated-ref-shape	document	APIs/amazonaws.com/rds/2013-01-10/openapi.yaml	census 48	enumeration.tsv.gz
annotated-ref-shape	document	APIs/amazonaws.com/rds/2013-02-12/openapi.yaml	census 53	enumeration.tsv.gz
annotated-ref-shape	document	APIs/amazonaws.com/rds/2013-09-09/openapi.yaml	census 86	enumeration.tsv.gz
annotated-ref-shape	document	APIs/amazonaws.com/rds/2014-09-01/openapi.yaml	census 88	enumeration.tsv.gz
annotated-ref-shape	document	APIs/amazonaws.com/rds/2014-10-31/openapi.yaml	census 2057	enumeration.tsv.gz
annotated-ref-shape	document	APIs/amazonaws.com/redshift-data/2019-12-20/openapi.yaml	census 158	enumeration.tsv.gz
annotated-ref-shape	document	APIs/amazonaws.com/redshift-serverless/2021-04-21/openapi.yaml	census 283	enumeration.tsv.gz
annotated-ref-shape	document	APIs/amazonaws.com/redshift/2012-12-01/openapi.yaml	census 1177	enumeration.tsv.gz
annotated-ref-shape	document	APIs/amazonaws.com/rekognition/2016-06-27/openapi.yaml	census 779	enumeration.tsv.gz
annotated-ref-shape	document	APIs/amazonaws.com/resiliencehub/2020-04-30/openapi.yaml	census 581	enumeration.tsv.gz
annotated-ref-shape	document	APIs/amazonaws.com/resource-explorer/2-2022-07-28/openapi.yaml	census 97	enumeration.tsv.gz
annotated-ref-shape	document	APIs/amazonaws.com/resource-groups/2017-11-27/openapi.yaml	census 110	enumeration.tsv.gz
annotated-ref-shape	document	APIs/amazonaws.com/resourcegroupstaggingapi/2017-01-26/openapi.yaml	census 55	enumeration.tsv.gz
annotated-ref-shape	document	APIs/amazonaws.com/robomaker/2018-06-29/openapi.yaml	census 699	enumeration.tsv.gz
annotated-ref-shape	document	APIs/amazonaws.com/rolesanywhere/2018-05-10/openapi.yaml	census 121	enumeration.tsv.gz
annotated-ref-shape	document	APIs/amazonaws.com/route53-recovery-cluster/2019-12-02/openapi.yaml	census 21	enumeration.tsv.gz
annotated-ref-shape	document	APIs/amazonaws.com/route53-recovery-control-config/2020-11-02/openapi.yaml	census 117	enumeration.tsv.gz
annotated-ref-shape	document	APIs/amazonaws.com/route53-recovery-readiness/2019-12-02/openapi.yaml	census 151	enumeration.tsv.gz
annotated-ref-shape	document	APIs/amazonaws.com/route53/2013-04-01/openapi.yaml	census 411	enumeration.tsv.gz
annotated-ref-shape	document	APIs/amazonaws.com/route53domains/2014-05-15/openapi.yaml	census 218	enumeration.tsv.gz
annotated-ref-shape	document	APIs/amazonaws.com/route53resolver/2018-04-01/openapi.yaml	census 439	enumeration.tsv.gz
annotated-ref-shape	document	APIs/amazonaws.com/rum/2018-05-10/openapi.yaml	census 142	enumeration.tsv.gz
annotated-ref-shape	document	APIs/amazonaws.com/runtime.lex.v2/2020-08-07/openapi.yaml	census 85	enumeration.tsv.gz
annotated-ref-shape	document	APIs/amazonaws.com/runtime.lex/2016-11-28/openapi.yaml	census 76	enumeration.tsv.gz
annotated-ref-shape	document	APIs/amazonaws.com/runtime.sagemaker/2017-05-13/openapi.yaml	census 3	enumeration.tsv.gz
annotated-ref-shape	document	APIs/amazonaws.com/s3/2006-03-01/openapi.yaml	census 620	enumeration.tsv.gz
annotated-ref-shape	document	APIs/amazonaws.com/s3control/2018-08-20/openapi.yaml	census 487	enumeration.tsv.gz
annotated-ref-shape	document	APIs/amazonaws.com/s3outposts/2017-07-25/openapi.yaml	census 31	enumeration.tsv.gz
annotated-ref-shape	document	APIs/amazonaws.com/sagemaker-a2i-runtime/2019-11-07/openapi.yaml	census 26	enumeration.tsv.gz
annotated-ref-shape	document	APIs/amazonaws.com/sagemaker-edge/2020-09-23/openapi.yaml	census 52	enumeration.tsv.gz
annotated-ref-shape	document	APIs/amazonaws.com/sagemaker-featurestore-runtime/2020-07-01/openapi.yaml	census 27	enumeration.tsv.gz
annotated-ref-shape	document	APIs/amazonaws.com/sagemaker-geospatial/2020-05-27/openapi.yaml	census 291	enumeration.tsv.gz
annotated-ref-shape	document	APIs/amazonaws.com/sagemaker-metrics/2022-09-30/openapi.yaml	census 9	enumeration.tsv.gz
annotated-ref-shape	document	APIs/amazonaws.com/sagemaker/2017-07-24/openapi.yaml	census 4242	enumeration.tsv.gz
annotated-ref-shape	document	APIs/amazonaws.com/savingsplans/2019-06-28/openapi.yaml	census 118	enumeration.tsv.gz
annotated-ref-shape	document	APIs/amazonaws.com/scheduler/2021-06-30/openapi.yaml	census 141	enumeration.tsv.gz
annotated-ref-shape	document	APIs/amazonaws.com/schemas/2019-12-02/openapi.yaml	census 133	enumeration.tsv.gz
annotated-ref-shape	document	APIs/amazonaws.com/sdb/2009-04-15/openapi.yaml	census 73	enumeration.tsv.gz
annotated-ref-shape	document	APIs/amazonaws.com/secretsmanager/2017-10-17/openapi.yaml	census 180	enumeration.tsv.gz
annotated-ref-shape	document	APIs/amazonaws.com/securityhub/2018-10-26/openapi.yaml	census 3500	enumeration.tsv.gz
annotated-ref-shape	document	APIs/amazonaws.com/securitylake/2018-05-10/openapi.yaml	census 165	enumeration.tsv.gz
annotated-ref-shape	document	APIs/amazonaws.com/serverlessrepo/2017-09-08/openapi.yaml	census 164	enumeration.tsv.gz
annotated-ref-shape	document	APIs/amazonaws.com/service-quotas/2019-06-24/openapi.yaml	census 110	enumeration.tsv.gz
annotated-ref-shape	document	APIs/amazonaws.com/servicecatalog-appregistry/2020-06-24/openapi.yaml	census 112	enumeration.tsv.gz
annotated-ref-shape	document	APIs/amazonaws.com/servicecatalog/2015-12-10/openapi.yaml	census 796	enumeration.tsv.gz
annotated-ref-shape	document	APIs/amazonaws.com/servicediscovery/2017-03-14/openapi.yaml	census 208	enumeration.tsv.gz
annotated-ref-shape	document	APIs/amazonaws.com/sesv2/2019-09-27/openapi.yaml	census 506	enumeration.tsv.gz
annotated-ref-shape	document	APIs/amazonaws.com/shield/2016-06-02/openapi.yaml	census 161	enumeration.tsv.gz
annotated-ref-shape	document	APIs/amazonaws.com/signer/2017-08-25/openapi.yaml	census 164	enumeration.tsv.gz
annotated-ref-shape	document	APIs/amazonaws.com/simspaceweaver/2022-10-28/openapi.yaml	census 89	enumeration.tsv.gz
annotated-ref-shape	document	APIs/amazonaws.com/sms-voice/2018-09-05/openapi.yaml	census 26	enumeration.tsv.gz
annotated-ref-shape	document	APIs/amazonaws.com/sms/2016-10-24/openapi.yaml	census 253	enumeration.tsv.gz
annotated-ref-shape	document	APIs/amazonaws.com/snow-device-management/2021-08-04/openapi.yaml	census 106	enumeration.tsv.gz
annotated-ref-shape	document	APIs/amazonaws.com/snowball/2016-06-30/openapi.yaml	census 266	enumeration.tsv.gz
annotated-ref-shape	document	APIs/amazonaws.com/sns/2010-03-31/openapi.yaml	census 154	enumeration.tsv.gz
annotated-ref-shape	document	APIs/amazonaws.com/sqs/2012-11-05/openapi.yaml	census 158	enumeration.tsv.gz
annotated-ref-shape	document	APIs/amazonaws.com/ssm-contacts/2021-05-03/openapi.yaml	census 274	enumeration.tsv.gz
annotated-ref-shape	document	APIs/amazonaws.com/ssm-incidents/2018-05-10/openapi.yaml	census 248	enumeration.tsv.gz
annotated-ref-shape	document	APIs/amazonaws.com/ssm-sap/2018-05-10/openapi.yaml	census 154	enumeration.tsv.gz
annotated-ref-shape	document	APIs/amazonaws.com/ssm/2014-11-06/openapi.yaml	census 1860	enumeration.tsv.gz
annotated-ref-shape	document	APIs/amazonaws.com/sso-admin/2020-07-20/openapi.yaml	census 199	enumeration.tsv.gz
annotated-ref-shape	document	APIs/amazonaws.com/sso-oidc/2019-06-10/openapi.yaml	census 31	enumeration.tsv.gz
annotated-ref-shape	document	APIs/amazonaws.com/sso/2019-06-10/openapi.yaml	census 14	enumeration.tsv.gz
annotated-ref-shape	document	APIs/amazonaws.com/states/2016-11-23/openapi.yaml	census 351	enumeration.tsv.gz
annotated-ref-shape	document	APIs/amazonaws.com/storagegateway/2013-06-30/openapi.yaml	census 570	enumeration.tsv.gz
annotated-ref-shape	document	APIs/amazonaws.com/streams.dynamodb/2012-08-10/openapi.yaml	census 63	enumeration.tsv.gz
annotated-ref-shape	document	APIs/amazonaws.com/sts/2011-06-15/openapi.yaml	census 77	enumeration.tsv.gz
annotated-ref-shape	document	APIs/amazonaws.com/support-app/2021-08-20/openapi.yaml	census 50	enumeration.tsv.gz
annotated-ref-shape	document	APIs/amazonaws.com/support/2013-04-15/openapi.yaml	census 138	enumeration.tsv.gz
annotated-ref-shape	document	APIs/amazonaws.com/swf/2012-01-25/openapi.yaml	census 593	enumeration.tsv.gz
annotated-ref-shape	document	APIs/amazonaws.com/synthetics/2017-10-11/openapi.yaml	census 172	enumeration.tsv.gz
annotated-ref-shape	document	APIs/amazonaws.com/textract/2018-06-27/openapi.yaml	census 191	enumeration.tsv.gz
annotated-ref-shape	document	APIs/amazonaws.com/timestream-query/2018-11-01/openapi.yaml	census 143	enumeration.tsv.gz
annotated-ref-shape	document	APIs/amazonaws.com/timestream-write/2018-11-01/openapi.yaml	census 173	enumeration.tsv.gz
annotated-ref-shape	document	APIs/amazonaws.com/tnb/2008-10-21/openapi.yaml	census 224	enumeration.tsv.gz
annotated-ref-shape	document	APIs/amazonaws.com/transcribe/2017-10-26/openapi.yaml	census 394	enumeration.tsv.gz
annotated-ref-shape	document	APIs/amazonaws.com/transfer/2018-11-05/openapi.yaml	census 526	enumeration.tsv.gz
annotated-ref-shape	document	APIs/amazonaws.com/translate/2017-07-01/openapi.yaml	census 176	enumeration.tsv.gz
annotated-ref-shape	document	APIs/amazonaws.com/verifiedpermissions/2021-12-01/openapi.yaml	census 239	enumeration.tsv.gz
annotated-ref-shape	document	APIs/amazonaws.com/voice-id/2021-09-27/openapi.yaml	census 256	enumeration.tsv.gz
annotated-ref-shape	document	APIs/amazonaws.com/vpc-lattice/2022-11-30/openapi.yaml	census 436	enumeration.tsv.gz
annotated-ref-shape	document	APIs/amazonaws.com/waf-regional/2016-11-28/openapi.yaml	census 420	enumeration.tsv.gz
annotated-ref-shape	document	APIs/amazonaws.com/waf/2015-08-24/openapi.yaml	census 412	enumeration.tsv.gz
annotated-ref-shape	document	APIs/amazonaws.com/wafv2/2019-07-29/openapi.yaml	census 629	enumeration.tsv.gz
annotated-ref-shape	document	APIs/amazonaws.com/wellarchitected/2020-03-31/openapi.yaml	census 184	enumeration.tsv.gz
annotated-ref-shape	document	APIs/amazonaws.com/wisdom/2020-10-19/openapi.yaml	census 218	enumeration.tsv.gz
annotated-ref-shape	document	APIs/amazonaws.com/workdocs/2016-05-01/openapi.yaml	census 249	enumeration.tsv.gz
annotated-ref-shape	document	APIs/amazonaws.com/worklink/2018-09-25/openapi.yaml	census 138	enumeration.tsv.gz
annotated-ref-shape	document	APIs/amazonaws.com/workmail/2017-10-01/openapi.yaml	census 502	enumeration.tsv.gz
annotated-ref-shape	document	APIs/amazonaws.com/workmailmessageflow/2019-05-01/openapi.yaml	census 7	enumeration.tsv.gz
annotated-ref-shape	document	APIs/amazonaws.com/workspaces-web/2020-07-08/openapi.yaml	census 232	enumeration.tsv.gz
annotated-ref-shape	document	APIs/amazonaws.com/workspaces/2015-04-08/openapi.yaml	census 423	enumeration.tsv.gz
annotated-ref-shape	document	APIs/amazonaws.com/xray/2016-04-12/openapi.yaml	census 410	enumeration.tsv.gz
annotated-ref-shape	document	APIs/asana.com/1.0/openapi.yaml	census 6	enumeration.tsv.gz
annotated-ref-shape	document	APIs/beezup.com/2.0/openapi.yaml	census 183	enumeration.tsv.gz
annotated-ref-shape	document	APIs/box.com/2.0.0/openapi.yaml	census 103	enumeration.tsv.gz
annotated-ref-shape	document	APIs/codat.io/accounting/2.1.0/openapi.yaml	census 2	enumeration.tsv.gz
annotated-ref-shape	document	APIs/codat.io/commerce/2.1.0/openapi.yaml	census 2	enumeration.tsv.gz
annotated-ref-shape	document	APIs/digitalocean.com/2.0/openapi.yaml	census 26	enumeration.tsv.gz
annotated-ref-shape	document	APIs/docker.com/hub/beta/openapi.yaml	census 1	enumeration.tsv.gz
annotated-ref-shape	document	APIs/giphy.com/1.0/openapi.yaml	census 20	enumeration.tsv.gz
annotated-ref-shape	document	APIs/graphhopper.com/1.0.0/openapi.yaml	census 4	enumeration.tsv.gz
annotated-ref-shape	document	APIs/impala.travel/hotels/1.003/openapi.yaml	census 1	enumeration.tsv.gz
annotated-ref-shape	document	APIs/ndhm.gov.in/ndhm-cm/0.5/openapi.yaml	census 3	enumeration.tsv.gz
annotated-ref-shape	document	APIs/ndhm.gov.in/ndhm-gateway/0.5/openapi.yaml	census 8	enumeration.tsv.gz
annotated-ref-shape	document	APIs/ndhm.gov.in/ndhm-hip/0.5/openapi.yaml	census 2	enumeration.tsv.gz
annotated-ref-shape	document	APIs/ndhm.gov.in/ndhm-hiu/0.5/openapi.yaml	census 6	enumeration.tsv.gz
annotated-ref-shape	document	APIs/nexmo.com/reports/2.2.2/openapi.yaml	census 1	enumeration.tsv.gz
annotated-ref-shape	document	APIs/pandascore.co/2.23.1/openapi.yaml	census 245	enumeration.tsv.gz
annotated-ref-shape	document	APIs/plaid.com/2020-09-14_1.345.1/openapi.yaml	census 1	enumeration.tsv.gz
annotated-ref-shape	document	APIs/probely.com/1.2.0/openapi.yaml	census 5	enumeration.tsv.gz
annotated-ref-shape	document	APIs/twinehealth.com/v7.78.1/openapi.yaml	census 1	enumeration.tsv.gz
annotated-ref-shape	document	APIs/youneedabudget.com/1.0.0/openapi.yaml	census 1	enumeration.tsv.gz
annotated-ref-shape	walk	APIs-guru/openapi-directory@f04b8d0bcd39c52e1cf3ad7a5fe744709832ae49	4138	enumeration.tsv.gz
annotated-ref-target-anyof	document	APIs/pandascore.co/2.23.1/openapi.yaml	census 15	enumeration.tsv.gz
annotated-ref-target-anyof	walk	APIs-guru/openapi-directory@f04b8d0bcd39c52e1cf3ad7a5fe744709832ae49	4138	enumeration.tsv.gz
anyof-allof-variant	document	APIs/digitalocean.com/2.0/openapi.yaml	census 9	enumeration.tsv.gz
anyof-allof-variant	walk	APIs-guru/openapi-directory@f04b8d0bcd39c52e1cf3ad7a5fe744709832ae49	4138	enumeration.tsv.gz
anyof-anyof-variant	walk	APIs-guru/openapi-directory@f04b8d0bcd39c52e1cf3ad7a5fe744709832ae49	4138	enumeration.tsv.gz
anyof-array-variant-annotated-ref-item	walk	APIs-guru/openapi-directory@f04b8d0bcd39c52e1cf3ad7a5fe744709832ae49	4138	enumeration.tsv.gz
anyof-array-variant-anyof-nullable-item	walk	APIs-guru/openapi-directory@f04b8d0bcd39c52e1cf3ad7a5fe744709832ae49	4138	enumeration.tsv.gz
anyof-array-variant-closed-object-item	document	APIs/webflow.com/2023-03-23T154040Z/openapi.yaml	census 1	enumeration.tsv.gz
anyof-array-variant-closed-object-item	walk	APIs-guru/openapi-directory@f04b8d0bcd39c52e1cf3ad7a5fe744709832ae49	4138	enumeration.tsv.gz
anyof-array-variant-composed-item	walk	APIs-guru/openapi-directory@f04b8d0bcd39c52e1cf3ad7a5fe744709832ae49	4138	enumeration.tsv.gz
anyof-array-variant-oneof-nullable-item	walk	APIs-guru/openapi-directory@f04b8d0bcd39c52e1cf3ad7a5fe744709832ae49	4138	enumeration.tsv.gz
anyof-discriminated-union	document	APIs/apideck.com/accounting/10.0.0/openapi.yaml	census 1	enumeration.tsv.gz
anyof-discriminated-union	document	APIs/cpy.re/peertube/5.1.0/openapi.yaml	census 1	enumeration.tsv.gz
anyof-discriminated-union	document	APIs/github.com/api.github.com.2022-11-28/1.1.4/openapi.yaml	census 1	enumeration.tsv.gz
anyof-discriminated-union	document	APIs/github.com/api.github.com/1.1.4/openapi.yaml	census 1	enumeration.tsv.gz
anyof-discriminated-union	document	APIs/github.com/ghec.2022-11-28/1.1.4/openapi.yaml	census 1	enumeration.tsv.gz
anyof-discriminated-union	document	APIs/github.com/ghec/1.1.4/openapi.yaml	census 1	enumeration.tsv.gz
anyof-discriminated-union	document	APIs/github.com/ghes-3.2/1.1.4/openapi.yaml	census 1	enumeration.tsv.gz
anyof-discriminated-union	document	APIs/github.com/ghes-3.3/1.1.4/openapi.yaml	census 1	enumeration.tsv.gz
anyof-discriminated-union	document	APIs/github.com/ghes-3.4/1.1.4/openapi.yaml	census 1	enumeration.tsv.gz
anyof-discriminated-union	document	APIs/github.com/ghes-3.5/1.1.4/openapi.yaml	census 1	enumeration.tsv.gz
anyof-discriminated-union	document	APIs/github.com/ghes-3.6/1.1.4/openapi.yaml	census 1	enumeration.tsv.gz
anyof-discriminated-union	document	APIs/github.com/ghes-3.7/1.1.4/openapi.yaml	census 1	enumeration.tsv.gz
anyof-discriminated-union	document	APIs/github.com/ghes-3.8/1.1.4/openapi.yaml	census 1	enumeration.tsv.gz
anyof-discriminated-union	document	APIs/github.com/github.ae/1.1.4/openapi.yaml	census 1	enumeration.tsv.gz
anyof-discriminated-union	document	APIs/increase.com/0.0.1/openapi.yaml	census 1	enumeration.tsv.gz
anyof-discriminated-union	document	APIs/rebilly.com/2.1/openapi.yaml	census 18	enumeration.tsv.gz
anyof-discriminated-union	document	APIs/slack.com/1.7.0/openapi.yaml	census 4	enumeration.tsv.gz
anyof-discriminated-union	document	APIs/stripe.com/2022-11-15/openapi.yaml	census 26	enumeration.tsv.gz
anyof-discriminated-union	document	APIs/vercel.com/0.0.1/openapi.yaml	census 1	enumeration.tsv.gz
anyof-discriminated-union	walk	APIs-guru/openapi-directory@f04b8d0bcd39c52e1cf3ad7a5fe744709832ae49	4138	enumeration.tsv.gz
anyof-oneof-variant	document	APIs/intellifi.nl/2.23.4+0.gb463b49.dirty/openapi.yaml	census 1	enumeration.tsv.gz
anyof-oneof-variant	walk	APIs-guru/openapi-directory@f04b8d0bcd39c52e1cf3ad7a5fe744709832ae49	4138	enumeration.tsv.gz
anyof-sole-member	document	APIs/github.com/ghes-3.1/1.1.4/openapi.yaml	census 1	enumeration.tsv.gz
anyof-sole-member	document	APIs/rebilly.com/2.1/openapi.yaml	census 17	enumeration.tsv.gz
anyof-sole-member	document	APIs/shotstack.io/v1/openapi.yaml	census 1	enumeration.tsv.gz
anyof-sole-member	document	APIs/soundcloud.com/1.0.0/openapi.yaml	census 3	enumeration.tsv.gz
anyof-sole-member	document	APIs/stripe.com/2022-11-15/openapi.yaml	census 244	enumeration.tsv.gz
anyof-sole-member	document	APIs/zoom.us/2.0.0/openapi.yaml	census 1	enumeration.tsv.gz
anyof-sole-member	walk	APIs-guru/openapi-directory@f04b8d0bcd39c52e1cf3ad7a5fe744709832ae49	4138	enumeration.tsv.gz
anyof-string-const-variant	walk	APIs-guru/openapi-directory@f04b8d0bcd39c52e1cf3ad7a5fe744709832ae49	4138	enumeration.tsv.gz
array-item-anyof-discriminated-union	document	APIs/apideck.com/accounting/10.0.0/openapi.yaml	census 1	enumeration.tsv.gz
array-item-anyof-discriminated-union	document	APIs/cpy.re/peertube/5.1.0/openapi.yaml	census 1	enumeration.tsv.gz
array-item-anyof-discriminated-union	document	APIs/github.com/api.github.com.2022-11-28/1.1.4/openapi.yaml	census 1	enumeration.tsv.gz
array-item-anyof-discriminated-union	document	APIs/github.com/api.github.com/1.1.4/openapi.yaml	census 1	enumeration.tsv.gz
array-item-anyof-discriminated-union	document	APIs/github.com/ghec.2022-11-28/1.1.4/openapi.yaml	census 1	enumeration.tsv.gz
array-item-anyof-discriminated-union	document	APIs/github.com/ghec/1.1.4/openapi.yaml	census 1	enumeration.tsv.gz
array-item-anyof-discriminated-union	document	APIs/github.com/ghes-3.2/1.1.4/openapi.yaml	census 1	enumeration.tsv.gz
array-item-anyof-discriminated-union	document	APIs/github.com/ghes-3.3/1.1.4/openapi.yaml	census 1	enumeration.tsv.gz
array-item-anyof-discriminated-union	document	APIs/github.com/ghes-3.4/1.1.4/openapi.yaml	census 1	enumeration.tsv.gz
array-item-anyof-discriminated-union	document	APIs/github.com/ghes-3.5/1.1.4/openapi.yaml	census 1	enumeration.tsv.gz
array-item-anyof-discriminated-union	document	APIs/github.com/ghes-3.6/1.1.4/openapi.yaml	census 1	enumeration.tsv.gz
array-item-anyof-discriminated-union	document	APIs/github.com/ghes-3.7/1.1.4/openapi.yaml	census 1	enumeration.tsv.gz
array-item-anyof-discriminated-union	document	APIs/github.com/ghes-3.8/1.1.4/openapi.yaml	census 1	enumeration.tsv.gz
array-item-anyof-discriminated-union	document	APIs/github.com/github.ae/1.1.4/openapi.yaml	census 1	enumeration.tsv.gz
array-item-anyof-discriminated-union	document	APIs/rebilly.com/2.1/openapi.yaml	census 18	enumeration.tsv.gz
array-item-anyof-discriminated-union	document	APIs/slack.com/1.7.0/openapi.yaml	census 4	enumeration.tsv.gz
array-item-anyof-discriminated-union	document	APIs/stripe.com/2022-11-15/openapi.yaml	census 4	enumeration.tsv.gz
array-item-anyof-discriminated-union	walk	APIs-guru/openapi-directory@f04b8d0bcd39c52e1cf3ad7a5fe744709832ae49	4138	enumeration.tsv.gz
array-item-empty-object	document	APIs/callfire.com/V2/openapi.yaml	census 2	enumeration.tsv.gz
array-item-empty-object	document	APIs/increase.com/0.0.1/openapi.yaml	census 1	enumeration.tsv.gz
array-item-empty-object	document	APIs/mist.com/0.37.7/openapi.yaml	census 1	enumeration.tsv.gz
array-item-empty-object	document	APIs/ndhm.gov.in/ndhm-healthid/1.0/openapi.yaml	census 2	enumeration.tsv.gz
array-item-empty-object	document	APIs/nytimes.com/books_api/3.0.0/openapi.yaml	census 1	enumeration.tsv.gz
array-item-empty-object	document	APIs/nytimes.com/community/3.0.0/openapi.yaml	census 1	enumeration.tsv.gz
array-item-empty-object	document	APIs/spoonacular.com/1.1/openapi.yaml	census 1	enumeration.tsv.gz
array-item-empty-object	document	APIs/thebluealliance.com/3.8.2/openapi.yaml	census 1	enumeration.tsv.gz
array-item-empty-object	document	APIs/truesight.local/11.1.00/openapi.yaml	census 1	enumeration.tsv.gz
array-item-empty-object	walk	APIs-guru/openapi-directory@f04b8d0bcd39c52e1cf3ad7a5fe744709832ae49	4138	enumeration.tsv.gz
array-item-oneof-discriminated-union	document	APIs/adyen.com/BalancePlatformService/2/openapi.yaml	census 1	enumeration.tsv.gz
array-item-oneof-discriminated-union	document	APIs/apple.com/app-store-connect/1.4.1/openapi.yaml	census 18	enumeration.tsv.gz
array-item-oneof-discriminated-union	document	APIs/box.com/2.0.0/openapi.yaml	census 3	enumeration.tsv.gz
array-item-oneof-discriminated-union	document	APIs/dnd5eapi.co/0.1/openapi.yaml	census 1	enumeration.tsv.gz
array-item-oneof-discriminated-union	document	APIs/doqs.dev/1.0/openapi.yaml	census 2	enumeration.tsv.gz
array-item-oneof-discriminated-union	document	APIs/here.com/tracking/2.1.192/openapi.yaml	census 2	enumeration.tsv.gz
array-item-oneof-discriminated-union	document	APIs/hubapi.com/automation/v4/openapi.yaml	census 3	enumeration.tsv.gz
array-item-oneof-discriminated-union	document	APIs/hubapi.com/crm/v3/openapi.yaml	census 2	enumeration.tsv.gz
array-item-oneof-discriminated-union	document	APIs/influxdata.com/2.0.0/openapi.yaml	census 1	enumeration.tsv.gz
array-item-oneof-discriminated-union	document	APIs/just-eat.co.uk/1.0.0/openapi.yaml	census 2	enumeration.tsv.gz
array-item-oneof-discriminated-union	document	APIs/mailchimp.com/3.0.55/openapi.yaml	census 50	enumeration.tsv.gz
array-item-oneof-discriminated-union	document	APIs/mailscript.com/0.4.0/openapi.yaml	census 2	enumeration.tsv.gz
array-item-oneof-discriminated-union	document	APIs/nexmo.com/voice/1.3.10/openapi.yaml	census 1	enumeration.tsv.gz
array-item-oneof-discriminated-union	document	APIs/spotify.com/1.0.0/openapi.yaml	census 1	enumeration.tsv.gz
array-item-oneof-discriminated-union	document	APIs/vercel.com/0.0.1/openapi.yaml	census 1	enumeration.tsv.gz
array-item-oneof-discriminated-union	walk	APIs-guru/openapi-directory@f04b8d0bcd39c52e1cf3ad7a5fe744709832ae49	4138	enumeration.tsv.gz
array-item-pointer-walk-allof	document	APIs/codat.io/accounting/2.1.0/openapi.yaml	census 5	enumeration.tsv.gz
array-item-pointer-walk-allof	document	APIs/dnd5eapi.co/0.1/openapi.yaml	census 1	enumeration.tsv.gz
array-item-pointer-walk-allof	walk	APIs-guru/openapi-directory@f04b8d0bcd39c52e1cf3ad7a5fe744709832ae49	4138	enumeration.tsv.gz
array-item-pointer-walk-anyof	walk	APIs-guru/openapi-directory@f04b8d0bcd39c52e1cf3ad7a5fe744709832ae49	4138	enumeration.tsv.gz
array-item-pointer-walk-items	document	APIs/codat.io/accounting/2.1.0/openapi.yaml	census 8	enumeration.tsv.gz
array-item-pointer-walk-items	document	APIs/dnd5eapi.co/0.1/openapi.yaml	census 1	enumeration.tsv.gz
array-item-pointer-walk-items	document	APIs/linode.com/4.151.1/openapi.yaml	census 1	enumeration.tsv.gz
array-item-pointer-walk-items	walk	APIs-guru/openapi-directory@f04b8d0bcd39c52e1cf3ad7a5fe744709832ae49	4138	enumeration.tsv.gz
array-item-pointer-walk-properties	document	APIs/codat.io/accounting/2.1.0/openapi.yaml	census 8	enumeration.tsv.gz
array-item-pointer-walk-properties	document	APIs/dnd5eapi.co/0.1/openapi.yaml	census 1	enumeration.tsv.gz
array-item-pointer-walk-properties	document	APIs/linode.com/4.151.1/openapi.yaml	census 1	enumeration.tsv.gz
array-item-pointer-walk-properties	walk	APIs-guru/openapi-directory@f04b8d0bcd39c52e1cf3ad7a5fe744709832ae49	4138	enumeration.tsv.gz
enum-empty-identifier-member	candidate	APIs/atlassian.com/jira/1001.0.0-SNAPSHOT/openapi.yaml	census 1	probe.jsonl
enum-empty-identifier-member	candidate	APIs/exoapi.dev/1.0.0/openapi.yaml	census 4	probe.jsonl
enum-empty-identifier-member	candidate	APIs/telegram.org/5.0.0/openapi.yaml	census 3	probe.jsonl
enum-empty-identifier-member	candidate	APIs/useapi.net/1.0/openapi.yaml	census 5	probe.jsonl
enum-empty-identifier-member	candidate	APIs/zoom.us/2.0.0/openapi.yaml	census 12	probe.jsonl
enum-empty-identifier-member	document	APIs/atlassian.com/jira/1001.0.0-SNAPSHOT/openapi.yaml	census 1	enumeration.tsv.gz
enum-empty-identifier-member	document	APIs/exoapi.dev/1.0.0/openapi.yaml	census 4	enumeration.tsv.gz
enum-empty-identifier-member	document	APIs/telegram.org/5.0.0/openapi.yaml	census 3	enumeration.tsv.gz
enum-empty-identifier-member	document	APIs/useapi.net/1.0/openapi.yaml	census 5	enumeration.tsv.gz
enum-empty-identifier-member	document	APIs/zoom.us/2.0.0/openapi.yaml	census 12	enumeration.tsv.gz
enum-empty-identifier-member	screen	APIs/atlassian.com/jira/1001.0.0-SNAPSHOT/openapi.yaml fern	failed: Fern CLI 5.67.1 / python-sdk 5.20.0 fern check exit 1: Found 3 errors and 78 warnings in 0.002 seconds. Run fern check --warnings to print out the warnings not shown. First: Enum name  for value ~ is not suitable for code generation. It must start with a letter and only contain letters, numbers, and underscores. If your API is defined using OpenAPI, you can use the x-fern-enum extension to specify a valid name: https://buildwithfern.com/learn/api-defi	screens.jsonl
enum-empty-identifier-member	screen	APIs/atlassian.com/jira/1001.0.0-SNAPSHOT/openapi.yaml licence	passed	screens.jsonl
enum-empty-identifier-member	screen	APIs/atlassian.com/jira/1001.0.0-SNAPSHOT/openapi.yaml ref	passed	screens.jsonl
enum-empty-identifier-member	screen	APIs/exoapi.dev/1.0.0/openapi.yaml fern	failed: Fern CLI 5.67.1 / python-sdk 5.20.0 fern check exit 1: Found 4 errors and 0 warnings. First: Enum name  for value ' is not suitable for code generation. It must start with a letter and only contain letters, numbers, and underscores. If your API is defined using OpenAPI, you can use the x-fern-enum extension to specify a valid name: https://buildwithfern.com/learn/api-definitions/openapi/extensions/enum-descriptions-and-names	screens.jsonl
enum-empty-identifier-member	screen	APIs/exoapi.dev/1.0.0/openapi.yaml licence	passed	screens.jsonl
enum-empty-identifier-member	screen	APIs/exoapi.dev/1.0.0/openapi.yaml ref	passed	screens.jsonl
enum-empty-identifier-member	screen	APIs/telegram.org/5.0.0/openapi.yaml fern	failed: Fern CLI 5.67.1 / python-sdk 5.20.0 fern check exit 1: Found 5 errors and 0 warnings. First: Enum value 🎲 is not suitable for code generation. Add a "name" property that starts with a letter and contains only letters, numbers, and underscores. If your API is defined using OpenAPI, you can use the x-fern-enum extension to specify a valid name: https://buildwithfern.com/learn/api-definitions/openapi/extensions/enum-descriptions-and-names	screens.jsonl
enum-empty-identifier-member	screen	APIs/telegram.org/5.0.0/openapi.yaml licence	passed	screens.jsonl
enum-empty-identifier-member	screen	APIs/telegram.org/5.0.0/openapi.yaml ref	passed	screens.jsonl
enum-empty-identifier-member	screen	APIs/useapi.net/1.0/openapi.yaml fern	failed: Fern CLI 5.67.1 / python-sdk 5.20.0 fern check exit 1: Found 25 errors and 0 warnings. First: Enum value ⬅️ is not suitable for code generation. Add a "name" property that starts with a letter and contains only letters, numbers, and underscores. If your API is defined using OpenAPI, you can use the x-fern-enum extension to specify a valid name: https://buildwithfern.com/learn/api-definitions/openapi/extensions/enum-descriptions-and-names	screens.jsonl
enum-empty-identifier-member	screen	APIs/useapi.net/1.0/openapi.yaml licence	passed	screens.jsonl
enum-empty-identifier-member	screen	APIs/useapi.net/1.0/openapi.yaml ref	passed	screens.jsonl
enum-empty-identifier-member	screen	APIs/zoom.us/2.0.0/openapi.yaml fern	failed: Fern CLI 5.67.1 / python-sdk 5.20.0 fern check exit 1: Found 13 errors and 30 warnings in 0.006 seconds. Run fern check --warnings to print out the warnings not shown. First: Expected example to be a date. Example is: "string [date]"	screens.jsonl
enum-empty-identifier-member	screen	APIs/zoom.us/2.0.0/openapi.yaml licence	passed	screens.jsonl
enum-empty-identifier-member	screen	APIs/zoom.us/2.0.0/openapi.yaml ref	passed	screens.jsonl
enum-empty-identifier-member	walk	APIs-guru/openapi-directory@f04b8d0bcd39c52e1cf3ad7a5fe744709832ae49	4138	enumeration.tsv.gz
enum-leading-digit-identifier	candidate	APIs/climate.com/4.0.11/openapi.yaml	census 1	probe.jsonl
enum-leading-digit-identifier	candidate	APIs/drchrono.com/v4 (Hunt Valley)/openapi.yaml	census 3	probe.jsonl
enum-leading-digit-identifier	candidate	APIs/formapi.io/v1/openapi.yaml	census 1	probe.jsonl
enum-leading-digit-identifier	candidate	APIs/github.com/api.github.com.2022-11-28/1.1.4/openapi.yaml	census 1	probe.jsonl
enum-leading-digit-identifier	candidate	APIs/github.com/api.github.com/1.1.4/openapi.yaml	census 1	probe.jsonl
enum-leading-digit-identifier	candidate	APIs/github.com/ghec.2022-11-28/1.1.4/openapi.yaml	census 1	probe.jsonl
enum-leading-digit-identifier	candidate	APIs/github.com/ghec/1.1.4/openapi.yaml	census 1	probe.jsonl
enum-leading-digit-identifier	candidate	APIs/github.com/ghes-2.18/1.1.4/openapi.yaml	census 1	probe.jsonl
enum-leading-digit-identifier	candidate	APIs/github.com/ghes-2.19/1.1.4/openapi.yaml	census 1	probe.jsonl
enum-leading-digit-identifier	candidate	APIs/github.com/ghes-2.20/1.1.4/openapi.yaml	census 1	probe.jsonl
enum-leading-digit-identifier	candidate	APIs/github.com/ghes-2.21/1.1.4/openapi.yaml	census 1	probe.jsonl
enum-leading-digit-identifier	candidate	APIs/github.com/ghes-2.22/1.1.4/openapi.yaml	census 1	probe.jsonl
enum-leading-digit-identifier	candidate	APIs/github.com/ghes-3.0/1.1.4/openapi.yaml	census 1	probe.jsonl
enum-leading-digit-identifier	candidate	APIs/github.com/ghes-3.1/1.1.4/openapi.yaml	census 1	probe.jsonl
enum-leading-digit-identifier	candidate	APIs/github.com/ghes-3.2/1.1.4/openapi.yaml	census 1	probe.jsonl
enum-leading-digit-identifier	candidate	APIs/github.com/ghes-3.3/1.1.4/openapi.yaml	census 1	probe.jsonl
enum-leading-digit-identifier	candidate	APIs/github.com/ghes-3.4/1.1.4/openapi.yaml	census 1	probe.jsonl
enum-leading-digit-identifier	candidate	APIs/github.com/ghes-3.5/1.1.4/openapi.yaml	census 1	probe.jsonl
enum-leading-digit-identifier	candidate	APIs/github.com/ghes-3.6/1.1.4/openapi.yaml	census 1	probe.jsonl
enum-leading-digit-identifier	candidate	APIs/github.com/ghes-3.7/1.1.4/openapi.yaml	census 1	probe.jsonl
enum-leading-digit-identifier	candidate	APIs/github.com/ghes-3.8/1.1.4/openapi.yaml	census 1	probe.jsonl
enum-leading-digit-identifier	candidate	APIs/github.com/github.ae/1.1.4/openapi.yaml	census 1	probe.jsonl
enum-leading-digit-identifier	candidate	APIs/just-eat.co.uk/1.0.0/openapi.yaml	census 1	probe.jsonl
enum-leading-digit-identifier	candidate	APIs/openbanking.org.uk/v1.3/openapi.yaml	census 1	probe.jsonl
enum-leading-digit-identifier	candidate	APIs/rebilly.com/2.1/openapi.yaml	census 1	probe.jsonl
enum-leading-digit-identifier	candidate	APIs/storecove.com/2.0.1/openapi.yaml	census 0	probe.jsonl
enum-leading-digit-identifier	document	APIs/bungie.net/2.18.0/openapi.yaml	census 3	enumeration.tsv.gz
enum-leading-digit-identifier	document	APIs/climate.com/4.0.11/openapi.yaml	census 1	enumeration.tsv.gz
enum-leading-digit-identifier	document	APIs/drchrono.com/v4 (Hunt Valley)/openapi.yaml	census 3	enumeration.tsv.gz
enum-leading-digit-identifier	document	APIs/formapi.io/v1/openapi.yaml	census 1	enumeration.tsv.gz
enum-leading-digit-identifier	document	APIs/github.com/api.github.com.2022-11-28/1.1.4/openapi.yaml	census 1	enumeration.tsv.gz
enum-leading-digit-identifier	document	APIs/github.com/api.github.com/1.1.4/openapi.yaml	census 1	enumeration.tsv.gz
enum-leading-digit-identifier	document	APIs/github.com/ghec.2022-11-28/1.1.4/openapi.yaml	census 1	enumeration.tsv.gz
enum-leading-digit-identifier	document	APIs/github.com/ghec/1.1.4/openapi.yaml	census 1	enumeration.tsv.gz
enum-leading-digit-identifier	document	APIs/github.com/ghes-2.18/1.1.4/openapi.yaml	census 1	enumeration.tsv.gz
enum-leading-digit-identifier	document	APIs/github.com/ghes-2.19/1.1.4/openapi.yaml	census 1	enumeration.tsv.gz
enum-leading-digit-identifier	document	APIs/github.com/ghes-2.20/1.1.4/openapi.yaml	census 1	enumeration.tsv.gz
enum-leading-digit-identifier	document	APIs/github.com/ghes-2.21/1.1.4/openapi.yaml	census 1	enumeration.tsv.gz
enum-leading-digit-identifier	document	APIs/github.com/ghes-2.22/1.1.4/openapi.yaml	census 1	enumeration.tsv.gz
enum-leading-digit-identifier	document	APIs/github.com/ghes-3.0/1.1.4/openapi.yaml	census 1	enumeration.tsv.gz
enum-leading-digit-identifier	document	APIs/github.com/ghes-3.1/1.1.4/openapi.yaml	census 1	enumeration.tsv.gz
enum-leading-digit-identifier	document	APIs/github.com/ghes-3.2/1.1.4/openapi.yaml	census 1	enumeration.tsv.gz
enum-leading-digit-identifier	document	APIs/github.com/ghes-3.3/1.1.4/openapi.yaml	census 1	enumeration.tsv.gz
enum-leading-digit-identifier	document	APIs/github.com/ghes-3.4/1.1.4/openapi.yaml	census 1	enumeration.tsv.gz
enum-leading-digit-identifier	document	APIs/github.com/ghes-3.5/1.1.4/openapi.yaml	census 1	enumeration.tsv.gz
enum-leading-digit-identifier	document	APIs/github.com/ghes-3.6/1.1.4/openapi.yaml	census 1	enumeration.tsv.gz
enum-leading-digit-identifier	document	APIs/github.com/ghes-3.7/1.1.4/openapi.yaml	census 1	enumeration.tsv.gz
enum-leading-digit-identifier	document	APIs/github.com/ghes-3.8/1.1.4/openapi.yaml	census 1	enumeration.tsv.gz
enum-leading-digit-identifier	document	APIs/github.com/github.ae/1.1.4/openapi.yaml	census 1	enumeration.tsv.gz
enum-leading-digit-identifier	document	APIs/just-eat.co.uk/1.0.0/openapi.yaml	census 1	enumeration.tsv.gz
enum-leading-digit-identifier	document	APIs/openbanking.org.uk/v1.3/openapi.yaml	census 1	enumeration.tsv.gz
enum-leading-digit-identifier	document	APIs/rebilly.com/2.1/openapi.yaml	census 1	enumeration.tsv.gz
enum-leading-digit-identifier	screen	APIs/climate.com/4.0.11/openapi.yaml fern	failed: Fern CLI 5.67.1 / python-sdk 5.20.0 fern check exit 1: Found 3 errors and 2 warnings in 0.001 seconds. Run fern check --warnings to print out the warnings not shown. First: Enum name 307Af7 for value #307af7 is not suitable for code generation. It must start with a letter and only contain letters, numbers, and underscores. If your API is defined using OpenAPI, you can use the x-fern-enum extension to specify a valid name: https://buildwithfern.com/lea	screens.jsonl
enum-leading-digit-identifier	screen	APIs/climate.com/4.0.11/openapi.yaml licence	passed	screens.jsonl
enum-leading-digit-identifier	screen	APIs/climate.com/4.0.11/openapi.yaml ref	passed	screens.jsonl
enum-leading-digit-identifier	screen	APIs/drchrono.com/v4 (Hunt Valley)/openapi.yaml fern	failed: Fern CLI 5.67.1 / python-sdk 5.20.0 fern check exit 1: Found 54 errors and 0 warnings. First: Enum value 449868002 is not suitable for code generation. Add a "name" property that starts with a letter and contains only letters, numbers, and underscores. If your API is defined using OpenAPI, you can use the x-fern-enum extension to specify a valid name: https://buildwithfern.com/learn/api-definitions/openapi/extensions/enum-descriptions-and-names	screens.jsonl
enum-leading-digit-identifier	screen	APIs/drchrono.com/v4 (Hunt Valley)/openapi.yaml licence	passed	screens.jsonl
enum-leading-digit-identifier	screen	APIs/drchrono.com/v4 (Hunt Valley)/openapi.yaml ref	passed	screens.jsonl
enum-leading-digit-identifier	screen	APIs/formapi.io/v1/openapi.yaml fern	failed: Fern CLI 5.67.1 / python-sdk 5.20.0 fern check exit 1: Found 5 errors and 2 warnings in 0.004 seconds. Run fern check --warnings to print out the warnings not shown. First: Enum name 10003 for value &#10003, is not suitable for code generation. It must start with a letter and only contain letters, numbers, and underscores. If your API is defined using OpenAPI, you can use the x-fern-enum extension to specify a valid name: https://buildwithfern.com/lea	screens.jsonl
enum-leading-digit-identifier	screen	APIs/formapi.io/v1/openapi.yaml licence	passed	screens.jsonl
enum-leading-digit-identifier	screen	APIs/formapi.io/v1/openapi.yaml ref	passed	screens.jsonl
enum-leading-digit-identifier	screen	APIs/github.com/api.github.com.2022-11-28/1.1.4/openapi.yaml fern	failed: Fern CLI 5.67.1 / python-sdk 5.20.0 fern check exit 1: Found 29 errors and 78 warnings in 0.003 seconds. Run fern check --warnings to print out the warnings not shown. First: IntegrationPermissions is already declared in apps.yml	screens.jsonl
enum-leading-digit-identifier	screen	APIs/github.com/api.github.com.2022-11-28/1.1.4/openapi.yaml licence	passed	screens.jsonl
enum-leading-digit-identifier	screen	APIs/github.com/api.github.com.2022-11-28/1.1.4/openapi.yaml ref	passed	screens.jsonl
enum-leading-digit-identifier	screen	APIs/github.com/api.github.com/1.1.4/openapi.yaml fern	failed: Fern CLI 5.67.1 / python-sdk 5.20.0 fern check exit 1: Found 29 errors and 78 warnings in 0.008 seconds. Run fern check --warnings to print out the warnings not shown. First: IntegrationPermissions is already declared in apps.yml	screens.jsonl
enum-leading-digit-identifier	screen	APIs/github.com/api.github.com/1.1.4/openapi.yaml licence	passed	screens.jsonl
enum-leading-digit-identifier	screen	APIs/github.com/api.github.com/1.1.4/openapi.yaml ref	passed	screens.jsonl
enum-leading-digit-identifier	screen	APIs/github.com/ghec.2022-11-28/1.1.4/openapi.yaml fern	failed: Fern CLI 5.67.1 / python-sdk 5.20.0 fern check exit 1: Found 29 errors and 83 warnings in 0.011 seconds. Run fern check --warnings to print out the warnings not shown. First: IntegrationPermissions is already declared in apps.yml	screens.jsonl
enum-leading-digit-identifier	screen	APIs/github.com/ghec.2022-11-28/1.1.4/openapi.yaml licence	passed	screens.jsonl
enum-leading-digit-identifier	screen	APIs/github.com/ghec.2022-11-28/1.1.4/openapi.yaml ref	passed	screens.jsonl
enum-leading-digit-identifier	screen	APIs/github.com/ghec/1.1.4/openapi.yaml fern	failed: Fern CLI 5.67.1 / python-sdk 5.20.0 fern check exit 1: Found 29 errors and 83 warnings in 0.012 seconds. Run fern check --warnings to print out the warnings not shown. First: IntegrationPermissions is already declared in apps.yml	screens.jsonl
enum-leading-digit-identifier	screen	APIs/github.com/ghec/1.1.4/openapi.yaml licence	passed	screens.jsonl
enum-leading-digit-identifier	screen	APIs/github.com/ghec/1.1.4/openapi.yaml ref	passed	screens.jsonl
enum-leading-digit-identifier	screen	APIs/github.com/ghes-2.18/1.1.4/openapi.yaml fern	failed: Fern CLI 5.67.1 / python-sdk 5.20.0 fern check exit 1: Found 19 errors and 47 warnings in 0.004 seconds. Run fern check --warnings to print out the warnings not shown. First: IntegrationPermissions is already declared in apps.yml	screens.jsonl
enum-leading-digit-identifier	screen	APIs/github.com/ghes-2.18/1.1.4/openapi.yaml licence	passed	screens.jsonl
enum-leading-digit-identifier	screen	APIs/github.com/ghes-2.18/1.1.4/openapi.yaml ref	passed	screens.jsonl
enum-leading-digit-identifier	screen	APIs/github.com/ghes-2.19/1.1.4/openapi.yaml fern	failed: Fern CLI 5.67.1 / python-sdk 5.20.0 fern check exit 1: Found 19 errors and 47 warnings in 0.005 seconds. Run fern check --warnings to print out the warnings not shown. First: IntegrationPermissions is already declared in apps.yml	screens.jsonl
enum-leading-digit-identifier	screen	APIs/github.com/ghes-2.19/1.1.4/openapi.yaml licence	passed	screens.jsonl
enum-leading-digit-identifier	screen	APIs/github.com/ghes-2.19/1.1.4/openapi.yaml ref	passed	screens.jsonl
enum-leading-digit-identifier	screen	APIs/github.com/ghes-2.20/1.1.4/openapi.yaml fern	failed: Fern CLI 5.67.1 / python-sdk 5.20.0 fern check exit 1: Found 19 errors and 50 warnings in 0.005 seconds. Run fern check --warnings to print out the warnings not shown. First: IntegrationPermissions is already declared in apps.yml	screens.jsonl
enum-leading-digit-identifier	screen	APIs/github.com/ghes-2.20/1.1.4/openapi.yaml licence	passed	screens.jsonl
enum-leading-digit-identifier	screen	APIs/github.com/ghes-2.20/1.1.4/openapi.yaml ref	passed	screens.jsonl
enum-leading-digit-identifier	screen	APIs/github.com/ghes-2.21/1.1.4/openapi.yaml fern	failed: Fern CLI 5.67.1 / python-sdk 5.20.0 fern check exit 1: Found 23 errors and 50 warnings in 0.005 seconds. Run fern check --warnings to print out the warnings not shown. First: IntegrationPermissions is already declared in apps.yml	screens.jsonl
enum-leading-digit-identifier	screen	APIs/github.com/ghes-2.21/1.1.4/openapi.yaml licence	passed	screens.jsonl
enum-leading-digit-identifier	screen	APIs/github.com/ghes-2.21/1.1.4/openapi.yaml ref	passed	screens.jsonl
enum-leading-digit-identifier	screen	APIs/github.com/ghes-2.22/1.1.4/openapi.yaml fern	failed: Fern CLI 5.67.1 / python-sdk 5.20.0 fern check exit 1: Found 23 errors and 60 warnings in 0.006 seconds. Run fern check --warnings to print out the warnings not shown. First: IntegrationPermissions is already declared in apps.yml	screens.jsonl
enum-leading-digit-identifier	screen	APIs/github.com/ghes-2.22/1.1.4/openapi.yaml licence	passed	screens.jsonl
enum-leading-digit-identifier	screen	APIs/github.com/ghes-2.22/1.1.4/openapi.yaml ref	passed	screens.jsonl
enum-leading-digit-identifier	screen	APIs/github.com/ghes-3.0/1.1.4/openapi.yaml fern	failed: Fern CLI 5.67.1 / python-sdk 5.20.0 fern check exit 1: Found 23 errors and 60 warnings in 0.003 seconds. Run fern check --warnings to print out the warnings not shown. First: IntegrationPermissions is already declared in apps.yml	screens.jsonl
enum-leading-digit-identifier	screen	APIs/github.com/ghes-3.0/1.1.4/openapi.yaml licence	passed	screens.jsonl
enum-leading-digit-identifier	screen	APIs/github.com/ghes-3.0/1.1.4/openapi.yaml ref	passed	screens.jsonl
enum-leading-digit-identifier	screen	APIs/github.com/ghes-3.1/1.1.4/openapi.yaml fern	failed: Fern CLI 5.67.1 / python-sdk 5.20.0 fern check exit 1: Found 24 errors and 60 warnings in 0.008 seconds. Run fern check --warnings to print out the warnings not shown. First: IntegrationPermissions is already declared in apps.yml	screens.jsonl
enum-leading-digit-identifier	screen	APIs/github.com/ghes-3.1/1.1.4/openapi.yaml licence	passed	screens.jsonl
enum-leading-digit-identifier	screen	APIs/github.com/ghes-3.1/1.1.4/openapi.yaml ref	passed	screens.jsonl
enum-leading-digit-identifier	screen	APIs/github.com/ghes-3.2/1.1.4/openapi.yaml fern	failed: Fern CLI 5.67.1 / python-sdk 5.20.0 fern check exit 1: Found 26 errors and 63 warnings in 0.005 seconds. Run fern check --warnings to print out the warnings not shown. First: IntegrationPermissions is already declared in apps.yml	screens.jsonl
enum-leading-digit-identifier	screen	APIs/github.com/ghes-3.2/1.1.4/openapi.yaml licence	passed	screens.jsonl
enum-leading-digit-identifier	screen	APIs/github.com/ghes-3.2/1.1.4/openapi.yaml ref	passed	screens.jsonl
enum-leading-digit-identifier	screen	APIs/github.com/ghes-3.3/1.1.4/openapi.yaml fern	failed: Fern CLI 5.67.1 / python-sdk 5.20.0 fern check exit 1: Found 26 errors and 65 warnings in 0.004 seconds. Run fern check --warnings to print out the warnings not shown. First: IntegrationPermissions is already declared in apps.yml	screens.jsonl
enum-leading-digit-identifier	screen	APIs/github.com/ghes-3.3/1.1.4/openapi.yaml licence	passed	screens.jsonl
enum-leading-digit-identifier	screen	APIs/github.com/ghes-3.3/1.1.4/openapi.yaml ref	passed	screens.jsonl
enum-leading-digit-identifier	screen	APIs/github.com/ghes-3.4/1.1.4/openapi.yaml fern	failed: Fern CLI 5.67.1 / python-sdk 5.20.0 fern check exit 1: Found 26 errors and 69 warnings in 0.005 seconds. Run fern check --warnings to print out the warnings not shown. First: IntegrationPermissions is already declared in apps.yml	screens.jsonl
enum-leading-digit-identifier	screen	APIs/github.com/ghes-3.4/1.1.4/openapi.yaml licence	passed	screens.jsonl
enum-leading-digit-identifier	screen	APIs/github.com/ghes-3.4/1.1.4/openapi.yaml ref	passed	screens.jsonl
enum-leading-digit-identifier	screen	APIs/github.com/ghes-3.5/1.1.4/openapi.yaml fern	failed: Fern CLI 5.67.1 / python-sdk 5.20.0 fern check exit 1: Found 26 errors and 69 warnings in 0.006 seconds. Run fern check --warnings to print out the warnings not shown. First: IntegrationPermissions is already declared in apps.yml	screens.jsonl
enum-leading-digit-identifier	screen	APIs/github.com/ghes-3.5/1.1.4/openapi.yaml licence	passed	screens.jsonl
enum-leading-digit-identifier	screen	APIs/github.com/ghes-3.5/1.1.4/openapi.yaml ref	passed	screens.jsonl
enum-leading-digit-identifier	screen	APIs/github.com/ghes-3.6/1.1.4/openapi.yaml fern	failed: Fern CLI 5.67.1 / python-sdk 5.20.0 fern check exit 1: Found 26 errors and 69 warnings in 0.004 seconds. Run fern check --warnings to print out the warnings not shown. First: IntegrationPermissions is already declared in apps.yml	screens.jsonl
enum-leading-digit-identifier	screen	APIs/github.com/ghes-3.6/1.1.4/openapi.yaml licence	passed	screens.jsonl
enum-leading-digit-identifier	screen	APIs/github.com/ghes-3.6/1.1.4/openapi.yaml ref	passed	screens.jsonl
enum-leading-digit-identifier	screen	APIs/github.com/ghes-3.7/1.1.4/openapi.yaml fern	failed: Fern CLI 5.67.1 / python-sdk 5.20.0 fern check exit 1: Found 26 errors and 71 warnings in 0.005 seconds. Run fern check --warnings to print out the warnings not shown. First: IntegrationPermissions is already declared in apps.yml	screens.jsonl
enum-leading-digit-identifier	screen	APIs/github.com/ghes-3.7/1.1.4/openapi.yaml licence	passed	screens.jsonl
enum-leading-digit-identifier	screen	APIs/github.com/ghes-3.7/1.1.4/openapi.yaml ref	passed	screens.jsonl
enum-leading-digit-identifier	screen	APIs/github.com/ghes-3.8/1.1.4/openapi.yaml fern	failed: Fern CLI 5.67.1 / python-sdk 5.20.0 fern check exit 1: Found 29 errors and 75 warnings in 0.005 seconds. Run fern check --warnings to print out the warnings not shown. First: IntegrationPermissions is already declared in apps.yml	screens.jsonl
enum-leading-digit-identifier	screen	APIs/github.com/ghes-3.8/1.1.4/openapi.yaml licence	passed	screens.jsonl
enum-leading-digit-identifier	screen	APIs/github.com/ghes-3.8/1.1.4/openapi.yaml ref	passed	screens.jsonl
enum-leading-digit-identifier	screen	APIs/github.com/github.ae/1.1.4/openapi.yaml fern	failed: Fern CLI 5.67.1 / python-sdk 5.20.0 fern check exit 1: Found 22 errors and 60 warnings in 0.004 seconds. Run fern check --warnings to print out the warnings not shown. First: IntegrationPermissions is already declared in apps.yml	screens.jsonl
enum-leading-digit-identifier	screen	APIs/github.com/github.ae/1.1.4/openapi.yaml licence	passed	screens.jsonl
enum-leading-digit-identifier	screen	APIs/github.com/github.ae/1.1.4/openapi.yaml ref	passed	screens.jsonl
enum-leading-digit-identifier	screen	APIs/just-eat.co.uk/1.0.0/openapi.yaml fern	failed: Fern CLI 5.67.1 / python-sdk 5.20.0 fern check exit 1: Found 212 errors and 11 warnings in 0.022 seconds. Run fern check --warnings to print out the warnings not shown. First: Unexpected property "errors"	screens.jsonl
enum-leading-digit-identifier	screen	APIs/just-eat.co.uk/1.0.0/openapi.yaml licence	passed	screens.jsonl
enum-leading-digit-identifier	screen	APIs/just-eat.co.uk/1.0.0/openapi.yaml ref	passed	screens.jsonl
enum-leading-digit-identifier	screen	APIs/openbanking.org.uk/v1.3/openapi.yaml fern	failed: Fern CLI 5.67.1 / python-sdk 5.20.0 fern check exit 1: Found 10 errors and 0 warnings. First: Enum name 5 for value £5 is not suitable for code generation. It must start with a letter and only contain letters, numbers, and underscores. If your API is defined using OpenAPI, you can use the x-fern-enum extension to specify a valid name: https://buildwithfern.com/learn/api-definitions/openapi/extensions/enum-descriptions-and-names	screens.jsonl
enum-leading-digit-identifier	screen	APIs/openbanking.org.uk/v1.3/openapi.yaml licence	passed	screens.jsonl
enum-leading-digit-identifier	screen	APIs/openbanking.org.uk/v1.3/openapi.yaml ref	passed	screens.jsonl
enum-leading-digit-identifier	screen	APIs/rebilly.com/2.1/openapi.yaml fern	failed: Fern CLI 5.67.1 / python-sdk 5.20.0 fern check exit 1: Found 30 errors and 0 warnings. First: Enum value 99999 is not suitable for code generation. Add a "name" property that starts with a letter and contains only letters, numbers, and underscores. If your API is defined using OpenAPI, you can use the x-fern-enum extension to specify a valid name: https://buildwithfern.com/learn/api-definitions/openapi/extensions/enum-descriptions-and-names	screens.jsonl
enum-leading-digit-identifier	screen	APIs/rebilly.com/2.1/openapi.yaml licence	failed: the document's info.license names Rebilly's own API licence (https://www.rebilly.com/api-license/), which overrides the aggregation's CC0 for the description and is no grant the corpus admits	screens.jsonl
enum-leading-digit-identifier	screen	APIs/rebilly.com/2.1/openapi.yaml ref	passed	screens.jsonl
enum-leading-digit-identifier	screen	APIs/storecove.com/2.0.1/openapi.yaml fern	failed: Fern CLI 5.67.1 / python-sdk 5.20.0 check reports 3 errors, e.g. Multiple request properties have the name legal_entity_id. This is not suitable for code generation. Use the "name" property (or "x-fern-parameter-name" in Open	screens.jsonl
enum-leading-digit-identifier	screen	APIs/storecove.com/2.0.1/openapi.yaml licence	passed	screens.jsonl
enum-leading-digit-identifier	screen	APIs/storecove.com/2.0.1/openapi.yaml ref	passed	screens.jsonl
enum-leading-digit-identifier	walk	APIs-guru/openapi-directory@f04b8d0bcd39c52e1cf3ad7a5fe744709832ae49	4138	enumeration.tsv.gz
enum-leading-zero-member	candidate	APIs/amazonaws.com/medialive/2017-10-14/openapi.yaml	census 1 — its probe of build 4828cc2b93f0 in probe.jsonl reaches no unreached site	probe.jsonl
enum-leading-zero-member	candidate	APIs/googleapis.com/dfareporting/v4/openapi.yaml	census 1 — its probe of build 4828cc2b93f0 in probe.jsonl reaches no unreached site	probe.jsonl
enum-leading-zero-member	candidate	APIs/googleapis.com/monitoring/v1/openapi.yaml	census 2 — its probe of build 4828cc2b93f0 in probe.jsonl reaches no unreached site	probe.jsonl
enum-leading-zero-member	document	APIs/adyen.com/CheckoutService-v71/71/openapi.yaml	census 20	enumeration.tsv.gz
enum-leading-zero-member	document	APIs/adyen.com/CheckoutService/37/openapi.yaml	census 1	enumeration.tsv.gz
enum-leading-zero-member	document	APIs/adyen.com/CheckoutService/40/openapi.yaml	census 1	enumeration.tsv.gz
enum-leading-zero-member	document	APIs/adyen.com/CheckoutService/41/openapi.yaml	census 1	enumeration.tsv.gz
enum-leading-zero-member	document	APIs/adyen.com/CheckoutService/46/openapi.yaml	census 1	enumeration.tsv.gz
enum-leading-zero-member	document	APIs/adyen.com/CheckoutService/49/openapi.yaml	census 1	enumeration.tsv.gz
enum-leading-zero-member	document	APIs/adyen.com/CheckoutService/50/openapi.yaml	census 1	enumeration.tsv.gz
enum-leading-zero-member	document	APIs/adyen.com/CheckoutService/51/openapi.yaml	census 1	enumeration.tsv.gz
enum-leading-zero-member	document	APIs/adyen.com/CheckoutService/52/openapi.yaml	census 1	enumeration.tsv.gz
enum-leading-zero-member	document	APIs/adyen.com/CheckoutService/53/openapi.yaml	census 1	enumeration.tsv.gz
enum-leading-zero-member	document	APIs/adyen.com/CheckoutService/64/openapi.yaml	census 1	enumeration.tsv.gz
enum-leading-zero-member	document	APIs/adyen.com/CheckoutService/65/openapi.yaml	census 1	enumeration.tsv.gz
enum-leading-zero-member	document	APIs/adyen.com/CheckoutService/66/openapi.yaml	census 1	enumeration.tsv.gz
enum-leading-zero-member	document	APIs/adyen.com/CheckoutService/67/openapi.yaml	census 3	enumeration.tsv.gz
enum-leading-zero-member	document	APIs/adyen.com/CheckoutService/68/openapi.yaml	census 19	enumeration.tsv.gz
enum-leading-zero-member	document	APIs/adyen.com/CheckoutService/69/openapi.yaml	census 20	enumeration.tsv.gz
enum-leading-zero-member	document	APIs/adyen.com/CheckoutService/70/openapi.yaml	census 20	enumeration.tsv.gz
enum-leading-zero-member	document	APIs/adyen.com/PaymentService/25/openapi.yaml	census 1	enumeration.tsv.gz
enum-leading-zero-member	document	APIs/adyen.com/PaymentService/30/openapi.yaml	census 1	enumeration.tsv.gz
enum-leading-zero-member	document	APIs/adyen.com/PaymentService/40/openapi.yaml	census 1	enumeration.tsv.gz
enum-leading-zero-member	document	APIs/adyen.com/PaymentService/46/openapi.yaml	census 1	enumeration.tsv.gz
enum-leading-zero-member	document	APIs/adyen.com/PaymentService/49/openapi.yaml	census 1	enumeration.tsv.gz
enum-leading-zero-member	document	APIs/adyen.com/PaymentService/50/openapi.yaml	census 1	enumeration.tsv.gz
enum-leading-zero-member	document	APIs/adyen.com/PaymentService/51/openapi.yaml	census 1	enumeration.tsv.gz
enum-leading-zero-member	document	APIs/adyen.com/PaymentService/52/openapi.yaml	census 1	enumeration.tsv.gz
enum-leading-zero-member	document	APIs/adyen.com/PaymentService/64/openapi.yaml	census 1	enumeration.tsv.gz
enum-leading-zero-member	document	APIs/adyen.com/PaymentService/67/openapi.yaml	census 3	enumeration.tsv.gz
enum-leading-zero-member	document	APIs/adyen.com/PaymentService/68/openapi.yaml	census 16	enumeration.tsv.gz
enum-leading-zero-member	document	APIs/amazonaws.com/autoscaling/2011-01-01/openapi.yaml	census 130	enumeration.tsv.gz
enum-leading-zero-member	document	APIs/amazonaws.com/cloudformation/2010-05-15/openapi.yaml	census 140	enumeration.tsv.gz
enum-leading-zero-member	document	APIs/amazonaws.com/cloudsearch/2011-02-01/openapi.yaml	census 44	enumeration.tsv.gz
enum-leading-zero-member	document	APIs/amazonaws.com/cloudsearch/2013-01-01/openapi.yaml	census 53	enumeration.tsv.gz
enum-leading-zero-member	document	APIs/amazonaws.com/discovery/2015-11-01/openapi.yaml	census 25	enumeration.tsv.gz
enum-leading-zero-member	document	APIs/amazonaws.com/elasticache/2015-02-02/openapi.yaml	census 130	enumeration.tsv.gz
enum-leading-zero-member	document	APIs/amazonaws.com/elasticbeanstalk/2010-12-01/openapi.yaml	census 94	enumeration.tsv.gz
enum-leading-zero-member	document	APIs/amazonaws.com/elasticloadbalancing/2012-06-01/openapi.yaml	census 58	enumeration.tsv.gz
enum-leading-zero-member	document	APIs/amazonaws.com/elasticloadbalancingv2/2015-12-01/openapi.yaml	census 68	enumeration.tsv.gz
enum-leading-zero-member	document	APIs/amazonaws.com/email/2010-12-01/openapi.yaml	census 142	enumeration.tsv.gz
enum-leading-zero-member	document	APIs/amazonaws.com/es/2015-01-01/openapi.yaml	census 1	enumeration.tsv.gz
enum-leading-zero-member	document	APIs/amazonaws.com/glue/2017-03-31/openapi.yaml	census 1	enumeration.tsv.gz
enum-leading-zero-member	document	APIs/amazonaws.com/iam/2010-05-08/openapi.yaml	census 318	enumeration.tsv.gz
enum-leading-zero-member	document	APIs/amazonaws.com/importexport/2010-06-01/openapi.yaml	census 12	enumeration.tsv.gz
enum-leading-zero-member	document	APIs/amazonaws.com/medialive/2017-10-14/openapi.yaml	census 1	enumeration.tsv.gz
enum-leading-zero-member	document	APIs/amazonaws.com/monitoring/2010-08-01/openapi.yaml	census 76	enumeration.tsv.gz
enum-leading-zero-member	document	APIs/amazonaws.com/opensearch/2021-01-01/openapi.yaml	census 1	enumeration.tsv.gz
enum-leading-zero-member	document	APIs/amazonaws.com/opsworkscm/2016-11-01/openapi.yaml	census 19	enumeration.tsv.gz
enum-leading-zero-member	document	APIs/amazonaws.com/rds/2013-01-10/openapi.yaml	census 100	enumeration.tsv.gz
enum-leading-zero-member	document	APIs/amazonaws.com/rds/2013-02-12/openapi.yaml	census 104	enumeration.tsv.gz
enum-leading-zero-member	document	APIs/amazonaws.com/rds/2013-09-09/openapi.yaml	census 104	enumeration.tsv.gz
enum-leading-zero-member	document	APIs/amazonaws.com/rds/2014-09-01/openapi.yaml	census 108	enumeration.tsv.gz
enum-leading-zero-member	document	APIs/amazonaws.com/redshift/2012-12-01/openapi.yaml	census 246	enumeration.tsv.gz
enum-leading-zero-member	document	APIs/amazonaws.com/sdb/2009-04-15/openapi.yaml	census 20	enumeration.tsv.gz
enum-leading-zero-member	document	APIs/amazonaws.com/sns/2010-03-31/openapi.yaml	census 84	enumeration.tsv.gz
enum-leading-zero-member	document	APIs/amazonaws.com/sqs/2012-11-05/openapi.yaml	census 46	enumeration.tsv.gz
enum-leading-zero-member	document	APIs/amazonaws.com/sts/2011-06-15/openapi.yaml	census 16	enumeration.tsv.gz
enum-leading-zero-member	document	APIs/apptigent.com/2021.1.01/openapi.yaml	census 2	enumeration.tsv.gz
enum-leading-zero-member	document	APIs/drchrono.com/v4 (Hunt Valley)/openapi.yaml	census 5	enumeration.tsv.gz
enum-leading-zero-member	document	APIs/github.com/api.github.com.2022-11-28/1.1.4/openapi.yaml	census 1	enumeration.tsv.gz
enum-leading-zero-member	document	APIs/github.com/api.github.com/1.1.4/openapi.yaml	census 1	enumeration.tsv.gz
enum-leading-zero-member	document	APIs/github.com/ghec.2022-11-28/1.1.4/openapi.yaml	census 1	enumeration.tsv.gz
enum-leading-zero-member	document	APIs/github.com/ghec/1.1.4/openapi.yaml	census 1	enumeration.tsv.gz
enum-leading-zero-member	document	APIs/github.com/ghes-2.18/1.1.4/openapi.yaml	census 1	enumeration.tsv.gz
enum-leading-zero-member	document	APIs/github.com/ghes-2.19/1.1.4/openapi.yaml	census 1	enumeration.tsv.gz
enum-leading-zero-member	document	APIs/github.com/ghes-2.20/1.1.4/openapi.yaml	census 1	enumeration.tsv.gz
enum-leading-zero-member	document	APIs/github.com/ghes-2.21/1.1.4/openapi.yaml	census 1	enumeration.tsv.gz
enum-leading-zero-member	document	APIs/github.com/ghes-2.22/1.1.4/openapi.yaml	census 1	enumeration.tsv.gz
enum-leading-zero-member	document	APIs/github.com/ghes-3.0/1.1.4/openapi.yaml	census 1	enumeration.tsv.gz
enum-leading-zero-member	document	APIs/github.com/ghes-3.1/1.1.4/openapi.yaml	census 1	enumeration.tsv.gz
enum-leading-zero-member	document	APIs/github.com/ghes-3.2/1.1.4/openapi.yaml	census 1	enumeration.tsv.gz
enum-leading-zero-member	document	APIs/github.com/ghes-3.3/1.1.4/openapi.yaml	census 1	enumeration.tsv.gz
enum-leading-zero-member	document	APIs/github.com/ghes-3.4/1.1.4/openapi.yaml	census 1	enumeration.tsv.gz
enum-leading-zero-member	document	APIs/github.com/ghes-3.5/1.1.4/openapi.yaml	census 1	enumeration.tsv.gz
enum-leading-zero-member	document	APIs/github.com/ghes-3.6/1.1.4/openapi.yaml	census 1	enumeration.tsv.gz
enum-leading-zero-member	document	APIs/github.com/ghes-3.7/1.1.4/openapi.yaml	census 1	enumeration.tsv.gz
enum-leading-zero-member	document	APIs/github.com/ghes-3.8/1.1.4/openapi.yaml	census 1	enumeration.tsv.gz
enum-leading-zero-member	document	APIs/github.com/github.ae/1.1.4/openapi.yaml	census 1	enumeration.tsv.gz
enum-leading-zero-member	document	APIs/googleapis.com/aiplatform/v1/openapi.yaml	census 4	enumeration.tsv.gz
enum-leading-zero-member	document	APIs/googleapis.com/aiplatform/v1beta1/openapi.yaml	census 4	enumeration.tsv.gz
enum-leading-zero-member	document	APIs/googleapis.com/contentwarehouse/v1/openapi.yaml	census 11	enumeration.tsv.gz
enum-leading-zero-member	document	APIs/googleapis.com/dfareporting/v3.3/openapi.yaml	census 1	enumeration.tsv.gz
enum-leading-zero-member	document	APIs/googleapis.com/dfareporting/v3.4/openapi.yaml	census 1	enumeration.tsv.gz
enum-leading-zero-member	document	APIs/googleapis.com/dfareporting/v4/openapi.yaml	census 1	enumeration.tsv.gz
enum-leading-zero-member	document	APIs/googleapis.com/monitoring/v1/openapi.yaml	census 2	enumeration.tsv.gz
enum-leading-zero-member	document	APIs/googleapis.com/monitoring/v3/openapi.yaml	census 6	enumeration.tsv.gz
enum-leading-zero-member	document	APIs/gov.bc.ca/jobposting/1.0.0/openapi.yaml	census 1	enumeration.tsv.gz
enum-leading-zero-member	document	APIs/meraki.com/1.32.0/openapi.yaml	census 3	enumeration.tsv.gz
enum-leading-zero-member	document	APIs/netbox.dev/3.4/openapi.yaml	census 3	enumeration.tsv.gz
enum-leading-zero-member	document	APIs/netboxdemo.com/2.8/openapi.yaml	census 2	enumeration.tsv.gz
enum-leading-zero-member	document	APIs/openbankingproject.ch/1.3.8_2020-12-14 - Swiss edition 1.3.8.1-CH/openapi.yaml	census 1	enumeration.tsv.gz
enum-leading-zero-member	document	APIs/rebilly.com/2.1/openapi.yaml	census 3	enumeration.tsv.gz
enum-leading-zero-member	document	APIs/storecove.com/2.0.1/openapi.yaml	census 2	enumeration.tsv.gz
enum-leading-zero-member	document	APIs/stripe.com/2022-11-15/openapi.yaml	census 1	enumeration.tsv.gz
enum-leading-zero-member	document	APIs/superset.apache.local/superset/v1/openapi.yaml	census 2	enumeration.tsv.gz
enum-leading-zero-member	document	APIs/telnyx.com/2.0.0/openapi.yaml	census 3	enumeration.tsv.gz
enum-leading-zero-member	document	APIs/vercel.com/0.0.1/openapi.yaml	census 1	enumeration.tsv.gz
enum-leading-zero-member	document	APIs/zuora.com/2021-08-20/openapi.yaml	census 3	enumeration.tsv.gz
enum-leading-zero-member	screen	APIs/amazonaws.com/medialive/2017-10-14/openapi.yaml fern	failed: Fern CLI 5.67.1 / python-sdk 5.20.0 check reports 47 errors, e.g. BatchDeleteRequest is already declared in this file	screens.jsonl
enum-leading-zero-member	screen	APIs/amazonaws.com/medialive/2017-10-14/openapi.yaml licence	passed	screens.jsonl
enum-leading-zero-member	screen	APIs/amazonaws.com/medialive/2017-10-14/openapi.yaml ref	passed	screens.jsonl
enum-leading-zero-member	screen	APIs/googleapis.com/dfareporting/v4/openapi.yaml fern	passed	screens.jsonl
enum-leading-zero-member	screen	APIs/googleapis.com/dfareporting/v4/openapi.yaml licence	passed	screens.jsonl
enum-leading-zero-member	screen	APIs/googleapis.com/dfareporting/v4/openapi.yaml ref	passed	screens.jsonl
enum-leading-zero-member	screen	APIs/googleapis.com/monitoring/v1/openapi.yaml fern	passed	screens.jsonl
enum-leading-zero-member	screen	APIs/googleapis.com/monitoring/v1/openapi.yaml licence	passed	screens.jsonl
enum-leading-zero-member	screen	APIs/googleapis.com/monitoring/v1/openapi.yaml ref	passed	screens.jsonl
enum-leading-zero-member	walk	APIs-guru/openapi-directory@f04b8d0bcd39c52e1cf3ad7a5fe744709832ae49	4138	enumeration.tsv.gz
example	document	APIs/1password.com/events/1.2.0/openapi.yaml	census 23	enumeration.tsv.gz
example	document	APIs/1password.local/connect/1.5.7/openapi.yaml	census 15	enumeration.tsv.gz
example	document	APIs/ably.io/platform/1.1.0/openapi.yaml	census 2	enumeration.tsv.gz
example	document	APIs/ably.net/control/1.0.14/openapi.yaml	census 197	enumeration.tsv.gz
example	document	APIs/ably.net/control/v1/openapi.yaml	census 3	enumeration.tsv.gz
example	document	APIs/abstractapi.com/geolocation/1.0.0/openapi.yaml	census 2	enumeration.tsv.gz
example	document	APIs/airbyte.local/config/1.0.0/openapi.yaml	census 12	enumeration.tsv.gz
example	document	APIs/alertersystem.com/1.7.0/openapi.yaml	census 95	enumeration.tsv.gz
example	document	APIs/amadeus.com/2.2.0/openapi.yaml	census 114	enumeration.tsv.gz
example	document	APIs/amadeus.com/amadeus-flight-price-analysis/1.0.1/openapi.yaml	census 2	enumeration.tsv.gz
example	document	APIs/amadeus.com/amadeus-location-score/1.0.2/openapi.yaml	census 3	enumeration.tsv.gz
example	document	APIs/amadeus.com/amadeus-travel-recommendations/1.0.3/openapi.yaml	census 4	enumeration.tsv.gz
example	document	APIs/amadeus.com/amadeus-trip-parser/3.0.1/openapi.yaml	census 48	enumeration.tsv.gz
example	document	APIs/amazonaws.com/appconfig/2019-10-09/openapi.yaml	census 14	enumeration.tsv.gz
example	document	APIs/amazonaws.com/application-autoscaling/2016-02-06/openapi.yaml	census 13	enumeration.tsv.gz
example	document	APIs/amazonaws.com/autoscaling/2011-01-01/openapi.yaml	census 28	enumeration.tsv.gz
example	document	APIs/amazonaws.com/batch/2016-08-10/openapi.yaml	census 19	enumeration.tsv.gz
example	document	APIs/amazonaws.com/cloud9/2017-09-23/openapi.yaml	census 10	enumeration.tsv.gz
example	document	APIs/amazonaws.com/cur/2017-01-06/openapi.yaml	census 1	enumeration.tsv.gz
example	document	APIs/amazonaws.com/devicefarm/2015-06-23/openapi.yaml	census 40	enumeration.tsv.gz
example	document	APIs/amazonaws.com/dms/2016-01-01/openapi.yaml	census 33	enumeration.tsv.gz
example	document	APIs/amazonaws.com/dynamodb/2012-08-10/openapi.yaml	census 14	enumeration.tsv.gz
example	document	APIs/amazonaws.com/ec2-instance-connect/2018-04-02/openapi.yaml	census 1	enumeration.tsv.gz
example	document	APIs/amazonaws.com/ec2/2016-11-15/openapi.yaml	census 87	enumeration.tsv.gz
example	document	APIs/amazonaws.com/ecr/2015-09-21/openapi.yaml	census 9	enumeration.tsv.gz
example	document	APIs/amazonaws.com/ecs/2014-11-13/openapi.yaml	census 28	enumeration.tsv.gz
example	document	APIs/amazonaws.com/eks/2017-11-01/openapi.yaml	census 5	enumeration.tsv.gz
example	document	APIs/amazonaws.com/elasticbeanstalk/2010-12-01/openapi.yaml	census 18	enumeration.tsv.gz
example	document	APIs/amazonaws.com/elasticfilesystem/2015-02-01/openapi.yaml	census 7	enumeration.tsv.gz
example	document	APIs/amazonaws.com/elasticloadbalancing/2012-06-01/openapi.yaml	census 16	enumeration.tsv.gz
example	document	APIs/amazonaws.com/elasticloadbalancingv2/2015-12-01/openapi.yaml	census 21	enumeration.tsv.gz
example	document	APIs/amazonaws.com/email/2010-12-01/openapi.yaml	census 20	enumeration.tsv.gz
example	document	APIs/amazonaws.com/fsx/2018-03-01/openapi.yaml	census 10	enumeration.tsv.gz
example	document	APIs/amazonaws.com/glacier/2012-06-01/openapi.yaml	census 20	enumeration.tsv.gz
example	document	APIs/amazonaws.com/iam/2010-05-08/openapi.yaml	census 31	enumeration.tsv.gz
example	document	APIs/amazonaws.com/inspector/2016-02-16/openapi.yaml	census 23	enumeration.tsv.gz
example	document	APIs/amazonaws.com/kms/2014-11-01/openapi.yaml	census 33	enumeration.tsv.gz
example	document	APIs/amazonaws.com/lex-models/2017-04-19/openapi.yaml	census 9	enumeration.tsv.gz
example	document	APIs/amazonaws.com/organizations/2016-11-28/openapi.yaml	census 31	enumeration.tsv.gz
example	document	APIs/amazonaws.com/pinpoint/2016-12-01/openapi.yaml	census 3	enumeration.tsv.gz
example	document	APIs/amazonaws.com/polly/2016-06-10/openapi.yaml	census 6	enumeration.tsv.gz
example	document	APIs/amazonaws.com/rekognition/2016-06-27/openapi.yaml	census 36	enumeration.tsv.gz
example	document	APIs/amazonaws.com/route53/2013-04-01/openapi.yaml	census 4	enumeration.tsv.gz
example	document	APIs/amazonaws.com/s3/2006-03-01/openapi.yaml	census 37	enumeration.tsv.gz
example	document	APIs/amazonaws.com/secretsmanager/2017-10-17/openapi.yaml	census 18	enumeration.tsv.gz
example	document	APIs/amazonaws.com/securityhub/2018-10-26/openapi.yaml	census 47	enumeration.tsv.gz
example	document	APIs/amazonaws.com/servicediscovery/2017-03-14/openapi.yaml	census 22	enumeration.tsv.gz
example	document	APIs/amazonaws.com/sesv2/2019-09-27/openapi.yaml	census 1	enumeration.tsv.gz
example	document	APIs/amazonaws.com/snowball/2016-06-30/openapi.yaml	census 14	enumeration.tsv.gz
example	document	APIs/amazonaws.com/storagegateway/2013-06-30/openapi.yaml	census 54	enumeration.tsv.gz
example	document	APIs/amazonaws.com/streams.dynamodb/2012-08-10/openapi.yaml	census 4	enumeration.tsv.gz
example	document	APIs/amazonaws.com/sts/2011-06-15/openapi.yaml	census 7	enumeration.tsv.gz
example	document	APIs/amazonaws.com/waf-regional/2016-11-28/openapi.yaml	census 36	enumeration.tsv.gz
example	document	APIs/amazonaws.com/waf/2015-08-24/openapi.yaml	census 36	enumeration.tsv.gz
example	document	APIs/amentum.space/atmosphere/1.1.1/openapi.yaml	census 15	enumeration.tsv.gz
example	document	APIs/amentum.space/aviation_radiation/1.5.0/openapi.yaml	census 74	enumeration.tsv.gz
example	document	APIs/amentum.space/global-magnet/1.3.0/openapi.yaml	census 5	enumeration.tsv.gz
example	document	APIs/amentum.space/gravity/1.1.1/openapi.yaml	census 2	enumeration.tsv.gz
example	document	APIs/amentum.space/space_radiation/1.1.2/openapi.yaml	census 15	enumeration.tsv.gz
example	document	APIs/anchore.io/0.1.20/openapi.yaml	census 1	enumeration.tsv.gz
example	document	APIs/apacta.com/0.0.42/openapi.yaml	census 4	enumeration.tsv.gz
example	document	APIs/api.gov.uk/vehicle-enquiry/1.1.0/openapi.yaml	census 25	enumeration.tsv.gz
example	document	APIs/api.video/1/openapi.yaml	census 132	enumeration.tsv.gz
example	document	APIs/api2pdf.com/1.0.0/openapi.yaml	census 29	enumeration.tsv.gz
example	document	APIs/apicurio.local/registry/1.3.2.Final/openapi.yaml	census 10	enumeration.tsv.gz
example	document	APIs/apicurio.local/registry/2.4.x/openapi.yaml	census 34	enumeration.tsv.gz
example	document	APIs/apideck.com/accounting/10.0.0/openapi.yaml	census 780	enumeration.tsv.gz
example	document	APIs/apideck.com/ats/10.0.0/openapi.yaml	census 274	enumeration.tsv.gz
example	document	APIs/apideck.com/connector/10.0.0/openapi.yaml	census 139	enumeration.tsv.gz
example	document	APIs/apideck.com/crm/10.0.0/openapi.yaml	census 576	enumeration.tsv.gz
example	document	APIs/apideck.com/customer-support/9.5.0/openapi.yaml	census 265	enumeration.tsv.gz
example	document	APIs/apideck.com/ecommerce/10.0.0/openapi.yaml	census 296	enumeration.tsv.gz
example	document	APIs/apideck.com/ecosystem/0.0.6/openapi.yaml	census 42	enumeration.tsv.gz
example	document	APIs/apideck.com/file-storage/10.0.0/openapi.yaml	census 277	enumeration.tsv.gz
example	document	APIs/apideck.com/hris/10.0.0/openapi.yaml	census 427	enumeration.tsv.gz
example	document	APIs/apideck.com/issue-tracking/10.0.0/openapi.yaml	census 242	enumeration.tsv.gz
example	document	APIs/apideck.com/lead/10.0.0/openapi.yaml	census 176	enumeration.tsv.gz
example	document	APIs/apideck.com/pos/10.0.0/openapi.yaml	census 539	enumeration.tsv.gz
example	document	APIs/apideck.com/proxy/10.0.0/openapi.yaml	census 9	enumeration.tsv.gz
example	document	APIs/apideck.com/sms/10.0.0/openapi.yaml	census 120	enumeration.tsv.gz
example	document	APIs/apideck.com/vault/10.0.0/openapi.yaml	census 279	enumeration.tsv.gz
example	document	APIs/apideck.com/webhook/10.0.0/openapi.yaml	census 116	enumeration.tsv.gz
example	document	APIs/apigee.net/marketcheck-cars/2.01/openapi.yaml	census 3	enumeration.tsv.gz
example	document	APIs/apis.guru/2.2.0/openapi.yaml	census 5	enumeration.tsv.gz
example	document	APIs/apisetu.gov.in/aaharjh/3.0.0/openapi.yaml	census 80	enumeration.tsv.gz
example	document	APIs/apisetu.gov.in/acko/3.0.0/openapi.yaml	census 84	enumeration.tsv.gz
example	document	APIs/apisetu.gov.in/agtripura/3.0.0/openapi.yaml	census 81	enumeration.tsv.gz
example	document	APIs/apisetu.gov.in/aharakar/3.0.0/openapi.yaml	census 79	enumeration.tsv.gz
example	document	APIs/apisetu.gov.in/aiimsmangalagiri/3.0.0/openapi.yaml	census 80	enumeration.tsv.gz
example	document	APIs/apisetu.gov.in/aiimspatna/3.0.0/openapi.yaml	census 80	enumeration.tsv.gz
example	document	APIs/apisetu.gov.in/aiimsrishikesh/3.0.0/openapi.yaml	census 78	enumeration.tsv.gz
example	document	APIs/apisetu.gov.in/aktu/3.0.0/openapi.yaml	census 88	enumeration.tsv.gz
example	document	APIs/apisetu.gov.in/apmcservices/3.0.0/openapi.yaml	census 77	enumeration.tsv.gz
example	document	APIs/apisetu.gov.in/asrb/3.0.0/openapi.yaml	census 79	enumeration.tsv.gz
example	document	APIs/apisetu.gov.in/bajajallianz/3.0.0/openapi.yaml	census 96	enumeration.tsv.gz
example	document	APIs/apisetu.gov.in/bajajallianzlife/3.0.0/openapi.yaml	census 79	enumeration.tsv.gz
example	document	APIs/apisetu.gov.in/barti/3.0.0/openapi.yaml	census 78	enumeration.tsv.gz
example	document	APIs/apisetu.gov.in/bharatpetroleum/3.0.0/openapi.yaml	census 78	enumeration.tsv.gz
example	document	APIs/apisetu.gov.in/bhartiaxagi/3.0.0/openapi.yaml	census 90	enumeration.tsv.gz
example	document	APIs/apisetu.gov.in/bhavishya/3.0.0/openapi.yaml	census 81	enumeration.tsv.gz
example	document	APIs/apisetu.gov.in/biharboard/3.0.0/openapi.yaml	census 87	enumeration.tsv.gz
example	document	APIs/apisetu.gov.in/bput/3.0.0/openapi.yaml	census 79	enumeration.tsv.gz
example	document	APIs/apisetu.gov.in/bsehr/3.0.0/openapi.yaml	census 83	enumeration.tsv.gz
example	document	APIs/apisetu.gov.in/cbse/3.0.0/openapi.yaml	census 139	enumeration.tsv.gz
example	document	APIs/apisetu.gov.in/cgbse/3.0.0/openapi.yaml	census 85	enumeration.tsv.gz
example	document	APIs/apisetu.gov.in/chennaicorp/3.0.0/openapi.yaml	census 81	enumeration.tsv.gz
example	document	APIs/apisetu.gov.in/chitkarauniversity/3.0.0/openapi.yaml	census 79	enumeration.tsv.gz
example	document	APIs/apisetu.gov.in/cholainsurance/3.0.0/openapi.yaml	census 81	enumeration.tsv.gz
example	document	APIs/apisetu.gov.in/cisce/3.0.0/openapi.yaml	census 110	enumeration.tsv.gz
example	document	APIs/apisetu.gov.in/civilsupplieskerala/3.0.0/openapi.yaml	census 78	enumeration.tsv.gz
example	document	APIs/apisetu.gov.in/cpctmp/3.0.0/openapi.yaml	census 79	enumeration.tsv.gz
example	document	APIs/apisetu.gov.in/csc/3.0.0/openapi.yaml	census 79	enumeration.tsv.gz
example	document	APIs/apisetu.gov.in/dbraitandaman/3.0.0/openapi.yaml	census 80	enumeration.tsv.gz
example	document	APIs/apisetu.gov.in/dgecerttn/3.0.0/openapi.yaml	census 89	enumeration.tsv.gz
example	document	APIs/apisetu.gov.in/dgft/3.0.0/openapi.yaml	census 20	enumeration.tsv.gz
example	document	APIs/apisetu.gov.in/dhsekerala/3.0.0/openapi.yaml	census 81	enumeration.tsv.gz
example	document	APIs/apisetu.gov.in/ditarunachal/3.0.0/openapi.yaml	census 80	enumeration.tsv.gz
example	document	APIs/apisetu.gov.in/ditch/3.0.0/openapi.yaml	census 87	enumeration.tsv.gz
example	document	APIs/apisetu.gov.in/dittripura/3.0.0/openapi.yaml	census 129	enumeration.tsv.gz
example	document	APIs/apisetu.gov.in/duexam/3.0.0/openapi.yaml	census 79	enumeration.tsv.gz
example	document	APIs/apisetu.gov.in/edistrictandaman/3.0.0/openapi.yaml	census 99	enumeration.tsv.gz
example	document	APIs/apisetu.gov.in/edistricthp/3.0.0/openapi.yaml	census 139	enumeration.tsv.gz
example	document	APIs/apisetu.gov.in/edistrictkerala/3.0.0/openapi.yaml	census 218	enumeration.tsv.gz
example	document	APIs/apisetu.gov.in/edistrictodisha/3.0.0/openapi.yaml	census 140	enumeration.tsv.gz
example	document	APIs/apisetu.gov.in/edistrictodishasp/3.0.0/openapi.yaml	census 110	enumeration.tsv.gz
example	document	APIs/apisetu.gov.in/edistrictpb/3.0.0/openapi.yaml	census 105	enumeration.tsv.gz
example	document	APIs/apisetu.gov.in/edistrictup/3.0.0/openapi.yaml	census 140	enumeration.tsv.gz
example	document	APIs/apisetu.gov.in/ehimapurtihp/3.0.0/openapi.yaml	census 77	enumeration.tsv.gz
example	document	APIs/apisetu.gov.in/enibandhanjh/3.0.0/openapi.yaml	census 89	enumeration.tsv.gz
example	document	APIs/apisetu.gov.in/epfindia/3.0.0/openapi.yaml	census 85	enumeration.tsv.gz
example	document	APIs/apisetu.gov.in/epramanhp/3.0.0/openapi.yaml	census 117	enumeration.tsv.gz
example	document	APIs/apisetu.gov.in/eservicearunachal/3.0.0/openapi.yaml	census 99	enumeration.tsv.gz
example	document	APIs/apisetu.gov.in/fsdhr/3.0.0/openapi.yaml	census 78	enumeration.tsv.gz
example	document	APIs/apisetu.gov.in/futuregenerali/3.0.0/openapi.yaml	census 90	enumeration.tsv.gz
example	document	APIs/apisetu.gov.in/gadbih/3.0.0/openapi.yaml	census 134	enumeration.tsv.gz
example	document	APIs/apisetu.gov.in/gauhati/3.0.0/openapi.yaml	census 80	enumeration.tsv.gz
example	document	APIs/apisetu.gov.in/gbshse/3.0.0/openapi.yaml	census 79	enumeration.tsv.gz
example	document	APIs/apisetu.gov.in/geetanjaliuniv/3.0.0/openapi.yaml	census 80	enumeration.tsv.gz
example	document	APIs/apisetu.gov.in/gmch/3.0.0/openapi.yaml	census 79	enumeration.tsv.gz
example	document	APIs/apisetu.gov.in/goawrd/3.0.0/openapi.yaml	census 84	enumeration.tsv.gz
example	document	APIs/apisetu.gov.in/godigit/3.0.0/openapi.yaml	census 96	enumeration.tsv.gz
example	document	APIs/apisetu.gov.in/gujaratvidyapith/3.0.0/openapi.yaml	census 80	enumeration.tsv.gz
example	document	APIs/apisetu.gov.in/hindustanpetroleum/3.0.0/openapi.yaml	census 82	enumeration.tsv.gz
example	document	APIs/apisetu.gov.in/hpayushboard/3.0.0/openapi.yaml	census 81	enumeration.tsv.gz
example	document	APIs/apisetu.gov.in/hpbose/3.0.0/openapi.yaml	census 85	enumeration.tsv.gz
example	document	APIs/apisetu.gov.in/hppanchayat/3.0.0/openapi.yaml	census 77	enumeration.tsv.gz
example	document	APIs/apisetu.gov.in/hpsbys/3.0.0/openapi.yaml	census 77	enumeration.tsv.gz
example	document	APIs/apisetu.gov.in/hpsssb/3.0.0/openapi.yaml	census 79	enumeration.tsv.gz
example	document	APIs/apisetu.gov.in/hptechboard/3.0.0/openapi.yaml	census 78	enumeration.tsv.gz
example	document	APIs/apisetu.gov.in/hsbte/3.0.0/openapi.yaml	census 79	enumeration.tsv.gz
example	document	APIs/apisetu.gov.in/hsscboardmh/3.0.0/openapi.yaml	census 99	enumeration.tsv.gz
example	document	APIs/apisetu.gov.in/icicilombard/3.0.0/openapi.yaml	census 96	enumeration.tsv.gz
example	document	APIs/apisetu.gov.in/iciciprulife/3.0.0/openapi.yaml	census 78	enumeration.tsv.gz
example	document	APIs/apisetu.gov.in/icsi/3.0.0/openapi.yaml	census 82	enumeration.tsv.gz
example	document	APIs/apisetu.gov.in/igrmaharashtra/3.0.0/openapi.yaml	census 79	enumeration.tsv.gz
example	document	APIs/apisetu.gov.in/insvalsura/3.0.0/openapi.yaml	census 83	enumeration.tsv.gz
example	document	APIs/apisetu.gov.in/iocl/3.0.0/openapi.yaml	census 79	enumeration.tsv.gz
example	document	APIs/apisetu.gov.in/issuer/3.0.0/openapi.yaml	census 18	enumeration.tsv.gz
example	document	APIs/apisetu.gov.in/jac/3.0.0/openapi.yaml	census 95	enumeration.tsv.gz
example	document	APIs/apisetu.gov.in/jeecup/3.0.0/openapi.yaml	census 80	enumeration.tsv.gz
example	document	APIs/apisetu.gov.in/jharsewa/3.0.0/openapi.yaml	census 143	enumeration.tsv.gz
example	document	APIs/apisetu.gov.in/jnrmand/3.0.0/openapi.yaml	census 79	enumeration.tsv.gz
example	document	APIs/apisetu.gov.in/juit/3.0.0/openapi.yaml	census 80	enumeration.tsv.gz
example	document	APIs/apisetu.gov.in/keralapsc/3.0.0/openapi.yaml	census 79	enumeration.tsv.gz
example	document	APIs/apisetu.gov.in/kiadb/3.0.0/openapi.yaml	census 115	enumeration.tsv.gz
example	document	APIs/apisetu.gov.in/kkhsou/3.0.0/openapi.yaml	census 79	enumeration.tsv.gz
example	document	APIs/apisetu.gov.in/kotakgeneralinsurance/3.0.0/openapi.yaml	census 99	enumeration.tsv.gz
example	document	APIs/apisetu.gov.in/kseebkr/3.0.0/openapi.yaml	census 80	enumeration.tsv.gz
example	document	APIs/apisetu.gov.in/ktech/3.0.0/openapi.yaml	census 85	enumeration.tsv.gz
example	document	APIs/apisetu.gov.in/labourbih/3.0.0/openapi.yaml	census 96	enumeration.tsv.gz
example	document	APIs/apisetu.gov.in/landrecordskar/3.0.0/openapi.yaml	census 79	enumeration.tsv.gz
example	document	APIs/apisetu.gov.in/lawcollegeandaman/3.0.0/openapi.yaml	census 78	enumeration.tsv.gz
example	document	APIs/apisetu.gov.in/legalmetrologyup/3.0.0/openapi.yaml	census 87	enumeration.tsv.gz
example	document	APIs/apisetu.gov.in/licindia/3.0.0/openapi.yaml	census 80	enumeration.tsv.gz
example	document	APIs/apisetu.gov.in/maxlifeinsurance/3.0.0/openapi.yaml	census 80	enumeration.tsv.gz
example	document	APIs/apisetu.gov.in/mbose/3.0.0/openapi.yaml	census 83	enumeration.tsv.gz
example	document	APIs/apisetu.gov.in/mbse/3.0.0/openapi.yaml	census 91	enumeration.tsv.gz
example	document	APIs/apisetu.gov.in/mcimindia/3.0.0/openapi.yaml	census 85	enumeration.tsv.gz
example	document	APIs/apisetu.gov.in/meark/3.0.0/openapi.yaml	census 79	enumeration.tsv.gz
example	document	APIs/apisetu.gov.in/mizoramlesde/3.0.0/openapi.yaml	census 79	enumeration.tsv.gz
example	document	APIs/apisetu.gov.in/mizorampolice/3.0.0/openapi.yaml	census 78	enumeration.tsv.gz
example	document	APIs/apisetu.gov.in/mpmsu/3.0.0/openapi.yaml	census 85	enumeration.tsv.gz
example	document	APIs/apisetu.gov.in/mppmc/3.0.0/openapi.yaml	census 80	enumeration.tsv.gz
example	document	APIs/apisetu.gov.in/mriu/3.0.0/openapi.yaml	census 80	enumeration.tsv.gz
example	document	APIs/apisetu.gov.in/msde/3.0.0/openapi.yaml	census 78	enumeration.tsv.gz
example	document	APIs/apisetu.gov.in/municipaladmin/3.0.0/openapi.yaml	census 83	enumeration.tsv.gz
example	document	APIs/apisetu.gov.in/nationalinsurance/3.0.0/openapi.yaml	census 115	enumeration.tsv.gz
example	document	APIs/apisetu.gov.in/ncert/3.0.0/openapi.yaml	census 80	enumeration.tsv.gz
example	document	APIs/apisetu.gov.in/negd/3.0.0/openapi.yaml	census 78	enumeration.tsv.gz
example	document	APIs/apisetu.gov.in/neilit/3.0.0/openapi.yaml	census 79	enumeration.tsv.gz
example	document	APIs/apisetu.gov.in/newindia/3.0.0/openapi.yaml	census 110	enumeration.tsv.gz
example	document	APIs/apisetu.gov.in/niesbud/3.0.0/openapi.yaml	census 79	enumeration.tsv.gz
example	document	APIs/apisetu.gov.in/nios/3.0.0/openapi.yaml	census 99	enumeration.tsv.gz
example	document	APIs/apisetu.gov.in/nitap/3.0.0/openapi.yaml	census 80	enumeration.tsv.gz
example	document	APIs/apisetu.gov.in/nitp/3.0.0/openapi.yaml	census 80	enumeration.tsv.gz
example	document	APIs/apisetu.gov.in/npsailu/3.0.0/openapi.yaml	census 77	enumeration.tsv.gz
example	document	APIs/apisetu.gov.in/nsdcindia/3.0.0/openapi.yaml	census 84	enumeration.tsv.gz
example	document	APIs/apisetu.gov.in/orientalinsurance/3.0.0/openapi.yaml	census 115	enumeration.tsv.gz
example	document	APIs/apisetu.gov.in/pan/3.0.0/openapi.yaml	census 130	enumeration.tsv.gz
example	document	APIs/apisetu.gov.in/pareekshabhavanker/3.0.0/openapi.yaml	census 81	enumeration.tsv.gz
example	document	APIs/apisetu.gov.in/pblabour/3.0.0/openapi.yaml	census 84	enumeration.tsv.gz
example	document	APIs/apisetu.gov.in/pgimer/3.0.0/openapi.yaml	census 80	enumeration.tsv.gz
example	document	APIs/apisetu.gov.in/phedharyana/3.0.0/openapi.yaml	census 82	enumeration.tsv.gz
example	document	APIs/apisetu.gov.in/pmjay/3.0.0/openapi.yaml	census 80	enumeration.tsv.gz
example	document	APIs/apisetu.gov.in/pramericalife/3.0.0/openapi.yaml	census 79	enumeration.tsv.gz
example	document	APIs/apisetu.gov.in/pseb/3.0.0/openapi.yaml	census 100	enumeration.tsv.gz
example	document	APIs/apisetu.gov.in/puekar/3.0.0/openapi.yaml	census 81	enumeration.tsv.gz
example	document	APIs/apisetu.gov.in/punjabteched/3.0.0/openapi.yaml	census 78	enumeration.tsv.gz
example	document	APIs/apisetu.gov.in/rajasthandsa/3.0.0/openapi.yaml	census 78	enumeration.tsv.gz
example	document	APIs/apisetu.gov.in/rajasthanrajeduboard/3.0.0/openapi.yaml	census 83	enumeration.tsv.gz
example	document	APIs/apisetu.gov.in/reliancegeneral/3.0.0/openapi.yaml	census 111	enumeration.tsv.gz
example	document	APIs/apisetu.gov.in/revenueassam/3.0.0/openapi.yaml	census 77	enumeration.tsv.gz
example	document	APIs/apisetu.gov.in/revenueodisha/3.0.0/openapi.yaml	census 85	enumeration.tsv.gz
example	document	APIs/apisetu.gov.in/sainikwelfarepud/3.0.0/openapi.yaml	census 79	enumeration.tsv.gz
example	document	APIs/apisetu.gov.in/saralharyana/3.0.0/openapi.yaml	census 78	enumeration.tsv.gz
example	document	APIs/apisetu.gov.in/sbigeneral/3.0.0/openapi.yaml	census 90	enumeration.tsv.gz
example	document	APIs/apisetu.gov.in/scvtup/3.0.0/openapi.yaml	census 86	enumeration.tsv.gz
example	document	APIs/apisetu.gov.in/sebaonline/3.0.0/openapi.yaml	census 81	enumeration.tsv.gz
example	document	APIs/apisetu.gov.in/statisticsrajasthan/3.0.0/openapi.yaml	census 88	enumeration.tsv.gz
example	document	APIs/apisetu.gov.in/swavlambancard/3.0.0/openapi.yaml	census 81	enumeration.tsv.gz
example	document	APIs/apisetu.gov.in/tataaia/3.0.0/openapi.yaml	census 84	enumeration.tsv.gz
example	document	APIs/apisetu.gov.in/tataaig/3.0.0/openapi.yaml	census 78	enumeration.tsv.gz
example	document	APIs/apisetu.gov.in/tbse/3.0.0/openapi.yaml	census 79	enumeration.tsv.gz
example	document	APIs/apisetu.gov.in/transport/3.0.0/openapi.yaml	census 207	enumeration.tsv.gz
example	document	APIs/apisetu.gov.in/transportan/3.0.0/openapi.yaml	census 189	enumeration.tsv.gz
example	document	APIs/apisetu.gov.in/transportap/3.0.0/openapi.yaml	census 189	enumeration.tsv.gz
example	document	APIs/apisetu.gov.in/transportar/3.0.0/openapi.yaml	census 189	enumeration.tsv.gz
example	document	APIs/apisetu.gov.in/transportas/3.0.0/openapi.yaml	census 189	enumeration.tsv.gz
example	document	APIs/apisetu.gov.in/transportbr/3.0.0/openapi.yaml	census 189	enumeration.tsv.gz
example	document	APIs/apisetu.gov.in/transportcg/3.0.0/openapi.yaml	census 189	enumeration.tsv.gz
example	document	APIs/apisetu.gov.in/transportdd/3.0.0/openapi.yaml	census 189	enumeration.tsv.gz
example	document	APIs/apisetu.gov.in/transportdh/3.0.0/openapi.yaml	census 189	enumeration.tsv.gz
example	document	APIs/apisetu.gov.in/transportdl/3.0.0/openapi.yaml	census 189	enumeration.tsv.gz
example	document	APIs/apisetu.gov.in/transportga/3.0.0/openapi.yaml	census 189	enumeration.tsv.gz
example	document	APIs/apisetu.gov.in/transportgj/3.0.0/openapi.yaml	census 189	enumeration.tsv.gz
example	document	APIs/apisetu.gov.in/transporthp/3.0.0/openapi.yaml	census 189	enumeration.tsv.gz
example	document	APIs/apisetu.gov.in/transporthr/3.0.0/openapi.yaml	census 189	enumeration.tsv.gz
example	document	APIs/apisetu.gov.in/transportjh/3.0.0/openapi.yaml	census 189	enumeration.tsv.gz
example	document	APIs/apisetu.gov.in/transportjk/3.0.0/openapi.yaml	census 189	enumeration.tsv.gz
example	document	APIs/apisetu.gov.in/transportka/3.0.0/openapi.yaml	census 188	enumeration.tsv.gz
example	document	APIs/apisetu.gov.in/transportkl/3.0.0/openapi.yaml	census 189	enumeration.tsv.gz
example	document	APIs/apisetu.gov.in/transportld/3.0.0/openapi.yaml	census 189	enumeration.tsv.gz
example	document	APIs/apisetu.gov.in/transportmh/3.0.0/openapi.yaml	census 189	enumeration.tsv.gz
example	document	APIs/apisetu.gov.in/transportml/3.0.0/openapi.yaml	census 189	enumeration.tsv.gz
example	document	APIs/apisetu.gov.in/transportmn/3.0.0/openapi.yaml	census 189	enumeration.tsv.gz
example	document	APIs/apisetu.gov.in/transportmp/3.0.0/openapi.yaml	census 189	enumeration.tsv.gz
example	document	APIs/apisetu.gov.in/transportmz/3.0.0/openapi.yaml	census 189	enumeration.tsv.gz
example	document	APIs/apisetu.gov.in/transportnl/3.0.0/openapi.yaml	census 189	enumeration.tsv.gz
example	document	APIs/apisetu.gov.in/transportod/3.0.0/openapi.yaml	census 189	enumeration.tsv.gz
example	document	APIs/apisetu.gov.in/transportpb/3.0.0/openapi.yaml	census 189	enumeration.tsv.gz
example	document	APIs/apisetu.gov.in/transportpy/3.0.0/openapi.yaml	census 189	enumeration.tsv.gz
example	document	APIs/apisetu.gov.in/transportrj/3.0.0/openapi.yaml	census 189	enumeration.tsv.gz
example	document	APIs/apisetu.gov.in/transportsk/3.0.0/openapi.yaml	census 189	enumeration.tsv.gz
example	document	APIs/apisetu.gov.in/transporttn/3.0.0/openapi.yaml	census 189	enumeration.tsv.gz
example	document	APIs/apisetu.gov.in/transporttr/3.0.0/openapi.yaml	census 189	enumeration.tsv.gz
example	document	APIs/apisetu.gov.in/transportts/3.0.0/openapi.yaml	census 189	enumeration.tsv.gz
example	document	APIs/apisetu.gov.in/transportuk/3.0.0/openapi.yaml	census 189	enumeration.tsv.gz
example	document	APIs/apisetu.gov.in/transportup/3.0.0/openapi.yaml	census 189	enumeration.tsv.gz
example	document	APIs/apisetu.gov.in/transportwb/3.0.0/openapi.yaml	census 189	enumeration.tsv.gz
example	document	APIs/apisetu.gov.in/ubseuk/3.0.0/openapi.yaml	census 93	enumeration.tsv.gz
example	document	APIs/apisetu.gov.in/ucobank/3.0.0/openapi.yaml	census 79	enumeration.tsv.gz
example	document	APIs/apisetu.gov.in/uiic/3.0.0/openapi.yaml	census 89	enumeration.tsv.gz
example	document	APIs/apisetu.gov.in/upmsp/3.0.0/openapi.yaml	census 83	enumeration.tsv.gz
example	document	APIs/apisetu.gov.in/vhseker/3.0.0/openapi.yaml	census 81	enumeration.tsv.gz
example	document	APIs/apisetu.gov.in/vssut/3.0.0/openapi.yaml	census 79	enumeration.tsv.gz
example	document	APIs/apispot.io/whois/2.0/openapi.yaml	census 1	enumeration.tsv.gz
example	document	APIs/appcenter.ms/v0.1/openapi.yaml	census 30	enumeration.tsv.gz
example	document	APIs/apple.com/sirikit-cloud-media/1.0.2/openapi.yaml	census 18	enumeration.tsv.gz
example	document	APIs/apptigent.com/2021.1.01/openapi.yaml	census 73	enumeration.tsv.gz
example	document	APIs/archive.org/wayback/1.0.0/openapi.yaml	census 1	enumeration.tsv.gz
example	document	APIs/art19.com/1.0.0/openapi.yaml	census 114	enumeration.tsv.gz
example	document	APIs/asana.com/1.0/openapi.yaml	census 367	enumeration.tsv.gz
example	document	APIs/atlassian.com/jira/1001.0.0-SNAPSHOT/openapi.yaml	census 68	enumeration.tsv.gz
example	document	APIs/ato.gov.au/0.0.6/openapi.yaml	census 81	enumeration.tsv.gz
example	document	APIs/axesso.de/1.0.0/openapi.yaml	census 22	enumeration.tsv.gz
example	document	APIs/balldontlie.io/1.0.0/openapi.yaml	census 5	enumeration.tsv.gz
example	document	APIs/beezup.com/2.0/openapi.yaml	census 941	enumeration.tsv.gz
example	document	APIs/biapi.pro/2.0/openapi.yaml	census 56	enumeration.tsv.gz
example	document	APIs/bigdatacloud.net/1.0.0/openapi.yaml	census 6	enumeration.tsv.gz
example	document	APIs/bigredcloud.com/v1/openapi.yaml	census 28	enumeration.tsv.gz
example	document	APIs/billingo.hu/3.0.7/openapi.yaml	census 3	enumeration.tsv.gz
example	document	APIs/bintable.com/1.0.0-oas3/openapi.yaml	census 2	enumeration.tsv.gz
example	document	APIs/bkk.hu/1.0.1/openapi.yaml	census 447	enumeration.tsv.gz
example	document	APIs/box.com/2.0.0/openapi.yaml	census 1412	enumeration.tsv.gz
example	document	APIs/brainbi.net/1.0.0/openapi.yaml	census 34	enumeration.tsv.gz
example	document	APIs/braze.com/1.0.0/openapi.yaml	census 110	enumeration.tsv.gz
example	document	APIs/brex.io/2021.12/openapi.yaml	census 41	enumeration.tsv.gz
example	document	APIs/britbox.co.uk/3.730.300-ref-1-39-0/openapi.yaml	census 7	enumeration.tsv.gz
example	document	APIs/bulksms.com/1.0.0/openapi.yaml	census 32	enumeration.tsv.gz
example	document	APIs/c19qrserver.local/1.1/openapi.yaml	census 38	enumeration.tsv.gz
example	document	APIs/canada-holidays.ca/1.8.0/openapi.yaml	census 20	enumeration.tsv.gz
example	document	APIs/carbone.io/1.2.0/openapi.yaml	census 26	enumeration.tsv.gz
example	document	APIs/cdcgov.local/prime-data-hub/0.2.0-oas3/openapi.yaml	census 28	enumeration.tsv.gz
example	document	APIs/chain49.com/2.0/openapi.yaml	census 28	enumeration.tsv.gz
example	document	APIs/chaingateway.io/1.0.0/openapi.yaml	census 2553	enumeration.tsv.gz
example	document	APIs/chaingateway.io/1.0/openapi.yaml	census 71	enumeration.tsv.gz
example	document	APIs/clever-cloud.com/1.0.0/openapi.yaml	census 3	enumeration.tsv.gz
example	document	APIs/clickmeter.com/v2/openapi.yaml	census 20	enumeration.tsv.gz
example	document	APIs/clicksend.com/1.0.0/openapi.yaml	census 66	enumeration.tsv.gz
example	document	APIs/clickup.com/1.0.0/openapi.yaml	census 1	enumeration.tsv.gz
example	document	APIs/climate.com/4.0.11/openapi.yaml	census 6	enumeration.tsv.gz
example	document	APIs/climatekuul.com/1.0/openapi.yaml	census 125	enumeration.tsv.gz
example	document	APIs/codat.io/accounting/2.1.0/openapi.yaml	census 4	enumeration.tsv.gz
example	document	APIs/codat.io/assess/1.0/openapi.yaml	census 12	enumeration.tsv.gz
example	document	APIs/codat.io/bank-feeds/2.1.0/openapi.yaml	census 8	enumeration.tsv.gz
example	document	APIs/codat.io/banking/2.1.0/openapi.yaml	census 7	enumeration.tsv.gz
example	document	APIs/codat.io/commerce/2.1.0/openapi.yaml	census 24	enumeration.tsv.gz
example	document	APIs/codat.io/sync-for-commerce/1.1/openapi.yaml	census 4	enumeration.tsv.gz
example	document	APIs/codat.io/sync-for-expenses/prealpha/openapi.yaml	census 47	enumeration.tsv.gz
example	document	APIs/codesearch.debian.net/1.4.0/openapi.yaml	census 7	enumeration.tsv.gz
example	document	APIs/conjur.local/5.3.0/openapi.yaml	census 52	enumeration.tsv.gz
example	document	APIs/contentgroove.com/1.0.0/openapi.yaml	census 63	enumeration.tsv.gz
example	document	APIs/contract-p.fit/1.0/openapi.yaml	census 47	enumeration.tsv.gz
example	document	APIs/contribly.com/1.0.0/openapi.yaml	census 1	enumeration.tsv.gz
example	document	APIs/corrently.io/2.0.0/openapi.yaml	census 28	enumeration.tsv.gz
example	document	APIs/cpy.re/peertube/5.1.0/openapi.yaml	census 124	enumeration.tsv.gz
example	document	APIs/credas.co.uk/pi/v1/openapi.yaml	census 15	enumeration.tsv.gz
example	document	APIs/currencytick.com/1.0.0/openapi.yaml	census 26	enumeration.tsv.gz
example	document	APIs/d7networks.com/1.0.2/openapi.yaml	census 3	enumeration.tsv.gz
example	document	APIs/dataflowkit.com/1.3/openapi.yaml	census 55	enumeration.tsv.gz
example	document	APIs/digitallocker.gov.in/authpartner/1.0.0/openapi.yaml	census 148	enumeration.tsv.gz
example	document	APIs/digitalnz.org/3/openapi.yaml	census 22	enumeration.tsv.gz
example	document	APIs/digitalocean.com/2.0/openapi.yaml	census 974	enumeration.tsv.gz
example	document	APIs/dnd5eapi.co/0.1/openapi.yaml	census 25	enumeration.tsv.gz
example	document	APIs/docker.com/dvp/1.0.0/openapi.yaml	census 8	enumeration.tsv.gz
example	document	APIs/docker.com/engine/1.33/openapi.yaml	census 234	enumeration.tsv.gz
example	document	APIs/docker.com/hub/beta/openapi.yaml	census 141	enumeration.tsv.gz
example	document	APIs/dodo.ac/1.6.0/openapi.yaml	census 281	enumeration.tsv.gz
example	document	APIs/e-conomic.com/v20.0.0/openapi.yaml	census 124	enumeration.tsv.gz
example	document	APIs/enode.io/1.3.10/openapi.yaml	census 55	enumeration.tsv.gz
example	document	APIs/etherpad.local/1.2.15/openapi.yaml	census 1117	enumeration.tsv.gz
example	document	APIs/exavault.com/2.0/openapi.yaml	census 402	enumeration.tsv.gz
example	document	APIs/exchangerate-api.com/4/openapi.yaml	census 2	enumeration.tsv.gz
example	document	APIs/exlibrisgroup.com/tasklists/1.0/openapi.yaml	census 121	enumeration.tsv.gz
example	document	APIs/extpose.com/1.0.0/openapi.yaml	census 1	enumeration.tsv.gz
example	document	APIs/facecheck.id/v1.02/openapi.yaml	census 8	enumeration.tsv.gz
example	document	APIs/fec.gov/1.0/openapi.yaml	census 1	enumeration.tsv.gz
example	document	APIs/figshare.com/2.0.0/openapi.yaml	census 389	enumeration.tsv.gz
example	document	APIs/files.com/0.0.1/openapi.yaml	census 1179	enumeration.tsv.gz
example	document	APIs/fire.com/1.0/openapi.yaml	census 737	enumeration.tsv.gz
example	document	APIs/firmalyzer.com/iotvas/1.0/openapi.yaml	census 8	enumeration.tsv.gz
example	document	APIs/flat.io/2.13.0/openapi.yaml	census 46	enumeration.tsv.gz
example	document	APIs/formapi.io/v1/openapi.yaml	census 19	enumeration.tsv.gz
example	document	APIs/fulfillment.com/2.0/openapi.yaml	census 7	enumeration.tsv.gz
example	document	APIs/gerermesaffaires.com/1.0.6/openapi.yaml	census 2315	enumeration.tsv.gz
example	document	APIs/getpostman.com/1.20.0/openapi.yaml	census 476	enumeration.tsv.gz
example	document	APIs/getthedata.com/bng2latlong/1.0/openapi.yaml	census 5	enumeration.tsv.gz
example	document	APIs/giphy.com/1.0/openapi.yaml	census 35	enumeration.tsv.gz
example	document	APIs/gitea.io/1.20.0+dev-539-g5e389228f/openapi.yaml	census 12	enumeration.tsv.gz
example	document	APIs/github.com/api.github.com.2022-11-28/1.1.4/openapi.yaml	census 1883	enumeration.tsv.gz
example	document	APIs/github.com/api.github.com/1.1.4/openapi.yaml	census 1883	enumeration.tsv.gz
example	document	APIs/github.com/ghec.2022-11-28/1.1.4/openapi.yaml	census 1967	enumeration.tsv.gz
example	document	APIs/github.com/ghec/1.1.4/openapi.yaml	census 1967	enumeration.tsv.gz
example	document	APIs/github.com/ghes-2.18/1.1.4/openapi.yaml	census 1203	enumeration.tsv.gz
example	document	APIs/github.com/ghes-2.19/1.1.4/openapi.yaml	census 1208	enumeration.tsv.gz
example	document	APIs/github.com/ghes-2.20/1.1.4/openapi.yaml	census 1216	enumeration.tsv.gz
example	document	APIs/github.com/ghes-2.21/1.1.4/openapi.yaml	census 1287	enumeration.tsv.gz
example	document	APIs/github.com/ghes-2.22/1.1.4/openapi.yaml	census 1374	enumeration.tsv.gz
example	document	APIs/github.com/ghes-3.0/1.1.4/openapi.yaml	census 1385	enumeration.tsv.gz
example	document	APIs/github.com/ghes-3.1/1.1.4/openapi.yaml	census 1391	enumeration.tsv.gz
example	document	APIs/github.com/ghes-3.2/1.1.4/openapi.yaml	census 1507	enumeration.tsv.gz
example	document	APIs/github.com/ghes-3.3/1.1.4/openapi.yaml	census 1571	enumeration.tsv.gz
example	document	APIs/github.com/ghes-3.4/1.1.4/openapi.yaml	census 1603	enumeration.tsv.gz
example	document	APIs/github.com/ghes-3.5/1.1.4/openapi.yaml	census 1634	enumeration.tsv.gz
example	document	APIs/github.com/ghes-3.6/1.1.4/openapi.yaml	census 1729	enumeration.tsv.gz
example	document	APIs/github.com/ghes-3.7/1.1.4/openapi.yaml	census 1796	enumeration.tsv.gz
example	document	APIs/github.com/ghes-3.8/1.1.4/openapi.yaml	census 1828	enumeration.tsv.gz
example	document	APIs/github.com/github.ae/1.1.4/openapi.yaml	census 1590	enumeration.tsv.gz
example	document	APIs/github.com/v0.1/openapi.yaml	census 226	enumeration.tsv.gz
example	document	APIs/go-upc.com/1.0.0/openapi.yaml	census 14	enumeration.tsv.gz
example	document	APIs/google.home/2.0/openapi.yaml	census 75	enumeration.tsv.gz
example	document	APIs/graphhopper.com/1.0.0/openapi.yaml	census 128	enumeration.tsv.gz
example	document	APIs/greip.io/1.0.0/openapi.yaml	census 38	enumeration.tsv.gz
example	document	APIs/groundhog-day.com/1.2.1/openapi.yaml	census 1	enumeration.tsv.gz
example	document	APIs/here.com/positioning/2.1.1/openapi.yaml	census 85	enumeration.tsv.gz
example	document	APIs/here.com/tracking/2.1.192/openapi.yaml	census 255	enumeration.tsv.gz
example	document	APIs/hetzner.cloud/1.0.0/openapi.yaml	census 2341	enumeration.tsv.gz
example	document	APIs/hubapi.com/analytics/v3/openapi.yaml	census 7	enumeration.tsv.gz
example	document	APIs/hubapi.com/auth/v1/openapi.yaml	census 5	enumeration.tsv.gz
example	document	APIs/hubapi.com/automation/v4/openapi.yaml	census 7	enumeration.tsv.gz
example	document	APIs/hubapi.com/business units/v3/openapi.yaml	census 14	enumeration.tsv.gz
example	document	APIs/hubapi.com/cms/v3/openapi.yaml	census 7	enumeration.tsv.gz
example	document	APIs/hubapi.com/communication-preferences/v3/openapi.yaml	census 7	enumeration.tsv.gz
example	document	APIs/hubapi.com/conversations/v3/openapi.yaml	census 13	enumeration.tsv.gz
example	document	APIs/hubapi.com/crm/v3/openapi.yaml	census 8	enumeration.tsv.gz
example	document	APIs/hubapi.com/events/v3/openapi.yaml	census 7	enumeration.tsv.gz
example	document	APIs/hubapi.com/files/v3/openapi.yaml	census 13	enumeration.tsv.gz
example	document	APIs/hubapi.com/marketing/v3/openapi.yaml	census 7	enumeration.tsv.gz
example	document	APIs/hubapi.com/webhooks/v3/openapi.yaml	census 17	enumeration.tsv.gz
example	document	APIs/i-cue.solutions/v1/openapi.yaml	census 45	enumeration.tsv.gz
example	document	APIs/ibanapi.com/1.0.0/openapi.yaml	census 25	enumeration.tsv.gz
example	document	APIs/icons8.com/1.0.0/openapi.yaml	census 1	enumeration.tsv.gz
example	document	APIs/id4i.de/1.0.2/openapi.yaml	census 123	enumeration.tsv.gz
example	document	APIs/ideaconsult.net/enanomapper/4.0.0/openapi.yaml	census 1	enumeration.tsv.gz
example	document	APIs/ideaconsult.net/nanoreg/4.0.0/openapi.yaml	census 1	enumeration.tsv.gz
example	document	APIs/ideal-postcodes.co.uk/3.7.0/openapi.yaml	census 213	enumeration.tsv.gz
example	document	APIs/impala.travel/hotels/1.003/openapi.yaml	census 159	enumeration.tsv.gz
example	document	APIs/increase.com/0.0.1/openapi.yaml	census 408	enumeration.tsv.gz
example	document	APIs/influxdata.com/2.0.0/openapi.yaml	census 29	enumeration.tsv.gz
example	document	APIs/intellifi.nl/2.23.4+0.gb463b49.dirty/openapi.yaml	census 67	enumeration.tsv.gz
example	document	APIs/ip2location.com/geolocation/1.0/openapi.yaml	census 2	enumeration.tsv.gz
example	document	APIs/ip2location.io/1.0/openapi.yaml	census 1	enumeration.tsv.gz
example	document	APIs/ipqualityscore.com/1.0.0/openapi.yaml	census 118	enumeration.tsv.gz
example	document	APIs/isendpro.com/1.1.1/openapi.yaml	census 6	enumeration.tsv.gz
example	document	APIs/ix-api.net/2.1.0/openapi.yaml	census 975	enumeration.tsv.gz
example	document	APIs/journy.io/1.0.0/openapi.yaml	census 4	enumeration.tsv.gz
example	document	APIs/json2video.com/2.0.0/openapi.yaml	census 19	enumeration.tsv.gz
example	document	APIs/just-eat.co.uk/1.0.0/openapi.yaml	census 489	enumeration.tsv.gz
example	document	APIs/klarna.com/payments/1.0.0/openapi.yaml	census 113	enumeration.tsv.gz
example	document	APIs/kumpeapps.com/5.0.0/openapi.yaml	census 122	enumeration.tsv.gz
example	document	APIs/lambdatest.com/1.0.1/openapi.yaml	census 52	enumeration.tsv.gz
example	document	APIs/lgtm.com/v1.0/openapi.yaml	census 70	enumeration.tsv.gz
example	document	APIs/libretranslate.local/1.3.10/openapi.yaml	census 5	enumeration.tsv.gz
example	document	APIs/linode.com/4.151.1/openapi.yaml	census 863	enumeration.tsv.gz
example	document	APIs/linqr.app/2.0/openapi.yaml	census 60	enumeration.tsv.gz
example	document	APIs/ljaero.com/dflight/V 1.0.0/openapi.yaml	census 48	enumeration.tsv.gz
example	document	APIs/loket.nl/V2/openapi.yaml	census 22668	enumeration.tsv.gz
example	document	APIs/maif.local/otoroshi/1.5.0-dev/openapi.yaml	census 430	enumeration.tsv.gz
example	document	APIs/mailchimp.com/3.0.55/openapi.yaml	census 10311	enumeration.tsv.gz
example	document	APIs/mastodon.local/1.0/openapi.yaml	census 4	enumeration.tsv.gz
example	document	APIs/mbus.local/0.3.5/openapi.yaml	census 14	enumeration.tsv.gz
example	document	APIs/medium.com/1.0/openapi.yaml	census 151	enumeration.tsv.gz
example	document	APIs/meilisearch.com/1.0.0/openapi.yaml	census 115	enumeration.tsv.gz
example	document	APIs/meraki.com/0.0.0-streaming/openapi.yaml	census 77	enumeration.tsv.gz
example	document	APIs/meraki.com/1.32.0/openapi.yaml	census 216	enumeration.tsv.gz
example	document	APIs/mercure.local/0.3.2/openapi.yaml	census 10	enumeration.tsv.gz
example	document	APIs/metadapi.com/1.0/openapi.yaml	census 28	enumeration.tsv.gz
example	document	APIs/meteosource.com/v1/openapi.yaml	census 8	enumeration.tsv.gz
example	document	APIs/microcks.local/1.7.0/openapi.yaml	census 4	enumeration.tsv.gz
example	document	APIs/mist.com/0.37.7/openapi.yaml	census 315	enumeration.tsv.gz
example	document	APIs/namsor.com/2.0.24/openapi.yaml	census 2	enumeration.tsv.gz
example	document	APIs/nbg.gr/v3.1.5/openapi.yaml	census 3	enumeration.tsv.gz
example	document	APIs/ndhm.gov.in/ndhm-cm/0.5/openapi.yaml	census 51	enumeration.tsv.gz
example	document	APIs/ndhm.gov.in/ndhm-gateway/0.5/openapi.yaml	census 112	enumeration.tsv.gz
example	document	APIs/ndhm.gov.in/ndhm-hip/0.5/openapi.yaml	census 78	enumeration.tsv.gz
example	document	APIs/ndhm.gov.in/ndhm-hiu/0.5/openapi.yaml	census 82	enumeration.tsv.gz
example	document	APIs/nebl.io/1.3.0/openapi.yaml	census 4	enumeration.tsv.gz
example	document	APIs/netatmo.net/1.1.5/openapi.yaml	census 18	enumeration.tsv.gz
example	document	APIs/neutrinoapi.net/3.6.4/openapi.yaml	census 5	enumeration.tsv.gz
example	document	APIs/nexmo.com/account/1.0.4/openapi.yaml	census 53	enumeration.tsv.gz
example	document	APIs/nexmo.com/application.v2/2.1.4/openapi.yaml	census 77	enumeration.tsv.gz
example	document	APIs/nexmo.com/application/1.0.2/openapi.yaml	census 32	enumeration.tsv.gz
example	document	APIs/nexmo.com/audit/1.0.4/openapi.yaml	census 51	enumeration.tsv.gz
example	document	APIs/nexmo.com/conversation.v2/1.0.1/openapi.yaml	census 58	enumeration.tsv.gz
example	document	APIs/nexmo.com/conversation/2.0.1/openapi.yaml	census 69	enumeration.tsv.gz
example	document	APIs/nexmo.com/dispatch/0.3.4/openapi.yaml	census 50	enumeration.tsv.gz
example	document	APIs/nexmo.com/external-accounts/0.1.5/openapi.yaml	census 72	enumeration.tsv.gz
example	document	APIs/nexmo.com/media/1.0.2/openapi.yaml	census 30	enumeration.tsv.gz
example	document	APIs/nexmo.com/messages-olympus/1.4.0/openapi.yaml	census 169	enumeration.tsv.gz
example	document	APIs/nexmo.com/number-insight/1.2.1/openapi.yaml	census 152	enumeration.tsv.gz
example	document	APIs/nexmo.com/numbers/1.0.20/openapi.yaml	census 34	enumeration.tsv.gz
example	document	APIs/nexmo.com/pricing/0.0.3/openapi.yaml	census 26	enumeration.tsv.gz
example	document	APIs/nexmo.com/redact/1.0.6/openapi.yaml	census 29	enumeration.tsv.gz
example	document	APIs/nexmo.com/reports/2.2.2/openapi.yaml	census 159	enumeration.tsv.gz
example	document	APIs/nexmo.com/sms/1.2.0/openapi.yaml	census 58	enumeration.tsv.gz
example	document	APIs/nexmo.com/subaccounts/1.0.8/openapi.yaml	census 73	enumeration.tsv.gz
example	document	APIs/nexmo.com/verify/1.2.4/openapi.yaml	census 91	enumeration.tsv.gz
example	document	APIs/nexmo.com/voice/1.3.10/openapi.yaml	census 60	enumeration.tsv.gz
example	document	APIs/nic.at/domainfinder/1.1.0/openapi.yaml	census 1	enumeration.tsv.gz
example	document	APIs/noosh.com/1.0/openapi.yaml	census 948	enumeration.tsv.gz
example	document	APIs/nordigen.com/2.0 (v2)/openapi.yaml	census 12	enumeration.tsv.gz
example	document	APIs/notion.com/1.0.0/openapi.yaml	census 762	enumeration.tsv.gz
example	document	APIs/nowpayments.io/1.0.0/openapi.yaml	census 258	enumeration.tsv.gz
example	document	APIs/ntropy.network/1.0.0/openapi.yaml	census 35	enumeration.tsv.gz
example	document	APIs/okta.local/1.0.0/openapi.yaml	census 18	enumeration.tsv.gz
example	document	APIs/openai.com/1.2.0/openapi.yaml	census 55	enumeration.tsv.gz
example	document	APIs/openapi-generator.tech/6.5.0/openapi.yaml	census 3	enumeration.tsv.gz
example	document	APIs/openbankingproject.ch/1.3.8_2020-12-14 - Swiss edition 1.3.8.1-CH/openapi.yaml	census 58	enumeration.tsv.gz
example	document	APIs/openpolicy.local/0.28.0/openapi.yaml	census 67	enumeration.tsv.gz
example	document	APIs/openstates.org/2021.11.12/openapi.yaml	census 102	enumeration.tsv.gz
example	document	APIs/opensuse.org/obs/2.10.50/openapi.yaml	census 207	enumeration.tsv.gz
example	document	APIs/opentargets.io/19.02.1/openapi.yaml	census 8	enumeration.tsv.gz
example	document	APIs/openuv.io/v1/openapi.yaml	census 16	enumeration.tsv.gz
example	document	APIs/orthanc-server.com/1.12.0/openapi.yaml	census 68	enumeration.tsv.gz
example	document	APIs/osf.io/2.0/openapi.yaml	census 60	enumeration.tsv.gz
example	document	APIs/ote-godaddy.com/shoppers/1.0.0/openapi.yaml	census 1	enumeration.tsv.gz
example	document	APIs/patrowl.local/1.0.0/openapi.yaml	census 3	enumeration.tsv.gz
example	document	APIs/pay1.de/link/v1/openapi.yaml	census 52	enumeration.tsv.gz
example	document	APIs/pdfblocks.com/1.5.0/openapi.yaml	census 16	enumeration.tsv.gz
example	document	APIs/pdfgeneratorapi.com/3.1.1/openapi.yaml	census 94	enumeration.tsv.gz
example	document	APIs/peoplefinderspro.com/1.0.0/openapi.yaml	census 4	enumeration.tsv.gz
example	document	APIs/personio.de/personnel/1.0/openapi.yaml	census 2	enumeration.tsv.gz
example	document	APIs/phantauth.net/1.0.0/openapi.yaml	census 2	enumeration.tsv.gz
example	document	APIs/pinecone.io/20230406.1/openapi.yaml	census 13	enumeration.tsv.gz
example	document	APIs/placekit.co/1.0.0/openapi.yaml	census 27	enumeration.tsv.gz
example	document	APIs/plaid.com/2020-09-14_1.345.1/openapi.yaml	census 131	enumeration.tsv.gz
example	document	APIs/pocketsmith.com/2.0/openapi.yaml	census 242	enumeration.tsv.gz
example	document	APIs/probely.com/1.2.0/openapi.yaml	census 87	enumeration.tsv.gz
example	document	APIs/prss.org/2.0.0/openapi.yaml	census 3	enumeration.tsv.gz
example	document	APIs/qualtrics.com/0.2/openapi.yaml	census 1	enumeration.tsv.gz
example	document	APIs/randomlovecraft.com/1.0/openapi.yaml	census 5	enumeration.tsv.gz
example	document	APIs/rapidapi.com/1.0.0/openapi.yaml	census 131	enumeration.tsv.gz
example	document	APIs/rapidapi.com/dynamicdocs/1.0/openapi.yaml	census 5	enumeration.tsv.gz
example	document	APIs/rapidapi.com/ecowetter/1.0.0/openapi.yaml	census 23	enumeration.tsv.gz
example	document	APIs/rapidapi.com/idealspot-geodata/1.0/openapi.yaml	census 26	enumeration.tsv.gz
example	document	APIs/rapidapi.com/spellcheckpro/1.0.0/openapi.yaml	census 3	enumeration.tsv.gz
example	document	APIs/rawg.io/v1.0/openapi.yaml	census 1	enumeration.tsv.gz
example	document	APIs/rebilly.com/2.1/openapi.yaml	census 134	enumeration.tsv.gz
example	document	APIs/redeal.io/analytics/1.0.0/openapi.yaml	census 38	enumeration.tsv.gz
example	document	APIs/redhat.com/catalog_inventory/1.0.0/openapi.yaml	census 30	enumeration.tsv.gz
example	document	APIs/reloadly.com/1.0.0/openapi.yaml	census 1	enumeration.tsv.gz
example	document	APIs/remove.bg/1.0.0/openapi.yaml	census 34	enumeration.tsv.gz
example	document	APIs/rentcast.io/1.0/openapi.yaml	census 360	enumeration.tsv.gz
example	document	APIs/rev.ai/v1/openapi.yaml	census 31	enumeration.tsv.gz
example	document	APIs/rudder.example.local/17/openapi.yaml	census 651	enumeration.tsv.gz
example	document	APIs/rumble.run/2.15.0/openapi.yaml	census 475	enumeration.tsv.gz
example	document	APIs/sakari.io/1.0.1/openapi.yaml	census 20	enumeration.tsv.gz
example	document	APIs/salesforce.local/einstein/2.0.1/openapi.yaml	census 118	enumeration.tsv.gz
example	document	APIs/salesloft.com/v2/openapi.yaml	census 553	enumeration.tsv.gz
example	document	APIs/scideas.net/perfectpdf/1.0/openapi.yaml	census 3	enumeration.tsv.gz
example	document	APIs/scideas.net/regression/1.0/openapi.yaml	census 22	enumeration.tsv.gz
example	document	APIs/seldon.local/engine/0.1/openapi.yaml	census 3	enumeration.tsv.gz
example	document	APIs/seldon.local/wrapper/0.1/openapi.yaml	census 3	enumeration.tsv.gz
example	document	APIs/sendgrid.com/1.0.0/openapi.yaml	census 150	enumeration.tsv.gz
example	document	APIs/shipengine.com/1.1.202304191404/openapi.yaml	census 189	enumeration.tsv.gz
example	document	APIs/shipstation.com/1.0.0/openapi.yaml	census 1	enumeration.tsv.gz
example	document	APIs/shop-pro.jp/1.0.0/openapi.yaml	census 150	enumeration.tsv.gz
example	document	APIs/shorten.rest/1.0.0/openapi.yaml	census 13	enumeration.tsv.gz
example	document	APIs/shotstack.io/v1/openapi.yaml	census 65	enumeration.tsv.gz
example	document	APIs/shutterstock.com/1.1.32/openapi.yaml	census 174	enumeration.tsv.gz
example	document	APIs/sinao.app/1.1.0/openapi.yaml	census 11	enumeration.tsv.gz
example	document	APIs/sms77.io/1.0.0/openapi.yaml	census 7	enumeration.tsv.gz
example	document	APIs/snyk.io/1.0.0/openapi.yaml	census 57	enumeration.tsv.gz
example	document	APIs/soundcloud.com/1.0.0/openapi.yaml	census 7	enumeration.tsv.gz
example	document	APIs/spacetraders.io/2.0.0/openapi.yaml	census 1	enumeration.tsv.gz
example	document	APIs/spinitron.com/1.0.0/openapi.yaml	census 64	enumeration.tsv.gz
example	document	APIs/spoonacular.com/1.1/openapi.yaml	census 393	enumeration.tsv.gz
example	document	APIs/spotify.com/1.0.0/openapi.yaml	census 198	enumeration.tsv.gz
example	document	APIs/spotify.com/sonallux/2023.2.27/openapi.yaml	census 196	enumeration.tsv.gz
example	document	APIs/squareup.com/2.0/openapi.yaml	census 346	enumeration.tsv.gz
example	document	APIs/stellastra.com/1.0/openapi.yaml	census 11	enumeration.tsv.gz
example	document	APIs/stoplight.io/api-v1/openapi.yaml	census 1	enumeration.tsv.gz
example	document	APIs/superset.apache.local/superset/v1/openapi.yaml	census 112	enumeration.tsv.gz
example	document	APIs/surevoip.co.uk/9dcb0dc8/openapi.yaml	census 12	enumeration.tsv.gz
example	document	APIs/svix.com/1.4/openapi.yaml	census 279	enumeration.tsv.gz
example	document	APIs/symanto.net/1.0/openapi.yaml	census 3	enumeration.tsv.gz
example	document	APIs/tafqit.herokuapp.com/v1/openapi.yaml	census 3	enumeration.tsv.gz
example	document	APIs/taxrates.io/1.0.0/openapi.yaml	census 48	enumeration.tsv.gz
example	document	APIs/tcgdex.net/2.0.0/openapi.yaml	census 41	enumeration.tsv.gz
example	document	APIs/telematicssdk.com/1.0.0/openapi.yaml	census 273	enumeration.tsv.gz
example	document	APIs/telnyx.com/2.0.0/openapi.yaml	census 2501	enumeration.tsv.gz
example	document	APIs/telstra.com/3.x/openapi.yaml	census 237	enumeration.tsv.gz
example	document	APIs/thebluealliance.com/3.8.2/openapi.yaml	census 4	enumeration.tsv.gz
example	document	APIs/ticketmaster.com/discovery/v2/openapi.yaml	census 10	enumeration.tsv.gz
example	document	APIs/ticketmaster.com/publish/v2/openapi.yaml	census 43	enumeration.tsv.gz
example	document	APIs/tisane.ai/1.0.0/openapi.yaml	census 54	enumeration.tsv.gz
example	document	APIs/tokenmetrics.com/1.0.0/openapi.yaml	census 48	enumeration.tsv.gz
example	document	APIs/tomtom.com/routing/1.0.0/openapi.yaml	census 2	enumeration.tsv.gz
example	document	APIs/tomtom.com/search/1.0.0/openapi.yaml	census 4	enumeration.tsv.gz
example	document	APIs/trakt.tv/1.0.0/openapi.yaml	census 26	enumeration.tsv.gz
example	document	APIs/trashnothing.com/1.3/openapi.yaml	census 8	enumeration.tsv.gz
example	document	APIs/truanon.com/1.0.0/openapi.yaml	census 4	enumeration.tsv.gz
example	document	APIs/truesight.local/11.1.00/openapi.yaml	census 42	enumeration.tsv.gz
example	document	APIs/truora.com/1.0.0/openapi.yaml	census 7	enumeration.tsv.gz
example	document	APIs/twinehealth.com/v7.78.1/openapi.yaml	census 132	enumeration.tsv.gz
example	document	APIs/twitter.com/current/2.62/openapi.yaml	census 112	enumeration.tsv.gz
example	document	APIs/unicourt.com/1.0.0/openapi.yaml	census 962	enumeration.tsv.gz
example	document	APIs/va.gov/benefits/1.0.0/openapi.yaml	census 89	enumeration.tsv.gz
example	document	APIs/va.gov/confirmation/0.0.1/openapi.yaml	census 11	enumeration.tsv.gz
example	document	APIs/va.gov/facilities/0.0.1/openapi.yaml	census 116	enumeration.tsv.gz
example	document	APIs/va.gov/forms/0.0.0/openapi.yaml	census 51	enumeration.tsv.gz
example	document	APIs/velopayments.com/2.35.57/openapi.yaml	census 928	enumeration.tsv.gz
example	document	APIs/viator.com/1.0.0/openapi.yaml	census 48	enumeration.tsv.gz
example	document	APIs/vimeo.com/3.4/openapi.yaml	census 1542	enumeration.tsv.gz
example	document	APIs/visma.net/1.0.14.784/openapi.yaml	census 2	enumeration.tsv.gz
example	document	APIs/visma.net/9.66.02.1023/openapi.yaml	census 24	enumeration.tsv.gz
example	document	APIs/vmware.local/vrni/1.0.0/openapi.yaml	census 24	enumeration.tsv.gz
example	document	APIs/vonage.com/account/1.11.8/openapi.yaml	census 30	enumeration.tsv.gz
example	document	APIs/vonage.com/extension/1.11.8/openapi.yaml	census 18	enumeration.tsv.gz
example	document	APIs/vonage.com/reports/1.0.1/openapi.yaml	census 27	enumeration.tsv.gz
example	document	APIs/vonage.com/user/1.11.8/openapi.yaml	census 18	enumeration.tsv.gz
example	document	APIs/vonage.com/vgis/1.0.1/openapi.yaml	census 44	enumeration.tsv.gz
example	document	APIs/vtex.local/Catalog-API-Seller-Portal/1.0.0/openapi.yaml	census 284	enumeration.tsv.gz
example	document	APIs/vtex.local/Catalog-API/1.0/openapi.yaml	census 824	enumeration.tsv.gz
example	document	APIs/vtex.local/Checkout-API/1.0/openapi.yaml	census 69	enumeration.tsv.gz
example	document	APIs/vtex.local/Customer-Credit-API/1.0/openapi.yaml	census 90	enumeration.tsv.gz
example	document	APIs/vtex.local/GiftCard-Hub-API/1.0/openapi.yaml	census 7	enumeration.tsv.gz
example	document	APIs/vtex.local/Giftcard-API/1.0/openapi.yaml	census 28	enumeration.tsv.gz
example	document	APIs/vtex.local/Headless-CMS-API/0.31.2/openapi.yaml	census 12	enumeration.tsv.gz
example	document	APIs/vtex.local/Intelligent-Search-API/0.1.12/openapi.yaml	census 5	enumeration.tsv.gz
example	document	APIs/vtex.local/License-Manager-API/1.0/openapi.yaml	census 4	enumeration.tsv.gz
example	document	APIs/vtex.local/Logistics-API/1.0/openapi.yaml	census 348	enumeration.tsv.gz
example	document	APIs/vtex.local/Marketplace-APIs-/1.0/openapi.yaml	census 15	enumeration.tsv.gz
example	document	APIs/vtex.local/Marketplace-APIs/1.0/openapi.yaml	census 19	enumeration.tsv.gz
example	document	APIs/vtex.local/Marketplace-Protocol/1.0/openapi.yaml	census 422	enumeration.tsv.gz
example	document	APIs/vtex.local/Master-Data-API-/1.0/openapi.yaml	census 43	enumeration.tsv.gz
example	document	APIs/vtex.local/MasterData-API-/1.0/openapi.yaml	census 21	enumeration.tsv.gz
example	document	APIs/vtex.local/Orders-API-(PII-version)/1.0/openapi.yaml	census 86	enumeration.tsv.gz
example	document	APIs/vtex.local/Orders-API/1.0/openapi.yaml	census 140	enumeration.tsv.gz
example	document	APIs/vtex.local/Payments-Gateway-API/1.0/openapi.yaml	census 145	enumeration.tsv.gz
example	document	APIs/vtex.local/Policies-System-API/1.0.0/openapi.yaml	census 6	enumeration.tsv.gz
example	document	APIs/vtex.local/Pricing-API/1.0/openapi.yaml	census 73	enumeration.tsv.gz
example	document	APIs/vtex.local/Pricing-Hub/1.0/openapi.yaml	census 3	enumeration.tsv.gz
example	document	APIs/vtex.local/Profile-System/1.0/openapi.yaml	census 37	enumeration.tsv.gz
example	document	APIs/vtex.local/Promotions-/1.0/openapi.yaml	census 273	enumeration.tsv.gz
example	document	APIs/vtex.local/Recurrence-(v1-/1.0/openapi.yaml	census 31	enumeration.tsv.gz
example	document	APIs/vtex.local/Reviews-and-Ratings-API/1.0/openapi.yaml	census 22	enumeration.tsv.gz
example	document	APIs/vtex.local/SKU-Bindings-API/1.0/openapi.yaml	census 29	enumeration.tsv.gz
example	document	APIs/vtex.local/Search-API/1.0/openapi.yaml	census 1014	enumeration.tsv.gz
example	document	APIs/vtex.local/Session-Manager-API/1.0/openapi.yaml	census 9	enumeration.tsv.gz
example	document	APIs/vtex.local/Subscriptions-API-(v2)/1.0/openapi.yaml	census 66	enumeration.tsv.gz
example	document	APIs/vtex.local/Subscriptions-API-(v3)/1.0/openapi.yaml	census 81	enumeration.tsv.gz
example	document	APIs/vtex.local/VTEX-Do-API/1.0/openapi.yaml	census 41	enumeration.tsv.gz
example	document	APIs/walmart.com/price/1.0.0/openapi.yaml	census 86	enumeration.tsv.gz
example	document	APIs/wealthreader.com/1.0.0/openapi.yaml	census 117	enumeration.tsv.gz
example	document	APIs/whatsapp.local/1.0/openapi.yaml	census 105	enumeration.tsv.gz
example	document	APIs/windows.net/graphrbac/1.6/openapi.yaml	census 1	enumeration.tsv.gz
example	document	APIs/wiremock.org/admin/2.35.0/openapi.yaml	census 79	enumeration.tsv.gz
example	document	APIs/wyjyt-geo-calculate.azurewebsites.net/1.0.0/openapi.yaml	census 4	enumeration.tsv.gz
example	document	APIs/xero.com/xero-payroll-au/2.9.4/openapi.yaml	census 234	enumeration.tsv.gz
example	document	APIs/xero.com/xero_accounting/2.9.4/openapi.yaml	census 88	enumeration.tsv.gz
example	document	APIs/xero.com/xero_assets/2.9.4/openapi.yaml	census 54	enumeration.tsv.gz
example	document	APIs/xero.com/xero_bankfeeds/2.9.4/openapi.yaml	census 34	enumeration.tsv.gz
example	document	APIs/xero.com/xero_files/2.9.4/openapi.yaml	census 37	enumeration.tsv.gz
example	document	APIs/zeit.co/v2019-01-07/openapi.yaml	census 3	enumeration.tsv.gz
example	document	APIs/zoom.us/2.0.0/openapi.yaml	census 8	enumeration.tsv.gz
example	document	APIs/zuora.com/2021-08-20/openapi.yaml	census 238	enumeration.tsv.gz
example	walk	APIs-guru/openapi-directory@f04b8d0bcd39c52e1cf3ad7a5fe744709832ae49	4138	enumeration.tsv.gz
format-duration	document	APIs/microsoft.com/cognitiveservices-Training/1.2/openapi.yaml	census 1	enumeration.tsv.gz
format-duration	document	APIs/microsoft.com/graph-beta/1.0.1/openapi.yaml	census 91	enumeration.tsv.gz
format-duration	document	APIs/microsoft.com/graph/1.0.1/openapi.yaml	census 50	enumeration.tsv.gz
format-duration	document	APIs/windows.net/batch-BatchService/2015-12-01.2.2/openapi.yaml	census 29	enumeration.tsv.gz
format-duration	document	APIs/windows.net/batch-BatchService/2016-02-01.3.0/openapi.yaml	census 29	enumeration.tsv.gz
format-duration	walk	APIs-guru/openapi-directory@f04b8d0bcd39c52e1cf3ad7a5fe744709832ae49	4138	enumeration.tsv.gz
format-email	document	APIs/1password.com/events/1.2.0/openapi.yaml	census 1	enumeration.tsv.gz
format-email	document	APIs/airbyte.local/config/1.0.0/openapi.yaml	census 3	enumeration.tsv.gz
format-email	document	APIs/alertersystem.com/1.7.0/openapi.yaml	census 53	enumeration.tsv.gz
format-email	document	APIs/apacta.com/0.0.42/openapi.yaml	census 6	enumeration.tsv.gz
format-email	document	APIs/apideck.com/accounting/10.0.0/openapi.yaml	census 1	enumeration.tsv.gz
format-email	document	APIs/apideck.com/ats/10.0.0/openapi.yaml	census 1	enumeration.tsv.gz
format-email	document	APIs/apideck.com/crm/10.0.0/openapi.yaml	census 1	enumeration.tsv.gz
format-email	document	APIs/apideck.com/customer-support/9.5.0/openapi.yaml	census 1	enumeration.tsv.gz
format-email	document	APIs/apideck.com/ecommerce/10.0.0/openapi.yaml	census 1	enumeration.tsv.gz
format-email	document	APIs/apideck.com/hris/10.0.0/openapi.yaml	census 2	enumeration.tsv.gz
format-email	document	APIs/apideck.com/issue-tracking/10.0.0/openapi.yaml	census 1	enumeration.tsv.gz
format-email	document	APIs/apideck.com/lead/10.0.0/openapi.yaml	census 1	enumeration.tsv.gz
format-email	document	APIs/apideck.com/pos/10.0.0/openapi.yaml	census 1	enumeration.tsv.gz
format-email	document	APIs/apideck.com/sms/10.0.0/openapi.yaml	census 1	enumeration.tsv.gz
format-email	document	APIs/apple.com/app-store-connect/1.4.1/openapi.yaml	census 4	enumeration.tsv.gz
format-email	document	APIs/asana.com/1.0/openapi.yaml	census 1	enumeration.tsv.gz
format-email	document	APIs/beezup.com/2.0/openapi.yaml	census 4	enumeration.tsv.gz
format-email	document	APIs/box.com/2.0.0/openapi.yaml	census 3	enumeration.tsv.gz
format-email	document	APIs/circleci.com/v1/openapi.yaml	census 5	enumeration.tsv.gz
format-email	document	APIs/cpy.re/peertube/5.1.0/openapi.yaml	census 8	enumeration.tsv.gz
format-email	document	APIs/digitalocean.com/2.0/openapi.yaml	census 1	enumeration.tsv.gz
format-email	document	APIs/discourse.local/latest/openapi.yaml	census 1	enumeration.tsv.gz
format-email	document	APIs/elmah.io/v3/openapi.yaml	census 1	enumeration.tsv.gz
format-email	document	APIs/exavault.com/2.0/openapi.yaml	census 13	enumeration.tsv.gz
format-email	document	APIs/files.com/0.0.1/openapi.yaml	census 5	enumeration.tsv.gz
format-email	document	APIs/flat.io/2.13.0/openapi.yaml	census 3	enumeration.tsv.gz
format-email	document	APIs/gitea.io/1.20.0+dev-539-g5e389228f/openapi.yaml	census 7	enumeration.tsv.gz
format-email	document	APIs/github.com/api.github.com.2022-11-28/1.1.4/openapi.yaml	census 31	enumeration.tsv.gz
format-email	document	APIs/github.com/api.github.com/1.1.4/openapi.yaml	census 31	enumeration.tsv.gz
format-email	document	APIs/github.com/ghec.2022-11-28/1.1.4/openapi.yaml	census 31	enumeration.tsv.gz
format-email	document	APIs/github.com/ghec/1.1.4/openapi.yaml	census 31	enumeration.tsv.gz
format-email	document	APIs/github.com/ghes-2.18/1.1.4/openapi.yaml	census 7	enumeration.tsv.gz
format-email	document	APIs/github.com/ghes-2.19/1.1.4/openapi.yaml	census 7	enumeration.tsv.gz
format-email	document	APIs/github.com/ghes-2.20/1.1.4/openapi.yaml	census 7	enumeration.tsv.gz
format-email	document	APIs/github.com/ghes-2.21/1.1.4/openapi.yaml	census 7	enumeration.tsv.gz
format-email	document	APIs/github.com/ghes-2.22/1.1.4/openapi.yaml	census 7	enumeration.tsv.gz
format-email	document	APIs/github.com/ghes-3.0/1.1.4/openapi.yaml	census 7	enumeration.tsv.gz
format-email	document	APIs/github.com/ghes-3.1/1.1.4/openapi.yaml	census 7	enumeration.tsv.gz
format-email	document	APIs/github.com/ghes-3.2/1.1.4/openapi.yaml	census 9	enumeration.tsv.gz
format-email	document	APIs/github.com/ghes-3.3/1.1.4/openapi.yaml	census 9	enumeration.tsv.gz
format-email	document	APIs/github.com/ghes-3.4/1.1.4/openapi.yaml	census 9	enumeration.tsv.gz
format-email	document	APIs/github.com/ghes-3.5/1.1.4/openapi.yaml	census 9	enumeration.tsv.gz
format-email	document	APIs/github.com/ghes-3.6/1.1.4/openapi.yaml	census 9	enumeration.tsv.gz
format-email	document	APIs/github.com/ghes-3.7/1.1.4/openapi.yaml	census 30	enumeration.tsv.gz
format-email	document	APIs/github.com/ghes-3.8/1.1.4/openapi.yaml	census 30	enumeration.tsv.gz
format-email	document	APIs/github.com/github.ae/1.1.4/openapi.yaml	census 28	enumeration.tsv.gz
format-email	document	APIs/gov.bc.ca/gwells/v1/openapi.yaml	census 3	enumeration.tsv.gz
format-email	document	APIs/gsmtasks.com/2.4.13/openapi.yaml	census 36	enumeration.tsv.gz
format-email	document	APIs/iqualify.com/v1/openapi.yaml	census 6	enumeration.tsv.gz
format-email	document	APIs/journy.io/1.0.0/openapi.yaml	census 7	enumeration.tsv.gz
format-email	document	APIs/jumpseller.com/1.0.0/openapi.yaml	census 2	enumeration.tsv.gz
format-email	document	APIs/just-eat.co.uk/1.0.0/openapi.yaml	census 3	enumeration.tsv.gz
format-email	document	APIs/linode.com/4.151.1/openapi.yaml	census 4	enumeration.tsv.gz
format-email	document	APIs/linqr.app/2.0/openapi.yaml	census 5	enumeration.tsv.gz
format-email	document	APIs/loket.nl/V2/openapi.yaml	census 6	enumeration.tsv.gz
format-email	document	APIs/maif.local/otoroshi/1.5.0-dev/openapi.yaml	census 4	enumeration.tsv.gz
format-email	document	APIs/mist.com/0.37.7/openapi.yaml	census 4	enumeration.tsv.gz
format-email	document	APIs/netbox.dev/3.4/openapi.yaml	census 4	enumeration.tsv.gz
format-email	document	APIs/netboxdemo.com/2.4/openapi.yaml	census 2	enumeration.tsv.gz
format-email	document	APIs/netboxdemo.com/2.8/openapi.yaml	census 2	enumeration.tsv.gz
format-email	document	APIs/nexmo.com/account/1.0.4/openapi.yaml	census 1	enumeration.tsv.gz
format-email	document	APIs/nexmo.com/audit/1.0.4/openapi.yaml	census 1	enumeration.tsv.gz
format-email	document	APIs/optimade.local/1.1.0~develop/openapi.yaml	census 6	enumeration.tsv.gz
format-email	document	APIs/ote-godaddy.com/domains/1.0.0/openapi.yaml	census 3	enumeration.tsv.gz
format-email	document	APIs/ote-godaddy.com/orders/1.0.0/openapi.yaml	census 1	enumeration.tsv.gz
format-email	document	APIs/ote-godaddy.com/shoppers/1.0.0/openapi.yaml	census 3	enumeration.tsv.gz
format-email	document	APIs/plaid.com/2020-09-14_1.345.1/openapi.yaml	census 2	enumeration.tsv.gz
format-email	document	APIs/rebilly.com/2.1/openapi.yaml	census 2	enumeration.tsv.gz
format-email	document	APIs/rumble.run/2.15.0/openapi.yaml	census 4	enumeration.tsv.gz
format-email	document	APIs/sendgrid.com/1.0.0/openapi.yaml	census 47	enumeration.tsv.gz
format-email	document	APIs/shipengine.com/1.1.202304191404/openapi.yaml	census 1	enumeration.tsv.gz
format-email	document	APIs/sinao.app/1.1.0/openapi.yaml	census 17	enumeration.tsv.gz
format-email	document	APIs/slack.com/1.7.0/openapi.yaml	census 3	enumeration.tsv.gz
format-email	document	APIs/spinitron.com/1.0.0/openapi.yaml	census 1	enumeration.tsv.gz
format-email	document	APIs/storecove.com/2.0.1/openapi.yaml	census 3	enumeration.tsv.gz
format-email	document	APIs/telnyx.com/2.0.0/openapi.yaml	census 1	enumeration.tsv.gz
format-email	document	APIs/velopayments.com/2.35.57/openapi.yaml	census 24	enumeration.tsv.gz
format-email	document	APIs/vercel.com/0.0.1/openapi.yaml	census 1	enumeration.tsv.gz
format-email	document	APIs/visma.net/1.0.14.784/openapi.yaml	census 2	enumeration.tsv.gz
format-email	document	APIs/zoom.us/2.0.0/openapi.yaml	census 102	enumeration.tsv.gz
format-email	document	APIs/zuora.com/2021-08-20/openapi.yaml	census 13	enumeration.tsv.gz
format-email	walk	APIs-guru/openapi-directory@f04b8d0bcd39c52e1cf3ad7a5fe744709832ae49	4138	enumeration.tsv.gz
format-hostname	document	APIs/alertersystem.com/1.7.0/openapi.yaml	census 28	enumeration.tsv.gz
format-hostname	document	APIs/cpy.re/peertube/5.1.0/openapi.yaml	census 9	enumeration.tsv.gz
format-hostname	document	APIs/digitalocean.com/2.0/openapi.yaml	census 5	enumeration.tsv.gz
format-hostname	document	APIs/maif.local/otoroshi/1.5.0-dev/openapi.yaml	census 1	enumeration.tsv.gz
format-hostname	document	APIs/rumble.run/2.15.0/openapi.yaml	census 1	enumeration.tsv.gz
format-hostname	document	APIs/sendgrid.com/1.0.0/openapi.yaml	census 2	enumeration.tsv.gz
format-hostname	document	APIs/sinao.app/1.1.0/openapi.yaml	census 1	enumeration.tsv.gz
format-hostname	document	APIs/vercel.com/0.0.1/openapi.yaml	census 1	enumeration.tsv.gz
format-hostname	walk	APIs-guru/openapi-directory@f04b8d0bcd39c52e1cf3ad7a5fe744709832ae49	4138	enumeration.tsv.gz
format-idn-hostname	walk	APIs-guru/openapi-directory@f04b8d0bcd39c52e1cf3ad7a5fe744709832ae49	4138	enumeration.tsv.gz
format-ipv4	document	APIs/digitalocean.com/2.0/openapi.yaml	census 6	enumeration.tsv.gz
format-ipv4	document	APIs/exavault.com/2.0/openapi.yaml	census 4	enumeration.tsv.gz
format-ipv4	document	APIs/iptwist.com/1.0.0/openapi.yaml	census 2	enumeration.tsv.gz
format-ipv4	document	APIs/maif.local/otoroshi/1.5.0-dev/openapi.yaml	census 3	enumeration.tsv.gz
format-ipv4	document	APIs/mist.com/0.37.7/openapi.yaml	census 19	enumeration.tsv.gz
format-ipv4	document	APIs/nexmo.com/audit/1.0.4/openapi.yaml	census 1	enumeration.tsv.gz
format-ipv4	document	APIs/openbankingproject.ch/1.3.8_2020-12-14 - Swiss edition 1.3.8.1-CH/openapi.yaml	census 3	enumeration.tsv.gz
format-ipv4	document	APIs/sendgrid.com/1.0.0/openapi.yaml	census 9	enumeration.tsv.gz
format-ipv4	document	APIs/shutterstock.com/1.1.32/openapi.yaml	census 3	enumeration.tsv.gz
format-ipv4	document	APIs/threatjammer.com/1.2.27/openapi.yaml	census 5	enumeration.tsv.gz
format-ipv4	document	APIs/vercel.com/0.0.1/openapi.yaml	census 1	enumeration.tsv.gz
format-ipv4	walk	APIs-guru/openapi-directory@f04b8d0bcd39c52e1cf3ad7a5fe744709832ae49	4138	enumeration.tsv.gz
format-iri	document	APIs/mercure.local/0.3.2/openapi.yaml	census 2	enumeration.tsv.gz
format-iri	walk	APIs-guru/openapi-directory@f04b8d0bcd39c52e1cf3ad7a5fe744709832ae49	4138	enumeration.tsv.gz
format-json-pointer	document	APIs/gsmtasks.com/2.4.13/openapi.yaml	census 1	enumeration.tsv.gz
format-json-pointer	document	APIs/telnyx.com/2.0.0/openapi.yaml	census 3	enumeration.tsv.gz
format-json-pointer	walk	APIs-guru/openapi-directory@f04b8d0bcd39c52e1cf3ad7a5fe744709832ae49	4138	enumeration.tsv.gz
format-password	document	APIs/amazonaws.com/account/2021-02-01/openapi.yaml	census 18	enumeration.tsv.gz
format-password	document	APIs/amazonaws.com/acm/2015-12-08/openapi.yaml	census 3	enumeration.tsv.gz
format-password	document	APIs/amazonaws.com/alexaforbusiness/2017-11-09/openapi.yaml	census 6	enumeration.tsv.gz
format-password	document	APIs/amazonaws.com/amplify/2017-07-25/openapi.yaml	census 16	enumeration.tsv.gz
format-password	document	APIs/amazonaws.com/amplifyuibuilder/2021-08-11/openapi.yaml	census 1	enumeration.tsv.gz
format-password	document	APIs/amazonaws.com/appconfig/2019-10-09/openapi.yaml	census 3	enumeration.tsv.gz
format-password	document	APIs/amazonaws.com/appconfigdata/2021-11-11/openapi.yaml	census 1	enumeration.tsv.gz
format-password	document	APIs/amazonaws.com/appfabric/2023-05-19/openapi.yaml	census 3	enumeration.tsv.gz
format-password	document	APIs/amazonaws.com/appflow/2020-08-23/openapi.yaml	census 11	enumeration.tsv.gz
format-password	document	APIs/amazonaws.com/apprunner/2020-05-15/openapi.yaml	census 6	enumeration.tsv.gz
format-password	document	APIs/amazonaws.com/appstream/2016-12-01/openapi.yaml	census 4	enumeration.tsv.gz
format-password	document	APIs/amazonaws.com/backup-gateway/2021-01-01/openapi.yaml	census 2	enumeration.tsv.gz
format-password	document	APIs/amazonaws.com/billingconductor/2021-07-30/openapi.yaml	census 26	enumeration.tsv.gz
format-password	document	APIs/amazonaws.com/budgets/2016-10-20/openapi.yaml	census 1	enumeration.tsv.gz
format-password	document	APIs/amazonaws.com/chime-sdk-identity/2021-04-20/openapi.yaml	census 33	enumeration.tsv.gz
format-password	document	APIs/amazonaws.com/chime-sdk-media-pipelines/2021-07-15/openapi.yaml	census 14	enumeration.tsv.gz
format-password	document	APIs/amazonaws.com/chime-sdk-meetings/2021-07-15/openapi.yaml	census 12	enumeration.tsv.gz
format-password	document	APIs/amazonaws.com/chime-sdk-messaging/2021-05-15/openapi.yaml	census 43	enumeration.tsv.gz
format-password	document	APIs/amazonaws.com/chime-sdk-voice/2022-08-03/openapi.yaml	census 29	enumeration.tsv.gz
format-password	document	APIs/amazonaws.com/chime/2018-05-01/openapi.yaml	census 91	enumeration.tsv.gz
format-password	document	APIs/amazonaws.com/cloud9/2017-09-23/openapi.yaml	census 3	enumeration.tsv.gz
format-password	document	APIs/amazonaws.com/cloudcontrol/2021-09-30/openapi.yaml	census 2	enumeration.tsv.gz
format-password	document	APIs/amazonaws.com/cloudfront/2019-03-26/openapi.yaml	census 1	enumeration.tsv.gz
format-password	document	APIs/amazonaws.com/cloudfront/2020-05-31/openapi.yaml	census 7	enumeration.tsv.gz
format-password	document	APIs/amazonaws.com/codebuild/2016-10-06/openapi.yaml	census 1	enumeration.tsv.gz
format-password	document	APIs/amazonaws.com/codecatalyst/2022-09-28/openapi.yaml	census 2	enumeration.tsv.gz
format-password	document	APIs/amazonaws.com/codeguru-security/2018-05-10/openapi.yaml	census 1	enumeration.tsv.gz
format-password	document	APIs/amazonaws.com/codepipeline/2015-07-09/openapi.yaml	census 3	enumeration.tsv.gz
format-password	document	APIs/amazonaws.com/codestar-notifications/2019-10-15/openapi.yaml	census 6	enumeration.tsv.gz
format-password	document	APIs/amazonaws.com/codestar/2017-04-19/openapi.yaml	census 6	enumeration.tsv.gz
format-password	document	APIs/amazonaws.com/cognito-idp/2016-04-18/openapi.yaml	census 8	enumeration.tsv.gz
format-password	document	APIs/amazonaws.com/comprehend/2017-11-27/openapi.yaml	census 1	enumeration.tsv.gz
format-password	document	APIs/amazonaws.com/connect/2017-08-08/openapi.yaml	census 4	enumeration.tsv.gz
format-password	document	APIs/amazonaws.com/connectcampaigns/2021-01-30/openapi.yaml	census 1	enumeration.tsv.gz
format-password	document	APIs/amazonaws.com/databrew/2017-07-25/openapi.yaml	census 2	enumeration.tsv.gz
format-password	document	APIs/amazonaws.com/datasync/2018-11-09/openapi.yaml	census 5	enumeration.tsv.gz
format-password	document	APIs/amazonaws.com/devicefarm/2015-06-23/openapi.yaml	census 2	enumeration.tsv.gz
format-password	document	APIs/amazonaws.com/dms/2016-01-01/openapi.yaml	census 1	enumeration.tsv.gz
format-password	document	APIs/amazonaws.com/docdb-elastic/2022-11-28/openapi.yaml	census 3	enumeration.tsv.gz
format-password	document	APIs/amazonaws.com/drs/2020-02-26/openapi.yaml	census 3	enumeration.tsv.gz
format-password	document	APIs/amazonaws.com/ds/2015-04-16/openapi.yaml	census 7	enumeration.tsv.gz
format-password	document	APIs/amazonaws.com/ebs/2019-11-02/openapi.yaml	census 4	enumeration.tsv.gz
format-password	document	APIs/amazonaws.com/ec2/2016-11-15/openapi.yaml	census 11	enumeration.tsv.gz
format-password	document	APIs/amazonaws.com/ecs/2014-11-13/openapi.yaml	census 1	enumeration.tsv.gz
format-password	document	APIs/amazonaws.com/emr-containers/2020-10-01/openapi.yaml	census 5	enumeration.tsv.gz
format-password	document	APIs/amazonaws.com/emr-serverless/2021-07-13/openapi.yaml	census 6	enumeration.tsv.gz
format-password	document	APIs/amazonaws.com/es/2015-01-01/openapi.yaml	census 2	enumeration.tsv.gz
format-password	document	APIs/amazonaws.com/eventbridge/2015-10-07/openapi.yaml	census 1	enumeration.tsv.gz
format-password	document	APIs/amazonaws.com/finspace-data/2020-07-13/openapi.yaml	census 17	enumeration.tsv.gz
format-password	document	APIs/amazonaws.com/finspace/2021-03-12/openapi.yaml	census 2	enumeration.tsv.gz
format-password	document	APIs/amazonaws.com/firehose/2015-08-04/openapi.yaml	census 6	enumeration.tsv.gz
format-password	document	APIs/amazonaws.com/forecast/2018-06-26/openapi.yaml	census 2	enumeration.tsv.gz
format-password	document	APIs/amazonaws.com/frauddetector/2019-11-15/openapi.yaml	census 5	enumeration.tsv.gz
format-password	document	APIs/amazonaws.com/fsx/2018-03-01/openapi.yaml	census 2	enumeration.tsv.gz
format-password	document	APIs/amazonaws.com/grafana/2020-08-18/openapi.yaml	census 13	enumeration.tsv.gz
format-password	document	APIs/amazonaws.com/honeycode/2020-03-01/openapi.yaml	census 6	enumeration.tsv.gz
format-password	document	APIs/amazonaws.com/iam/2010-05-08/openapi.yaml	census 10	enumeration.tsv.gz
format-password	document	APIs/amazonaws.com/identitystore/2020-06-15/openapi.yaml	census 5	enumeration.tsv.gz
format-password	document	APIs/amazonaws.com/iot/2015-05-28/openapi.yaml	census 6	enumeration.tsv.gz
format-password	document	APIs/amazonaws.com/iotsecuretunneling/2018-10-05/openapi.yaml	census 1	enumeration.tsv.gz
format-password	document	APIs/amazonaws.com/iotwireless/2020-11-22/openapi.yaml	census 3	enumeration.tsv.gz
format-password	document	APIs/amazonaws.com/ivs-realtime/2020-07-14/openapi.yaml	census 1	enumeration.tsv.gz
format-password	document	APIs/amazonaws.com/ivs/2020-07-14/openapi.yaml	census 3	enumeration.tsv.gz
format-password	document	APIs/amazonaws.com/kafkaconnect/2021-09-14/openapi.yaml	census 3	enumeration.tsv.gz
format-password	document	APIs/amazonaws.com/kendra/2019-02-03/openapi.yaml	census 2	enumeration.tsv.gz
format-password	document	APIs/amazonaws.com/kinesisvideo/2017-09-30/openapi.yaml	census 1	enumeration.tsv.gz
format-password	document	APIs/amazonaws.com/kms/2014-11-01/openapi.yaml	census 4	enumeration.tsv.gz
format-password	document	APIs/amazonaws.com/lakeformation/2017-03-31/openapi.yaml	census 4	enumeration.tsv.gz
format-password	document	APIs/amazonaws.com/lambda/2015-03-31/openapi.yaml	census 7	enumeration.tsv.gz
format-password	document	APIs/amazonaws.com/lightsail/2016-11-28/openapi.yaml	census 3	enumeration.tsv.gz
format-password	document	APIs/amazonaws.com/location/2020-11-19/openapi.yaml	census 16	enumeration.tsv.gz
format-password	document	APIs/amazonaws.com/managedblockchain/2018-09-24/openapi.yaml	census 1	enumeration.tsv.gz
format-password	document	APIs/amazonaws.com/medical-imaging/2023-07-19/openapi.yaml	census 11	enumeration.tsv.gz
format-password	document	APIs/amazonaws.com/migrationhubstrategy/2020-02-19/openapi.yaml	census 2	enumeration.tsv.gz
format-password	document	APIs/amazonaws.com/models.lex.v2/2020-08-07/openapi.yaml	census 5	enumeration.tsv.gz
format-password	document	APIs/amazonaws.com/mwaa/2020-07-01/openapi.yaml	census 2	enumeration.tsv.gz
format-password	document	APIs/amazonaws.com/nimble/2020-08-01/openapi.yaml	census 26	enumeration.tsv.gz
format-password	document	APIs/amazonaws.com/opensearch/2021-01-01/openapi.yaml	census 2	enumeration.tsv.gz
format-password	document	APIs/amazonaws.com/opsworkscm/2016-11-01/openapi.yaml	census 2	enumeration.tsv.gz
format-password	document	APIs/amazonaws.com/organizations/2016-11-28/openapi.yaml	census 6	enumeration.tsv.gz
format-password	document	APIs/amazonaws.com/panorama/2019-07-24/openapi.yaml	census 1	enumeration.tsv.gz
format-password	document	APIs/amazonaws.com/payment-cryptography-data/2022-02-03/openapi.yaml	census 11	enumeration.tsv.gz
format-password	document	APIs/amazonaws.com/payment-cryptography/2021-09-14/openapi.yaml	census 2	enumeration.tsv.gz
format-password	document	APIs/amazonaws.com/personalize-events/2018-03-22/openapi.yaml	census 6	enumeration.tsv.gz
format-password	document	APIs/amazonaws.com/personalize-runtime/2018-05-22/openapi.yaml	census 2	enumeration.tsv.gz
format-password	document	APIs/amazonaws.com/personalize/2018-05-22/openapi.yaml	census 1	enumeration.tsv.gz
format-password	document	APIs/amazonaws.com/pipes/2015-10-07/openapi.yaml	census 35	enumeration.tsv.gz
format-password	document	APIs/amazonaws.com/polly/2016-06-10/openapi.yaml	census 2	enumeration.tsv.gz
format-password	document	APIs/amazonaws.com/privatenetworks/2021-12-03/openapi.yaml	census 10	enumeration.tsv.gz
format-password	document	APIs/amazonaws.com/proton/2020-07-20/openapi.yaml	census 8	enumeration.tsv.gz
format-password	document	APIs/amazonaws.com/qldb/2019-01-02/openapi.yaml	census 1	enumeration.tsv.gz
format-password	document	APIs/amazonaws.com/quicksight/2018-04-01/openapi.yaml	census 12	enumeration.tsv.gz
format-password	document	APIs/amazonaws.com/redshift-serverless/2021-04-21/openapi.yaml	census 2	enumeration.tsv.gz
format-password	document	APIs/amazonaws.com/redshift/2012-12-01/openapi.yaml	census 1	enumeration.tsv.gz
format-password	document	APIs/amazonaws.com/rekognition/2016-06-27/openapi.yaml	census 1	enumeration.tsv.gz
format-password	document	APIs/amazonaws.com/resource-explorer/2-2022-07-28/openapi.yaml	census 2	enumeration.tsv.gz
format-password	document	APIs/amazonaws.com/rolesanywhere/2018-05-10/openapi.yaml	census 2	enumeration.tsv.gz
format-password	document	APIs/amazonaws.com/route53domains/2014-05-15/openapi.yaml	census 3	enumeration.tsv.gz
format-password	document	APIs/amazonaws.com/runtime.lex.v2/2020-08-07/openapi.yaml	census 5	enumeration.tsv.gz
format-password	document	APIs/amazonaws.com/runtime.lex/2016-11-28/openapi.yaml	census 9	enumeration.tsv.gz
format-password	document	APIs/amazonaws.com/runtime.sagemaker/2017-05-13/openapi.yaml	census 5	enumeration.tsv.gz
format-password	document	APIs/amazonaws.com/s3/2006-03-01/openapi.yaml	census 24	enumeration.tsv.gz
format-password	document	APIs/amazonaws.com/sagemaker-geospatial/2020-05-27/openapi.yaml	census 5	enumeration.tsv.gz
format-password	document	APIs/amazonaws.com/sagemaker/2017-07-24/openapi.yaml	census 2	enumeration.tsv.gz
format-password	document	APIs/amazonaws.com/secretsmanager/2017-10-17/openapi.yaml	census 3	enumeration.tsv.gz
format-password	document	APIs/amazonaws.com/sesv2/2019-09-27/openapi.yaml	census 6	enumeration.tsv.gz
format-password	document	APIs/amazonaws.com/simspaceweaver/2022-10-28/openapi.yaml	census 3	enumeration.tsv.gz
format-password	document	APIs/amazonaws.com/snowball/2016-06-30/openapi.yaml	census 2	enumeration.tsv.gz
format-password	document	APIs/amazonaws.com/ssm-sap/2018-05-10/openapi.yaml	census 1	enumeration.tsv.gz
format-password	document	APIs/amazonaws.com/ssm/2014-11-06/openapi.yaml	census 8	enumeration.tsv.gz
format-password	document	APIs/amazonaws.com/sso/2019-06-10/openapi.yaml	census 7	enumeration.tsv.gz
format-password	document	APIs/amazonaws.com/states/2016-11-23/openapi.yaml	census 8	enumeration.tsv.gz
format-password	document	APIs/amazonaws.com/storagegateway/2013-06-30/openapi.yaml	census 4	enumeration.tsv.gz
format-password	document	APIs/amazonaws.com/sts/2011-06-15/openapi.yaml	census 5	enumeration.tsv.gz
format-password	document	APIs/amazonaws.com/timestream-query/2018-11-01/openapi.yaml	census 3	enumeration.tsv.gz
format-password	document	APIs/amazonaws.com/timestream-write/2018-11-01/openapi.yaml	census 1	enumeration.tsv.gz
format-password	document	APIs/amazonaws.com/transfer/2018-11-05/openapi.yaml	census 5	enumeration.tsv.gz
format-password	document	APIs/amazonaws.com/translate/2017-07-01/openapi.yaml	census 3	enumeration.tsv.gz
format-password	document	APIs/amazonaws.com/voice-id/2021-09-27/openapi.yaml	census 10	enumeration.tsv.gz
format-password	document	APIs/amazonaws.com/wisdom/2020-10-19/openapi.yaml	census 4	enumeration.tsv.gz
format-password	document	APIs/amazonaws.com/workdocs/2016-05-01/openapi.yaml	census 67	enumeration.tsv.gz
format-password	document	APIs/amazonaws.com/workmail/2017-10-01/openapi.yaml	census 2	enumeration.tsv.gz
format-password	document	APIs/amazonaws.com/workspaces-web/2020-07-08/openapi.yaml	census 17	enumeration.tsv.gz
format-password	document	APIs/apache.org/airflow/2.5.3/openapi.yaml	census 1	enumeration.tsv.gz
format-password	document	APIs/apacta.com/0.0.42/openapi.yaml	census 2	enumeration.tsv.gz
format-password	document	APIs/authentiq.io/1.0/openapi.yaml	census 1	enumeration.tsv.gz
format-password	document	APIs/beezup.com/2.0/openapi.yaml	census 4	enumeration.tsv.gz
format-password	document	APIs/conjur.local/5.3.0/openapi.yaml	census 1	enumeration.tsv.gz
format-password	document	APIs/cpy.re/peertube/5.1.0/openapi.yaml	census 1	enumeration.tsv.gz
format-password	document	APIs/flat.io/2.13.0/openapi.yaml	census 2	enumeration.tsv.gz
format-password	document	APIs/kumpeapps.com/5.0.0/openapi.yaml	census 16	enumeration.tsv.gz
format-password	document	APIs/linode.com/4.151.1/openapi.yaml	census 1	enumeration.tsv.gz
format-password	document	APIs/mastodon.local/1.0/openapi.yaml	census 1	enumeration.tsv.gz
format-password	document	APIs/payrun.io/23.24.2.136/openapi.yaml	census 1	enumeration.tsv.gz
format-password	document	APIs/rebilly.com/2.1/openapi.yaml	census 212	enumeration.tsv.gz
format-password	document	APIs/sinao.app/1.1.0/openapi.yaml	census 1	enumeration.tsv.gz
format-password	document	APIs/traccar.org/5.6/openapi.yaml	census 1	enumeration.tsv.gz
format-password	document	APIs/zoom.us/2.0.0/openapi.yaml	census 2	enumeration.tsv.gz
format-password	walk	APIs-guru/openapi-directory@f04b8d0bcd39c52e1cf3ad7a5fe744709832ae49	4138	enumeration.tsv.gz
format-regex	document	APIs/here.com/positioning/2.1.1/openapi.yaml	census 1	enumeration.tsv.gz
format-regex	document	APIs/vercel.com/0.0.1/openapi.yaml	census 2	enumeration.tsv.gz
format-regex	walk	APIs-guru/openapi-directory@f04b8d0bcd39c52e1cf3ad7a5fe744709832ae49	4138	enumeration.tsv.gz
format-time	document	APIs/adyen.com/BalancePlatformConfigurationNotification-v1/1/openapi.yaml	census 1	enumeration.tsv.gz
format-time	document	APIs/adyen.com/BalancePlatformService/2/openapi.yaml	census 1	enumeration.tsv.gz
format-time	document	APIs/just-eat.co.uk/1.0.0/openapi.yaml	census 7	enumeration.tsv.gz
format-time	document	APIs/maif.local/otoroshi/1.5.0-dev/openapi.yaml	census 3	enumeration.tsv.gz
format-time	document	APIs/microsoft.com/graph-beta/1.0.1/openapi.yaml	census 30	enumeration.tsv.gz
format-time	document	APIs/microsoft.com/graph/1.0.1/openapi.yaml	census 17	enumeration.tsv.gz
format-time	document	APIs/wealthreader.com/1.0.0/openapi.yaml	census 1	enumeration.tsv.gz
format-time	document	APIs/zoom.us/2.0.0/openapi.yaml	census 8	enumeration.tsv.gz
format-time	document	APIs/zuora.com/2021-08-20/openapi.yaml	census 1	enumeration.tsv.gz
format-time	walk	APIs-guru/openapi-directory@f04b8d0bcd39c52e1cf3ad7a5fe744709832ae49	4138	enumeration.tsv.gz
format-uri	document	APIs/airbyte.local/config/1.0.0/openapi.yaml	census 4	enumeration.tsv.gz
format-uri	document	APIs/alertersystem.com/1.7.0/openapi.yaml	census 35	enumeration.tsv.gz
format-uri	document	APIs/amadeus.com/2.2.0/openapi.yaml	census 6	enumeration.tsv.gz
format-uri	document	APIs/apacta.com/0.0.42/openapi.yaml	census 1	enumeration.tsv.gz
format-uri	document	APIs/api.video/1/openapi.yaml	census 8	enumeration.tsv.gz
format-uri	document	APIs/apideck.com/ats/10.0.0/openapi.yaml	census 1	enumeration.tsv.gz
format-uri	document	APIs/apideck.com/connector/10.0.0/openapi.yaml	census 6	enumeration.tsv.gz
format-uri	document	APIs/apideck.com/ecommerce/10.0.0/openapi.yaml	census 2	enumeration.tsv.gz
format-uri	document	APIs/apideck.com/vault/10.0.0/openapi.yaml	census 2	enumeration.tsv.gz
format-uri	document	APIs/apideck.com/webhook/10.0.0/openapi.yaml	census 3	enumeration.tsv.gz
format-uri	document	APIs/appcenter.ms/v0.1/openapi.yaml	census 1	enumeration.tsv.gz
format-uri	document	APIs/apple.com/app-store-connect/1.4.1/openapi.yaml	census 6	enumeration.tsv.gz
format-uri	document	APIs/apple.com/sirikit-cloud-media/1.0.2/openapi.yaml	census 1	enumeration.tsv.gz
format-uri	document	APIs/asana.com/1.0/openapi.yaml	census 13	enumeration.tsv.gz
format-uri	document	APIs/atlassian.com/jira/1001.0.0-SNAPSHOT/openapi.yaml	census 160	enumeration.tsv.gz
format-uri	document	APIs/beezup.com/2.0/openapi.yaml	census 18	enumeration.tsv.gz
format-uri	document	APIs/bitbucket.org/2.0/openapi.yaml	census 180	enumeration.tsv.gz
format-uri	document	APIs/britbox.co.uk/3.730.300-ref-1-39-0/openapi.yaml	census 8	enumeration.tsv.gz
format-uri	document	APIs/canada-holidays.ca/1.8.0/openapi.yaml	census 1	enumeration.tsv.gz
format-uri	document	APIs/circleci.com/v1/openapi.yaml	census 8	enumeration.tsv.gz
format-uri	document	APIs/codat.io/accounting/2.1.0/openapi.yaml	census 1	enumeration.tsv.gz
format-uri	document	APIs/codat.io/bank-feeds/2.1.0/openapi.yaml	census 1	enumeration.tsv.gz
format-uri	document	APIs/codat.io/sync-for-commerce/1.1/openapi.yaml	census 4	enumeration.tsv.gz
format-uri	document	APIs/codat.io/sync-for-expenses/prealpha/openapi.yaml	census 1	enumeration.tsv.gz
format-uri	document	APIs/cpy.re/peertube/5.1.0/openapi.yaml	census 5	enumeration.tsv.gz
format-uri	document	APIs/daniweb.com/4/openapi.yaml	census 12	enumeration.tsv.gz
format-uri	document	APIs/digitalocean.com/2.0/openapi.yaml	census 3	enumeration.tsv.gz
format-uri	document	APIs/doqs.dev/1.0/openapi.yaml	census 1	enumeration.tsv.gz
format-uri	document	APIs/elmah.io/v3/openapi.yaml	census 5	enumeration.tsv.gz
format-uri	document	APIs/etsi.local/MEC010-2_AppPkgMgmt/2.1.1/openapi.yaml	census 5	enumeration.tsv.gz
format-uri	document	APIs/exavault.com/2.0/openapi.yaml	census 6	enumeration.tsv.gz
format-uri	document	APIs/extpose.com/1.0.0/openapi.yaml	census 1	enumeration.tsv.gz
format-uri	document	APIs/formapi.io/v1/openapi.yaml	census 7	enumeration.tsv.gz
format-uri	document	APIs/github.com/api.github.com.2022-11-28/1.1.4/openapi.yaml	census 8485	enumeration.tsv.gz
format-uri	document	APIs/github.com/api.github.com/1.1.4/openapi.yaml	census 8485	enumeration.tsv.gz
format-uri	document	APIs/github.com/ghec.2022-11-28/1.1.4/openapi.yaml	census 8486	enumeration.tsv.gz
format-uri	document	APIs/github.com/ghec/1.1.4/openapi.yaml	census 8486	enumeration.tsv.gz
format-uri	document	APIs/github.com/ghes-2.18/1.1.4/openapi.yaml	census 551	enumeration.tsv.gz
format-uri	document	APIs/github.com/ghes-2.19/1.1.4/openapi.yaml	census 551	enumeration.tsv.gz
format-uri	document	APIs/github.com/ghes-2.20/1.1.4/openapi.yaml	census 554	enumeration.tsv.gz
format-uri	document	APIs/github.com/ghes-2.21/1.1.4/openapi.yaml	census 572	enumeration.tsv.gz
format-uri	document	APIs/github.com/ghes-2.22/1.1.4/openapi.yaml	census 587	enumeration.tsv.gz
format-uri	document	APIs/github.com/ghes-3.0/1.1.4/openapi.yaml	census 588	enumeration.tsv.gz
format-uri	document	APIs/github.com/ghes-3.1/1.1.4/openapi.yaml	census 592	enumeration.tsv.gz
format-uri	document	APIs/github.com/ghes-3.2/1.1.4/openapi.yaml	census 599	enumeration.tsv.gz
format-uri	document	APIs/github.com/ghes-3.3/1.1.4/openapi.yaml	census 615	enumeration.tsv.gz
format-uri	document	APIs/github.com/ghes-3.4/1.1.4/openapi.yaml	census 615	enumeration.tsv.gz
format-uri	document	APIs/github.com/ghes-3.5/1.1.4/openapi.yaml	census 615	enumeration.tsv.gz
format-uri	document	APIs/github.com/ghes-3.6/1.1.4/openapi.yaml	census 615	enumeration.tsv.gz
format-uri	document	APIs/github.com/ghes-3.7/1.1.4/openapi.yaml	census 8134	enumeration.tsv.gz
format-uri	document	APIs/github.com/ghes-3.8/1.1.4/openapi.yaml	census 8143	enumeration.tsv.gz
format-uri	document	APIs/github.com/github.ae/1.1.4/openapi.yaml	census 8077	enumeration.tsv.gz
format-uri	document	APIs/go-upc.com/1.0.0/openapi.yaml	census 2	enumeration.tsv.gz
format-uri	document	APIs/gov.bc.ca/gwells/v1/openapi.yaml	census 20	enumeration.tsv.gz
format-uri	document	APIs/gsmtasks.com/2.4.13/openapi.yaml	census 318	enumeration.tsv.gz
format-uri	document	APIs/impala.travel/hotels/1.003/openapi.yaml	census 1	enumeration.tsv.gz
format-uri	document	APIs/influxdata.com/2.0.0/openapi.yaml	census 37	enumeration.tsv.gz
format-uri	document	APIs/jellyfin.local/v1/openapi.yaml	census 1	enumeration.tsv.gz
format-uri	document	APIs/json2video.com/2.0.0/openapi.yaml	census 3	enumeration.tsv.gz
format-uri	document	APIs/jumpseller.com/1.0.0/openapi.yaml	census 1	enumeration.tsv.gz
format-uri	document	APIs/keyserv.solutions/1.4.5/openapi.yaml	census 3	enumeration.tsv.gz
format-uri	document	APIs/lgtm.com/v1.0/openapi.yaml	census 4	enumeration.tsv.gz
format-uri	document	APIs/linqr.app/2.0/openapi.yaml	census 6	enumeration.tsv.gz
format-uri	document	APIs/maif.local/otoroshi/1.5.0-dev/openapi.yaml	census 3	enumeration.tsv.gz
format-uri	document	APIs/mailchimp.com/3.0.55/openapi.yaml	census 38	enumeration.tsv.gz
format-uri	document	APIs/mermade.org.uk/openapi-converter/1.0.0/openapi.yaml	census 3	enumeration.tsv.gz
format-uri	document	APIs/mist.com/0.37.7/openapi.yaml	census 3	enumeration.tsv.gz
format-uri	document	APIs/motaword.com/1.0/openapi.yaml	census 1	enumeration.tsv.gz
format-uri	document	APIs/ndhm.gov.in/ndhm-cm/0.5/openapi.yaml	census 1	enumeration.tsv.gz
format-uri	document	APIs/ndhm.gov.in/ndhm-gateway/0.5/openapi.yaml	census 3	enumeration.tsv.gz
format-uri	document	APIs/ndhm.gov.in/ndhm-hip/0.5/openapi.yaml	census 3	enumeration.tsv.gz
format-uri	document	APIs/ndhm.gov.in/ndhm-hiu/0.5/openapi.yaml	census 2	enumeration.tsv.gz
format-uri	document	APIs/netbox.dev/3.4/openapi.yaml	census 416	enumeration.tsv.gz
format-uri	document	APIs/netboxdemo.com/2.4/openapi.yaml	census 154	enumeration.tsv.gz
format-uri	document	APIs/netboxdemo.com/2.8/openapi.yaml	census 168	enumeration.tsv.gz
format-uri	document	APIs/nexmo.com/audit/1.0.4/openapi.yaml	census 4	enumeration.tsv.gz
format-uri	document	APIs/nexmo.com/reports/2.2.2/openapi.yaml	census 5	enumeration.tsv.gz
format-uri	document	APIs/nexmo.com/voice/1.3.10/openapi.yaml	census 1	enumeration.tsv.gz
format-uri	document	APIs/nordigen.com/2.0 (v2)/openapi.yaml	census 18	enumeration.tsv.gz
format-uri	document	APIs/openbanking.org.uk/account-info-openapi/3.1.7/openapi.yaml	census 6	enumeration.tsv.gz
format-uri	document	APIs/openbanking.org.uk/confirmation-funds-openapi/3.1.7/openapi.yaml	census 5	enumeration.tsv.gz
format-uri	document	APIs/openbanking.org.uk/event-notifications-openapi/3.1.7/openapi.yaml	census 1	enumeration.tsv.gz
format-uri	document	APIs/openbanking.org.uk/payment-initiation-openapi/3.1.7/openapi.yaml	census 5	enumeration.tsv.gz
format-uri	document	APIs/openbanking.org.uk/v1.3/openapi.yaml	census 17	enumeration.tsv.gz
format-uri	document	APIs/openbankingproject.ch/1.3.8_2020-12-14 - Swiss edition 1.3.8.1-CH/openapi.yaml	census 29	enumeration.tsv.gz
format-uri	document	APIs/openlinksw.com/osdb/1.0.0/openapi.yaml	census 3	enumeration.tsv.gz
format-uri	document	APIs/optimade.local/1.1.0~develop/openapi.yaml	census 20	enumeration.tsv.gz
format-uri	document	APIs/pandascore.co/2.23.1/openapi.yaml	census 15	enumeration.tsv.gz
format-uri	document	APIs/parliament.uk/statutoryinstruments/v1/openapi.yaml	census 5	enumeration.tsv.gz
format-uri	document	APIs/parliament.uk/treaties/v1/openapi.yaml	census 11	enumeration.tsv.gz
format-uri	document	APIs/plaid.com/2020-09-14_1.345.1/openapi.yaml	census 4	enumeration.tsv.gz
format-uri	document	APIs/prss.org/2.0.0/openapi.yaml	census 2	enumeration.tsv.gz
format-uri	document	APIs/rawg.io/v1.0/openapi.yaml	census 64	enumeration.tsv.gz
format-uri	document	APIs/rebilly.com/2.1/openapi.yaml	census 7	enumeration.tsv.gz
format-uri	document	APIs/sakari.io/1.0.1/openapi.yaml	census 1	enumeration.tsv.gz
format-uri	document	APIs/sendgrid.com/1.0.0/openapi.yaml	census 14	enumeration.tsv.gz
format-uri	document	APIs/shutterstock.com/1.1.32/openapi.yaml	census 2	enumeration.tsv.gz
format-uri	document	APIs/sinao.app/1.1.0/openapi.yaml	census 20	enumeration.tsv.gz
format-uri	document	APIs/slack.com/1.7.0/openapi.yaml	census 42	enumeration.tsv.gz
format-uri	document	APIs/sms77.io/1.0.0/openapi.yaml	census 1	enumeration.tsv.gz
format-uri	document	APIs/storecove.com/2.0.1/openapi.yaml	census 1	enumeration.tsv.gz
format-uri	document	APIs/svix.com/1.4/openapi.yaml	census 8	enumeration.tsv.gz
format-uri	document	APIs/telnyx.com/2.0.0/openapi.yaml	census 3	enumeration.tsv.gz
format-uri	document	APIs/threatjammer.com/1.2.27/openapi.yaml	census 4	enumeration.tsv.gz
format-uri	document	APIs/twilio.com/api/1.55.0/openapi.yaml	census 376	enumeration.tsv.gz
format-uri	document	APIs/twilio.com/twilio_accounts_v1/1.55.0/openapi.yaml	census 12	enumeration.tsv.gz
format-uri	document	APIs/twilio.com/twilio_autopilot_v1/1.53.0/openapi.yaml	census 61	enumeration.tsv.gz
format-uri	document	APIs/twilio.com/twilio_bulkexports_v1/1.55.0/openapi.yaml	census 14	enumeration.tsv.gz
format-uri	document	APIs/twilio.com/twilio_chat_v1/1.55.0/openapi.yaml	census 62	enumeration.tsv.gz
format-uri	document	APIs/twilio.com/twilio_chat_v2/1.55.0/openapi.yaml	census 62	enumeration.tsv.gz
format-uri	document	APIs/twilio.com/twilio_chat_v3/1.55.0/openapi.yaml	census 1	enumeration.tsv.gz
format-uri	document	APIs/twilio.com/twilio_content_v1/1.55.0/openapi.yaml	census 15	enumeration.tsv.gz
format-uri	document	APIs/twilio.com/twilio_conversations_v1/1.55.0/openapi.yaml	census 117	enumeration.tsv.gz
format-uri	document	APIs/twilio.com/twilio_events_v1/1.55.0/openapi.yaml	census 27	enumeration.tsv.gz
format-uri	document	APIs/twilio.com/twilio_fax_v1/1.29.1/openapi.yaml	census 10	enumeration.tsv.gz
format-uri	document	APIs/twilio.com/twilio_flex_v1/1.55.0/openapi.yaml	census 78	enumeration.tsv.gz
format-uri	document	APIs/twilio.com/twilio_frontline_v1/1.55.0/openapi.yaml	census 1	enumeration.tsv.gz
format-uri	document	APIs/twilio.com/twilio_insights_v1/1.55.0/openapi.yaml	census 38	enumeration.tsv.gz
format-uri	document	APIs/twilio.com/twilio_intelligence_v2/1.55.0/openapi.yaml	census 21	enumeration.tsv.gz
format-uri	document	APIs/twilio.com/twilio_ip_messaging_v1/1.55.0/openapi.yaml	census 62	enumeration.tsv.gz
format-uri	document	APIs/twilio.com/twilio_ip_messaging_v2/1.55.0/openapi.yaml	census 62	enumeration.tsv.gz
format-uri	document	APIs/twilio.com/twilio_lookups_v1/1.55.0/openapi.yaml	census 1	enumeration.tsv.gz
format-uri	document	APIs/twilio.com/twilio_lookups_v2/1.55.0/openapi.yaml	census 1	enumeration.tsv.gz
format-uri	document	APIs/twilio.com/twilio_media_v1/1.55.0/openapi.yaml	census 21	enumeration.tsv.gz
format-uri	document	APIs/twilio.com/twilio_messaging_v1/1.55.0/openapi.yaml	census 67	enumeration.tsv.gz
format-uri	document	APIs/twilio.com/twilio_microvisor_v1/1.55.0/openapi.yaml	census 31	enumeration.tsv.gz
format-uri	document	APIs/twilio.com/twilio_monitor_v1/1.55.0/openapi.yaml	census 11	enumeration.tsv.gz
format-uri	document	APIs/twilio.com/twilio_notify_v1/1.55.0/openapi.yaml	census 15	enumeration.tsv.gz
format-uri	document	APIs/twilio.com/twilio_numbers_v1/1.55.0/openapi.yaml	census 5	enumeration.tsv.gz
format-uri	document	APIs/twilio.com/twilio_numbers_v2/1.55.0/openapi.yaml	census 67	enumeration.tsv.gz
format-uri	document	APIs/twilio.com/twilio_oauth_v1/1.53.0/openapi.yaml	census 10	enumeration.tsv.gz
format-uri	document	APIs/twilio.com/twilio_preview/1.55.0/openapi.yaml	census 138	enumeration.tsv.gz
format-uri	document	APIs/twilio.com/twilio_pricing_v1/1.55.0/openapi.yaml	census 22	enumeration.tsv.gz
format-uri	document	APIs/twilio.com/twilio_pricing_v2/1.55.0/openapi.yaml	census 15	enumeration.tsv.gz
format-uri	document	APIs/twilio.com/twilio_proxy_v1/1.55.0/openapi.yaml	census 49	enumeration.tsv.gz
format-uri	document	APIs/twilio.com/twilio_routes_v2/1.55.0/openapi.yaml	census 3	enumeration.tsv.gz
format-uri	document	APIs/twilio.com/twilio_serverless_v1/1.55.0/openapi.yaml	census 52	enumeration.tsv.gz
format-uri	document	APIs/twilio.com/twilio_studio_v1/1.55.0/openapi.yaml	census 29	enumeration.tsv.gz
format-uri	document	APIs/twilio.com/twilio_studio_v2/1.55.0/openapi.yaml	census 24	enumeration.tsv.gz
format-uri	document	APIs/twilio.com/twilio_supersim_v1/1.55.0/openapi.yaml	census 66	enumeration.tsv.gz
format-uri	document	APIs/twilio.com/twilio_sync_v1/1.55.0/openapi.yaml	census 53	enumeration.tsv.gz
format-uri	document	APIs/twilio.com/twilio_taskrouter_v1/1.55.0/openapi.yaml	census 102	enumeration.tsv.gz
format-uri	document	APIs/twilio.com/twilio_trunking_v1/1.55.0/openapi.yaml	census 36	enumeration.tsv.gz
format-uri	document	APIs/twilio.com/twilio_trusthub_v1/1.55.0/openapi.yaml	census 74	enumeration.tsv.gz
format-uri	document	APIs/twilio.com/twilio_verify_v2/1.55.0/openapi.yaml	census 56	enumeration.tsv.gz
format-uri	document	APIs/twilio.com/twilio_video_v1/1.55.0/openapi.yaml	census 58	enumeration.tsv.gz
format-uri	document	APIs/twilio.com/twilio_voice_v1/1.55.0/openapi.yaml	census 49	enumeration.tsv.gz
format-uri	document	APIs/twilio.com/twilio_wireless_v1/1.55.0/openapi.yaml	census 39	enumeration.tsv.gz
format-uri	document	APIs/twitter.com/current/2.62/openapi.yaml	census 10	enumeration.tsv.gz
format-uri	document	APIs/unicourt.com/1.0.0/openapi.yaml	census 219	enumeration.tsv.gz
format-uri	document	APIs/up.com.au/v1/openapi.yaml	census 1	enumeration.tsv.gz
format-uri	document	APIs/urlbox.io/v1/openapi.yaml	census 3	enumeration.tsv.gz
format-uri	document	APIs/va.gov/benefits/1.0.0/openapi.yaml	census 2	enumeration.tsv.gz
format-uri	document	APIs/velopayments.com/2.35.57/openapi.yaml	census 3	enumeration.tsv.gz
format-uri	document	APIs/vercel.com/0.0.1/openapi.yaml	census 3	enumeration.tsv.gz
format-uri	document	APIs/zoom.us/2.0.0/openapi.yaml	census 3	enumeration.tsv.gz
format-uri	document	APIs/zuora.com/2021-08-20/openapi.yaml	census 2	enumeration.tsv.gz
format-uri	walk	APIs-guru/openapi-directory@f04b8d0bcd39c52e1cf3ad7a5fe744709832ae49	4138	enumeration.tsv.gz
format-uri-reference	document	APIs/apple.com/app-store-connect/1.4.1/openapi.yaml	census 191	enumeration.tsv.gz
format-uri-reference	document	APIs/codat.io/accounting/2.1.0/openapi.yaml	census 1	enumeration.tsv.gz
format-uri-reference	document	APIs/codat.io/assess/1.0/openapi.yaml	census 1	enumeration.tsv.gz
format-uri-reference	document	APIs/codat.io/bank-feeds/2.1.0/openapi.yaml	census 1	enumeration.tsv.gz
format-uri-reference	document	APIs/codat.io/banking/2.1.0/openapi.yaml	census 1	enumeration.tsv.gz
format-uri-reference	document	APIs/codat.io/commerce/2.1.0/openapi.yaml	census 1	enumeration.tsv.gz
format-uri-reference	document	APIs/codat.io/sync-for-commerce/1.1/openapi.yaml	census 1	enumeration.tsv.gz
format-uri-reference	document	APIs/codat.io/sync-for-expenses/prealpha/openapi.yaml	census 1	enumeration.tsv.gz
format-uri-reference	document	APIs/formapi.io/v1/openapi.yaml	census 1	enumeration.tsv.gz
format-uri-reference	document	APIs/plaid.com/2020-09-14_1.345.1/openapi.yaml	census 1	enumeration.tsv.gz
format-uri-reference	walk	APIs-guru/openapi-directory@f04b8d0bcd39c52e1cf3ad7a5fe744709832ae49	4138	enumeration.tsv.gz
format-uri-template	document	APIs/github.com/api.github.com.2022-11-28/1.1.4/openapi.yaml	census 4653	enumeration.tsv.gz
format-uri-template	document	APIs/github.com/api.github.com/1.1.4/openapi.yaml	census 4653	enumeration.tsv.gz
format-uri-template	document	APIs/github.com/ghec.2022-11-28/1.1.4/openapi.yaml	census 4653	enumeration.tsv.gz
format-uri-template	document	APIs/github.com/ghec/1.1.4/openapi.yaml	census 4653	enumeration.tsv.gz
format-uri-template	document	APIs/github.com/ghes-2.18/1.1.4/openapi.yaml	census 33	enumeration.tsv.gz
format-uri-template	document	APIs/github.com/ghes-2.19/1.1.4/openapi.yaml	census 33	enumeration.tsv.gz
format-uri-template	document	APIs/github.com/ghes-2.20/1.1.4/openapi.yaml	census 33	enumeration.tsv.gz
format-uri-template	document	APIs/github.com/ghes-2.21/1.1.4/openapi.yaml	census 33	enumeration.tsv.gz
format-uri-template	document	APIs/github.com/ghes-2.22/1.1.4/openapi.yaml	census 33	enumeration.tsv.gz
format-uri-template	document	APIs/github.com/ghes-3.0/1.1.4/openapi.yaml	census 33	enumeration.tsv.gz
format-uri-template	document	APIs/github.com/ghes-3.1/1.1.4/openapi.yaml	census 33	enumeration.tsv.gz
format-uri-template	document	APIs/github.com/ghes-3.2/1.1.4/openapi.yaml	census 33	enumeration.tsv.gz
format-uri-template	document	APIs/github.com/ghes-3.3/1.1.4/openapi.yaml	census 33	enumeration.tsv.gz
format-uri-template	document	APIs/github.com/ghes-3.4/1.1.4/openapi.yaml	census 33	enumeration.tsv.gz
format-uri-template	document	APIs/github.com/ghes-3.5/1.1.4/openapi.yaml	census 33	enumeration.tsv.gz
format-uri-template	document	APIs/github.com/ghes-3.6/1.1.4/openapi.yaml	census 33	enumeration.tsv.gz
format-uri-template	document	APIs/github.com/ghes-3.7/1.1.4/openapi.yaml	census 4447	enumeration.tsv.gz
format-uri-template	document	APIs/github.com/ghes-3.8/1.1.4/openapi.yaml	census 4447	enumeration.tsv.gz
format-uri-template	document	APIs/github.com/github.ae/1.1.4/openapi.yaml	census 4427	enumeration.tsv.gz
format-uri-template	document	APIs/openlinksw.com/osdb/1.0.0/openapi.yaml	census 1	enumeration.tsv.gz
format-uri-template	walk	APIs-guru/openapi-directory@f04b8d0bcd39c52e1cf3ad7a5fe744709832ae49	4138	enumeration.tsv.gz
http-dpop	walk	APIs-guru/openapi-directory@f04b8d0bcd39c52e1cf3ad7a5fe744709832ae49	4138	enumeration.tsv.gz
http-mutual	document	APIs/conjur.local/5.3.0/openapi.yaml	census 1	enumeration.tsv.gz
http-mutual	walk	APIs-guru/openapi-directory@f04b8d0bcd39c52e1cf3ad7a5fe744709832ae49	4138	enumeration.tsv.gz
http-negotiate	document	APIs/apache.org/airflow/2.5.3/openapi.yaml	census 1	enumeration.tsv.gz
http-negotiate	walk	APIs-guru/openapi-directory@f04b8d0bcd39c52e1cf3ad7a5fe744709832ae49	4138	enumeration.tsv.gz
inheritance-discriminated-union	document	APIs/apple.com/sirikit-cloud-media/1.0.2/openapi.yaml	census 8	enumeration.tsv.gz
inheritance-discriminated-union	document	APIs/just-eat.co.uk/1.0.0/openapi.yaml	census 1	enumeration.tsv.gz
inheritance-discriminated-union	document	APIs/microsoft.com/graph-beta/1.0.1/openapi.yaml	census 340	enumeration.tsv.gz
inheritance-discriminated-union	document	APIs/microsoft.com/graph/1.0.1/openapi.yaml	census 136	enumeration.tsv.gz
inheritance-discriminated-union	document	APIs/rebilly.com/2.1/openapi.yaml	census 43	enumeration.tsv.gz
inheritance-discriminated-union	document	APIs/twitter.com/current/2.62/openapi.yaml	census 2	enumeration.tsv.gz
inheritance-discriminated-union	document	APIs/viator.com/1.0.0/openapi.yaml	census 1	enumeration.tsv.gz
inheritance-discriminated-union	walk	APIs-guru/openapi-directory@f04b8d0bcd39c52e1cf3ad7a5fe744709832ae49	4138	enumeration.tsv.gz
items-oneof-element	document	APIs/adyen.com/BalancePlatformService/2/openapi.yaml	census 1	enumeration.tsv.gz
items-oneof-element	document	APIs/amadeus.com/amadeus-trip-parser/3.0.1/openapi.yaml	census 1	enumeration.tsv.gz
items-oneof-element	document	APIs/apple.com/app-store-connect/1.4.1/openapi.yaml	census 22	enumeration.tsv.gz
items-oneof-element	document	APIs/bbci.co.uk/1.0/openapi.yaml	census 3	enumeration.tsv.gz
items-oneof-element	document	APIs/billingo.hu/3.0.7/openapi.yaml	census 1	enumeration.tsv.gz
items-oneof-element	document	APIs/box.com/2.0.0/openapi.yaml	census 6	enumeration.tsv.gz
items-oneof-element	document	APIs/contentgroove.com/1.0.0/openapi.yaml	census 1	enumeration.tsv.gz
items-oneof-element	document	APIs/digitalocean.com/2.0/openapi.yaml	census 1	enumeration.tsv.gz
items-oneof-element	document	APIs/dnd5eapi.co/0.1/openapi.yaml	census 1	enumeration.tsv.gz
items-oneof-element	document	APIs/doqs.dev/1.0/openapi.yaml	census 2	enumeration.tsv.gz
items-oneof-element	document	APIs/formapi.io/v1/openapi.yaml	census 6	enumeration.tsv.gz
items-oneof-element	document	APIs/github.com/api.github.com.2022-11-28/1.1.4/openapi.yaml	census 35	enumeration.tsv.gz
items-oneof-element	document	APIs/github.com/api.github.com/1.1.4/openapi.yaml	census 35	enumeration.tsv.gz
items-oneof-element	document	APIs/github.com/ghec.2022-11-28/1.1.4/openapi.yaml	census 35	enumeration.tsv.gz
items-oneof-element	document	APIs/github.com/ghec/1.1.4/openapi.yaml	census 35	enumeration.tsv.gz
items-oneof-element	document	APIs/github.com/ghes-2.18/1.1.4/openapi.yaml	census 3	enumeration.tsv.gz
items-oneof-element	document	APIs/github.com/ghes-2.19/1.1.4/openapi.yaml	census 3	enumeration.tsv.gz
items-oneof-element	document	APIs/github.com/ghes-2.20/1.1.4/openapi.yaml	census 3	enumeration.tsv.gz
items-oneof-element	document	APIs/github.com/ghes-2.21/1.1.4/openapi.yaml	census 3	enumeration.tsv.gz
items-oneof-element	document	APIs/github.com/ghes-2.22/1.1.4/openapi.yaml	census 4	enumeration.tsv.gz
items-oneof-element	document	APIs/github.com/ghes-3.0/1.1.4/openapi.yaml	census 4	enumeration.tsv.gz
items-oneof-element	document	APIs/github.com/ghes-3.1/1.1.4/openapi.yaml	census 4	enumeration.tsv.gz
items-oneof-element	document	APIs/github.com/ghes-3.2/1.1.4/openapi.yaml	census 4	enumeration.tsv.gz
items-oneof-element	document	APIs/github.com/ghes-3.3/1.1.4/openapi.yaml	census 4	enumeration.tsv.gz
items-oneof-element	document	APIs/github.com/ghes-3.4/1.1.4/openapi.yaml	census 4	enumeration.tsv.gz
items-oneof-element	document	APIs/github.com/ghes-3.5/1.1.4/openapi.yaml	census 4	enumeration.tsv.gz
items-oneof-element	document	APIs/github.com/ghes-3.6/1.1.4/openapi.yaml	census 4	enumeration.tsv.gz
items-oneof-element	document	APIs/github.com/ghes-3.7/1.1.4/openapi.yaml	census 33	enumeration.tsv.gz
items-oneof-element	document	APIs/github.com/ghes-3.8/1.1.4/openapi.yaml	census 33	enumeration.tsv.gz
items-oneof-element	document	APIs/github.com/github.ae/1.1.4/openapi.yaml	census 33	enumeration.tsv.gz
items-oneof-element	document	APIs/here.com/tracking/2.1.192/openapi.yaml	census 16	enumeration.tsv.gz
items-oneof-element	document	APIs/hetzner.cloud/1.0.0/openapi.yaml	census 2	enumeration.tsv.gz
items-oneof-element	document	APIs/hubapi.com/automation/v4/openapi.yaml	census 3	enumeration.tsv.gz
items-oneof-element	document	APIs/hubapi.com/crm/v3/openapi.yaml	census 2	enumeration.tsv.gz
items-oneof-element	document	APIs/ideal-postcodes.co.uk/3.7.0/openapi.yaml	census 6	enumeration.tsv.gz
items-oneof-element	document	APIs/influxdata.com/2.0.0/openapi.yaml	census 1	enumeration.tsv.gz
items-oneof-element	document	APIs/iqualify.com/v1/openapi.yaml	census 1	enumeration.tsv.gz
items-oneof-element	document	APIs/json2video.com/2.0.0/openapi.yaml	census 2	enumeration.tsv.gz
items-oneof-element	document	APIs/just-eat.co.uk/1.0.0/openapi.yaml	census 2	enumeration.tsv.gz
items-oneof-element	document	APIs/listennotes.com/2.0/openapi.yaml	census 1	enumeration.tsv.gz
items-oneof-element	document	APIs/maif.local/otoroshi/1.5.0-dev/openapi.yaml	census 1	enumeration.tsv.gz
items-oneof-element	document	APIs/mailchimp.com/3.0.55/openapi.yaml	census 50	enumeration.tsv.gz
items-oneof-element	document	APIs/mailscript.com/0.4.0/openapi.yaml	census 10	enumeration.tsv.gz
items-oneof-element	document	APIs/mist.com/0.37.7/openapi.yaml	census 2	enumeration.tsv.gz
items-oneof-element	document	APIs/nexmo.com/dispatch/0.3.4/openapi.yaml	census 1	enumeration.tsv.gz
items-oneof-element	document	APIs/nexmo.com/voice/1.3.10/openapi.yaml	census 1	enumeration.tsv.gz
items-oneof-element	document	APIs/portfoliooptimizer.io/1.0.9/openapi.yaml	census 1	enumeration.tsv.gz
items-oneof-element	document	APIs/rebilly.com/2.1/openapi.yaml	census 1	enumeration.tsv.gz
items-oneof-element	document	APIs/rudder.example.local/17/openapi.yaml	census 2	enumeration.tsv.gz
items-oneof-element	document	APIs/snyk.io/1.0.0/openapi.yaml	census 2	enumeration.tsv.gz
items-oneof-element	document	APIs/spotify.com/1.0.0/openapi.yaml	census 2	enumeration.tsv.gz
items-oneof-element	document	APIs/spotify.com/sonallux/2023.2.27/openapi.yaml	census 1	enumeration.tsv.gz
items-oneof-element	document	APIs/vercel.com/0.0.1/openapi.yaml	census 16	enumeration.tsv.gz
items-oneof-element	walk	APIs-guru/openapi-directory@f04b8d0bcd39c52e1cf3ad7a5fe744709832ae49	4138	enumeration.tsv.gz
media-type-key-parameters	document	APIs/clever-cloud.com/1.0.0/openapi.yaml	census 2	enumeration.tsv.gz
media-type-key-parameters	document	APIs/dataflowkit.com/1.3/openapi.yaml	census 23	enumeration.tsv.gz
media-type-key-parameters	document	APIs/ebay.com/sell-compliance/1.4.1/openapi.yaml	census 2	enumeration.tsv.gz
media-type-key-parameters	document	APIs/ebay.com/sell-recommendation/1.1.0/openapi.yaml	census 1	enumeration.tsv.gz
media-type-key-parameters	document	APIs/fraudlabspro.com/fraud-detection/1.1/openapi.yaml	census 2	enumeration.tsv.gz
media-type-key-parameters	document	APIs/fraudlabspro.com/sms-verification/1.0/openapi.yaml	census 2	enumeration.tsv.gz
media-type-key-parameters	document	APIs/gamesparks.net/game-details/v2/openapi.yaml	census 126	enumeration.tsv.gz
media-type-key-parameters	document	APIs/geodatasource.com/1.0/openapi.yaml	census 1	enumeration.tsv.gz
media-type-key-parameters	document	APIs/gsmtasks.com/2.4.13/openapi.yaml	census 469	enumeration.tsv.gz
media-type-key-parameters	document	APIs/influxdata.com/2.0.0/openapi.yaml	census 1	enumeration.tsv.gz
media-type-key-parameters	document	APIs/ip2location.com/geolocation/1.0/openapi.yaml	census 1	enumeration.tsv.gz
media-type-key-parameters	document	APIs/ip2proxy.com/1.0/openapi.yaml	census 1	enumeration.tsv.gz
media-type-key-parameters	document	APIs/ip2whois.com/1.0/openapi.yaml	census 1	enumeration.tsv.gz
media-type-key-parameters	document	APIs/jellyfin.local/v1/openapi.yaml	census 606	enumeration.tsv.gz
media-type-key-parameters	document	APIs/loket.nl/V2/openapi.yaml	census 719	enumeration.tsv.gz
media-type-key-parameters	document	APIs/mailboxvalidator.com/checker/1.0.0/openapi.yaml	census 1	enumeration.tsv.gz
media-type-key-parameters	document	APIs/mailboxvalidator.com/disposable/1.0.0/openapi.yaml	census 1	enumeration.tsv.gz
media-type-key-parameters	document	APIs/mailboxvalidator.com/validation/0.1/openapi.yaml	census 1	enumeration.tsv.gz
media-type-key-parameters	document	APIs/nbg.gr/v3.1.5/openapi.yaml	census 76	enumeration.tsv.gz
media-type-key-parameters	document	APIs/openbanking.org.uk/account-info-openapi/3.1.7/openapi.yaml	census 32	enumeration.tsv.gz
media-type-key-parameters	document	APIs/openbanking.org.uk/confirmation-funds-openapi/3.1.7/openapi.yaml	census 6	enumeration.tsv.gz
media-type-key-parameters	document	APIs/openbanking.org.uk/payment-initiation-openapi/3.1.7/openapi.yaml	census 58	enumeration.tsv.gz
media-type-key-parameters	document	APIs/opensuse.org/obs/2.10.50/openapi.yaml	census 145	enumeration.tsv.gz
media-type-key-parameters	document	APIs/optimade.local/1.1.0~develop/openapi.yaml	census 1	enumeration.tsv.gz
media-type-key-parameters	document	APIs/rapidapi.com/idealspot-geodata/1.0/openapi.yaml	census 7	enumeration.tsv.gz
media-type-key-parameters	document	APIs/ritekit.com/1.0.0/openapi.yaml	census 11	enumeration.tsv.gz
media-type-key-parameters	document	APIs/snyk.io/1.0.0/openapi.yaml	census 90	enumeration.tsv.gz
media-type-key-parameters	document	APIs/soundcloud.com/1.0.0/openapi.yaml	census 32	enumeration.tsv.gz
media-type-key-parameters	document	APIs/ticketmaster.com/discovery/v2/openapi.yaml	census 2	enumeration.tsv.gz
media-type-key-parameters	document	APIs/vtex.local/Customer-Credit-API/1.0/openapi.yaml	census 14	enumeration.tsv.gz
media-type-key-parameters	document	APIs/vtex.local/GiftCard-Hub-API/1.0/openapi.yaml	census 1	enumeration.tsv.gz
media-type-key-parameters	document	APIs/vtex.local/Logistics-API/1.0/openapi.yaml	census 24	enumeration.tsv.gz
media-type-key-parameters	document	APIs/vtex.local/Orders-API-(PII-version)/1.0/openapi.yaml	census 1	enumeration.tsv.gz
media-type-key-parameters	document	APIs/vtex.local/Orders-API/1.0/openapi.yaml	census 5	enumeration.tsv.gz
media-type-key-parameters	document	APIs/vtex.local/Payments-Gateway-API/1.0/openapi.yaml	census 5	enumeration.tsv.gz
media-type-key-parameters	document	APIs/vtex.local/Pricing-API/1.0/openapi.yaml	census 5	enumeration.tsv.gz
media-type-key-parameters	document	APIs/windows.net/batch-BatchService/2015-12-01.2.2/openapi.yaml	census 24	enumeration.tsv.gz
media-type-key-parameters	document	APIs/windows.net/batch-BatchService/2016-02-01.3.0/openapi.yaml	census 25	enumeration.tsv.gz
media-type-key-parameters	document	APIs/xtrf.eu/2.0/openapi.yaml	census 227	enumeration.tsv.gz
media-type-key-parameters	document	APIs/yodlee.com/1.1.0/openapi.yaml	census 98	enumeration.tsv.gz
media-type-key-parameters	document	APIs/zuora.com/2021-08-20/openapi.yaml	census 836	enumeration.tsv.gz
media-type-key-parameters	walk	APIs-guru/openapi-directory@f04b8d0bcd39c52e1cf3ad7a5fe744709832ae49	4138	enumeration.tsv.gz
mutualTLS	walk	APIs-guru/openapi-directory@f04b8d0bcd39c52e1cf3ad7a5fe744709832ae49	4138	enumeration.tsv.gz
mutually-recursive-graph	document	APIs/1password.com/events/1.2.0/openapi.yaml	census 48	enumeration.tsv.gz
mutually-recursive-graph	document	APIs/1password.local/connect/1.5.7/openapi.yaml	census 51	enumeration.tsv.gz
mutually-recursive-graph	document	APIs/6-dot-authentiqio.appspot.com/6/openapi.yaml	census 28	enumeration.tsv.gz
mutually-recursive-graph	document	APIs/ably.io/platform/1.1.0/openapi.yaml	census 63	enumeration.tsv.gz
mutually-recursive-graph	document	APIs/ably.net/control/1.0.14/openapi.yaml	census 210	enumeration.tsv.gz
mutually-recursive-graph	document	APIs/ably.net/control/v1/openapi.yaml	census 228	enumeration.tsv.gz
mutually-recursive-graph	document	APIs/abstractapi.com/geolocation/1.0.0/openapi.yaml	census 1	enumeration.tsv.gz
mutually-recursive-graph	document	APIs/adobe.com/aem/3.7.1-pre.0/openapi.yaml	census 36	enumeration.tsv.gz
mutually-recursive-graph	document	APIs/adyen.com/AccountService/3/openapi.yaml	census 207	enumeration.tsv.gz
mutually-recursive-graph	document	APIs/adyen.com/AccountService/4/openapi.yaml	census 207	enumeration.tsv.gz
mutually-recursive-graph	document	APIs/adyen.com/AccountService/5/openapi.yaml	census 239	enumeration.tsv.gz
mutually-recursive-graph	document	APIs/adyen.com/AccountService/6/openapi.yaml	census 250	enumeration.tsv.gz
mutually-recursive-graph	document	APIs/adyen.com/BalanceControlService/1/openapi.yaml	census 4	enumeration.tsv.gz
mutually-recursive-graph	document	APIs/adyen.com/BalancePlatformConfigurationNotification-v1/1/openapi.yaml	census 71	enumeration.tsv.gz
mutually-recursive-graph	document	APIs/adyen.com/BalancePlatformPaymentNotification-v1/1/openapi.yaml	census 66	enumeration.tsv.gz
mutually-recursive-graph	document	APIs/adyen.com/BalancePlatformReportNotification-v1/1/openapi.yaml	census 5	enumeration.tsv.gz
mutually-recursive-graph	document	APIs/adyen.com/BalancePlatformService/1/openapi.yaml	census 327	enumeration.tsv.gz
mutually-recursive-graph	document	APIs/adyen.com/BalancePlatformService/2/openapi.yaml	census 416	enumeration.tsv.gz
mutually-recursive-graph	document	APIs/adyen.com/BalancePlatformTransferNotification-v3/3/openapi.yaml	census 49	enumeration.tsv.gz
mutually-recursive-graph	document	APIs/adyen.com/BinLookupService/40/openapi.yaml	census 22	enumeration.tsv.gz
mutually-recursive-graph	document	APIs/adyen.com/BinLookupService/50/openapi.yaml	census 23	enumeration.tsv.gz
mutually-recursive-graph	document	APIs/adyen.com/BinLookupService/52/openapi.yaml	census 23	enumeration.tsv.gz
mutually-recursive-graph	document	APIs/adyen.com/BinLookupService/53/openapi.yaml	census 23	enumeration.tsv.gz
mutually-recursive-graph	document	APIs/adyen.com/BinLookupService/54/openapi.yaml	census 23	enumeration.tsv.gz
mutually-recursive-graph	document	APIs/adyen.com/CheckoutService-v71/71/openapi.yaml	census 580	enumeration.tsv.gz
mutually-recursive-graph	document	APIs/adyen.com/CheckoutService/37/openapi.yaml	census 458	enumeration.tsv.gz
mutually-recursive-graph	document	APIs/adyen.com/CheckoutService/40/openapi.yaml	census 476	enumeration.tsv.gz
mutually-recursive-graph	document	APIs/adyen.com/CheckoutService/41/openapi.yaml	census 478	enumeration.tsv.gz
mutually-recursive-graph	document	APIs/adyen.com/CheckoutService/46/openapi.yaml	census 478	enumeration.tsv.gz
mutually-recursive-graph	document	APIs/adyen.com/CheckoutService/49/openapi.yaml	census 491	enumeration.tsv.gz
mutually-recursive-graph	document	APIs/adyen.com/CheckoutService/50/openapi.yaml	census 491	enumeration.tsv.gz
mutually-recursive-graph	document	APIs/adyen.com/CheckoutService/51/openapi.yaml	census 491	enumeration.tsv.gz
mutually-recursive-graph	document	APIs/adyen.com/CheckoutService/52/openapi.yaml	census 493	enumeration.tsv.gz
mutually-recursive-graph	document	APIs/adyen.com/CheckoutService/53/openapi.yaml	census 493	enumeration.tsv.gz
mutually-recursive-graph	document	APIs/adyen.com/CheckoutService/64/openapi.yaml	census 494	enumeration.tsv.gz
mutually-recursive-graph	document	APIs/adyen.com/CheckoutService/65/openapi.yaml	census 495	enumeration.tsv.gz
mutually-recursive-graph	document	APIs/adyen.com/CheckoutService/66/openapi.yaml	census 495	enumeration.tsv.gz
mutually-recursive-graph	document	APIs/adyen.com/CheckoutService/67/openapi.yaml	census 491	enumeration.tsv.gz
mutually-recursive-graph	document	APIs/adyen.com/CheckoutService/68/openapi.yaml	census 572	enumeration.tsv.gz
mutually-recursive-graph	document	APIs/adyen.com/CheckoutService/69/openapi.yaml	census 580	enumeration.tsv.gz
mutually-recursive-graph	document	APIs/adyen.com/CheckoutService/70/openapi.yaml	census 590	enumeration.tsv.gz
mutually-recursive-graph	document	APIs/adyen.com/CheckoutUtilityService/1/openapi.yaml	census 2	enumeration.tsv.gz
mutually-recursive-graph	document	APIs/adyen.com/DataProtectionService/1/openapi.yaml	census 7	enumeration.tsv.gz
mutually-recursive-graph	document	APIs/adyen.com/DisputeService-v30/30/openapi.yaml	census 43	enumeration.tsv.gz
mutually-recursive-graph	document	APIs/adyen.com/FundService/3/openapi.yaml	census 85	enumeration.tsv.gz
mutually-recursive-graph	document	APIs/adyen.com/FundService/5/openapi.yaml	census 90	enumeration.tsv.gz
mutually-recursive-graph	document	APIs/adyen.com/FundService/6/openapi.yaml	census 90	enumeration.tsv.gz
mutually-recursive-graph	document	APIs/adyen.com/GrantService-v3/3/openapi.yaml	census 37	enumeration.tsv.gz
mutually-recursive-graph	document	APIs/adyen.com/HopService/1/openapi.yaml	census 20	enumeration.tsv.gz
mutually-recursive-graph	document	APIs/adyen.com/HopService/5/openapi.yaml	census 19	enumeration.tsv.gz
mutually-recursive-graph	document	APIs/adyen.com/HopService/6/openapi.yaml	census 19	enumeration.tsv.gz
mutually-recursive-graph	document	APIs/adyen.com/LegalEntityService/1/openapi.yaml	census 227	enumeration.tsv.gz
mutually-recursive-graph	document	APIs/adyen.com/LegalEntityService/2/openapi.yaml	census 252	enumeration.tsv.gz
mutually-recursive-graph	document	APIs/adyen.com/LegalEntityService/3/openapi.yaml	census 285	enumeration.tsv.gz
mutually-recursive-graph	document	APIs/adyen.com/ManagementNotificationService-v1/1/openapi.yaml	census 18	enumeration.tsv.gz
mutually-recursive-graph	document	APIs/adyen.com/ManagementService-v3/3/openapi.yaml	census 1081	enumeration.tsv.gz
mutually-recursive-graph	document	APIs/adyen.com/ManagementService/1/openapi.yaml	census 1064	enumeration.tsv.gz
mutually-recursive-graph	document	APIs/adyen.com/MarketPayNotificationService/3/openapi.yaml	census 147	enumeration.tsv.gz
mutually-recursive-graph	document	APIs/adyen.com/MarketPayNotificationService/4/openapi.yaml	census 146	enumeration.tsv.gz
mutually-recursive-graph	document	APIs/adyen.com/MarketPayNotificationService/5/openapi.yaml	census 170	enumeration.tsv.gz
mutually-recursive-graph	document	APIs/adyen.com/MarketPayNotificationService/6/openapi.yaml	census 180	enumeration.tsv.gz
mutually-recursive-graph	document	APIs/adyen.com/NotificationConfigurationService/1/openapi.yaml	census 51	enumeration.tsv.gz
mutually-recursive-graph	document	APIs/adyen.com/NotificationConfigurationService/2/openapi.yaml	census 51	enumeration.tsv.gz
mutually-recursive-graph	document	APIs/adyen.com/NotificationConfigurationService/3/openapi.yaml	census 51	enumeration.tsv.gz
mutually-recursive-graph	document	APIs/adyen.com/NotificationConfigurationService/4/openapi.yaml	census 51	enumeration.tsv.gz
mutually-recursive-graph	document	APIs/adyen.com/NotificationConfigurationService/5/openapi.yaml	census 53	enumeration.tsv.gz
mutually-recursive-graph	document	APIs/adyen.com/NotificationConfigurationService/6/openapi.yaml	census 53	enumeration.tsv.gz
mutually-recursive-graph	document	APIs/adyen.com/PaymentService/25/openapi.yaml	census 201	enumeration.tsv.gz
mutually-recursive-graph	document	APIs/adyen.com/PaymentService/30/openapi.yaml	census 249	enumeration.tsv.gz
mutually-recursive-graph	document	APIs/adyen.com/PaymentService/40/openapi.yaml	census 328	enumeration.tsv.gz
mutually-recursive-graph	document	APIs/adyen.com/PaymentService/46/openapi.yaml	census 335	enumeration.tsv.gz
mutually-recursive-graph	document	APIs/adyen.com/PaymentService/49/openapi.yaml	census 335	enumeration.tsv.gz
mutually-recursive-graph	document	APIs/adyen.com/PaymentService/50/openapi.yaml	census 335	enumeration.tsv.gz
mutually-recursive-graph	document	APIs/adyen.com/PaymentService/51/openapi.yaml	census 344	enumeration.tsv.gz
mutually-recursive-graph	document	APIs/adyen.com/PaymentService/52/openapi.yaml	census 344	enumeration.tsv.gz
mutually-recursive-graph	document	APIs/adyen.com/PaymentService/64/openapi.yaml	census 353	enumeration.tsv.gz
mutually-recursive-graph	document	APIs/adyen.com/PaymentService/67/openapi.yaml	census 353	enumeration.tsv.gz
mutually-recursive-graph	document	APIs/adyen.com/PaymentService/68/openapi.yaml	census 368	enumeration.tsv.gz
mutually-recursive-graph	document	APIs/adyen.com/PayoutService/30/openapi.yaml	census 78	enumeration.tsv.gz
mutually-recursive-graph	document	APIs/adyen.com/PayoutService/40/openapi.yaml	census 78	enumeration.tsv.gz
mutually-recursive-graph	document	APIs/adyen.com/PayoutService/46/openapi.yaml	census 87	enumeration.tsv.gz
mutually-recursive-graph	document	APIs/adyen.com/PayoutService/49/openapi.yaml	census 87	enumeration.tsv.gz
mutually-recursive-graph	document	APIs/adyen.com/PayoutService/50/openapi.yaml	census 78	enumeration.tsv.gz
mutually-recursive-graph	document	APIs/adyen.com/PayoutService/51/openapi.yaml	census 78	enumeration.tsv.gz
mutually-recursive-graph	document	APIs/adyen.com/PayoutService/52/openapi.yaml	census 78	enumeration.tsv.gz
mutually-recursive-graph	document	APIs/adyen.com/PayoutService/64/openapi.yaml	census 78	enumeration.tsv.gz
mutually-recursive-graph	document	APIs/adyen.com/PayoutService/67/openapi.yaml	census 78	enumeration.tsv.gz
mutually-recursive-graph	document	APIs/adyen.com/PayoutService/68/openapi.yaml	census 78	enumeration.tsv.gz
mutually-recursive-graph	document	APIs/adyen.com/RecurringService/18/openapi.yaml	census 14	enumeration.tsv.gz
mutually-recursive-graph	document	APIs/adyen.com/RecurringService/25/openapi.yaml	census 38	enumeration.tsv.gz
mutually-recursive-graph	document	APIs/adyen.com/RecurringService/30/openapi.yaml	census 38	enumeration.tsv.gz
mutually-recursive-graph	document	APIs/adyen.com/RecurringService/40/openapi.yaml	census 50	enumeration.tsv.gz
mutually-recursive-graph	document	APIs/adyen.com/RecurringService/49/openapi.yaml	census 50	enumeration.tsv.gz
mutually-recursive-graph	document	APIs/adyen.com/RecurringService/67/openapi.yaml	census 57	enumeration.tsv.gz
mutually-recursive-graph	document	APIs/adyen.com/RecurringService/68/openapi.yaml	census 57	enumeration.tsv.gz
mutually-recursive-graph	document	APIs/adyen.com/StoredValueService/46/openapi.yaml	census 47	enumeration.tsv.gz
mutually-recursive-graph	document	APIs/adyen.com/TerminalAPI-v1/1/openapi.yaml	census 296	enumeration.tsv.gz
mutually-recursive-graph	document	APIs/adyen.com/TestCardService/1/openapi.yaml	census 10	enumeration.tsv.gz
mutually-recursive-graph	document	APIs/adyen.com/TfmAPIService/1/openapi.yaml	census 40	enumeration.tsv.gz
mutually-recursive-graph	document	APIs/adyen.com/TransferService-v4/4/openapi.yaml	census 105	enumeration.tsv.gz
mutually-recursive-graph	document	APIs/adyen.com/TransferService/1/openapi.yaml	census 36	enumeration.tsv.gz
mutually-recursive-graph	document	APIs/adyen.com/TransferService/2/openapi.yaml	census 38	enumeration.tsv.gz
mutually-recursive-graph	document	APIs/adyen.com/TransferService/3/openapi.yaml	census 98	enumeration.tsv.gz
mutually-recursive-graph	document	APIs/agco-ats.com/v1/openapi.yaml	census 1668	enumeration.tsv.gz
mutually-recursive-graph	document	APIs/airbyte.local/config/1.0.0/openapi.yaml	census 543	enumeration.tsv.gz
mutually-recursive-graph	document	APIs/alertersystem.com/1.7.0/openapi.yaml	census 1809	enumeration.tsv.gz
mutually-recursive-graph	document	APIs/amadeus.com/2.2.0/openapi.yaml	census 55	enumeration.tsv.gz
mutually-recursive-graph	document	APIs/amadeus.com/amadeus-flight-price-analysis/1.0.1/openapi.yaml	census 4	enumeration.tsv.gz
mutually-recursive-graph	document	APIs/amadeus.com/amadeus-location-score/1.0.2/openapi.yaml	census 5	enumeration.tsv.gz
mutually-recursive-graph	document	APIs/amadeus.com/amadeus-travel-recommendations/1.0.3/openapi.yaml	census 5	enumeration.tsv.gz
mutually-recursive-graph	document	APIs/amadeus.com/amadeus-trip-parser/3.0.1/openapi.yaml	census 68	enumeration.tsv.gz
mutually-recursive-graph	document	APIs/amazonaws.com/AWSMigrationHub/2017-05-31/openapi.yaml	census 275	enumeration.tsv.gz
mutually-recursive-graph	document	APIs/amazonaws.com/accessanalyzer/2019-11-01/openapi.yaml	census 485	enumeration.tsv.gz
mutually-recursive-graph	document	APIs/amazonaws.com/account/2021-02-01/openapi.yaml	census 108	enumeration.tsv.gz
mutually-recursive-graph	document	APIs/amazonaws.com/acm-pca/2017-08-22/openapi.yaml	census 337	enumeration.tsv.gz
mutually-recursive-graph	document	APIs/amazonaws.com/acm/2015-12-08/openapi.yaml	census 217	enumeration.tsv.gz
mutually-recursive-graph	document	APIs/amazonaws.com/alexaforbusiness/2017-11-09/openapi.yaml	census 981	enumeration.tsv.gz
mutually-recursive-graph	document	APIs/amazonaws.com/amp/2020-08-01/openapi.yaml	census 227	enumeration.tsv.gz
mutually-recursive-graph	document	APIs/amazonaws.com/amplify/2017-07-25/openapi.yaml	census 522	enumeration.tsv.gz
mutually-recursive-graph	document	APIs/amazonaws.com/amplifybackend/2020-08-11/openapi.yaml	census 518	enumeration.tsv.gz
mutually-recursive-graph	document	APIs/amazonaws.com/amplifyuibuilder/2021-08-11/openapi.yaml	census 544	enumeration.tsv.gz
mutually-recursive-graph	document	APIs/amazonaws.com/apigateway/2015-07-09/openapi.yaml	census 1265	enumeration.tsv.gz
mutually-recursive-graph	document	APIs/amazonaws.com/apigatewaymanagementapi/2018-11-29/openapi.yaml	census 17	enumeration.tsv.gz
mutually-recursive-graph	document	APIs/amazonaws.com/apigatewayv2/2018-11-29/openapi.yaml	census 1085	enumeration.tsv.gz
mutually-recursive-graph	document	APIs/amazonaws.com/appconfig/2019-10-09/openapi.yaml	census 398	enumeration.tsv.gz
mutually-recursive-graph	document	APIs/amazonaws.com/appconfigdata/2021-11-11/openapi.yaml	census 16	enumeration.tsv.gz
mutually-recursive-graph	document	APIs/amazonaws.com/appfabric/2023-05-19/openapi.yaml	census 321	enumeration.tsv.gz
mutually-recursive-graph	document	APIs/amazonaws.com/appflow/2020-08-23/openapi.yaml	census 853	enumeration.tsv.gz
mutually-recursive-graph	document	APIs/amazonaws.com/appintegrations/2020-07-29/openapi.yaml	census 189	enumeration.tsv.gz
mutually-recursive-graph	document	APIs/amazonaws.com/application-autoscaling/2016-02-06/openapi.yaml	census 254	enumeration.tsv.gz
mutually-recursive-graph	document	APIs/amazonaws.com/application-insights/2018-11-25/openapi.yaml	census 455	enumeration.tsv.gz
mutually-recursive-graph	document	APIs/amazonaws.com/applicationcostprofiler/2020-09-10/openapi.yaml	census 74	enumeration.tsv.gz
mutually-recursive-graph	document	APIs/amazonaws.com/appmesh/2018-10-01/openapi.yaml	census 273	enumeration.tsv.gz
mutually-recursive-graph	document	APIs/amazonaws.com/appmesh/2019-01-25/openapi.yaml	census 856	enumeration.tsv.gz
mutually-recursive-graph	document	APIs/amazonaws.com/apprunner/2020-05-15/openapi.yaml	census 478	enumeration.tsv.gz
mutually-recursive-graph	document	APIs/amazonaws.com/appstream/2016-12-01/openapi.yaml	census 1051	enumeration.tsv.gz
mutually-recursive-graph	document	APIs/amazonaws.com/appsync/2017-07-25/openapi.yaml	census 802	enumeration.tsv.gz
mutually-recursive-graph	document	APIs/amazonaws.com/arc-zonal-shift/2022-10-30/openapi.yaml	census 80	enumeration.tsv.gz
mutually-recursive-graph	document	APIs/amazonaws.com/athena/2017-05-18/openapi.yaml	census 838	enumeration.tsv.gz
mutually-recursive-graph	document	APIs/amazonaws.com/auditmanager/2017-07-25/openapi.yaml	census 822	enumeration.tsv.gz
mutually-recursive-graph	document	APIs/amazonaws.com/autoscaling-plans/2018-01-06/openapi.yaml	census 139	enumeration.tsv.gz
mutually-recursive-graph	document	APIs/amazonaws.com/autoscaling/2011-01-01/openapi.yaml	census 1188	enumeration.tsv.gz
mutually-recursive-graph	document	APIs/amazonaws.com/backup-gateway/2021-01-01/openapi.yaml	census 313	enumeration.tsv.gz
mutually-recursive-graph	document	APIs/amazonaws.com/backup/2018-11-15/openapi.yaml	census 958	enumeration.tsv.gz
mutually-recursive-graph	document	APIs/amazonaws.com/backupstorage/2018-04-10/openapi.yaml	census 108	enumeration.tsv.gz
mutually-recursive-graph	document	APIs/amazonaws.com/batch/2016-08-10/openapi.yaml	census 694	enumeration.tsv.gz
mutually-recursive-graph	document	APIs/amazonaws.com/billingconductor/2021-07-30/openapi.yaml	census 578	enumeration.tsv.gz
mutually-recursive-graph	document	APIs/amazonaws.com/braket/2019-09-01/openapi.yaml	census 245	enumeration.tsv.gz
mutually-recursive-graph	document	APIs/amazonaws.com/budgets/2016-10-20/openapi.yaml	census 412	enumeration.tsv.gz
mutually-recursive-graph	document	APIs/amazonaws.com/ce/2017-10-25/openapi.yaml	census 885	enumeration.tsv.gz
mutually-recursive-graph	document	APIs/amazonaws.com/chime-sdk-identity/2021-04-20/openapi.yaml	census 394	enumeration.tsv.gz
mutually-recursive-graph	document	APIs/amazonaws.com/chime-sdk-media-pipelines/2021-07-15/openapi.yaml	census 459	enumeration.tsv.gz
mutually-recursive-graph	document	APIs/amazonaws.com/chime-sdk-meetings/2021-07-15/openapi.yaml	census 253	enumeration.tsv.gz
mutually-recursive-graph	document	APIs/amazonaws.com/chime-sdk-messaging/2021-05-15/openapi.yaml	census 703	enumeration.tsv.gz
mutually-recursive-graph	document	APIs/amazonaws.com/chime-sdk-voice/2022-08-03/openapi.yaml	census 1233	enumeration.tsv.gz
mutually-recursive-graph	document	APIs/amazonaws.com/chime/2018-05-01/openapi.yaml	census 2400	enumeration.tsv.gz
mutually-recursive-graph	document	APIs/amazonaws.com/cleanrooms/2022-02-17/openapi.yaml	census 674	enumeration.tsv.gz
mutually-recursive-graph	document	APIs/amazonaws.com/cloud9/2017-09-23/openapi.yaml	census 182	enumeration.tsv.gz
mutually-recursive-graph	document	APIs/amazonaws.com/cloudcontrol/2021-09-30/openapi.yaml	census 171	enumeration.tsv.gz
mutually-recursive-graph	document	APIs/amazonaws.com/clouddirectory/2016-05-10/openapi.yaml	census 1267	enumeration.tsv.gz
mutually-recursive-graph	document	APIs/amazonaws.com/clouddirectory/2017-01-11/openapi.yaml	census 1259	enumeration.tsv.gz
mutually-recursive-graph	document	APIs/amazonaws.com/cloudformation/2010-05-15/openapi.yaml	census 1416	enumeration.tsv.gz
mutually-recursive-graph	document	APIs/amazonaws.com/cloudfront/2016-11-25/openapi.yaml	census 639	enumeration.tsv.gz
mutually-recursive-graph	document	APIs/amazonaws.com/cloudfront/2017-03-25/openapi.yaml	census 654	enumeration.tsv.gz
mutually-recursive-graph	document	APIs/amazonaws.com/cloudfront/2017-10-30/openapi.yaml	census 895	enumeration.tsv.gz
mutually-recursive-graph	document	APIs/amazonaws.com/cloudfront/2018-06-18/openapi.yaml	census 816	enumeration.tsv.gz
mutually-recursive-graph	document	APIs/amazonaws.com/cloudfront/2018-11-05/openapi.yaml	census 837	enumeration.tsv.gz
mutually-recursive-graph	document	APIs/amazonaws.com/cloudfront/2019-03-26/openapi.yaml	census 844	enumeration.tsv.gz
mutually-recursive-graph	document	APIs/amazonaws.com/cloudfront/2020-05-31/openapi.yaml	census 1755	enumeration.tsv.gz
mutually-recursive-graph	document	APIs/amazonaws.com/cloudhsm/2014-05-30/openapi.yaml	census 206	enumeration.tsv.gz
mutually-recursive-graph	document	APIs/amazonaws.com/cloudhsmv2/2017-04-28/openapi.yaml	census 224	enumeration.tsv.gz
mutually-recursive-graph	document	APIs/amazonaws.com/cloudsearch/2011-02-01/openapi.yaml	census 335	enumeration.tsv.gz
mutually-recursive-graph	document	APIs/amazonaws.com/cloudsearch/2013-01-01/openapi.yaml	census 556	enumeration.tsv.gz
mutually-recursive-graph	document	APIs/amazonaws.com/cloudsearchdomain/2013-01-01/openapi.yaml	census 60	enumeration.tsv.gz
mutually-recursive-graph	document	APIs/amazonaws.com/cloudtrail-data/2021-08-11/openapi.yaml	census 22	enumeration.tsv.gz
mutually-recursive-graph	document	APIs/amazonaws.com/cloudtrail/2013-11-01/openapi.yaml	census 984	enumeration.tsv.gz
mutually-recursive-graph	document	APIs/amazonaws.com/codeartifact/2018-09-22/openapi.yaml	census 474	enumeration.tsv.gz
mutually-recursive-graph	document	APIs/amazonaws.com/codebuild/2016-10-06/openapi.yaml	census 768	enumeration.tsv.gz
mutually-recursive-graph	document	APIs/amazonaws.com/codecatalyst/2022-09-28/openapi.yaml	census 498	enumeration.tsv.gz
mutually-recursive-graph	document	APIs/amazonaws.com/codecommit/2015-04-13/openapi.yaml	census 1920	enumeration.tsv.gz
mutually-recursive-graph	document	APIs/amazonaws.com/codedeploy/2014-10-06/openapi.yaml	census 876	enumeration.tsv.gz
mutually-recursive-graph	document	APIs/amazonaws.com/codeguru-reviewer/2019-09-19/openapi.yaml	census 260	enumeration.tsv.gz
mutually-recursive-graph	document	APIs/amazonaws.com/codeguru-security/2018-05-10/openapi.yaml	census 205	enumeration.tsv.gz
mutually-recursive-graph	document	APIs/amazonaws.com/codeguruprofiler/2019-07-18/openapi.yaml	census 258	enumeration.tsv.gz
mutually-recursive-graph	document	APIs/amazonaws.com/codepipeline/2015-07-09/openapi.yaml	census 639	enumeration.tsv.gz
mutually-recursive-graph	document	APIs/amazonaws.com/codestar-connections/2019-12-01/openapi.yaml	census 111	enumeration.tsv.gz
mutually-recursive-graph	document	APIs/amazonaws.com/codestar-notifications/2019-10-15/openapi.yaml	census 145	enumeration.tsv.gz
mutually-recursive-graph	document	APIs/amazonaws.com/codestar/2017-04-19/openapi.yaml	census 239	enumeration.tsv.gz
mutually-recursive-graph	document	APIs/amazonaws.com/cognito-identity/2014-06-30/openapi.yaml	census 319	enumeration.tsv.gz
mutually-recursive-graph	document	APIs/amazonaws.com/cognito-idp/2016-04-18/openapi.yaml	census 1864	enumeration.tsv.gz
mutually-recursive-graph	document	APIs/amazonaws.com/cognito-sync/2014-06-30/openapi.yaml	census 196	enumeration.tsv.gz
mutually-recursive-graph	document	APIs/amazonaws.com/comprehend/2017-11-27/openapi.yaml	census 1514	enumeration.tsv.gz
mutually-recursive-graph	document	APIs/amazonaws.com/comprehendmedical/2018-10-30/openapi.yaml	census 417	enumeration.tsv.gz
mutually-recursive-graph	document	APIs/amazonaws.com/compute-optimizer/2019-11-01/openapi.yaml	census 620	enumeration.tsv.gz
mutually-recursive-graph	document	APIs/amazonaws.com/config/2014-11-12/openapi.yaml	census 1338	enumeration.tsv.gz
mutually-recursive-graph	document	APIs/amazonaws.com/connect-contact-lens/2020-08-21/openapi.yaml	census 35	enumeration.tsv.gz
mutually-recursive-graph	document	APIs/amazonaws.com/connect/2017-08-08/openapi.yaml	census 2810	enumeration.tsv.gz
mutually-recursive-graph	document	APIs/amazonaws.com/connectcampaigns/2021-01-30/openapi.yaml	census 233	enumeration.tsv.gz
mutually-recursive-graph	document	APIs/amazonaws.com/connectcases/2022-10-03/openapi.yaml	census 442	enumeration.tsv.gz
mutually-recursive-graph	document	APIs/amazonaws.com/connectparticipant/2018-09-07/openapi.yaml	census 120	enumeration.tsv.gz
mutually-recursive-graph	document	APIs/amazonaws.com/controltower/2018-05-10/openapi.yaml	census 48	enumeration.tsv.gz
mutually-recursive-graph	document	APIs/amazonaws.com/cur/2017-01-06/openapi.yaml	census 41	enumeration.tsv.gz
mutually-recursive-graph	document	APIs/amazonaws.com/customer-profiles/2020-08-15/openapi.yaml	census 1091	enumeration.tsv.gz
mutually-recursive-graph	document	APIs/amazonaws.com/databrew/2017-07-25/openapi.yaml	census 725	enumeration.tsv.gz
mutually-recursive-graph	document	APIs/amazonaws.com/dataexchange/2017-07-25/openapi.yaml	census 570	enumeration.tsv.gz
mutually-recursive-graph	document	APIs/amazonaws.com/datapipeline/2012-10-29/openapi.yaml	census 236	enumeration.tsv.gz
mutually-recursive-graph	document	APIs/amazonaws.com/datasync/2018-11-09/openapi.yaml	census 816	enumeration.tsv.gz
mutually-recursive-graph	document	APIs/amazonaws.com/dax/2017-04-19/openapi.yaml	census 341	enumeration.tsv.gz
mutually-recursive-graph	document	APIs/amazonaws.com/detective/2018-10-26/openapi.yaml	census 239	enumeration.tsv.gz
mutually-recursive-graph	document	APIs/amazonaws.com/devicefarm/2015-06-23/openapi.yaml	census 1101	enumeration.tsv.gz
mutually-recursive-graph	document	APIs/amazonaws.com/devops-guru/2020-12-01/openapi.yaml	census 717	enumeration.tsv.gz
mutually-recursive-graph	document	APIs/amazonaws.com/directconnect/2012-10-25/openapi.yaml	census 739	enumeration.tsv.gz
mutually-recursive-graph	document	APIs/amazonaws.com/discovery/2015-11-01/openapi.yaml	census 429	enumeration.tsv.gz
mutually-recursive-graph	document	APIs/amazonaws.com/dlm/2018-01-12/openapi.yaml	census 177	enumeration.tsv.gz
mutually-recursive-graph	document	APIs/amazonaws.com/dms/2016-01-01/openapi.yaml	census 1944	enumeration.tsv.gz
mutually-recursive-graph	document	APIs/amazonaws.com/docdb-elastic/2022-11-28/openapi.yaml	census 170	enumeration.tsv.gz
mutually-recursive-graph	document	APIs/amazonaws.com/docdb/2014-10-31/openapi.yaml	census 1153	enumeration.tsv.gz
mutually-recursive-graph	document	APIs/amazonaws.com/drs/2020-02-26/openapi.yaml	census 809	enumeration.tsv.gz
mutually-recursive-graph	document	APIs/amazonaws.com/ds/2015-04-16/openapi.yaml	census 976	enumeration.tsv.gz
mutually-recursive-graph	document	APIs/amazonaws.com/dynamodb/2011-12-05/openapi.yaml	census 209	enumeration.tsv.gz
mutually-recursive-graph	document	APIs/amazonaws.com/dynamodb/2012-08-10/openapi.yaml	census 1090	enumeration.tsv.gz
mutually-recursive-graph	document	APIs/amazonaws.com/ebs/2019-11-02/openapi.yaml	census 87	enumeration.tsv.gz
mutually-recursive-graph	document	APIs/amazonaws.com/ec2-instance-connect/2018-04-02/openapi.yaml	census 33	enumeration.tsv.gz
mutually-recursive-graph	document	APIs/amazonaws.com/ec2/2016-11-15/openapi.yaml	census 10373	enumeration.tsv.gz
mutually-recursive-graph	document	APIs/amazonaws.com/ecr-public/2020-10-30/openapi.yaml	census 351	enumeration.tsv.gz
mutually-recursive-graph	document	APIs/amazonaws.com/ecr/2015-09-21/openapi.yaml	census 680	enumeration.tsv.gz
mutually-recursive-graph	document	APIs/amazonaws.com/ecs/2014-11-13/openapi.yaml	census 1280	enumeration.tsv.gz
mutually-recursive-graph	document	APIs/amazonaws.com/eks/2017-11-01/openapi.yaml	census 611	enumeration.tsv.gz
mutually-recursive-graph	document	APIs/amazonaws.com/elastic-inference/2017-07-25/openapi.yaml	census 66	enumeration.tsv.gz
mutually-recursive-graph	document	APIs/amazonaws.com/elasticache/2015-02-02/openapi.yaml	census 1839	enumeration.tsv.gz
mutually-recursive-graph	document	APIs/amazonaws.com/elasticbeanstalk/2010-12-01/openapi.yaml	census 824	enumeration.tsv.gz
mutually-recursive-graph	document	APIs/amazonaws.com/elasticfilesystem/2015-02-01/openapi.yaml	census 312	enumeration.tsv.gz
mutually-recursive-graph	document	APIs/amazonaws.com/elasticloadbalancing/2012-06-01/openapi.yaml	census 475	enumeration.tsv.gz
mutually-recursive-graph	document	APIs/amazonaws.com/elasticloadbalancingv2/2015-12-01/openapi.yaml	census 783	enumeration.tsv.gz
mutually-recursive-graph	document	APIs/amazonaws.com/elasticmapreduce/2009-03-31/openapi.yaml	census 952	enumeration.tsv.gz
mutually-recursive-graph	document	APIs/amazonaws.com/elastictranscoder/2012-09-25/openapi.yaml	census 459	enumeration.tsv.gz
mutually-recursive-graph	document	APIs/amazonaws.com/email/2010-12-01/openapi.yaml	census 825	enumeration.tsv.gz
mutually-recursive-graph	document	APIs/amazonaws.com/emr-containers/2020-10-01/openapi.yaml	census 284	enumeration.tsv.gz
mutually-recursive-graph	document	APIs/amazonaws.com/emr-serverless/2021-07-13/openapi.yaml	census 264	enumeration.tsv.gz
mutually-recursive-graph	document	APIs/amazonaws.com/entitlement.marketplace/2017-01-11/openapi.yaml	census 26	enumeration.tsv.gz
mutually-recursive-graph	document	APIs/amazonaws.com/entityresolution/2018-05-10/openapi.yaml	census 229	enumeration.tsv.gz
mutually-recursive-graph	document	APIs/amazonaws.com/es/2015-01-01/openapi.yaml	census 852	enumeration.tsv.gz
mutually-recursive-graph	document	APIs/amazonaws.com/eventbridge/2015-10-07/openapi.yaml	census 881	enumeration.tsv.gz
mutually-recursive-graph	document	APIs/amazonaws.com/events/2015-10-07/openapi.yaml	census 784	enumeration.tsv.gz
mutually-recursive-graph	document	APIs/amazonaws.com/evidently/2021-02-01/openapi.yaml	census 598	enumeration.tsv.gz
mutually-recursive-graph	document	APIs/amazonaws.com/finspace-data/2020-07-13/openapi.yaml	census 478	enumeration.tsv.gz
mutually-recursive-graph	document	APIs/amazonaws.com/finspace/2021-03-12/openapi.yaml	census 613	enumeration.tsv.gz
mutually-recursive-graph	document	APIs/amazonaws.com/firehose/2015-08-04/openapi.yaml	census 513	enumeration.tsv.gz
mutually-recursive-graph	document	APIs/amazonaws.com/fis/2020-12-01/openapi.yaml	census 267	enumeration.tsv.gz
mutually-recursive-graph	document	APIs/amazonaws.com/fms/2018-01-01/openapi.yaml	census 769	enumeration.tsv.gz
mutually-recursive-graph	document	APIs/amazonaws.com/forecast/2018-06-26/openapi.yaml	census 963	enumeration.tsv.gz
mutually-recursive-graph	document	APIs/amazonaws.com/forecastquery/2018-06-26/openapi.yaml	census 32	enumeration.tsv.gz
mutually-recursive-graph	document	APIs/amazonaws.com/frauddetector/2019-11-15/openapi.yaml	census 1186	enumeration.tsv.gz
mutually-recursive-graph	document	APIs/amazonaws.com/fsx/2018-03-01/openapi.yaml	census 1094	enumeration.tsv.gz
mutually-recursive-graph	document	APIs/amazonaws.com/gamelift/2015-10-01/openapi.yaml	census 1582	enumeration.tsv.gz
mutually-recursive-graph	document	APIs/amazonaws.com/gamesparks/2021-08-17/openapi.yaml	census 358	enumeration.tsv.gz
mutually-recursive-graph	document	APIs/amazonaws.com/glacier/2012-06-01/openapi.yaml	census 315	enumeration.tsv.gz
mutually-recursive-graph	document	APIs/amazonaws.com/globalaccelerator/2018-08-08/openapi.yaml	census 602	enumeration.tsv.gz
mutually-recursive-graph	document	APIs/amazonaws.com/glue/2017-03-31/openapi.yaml	census 4066	enumeration.tsv.gz
mutually-recursive-graph	document	APIs/amazonaws.com/grafana/2020-08-18/openapi.yaml	census 297	enumeration.tsv.gz
mutually-recursive-graph	document	APIs/amazonaws.com/greengrass/2017-06-07/openapi.yaml	census 726	enumeration.tsv.gz
mutually-recursive-graph	document	APIs/amazonaws.com/greengrassv2/2020-11-30/openapi.yaml	census 439	enumeration.tsv.gz
mutually-recursive-graph	document	APIs/amazonaws.com/groundstation/2019-05-23/openapi.yaml	census 514	enumeration.tsv.gz
mutually-recursive-graph	document	APIs/amazonaws.com/guardduty/2017-11-28/openapi.yaml	census 1094	enumeration.tsv.gz
mutually-recursive-graph	document	APIs/amazonaws.com/health/2016-08-04/openapi.yaml	census 215	enumeration.tsv.gz
mutually-recursive-graph	document	APIs/amazonaws.com/healthlake/2017-07-01/openapi.yaml	census 199	enumeration.tsv.gz
mutually-recursive-graph	document	APIs/amazonaws.com/honeycode/2020-03-01/openapi.yaml	census 280	enumeration.tsv.gz
mutually-recursive-graph	document	APIs/amazonaws.com/iam/2010-05-08/openapi.yaml	census 2290	enumeration.tsv.gz
mutually-recursive-graph	document	APIs/amazonaws.com/identitystore/2020-06-15/openapi.yaml	census 326	enumeration.tsv.gz
mutually-recursive-graph	document	APIs/amazonaws.com/imagebuilder/2019-12-02/openapi.yaml	census 1308	enumeration.tsv.gz
mutually-recursive-graph	document	APIs/amazonaws.com/importexport/2010-06-01/openapi.yaml	census 217	enumeration.tsv.gz
mutually-recursive-graph	document	APIs/amazonaws.com/inspector/2016-02-16/openapi.yaml	census 556	enumeration.tsv.gz
mutually-recursive-graph	document	APIs/amazonaws.com/inspector2/2020-06-08/openapi.yaml	census 1236	enumeration.tsv.gz
mutually-recursive-graph	document	APIs/amazonaws.com/internetmonitor/2021-06-03/openapi.yaml	census 187	enumeration.tsv.gz
mutually-recursive-graph	document	APIs/amazonaws.com/iot-data/2015-05-28/openapi.yaml	census 77	enumeration.tsv.gz
mutually-recursive-graph	document	APIs/amazonaws.com/iot-jobs-data/2017-09-29/openapi.yaml	census 65	enumeration.tsv.gz
mutually-recursive-graph	document	APIs/amazonaws.com/iot-roborunner/2018-05-10/openapi.yaml	census 316	enumeration.tsv.gz
mutually-recursive-graph	document	APIs/amazonaws.com/iot/2015-05-28/openapi.yaml	census 3509	enumeration.tsv.gz
mutually-recursive-graph	document	APIs/amazonaws.com/iot1click-devices/2018-05-14/openapi.yaml	census 99	enumeration.tsv.gz
mutually-recursive-graph	document	APIs/amazonaws.com/iot1click-projects/2018-05-14/openapi.yaml	census 132	enumeration.tsv.gz
mutually-recursive-graph	document	APIs/amazonaws.com/iotanalytics/2017-11-27/openapi.yaml	census 584	enumeration.tsv.gz
mutually-recursive-graph	document	APIs/amazonaws.com/iotdeviceadvisor/2020-09-18/openapi.yaml	census 177	enumeration.tsv.gz
mutually-recursive-graph	document	APIs/amazonaws.com/iotevents-data/2018-10-23/openapi.yaml	census 220	enumeration.tsv.gz
mutually-recursive-graph	document	APIs/amazonaws.com/iotevents/2018-07-27/openapi.yaml	census 489	enumeration.tsv.gz
mutually-recursive-graph	document	APIs/amazonaws.com/iotfleethub/2020-11-03/openapi.yaml	census 76	enumeration.tsv.gz
mutually-recursive-graph	document	APIs/amazonaws.com/iotfleetwise/2021-06-17/openapi.yaml	census 866	enumeration.tsv.gz
mutually-recursive-graph	document	APIs/amazonaws.com/iotsecuretunneling/2018-10-05/openapi.yaml	census 80	enumeration.tsv.gz
mutually-recursive-graph	document	APIs/amazonaws.com/iotsitewise/2019-12-02/openapi.yaml	census 1118	enumeration.tsv.gz
mutually-recursive-graph	document	APIs/amazonaws.com/iotthingsgraph/2018-09-06/openapi.yaml	census 423	enumeration.tsv.gz
mutually-recursive-graph	document	APIs/amazonaws.com/iottwinmaker/2021-11-29/openapi.yaml	census 664	enumeration.tsv.gz
mutually-recursive-graph	document	APIs/amazonaws.com/iotwireless/2020-11-22/openapi.yaml	census 1590	enumeration.tsv.gz
mutually-recursive-graph	document	APIs/amazonaws.com/ivs-realtime/2020-07-14/openapi.yaml	census 177	enumeration.tsv.gz
mutually-recursive-graph	document	APIs/amazonaws.com/ivs/2020-07-14/openapi.yaml	census 372	enumeration.tsv.gz
mutually-recursive-graph	document	APIs/amazonaws.com/ivschat/2020-07-14/openapi.yaml	census 243	enumeration.tsv.gz
mutually-recursive-graph	document	APIs/amazonaws.com/kafka/2018-11-14/openapi.yaml	census 777	enumeration.tsv.gz
mutually-recursive-graph	document	APIs/amazonaws.com/kafkaconnect/2021-09-14/openapi.yaml	census 322	enumeration.tsv.gz
mutually-recursive-graph	document	APIs/amazonaws.com/kendra-ranking/2022-10-19/openapi.yaml	census 126	enumeration.tsv.gz
mutually-recursive-graph	document	APIs/amazonaws.com/kendra/2019-02-03/openapi.yaml	census 1652	enumeration.tsv.gz
mutually-recursive-graph	document	APIs/amazonaws.com/keyspaces/2022-02-10/openapi.yaml	census 218	enumeration.tsv.gz
mutually-recursive-graph	document	APIs/amazonaws.com/kinesis-video-archived-media/2017-09-30/openapi.yaml	census 129	enumeration.tsv.gz
mutually-recursive-graph	document	APIs/amazonaws.com/kinesis-video-media/2017-09-30/openapi.yaml	census 19	enumeration.tsv.gz
mutually-recursive-graph	document	APIs/amazonaws.com/kinesis-video-signaling/2019-12-04/openapi.yaml	census 27	enumeration.tsv.gz
mutually-recursive-graph	document	APIs/amazonaws.com/kinesis-video-webrtc-storage/2018-05-10/openapi.yaml	census 5	enumeration.tsv.gz
mutually-recursive-graph	document	APIs/amazonaws.com/kinesis/2013-12-02/openapi.yaml	census 406	enumeration.tsv.gz
mutually-recursive-graph	document	APIs/amazonaws.com/kinesisanalytics/2015-08-14/openapi.yaml	census 368	enumeration.tsv.gz
mutually-recursive-graph	document	APIs/amazonaws.com/kinesisanalyticsv2/2018-05-23/openapi.yaml	census 706	enumeration.tsv.gz
mutually-recursive-graph	document	APIs/amazonaws.com/kinesisvideo/2017-09-30/openapi.yaml	census 416	enumeration.tsv.gz
mutually-recursive-graph	document	APIs/amazonaws.com/kms/2014-11-01/openapi.yaml	census 806	enumeration.tsv.gz
mutually-recursive-graph	document	APIs/amazonaws.com/lakeformation/2017-03-31/openapi.yaml	census 762	enumeration.tsv.gz
mutually-recursive-graph	document	APIs/amazonaws.com/lambda/2014-11-11/openapi.yaml	census 85	enumeration.tsv.gz
mutually-recursive-graph	document	APIs/amazonaws.com/lambda/2015-03-31/openapi.yaml	census 972	enumeration.tsv.gz
mutually-recursive-graph	document	APIs/amazonaws.com/lex-models/2017-04-19/openapi.yaml	census 693	enumeration.tsv.gz
mutually-recursive-graph	document	APIs/amazonaws.com/license-manager-linux-subscriptions/2018-05-10/openapi.yaml	census 67	enumeration.tsv.gz
mutually-recursive-graph	document	APIs/amazonaws.com/license-manager-user-subscriptions/2018-05-10/openapi.yaml	census 200	enumeration.tsv.gz
mutually-recursive-graph	document	APIs/amazonaws.com/license-manager/2018-08-01/openapi.yaml	census 927	enumeration.tsv.gz
mutually-recursive-graph	document	APIs/amazonaws.com/lightsail/2016-11-28/openapi.yaml	census 2715	enumeration.tsv.gz
mutually-recursive-graph	document	APIs/amazonaws.com/location/2020-11-19/openapi.yaml	census 915	enumeration.tsv.gz
mutually-recursive-graph	document	APIs/amazonaws.com/logs/2014-03-28/openapi.yaml	census 594	enumeration.tsv.gz
mutually-recursive-graph	document	APIs/amazonaws.com/lookoutequipment/2020-12-15/openapi.yaml	census 771	enumeration.tsv.gz
mutually-recursive-graph	document	APIs/amazonaws.com/lookoutmetrics/2017-07-25/openapi.yaml	census 604	enumeration.tsv.gz
mutually-recursive-graph	document	APIs/amazonaws.com/lookoutvision/2020-11-20/openapi.yaml	census 315	enumeration.tsv.gz
mutually-recursive-graph	document	APIs/amazonaws.com/m2/2021-04-28/openapi.yaml	census 534	enumeration.tsv.gz
mutually-recursive-graph	document	APIs/amazonaws.com/machinelearning/2014-12-12/openapi.yaml	census 483	enumeration.tsv.gz
mutually-recursive-graph	document	APIs/amazonaws.com/macie/2017-12-19/openapi.yaml	census 73	enumeration.tsv.gz
mutually-recursive-graph	document	APIs/amazonaws.com/macie2/2020-01-01/openapi.yaml	census 1416	enumeration.tsv.gz
mutually-recursive-graph	document	APIs/amazonaws.com/managedblockchain-query/2023-05-04/openapi.yaml	census 156	enumeration.tsv.gz
mutually-recursive-graph	document	APIs/amazonaws.com/managedblockchain/2018-09-24/openapi.yaml	census 415	enumeration.tsv.gz
mutually-recursive-graph	document	APIs/amazonaws.com/marketplace-catalog/2018-09-17/openapi.yaml	census 178	enumeration.tsv.gz
mutually-recursive-graph	document	APIs/amazonaws.com/marketplacecommerceanalytics/2015-07-01/openapi.yaml	census 23	enumeration.tsv.gz
mutually-recursive-graph	document	APIs/amazonaws.com/mediaconnect/2018-11-14/openapi.yaml	census 1014	enumeration.tsv.gz
mutually-recursive-graph	document	APIs/amazonaws.com/mediaconvert/2017-08-29/openapi.yaml	census 1530	enumeration.tsv.gz
mutually-recursive-graph	document	APIs/amazonaws.com/medialive/2017-10-14/openapi.yaml	census 2041	enumeration.tsv.gz
mutually-recursive-graph	document	APIs/amazonaws.com/mediapackage-vod/2018-11-07/openapi.yaml	census 313	enumeration.tsv.gz
mutually-recursive-graph	document	APIs/amazonaws.com/mediapackage/2017-10-12/openapi.yaml	census 504	enumeration.tsv.gz
mutually-recursive-graph	document	APIs/amazonaws.com/mediapackagev2/2022-12-25/openapi.yaml	census 372	enumeration.tsv.gz
mutually-recursive-graph	document	APIs/amazonaws.com/mediastore-data/2017-09-01/openapi.yaml	census 34	enumeration.tsv.gz
mutually-recursive-graph	document	APIs/amazonaws.com/mediastore/2017-09-01/openapi.yaml	census 174	enumeration.tsv.gz
mutually-recursive-graph	document	APIs/amazonaws.com/mediatailor/2018-04-23/openapi.yaml	census 549	enumeration.tsv.gz
mutually-recursive-graph	document	APIs/amazonaws.com/medical-imaging/2023-07-19/openapi.yaml	census 289	enumeration.tsv.gz
mutually-recursive-graph	document	APIs/amazonaws.com/memorydb/2021-01-01/openapi.yaml	census 690	enumeration.tsv.gz
mutually-recursive-graph	document	APIs/amazonaws.com/meteringmarketplace/2016-01-14/openapi.yaml	census 76	enumeration.tsv.gz
mutually-recursive-graph	document	APIs/amazonaws.com/mgn/2020-02-26/openapi.yaml	census 1002	enumeration.tsv.gz
mutually-recursive-graph	document	APIs/amazonaws.com/migration-hub-refactor-spaces/2021-10-26/openapi.yaml	census 473	enumeration.tsv.gz
mutually-recursive-graph	document	APIs/amazonaws.com/migrationhub-config/2019-06-30/openapi.yaml	census 41	enumeration.tsv.gz
mutually-recursive-graph	document	APIs/amazonaws.com/migrationhuborchestrator/2021-08-28/openapi.yaml	census 479	enumeration.tsv.gz
mutually-recursive-graph	document	APIs/amazonaws.com/migrationhubstrategy/2020-02-19/openapi.yaml	census 427	enumeration.tsv.gz
mutually-recursive-graph	document	APIs/amazonaws.com/mobile/2017-07-01/openapi.yaml	census 113	enumeration.tsv.gz
mutually-recursive-graph	document	APIs/amazonaws.com/mobileanalytics/2014-06-05/openapi.yaml	census 17	enumeration.tsv.gz
mutually-recursive-graph	document	APIs/amazonaws.com/models.lex.v2/2020-08-07/openapi.yaml	census 2380	enumeration.tsv.gz
mutually-recursive-graph	document	APIs/amazonaws.com/monitoring/2010-08-01/openapi.yaml	census 772	enumeration.tsv.gz
mutually-recursive-graph	document	APIs/amazonaws.com/mq/2017-11-27/openapi.yaml	census 422	enumeration.tsv.gz
mutually-recursive-graph	document	APIs/amazonaws.com/mturk-requester/2017-01-17/openapi.yaml	census 469	enumeration.tsv.gz
mutually-recursive-graph	document	APIs/amazonaws.com/mwaa/2020-07-01/openapi.yaml	census 183	enumeration.tsv.gz
mutually-recursive-graph	document	APIs/amazonaws.com/neptune/2014-10-31/openapi.yaml	census 1611	enumeration.tsv.gz
mutually-recursive-graph	document	APIs/amazonaws.com/network-firewall/2020-11-12/openapi.yaml	census 671	enumeration.tsv.gz
mutually-recursive-graph	document	APIs/amazonaws.com/networkmanager/2019-07-05/openapi.yaml	census 1197	enumeration.tsv.gz
mutually-recursive-graph	document	APIs/amazonaws.com/nimble/2020-08-01/openapi.yaml	census 821	enumeration.tsv.gz
mutually-recursive-graph	document	APIs/amazonaws.com/oam/2022-06-10/openapi.yaml	census 161	enumeration.tsv.gz
mutually-recursive-graph	document	APIs/amazonaws.com/omics/2022-11-28/openapi.yaml	census 1379	enumeration.tsv.gz
mutually-recursive-graph	document	APIs/amazonaws.com/opensearch/2021-01-01/openapi.yaml	census 1002	enumeration.tsv.gz
mutually-recursive-graph	document	APIs/amazonaws.com/opensearchserverless/2021-11-01/openapi.yaml	census 429	enumeration.tsv.gz
mutually-recursive-graph	document	APIs/amazonaws.com/opsworks/2013-02-18/openapi.yaml	census 926	enumeration.tsv.gz
mutually-recursive-graph	document	APIs/amazonaws.com/opsworkscm/2016-11-01/openapi.yaml	census 248	enumeration.tsv.gz
mutually-recursive-graph	document	APIs/amazonaws.com/organizations/2016-11-28/openapi.yaml	census 800	enumeration.tsv.gz
mutually-recursive-graph	document	APIs/amazonaws.com/osis/2022-01-01/openapi.yaml	census 165	enumeration.tsv.gz
mutually-recursive-graph	document	APIs/amazonaws.com/outposts/2019-12-03/openapi.yaml	census 391	enumeration.tsv.gz
mutually-recursive-graph	document	APIs/amazonaws.com/panorama/2019-07-24/openapi.yaml	census 528	enumeration.tsv.gz
mutually-recursive-graph	document	APIs/amazonaws.com/payment-cryptography-data/2022-02-03/openapi.yaml	census 354	enumeration.tsv.gz
mutually-recursive-graph	document	APIs/amazonaws.com/payment-cryptography/2021-09-14/openapi.yaml	census 320	enumeration.tsv.gz
mutually-recursive-graph	document	APIs/amazonaws.com/personalize-events/2018-03-22/openapi.yaml	census 33	enumeration.tsv.gz
mutually-recursive-graph	document	APIs/amazonaws.com/personalize-runtime/2018-05-22/openapi.yaml	census 43	enumeration.tsv.gz
mutually-recursive-graph	document	APIs/amazonaws.com/personalize/2018-05-22/openapi.yaml	census 957	enumeration.tsv.gz
mutually-recursive-graph	document	APIs/amazonaws.com/pi/2018-02-27/openapi.yaml	census 134	enumeration.tsv.gz
mutually-recursive-graph	document	APIs/amazonaws.com/pinpoint-email/2018-07-26/openapi.yaml	census 454	enumeration.tsv.gz
mutually-recursive-graph	document	APIs/amazonaws.com/pinpoint-sms-voice-v2/2022-03-31/openapi.yaml	census 773	enumeration.tsv.gz
mutually-recursive-graph	document	APIs/amazonaws.com/pinpoint/2016-12-01/openapi.yaml	census 2598	enumeration.tsv.gz
mutually-recursive-graph	document	APIs/amazonaws.com/pipes/2015-10-07/openapi.yaml	census 419	enumeration.tsv.gz
mutually-recursive-graph	document	APIs/amazonaws.com/polly/2016-06-10/openapi.yaml	census 126	enumeration.tsv.gz
mutually-recursive-graph	document	APIs/amazonaws.com/pricing/2017-10-15/openapi.yaml	census 84	enumeration.tsv.gz
mutually-recursive-graph	document	APIs/amazonaws.com/privatenetworks/2021-12-03/openapi.yaml	census 358	enumeration.tsv.gz
mutually-recursive-graph	document	APIs/amazonaws.com/proton/2020-07-20/openapi.yaml	census 1479	enumeration.tsv.gz
mutually-recursive-graph	document	APIs/amazonaws.com/qldb-session/2019-07-11/openapi.yaml	census 56	enumeration.tsv.gz
mutually-recursive-graph	document	APIs/amazonaws.com/qldb/2019-01-02/openapi.yaml	census 183	enumeration.tsv.gz
mutually-recursive-graph	document	APIs/amazonaws.com/quicksight/2018-04-01/openapi.yaml	census 5111	enumeration.tsv.gz
mutually-recursive-graph	document	APIs/amazonaws.com/ram/2018-01-04/openapi.yaml	census 620	enumeration.tsv.gz
mutually-recursive-graph	document	APIs/amazonaws.com/rbin/2021-06-15/openapi.yaml	census 136	enumeration.tsv.gz
mutually-recursive-graph	document	APIs/amazonaws.com/rds-data/2018-08-01/openapi.yaml	census 155	enumeration.tsv.gz
mutually-recursive-graph	document	APIs/amazonaws.com/rds/2013-01-10/openapi.yaml	census 987	enumeration.tsv.gz
mutually-recursive-graph	document	APIs/amazonaws.com/rds/2013-02-12/openapi.yaml	census 1042	enumeration.tsv.gz
mutually-recursive-graph	document	APIs/amazonaws.com/rds/2013-09-09/openapi.yaml	census 1121	enumeration.tsv.gz
mutually-recursive-graph	document	APIs/amazonaws.com/rds/2014-09-01/openapi.yaml	census 1188	enumeration.tsv.gz
mutually-recursive-graph	document	APIs/amazonaws.com/rds/2014-10-31/openapi.yaml	census 3775	enumeration.tsv.gz
mutually-recursive-graph	document	APIs/amazonaws.com/redshift-data/2019-12-20/openapi.yaml	census 220	enumeration.tsv.gz
mutually-recursive-graph	document	APIs/amazonaws.com/redshift-serverless/2021-04-21/openapi.yaml	census 542	enumeration.tsv.gz
mutually-recursive-graph	document	APIs/amazonaws.com/redshift/2012-12-01/openapi.yaml	census 2511	enumeration.tsv.gz
mutually-recursive-graph	document	APIs/amazonaws.com/rekognition/2016-06-27/openapi.yaml	census 1581	enumeration.tsv.gz
mutually-recursive-graph	document	APIs/amazonaws.com/resiliencehub/2020-04-30/openapi.yaml	census 1014	enumeration.tsv.gz
mutually-recursive-graph	document	APIs/amazonaws.com/resource-explorer/2-2022-07-28/openapi.yaml	census 238	enumeration.tsv.gz
mutually-recursive-graph	document	APIs/amazonaws.com/resource-groups/2017-11-27/openapi.yaml	census 260	enumeration.tsv.gz
mutually-recursive-graph	document	APIs/amazonaws.com/resourcegroupstaggingapi/2017-01-26/openapi.yaml	census 119	enumeration.tsv.gz
mutually-recursive-graph	document	APIs/amazonaws.com/robomaker/2018-06-29/openapi.yaml	census 1083	enumeration.tsv.gz
mutually-recursive-graph	document	APIs/amazonaws.com/rolesanywhere/2018-05-10/openapi.yaml	census 242	enumeration.tsv.gz
mutually-recursive-graph	document	APIs/amazonaws.com/route53-recovery-cluster/2019-12-02/openapi.yaml	census 59	enumeration.tsv.gz
mutually-recursive-graph	document	APIs/amazonaws.com/route53-recovery-control-config/2020-11-02/openapi.yaml	census 265	enumeration.tsv.gz
mutually-recursive-graph	document	APIs/amazonaws.com/route53-recovery-readiness/2019-12-02/openapi.yaml	census 351	enumeration.tsv.gz
mutually-recursive-graph	document	APIs/amazonaws.com/route53/2013-04-01/openapi.yaml	census 749	enumeration.tsv.gz
mutually-recursive-graph	document	APIs/amazonaws.com/route53domains/2014-05-15/openapi.yaml	census 412	enumeration.tsv.gz
mutually-recursive-graph	document	APIs/amazonaws.com/route53resolver/2018-04-01/openapi.yaml	census 979	enumeration.tsv.gz
mutually-recursive-graph	document	APIs/amazonaws.com/rum/2018-05-10/openapi.yaml	census 270	enumeration.tsv.gz
mutually-recursive-graph	document	APIs/amazonaws.com/runtime.lex.v2/2020-08-07/openapi.yaml	census 142	enumeration.tsv.gz
mutually-recursive-graph	document	APIs/amazonaws.com/runtime.lex/2016-11-28/openapi.yaml	census 130	enumeration.tsv.gz
mutually-recursive-graph	document	APIs/amazonaws.com/runtime.sagemaker/2017-05-13/openapi.yaml	census 14	enumeration.tsv.gz
mutually-recursive-graph	document	APIs/amazonaws.com/s3/2006-03-01/openapi.yaml	census 768	enumeration.tsv.gz
mutually-recursive-graph	document	APIs/amazonaws.com/s3control/2018-08-20/openapi.yaml	census 589	enumeration.tsv.gz
mutually-recursive-graph	document	APIs/amazonaws.com/s3outposts/2017-07-25/openapi.yaml	census 65	enumeration.tsv.gz
mutually-recursive-graph	document	APIs/amazonaws.com/sagemaker-a2i-runtime/2019-11-07/openapi.yaml	census 54	enumeration.tsv.gz
mutually-recursive-graph	document	APIs/amazonaws.com/sagemaker-edge/2020-09-23/openapi.yaml	census 64	enumeration.tsv.gz
mutually-recursive-graph	document	APIs/amazonaws.com/sagemaker-featurestore-runtime/2020-07-01/openapi.yaml	census 59	enumeration.tsv.gz
mutually-recursive-graph	document	APIs/amazonaws.com/sagemaker-geospatial/2020-05-27/openapi.yaml	census 441	enumeration.tsv.gz
mutually-recursive-graph	document	APIs/amazonaws.com/sagemaker-metrics/2022-09-30/openapi.yaml	census 13	enumeration.tsv.gz
mutually-recursive-graph	document	APIs/amazonaws.com/sagemaker/2017-07-24/openapi.yaml	census 5536	enumeration.tsv.gz
mutually-recursive-graph	document	APIs/amazonaws.com/savingsplans/2019-06-28/openapi.yaml	census 210	enumeration.tsv.gz
mutually-recursive-graph	document	APIs/amazonaws.com/scheduler/2021-06-30/openapi.yaml	census 223	enumeration.tsv.gz
mutually-recursive-graph	document	APIs/amazonaws.com/schemas/2019-12-02/openapi.yaml	census 353	enumeration.tsv.gz
mutually-recursive-graph	document	APIs/amazonaws.com/sdb/2009-04-15/openapi.yaml	census 139	enumeration.tsv.gz
mutually-recursive-graph	document	APIs/amazonaws.com/secretsmanager/2017-10-17/openapi.yaml	census 341	enumeration.tsv.gz
mutually-recursive-graph	document	APIs/amazonaws.com/securityhub/2018-10-26/openapi.yaml	census 4164	enumeration.tsv.gz
mutually-recursive-graph	document	APIs/amazonaws.com/securitylake/2018-05-10/openapi.yaml	census 421	enumeration.tsv.gz
mutually-recursive-graph	document	APIs/amazonaws.com/serverlessrepo/2017-09-08/openapi.yaml	census 264	enumeration.tsv.gz
mutually-recursive-graph	document	APIs/amazonaws.com/service-quotas/2019-06-24/openapi.yaml	census 286	enumeration.tsv.gz
mutually-recursive-graph	document	APIs/amazonaws.com/servicecatalog-appregistry/2020-06-24/openapi.yaml	census 230	enumeration.tsv.gz
mutually-recursive-graph	document	APIs/amazonaws.com/servicecatalog/2015-12-10/openapi.yaml	census 1255	enumeration.tsv.gz
mutually-recursive-graph	document	APIs/amazonaws.com/servicediscovery/2017-03-14/openapi.yaml	census 359	enumeration.tsv.gz
mutually-recursive-graph	document	APIs/amazonaws.com/sesv2/2019-09-27/openapi.yaml	census 963	enumeration.tsv.gz
mutually-recursive-graph	document	APIs/amazonaws.com/shield/2016-06-02/openapi.yaml	census 401	enumeration.tsv.gz
mutually-recursive-graph	document	APIs/amazonaws.com/signer/2017-08-25/openapi.yaml	census 290	enumeration.tsv.gz
mutually-recursive-graph	document	APIs/amazonaws.com/simspaceweaver/2022-10-28/openapi.yaml	census 187	enumeration.tsv.gz
mutually-recursive-graph	document	APIs/amazonaws.com/sms-voice/2018-09-05/openapi.yaml	census 96	enumeration.tsv.gz
mutually-recursive-graph	document	APIs/amazonaws.com/sms/2016-10-24/openapi.yaml	census 518	enumeration.tsv.gz
mutually-recursive-graph	document	APIs/amazonaws.com/snow-device-management/2021-08-04/openapi.yaml	census 194	enumeration.tsv.gz
mutually-recursive-graph	document	APIs/amazonaws.com/snowball/2016-06-30/openapi.yaml	census 401	enumeration.tsv.gz
mutually-recursive-graph	document	APIs/amazonaws.com/sns/2010-03-31/openapi.yaml	census 737	enumeration.tsv.gz
mutually-recursive-graph	document	APIs/amazonaws.com/sqs/2012-11-05/openapi.yaml	census 292	enumeration.tsv.gz
mutually-recursive-graph	document	APIs/amazonaws.com/ssm-contacts/2021-05-03/openapi.yaml	census 591	enumeration.tsv.gz
mutually-recursive-graph	document	APIs/amazonaws.com/ssm-incidents/2018-05-10/openapi.yaml	census 471	enumeration.tsv.gz
mutually-recursive-graph	document	APIs/amazonaws.com/ssm-sap/2018-05-10/openapi.yaml	census 244	enumeration.tsv.gz
mutually-recursive-graph	document	APIs/amazonaws.com/ssm/2014-11-06/openapi.yaml	census 2841	enumeration.tsv.gz
mutually-recursive-graph	document	APIs/amazonaws.com/sso-admin/2020-07-20/openapi.yaml	census 493	enumeration.tsv.gz
mutually-recursive-graph	document	APIs/amazonaws.com/sso-oidc/2019-06-10/openapi.yaml	census 57	enumeration.tsv.gz
mutually-recursive-graph	document	APIs/amazonaws.com/sso/2019-06-10/openapi.yaml	census 34	enumeration.tsv.gz
mutually-recursive-graph	document	APIs/amazonaws.com/states/2016-11-23/openapi.yaml	census 580	enumeration.tsv.gz
mutually-recursive-graph	document	APIs/amazonaws.com/storagegateway/2013-06-30/openapi.yaml	census 1100	enumeration.tsv.gz
mutually-recursive-graph	document	APIs/amazonaws.com/streams.dynamodb/2012-08-10/openapi.yaml	census 93	enumeration.tsv.gz
mutually-recursive-graph	document	APIs/amazonaws.com/sts/2011-06-15/openapi.yaml	census 157	enumeration.tsv.gz
mutually-recursive-graph	document	APIs/amazonaws.com/support-app/2021-08-20/openapi.yaml	census 98	enumeration.tsv.gz
mutually-recursive-graph	document	APIs/amazonaws.com/support/2013-04-15/openapi.yaml	census 228	enumeration.tsv.gz
mutually-recursive-graph	document	APIs/amazonaws.com/swf/2012-01-25/openapi.yaml	census 753	enumeration.tsv.gz
mutually-recursive-graph	document	APIs/amazonaws.com/synthetics/2017-10-11/openapi.yaml	census 293	enumeration.tsv.gz
mutually-recursive-graph	document	APIs/amazonaws.com/textract/2018-06-27/openapi.yaml	census 392	enumeration.tsv.gz
mutually-recursive-graph	document	APIs/amazonaws.com/timestream-query/2018-11-01/openapi.yaml	census 251	enumeration.tsv.gz
mutually-recursive-graph	document	APIs/amazonaws.com/timestream-write/2018-11-01/openapi.yaml	census 339	enumeration.tsv.gz
mutually-recursive-graph	document	APIs/amazonaws.com/tnb/2008-10-21/openapi.yaml	census 448	enumeration.tsv.gz
mutually-recursive-graph	document	APIs/amazonaws.com/transcribe/2017-10-26/openapi.yaml	census 644	enumeration.tsv.gz
mutually-recursive-graph	document	APIs/amazonaws.com/transfer/2018-11-05/openapi.yaml	census 948	enumeration.tsv.gz
mutually-recursive-graph	document	APIs/amazonaws.com/translate/2017-07-01/openapi.yaml	census 320	enumeration.tsv.gz
mutually-recursive-graph	document	APIs/amazonaws.com/verifiedpermissions/2021-12-01/openapi.yaml	census 433	enumeration.tsv.gz
mutually-recursive-graph	document	APIs/amazonaws.com/voice-id/2021-09-27/openapi.yaml	census 490	enumeration.tsv.gz
mutually-recursive-graph	document	APIs/amazonaws.com/vpc-lattice/2022-11-30/openapi.yaml	census 807	enumeration.tsv.gz
mutually-recursive-graph	document	APIs/amazonaws.com/waf-regional/2016-11-28/openapi.yaml	census 1018	enumeration.tsv.gz
mutually-recursive-graph	document	APIs/amazonaws.com/waf/2015-08-24/openapi.yaml	census 983	enumeration.tsv.gz
mutually-recursive-graph	document	APIs/amazonaws.com/wafv2/2019-07-29/openapi.yaml	census 1073	enumeration.tsv.gz
mutually-recursive-graph	document	APIs/amazonaws.com/wellarchitected/2020-03-31/openapi.yaml	census 911	enumeration.tsv.gz
mutually-recursive-graph	document	APIs/amazonaws.com/wisdom/2020-10-19/openapi.yaml	census 370	enumeration.tsv.gz
mutually-recursive-graph	document	APIs/amazonaws.com/workdocs/2016-05-01/openapi.yaml	census 602	enumeration.tsv.gz
mutually-recursive-graph	document	APIs/amazonaws.com/worklink/2018-09-25/openapi.yaml	census 341	enumeration.tsv.gz
mutually-recursive-graph	document	APIs/amazonaws.com/workmail/2017-10-01/openapi.yaml	census 1066	enumeration.tsv.gz
mutually-recursive-graph	document	APIs/amazonaws.com/workmailmessageflow/2019-05-01/openapi.yaml	census 14	enumeration.tsv.gz
mutually-recursive-graph	document	APIs/amazonaws.com/workspaces-web/2020-07-08/openapi.yaml	census 633	enumeration.tsv.gz
mutually-recursive-graph	document	APIs/amazonaws.com/workspaces/2015-04-08/openapi.yaml	census 847	enumeration.tsv.gz
mutually-recursive-graph	document	APIs/amazonaws.com/xray/2016-04-12/openapi.yaml	census 574	enumeration.tsv.gz
mutually-recursive-graph	document	APIs/amentum.space/gravity/1.1.1/openapi.yaml	census 2	enumeration.tsv.gz
mutually-recursive-graph	document	APIs/amentum.space/space_radiation/1.1.2/openapi.yaml	census 3	enumeration.tsv.gz
mutually-recursive-graph	document	APIs/anchore.io/0.1.20/openapi.yaml	census 292	enumeration.tsv.gz
mutually-recursive-graph	document	APIs/apache.org/airflow/2.5.3/openapi.yaml	census 176	enumeration.tsv.gz
mutually-recursive-graph	document	APIs/apache.org/qakka/v1/openapi.yaml	census 11	enumeration.tsv.gz
mutually-recursive-graph	document	APIs/apacta.com/0.0.42/openapi.yaml	census 677	enumeration.tsv.gz
mutually-recursive-graph	document	APIs/api.gov.uk/vehicle-enquiry/1.1.0/openapi.yaml	census 7	enumeration.tsv.gz
mutually-recursive-graph	document	APIs/api.video/1/openapi.yaml	census 157	enumeration.tsv.gz
mutually-recursive-graph	document	APIs/api2cart.com/1.1/openapi.yaml	census 246	enumeration.tsv.gz
mutually-recursive-graph	document	APIs/api2pdf.com/1.0.0/openapi.yaml	census 26	enumeration.tsv.gz
mutually-recursive-graph	document	APIs/apicurio.local/registry/1.3.2.Final/openapi.yaml	census 42	enumeration.tsv.gz
mutually-recursive-graph	document	APIs/apicurio.local/registry/2.4.x/openapi.yaml	census 165	enumeration.tsv.gz
mutually-recursive-graph	document	APIs/apidapp.com/2019-02-14T164701Z/openapi.yaml	census 54	enumeration.tsv.gz
mutually-recursive-graph	document	APIs/apideck.com/accounting/10.0.0/openapi.yaml	census 471	enumeration.tsv.gz
mutually-recursive-graph	document	APIs/apideck.com/ats/10.0.0/openapi.yaml	census 121	enumeration.tsv.gz
mutually-recursive-graph	document	APIs/apideck.com/connector/10.0.0/openapi.yaml	census 80	enumeration.tsv.gz
mutually-recursive-graph	document	APIs/apideck.com/crm/10.0.0/openapi.yaml	census 182	enumeration.tsv.gz
mutually-recursive-graph	document	APIs/apideck.com/customer-support/9.5.0/openapi.yaml	census 61	enumeration.tsv.gz
mutually-recursive-graph	document	APIs/apideck.com/ecommerce/10.0.0/openapi.yaml	census 98	enumeration.tsv.gz
mutually-recursive-graph	document	APIs/apideck.com/ecosystem/0.0.6/openapi.yaml	census 54	enumeration.tsv.gz
mutually-recursive-graph	document	APIs/apideck.com/file-storage/10.0.0/openapi.yaml	census 148	enumeration.tsv.gz
mutually-recursive-graph	document	APIs/apideck.com/hris/10.0.0/openapi.yaml	census 206	enumeration.tsv.gz
mutually-recursive-graph	document	APIs/apideck.com/issue-tracking/10.0.0/openapi.yaml	census 89	enumeration.tsv.gz
mutually-recursive-graph	document	APIs/apideck.com/lead/10.0.0/openapi.yaml	census 37	enumeration.tsv.gz
mutually-recursive-graph	document	APIs/apideck.com/pos/10.0.0/openapi.yaml	census 277	enumeration.tsv.gz
mutually-recursive-graph	document	APIs/apideck.com/sms/10.0.0/openapi.yaml	census 24	enumeration.tsv.gz
mutually-recursive-graph	document	APIs/apideck.com/vault/10.0.0/openapi.yaml	census 85	enumeration.tsv.gz
mutually-recursive-graph	document	APIs/apideck.com/webhook/10.0.0/openapi.yaml	census 56	enumeration.tsv.gz
mutually-recursive-graph	document	APIs/apigee.local/registry/0.0.1/openapi.yaml	census 85	enumeration.tsv.gz
mutually-recursive-graph	document	APIs/apigee.net/marketcheck-cars/2.01/openapi.yaml	census 432	enumeration.tsv.gz
mutually-recursive-graph	document	APIs/apis.guru/2.2.0/openapi.yaml	census 7	enumeration.tsv.gz
mutually-recursive-graph	document	APIs/apisetu.gov.in/aaharjh/3.0.0/openapi.yaml	census 1	enumeration.tsv.gz
mutually-recursive-graph	document	APIs/apisetu.gov.in/acko/3.0.0/openapi.yaml	census 3	enumeration.tsv.gz
mutually-recursive-graph	document	APIs/apisetu.gov.in/agtripura/3.0.0/openapi.yaml	census 2	enumeration.tsv.gz
mutually-recursive-graph	document	APIs/apisetu.gov.in/aharakar/3.0.0/openapi.yaml	census 1	enumeration.tsv.gz
mutually-recursive-graph	document	APIs/apisetu.gov.in/aiimsmangalagiri/3.0.0/openapi.yaml	census 1	enumeration.tsv.gz
mutually-recursive-graph	document	APIs/apisetu.gov.in/aiimspatna/3.0.0/openapi.yaml	census 1	enumeration.tsv.gz
mutually-recursive-graph	document	APIs/apisetu.gov.in/aiimsrishikesh/3.0.0/openapi.yaml	census 1	enumeration.tsv.gz
mutually-recursive-graph	document	APIs/apisetu.gov.in/aktu/3.0.0/openapi.yaml	census 2	enumeration.tsv.gz
mutually-recursive-graph	document	APIs/apisetu.gov.in/apmcservices/3.0.0/openapi.yaml	census 1	enumeration.tsv.gz
mutually-recursive-graph	document	APIs/apisetu.gov.in/asrb/3.0.0/openapi.yaml	census 1	enumeration.tsv.gz
mutually-recursive-graph	document	APIs/apisetu.gov.in/bajajallianz/3.0.0/openapi.yaml	census 7	enumeration.tsv.gz
mutually-recursive-graph	document	APIs/apisetu.gov.in/bajajallianzlife/3.0.0/openapi.yaml	census 1	enumeration.tsv.gz
mutually-recursive-graph	document	APIs/apisetu.gov.in/barti/3.0.0/openapi.yaml	census 1	enumeration.tsv.gz
mutually-recursive-graph	document	APIs/apisetu.gov.in/bharatpetroleum/3.0.0/openapi.yaml	census 1	enumeration.tsv.gz
mutually-recursive-graph	document	APIs/apisetu.gov.in/bhartiaxagi/3.0.0/openapi.yaml	census 5	enumeration.tsv.gz
mutually-recursive-graph	document	APIs/apisetu.gov.in/bhavishya/3.0.0/openapi.yaml	census 1	enumeration.tsv.gz
mutually-recursive-graph	document	APIs/apisetu.gov.in/biharboard/3.0.0/openapi.yaml	census 2	enumeration.tsv.gz
mutually-recursive-graph	document	APIs/apisetu.gov.in/bput/3.0.0/openapi.yaml	census 1	enumeration.tsv.gz
mutually-recursive-graph	document	APIs/apisetu.gov.in/bsehr/3.0.0/openapi.yaml	census 2	enumeration.tsv.gz
mutually-recursive-graph	document	APIs/apisetu.gov.in/cbse/3.0.0/openapi.yaml	census 18	enumeration.tsv.gz
mutually-recursive-graph	document	APIs/apisetu.gov.in/cgbse/3.0.0/openapi.yaml	census 2	enumeration.tsv.gz
mutually-recursive-graph	document	APIs/apisetu.gov.in/chennaicorp/3.0.0/openapi.yaml	census 2	enumeration.tsv.gz
mutually-recursive-graph	document	APIs/apisetu.gov.in/chitkarauniversity/3.0.0/openapi.yaml	census 1	enumeration.tsv.gz
mutually-recursive-graph	document	APIs/apisetu.gov.in/cholainsurance/3.0.0/openapi.yaml	census 2	enumeration.tsv.gz
mutually-recursive-graph	document	APIs/apisetu.gov.in/cisce/3.0.0/openapi.yaml	census 5	enumeration.tsv.gz
mutually-recursive-graph	document	APIs/apisetu.gov.in/civilsupplieskerala/3.0.0/openapi.yaml	census 1	enumeration.tsv.gz
mutually-recursive-graph	document	APIs/apisetu.gov.in/cpctmp/3.0.0/openapi.yaml	census 1	enumeration.tsv.gz
mutually-recursive-graph	document	APIs/apisetu.gov.in/csc/3.0.0/openapi.yaml	census 1	enumeration.tsv.gz
mutually-recursive-graph	document	APIs/apisetu.gov.in/dbraitandaman/3.0.0/openapi.yaml	census 1	enumeration.tsv.gz
mutually-recursive-graph	document	APIs/apisetu.gov.in/dgecerttn/3.0.0/openapi.yaml	census 2	enumeration.tsv.gz
mutually-recursive-graph	document	APIs/apisetu.gov.in/dhsekerala/3.0.0/openapi.yaml	census 1	enumeration.tsv.gz
mutually-recursive-graph	document	APIs/apisetu.gov.in/ditarunachal/3.0.0/openapi.yaml	census 1	enumeration.tsv.gz
mutually-recursive-graph	document	APIs/apisetu.gov.in/ditch/3.0.0/openapi.yaml	census 4	enumeration.tsv.gz
mutually-recursive-graph	document	APIs/apisetu.gov.in/dittripura/3.0.0/openapi.yaml	census 18	enumeration.tsv.gz
mutually-recursive-graph	document	APIs/apisetu.gov.in/duexam/3.0.0/openapi.yaml	census 1	enumeration.tsv.gz
mutually-recursive-graph	document	APIs/apisetu.gov.in/edistrictandaman/3.0.0/openapi.yaml	census 12	enumeration.tsv.gz
mutually-recursive-graph	document	APIs/apisetu.gov.in/edistricthp/3.0.0/openapi.yaml	census 32	enumeration.tsv.gz
mutually-recursive-graph	document	APIs/apisetu.gov.in/edistrictkerala/3.0.0/openapi.yaml	census 24	enumeration.tsv.gz
mutually-recursive-graph	document	APIs/apisetu.gov.in/edistrictodisha/3.0.0/openapi.yaml	census 6	enumeration.tsv.gz
mutually-recursive-graph	document	APIs/apisetu.gov.in/edistrictodishasp/3.0.0/openapi.yaml	census 7	enumeration.tsv.gz
mutually-recursive-graph	document	APIs/apisetu.gov.in/edistrictpb/3.0.0/openapi.yaml	census 7	enumeration.tsv.gz
mutually-recursive-graph	document	APIs/apisetu.gov.in/edistrictup/3.0.0/openapi.yaml	census 7	enumeration.tsv.gz
mutually-recursive-graph	document	APIs/apisetu.gov.in/ehimapurtihp/3.0.0/openapi.yaml	census 1	enumeration.tsv.gz
mutually-recursive-graph	document	APIs/apisetu.gov.in/enibandhanjh/3.0.0/openapi.yaml	census 3	enumeration.tsv.gz
mutually-recursive-graph	document	APIs/apisetu.gov.in/epfindia/3.0.0/openapi.yaml	census 3	enumeration.tsv.gz
mutually-recursive-graph	document	APIs/apisetu.gov.in/epramanhp/3.0.0/openapi.yaml	census 14	enumeration.tsv.gz
mutually-recursive-graph	document	APIs/apisetu.gov.in/eservicearunachal/3.0.0/openapi.yaml	census 6	enumeration.tsv.gz
mutually-recursive-graph	document	APIs/apisetu.gov.in/fsdhr/3.0.0/openapi.yaml	census 1	enumeration.tsv.gz
mutually-recursive-graph	document	APIs/apisetu.gov.in/futuregenerali/3.0.0/openapi.yaml	census 5	enumeration.tsv.gz
mutually-recursive-graph	document	APIs/apisetu.gov.in/gadbih/3.0.0/openapi.yaml	census 4	enumeration.tsv.gz
mutually-recursive-graph	document	APIs/apisetu.gov.in/gauhati/3.0.0/openapi.yaml	census 1	enumeration.tsv.gz
mutually-recursive-graph	document	APIs/apisetu.gov.in/gbshse/3.0.0/openapi.yaml	census 1	enumeration.tsv.gz
mutually-recursive-graph	document	APIs/apisetu.gov.in/geetanjaliuniv/3.0.0/openapi.yaml	census 1	enumeration.tsv.gz
mutually-recursive-graph	document	APIs/apisetu.gov.in/gmch/3.0.0/openapi.yaml	census 1	enumeration.tsv.gz
mutually-recursive-graph	document	APIs/apisetu.gov.in/goawrd/3.0.0/openapi.yaml	census 3	enumeration.tsv.gz
mutually-recursive-graph	document	APIs/apisetu.gov.in/godigit/3.0.0/openapi.yaml	census 3	enumeration.tsv.gz
mutually-recursive-graph	document	APIs/apisetu.gov.in/gujaratvidyapith/3.0.0/openapi.yaml	census 1	enumeration.tsv.gz
mutually-recursive-graph	document	APIs/apisetu.gov.in/hindustanpetroleum/3.0.0/openapi.yaml	census 1	enumeration.tsv.gz
mutually-recursive-graph	document	APIs/apisetu.gov.in/hpayushboard/3.0.0/openapi.yaml	census 2	enumeration.tsv.gz
mutually-recursive-graph	document	APIs/apisetu.gov.in/hpbose/3.0.0/openapi.yaml	census 2	enumeration.tsv.gz
mutually-recursive-graph	document	APIs/apisetu.gov.in/hppanchayat/3.0.0/openapi.yaml	census 1	enumeration.tsv.gz
mutually-recursive-graph	document	APIs/apisetu.gov.in/hpsbys/3.0.0/openapi.yaml	census 1	enumeration.tsv.gz
mutually-recursive-graph	document	APIs/apisetu.gov.in/hpsssb/3.0.0/openapi.yaml	census 1	enumeration.tsv.gz
mutually-recursive-graph	document	APIs/apisetu.gov.in/hptechboard/3.0.0/openapi.yaml	census 1	enumeration.tsv.gz
mutually-recursive-graph	document	APIs/apisetu.gov.in/hsbte/3.0.0/openapi.yaml	census 1	enumeration.tsv.gz
mutually-recursive-graph	document	APIs/apisetu.gov.in/hsscboardmh/3.0.0/openapi.yaml	census 8	enumeration.tsv.gz
mutually-recursive-graph	document	APIs/apisetu.gov.in/icicilombard/3.0.0/openapi.yaml	census 7	enumeration.tsv.gz
mutually-recursive-graph	document	APIs/apisetu.gov.in/iciciprulife/3.0.0/openapi.yaml	census 1	enumeration.tsv.gz
mutually-recursive-graph	document	APIs/apisetu.gov.in/icsi/3.0.0/openapi.yaml	census 2	enumeration.tsv.gz
mutually-recursive-graph	document	APIs/apisetu.gov.in/igrmaharashtra/3.0.0/openapi.yaml	census 1	enumeration.tsv.gz
mutually-recursive-graph	document	APIs/apisetu.gov.in/insvalsura/3.0.0/openapi.yaml	census 2	enumeration.tsv.gz
mutually-recursive-graph	document	APIs/apisetu.gov.in/iocl/3.0.0/openapi.yaml	census 2	enumeration.tsv.gz
mutually-recursive-graph	document	APIs/apisetu.gov.in/issuer/3.0.0/openapi.yaml	census 4	enumeration.tsv.gz
mutually-recursive-graph	document	APIs/apisetu.gov.in/jac/3.0.0/openapi.yaml	census 4	enumeration.tsv.gz
mutually-recursive-graph	document	APIs/apisetu.gov.in/jeecup/3.0.0/openapi.yaml	census 1	enumeration.tsv.gz
mutually-recursive-graph	document	APIs/apisetu.gov.in/jharsewa/3.0.0/openapi.yaml	census 7	enumeration.tsv.gz
mutually-recursive-graph	document	APIs/apisetu.gov.in/jnrmand/3.0.0/openapi.yaml	census 1	enumeration.tsv.gz
mutually-recursive-graph	document	APIs/apisetu.gov.in/juit/3.0.0/openapi.yaml	census 1	enumeration.tsv.gz
mutually-recursive-graph	document	APIs/apisetu.gov.in/keralapsc/3.0.0/openapi.yaml	census 1	enumeration.tsv.gz
mutually-recursive-graph	document	APIs/apisetu.gov.in/kiadb/3.0.0/openapi.yaml	census 8	enumeration.tsv.gz
mutually-recursive-graph	document	APIs/apisetu.gov.in/kkhsou/3.0.0/openapi.yaml	census 1	enumeration.tsv.gz
mutually-recursive-graph	document	APIs/apisetu.gov.in/kotakgeneralinsurance/3.0.0/openapi.yaml	census 6	enumeration.tsv.gz
mutually-recursive-graph	document	APIs/apisetu.gov.in/kseebkr/3.0.0/openapi.yaml	census 1	enumeration.tsv.gz
mutually-recursive-graph	document	APIs/apisetu.gov.in/ktech/3.0.0/openapi.yaml	census 2	enumeration.tsv.gz
mutually-recursive-graph	document	APIs/apisetu.gov.in/labourbih/3.0.0/openapi.yaml	census 7	enumeration.tsv.gz
mutually-recursive-graph	document	APIs/apisetu.gov.in/landrecordskar/3.0.0/openapi.yaml	census 4	enumeration.tsv.gz
mutually-recursive-graph	document	APIs/apisetu.gov.in/lawcollegeandaman/3.0.0/openapi.yaml	census 1	enumeration.tsv.gz
mutually-recursive-graph	document	APIs/apisetu.gov.in/legalmetrologyup/3.0.0/openapi.yaml	census 4	enumeration.tsv.gz
mutually-recursive-graph	document	APIs/apisetu.gov.in/licindia/3.0.0/openapi.yaml	census 1	enumeration.tsv.gz
mutually-recursive-graph	document	APIs/apisetu.gov.in/maxlifeinsurance/3.0.0/openapi.yaml	census 1	enumeration.tsv.gz
mutually-recursive-graph	document	APIs/apisetu.gov.in/mbose/3.0.0/openapi.yaml	census 2	enumeration.tsv.gz
mutually-recursive-graph	document	APIs/apisetu.gov.in/mbse/3.0.0/openapi.yaml	census 4	enumeration.tsv.gz
mutually-recursive-graph	document	APIs/apisetu.gov.in/mcimindia/3.0.0/openapi.yaml	census 2	enumeration.tsv.gz
mutually-recursive-graph	document	APIs/apisetu.gov.in/meark/3.0.0/openapi.yaml	census 2	enumeration.tsv.gz
mutually-recursive-graph	document	APIs/apisetu.gov.in/mizoramlesde/3.0.0/openapi.yaml	census 1	enumeration.tsv.gz
mutually-recursive-graph	document	APIs/apisetu.gov.in/mizorampolice/3.0.0/openapi.yaml	census 1	enumeration.tsv.gz
mutually-recursive-graph	document	APIs/apisetu.gov.in/mpmsu/3.0.0/openapi.yaml	census 2	enumeration.tsv.gz
mutually-recursive-graph	document	APIs/apisetu.gov.in/mppmc/3.0.0/openapi.yaml	census 1	enumeration.tsv.gz
mutually-recursive-graph	document	APIs/apisetu.gov.in/mriu/3.0.0/openapi.yaml	census 1	enumeration.tsv.gz
mutually-recursive-graph	document	APIs/apisetu.gov.in/msde/3.0.0/openapi.yaml	census 1	enumeration.tsv.gz
mutually-recursive-graph	document	APIs/apisetu.gov.in/municipaladmin/3.0.0/openapi.yaml	census 4	enumeration.tsv.gz
mutually-recursive-graph	document	APIs/apisetu.gov.in/nationalinsurance/3.0.0/openapi.yaml	census 10	enumeration.tsv.gz
mutually-recursive-graph	document	APIs/apisetu.gov.in/ncert/3.0.0/openapi.yaml	census 1	enumeration.tsv.gz
mutually-recursive-graph	document	APIs/apisetu.gov.in/negd/3.0.0/openapi.yaml	census 1	enumeration.tsv.gz
mutually-recursive-graph	document	APIs/apisetu.gov.in/neilit/3.0.0/openapi.yaml	census 1	enumeration.tsv.gz
mutually-recursive-graph	document	APIs/apisetu.gov.in/newindia/3.0.0/openapi.yaml	census 7	enumeration.tsv.gz
mutually-recursive-graph	document	APIs/apisetu.gov.in/niesbud/3.0.0/openapi.yaml	census 1	enumeration.tsv.gz
mutually-recursive-graph	document	APIs/apisetu.gov.in/nios/3.0.0/openapi.yaml	census 6	enumeration.tsv.gz
mutually-recursive-graph	document	APIs/apisetu.gov.in/nitap/3.0.0/openapi.yaml	census 1	enumeration.tsv.gz
mutually-recursive-graph	document	APIs/apisetu.gov.in/nitp/3.0.0/openapi.yaml	census 1	enumeration.tsv.gz
mutually-recursive-graph	document	APIs/apisetu.gov.in/npsailu/3.0.0/openapi.yaml	census 1	enumeration.tsv.gz
mutually-recursive-graph	document	APIs/apisetu.gov.in/nsdcindia/3.0.0/openapi.yaml	census 2	enumeration.tsv.gz
mutually-recursive-graph	document	APIs/apisetu.gov.in/orientalinsurance/3.0.0/openapi.yaml	census 10	enumeration.tsv.gz
mutually-recursive-graph	document	APIs/apisetu.gov.in/pan/3.0.0/openapi.yaml	census 2	enumeration.tsv.gz
mutually-recursive-graph	document	APIs/apisetu.gov.in/pareekshabhavanker/3.0.0/openapi.yaml	census 1	enumeration.tsv.gz
mutually-recursive-graph	document	APIs/apisetu.gov.in/pblabour/3.0.0/openapi.yaml	census 3	enumeration.tsv.gz
mutually-recursive-graph	document	APIs/apisetu.gov.in/pgimer/3.0.0/openapi.yaml	census 1	enumeration.tsv.gz
mutually-recursive-graph	document	APIs/apisetu.gov.in/phedharyana/3.0.0/openapi.yaml	census 3	enumeration.tsv.gz
mutually-recursive-graph	document	APIs/apisetu.gov.in/pmjay/3.0.0/openapi.yaml	census 1	enumeration.tsv.gz
mutually-recursive-graph	document	APIs/apisetu.gov.in/pramericalife/3.0.0/openapi.yaml	census 1	enumeration.tsv.gz
mutually-recursive-graph	document	APIs/apisetu.gov.in/pseb/3.0.0/openapi.yaml	census 5	enumeration.tsv.gz
mutually-recursive-graph	document	APIs/apisetu.gov.in/puekar/3.0.0/openapi.yaml	census 1	enumeration.tsv.gz
mutually-recursive-graph	document	APIs/apisetu.gov.in/punjabteched/3.0.0/openapi.yaml	census 1	enumeration.tsv.gz
mutually-recursive-graph	document	APIs/apisetu.gov.in/rajasthandsa/3.0.0/openapi.yaml	census 1	enumeration.tsv.gz
mutually-recursive-graph	document	APIs/apisetu.gov.in/rajasthanrajeduboard/3.0.0/openapi.yaml	census 2	enumeration.tsv.gz
mutually-recursive-graph	document	APIs/apisetu.gov.in/reliancegeneral/3.0.0/openapi.yaml	census 6	enumeration.tsv.gz
mutually-recursive-graph	document	APIs/apisetu.gov.in/revenueassam/3.0.0/openapi.yaml	census 1	enumeration.tsv.gz
mutually-recursive-graph	document	APIs/apisetu.gov.in/revenueodisha/3.0.0/openapi.yaml	census 2	enumeration.tsv.gz
mutually-recursive-graph	document	APIs/apisetu.gov.in/sainikwelfarepud/3.0.0/openapi.yaml	census 1	enumeration.tsv.gz
mutually-recursive-graph	document	APIs/apisetu.gov.in/saralharyana/3.0.0/openapi.yaml	census 1	enumeration.tsv.gz
mutually-recursive-graph	document	APIs/apisetu.gov.in/sbigeneral/3.0.0/openapi.yaml	census 5	enumeration.tsv.gz
mutually-recursive-graph	document	APIs/apisetu.gov.in/scvtup/3.0.0/openapi.yaml	census 2	enumeration.tsv.gz
mutually-recursive-graph	document	APIs/apisetu.gov.in/sebaonline/3.0.0/openapi.yaml	census 1	enumeration.tsv.gz
mutually-recursive-graph	document	APIs/apisetu.gov.in/statisticsrajasthan/3.0.0/openapi.yaml	census 3	enumeration.tsv.gz
mutually-recursive-graph	document	APIs/apisetu.gov.in/swavlambancard/3.0.0/openapi.yaml	census 3	enumeration.tsv.gz
mutually-recursive-graph	document	APIs/apisetu.gov.in/tataaia/3.0.0/openapi.yaml	census 2	enumeration.tsv.gz
mutually-recursive-graph	document	APIs/apisetu.gov.in/tataaig/3.0.0/openapi.yaml	census 1	enumeration.tsv.gz
mutually-recursive-graph	document	APIs/apisetu.gov.in/tbse/3.0.0/openapi.yaml	census 1	enumeration.tsv.gz
mutually-recursive-graph	document	APIs/apisetu.gov.in/transport/3.0.0/openapi.yaml	census 8	enumeration.tsv.gz
mutually-recursive-graph	document	APIs/apisetu.gov.in/transportan/3.0.0/openapi.yaml	census 4	enumeration.tsv.gz
mutually-recursive-graph	document	APIs/apisetu.gov.in/transportap/3.0.0/openapi.yaml	census 4	enumeration.tsv.gz
mutually-recursive-graph	document	APIs/apisetu.gov.in/transportar/3.0.0/openapi.yaml	census 4	enumeration.tsv.gz
mutually-recursive-graph	document	APIs/apisetu.gov.in/transportas/3.0.0/openapi.yaml	census 4	enumeration.tsv.gz
mutually-recursive-graph	document	APIs/apisetu.gov.in/transportbr/3.0.0/openapi.yaml	census 4	enumeration.tsv.gz
mutually-recursive-graph	document	APIs/apisetu.gov.in/transportcg/3.0.0/openapi.yaml	census 4	enumeration.tsv.gz
mutually-recursive-graph	document	APIs/apisetu.gov.in/transportdd/3.0.0/openapi.yaml	census 4	enumeration.tsv.gz
mutually-recursive-graph	document	APIs/apisetu.gov.in/transportdh/3.0.0/openapi.yaml	census 4	enumeration.tsv.gz
mutually-recursive-graph	document	APIs/apisetu.gov.in/transportdl/3.0.0/openapi.yaml	census 4	enumeration.tsv.gz
mutually-recursive-graph	document	APIs/apisetu.gov.in/transportga/3.0.0/openapi.yaml	census 4	enumeration.tsv.gz
mutually-recursive-graph	document	APIs/apisetu.gov.in/transportgj/3.0.0/openapi.yaml	census 4	enumeration.tsv.gz
mutually-recursive-graph	document	APIs/apisetu.gov.in/transporthp/3.0.0/openapi.yaml	census 4	enumeration.tsv.gz
mutually-recursive-graph	document	APIs/apisetu.gov.in/transporthr/3.0.0/openapi.yaml	census 4	enumeration.tsv.gz
mutually-recursive-graph	document	APIs/apisetu.gov.in/transportjh/3.0.0/openapi.yaml	census 4	enumeration.tsv.gz
mutually-recursive-graph	document	APIs/apisetu.gov.in/transportjk/3.0.0/openapi.yaml	census 4	enumeration.tsv.gz
mutually-recursive-graph	document	APIs/apisetu.gov.in/transportka/3.0.0/openapi.yaml	census 4	enumeration.tsv.gz
mutually-recursive-graph	document	APIs/apisetu.gov.in/transportkl/3.0.0/openapi.yaml	census 4	enumeration.tsv.gz
mutually-recursive-graph	document	APIs/apisetu.gov.in/transportld/3.0.0/openapi.yaml	census 4	enumeration.tsv.gz
mutually-recursive-graph	document	APIs/apisetu.gov.in/transportmh/3.0.0/openapi.yaml	census 4	enumeration.tsv.gz
mutually-recursive-graph	document	APIs/apisetu.gov.in/transportml/3.0.0/openapi.yaml	census 4	enumeration.tsv.gz
mutually-recursive-graph	document	APIs/apisetu.gov.in/transportmn/3.0.0/openapi.yaml	census 4	enumeration.tsv.gz
mutually-recursive-graph	document	APIs/apisetu.gov.in/transportmp/3.0.0/openapi.yaml	census 4	enumeration.tsv.gz
mutually-recursive-graph	document	APIs/apisetu.gov.in/transportmz/3.0.0/openapi.yaml	census 4	enumeration.tsv.gz
mutually-recursive-graph	document	APIs/apisetu.gov.in/transportnl/3.0.0/openapi.yaml	census 4	enumeration.tsv.gz
mutually-recursive-graph	document	APIs/apisetu.gov.in/transportod/3.0.0/openapi.yaml	census 4	enumeration.tsv.gz
mutually-recursive-graph	document	APIs/apisetu.gov.in/transportpb/3.0.0/openapi.yaml	census 4	enumeration.tsv.gz
mutually-recursive-graph	document	APIs/apisetu.gov.in/transportpy/3.0.0/openapi.yaml	census 4	enumeration.tsv.gz
mutually-recursive-graph	document	APIs/apisetu.gov.in/transportrj/3.0.0/openapi.yaml	census 4	enumeration.tsv.gz
mutually-recursive-graph	document	APIs/apisetu.gov.in/transportsk/3.0.0/openapi.yaml	census 4	enumeration.tsv.gz
mutually-recursive-graph	document	APIs/apisetu.gov.in/transporttn/3.0.0/openapi.yaml	census 4	enumeration.tsv.gz
mutually-recursive-graph	document	APIs/apisetu.gov.in/transporttr/3.0.0/openapi.yaml	census 4	enumeration.tsv.gz
mutually-recursive-graph	document	APIs/apisetu.gov.in/transportts/3.0.0/openapi.yaml	census 4	enumeration.tsv.gz
mutually-recursive-graph	document	APIs/apisetu.gov.in/transportuk/3.0.0/openapi.yaml	census 4	enumeration.tsv.gz
mutually-recursive-graph	document	APIs/apisetu.gov.in/transportup/3.0.0/openapi.yaml	census 4	enumeration.tsv.gz
mutually-recursive-graph	document	APIs/apisetu.gov.in/transportwb/3.0.0/openapi.yaml	census 4	enumeration.tsv.gz
mutually-recursive-graph	document	APIs/apisetu.gov.in/ubseuk/3.0.0/openapi.yaml	census 3	enumeration.tsv.gz
mutually-recursive-graph	document	APIs/apisetu.gov.in/ucobank/3.0.0/openapi.yaml	census 1	enumeration.tsv.gz
mutually-recursive-graph	document	APIs/apisetu.gov.in/uiic/3.0.0/openapi.yaml	census 2	enumeration.tsv.gz
mutually-recursive-graph	document	APIs/apisetu.gov.in/upmsp/3.0.0/openapi.yaml	census 2	enumeration.tsv.gz
mutually-recursive-graph	document	APIs/apisetu.gov.in/vhseker/3.0.0/openapi.yaml	census 1	enumeration.tsv.gz
mutually-recursive-graph	document	APIs/apisetu.gov.in/vssut/3.0.0/openapi.yaml	census 1	enumeration.tsv.gz
mutually-recursive-graph	document	APIs/apispot.io/whois/2.0/openapi.yaml	census 4	enumeration.tsv.gz
mutually-recursive-graph	document	APIs/apiz.ebay.com/commerce-identity/v1.1.0/openapi.yaml	census 11	enumeration.tsv.gz
mutually-recursive-graph	document	APIs/apiz.ebay.com/sell-finances/v1.15.0/openapi.yaml	census 50	enumeration.tsv.gz
mutually-recursive-graph	document	APIs/appcenter.ms/v0.1/openapi.yaml	census 17	enumeration.tsv.gz
mutually-recursive-graph	document	APIs/apple.com/app-store-connect/1.4.1/openapi.yaml	census 1584	enumeration.tsv.gz
mutually-recursive-graph	document	APIs/apple.com/sirikit-cloud-media/1.0.2/openapi.yaml	census 157	enumeration.tsv.gz
mutually-recursive-graph	document	APIs/apptigent.com/2021.1.01/openapi.yaml	census 258	enumeration.tsv.gz
mutually-recursive-graph	document	APIs/appwrite.io/client/0.9.3/openapi.yaml	census 61	enumeration.tsv.gz
mutually-recursive-graph	document	APIs/appwrite.io/server/0.9.3/openapi.yaml	census 82	enumeration.tsv.gz
mutually-recursive-graph	document	APIs/archive.org/search/1.0.0/openapi.yaml	census 14	enumeration.tsv.gz
mutually-recursive-graph	document	APIs/archive.org/wayback/1.0.0/openapi.yaml	census 12	enumeration.tsv.gz
mutually-recursive-graph	document	APIs/arespass.net/1.0/openapi.yaml	census 6	enumeration.tsv.gz
mutually-recursive-graph	document	APIs/art19.com/1.0.0/openapi.yaml	census 85	enumeration.tsv.gz
mutually-recursive-graph	document	APIs/asana.com/1.0/openapi.yaml	census 491	enumeration.tsv.gz
mutually-recursive-graph	document	APIs/asuarez.dev/searchly/1.0/openapi.yaml	census 3	enumeration.tsv.gz
mutually-recursive-graph	document	APIs/atlassian.com/jira/1001.0.0-SNAPSHOT/openapi.yaml	census 1186	enumeration.tsv.gz
mutually-recursive-graph	document	APIs/ato.gov.au/0.0.6/openapi.yaml	census 115	enumeration.tsv.gz
mutually-recursive-graph	document	APIs/authentiq.io/1.0/openapi.yaml	census 23	enumeration.tsv.gz
mutually-recursive-graph	document	APIs/autodealerdata.com/1.0/openapi.yaml	census 85	enumeration.tsv.gz
mutually-recursive-graph	document	APIs/axesso.de/1.0.0/openapi.yaml	census 4	enumeration.tsv.gz
mutually-recursive-graph	document	APIs/bbc.com/1.0.0/openapi.yaml	census 572	enumeration.tsv.gz
mutually-recursive-graph	document	APIs/bbci.co.uk/1.0/openapi.yaml	census 48	enumeration.tsv.gz
mutually-recursive-graph	document	APIs/beezup.com/2.0/openapi.yaml	census 1724	enumeration.tsv.gz
mutually-recursive-graph	document	APIs/betfair.com/1.0.1423/openapi.yaml	census 32	enumeration.tsv.gz
mutually-recursive-graph	document	APIs/bhagavadgita.io/1.0/openapi.yaml	census 5	enumeration.tsv.gz
mutually-recursive-graph	document	APIs/biapi.pro/2.0/openapi.yaml	census 140	enumeration.tsv.gz
mutually-recursive-graph	document	APIs/bigoven.com/partner/openapi.yaml	census 380	enumeration.tsv.gz
mutually-recursive-graph	document	APIs/bigredcloud.com/v1/openapi.yaml	census 456	enumeration.tsv.gz
mutually-recursive-graph	document	APIs/billbee.io/v1/openapi.yaml	census 376	enumeration.tsv.gz
mutually-recursive-graph	document	APIs/billingo.hu/3.0.7/openapi.yaml	census 91	enumeration.tsv.gz
mutually-recursive-graph	document	APIs/bintable.com/1.0.0-oas3/openapi.yaml	census 2	enumeration.tsv.gz
mutually-recursive-graph	document	APIs/bitbucket.org/2.0/openapi.yaml	census 1035	enumeration.tsv.gz
mutually-recursive-graph	document	APIs/bkk.hu/1.0.1/openapi.yaml	census 227	enumeration.tsv.gz
mutually-recursive-graph	document	APIs/bluemix.net/containers/3.0.0/openapi.yaml	census 51	enumeration.tsv.gz
mutually-recursive-graph	document	APIs/botify.com/1.0.0/openapi.yaml	census 79	enumeration.tsv.gz
mutually-recursive-graph	document	APIs/botschaft.local/0.1.0/openapi.yaml	census 16	enumeration.tsv.gz
mutually-recursive-graph	document	APIs/box.com/2.0.0/openapi.yaml	census 1136	enumeration.tsv.gz
mutually-recursive-graph	document	APIs/breadcrumbs.one/v1/openapi.yaml	census 29	enumeration.tsv.gz
mutually-recursive-graph	document	APIs/brex.io/2021.12/openapi.yaml	census 13	enumeration.tsv.gz
mutually-recursive-graph	document	APIs/britbox.co.uk/3.730.300-ref-1-39-0/openapi.yaml	census 895	enumeration.tsv.gz
mutually-recursive-graph	document	APIs/bulksms.com/1.0.0/openapi.yaml	census 24	enumeration.tsv.gz
mutually-recursive-graph	document	APIs/bungie.net/2.18.0/openapi.yaml	census 992	enumeration.tsv.gz
mutually-recursive-graph	document	APIs/bunq.com/1.0/openapi.yaml	census 1646	enumeration.tsv.gz
mutually-recursive-graph	document	APIs/byautomata.io/1.0.1/openapi.yaml	census 10	enumeration.tsv.gz
mutually-recursive-graph	document	APIs/c19qrserver.local/1.1/openapi.yaml	census 13	enumeration.tsv.gz
mutually-recursive-graph	document	APIs/callfire.com/V2/openapi.yaml	census 951	enumeration.tsv.gz
mutually-recursive-graph	document	APIs/canada-holidays.ca/1.8.0/openapi.yaml	census 9	enumeration.tsv.gz
mutually-recursive-graph	document	APIs/cdcgov.local/prime-data-hub/0.2.0-oas3/openapi.yaml	census 39	enumeration.tsv.gz
mutually-recursive-graph	document	APIs/chaingateway.io/1.0/openapi.yaml	census 45	enumeration.tsv.gz
mutually-recursive-graph	document	APIs/chompthis.com/1.0.0-oas3/openapi.yaml	census 2	enumeration.tsv.gz
mutually-recursive-graph	document	APIs/circleci.com/v1/openapi.yaml	census 61	enumeration.tsv.gz
mutually-recursive-graph	document	APIs/circuitsandbox.net/2.9.235/openapi.yaml	census 201	enumeration.tsv.gz
mutually-recursive-graph	document	APIs/clever-cloud.com/1.0.0/openapi.yaml	census 167	enumeration.tsv.gz
mutually-recursive-graph	document	APIs/clever.com/1.2.0/openapi.yaml	census 77	enumeration.tsv.gz
mutually-recursive-graph	document	APIs/clickmeter.com/v2/openapi.yaml	census 472	enumeration.tsv.gz
mutually-recursive-graph	document	APIs/climate.com/4.0.11/openapi.yaml	census 77	enumeration.tsv.gz
mutually-recursive-graph	document	APIs/climatekuul.com/1.0/openapi.yaml	census 4	enumeration.tsv.gz
mutually-recursive-graph	document	APIs/cloudmersive.com/ocr/v1/openapi.yaml	census 79	enumeration.tsv.gz
mutually-recursive-graph	document	APIs/cloudrf.com/2.0.0/openapi.yaml	census 20	enumeration.tsv.gz
mutually-recursive-graph	document	APIs/codat.io/accounting/2.1.0/openapi.yaml	census 577	enumeration.tsv.gz
mutually-recursive-graph	document	APIs/codat.io/assess/1.0/openapi.yaml	census 117	enumeration.tsv.gz
mutually-recursive-graph	document	APIs/codat.io/bank-feeds/2.1.0/openapi.yaml	census 49	enumeration.tsv.gz
mutually-recursive-graph	document	APIs/codat.io/banking/2.1.0/openapi.yaml	census 41	enumeration.tsv.gz
mutually-recursive-graph	document	APIs/codat.io/commerce/2.1.0/openapi.yaml	census 120	enumeration.tsv.gz
mutually-recursive-graph	document	APIs/codat.io/sync-for-commerce/1.1/openapi.yaml	census 86	enumeration.tsv.gz
mutually-recursive-graph	document	APIs/codat.io/sync-for-expenses/prealpha/openapi.yaml	census 46	enumeration.tsv.gz
mutually-recursive-graph	document	APIs/codesearch.debian.net/1.4.0/openapi.yaml	census 3	enumeration.tsv.gz
mutually-recursive-graph	document	APIs/collegefootballdata.com/4.4.12/openapi.yaml	census 50	enumeration.tsv.gz
mutually-recursive-graph	document	APIs/color.pizza/1.0.0/openapi.yaml	census 29	enumeration.tsv.gz
mutually-recursive-graph	document	APIs/combell.com/v2/openapi.yaml	census 119	enumeration.tsv.gz
mutually-recursive-graph	document	APIs/configcat.com/v1/openapi.yaml	census 260	enumeration.tsv.gz
mutually-recursive-graph	document	APIs/conjur.local/5.3.0/openapi.yaml	census 92	enumeration.tsv.gz
mutually-recursive-graph	document	APIs/contentgroove.com/1.0.0/openapi.yaml	census 39	enumeration.tsv.gz
mutually-recursive-graph	document	APIs/contract-p.fit/1.0/openapi.yaml	census 198	enumeration.tsv.gz
mutually-recursive-graph	document	APIs/contribly.com/1.0.0/openapi.yaml	census 83	enumeration.tsv.gz
mutually-recursive-graph	document	APIs/corrently.io/2.0.0/openapi.yaml	census 15	enumeration.tsv.gz
mutually-recursive-graph	document	APIs/cowin.gov.cin/cowincert/1.0.0/openapi.yaml	census 1	enumeration.tsv.gz
mutually-recursive-graph	document	APIs/cpy.re/peertube/5.1.0/openapi.yaml	census 352	enumeration.tsv.gz
mutually-recursive-graph	document	APIs/credas.co.uk/pi/v1/openapi.yaml	census 885	enumeration.tsv.gz
mutually-recursive-graph	document	APIs/crediwatch.com/covid19/1.3.0/openapi.yaml	census 17	enumeration.tsv.gz
mutually-recursive-graph	document	APIs/crossbrowsertesting.com/3.0.0/openapi.yaml	census 10	enumeration.tsv.gz
mutually-recursive-graph	document	APIs/d7networks.com/1.0.2/openapi.yaml	census 3	enumeration.tsv.gz
mutually-recursive-graph	document	APIs/daniweb.com/4/openapi.yaml	census 186	enumeration.tsv.gz
mutually-recursive-graph	document	APIs/dataflowkit.com/1.3/openapi.yaml	census 17	enumeration.tsv.gz
mutually-recursive-graph	document	APIs/deutschebahn.com/reisezentren/v1/openapi.yaml	census 15	enumeration.tsv.gz
mutually-recursive-graph	document	APIs/dev.to/1.0.0/openapi.yaml	census 37	enumeration.tsv.gz
mutually-recursive-graph	document	APIs/dev.to/chatgpt/v1/openapi.yaml	census 3	enumeration.tsv.gz
mutually-recursive-graph	document	APIs/digitallocker.gov.in/authpartner/1.0.0/openapi.yaml	census 67	enumeration.tsv.gz
mutually-recursive-graph	document	APIs/digitalnz.org/3/openapi.yaml	census 3	enumeration.tsv.gz
mutually-recursive-graph	document	APIs/digitalocean.com/2.0/openapi.yaml	census 397	enumeration.tsv.gz
mutually-recursive-graph	document	APIs/dnd5eapi.co/0.1/openapi.yaml	census 217	enumeration.tsv.gz
mutually-recursive-graph	document	APIs/docker.com/dvp/1.0.0/openapi.yaml	census 28	enumeration.tsv.gz
mutually-recursive-graph	document	APIs/docker.com/engine/1.33/openapi.yaml	census 515	enumeration.tsv.gz
mutually-recursive-graph	document	APIs/docker.com/hub/beta/openapi.yaml	census 81	enumeration.tsv.gz
mutually-recursive-graph	document	APIs/docusign.net/v2.1/openapi.yaml	census 4734	enumeration.tsv.gz
mutually-recursive-graph	document	APIs/dodo.ac/1.6.0/openapi.yaml	census 94	enumeration.tsv.gz
mutually-recursive-graph	document	APIs/domainsdb.info/1.0/openapi.yaml	census 16	enumeration.tsv.gz
mutually-recursive-graph	document	APIs/doqs.dev/1.0/openapi.yaml	census 77	enumeration.tsv.gz
mutually-recursive-graph	document	APIs/dracoon.team/4.42.3/openapi.yaml	census 2101	enumeration.tsv.gz
mutually-recursive-graph	document	APIs/drchrono.com/v4 (Hunt Valley)/openapi.yaml	census 167	enumeration.tsv.gz
mutually-recursive-graph	document	APIs/e-conomic.com/v20.0.0/openapi.yaml	census 716	enumeration.tsv.gz
mutually-recursive-graph	document	APIs/ebay.com/buy-deal/v1.3.0/openapi.yaml	census 27	enumeration.tsv.gz
mutually-recursive-graph	document	APIs/ebay.com/buy-feed/v1_beta.34.0/openapi.yaml	census 20	enumeration.tsv.gz
mutually-recursive-graph	document	APIs/ebay.com/buy-marketing/v1_beta.2.0/openapi.yaml	census 9	enumeration.tsv.gz
mutually-recursive-graph	document	APIs/ebay.com/commerce-catalog/v1_beta.5.0/openapi.yaml	census 13	enumeration.tsv.gz
mutually-recursive-graph	document	APIs/ebay.com/commerce-charity/v1.2.1/openapi.yaml	census 8	enumeration.tsv.gz
mutually-recursive-graph	document	APIs/ebay.com/commerce-translation/1/openapi.yaml	census 6	enumeration.tsv.gz
mutually-recursive-graph	document	APIs/ebay.com/developer-analytics/v1_beta.0.0/openapi.yaml	census 6	enumeration.tsv.gz
mutually-recursive-graph	document	APIs/ebay.com/sell-account/v1.9.0/openapi.yaml	census 104	enumeration.tsv.gz
mutually-recursive-graph	document	APIs/ebay.com/sell-analytics/1.2.0/openapi.yaml	census 29	enumeration.tsv.gz
mutually-recursive-graph	document	APIs/ebay.com/sell-compliance/1.4.1/openapi.yaml	census 13	enumeration.tsv.gz
mutually-recursive-graph	document	APIs/ebay.com/sell-feed/v1.3.1/openapi.yaml	census 41	enumeration.tsv.gz
mutually-recursive-graph	document	APIs/ebay.com/sell-fulfillment/v1.20.0/openapi.yaml	census 123	enumeration.tsv.gz
mutually-recursive-graph	document	APIs/ebay.com/sell-listing/v1_beta.3.0/openapi.yaml	census 10	enumeration.tsv.gz
mutually-recursive-graph	document	APIs/ebay.com/sell-logistics/v1_beta.0.0/openapi.yaml	census 38	enumeration.tsv.gz
mutually-recursive-graph	document	APIs/ebay.com/sell-marketing/v1.15.0/openapi.yaml	census 208	enumeration.tsv.gz
mutually-recursive-graph	document	APIs/ebay.com/sell-metadata/v1.6.0/openapi.yaml	census 30	enumeration.tsv.gz
mutually-recursive-graph	document	APIs/ebay.com/sell-negotiation/v1.1.0/openapi.yaml	census 12	enumeration.tsv.gz
mutually-recursive-graph	document	APIs/ebay.com/sell-recommendation/1.1.0/openapi.yaml	census 7	enumeration.tsv.gz
mutually-recursive-graph	document	APIs/edrv.io/v1/openapi.yaml	census 2	enumeration.tsv.gz
mutually-recursive-graph	document	APIs/elevenlabs.io/1.0/openapi.yaml	census 49	enumeration.tsv.gz
mutually-recursive-graph	document	APIs/elmah.io/v3/openapi.yaml	census 79	enumeration.tsv.gz
mutually-recursive-graph	document	APIs/enode.io/1.3.10/openapi.yaml	census 18	enumeration.tsv.gz
mutually-recursive-graph	document	APIs/envoice.in/v1/openapi.yaml	census 443	enumeration.tsv.gz
mutually-recursive-graph	document	APIs/eos.local/1.0.0/openapi.yaml	census 12	enumeration.tsv.gz
mutually-recursive-graph	document	APIs/etsi.local/MEC010-2_AppPkgMgmt/2.1.1/openapi.yaml	census 109	enumeration.tsv.gz
mutually-recursive-graph	document	APIs/exavault.com/2.0/openapi.yaml	census 152	enumeration.tsv.gz
mutually-recursive-graph	document	APIs/exlibrisgroup.com/tasklists/1.0/openapi.yaml	census 16	enumeration.tsv.gz
mutually-recursive-graph	document	APIs/extendsclass.com/json-storage/0.1/openapi.yaml	census 19	enumeration.tsv.gz
mutually-recursive-graph	document	APIs/extpose.com/1.0.0/openapi.yaml	census 1	enumeration.tsv.gz
mutually-recursive-graph	document	APIs/exude-api.herokuapp.com/1.0.0/openapi.yaml	census 3	enumeration.tsv.gz
mutually-recursive-graph	document	APIs/facecheck.id/v1.02/openapi.yaml	census 10	enumeration.tsv.gz
mutually-recursive-graph	document	APIs/fec.gov/1.0/openapi.yaml	census 280	enumeration.tsv.gz
mutually-recursive-graph	document	APIs/figshare.com/2.0.0/openapi.yaml	census 303	enumeration.tsv.gz
mutually-recursive-graph	document	APIs/files.com/0.0.1/openapi.yaml	census 214	enumeration.tsv.gz
mutually-recursive-graph	document	APIs/firmalyzer.com/iotvas/1.0/openapi.yaml	census 25	enumeration.tsv.gz
mutually-recursive-graph	document	APIs/flat.io/2.13.0/openapi.yaml	census 325	enumeration.tsv.gz
mutually-recursive-graph	document	APIs/flickr.com/1.0.0/openapi.yaml	census 46	enumeration.tsv.gz
mutually-recursive-graph	document	APIs/formapi.io/v1/openapi.yaml	census 81	enumeration.tsv.gz
mutually-recursive-graph	document	APIs/freetv-app.com/v1/openapi.yaml	census 2	enumeration.tsv.gz
mutually-recursive-graph	document	APIs/fulfillment.com/2.0/openapi.yaml	census 29	enumeration.tsv.gz
mutually-recursive-graph	document	APIs/gambitcomm.local/mimic/21.00/openapi.yaml	census 44	enumeration.tsv.gz
mutually-recursive-graph	document	APIs/gamesparks.net/game-details/v2/openapi.yaml	census 167	enumeration.tsv.gz
mutually-recursive-graph	document	APIs/gerermesaffaires.com/1.0.6/openapi.yaml	census 108	enumeration.tsv.gz
mutually-recursive-graph	document	APIs/gettyimages.com/3/openapi.yaml	census 247	enumeration.tsv.gz
mutually-recursive-graph	document	APIs/giphy.com/1.0/openapi.yaml	census 46	enumeration.tsv.gz
mutually-recursive-graph	document	APIs/gitea.io/1.20.0+dev-539-g5e389228f/openapi.yaml	census 430	enumeration.tsv.gz
mutually-recursive-graph	document	APIs/github.com/api.github.com.2022-11-28/1.1.4/openapi.yaml	census 2411	enumeration.tsv.gz
mutually-recursive-graph	document	APIs/github.com/api.github.com/1.1.4/openapi.yaml	census 2411	enumeration.tsv.gz
mutually-recursive-graph	document	APIs/github.com/ghec.2022-11-28/1.1.4/openapi.yaml	census 2502	enumeration.tsv.gz
mutually-recursive-graph	document	APIs/github.com/ghec/1.1.4/openapi.yaml	census 2502	enumeration.tsv.gz
mutually-recursive-graph	document	APIs/github.com/ghes-2.18/1.1.4/openapi.yaml	census 785	enumeration.tsv.gz
mutually-recursive-graph	document	APIs/github.com/ghes-2.19/1.1.4/openapi.yaml	census 792	enumeration.tsv.gz
mutually-recursive-graph	document	APIs/github.com/ghes-2.20/1.1.4/openapi.yaml	census 796	enumeration.tsv.gz
mutually-recursive-graph	document	APIs/github.com/ghes-2.21/1.1.4/openapi.yaml	census 822	enumeration.tsv.gz
mutually-recursive-graph	document	APIs/github.com/ghes-2.22/1.1.4/openapi.yaml	census 935	enumeration.tsv.gz
mutually-recursive-graph	document	APIs/github.com/ghes-3.0/1.1.4/openapi.yaml	census 1002	enumeration.tsv.gz
mutually-recursive-graph	document	APIs/github.com/ghes-3.1/1.1.4/openapi.yaml	census 1027	enumeration.tsv.gz
mutually-recursive-graph	document	APIs/github.com/ghes-3.2/1.1.4/openapi.yaml	census 1070	enumeration.tsv.gz
mutually-recursive-graph	document	APIs/github.com/ghes-3.3/1.1.4/openapi.yaml	census 1098	enumeration.tsv.gz
mutually-recursive-graph	document	APIs/github.com/ghes-3.4/1.1.4/openapi.yaml	census 1129	enumeration.tsv.gz
mutually-recursive-graph	document	APIs/github.com/ghes-3.5/1.1.4/openapi.yaml	census 1171	enumeration.tsv.gz
mutually-recursive-graph	document	APIs/github.com/ghes-3.6/1.1.4/openapi.yaml	census 1221	enumeration.tsv.gz
mutually-recursive-graph	document	APIs/github.com/ghes-3.7/1.1.4/openapi.yaml	census 2350	enumeration.tsv.gz
mutually-recursive-graph	document	APIs/github.com/ghes-3.8/1.1.4/openapi.yaml	census 2411	enumeration.tsv.gz
mutually-recursive-graph	document	APIs/github.com/github.ae/1.1.4/openapi.yaml	census 2115	enumeration.tsv.gz
mutually-recursive-graph	document	APIs/github.com/v0.1/openapi.yaml	census 57	enumeration.tsv.gz
mutually-recursive-graph	document	APIs/go-upc.com/1.0.0/openapi.yaml	census 2	enumeration.tsv.gz
mutually-recursive-graph	document	APIs/goog.io/0.1.0/openapi.yaml	census 7	enumeration.tsv.gz
mutually-recursive-graph	document	APIs/google.com/v3/openapi.yaml	census 80	enumeration.tsv.gz
mutually-recursive-graph	document	APIs/google.home/2.0/openapi.yaml	census 71	enumeration.tsv.gz
mutually-recursive-graph	document	APIs/googleapis.com/abusiveexperiencereport/v1/openapi.yaml	census 3	enumeration.tsv.gz
mutually-recursive-graph	document	APIs/googleapis.com/acceleratedmobilepageurl/v1/openapi.yaml	census 4	enumeration.tsv.gz
mutually-recursive-graph	document	APIs/googleapis.com/accessapproval/v1/openapi.yaml	census 19	enumeration.tsv.gz
mutually-recursive-graph	document	APIs/googleapis.com/accesscontextmanager/v1/openapi.yaml	census 77	enumeration.tsv.gz
mutually-recursive-graph	document	APIs/googleapis.com/accesscontextmanager/v1beta/openapi.yaml	census 25	enumeration.tsv.gz
mutually-recursive-graph	document	APIs/googleapis.com/acmedns/v1/openapi.yaml	census 6	enumeration.tsv.gz
mutually-recursive-graph	document	APIs/googleapis.com/adexchangebuyer/v1.2/openapi.yaml	census 12	enumeration.tsv.gz
mutually-recursive-graph	document	APIs/googleapis.com/adexchangebuyer/v1.3/openapi.yaml	census 34	enumeration.tsv.gz
mutually-recursive-graph	document	APIs/googleapis.com/adexchangebuyer/v1.4/openapi.yaml	census 127	enumeration.tsv.gz
mutually-recursive-graph	document	APIs/googleapis.com/adexchangebuyer2/v2beta1/openapi.yaml	census 204	enumeration.tsv.gz
mutually-recursive-graph	document	APIs/googleapis.com/adexperiencereport/v1/openapi.yaml	census 5	enumeration.tsv.gz
mutually-recursive-graph	document	APIs/googleapis.com/admin/datatransfer_v1/openapi.yaml	census 11	enumeration.tsv.gz
mutually-recursive-graph	document	APIs/googleapis.com/admin/directory_v1/openapi.yaml	census 198	enumeration.tsv.gz
mutually-recursive-graph	document	APIs/googleapis.com/admin/reports_v1/openapi.yaml	census 11	enumeration.tsv.gz
mutually-recursive-graph	document	APIs/googleapis.com/admob/v1/openapi.yaml	census 38	enumeration.tsv.gz
mutually-recursive-graph	document	APIs/googleapis.com/admob/v1beta/openapi.yaml	census 77	enumeration.tsv.gz
mutually-recursive-graph	document	APIs/googleapis.com/adsense/v1.4/openapi.yaml	census 50	enumeration.tsv.gz
mutually-recursive-graph	document	APIs/googleapis.com/adsense/v2/openapi.yaml	census 49	enumeration.tsv.gz
mutually-recursive-graph	document	APIs/googleapis.com/adsensehost/v4.1/openapi.yaml	census 39	enumeration.tsv.gz
mutually-recursive-graph	document	APIs/googleapis.com/advisorynotifications/v1/openapi.yaml	census 14	enumeration.tsv.gz
mutually-recursive-graph	document	APIs/googleapis.com/aiplatform/v1/openapi.yaml	census 1094	enumeration.tsv.gz
mutually-recursive-graph	document	APIs/googleapis.com/aiplatform/v1beta1/openapi.yaml	census 1155	enumeration.tsv.gz
mutually-recursive-graph	document	APIs/googleapis.com/alertcenter/v1beta1/openapi.yaml	census 62	enumeration.tsv.gz
mutually-recursive-graph	document	APIs/googleapis.com/alloydb/v1/openapi.yaml	census 100	enumeration.tsv.gz
mutually-recursive-graph	document	APIs/googleapis.com/alloydb/v1alpha/openapi.yaml	census 106	enumeration.tsv.gz
mutually-recursive-graph	document	APIs/googleapis.com/alloydb/v1beta/openapi.yaml	census 105	enumeration.tsv.gz
mutually-recursive-graph	document	APIs/googleapis.com/analytics/v3/openapi.yaml	census 159	enumeration.tsv.gz
mutually-recursive-graph	document	APIs/googleapis.com/analyticsadmin/v1alpha/openapi.yaml	census 266	enumeration.tsv.gz
mutually-recursive-graph	document	APIs/googleapis.com/analyticsadmin/v1beta/openapi.yaml	census 99	enumeration.tsv.gz
mutually-recursive-graph	document	APIs/googleapis.com/analyticsdata/v1beta/openapi.yaml	census 118	enumeration.tsv.gz
mutually-recursive-graph	document	APIs/googleapis.com/analyticshub/v1/openapi.yaml	census 50	enumeration.tsv.gz
mutually-recursive-graph	document	APIs/googleapis.com/analyticshub/v1beta1/openapi.yaml	census 37	enumeration.tsv.gz
mutually-recursive-graph	document	APIs/googleapis.com/analyticsreporting/v4/openapi.yaml	census 61	enumeration.tsv.gz
mutually-recursive-graph	document	APIs/googleapis.com/androiddeviceprovisioning/v1/openapi.yaml	census 77	enumeration.tsv.gz
mutually-recursive-graph	document	APIs/googleapis.com/androidenterprise/v1/openapi.yaml	census 148	enumeration.tsv.gz
mutually-recursive-graph	document	APIs/googleapis.com/androidmanagement/v1/openapi.yaml	census 161	enumeration.tsv.gz
mutually-recursive-graph	document	APIs/googleapis.com/androidpublisher/v1.1/openapi.yaml	census 2	enumeration.tsv.gz
mutually-recursive-graph	document	APIs/googleapis.com/androidpublisher/v1/openapi.yaml	census 1	enumeration.tsv.gz
mutually-recursive-graph	document	APIs/googleapis.com/androidpublisher/v2/openapi.yaml	census 111	enumeration.tsv.gz
mutually-recursive-graph	document	APIs/googleapis.com/androidpublisher/v3/openapi.yaml	census 364	enumeration.tsv.gz
mutually-recursive-graph	document	APIs/googleapis.com/apigateway/v1/openapi.yaml	census 40	enumeration.tsv.gz
mutually-recursive-graph	document	APIs/googleapis.com/apigateway/v1alpha2/openapi.yaml	census 19	enumeration.tsv.gz
mutually-recursive-graph	document	APIs/googleapis.com/apigateway/v1beta/openapi.yaml	census 42	enumeration.tsv.gz
mutually-recursive-graph	document	APIs/googleapis.com/apigee/v1/openapi.yaml	census 413	enumeration.tsv.gz
mutually-recursive-graph	document	APIs/googleapis.com/apigeeregistry/v1/openapi.yaml	census 54	enumeration.tsv.gz
mutually-recursive-graph	document	APIs/googleapis.com/apikeys/v2/openapi.yaml	census 20	enumeration.tsv.gz
mutually-recursive-graph	document	APIs/googleapis.com/appengine/v1/openapi.yaml	census 116	enumeration.tsv.gz
mutually-recursive-graph	document	APIs/googleapis.com/appengine/v1alpha/openapi.yaml	census 41	enumeration.tsv.gz
mutually-recursive-graph	document	APIs/googleapis.com/appengine/v1beta/openapi.yaml	census 122	enumeration.tsv.gz
mutually-recursive-graph	document	APIs/googleapis.com/apphub/v1/openapi.yaml	census 62	enumeration.tsv.gz
mutually-recursive-graph	document	APIs/googleapis.com/apphub/v1alpha/openapi.yaml	census 67	enumeration.tsv.gz
mutually-recursive-graph	document	APIs/googleapis.com/appsactivity/v1/openapi.yaml	census 15	enumeration.tsv.gz
mutually-recursive-graph	document	APIs/googleapis.com/area120tables/v1alpha1/openapi.yaml	census 31	enumeration.tsv.gz
mutually-recursive-graph	document	APIs/googleapis.com/artifactregistry/v1/openapi.yaml	census 98	enumeration.tsv.gz
mutually-recursive-graph	document	APIs/googleapis.com/artifactregistry/v1beta1/openapi.yaml	census 31	enumeration.tsv.gz
mutually-recursive-graph	document	APIs/googleapis.com/artifactregistry/v1beta2/openapi.yaml	census 54	enumeration.tsv.gz
mutually-recursive-graph	document	APIs/googleapis.com/assuredworkloads/v1/openapi.yaml	census 40	enumeration.tsv.gz
mutually-recursive-graph	document	APIs/googleapis.com/assuredworkloads/v1beta1/openapi.yaml	census 46	enumeration.tsv.gz
mutually-recursive-graph	document	APIs/googleapis.com/authorizedbuyersmarketplace/v1/openapi.yaml	census 104	enumeration.tsv.gz
mutually-recursive-graph	document	APIs/googleapis.com/automl/v1beta1/openapi.yaml	census 174	enumeration.tsv.gz
mutually-recursive-graph	document	APIs/googleapis.com/backupdr/v1/openapi.yaml	census 27	enumeration.tsv.gz
mutually-recursive-graph	document	APIs/googleapis.com/baremetalsolution/v1/openapi.yaml	census 7	enumeration.tsv.gz
mutually-recursive-graph	document	APIs/googleapis.com/baremetalsolution/v1alpha1/openapi.yaml	census 14	enumeration.tsv.gz
mutually-recursive-graph	document	APIs/googleapis.com/baremetalsolution/v2/openapi.yaml	census 87	enumeration.tsv.gz
mutually-recursive-graph	document	APIs/googleapis.com/batch/v1/openapi.yaml	census 73	enumeration.tsv.gz
mutually-recursive-graph	document	APIs/googleapis.com/beyondcorp/v1/openapi.yaml	census 53	enumeration.tsv.gz
mutually-recursive-graph	document	APIs/googleapis.com/beyondcorp/v1alpha/openapi.yaml	census 112	enumeration.tsv.gz
mutually-recursive-graph	document	APIs/googleapis.com/biglake/v1/openapi.yaml	census 22	enumeration.tsv.gz
mutually-recursive-graph	document	APIs/googleapis.com/bigquery/v2/openapi.yaml	census 341	enumeration.tsv.gz
mutually-recursive-graph	document	APIs/googleapis.com/bigqueryconnection/v1/openapi.yaml	census 36	enumeration.tsv.gz
mutually-recursive-graph	document	APIs/googleapis.com/bigqueryconnection/v1beta1/openapi.yaml	census 23	enumeration.tsv.gz
mutually-recursive-graph	document	APIs/googleapis.com/bigquerydatapolicy/v1/openapi.yaml	census 23	enumeration.tsv.gz
mutually-recursive-graph	document	APIs/googleapis.com/bigquerydatatransfer/v1/openapi.yaml	census 37	enumeration.tsv.gz
mutually-recursive-graph	document	APIs/googleapis.com/bigqueryreservation/v1/openapi.yaml	census 31	enumeration.tsv.gz
mutually-recursive-graph	document	APIs/googleapis.com/bigqueryreservation/v1beta1/openapi.yaml	census 28	enumeration.tsv.gz
mutually-recursive-graph	document	APIs/googleapis.com/bigtableadmin/v2/openapi.yaml	census 103	enumeration.tsv.gz
mutually-recursive-graph	document	APIs/googleapis.com/billingbudgets/v1/openapi.yaml	census 17	enumeration.tsv.gz
mutually-recursive-graph	document	APIs/googleapis.com/billingbudgets/v1beta1/openapi.yaml	census 19	enumeration.tsv.gz
mutually-recursive-graph	document	APIs/googleapis.com/binaryauthorization/v1/openapi.yaml	census 67	enumeration.tsv.gz
mutually-recursive-graph	document	APIs/googleapis.com/binaryauthorization/v1beta1/openapi.yaml	census 30	enumeration.tsv.gz
mutually-recursive-graph	document	APIs/googleapis.com/blockchainnodeengine/v1/openapi.yaml	census 21	enumeration.tsv.gz
mutually-recursive-graph	document	APIs/googleapis.com/blogger/v2/openapi.yaml	census 18	enumeration.tsv.gz
mutually-recursive-graph	document	APIs/googleapis.com/blogger/v3/openapi.yaml	census 48	enumeration.tsv.gz
mutually-recursive-graph	document	APIs/googleapis.com/books/v1/openapi.yaml	census 84	enumeration.tsv.gz
mutually-recursive-graph	document	APIs/googleapis.com/businessprofileperformance/v1/openapi.yaml	census 13	enumeration.tsv.gz
mutually-recursive-graph	document	APIs/googleapis.com/calendar/v3/openapi.yaml	census 85	enumeration.tsv.gz
mutually-recursive-graph	document	APIs/googleapis.com/certificatemanager/v1/openapi.yaml	census 47	enumeration.tsv.gz
mutually-recursive-graph	document	APIs/googleapis.com/chat/v1/openapi.yaml	census 165	enumeration.tsv.gz
mutually-recursive-graph	document	APIs/googleapis.com/checks/v1alpha/openapi.yaml	census 65	enumeration.tsv.gz
mutually-recursive-graph	document	APIs/googleapis.com/chromemanagement/v1/openapi.yaml	census 94	enumeration.tsv.gz
mutually-recursive-graph	document	APIs/googleapis.com/chromepolicy/v1/openapi.yaml	census 75	enumeration.tsv.gz
mutually-recursive-graph	document	APIs/googleapis.com/chromeuxreport/v1/openapi.yaml	census 21	enumeration.tsv.gz
mutually-recursive-graph	document	APIs/googleapis.com/civicinfo/v2/openapi.yaml	census 38	enumeration.tsv.gz
mutually-recursive-graph	document	APIs/googleapis.com/classroom/v1/openapi.yaml	census 148	enumeration.tsv.gz
mutually-recursive-graph	document	APIs/googleapis.com/cloudasset/v1/openapi.yaml	census 190	enumeration.tsv.gz
mutually-recursive-graph	document	APIs/googleapis.com/cloudasset/v1beta1/openapi.yaml	census 54	enumeration.tsv.gz
mutually-recursive-graph	document	APIs/googleapis.com/cloudasset/v1p1beta1/openapi.yaml	census 45	enumeration.tsv.gz
mutually-recursive-graph	document	APIs/googleapis.com/cloudasset/v1p4beta1/openapi.yaml	census 62	enumeration.tsv.gz
mutually-recursive-graph	document	APIs/googleapis.com/cloudasset/v1p5beta1/openapi.yaml	census 46	enumeration.tsv.gz
mutually-recursive-graph	document	APIs/googleapis.com/cloudasset/v1p7beta1/openapi.yaml	census 46	enumeration.tsv.gz
mutually-recursive-graph	document	APIs/googleapis.com/cloudbilling/v1/openapi.yaml	census 42	enumeration.tsv.gz
mutually-recursive-graph	document	APIs/googleapis.com/cloudbilling/v1beta/openapi.yaml	census 140	enumeration.tsv.gz
mutually-recursive-graph	document	APIs/googleapis.com/cloudbuild/v1/openapi.yaml	census 175	enumeration.tsv.gz
mutually-recursive-graph	document	APIs/googleapis.com/cloudbuild/v1alpha1/openapi.yaml	census 73	enumeration.tsv.gz
mutually-recursive-graph	document	APIs/googleapis.com/cloudbuild/v1alpha2/openapi.yaml	census 73	enumeration.tsv.gz
mutually-recursive-graph	document	APIs/googleapis.com/cloudbuild/v1beta1/openapi.yaml	census 73	enumeration.tsv.gz
mutually-recursive-graph	document	APIs/googleapis.com/cloudbuild/v2/openapi.yaml	census 105	enumeration.tsv.gz
mutually-recursive-graph	document	APIs/googleapis.com/cloudchannel/v1/openapi.yaml	census 200	enumeration.tsv.gz
mutually-recursive-graph	document	APIs/googleapis.com/clouddebugger/v2/openapi.yaml	census 44	enumeration.tsv.gz
mutually-recursive-graph	document	APIs/googleapis.com/clouddeploy/v1/openapi.yaml	census 168	enumeration.tsv.gz
mutually-recursive-graph	document	APIs/googleapis.com/clouderrorreporting/v1beta1/openapi.yaml	census 22	enumeration.tsv.gz
mutually-recursive-graph	document	APIs/googleapis.com/cloudfunctions/v1/openapi.yaml	census 45	enumeration.tsv.gz
mutually-recursive-graph	document	APIs/googleapis.com/cloudfunctions/v2/openapi.yaml	census 68	enumeration.tsv.gz
mutually-recursive-graph	document	APIs/googleapis.com/cloudfunctions/v2alpha/openapi.yaml	census 68	enumeration.tsv.gz
mutually-recursive-graph	document	APIs/googleapis.com/cloudfunctions/v2beta/openapi.yaml	census 68	enumeration.tsv.gz
mutually-recursive-graph	document	APIs/googleapis.com/cloudidentity/v1/openapi.yaml	census 102	enumeration.tsv.gz
mutually-recursive-graph	document	APIs/googleapis.com/cloudidentity/v1beta1/openapi.yaml	census 120	enumeration.tsv.gz
mutually-recursive-graph	document	APIs/googleapis.com/cloudiot/v1/openapi.yaml	census 47	enumeration.tsv.gz
mutually-recursive-graph	document	APIs/googleapis.com/cloudkms/v1/openapi.yaml	census 73	enumeration.tsv.gz
mutually-recursive-graph	document	APIs/googleapis.com/cloudprivatecatalog/v1beta1/openapi.yaml	census 6	enumeration.tsv.gz
mutually-recursive-graph	document	APIs/googleapis.com/cloudprivatecatalogproducer/v1beta1/openapi.yaml	census 43	enumeration.tsv.gz
mutually-recursive-graph	document	APIs/googleapis.com/cloudprofiler/v2/openapi.yaml	census 10	enumeration.tsv.gz
mutually-recursive-graph	document	APIs/googleapis.com/cloudresourcemanager/v1/openapi.yaml	census 64	enumeration.tsv.gz
mutually-recursive-graph	document	APIs/googleapis.com/cloudresourcemanager/v1beta1/openapi.yaml	census 39	enumeration.tsv.gz
mutually-recursive-graph	document	APIs/googleapis.com/cloudresourcemanager/v2/openapi.yaml	census 29	enumeration.tsv.gz
mutually-recursive-graph	document	APIs/googleapis.com/cloudresourcemanager/v2beta1/openapi.yaml	census 29	enumeration.tsv.gz
mutually-recursive-graph	document	APIs/googleapis.com/cloudresourcemanager/v3/openapi.yaml	census 59	enumeration.tsv.gz
mutually-recursive-graph	document	APIs/googleapis.com/cloudscheduler/v1/openapi.yaml	census 24	enumeration.tsv.gz
mutually-recursive-graph	document	APIs/googleapis.com/cloudscheduler/v1beta1/openapi.yaml	census 24	enumeration.tsv.gz
mutually-recursive-graph	document	APIs/googleapis.com/cloudsearch/v1/openapi.yaml	census 353	enumeration.tsv.gz
mutually-recursive-graph	document	APIs/googleapis.com/cloudshell/v1/openapi.yaml	census 15	enumeration.tsv.gz
mutually-recursive-graph	document	APIs/googleapis.com/cloudsupport/v2/openapi.yaml	census 48	enumeration.tsv.gz
mutually-recursive-graph	document	APIs/googleapis.com/cloudsupport/v2beta/openapi.yaml	census 49	enumeration.tsv.gz
mutually-recursive-graph	document	APIs/googleapis.com/cloudtasks/v2/openapi.yaml	census 57	enumeration.tsv.gz
mutually-recursive-graph	document	APIs/googleapis.com/cloudtasks/v2beta2/openapi.yaml	census 72	enumeration.tsv.gz
mutually-recursive-graph	document	APIs/googleapis.com/cloudtasks/v2beta3/openapi.yaml	census 60	enumeration.tsv.gz
mutually-recursive-graph	document	APIs/googleapis.com/cloudtrace/v1/openapi.yaml	census 7	enumeration.tsv.gz
mutually-recursive-graph	document	APIs/googleapis.com/cloudtrace/v2/openapi.yaml	census 29	enumeration.tsv.gz
mutually-recursive-graph	document	APIs/googleapis.com/cloudtrace/v2beta1/openapi.yaml	census 9	enumeration.tsv.gz
mutually-recursive-graph	document	APIs/googleapis.com/commentanalyzer/v1alpha1/openapi.yaml	census 18	enumeration.tsv.gz
mutually-recursive-graph	document	APIs/googleapis.com/composer/v1/openapi.yaml	census 69	enumeration.tsv.gz
mutually-recursive-graph	document	APIs/googleapis.com/composer/v1beta1/openapi.yaml	census 73	enumeration.tsv.gz
mutually-recursive-graph	document	APIs/googleapis.com/compute/alpha/openapi.yaml	census 2213	enumeration.tsv.gz
mutually-recursive-graph	document	APIs/googleapis.com/compute/beta/openapi.yaml	census 2002	enumeration.tsv.gz
mutually-recursive-graph	document	APIs/googleapis.com/compute/v1/openapi.yaml	census 1758	enumeration.tsv.gz
mutually-recursive-graph	document	APIs/googleapis.com/connectors/v1/openapi.yaml	census 189	enumeration.tsv.gz
mutually-recursive-graph	document	APIs/googleapis.com/connectors/v2/openapi.yaml	census 62	enumeration.tsv.gz
mutually-recursive-graph	document	APIs/googleapis.com/contactcenteraiplatform/v1alpha1/openapi.yaml	census 22	enumeration.tsv.gz
mutually-recursive-graph	document	APIs/googleapis.com/contactcenterinsights/v1/openapi.yaml	census 230	enumeration.tsv.gz
mutually-recursive-graph	document	APIs/googleapis.com/container/v1/openapi.yaml	census 314	enumeration.tsv.gz
mutually-recursive-graph	document	APIs/googleapis.com/container/v1beta1/openapi.yaml	census 346	enumeration.tsv.gz
mutually-recursive-graph	document	APIs/googleapis.com/containeranalysis/v1/openapi.yaml	census 226	enumeration.tsv.gz
mutually-recursive-graph	document	APIs/googleapis.com/containeranalysis/v1alpha1/openapi.yaml	census 236	enumeration.tsv.gz
mutually-recursive-graph	document	APIs/googleapis.com/containeranalysis/v1beta1/openapi.yaml	census 221	enumeration.tsv.gz
mutually-recursive-graph	document	APIs/googleapis.com/content/v2.1/openapi.yaml	census 693	enumeration.tsv.gz
mutually-recursive-graph	document	APIs/googleapis.com/content/v2/openapi.yaml	census 423	enumeration.tsv.gz
mutually-recursive-graph	document	APIs/googleapis.com/contentwarehouse/v1/openapi.yaml	census 4423	enumeration.tsv.gz
mutually-recursive-graph	document	APIs/googleapis.com/customsearch/v1/openapi.yaml	census 4	enumeration.tsv.gz
mutually-recursive-graph	document	APIs/googleapis.com/datacatalog/v1/openapi.yaml	census 148	enumeration.tsv.gz
mutually-recursive-graph	document	APIs/googleapis.com/datacatalog/v1beta1/openapi.yaml	census 140	enumeration.tsv.gz
mutually-recursive-graph	document	APIs/googleapis.com/dataflow/v1b3/openapi.yaml	census 275	enumeration.tsv.gz
mutually-recursive-graph	document	APIs/googleapis.com/dataform/v1beta1/openapi.yaml	census 126	enumeration.tsv.gz
mutually-recursive-graph	document	APIs/googleapis.com/datafusion/v1/openapi.yaml	census 41	enumeration.tsv.gz
mutually-recursive-graph	document	APIs/googleapis.com/datafusion/v1beta1/openapi.yaml	census 50	enumeration.tsv.gz
mutually-recursive-graph	document	APIs/googleapis.com/datalabeling/v1beta1/openapi.yaml	census 298	enumeration.tsv.gz
mutually-recursive-graph	document	APIs/googleapis.com/datalineage/v1/openapi.yaml	census 36	enumeration.tsv.gz
mutually-recursive-graph	document	APIs/googleapis.com/datamigration/v1/openapi.yaml	census 172	enumeration.tsv.gz
mutually-recursive-graph	document	APIs/googleapis.com/datamigration/v1beta1/openapi.yaml	census 58	enumeration.tsv.gz
mutually-recursive-graph	document	APIs/googleapis.com/datapipelines/v1/openapi.yaml	census 26	enumeration.tsv.gz
mutually-recursive-graph	document	APIs/googleapis.com/dataplex/v1/openapi.yaml	census 204	enumeration.tsv.gz
mutually-recursive-graph	document	APIs/googleapis.com/dataportability/v1beta/openapi.yaml	census 7	enumeration.tsv.gz
mutually-recursive-graph	document	APIs/googleapis.com/dataproc/v1/openapi.yaml	census 222	enumeration.tsv.gz
mutually-recursive-graph	document	APIs/googleapis.com/datastore/v1/openapi.yaml	census 122	enumeration.tsv.gz
mutually-recursive-graph	document	APIs/googleapis.com/datastore/v1beta1/openapi.yaml	census 27	enumeration.tsv.gz
mutually-recursive-graph	document	APIs/googleapis.com/datastore/v1beta3/openapi.yaml	census 101	enumeration.tsv.gz
mutually-recursive-graph	document	APIs/googleapis.com/datastream/v1/openapi.yaml	census 122	enumeration.tsv.gz
mutually-recursive-graph	document	APIs/googleapis.com/datastream/v1alpha1/openapi.yaml	census 86	enumeration.tsv.gz
mutually-recursive-graph	document	APIs/googleapis.com/deploymentmanager/alpha/openapi.yaml	census 107	enumeration.tsv.gz
mutually-recursive-graph	document	APIs/googleapis.com/deploymentmanager/v2/openapi.yaml	census 54	enumeration.tsv.gz
mutually-recursive-graph	document	APIs/googleapis.com/deploymentmanager/v2beta/openapi.yaml	census 100	enumeration.tsv.gz
mutually-recursive-graph	document	APIs/googleapis.com/dfareporting/v3.3/openapi.yaml	census 595	enumeration.tsv.gz
mutually-recursive-graph	document	APIs/googleapis.com/dfareporting/v3.4/openapi.yaml	census 637	enumeration.tsv.gz
mutually-recursive-graph	document	APIs/googleapis.com/dfareporting/v3.5/openapi.yaml	census 15	enumeration.tsv.gz
mutually-recursive-graph	document	APIs/googleapis.com/dfareporting/v4/openapi.yaml	census 644	enumeration.tsv.gz
mutually-recursive-graph	document	APIs/googleapis.com/dialogflow/v2/openapi.yaml	census 625	enumeration.tsv.gz
mutually-recursive-graph	document	APIs/googleapis.com/dialogflow/v2beta1/openapi.yaml	census 620	enumeration.tsv.gz
mutually-recursive-graph	document	APIs/googleapis.com/dialogflow/v3/openapi.yaml	census 602	enumeration.tsv.gz
mutually-recursive-graph	document	APIs/googleapis.com/dialogflow/v3beta1/openapi.yaml	census 602	enumeration.tsv.gz
mutually-recursive-graph	document	APIs/googleapis.com/digitalassetlinks/v1/openapi.yaml	census 16	enumeration.tsv.gz
mutually-recursive-graph	document	APIs/googleapis.com/discovery/v1/openapi.yaml	census 12	enumeration.tsv.gz
mutually-recursive-graph	document	APIs/googleapis.com/discoveryengine/v1alpha/openapi.yaml	census 277	enumeration.tsv.gz
mutually-recursive-graph	document	APIs/googleapis.com/discoveryengine/v1beta/openapi.yaml	census 229	enumeration.tsv.gz
mutually-recursive-graph	document	APIs/googleapis.com/displayvideo/v1/openapi.yaml	census 470	enumeration.tsv.gz
mutually-recursive-graph	document	APIs/googleapis.com/displayvideo/v1dev/openapi.yaml	census 5	enumeration.tsv.gz
mutually-recursive-graph	document	APIs/googleapis.com/displayvideo/v2/openapi.yaml	census 538	enumeration.tsv.gz
mutually-recursive-graph	document	APIs/googleapis.com/displayvideo/v3/openapi.yaml	census 546	enumeration.tsv.gz
mutually-recursive-graph	document	APIs/googleapis.com/displayvideo/v4/openapi.yaml	census 5	enumeration.tsv.gz
mutually-recursive-graph	document	APIs/googleapis.com/dlp/v2/openapi.yaml	census 417	enumeration.tsv.gz
mutually-recursive-graph	document	APIs/googleapis.com/dns/v1/openapi.yaml	census 130	enumeration.tsv.gz
mutually-recursive-graph	document	APIs/googleapis.com/dns/v1beta2/openapi.yaml	census 131	enumeration.tsv.gz
mutually-recursive-graph	document	APIs/googleapis.com/dns/v2/openapi.yaml	census 129	enumeration.tsv.gz
mutually-recursive-graph	document	APIs/googleapis.com/docs/v1/openapi.yaml	census 289	enumeration.tsv.gz
mutually-recursive-graph	document	APIs/googleapis.com/documentai/v1/openapi.yaml	census 462	enumeration.tsv.gz
mutually-recursive-graph	document	APIs/googleapis.com/documentai/v1beta2/openapi.yaml	census 311	enumeration.tsv.gz
mutually-recursive-graph	document	APIs/googleapis.com/documentai/v1beta3/openapi.yaml	census 493	enumeration.tsv.gz
mutually-recursive-graph	document	APIs/googleapis.com/domains/v1/openapi.yaml	census 70	enumeration.tsv.gz
mutually-recursive-graph	document	APIs/googleapis.com/domains/v1alpha2/openapi.yaml	census 70	enumeration.tsv.gz
mutually-recursive-graph	document	APIs/googleapis.com/domains/v1beta1/openapi.yaml	census 70	enumeration.tsv.gz
mutually-recursive-graph	document	APIs/googleapis.com/domainsrdap/v1/openapi.yaml	census 13	enumeration.tsv.gz
mutually-recursive-graph	document	APIs/googleapis.com/doubleclickbidmanager/v1.1/openapi.yaml	census 26	enumeration.tsv.gz
mutually-recursive-graph	document	APIs/googleapis.com/doubleclickbidmanager/v2/openapi.yaml	census 35	enumeration.tsv.gz
mutually-recursive-graph	document	APIs/googleapis.com/doubleclicksearch/v2/openapi.yaml	census 26	enumeration.tsv.gz
mutually-recursive-graph	document	APIs/googleapis.com/drive/v2/openapi.yaml	census 126	enumeration.tsv.gz
mutually-recursive-graph	document	APIs/googleapis.com/drive/v3/openapi.yaml	census 90	enumeration.tsv.gz
mutually-recursive-graph	document	APIs/googleapis.com/driveactivity/v2/openapi.yaml	census 92	enumeration.tsv.gz
mutually-recursive-graph	document	APIs/googleapis.com/drivelabels/v2/openapi.yaml	census 140	enumeration.tsv.gz
mutually-recursive-graph	document	APIs/googleapis.com/drivelabels/v2beta/openapi.yaml	census 140	enumeration.tsv.gz
mutually-recursive-graph	document	APIs/googleapis.com/essentialcontacts/v1/openapi.yaml	census 12	enumeration.tsv.gz
mutually-recursive-graph	document	APIs/googleapis.com/eventarc/v1/openapi.yaml	census 46	enumeration.tsv.gz
mutually-recursive-graph	document	APIs/googleapis.com/eventarc/v1beta1/openapi.yaml	census 30	enumeration.tsv.gz
mutually-recursive-graph	document	APIs/googleapis.com/factchecktools/v1alpha1/openapi.yaml	census 16	enumeration.tsv.gz
mutually-recursive-graph	document	APIs/googleapis.com/fcm/v1/openapi.yaml	census 14	enumeration.tsv.gz
mutually-recursive-graph	document	APIs/googleapis.com/fcmdata/v1beta1/openapi.yaml	census 7	enumeration.tsv.gz
mutually-recursive-graph	document	APIs/googleapis.com/file/v1/openapi.yaml	census 51	enumeration.tsv.gz
mutually-recursive-graph	document	APIs/googleapis.com/file/v1beta1/openapi.yaml	census 58	enumeration.tsv.gz
mutually-recursive-graph	document	APIs/googleapis.com/firebase/v1beta1/openapi.yaml	census 45	enumeration.tsv.gz
mutually-recursive-graph	document	APIs/googleapis.com/firebaseappcheck/v1/openapi.yaml	census 51	enumeration.tsv.gz
mutually-recursive-graph	document	APIs/googleapis.com/firebaseappcheck/v1beta/openapi.yaml	census 67	enumeration.tsv.gz
mutually-recursive-graph	document	APIs/googleapis.com/firebaseappdistribution/v1/openapi.yaml	census 58	enumeration.tsv.gz
mutually-recursive-graph	document	APIs/googleapis.com/firebaseappdistribution/v1alpha/openapi.yaml	census 34	enumeration.tsv.gz
mutually-recursive-graph	document	APIs/googleapis.com/firebasedatabase/v1beta/openapi.yaml	census 12	enumeration.tsv.gz
mutually-recursive-graph	document	APIs/googleapis.com/firebasedynamiclinks/v1/openapi.yaml	census 27	enumeration.tsv.gz
mutually-recursive-graph	document	APIs/googleapis.com/firebasehosting/v1/openapi.yaml	census 19	enumeration.tsv.gz
mutually-recursive-graph	document	APIs/googleapis.com/firebasehosting/v1beta1/openapi.yaml	census 77	enumeration.tsv.gz
mutually-recursive-graph	document	APIs/googleapis.com/firebaseml/v1/openapi.yaml	census 6	enumeration.tsv.gz
mutually-recursive-graph	document	APIs/googleapis.com/firebaseml/v1beta2/openapi.yaml	census 14	enumeration.tsv.gz
mutually-recursive-graph	document	APIs/googleapis.com/firebaserules/v1/openapi.yaml	census 38	enumeration.tsv.gz
mutually-recursive-graph	document	APIs/googleapis.com/firebasestorage/v1beta/openapi.yaml	census 7	enumeration.tsv.gz
mutually-recursive-graph	document	APIs/googleapis.com/firestore/v1/openapi.yaml	census 157	enumeration.tsv.gz
mutually-recursive-graph	document	APIs/googleapis.com/firestore/v1beta1/openapi.yaml	census 122	enumeration.tsv.gz
mutually-recursive-graph	document	APIs/googleapis.com/firestore/v1beta2/openapi.yaml	census 29	enumeration.tsv.gz
mutually-recursive-graph	document	APIs/googleapis.com/fitness/v1/openapi.yaml	census 39	enumeration.tsv.gz
mutually-recursive-graph	document	APIs/googleapis.com/forms/v1/openapi.yaml	census 84	enumeration.tsv.gz
mutually-recursive-graph	document	APIs/googleapis.com/games/v1/openapi.yaml	census 85	enumeration.tsv.gz
mutually-recursive-graph	document	APIs/googleapis.com/gamesConfiguration/v1configuration/openapi.yaml	census 30	enumeration.tsv.gz
mutually-recursive-graph	document	APIs/googleapis.com/gamesManagement/v1management/openapi.yaml	census 16	enumeration.tsv.gz
mutually-recursive-graph	document	APIs/googleapis.com/gameservices/v1/openapi.yaml	census 27	enumeration.tsv.gz
mutually-recursive-graph	document	APIs/googleapis.com/gameservices/v1beta/openapi.yaml	census 27	enumeration.tsv.gz
mutually-recursive-graph	document	APIs/googleapis.com/genomics/v2alpha1/openapi.yaml	census 35	enumeration.tsv.gz
mutually-recursive-graph	document	APIs/googleapis.com/gkebackup/v1/openapi.yaml	census 68	enumeration.tsv.gz
mutually-recursive-graph	document	APIs/googleapis.com/gkehub/v1/openapi.yaml	census 184	enumeration.tsv.gz
mutually-recursive-graph	document	APIs/googleapis.com/gkehub/v1alpha/openapi.yaml	census 224	enumeration.tsv.gz
mutually-recursive-graph	document	APIs/googleapis.com/gkehub/v1alpha2/openapi.yaml	census 44	enumeration.tsv.gz
mutually-recursive-graph	document	APIs/googleapis.com/gkehub/v1beta/openapi.yaml	census 195	enumeration.tsv.gz
mutually-recursive-graph	document	APIs/googleapis.com/gkehub/v1beta1/openapi.yaml	census 45	enumeration.tsv.gz
mutually-recursive-graph	document	APIs/googleapis.com/gkehub/v2alpha/openapi.yaml	census 8	enumeration.tsv.gz
mutually-recursive-graph	document	APIs/googleapis.com/gkeonprem/v1/openapi.yaml	census 210	enumeration.tsv.gz
mutually-recursive-graph	document	APIs/googleapis.com/gmail/v1/openapi.yaml	census 244	enumeration.tsv.gz
mutually-recursive-graph	document	APIs/googleapis.com/gmailpostmastertools/v1/openapi.yaml	census 8	enumeration.tsv.gz
mutually-recursive-graph	document	APIs/googleapis.com/gmailpostmastertools/v1beta1/openapi.yaml	census 8	enumeration.tsv.gz
mutually-recursive-graph	document	APIs/googleapis.com/groupsmigration/v1/openapi.yaml	census 1	enumeration.tsv.gz
mutually-recursive-graph	document	APIs/googleapis.com/groupssettings/v1/openapi.yaml	census 5	enumeration.tsv.gz
mutually-recursive-graph	document	APIs/googleapis.com/healthcare/v1/openapi.yaml	census 212	enumeration.tsv.gz
mutually-recursive-graph	document	APIs/googleapis.com/healthcare/v1beta1/openapi.yaml	census 306	enumeration.tsv.gz
mutually-recursive-graph	document	APIs/googleapis.com/homegraph/v1/openapi.yaml	census 20	enumeration.tsv.gz
mutually-recursive-graph	document	APIs/googleapis.com/iam/v1/openapi.yaml	census 95	enumeration.tsv.gz
mutually-recursive-graph	document	APIs/googleapis.com/iam/v2/openapi.yaml	census 16	enumeration.tsv.gz
mutually-recursive-graph	document	APIs/googleapis.com/iam/v2beta/openapi.yaml	census 16	enumeration.tsv.gz
mutually-recursive-graph	document	APIs/googleapis.com/iamcredentials/v1/openapi.yaml	census 8	enumeration.tsv.gz
mutually-recursive-graph	document	APIs/googleapis.com/iap/v1/openapi.yaml	census 45	enumeration.tsv.gz
mutually-recursive-graph	document	APIs/googleapis.com/iap/v1beta1/openapi.yaml	census 10	enumeration.tsv.gz
mutually-recursive-graph	document	APIs/googleapis.com/ideahub/v1alpha/openapi.yaml	census 10	enumeration.tsv.gz
mutually-recursive-graph	document	APIs/googleapis.com/ideahub/v1beta/openapi.yaml	census 9	enumeration.tsv.gz
mutually-recursive-graph	document	APIs/googleapis.com/identitytoolkit/v2/openapi.yaml	census 122	enumeration.tsv.gz
mutually-recursive-graph	document	APIs/googleapis.com/identitytoolkit/v3/openapi.yaml	census 50	enumeration.tsv.gz
mutually-recursive-graph	document	APIs/googleapis.com/ids/v1/openapi.yaml	census 25	enumeration.tsv.gz
mutually-recursive-graph	document	APIs/googleapis.com/indexing/v3/openapi.yaml	census 6	enumeration.tsv.gz
mutually-recursive-graph	document	APIs/googleapis.com/integrations/v1/openapi.yaml	census 336	enumeration.tsv.gz
mutually-recursive-graph	document	APIs/googleapis.com/integrations/v1alpha/openapi.yaml	census 322	enumeration.tsv.gz
mutually-recursive-graph	document	APIs/googleapis.com/jobs/v3/openapi.yaml	census 80	enumeration.tsv.gz
mutually-recursive-graph	document	APIs/googleapis.com/jobs/v3p1beta1/openapi.yaml	census 84	enumeration.tsv.gz
mutually-recursive-graph	document	APIs/googleapis.com/jobs/v4/openapi.yaml	census 82	enumeration.tsv.gz
mutually-recursive-graph	document	APIs/googleapis.com/keep/v1/openapi.yaml	census 24	enumeration.tsv.gz
mutually-recursive-graph	document	APIs/googleapis.com/kgsearch/v1/openapi.yaml	census 1	enumeration.tsv.gz
mutually-recursive-graph	document	APIs/googleapis.com/kmsinventory/v1/openapi.yaml	census 10	enumeration.tsv.gz
mutually-recursive-graph	document	APIs/googleapis.com/language/v1/openapi.yaml	census 205	enumeration.tsv.gz
mutually-recursive-graph	document	APIs/googleapis.com/language/v1beta1/openapi.yaml	census 29	enumeration.tsv.gz
mutually-recursive-graph	document	APIs/googleapis.com/language/v1beta2/openapi.yaml	census 205	enumeration.tsv.gz
mutually-recursive-graph	document	APIs/googleapis.com/language/v2/openapi.yaml	census 188	enumeration.tsv.gz
mutually-recursive-graph	document	APIs/googleapis.com/libraryagent/v1/openapi.yaml	census 7	enumeration.tsv.gz
mutually-recursive-graph	document	APIs/googleapis.com/licensing/v1/openapi.yaml	census 11	enumeration.tsv.gz
mutually-recursive-graph	document	APIs/googleapis.com/lifesciences/v2beta/openapi.yaml	census 38	enumeration.tsv.gz
mutually-recursive-graph	document	APIs/googleapis.com/localservices/v1/openapi.yaml	census 10	enumeration.tsv.gz
mutually-recursive-graph	document	APIs/googleapis.com/logging/v2/openapi.yaml	census 118	enumeration.tsv.gz
mutually-recursive-graph	document	APIs/googleapis.com/looker/v1/openapi.yaml	census 48	enumeration.tsv.gz
mutually-recursive-graph	document	APIs/googleapis.com/managedidentities/v1/openapi.yaml	census 86	enumeration.tsv.gz
mutually-recursive-graph	document	APIs/googleapis.com/managedidentities/v1alpha1/openapi.yaml	census 88	enumeration.tsv.gz
mutually-recursive-graph	document	APIs/googleapis.com/managedidentities/v1beta1/openapi.yaml	census 86	enumeration.tsv.gz
mutually-recursive-graph	document	APIs/googleapis.com/manufacturers/v1/openapi.yaml	census 53	enumeration.tsv.gz
mutually-recursive-graph	document	APIs/googleapis.com/marketingplatformadmin/v1alpha/openapi.yaml	census 7	enumeration.tsv.gz
mutually-recursive-graph	document	APIs/googleapis.com/memcache/v1/openapi.yaml	census 56	enumeration.tsv.gz
mutually-recursive-graph	document	APIs/googleapis.com/memcache/v1beta2/openapi.yaml	census 58	enumeration.tsv.gz
mutually-recursive-graph	document	APIs/googleapis.com/metastore/v1/openapi.yaml	census 72	enumeration.tsv.gz
mutually-recursive-graph	document	APIs/googleapis.com/metastore/v1alpha/openapi.yaml	census 76	enumeration.tsv.gz
mutually-recursive-graph	document	APIs/googleapis.com/metastore/v1beta/openapi.yaml	census 76	enumeration.tsv.gz
mutually-recursive-graph	document	APIs/googleapis.com/migrationcenter/v1/openapi.yaml	census 193	enumeration.tsv.gz
mutually-recursive-graph	document	APIs/googleapis.com/migrationcenter/v1alpha1/openapi.yaml	census 210	enumeration.tsv.gz
mutually-recursive-graph	document	APIs/googleapis.com/mirror/v1/openapi.yaml	census 764	enumeration.tsv.gz
mutually-recursive-graph	document	APIs/googleapis.com/ml/v1/openapi.yaml	census 120	enumeration.tsv.gz
mutually-recursive-graph	document	APIs/googleapis.com/monitoring/v1/openapi.yaml	census 97	enumeration.tsv.gz
mutually-recursive-graph	document	APIs/googleapis.com/monitoring/v3/openapi.yaml	census 171	enumeration.tsv.gz
mutually-recursive-graph	document	APIs/googleapis.com/my-business/v4/openapi.yaml	census 268	enumeration.tsv.gz
mutually-recursive-graph	document	APIs/googleapis.com/mybusinessaccountmanagement/v1/openapi.yaml	census 25	enumeration.tsv.gz
mutually-recursive-graph	document	APIs/googleapis.com/mybusinessbusinesscalls/v1/openapi.yaml	census 10	enumeration.tsv.gz
mutually-recursive-graph	document	APIs/googleapis.com/mybusinessbusinessinformation/v1/openapi.yaml	census 65	enumeration.tsv.gz
mutually-recursive-graph	document	APIs/googleapis.com/mybusinesslodging/v1/openapi.yaml	census 50	enumeration.tsv.gz
mutually-recursive-graph	document	APIs/googleapis.com/mybusinessnotifications/v1/openapi.yaml	census 3	enumeration.tsv.gz
mutually-recursive-graph	document	APIs/googleapis.com/mybusinessplaceactions/v1/openapi.yaml	census 10	enumeration.tsv.gz
mutually-recursive-graph	document	APIs/googleapis.com/mybusinessqanda/v1/openapi.yaml	census 16	enumeration.tsv.gz
mutually-recursive-graph	document	APIs/googleapis.com/mybusinessverifications/v1/openapi.yaml	census 23	enumeration.tsv.gz
mutually-recursive-graph	document	APIs/googleapis.com/networkconnectivity/v1/openapi.yaml	census 90	enumeration.tsv.gz
mutually-recursive-graph	document	APIs/googleapis.com/networkconnectivity/v1alpha1/openapi.yaml	census 34	enumeration.tsv.gz
mutually-recursive-graph	document	APIs/googleapis.com/networkmanagement/v1/openapi.yaml	census 68	enumeration.tsv.gz
mutually-recursive-graph	document	APIs/googleapis.com/networkmanagement/v1beta1/openapi.yaml	census 68	enumeration.tsv.gz
mutually-recursive-graph	document	APIs/googleapis.com/networksecurity/v1/openapi.yaml	census 74	enumeration.tsv.gz
mutually-recursive-graph	document	APIs/googleapis.com/networksecurity/v1beta1/openapi.yaml	census 94	enumeration.tsv.gz
mutually-recursive-graph	document	APIs/googleapis.com/networkservices/v1/openapi.yaml	census 116	enumeration.tsv.gz
mutually-recursive-graph	document	APIs/googleapis.com/networkservices/v1beta1/openapi.yaml	census 116	enumeration.tsv.gz
mutually-recursive-graph	document	APIs/googleapis.com/notebooks/v1/openapi.yaml	census 120	enumeration.tsv.gz
mutually-recursive-graph	document	APIs/googleapis.com/notebooks/v2/openapi.yaml	census 61	enumeration.tsv.gz
mutually-recursive-graph	document	APIs/googleapis.com/oauth2/v1/openapi.yaml	census 3	enumeration.tsv.gz
mutually-recursive-graph	document	APIs/googleapis.com/oauth2/v2/openapi.yaml	census 3	enumeration.tsv.gz
mutually-recursive-graph	document	APIs/googleapis.com/ondemandscanning/v1/openapi.yaml	census 115	enumeration.tsv.gz
mutually-recursive-graph	document	APIs/googleapis.com/ondemandscanning/v1beta1/openapi.yaml	census 115	enumeration.tsv.gz
mutually-recursive-graph	document	APIs/googleapis.com/orgpolicy/v2/openapi.yaml	census 24	enumeration.tsv.gz
mutually-recursive-graph	document	APIs/googleapis.com/osconfig/v1/openapi.yaml	census 120	enumeration.tsv.gz
mutually-recursive-graph	document	APIs/googleapis.com/osconfig/v1alpha/openapi.yaml	census 84	enumeration.tsv.gz
mutually-recursive-graph	document	APIs/googleapis.com/osconfig/v1beta/openapi.yaml	census 83	enumeration.tsv.gz
mutually-recursive-graph	document	APIs/googleapis.com/oslogin/v1/openapi.yaml	census 12	enumeration.tsv.gz
mutually-recursive-graph	document	APIs/googleapis.com/oslogin/v1alpha/openapi.yaml	census 17	enumeration.tsv.gz
mutually-recursive-graph	document	APIs/googleapis.com/oslogin/v1beta/openapi.yaml	census 17	enumeration.tsv.gz
mutually-recursive-graph	document	APIs/googleapis.com/pagespeedonline/v1/openapi.yaml	census 1	enumeration.tsv.gz
mutually-recursive-graph	document	APIs/googleapis.com/pagespeedonline/v2/openapi.yaml	census 6	enumeration.tsv.gz
mutually-recursive-graph	document	APIs/googleapis.com/pagespeedonline/v4/openapi.yaml	census 7	enumeration.tsv.gz
mutually-recursive-graph	document	APIs/googleapis.com/pagespeedonline/v5/openapi.yaml	census 24	enumeration.tsv.gz
mutually-recursive-graph	document	APIs/googleapis.com/paymentsresellersubscription/v1/openapi.yaml	census 55	enumeration.tsv.gz
mutually-recursive-graph	document	APIs/googleapis.com/people/v1/openapi.yaml	census 135	enumeration.tsv.gz
mutually-recursive-graph	document	APIs/googleapis.com/places/v1/openapi.yaml	census 69	enumeration.tsv.gz
mutually-recursive-graph	document	APIs/googleapis.com/playablelocations/v3/openapi.yaml	census 18	enumeration.tsv.gz
mutually-recursive-graph	document	APIs/googleapis.com/playcustomapp/v1/openapi.yaml	census 3	enumeration.tsv.gz
mutually-recursive-graph	document	APIs/googleapis.com/playdeveloperreporting/v1alpha1/openapi.yaml	census 59	enumeration.tsv.gz
mutually-recursive-graph	document	APIs/googleapis.com/playdeveloperreporting/v1beta1/openapi.yaml	census 59	enumeration.tsv.gz
mutually-recursive-graph	document	APIs/googleapis.com/playgrouping/v1alpha1/openapi.yaml	census 6	enumeration.tsv.gz
mutually-recursive-graph	document	APIs/googleapis.com/playintegrity/v1/openapi.yaml	census 12	enumeration.tsv.gz
mutually-recursive-graph	document	APIs/googleapis.com/plus/v1/openapi.yaml	census 15	enumeration.tsv.gz
mutually-recursive-graph	document	APIs/googleapis.com/policyanalyzer/v1/openapi.yaml	census 3	enumeration.tsv.gz
mutually-recursive-graph	document	APIs/googleapis.com/policyanalyzer/v1beta1/openapi.yaml	census 3	enumeration.tsv.gz
mutually-recursive-graph	document	APIs/googleapis.com/policysimulator/v1/openapi.yaml	census 63	enumeration.tsv.gz
mutually-recursive-graph	document	APIs/googleapis.com/policysimulator/v1alpha/openapi.yaml	census 66	enumeration.tsv.gz
mutually-recursive-graph	document	APIs/googleapis.com/policysimulator/v1beta/openapi.yaml	census 66	enumeration.tsv.gz
mutually-recursive-graph	document	APIs/googleapis.com/policysimulator/v1beta1/openapi.yaml	census 17	enumeration.tsv.gz
mutually-recursive-graph	document	APIs/googleapis.com/policytroubleshooter/v1/openapi.yaml	census 13	enumeration.tsv.gz
mutually-recursive-graph	document	APIs/googleapis.com/policytroubleshooter/v1beta/openapi.yaml	census 12	enumeration.tsv.gz
mutually-recursive-graph	document	APIs/googleapis.com/poly/v1/openapi.yaml	census 19	enumeration.tsv.gz
mutually-recursive-graph	document	APIs/googleapis.com/privateca/v1/openapi.yaml	census 102	enumeration.tsv.gz
mutually-recursive-graph	document	APIs/googleapis.com/privateca/v1beta1/openapi.yaml	census 19	enumeration.tsv.gz
mutually-recursive-graph	document	APIs/googleapis.com/prod_tt_sasportal/v1alpha1/openapi.yaml	census 66	enumeration.tsv.gz
mutually-recursive-graph	document	APIs/googleapis.com/proximitybeacon/v1beta1/openapi.yaml	census 36	enumeration.tsv.gz
mutually-recursive-graph	document	APIs/googleapis.com/publicca/v1/openapi.yaml	census 2	enumeration.tsv.gz
mutually-recursive-graph	document	APIs/googleapis.com/publicca/v1alpha1/openapi.yaml	census 2	enumeration.tsv.gz
mutually-recursive-graph	document	APIs/googleapis.com/publicca/v1beta1/openapi.yaml	census 2	enumeration.tsv.gz
mutually-recursive-graph	document	APIs/googleapis.com/pubsub/v1/openapi.yaml	census 81	enumeration.tsv.gz
mutually-recursive-graph	document	APIs/googleapis.com/pubsub/v1beta1a/openapi.yaml	census 34	enumeration.tsv.gz
mutually-recursive-graph	document	APIs/googleapis.com/pubsub/v1beta2/openapi.yaml	census 35	enumeration.tsv.gz
mutually-recursive-graph	document	APIs/googleapis.com/pubsublite/v1/openapi.yaml	census 51	enumeration.tsv.gz
mutually-recursive-graph	document	APIs/googleapis.com/rapidmigrationassessment/v1/openapi.yaml	census 25	enumeration.tsv.gz
mutually-recursive-graph	document	APIs/googleapis.com/readerrevenuesubscriptionlinking/v1/openapi.yaml	census 5	enumeration.tsv.gz
mutually-recursive-graph	document	APIs/googleapis.com/realtimebidding/v1/openapi.yaml	census 94	enumeration.tsv.gz
mutually-recursive-graph	document	APIs/googleapis.com/realtimebidding/v1alpha/openapi.yaml	census 8	enumeration.tsv.gz
mutually-recursive-graph	document	APIs/googleapis.com/recaptchaenterprise/v1/openapi.yaml	census 72	enumeration.tsv.gz
mutually-recursive-graph	document	APIs/googleapis.com/recommendationengine/v1beta1/openapi.yaml	census 68	enumeration.tsv.gz
mutually-recursive-graph	document	APIs/googleapis.com/recommender/v1/openapi.yaml	census 36	enumeration.tsv.gz
mutually-recursive-graph	document	APIs/googleapis.com/recommender/v1beta1/openapi.yaml	census 42	enumeration.tsv.gz
mutually-recursive-graph	document	APIs/googleapis.com/redis/v1/openapi.yaml	census 69	enumeration.tsv.gz
mutually-recursive-graph	document	APIs/googleapis.com/redis/v1beta1/openapi.yaml	census 69	enumeration.tsv.gz
mutually-recursive-graph	document	APIs/googleapis.com/remotebuildexecution/v1alpha/openapi.yaml	census 91	enumeration.tsv.gz
mutually-recursive-graph	document	APIs/googleapis.com/replicapool/v1beta1/openapi.yaml	census 33	enumeration.tsv.gz
mutually-recursive-graph	document	APIs/googleapis.com/reseller/v1/openapi.yaml	census 29	enumeration.tsv.gz
mutually-recursive-graph	document	APIs/googleapis.com/resourcesettings/v1/openapi.yaml	census 12	enumeration.tsv.gz
mutually-recursive-graph	document	APIs/googleapis.com/retail/v2/openapi.yaml	census 239	enumeration.tsv.gz
mutually-recursive-graph	document	APIs/googleapis.com/retail/v2alpha/openapi.yaml	census 259	enumeration.tsv.gz
mutually-recursive-graph	document	APIs/googleapis.com/retail/v2beta/openapi.yaml	census 245	enumeration.tsv.gz
mutually-recursive-graph	document	APIs/googleapis.com/run/v1/openapi.yaml	census 170	enumeration.tsv.gz
mutually-recursive-graph	document	APIs/googleapis.com/run/v1alpha1/openapi.yaml	census 46	enumeration.tsv.gz
mutually-recursive-graph	document	APIs/googleapis.com/run/v2/openapi.yaml	census 93	enumeration.tsv.gz
mutually-recursive-graph	document	APIs/googleapis.com/runtimeconfig/v1/openapi.yaml	census 6	enumeration.tsv.gz
mutually-recursive-graph	document	APIs/googleapis.com/runtimeconfig/v1beta1/openapi.yaml	census 31	enumeration.tsv.gz
mutually-recursive-graph	document	APIs/googleapis.com/safebrowsing/v4/openapi.yaml	census 38	enumeration.tsv.gz
mutually-recursive-graph	document	APIs/googleapis.com/safebrowsing/v5/openapi.yaml	census 3	enumeration.tsv.gz
mutually-recursive-graph	document	APIs/googleapis.com/sasportal/v1alpha1/openapi.yaml	census 66	enumeration.tsv.gz
mutually-recursive-graph	document	APIs/googleapis.com/script/v1/openapi.yaml	census 51	enumeration.tsv.gz
mutually-recursive-graph	document	APIs/googleapis.com/searchads360/v0/openapi.yaml	census 175	enumeration.tsv.gz
mutually-recursive-graph	document	APIs/googleapis.com/searchconsole/v1/openapi.yaml	census 31	enumeration.tsv.gz
mutually-recursive-graph	document	APIs/googleapis.com/secretmanager/v1/openapi.yaml	census 47	enumeration.tsv.gz
mutually-recursive-graph	document	APIs/googleapis.com/secretmanager/v1beta1/openapi.yaml	census 37	enumeration.tsv.gz
mutually-recursive-graph	document	APIs/googleapis.com/securitycenter/v1/openapi.yaml	census 252	enumeration.tsv.gz
mutually-recursive-graph	document	APIs/googleapis.com/securitycenter/v1beta1/openapi.yaml	census 189	enumeration.tsv.gz
mutually-recursive-graph	document	APIs/googleapis.com/securitycenter/v1beta2/openapi.yaml	census 155	enumeration.tsv.gz
mutually-recursive-graph	document	APIs/googleapis.com/securitycenter/v1p1alpha1/openapi.yaml	census 149	enumeration.tsv.gz
mutually-recursive-graph	document	APIs/googleapis.com/servicebroker/v1/openapi.yaml	census 8	enumeration.tsv.gz
mutually-recursive-graph	document	APIs/googleapis.com/servicebroker/v1alpha1/openapi.yaml	census 28	enumeration.tsv.gz
mutually-recursive-graph	document	APIs/googleapis.com/servicebroker/v1beta1/openapi.yaml	census 30	enumeration.tsv.gz
mutually-recursive-graph	document	APIs/googleapis.com/serviceconsumermanagement/v1/openapi.yaml	census 124	enumeration.tsv.gz
mutually-recursive-graph	document	APIs/googleapis.com/serviceconsumermanagement/v1beta1/openapi.yaml	census 115	enumeration.tsv.gz
mutually-recursive-graph	document	APIs/googleapis.com/servicecontrol/v1/openapi.yaml	census 62	enumeration.tsv.gz
mutually-recursive-graph	document	APIs/googleapis.com/servicecontrol/v2/openapi.yaml	census 35	enumeration.tsv.gz
mutually-recursive-graph	document	APIs/googleapis.com/servicedirectory/v1/openapi.yaml	census 32	enumeration.tsv.gz
mutually-recursive-graph	document	APIs/googleapis.com/servicedirectory/v1beta1/openapi.yaml	census 32	enumeration.tsv.gz
mutually-recursive-graph	document	APIs/googleapis.com/servicemanagement/v1/openapi.yaml	census 136	enumeration.tsv.gz
mutually-recursive-graph	document	APIs/googleapis.com/servicenetworking/v1/openapi.yaml	census 156	enumeration.tsv.gz
mutually-recursive-graph	document	APIs/googleapis.com/servicenetworking/v1beta/openapi.yaml	census 105	enumeration.tsv.gz
mutually-recursive-graph	document	APIs/googleapis.com/serviceusage/v1/openapi.yaml	census 126	enumeration.tsv.gz
mutually-recursive-graph	document	APIs/googleapis.com/serviceusage/v1beta1/openapi.yaml	census 158	enumeration.tsv.gz
mutually-recursive-graph	document	APIs/googleapis.com/sheets/v4/openapi.yaml	census 535	enumeration.tsv.gz
mutually-recursive-graph	document	APIs/googleapis.com/shoppingcontent/v2/openapi.yaml	census 423	enumeration.tsv.gz
mutually-recursive-graph	document	APIs/googleapis.com/siteVerification/v1/openapi.yaml	census 11	enumeration.tsv.gz
mutually-recursive-graph	document	APIs/googleapis.com/slides/v1/openapi.yaml	census 226	enumeration.tsv.gz
mutually-recursive-graph	document	APIs/googleapis.com/smartdevicemanagement/v1/openapi.yaml	census 10	enumeration.tsv.gz
mutually-recursive-graph	document	APIs/googleapis.com/sourcerepo/v1/openapi.yaml	census 29	enumeration.tsv.gz
mutually-recursive-graph	document	APIs/googleapis.com/spanner/v1/openapi.yaml	census 210	enumeration.tsv.gz
mutually-recursive-graph	document	APIs/googleapis.com/speech/v1/openapi.yaml	census 46	enumeration.tsv.gz
mutually-recursive-graph	document	APIs/googleapis.com/speech/v1p1beta1/openapi.yaml	census 47	enumeration.tsv.gz
mutually-recursive-graph	document	APIs/googleapis.com/speech/v2beta1/openapi.yaml	census 7	enumeration.tsv.gz
mutually-recursive-graph	document	APIs/googleapis.com/sql/v1beta4/openapi.yaml	census 160	enumeration.tsv.gz
mutually-recursive-graph	document	APIs/googleapis.com/sqladmin/v1/openapi.yaml	census 160	enumeration.tsv.gz
mutually-recursive-graph	document	APIs/googleapis.com/storage/v1/openapi.yaml	census 114	enumeration.tsv.gz
mutually-recursive-graph	document	APIs/googleapis.com/storage/v1beta2/openapi.yaml	census 54	enumeration.tsv.gz
mutually-recursive-graph	document	APIs/googleapis.com/storagetransfer/v1/openapi.yaml	census 61	enumeration.tsv.gz
mutually-recursive-graph	document	APIs/googleapis.com/streetviewpublish/v1/openapi.yaml	census 55	enumeration.tsv.gz
mutually-recursive-graph	document	APIs/googleapis.com/sts/v1/openapi.yaml	census 13	enumeration.tsv.gz
mutually-recursive-graph	document	APIs/googleapis.com/sts/v1beta/openapi.yaml	census 9	enumeration.tsv.gz
mutually-recursive-graph	document	APIs/googleapis.com/tagmanager/v1/openapi.yaml	census 114	enumeration.tsv.gz
mutually-recursive-graph	document	APIs/googleapis.com/tagmanager/v2/openapi.yaml	census 179	enumeration.tsv.gz
mutually-recursive-graph	document	APIs/googleapis.com/tasks/v1/openapi.yaml	census 19	enumeration.tsv.gz
mutually-recursive-graph	document	APIs/googleapis.com/testing/v1/openapi.yaml	census 122	enumeration.tsv.gz
mutually-recursive-graph	document	APIs/googleapis.com/texttospeech/v1/openapi.yaml	census 20	enumeration.tsv.gz
mutually-recursive-graph	document	APIs/googleapis.com/texttospeech/v1beta1/openapi.yaml	census 19	enumeration.tsv.gz
mutually-recursive-graph	document	APIs/googleapis.com/toolresults/v1beta3/openapi.yaml	census 146	enumeration.tsv.gz
mutually-recursive-graph	document	APIs/googleapis.com/tpu/v1/openapi.yaml	census 25	enumeration.tsv.gz
mutually-recursive-graph	document	APIs/googleapis.com/tpu/v1alpha1/openapi.yaml	census 25	enumeration.tsv.gz
mutually-recursive-graph	document	APIs/googleapis.com/tpu/v2/openapi.yaml	census 64	enumeration.tsv.gz
mutually-recursive-graph	document	APIs/googleapis.com/tpu/v2alpha1/openapi.yaml	census 74	enumeration.tsv.gz
mutually-recursive-graph	document	APIs/googleapis.com/trafficdirector/v2/openapi.yaml	census 43	enumeration.tsv.gz
mutually-recursive-graph	document	APIs/googleapis.com/trafficdirector/v3/openapi.yaml	census 57	enumeration.tsv.gz
mutually-recursive-graph	document	APIs/googleapis.com/transcoder/v1/openapi.yaml	census 69	enumeration.tsv.gz
mutually-recursive-graph	document	APIs/googleapis.com/transcoder/v1beta1/openapi.yaml	census 53	enumeration.tsv.gz
mutually-recursive-graph	document	APIs/googleapis.com/translate/v2/openapi.yaml	census 10	enumeration.tsv.gz
mutually-recursive-graph	document	APIs/googleapis.com/translate/v3/openapi.yaml	census 104	enumeration.tsv.gz
mutually-recursive-graph	document	APIs/googleapis.com/translate/v3beta1/openapi.yaml	census 54	enumeration.tsv.gz
mutually-recursive-graph	document	APIs/googleapis.com/travelimpactmodel/v1/openapi.yaml	census 8	enumeration.tsv.gz
mutually-recursive-graph	document	APIs/googleapis.com/vault/v1/openapi.yaml	census 105	enumeration.tsv.gz
mutually-recursive-graph	document	APIs/googleapis.com/vectortile/v1/openapi.yaml	census 23	enumeration.tsv.gz
mutually-recursive-graph	document	APIs/googleapis.com/verifiedaccess/v1/openapi.yaml	census 7	enumeration.tsv.gz
mutually-recursive-graph	document	APIs/googleapis.com/verifiedaccess/v2/openapi.yaml	census 6	enumeration.tsv.gz
mutually-recursive-graph	document	APIs/googleapis.com/versionhistory/v1/openapi.yaml	census 9	enumeration.tsv.gz
mutually-recursive-graph	document	APIs/googleapis.com/videointelligence/v1/openapi.yaml	census 294	enumeration.tsv.gz
mutually-recursive-graph	document	APIs/googleapis.com/videointelligence/v1beta2/openapi.yaml	census 285	enumeration.tsv.gz
mutually-recursive-graph	document	APIs/googleapis.com/videointelligence/v1p1beta1/openapi.yaml	census 285	enumeration.tsv.gz
mutually-recursive-graph	document	APIs/googleapis.com/videointelligence/v1p2beta1/openapi.yaml	census 285	enumeration.tsv.gz
mutually-recursive-graph	document	APIs/googleapis.com/videointelligence/v1p3beta1/openapi.yaml	census 285	enumeration.tsv.gz
mutually-recursive-graph	document	APIs/googleapis.com/vision/v1/openapi.yaml	census 430	enumeration.tsv.gz
mutually-recursive-graph	document	APIs/googleapis.com/vision/v1p1beta1/openapi.yaml	census 398	enumeration.tsv.gz
mutually-recursive-graph	document	APIs/googleapis.com/vision/v1p2beta1/openapi.yaml	census 398	enumeration.tsv.gz
mutually-recursive-graph	document	APIs/googleapis.com/vmmigration/v1/openapi.yaml	census 179	enumeration.tsv.gz
mutually-recursive-graph	document	APIs/googleapis.com/vmmigration/v1alpha1/openapi.yaml	census 189	enumeration.tsv.gz
mutually-recursive-graph	document	APIs/googleapis.com/vmwareengine/v1/openapi.yaml	census 106	enumeration.tsv.gz
mutually-recursive-graph	document	APIs/googleapis.com/vpcaccess/v1/openapi.yaml	census 14	enumeration.tsv.gz
mutually-recursive-graph	document	APIs/googleapis.com/vpcaccess/v1beta1/openapi.yaml	census 14	enumeration.tsv.gz
mutually-recursive-graph	document	APIs/googleapis.com/walletobjects/v1/openapi.yaml	census 623	enumeration.tsv.gz
mutually-recursive-graph	document	APIs/googleapis.com/webfonts/v1/openapi.yaml	census 3	enumeration.tsv.gz
mutually-recursive-graph	document	APIs/googleapis.com/webmasters/v3/openapi.yaml	census 12	enumeration.tsv.gz
mutually-recursive-graph	document	APIs/googleapis.com/webrisk/v1/openapi.yaml	census 21	enumeration.tsv.gz
mutually-recursive-graph	document	APIs/googleapis.com/websecurityscanner/v1/openapi.yaml	census 38	enumeration.tsv.gz
mutually-recursive-graph	document	APIs/googleapis.com/websecurityscanner/v1alpha/openapi.yaml	census 32	enumeration.tsv.gz
mutually-recursive-graph	document	APIs/googleapis.com/websecurityscanner/v1beta/openapi.yaml	census 39	enumeration.tsv.gz
mutually-recursive-graph	document	APIs/googleapis.com/workflowexecutions/v1/openapi.yaml	census 25	enumeration.tsv.gz
mutually-recursive-graph	document	APIs/googleapis.com/workflowexecutions/v1beta/openapi.yaml	census 13	enumeration.tsv.gz
mutually-recursive-graph	document	APIs/googleapis.com/workflows/v1/openapi.yaml	census 16	enumeration.tsv.gz
mutually-recursive-graph	document	APIs/googleapis.com/workflows/v1beta/openapi.yaml	census 13	enumeration.tsv.gz
mutually-recursive-graph	document	APIs/googleapis.com/workloadmanager/v1/openapi.yaml	census 74	enumeration.tsv.gz
mutually-recursive-graph	document	APIs/googleapis.com/workspaceevents/v1/openapi.yaml	census 13	enumeration.tsv.gz
mutually-recursive-graph	document	APIs/googleapis.com/workstations/v1/openapi.yaml	census 56	enumeration.tsv.gz
mutually-recursive-graph	document	APIs/googleapis.com/workstations/v1beta/openapi.yaml	census 57	enumeration.tsv.gz
mutually-recursive-graph	document	APIs/googleapis.com/youtube/v3/openapi.yaml	census 438	enumeration.tsv.gz
mutually-recursive-graph	document	APIs/googleapis.com/youtubeAnalytics/v2/openapi.yaml	census 24	enumeration.tsv.gz
mutually-recursive-graph	document	APIs/googleapis.com/youtubereporting/v1/openapi.yaml	census 30	enumeration.tsv.gz
mutually-recursive-graph	document	APIs/gov.bc.ca/gwells/v1/openapi.yaml	census 34	enumeration.tsv.gz
mutually-recursive-graph	document	APIs/gov.bc.ca/jobposting/1.0.0/openapi.yaml	census 19	enumeration.tsv.gz
mutually-recursive-graph	document	APIs/gov.bc.ca/news/1.0/openapi.yaml	census 104	enumeration.tsv.gz
mutually-recursive-graph	document	APIs/graphhopper.com/1.0.0/openapi.yaml	census 106	enumeration.tsv.gz
mutually-recursive-graph	document	APIs/groundhog-day.com/1.2.1/openapi.yaml	census 5	enumeration.tsv.gz
mutually-recursive-graph	document	APIs/gsmtasks.com/2.4.13/openapi.yaml	census 1127	enumeration.tsv.gz
mutually-recursive-graph	document	APIs/healthcare.gov/1.0.0/openapi.yaml	census 16	enumeration.tsv.gz
mutually-recursive-graph	document	APIs/here.com/positioning/2.1.1/openapi.yaml	census 108	enumeration.tsv.gz
mutually-recursive-graph	document	APIs/hhs.gov/2/openapi.yaml	census 109	enumeration.tsv.gz
mutually-recursive-graph	document	APIs/highwaysengland.co.uk/v1/openapi.yaml	census 15	enumeration.tsv.gz
mutually-recursive-graph	document	APIs/hubapi.com/analytics/v3/openapi.yaml	census 3	enumeration.tsv.gz
mutually-recursive-graph	document	APIs/hubapi.com/auth/v1/openapi.yaml	census 5	enumeration.tsv.gz
mutually-recursive-graph	document	APIs/hubapi.com/automation/v4/openapi.yaml	census 51	enumeration.tsv.gz
mutually-recursive-graph	document	APIs/hubapi.com/business units/v3/openapi.yaml	census 5	enumeration.tsv.gz
mutually-recursive-graph	document	APIs/hubapi.com/cms/v3/openapi.yaml	census 7	enumeration.tsv.gz
mutually-recursive-graph	document	APIs/hubapi.com/communication-preferences/v3/openapi.yaml	census 10	enumeration.tsv.gz
mutually-recursive-graph	document	APIs/hubapi.com/conversations/v3/openapi.yaml	census 4	enumeration.tsv.gz
mutually-recursive-graph	document	APIs/hubapi.com/crm/v3/openapi.yaml	census 34	enumeration.tsv.gz
mutually-recursive-graph	document	APIs/hubapi.com/events/v3/openapi.yaml	census 7	enumeration.tsv.gz
mutually-recursive-graph	document	APIs/hubapi.com/files/v3/openapi.yaml	census 34	enumeration.tsv.gz
mutually-recursive-graph	document	APIs/hubapi.com/marketing/v3/openapi.yaml	census 42	enumeration.tsv.gz
mutually-recursive-graph	document	APIs/hubapi.com/webhooks/v3/openapi.yaml	census 22	enumeration.tsv.gz
mutually-recursive-graph	document	APIs/i-cue.solutions/v1/openapi.yaml	census 177	enumeration.tsv.gz
mutually-recursive-graph	document	APIs/ibanapi.com/1.0.0/openapi.yaml	census 15	enumeration.tsv.gz
mutually-recursive-graph	document	APIs/icons8.com/1.0.0/openapi.yaml	census 1	enumeration.tsv.gz
mutually-recursive-graph	document	APIs/id4i.de/1.0.2/openapi.yaml	census 1697	enumeration.tsv.gz
mutually-recursive-graph	document	APIs/ideaconsult.net/enanomapper/4.0.0/openapi.yaml	census 19	enumeration.tsv.gz
mutually-recursive-graph	document	APIs/ideaconsult.net/nanoreg/4.0.0/openapi.yaml	census 19	enumeration.tsv.gz
mutually-recursive-graph	document	APIs/ideal-postcodes.co.uk/3.7.0/openapi.yaml	census 385	enumeration.tsv.gz
mutually-recursive-graph	document	APIs/impala.travel/hotels/1.003/openapi.yaml	census 113	enumeration.tsv.gz
mutually-recursive-graph	document	APIs/increase.com/0.0.1/openapi.yaml	census 341	enumeration.tsv.gz
mutually-recursive-graph	document	APIs/influxdata.com/2.0.0/openapi.yaml	census 936	enumeration.tsv.gz
mutually-recursive-graph	document	APIs/intellifi.nl/2.23.4+0.gb463b49.dirty/openapi.yaml	census 278	enumeration.tsv.gz
mutually-recursive-graph	document	APIs/interactivebrokers.com/1.0.0/openapi.yaml	census 17	enumeration.tsv.gz
mutually-recursive-graph	document	APIs/iptwist.com/1.0.0/openapi.yaml	census 2	enumeration.tsv.gz
mutually-recursive-graph	document	APIs/iqualify.com/v1/openapi.yaml	census 173	enumeration.tsv.gz
mutually-recursive-graph	document	APIs/isendpro.com/1.1.1/openapi.yaml	census 51	enumeration.tsv.gz
mutually-recursive-graph	document	APIs/ix-api.net/2.1.0/openapi.yaml	census 573	enumeration.tsv.gz
mutually-recursive-graph	document	APIs/izettle.com/products/1.0.0/openapi.yaml	census 81	enumeration.tsv.gz
mutually-recursive-graph	document	APIs/javatpoint.com/v1/openapi.yaml	census 14	enumeration.tsv.gz
mutually-recursive-graph	document	APIs/jellyfin.local/v1/openapi.yaml	census 1526	enumeration.tsv.gz
mutually-recursive-graph	document	APIs/json2video.com/2.0.0/openapi.yaml	census 33	enumeration.tsv.gz
mutually-recursive-graph	document	APIs/jumpseller.com/1.0.0/openapi.yaml	census 367	enumeration.tsv.gz
mutually-recursive-graph	document	APIs/just-eat.co.uk/1.0.0/openapi.yaml	census 715	enumeration.tsv.gz
mutually-recursive-graph	document	APIs/keycloak.local/1/openapi.yaml	census 257	enumeration.tsv.gz
mutually-recursive-graph	document	APIs/keyserv.solutions/1.4.5/openapi.yaml	census 29	enumeration.tsv.gz
mutually-recursive-graph	document	APIs/klarna.com/openai/v0/openapi.yaml	census 2	enumeration.tsv.gz
mutually-recursive-graph	document	APIs/klarna.com/payments/1.0.0/openapi.yaml	census 49	enumeration.tsv.gz
mutually-recursive-graph	document	APIs/kumpeapps.com/5.0.0/openapi.yaml	census 76	enumeration.tsv.gz
mutually-recursive-graph	document	APIs/lambdatest.com/1.0.1/openapi.yaml	census 37	enumeration.tsv.gz
mutually-recursive-graph	document	APIs/letmc.com/customer/v2-customer/openapi.yaml	census 74	enumeration.tsv.gz
mutually-recursive-graph	document	APIs/letmc.com/diary/v3-diary/openapi.yaml	census 50	enumeration.tsv.gz
mutually-recursive-graph	document	APIs/letmc.com/maintenance/v3-maintenance/openapi.yaml	census 10	enumeration.tsv.gz
mutually-recursive-graph	document	APIs/lgtm.com/v1.0/openapi.yaml	census 45	enumeration.tsv.gz
mutually-recursive-graph	document	APIs/libretranslate.local/1.3.10/openapi.yaml	census 19	enumeration.tsv.gz
mutually-recursive-graph	document	APIs/linode.com/4.151.1/openapi.yaml	census 684	enumeration.tsv.gz
mutually-recursive-graph	document	APIs/linqr.app/2.0/openapi.yaml	census 211	enumeration.tsv.gz
mutually-recursive-graph	document	APIs/listennotes.com/2.0/openapi.yaml	census 257	enumeration.tsv.gz
mutually-recursive-graph	document	APIs/ljaero.com/dflight/V 1.0.0/openapi.yaml	census 73	enumeration.tsv.gz
mutually-recursive-graph	document	APIs/logoraisr.com/v1/openapi.yaml	census 17	enumeration.tsv.gz
mutually-recursive-graph	document	APIs/lufthansa.com/public/1.0/openapi.yaml	census 6	enumeration.tsv.gz
mutually-recursive-graph	document	APIs/magento.com/2.2.10/openapi.yaml	census 3489	enumeration.tsv.gz
mutually-recursive-graph	document	APIs/maif.local/otoroshi/1.5.0-dev/openapi.yaml	census 267	enumeration.tsv.gz
mutually-recursive-graph	document	APIs/mailscript.com/0.4.0/openapi.yaml	census 164	enumeration.tsv.gz
mutually-recursive-graph	document	APIs/mastodon.local/1.0/openapi.yaml	census 292	enumeration.tsv.gz
mutually-recursive-graph	document	APIs/mbus.local/0.3.5/openapi.yaml	census 24	enumeration.tsv.gz
mutually-recursive-graph	document	APIs/mcw.edu/1.1/openapi.yaml	census 50	enumeration.tsv.gz
mutually-recursive-graph	document	APIs/mercure.local/0.3.2/openapi.yaml	census 4	enumeration.tsv.gz
mutually-recursive-graph	document	APIs/mermade.org.uk/openapi-converter/1.0.0/openapi.yaml	census 4	enumeration.tsv.gz
mutually-recursive-graph	document	APIs/meshery.local/0.4.27/openapi.yaml	census 164	enumeration.tsv.gz
mutually-recursive-graph	document	APIs/metadapi.com/1.0/openapi.yaml	census 10	enumeration.tsv.gz
mutually-recursive-graph	document	APIs/meteosource.com/v1/openapi.yaml	census 98	enumeration.tsv.gz
mutually-recursive-graph	document	APIs/microcks.local/1.7.0/openapi.yaml	census 79	enumeration.tsv.gz
mutually-recursive-graph	document	APIs/microsoft.com/cognitiveservices-ComputerVision/2.0/openapi.yaml	census 55	enumeration.tsv.gz
mutually-recursive-graph	document	APIs/microsoft.com/cognitiveservices-ComputerVision/2.1/openapi.yaml	census 55	enumeration.tsv.gz
mutually-recursive-graph	document	APIs/microsoft.com/cognitiveservices-Ocr/2.0/openapi.yaml	census 15	enumeration.tsv.gz
mutually-recursive-graph	document	APIs/microsoft.com/cognitiveservices-Ocr/2.1/openapi.yaml	census 15	enumeration.tsv.gz
mutually-recursive-graph	document	APIs/microsoft.com/cognitiveservices-Prediction/1.1/openapi.yaml	census 22	enumeration.tsv.gz
mutually-recursive-graph	document	APIs/microsoft.com/cognitiveservices-Prediction/2.0/openapi.yaml	census 23	enumeration.tsv.gz
mutually-recursive-graph	document	APIs/microsoft.com/cognitiveservices-Prediction/3.0/openapi.yaml	census 58	enumeration.tsv.gz
mutually-recursive-graph	document	APIs/microsoft.com/cognitiveservices-Training/1.2/openapi.yaml	census 186	enumeration.tsv.gz
mutually-recursive-graph	document	APIs/microsoft.com/cognitiveservices-Training/2.0/openapi.yaml	census 203	enumeration.tsv.gz
mutually-recursive-graph	document	APIs/microsoft.com/cognitiveservices-Training/2.1/openapi.yaml	census 203	enumeration.tsv.gz
mutually-recursive-graph	document	APIs/microsoft.com/cognitiveservices-Training/2.2/openapi.yaml	census 203	enumeration.tsv.gz
mutually-recursive-graph	document	APIs/microsoft.com/cognitiveservices-Training/3.0/openapi.yaml	census 273	enumeration.tsv.gz
mutually-recursive-graph	document	APIs/microsoft.com/cognitiveservices-Training/3.1/openapi.yaml	census 303	enumeration.tsv.gz
mutually-recursive-graph	document	APIs/microsoft.com/cognitiveservices-Training/3.2/openapi.yaml	census 319	enumeration.tsv.gz
mutually-recursive-graph	document	APIs/microsoft.com/graph-beta/1.0.1/openapi.yaml	census 32110	enumeration.tsv.gz
mutually-recursive-graph	document	APIs/microsoft.com/graph/1.0.1/openapi.yaml	census 15462	enumeration.tsv.gz
mutually-recursive-graph	document	APIs/mineskin.org/1.0.0/openapi.yaml	census 11	enumeration.tsv.gz
mutually-recursive-graph	document	APIs/mist.com/0.37.7/openapi.yaml	census 553	enumeration.tsv.gz
mutually-recursive-graph	document	APIs/modelpubsub.com/0.1/openapi.yaml	census 2	enumeration.tsv.gz
mutually-recursive-graph	document	APIs/monarchinitiative.org/1.1.14/openapi.yaml	census 177	enumeration.tsv.gz
mutually-recursive-graph	document	APIs/motaword.com/1.0/openapi.yaml	census 736	enumeration.tsv.gz
mutually-recursive-graph	document	APIs/mux.com/v1/openapi.yaml	census 198	enumeration.tsv.gz
mutually-recursive-graph	document	APIs/namsor.com/2.0.24/openapi.yaml	census 186	enumeration.tsv.gz
mutually-recursive-graph	document	APIs/nasa.gov/asteroids neows/3.4.0/openapi.yaml	census 17	enumeration.tsv.gz
mutually-recursive-graph	document	APIs/nbg.gr/v3.1.5/openapi.yaml	census 249	enumeration.tsv.gz
mutually-recursive-graph	document	APIs/ndhm.gov.in/ndhm-cm/0.5/openapi.yaml	census 239	enumeration.tsv.gz
mutually-recursive-graph	document	APIs/ndhm.gov.in/ndhm-gateway/0.5/openapi.yaml	census 543	enumeration.tsv.gz
mutually-recursive-graph	document	APIs/ndhm.gov.in/ndhm-healthid/1.0/openapi.yaml	census 116	enumeration.tsv.gz
mutually-recursive-graph	document	APIs/ndhm.gov.in/ndhm-hip/0.5/openapi.yaml	census 328	enumeration.tsv.gz
mutually-recursive-graph	document	APIs/ndhm.gov.in/ndhm-hiu/0.5/openapi.yaml	census 363	enumeration.tsv.gz
mutually-recursive-graph	document	APIs/nebl.io/1.3.0/openapi.yaml	census 77	enumeration.tsv.gz
mutually-recursive-graph	document	APIs/neowsapp.com/1.0/openapi.yaml	census 21	enumeration.tsv.gz
mutually-recursive-graph	document	APIs/netatmo.net/1.1.5/openapi.yaml	census 101	enumeration.tsv.gz
mutually-recursive-graph	document	APIs/netbox.dev/3.4/openapi.yaml	census 1121	enumeration.tsv.gz
mutually-recursive-graph	document	APIs/netboxdemo.com/2.4/openapi.yaml	census 463	enumeration.tsv.gz
mutually-recursive-graph	document	APIs/netboxdemo.com/2.8/openapi.yaml	census 532	enumeration.tsv.gz
mutually-recursive-graph	document	APIs/netlicensing.io/2.x/openapi.yaml	census 82	enumeration.tsv.gz
mutually-recursive-graph	document	APIs/neutrinoapi.net/3.6.4/openapi.yaml	census 140	enumeration.tsv.gz
mutually-recursive-graph	document	APIs/nexmo.com/account/1.0.4/openapi.yaml	census 28	enumeration.tsv.gz
mutually-recursive-graph	document	APIs/nexmo.com/application.v2/2.1.4/openapi.yaml	census 19	enumeration.tsv.gz
mutually-recursive-graph	document	APIs/nexmo.com/application/1.0.2/openapi.yaml	census 23	enumeration.tsv.gz
mutually-recursive-graph	document	APIs/nexmo.com/audit/1.0.4/openapi.yaml	census 24	enumeration.tsv.gz
mutually-recursive-graph	document	APIs/nexmo.com/conversation.v2/1.0.1/openapi.yaml	census 21	enumeration.tsv.gz
mutually-recursive-graph	document	APIs/nexmo.com/conversation/2.0.1/openapi.yaml	census 125	enumeration.tsv.gz
mutually-recursive-graph	document	APIs/nexmo.com/dispatch/0.3.4/openapi.yaml	census 23	enumeration.tsv.gz
mutually-recursive-graph	document	APIs/nexmo.com/external-accounts/0.1.5/openapi.yaml	census 21	enumeration.tsv.gz
mutually-recursive-graph	document	APIs/nexmo.com/media/1.0.2/openapi.yaml	census 2	enumeration.tsv.gz
mutually-recursive-graph	document	APIs/nexmo.com/messages-olympus/1.4.0/openapi.yaml	census 127	enumeration.tsv.gz
mutually-recursive-graph	document	APIs/nexmo.com/number-insight/1.2.1/openapi.yaml	census 39	enumeration.tsv.gz
mutually-recursive-graph	document	APIs/nexmo.com/numbers/1.0.20/openapi.yaml	census 33	enumeration.tsv.gz
mutually-recursive-graph	document	APIs/nexmo.com/pricing/0.0.3/openapi.yaml	census 6	enumeration.tsv.gz
mutually-recursive-graph	document	APIs/nexmo.com/redact/1.0.6/openapi.yaml	census 8	enumeration.tsv.gz
mutually-recursive-graph	document	APIs/nexmo.com/reports/2.2.2/openapi.yaml	census 414	enumeration.tsv.gz
mutually-recursive-graph	document	APIs/nexmo.com/sms/1.2.0/openapi.yaml	census 10	enumeration.tsv.gz
mutually-recursive-graph	document	APIs/nexmo.com/subaccounts/1.0.8/openapi.yaml	census 24	enumeration.tsv.gz
mutually-recursive-graph	document	APIs/nexmo.com/verify/1.2.4/openapi.yaml	census 41	enumeration.tsv.gz
mutually-recursive-graph	document	APIs/nexmo.com/voice/1.3.10/openapi.yaml	census 59	enumeration.tsv.gz
mutually-recursive-graph	document	APIs/nfusionsolutions.biz/1/openapi.yaml	census 26	enumeration.tsv.gz
mutually-recursive-graph	document	APIs/nlpcloud.io/1.0.0/openapi.yaml	census 16	enumeration.tsv.gz
mutually-recursive-graph	document	APIs/noosh.com/1.0/openapi.yaml	census 2941	enumeration.tsv.gz
mutually-recursive-graph	document	APIs/nordigen.com/2.0 (v2)/openapi.yaml	census 84	enumeration.tsv.gz
mutually-recursive-graph	document	APIs/nrel.gov/transportation-incentives-laws/0.1.0/openapi.yaml	census 21	enumeration.tsv.gz
mutually-recursive-graph	document	APIs/nytimes.com/archive/1.0.0/openapi.yaml	census 1	enumeration.tsv.gz
mutually-recursive-graph	document	APIs/nytimes.com/article_search/1.0.0/openapi.yaml	census 1	enumeration.tsv.gz
mutually-recursive-graph	document	APIs/nytimes.com/geo_api/1.0.0/openapi.yaml	census 1	enumeration.tsv.gz
mutually-recursive-graph	document	APIs/nytimes.com/most_popular_api/2.0.0/openapi.yaml	census 12	enumeration.tsv.gz
mutually-recursive-graph	document	APIs/nytimes.com/movie_reviews/2.0.0/openapi.yaml	census 3	enumeration.tsv.gz
mutually-recursive-graph	document	APIs/nytimes.com/semantic_api/2.0.0/openapi.yaml	census 4	enumeration.tsv.gz
mutually-recursive-graph	document	APIs/nytimes.com/timeswire/3.0.0/openapi.yaml	census 3	enumeration.tsv.gz
mutually-recursive-graph	document	APIs/nytimes.com/top_stories/2.0.0/openapi.yaml	census 1	enumeration.tsv.gz
mutually-recursive-graph	document	APIs/obono.at/1.4.0.0/openapi.yaml	census 18	enumeration.tsv.gz
mutually-recursive-graph	document	APIs/onsched.com/consumer/v1/openapi.yaml	census 148	enumeration.tsv.gz
mutually-recursive-graph	document	APIs/onsched.com/setup/v1/openapi.yaml	census 480	enumeration.tsv.gz
mutually-recursive-graph	document	APIs/onsched.com/utility/v1/openapi.yaml	census 1	enumeration.tsv.gz
mutually-recursive-graph	document	APIs/openai.com/1.2.0/openapi.yaml	census 77	enumeration.tsv.gz
mutually-recursive-graph	document	APIs/openapi-generator.tech/6.5.0/openapi.yaml	census 8	enumeration.tsv.gz
mutually-recursive-graph	document	APIs/openaq.local/2.0.0/openapi.yaml	census 130	enumeration.tsv.gz
mutually-recursive-graph	document	APIs/openbanking.org.uk/account-info-openapi/3.1.7/openapi.yaml	census 760	enumeration.tsv.gz
mutually-recursive-graph	document	APIs/openbanking.org.uk/confirmation-funds-openapi/3.1.7/openapi.yaml	census 15	enumeration.tsv.gz
mutually-recursive-graph	document	APIs/openbanking.org.uk/event-notifications-openapi/3.1.7/openapi.yaml	census 4	enumeration.tsv.gz
mutually-recursive-graph	document	APIs/openbanking.org.uk/payment-initiation-openapi/3.1.7/openapi.yaml	census 693	enumeration.tsv.gz
mutually-recursive-graph	document	APIs/openbankingproject.ch/1.3.8_2020-12-14 - Swiss edition 1.3.8.1-CH/openapi.yaml	census 919	enumeration.tsv.gz
mutually-recursive-graph	document	APIs/openchannel.io/market/2.0.24/openapi.yaml	census 102	enumeration.tsv.gz
mutually-recursive-graph	document	APIs/openfigi.com/1.4.0/openapi.yaml	census 12	enumeration.tsv.gz
mutually-recursive-graph	document	APIs/openindex.ai/1.0.0/openapi.yaml	census 11	enumeration.tsv.gz
mutually-recursive-graph	document	APIs/openlinksw.com/osdb/1.0.0/openapi.yaml	census 25	enumeration.tsv.gz
mutually-recursive-graph	document	APIs/openpolicy.local/0.28.0/openapi.yaml	census 19	enumeration.tsv.gz
mutually-recursive-graph	document	APIs/openstates.org/2021.11.12/openapi.yaml	census 110	enumeration.tsv.gz
mutually-recursive-graph	document	APIs/opensuse.org/obs/2.10.50/openapi.yaml	census 118	enumeration.tsv.gz
mutually-recursive-graph	document	APIs/openuv.io/v1/openapi.yaml	census 4	enumeration.tsv.gz
mutually-recursive-graph	document	APIs/optimade.local/1.1.0~develop/openapi.yaml	census 184	enumeration.tsv.gz
mutually-recursive-graph	document	APIs/orbit.love/v1/openapi.yaml	census 24	enumeration.tsv.gz
mutually-recursive-graph	document	APIs/ote-godaddy.com/abuse/1.0.0/openapi.yaml	census 15	enumeration.tsv.gz
mutually-recursive-graph	document	APIs/ote-godaddy.com/aftermarket/1.0.0/openapi.yaml	census 75	enumeration.tsv.gz
mutually-recursive-graph	document	APIs/ote-godaddy.com/agreements/1.0.0/openapi.yaml	census 32	enumeration.tsv.gz
mutually-recursive-graph	document	APIs/ote-godaddy.com/certificates/1.0.0/openapi.yaml	census 148	enumeration.tsv.gz
mutually-recursive-graph	document	APIs/ote-godaddy.com/countries/1.0.0/openapi.yaml	census 14	enumeration.tsv.gz
mutually-recursive-graph	document	APIs/ote-godaddy.com/domains/1.0.0/openapi.yaml	census 1269	enumeration.tsv.gz
mutually-recursive-graph	document	APIs/ote-godaddy.com/orders/1.0.0/openapi.yaml	census 93	enumeration.tsv.gz
mutually-recursive-graph	document	APIs/ote-godaddy.com/shoppers/1.0.0/openapi.yaml	census 203	enumeration.tsv.gz
mutually-recursive-graph	document	APIs/ote-godaddy.com/subscriptions/1.0.0/openapi.yaml	census 172	enumeration.tsv.gz
mutually-recursive-graph	document	APIs/oxforddictionaries.com/1.11.0/openapi.yaml	census 106	enumeration.tsv.gz
mutually-recursive-graph	document	APIs/pandascore.co/2.23.1/openapi.yaml	census 1219	enumeration.tsv.gz
mutually-recursive-graph	document	APIs/papinet.io/order_status/1.0.0/openapi.yaml	census 8	enumeration.tsv.gz
mutually-recursive-graph	document	APIs/parliament.uk/bills/v1/openapi.yaml	census 176	enumeration.tsv.gz
mutually-recursive-graph	document	APIs/parliament.uk/erskine-may/v1/openapi.yaml	census 45	enumeration.tsv.gz
mutually-recursive-graph	document	APIs/parliament.uk/lordsvotes/v1/openapi.yaml	census 27	enumeration.tsv.gz
mutually-recursive-graph	document	APIs/parliament.uk/members/v1/openapi.yaml	census 247	enumeration.tsv.gz
mutually-recursive-graph	document	APIs/parliament.uk/now/v1/openapi.yaml	census 23	enumeration.tsv.gz
mutually-recursive-graph	document	APIs/parliament.uk/oralquestions/v1/openapi.yaml	census 52	enumeration.tsv.gz
mutually-recursive-graph	document	APIs/parliament.uk/statutoryinstruments/v1/openapi.yaml	census 107	enumeration.tsv.gz
mutually-recursive-graph	document	APIs/parliament.uk/treaties/v1/openapi.yaml	census 44	enumeration.tsv.gz
mutually-recursive-graph	document	APIs/parliament.uk/writtenquestions/v1/openapi.yaml	census 80	enumeration.tsv.gz
mutually-recursive-graph	document	APIs/patientview.org/1.0/openapi.yaml	census 85	enumeration.tsv.gz
mutually-recursive-graph	document	APIs/patrowl.local/1.0.0/openapi.yaml	census 12	enumeration.tsv.gz
mutually-recursive-graph	document	APIs/pay1.de/link/v1/openapi.yaml	census 18	enumeration.tsv.gz
mutually-recursive-graph	document	APIs/paylocity.com/2/openapi.yaml	census 84	enumeration.tsv.gz
mutually-recursive-graph	document	APIs/payrun.io/23.24.2.136/openapi.yaml	census 1871	enumeration.tsv.gz
mutually-recursive-graph	document	APIs/pdfbroker.io/v1/openapi.yaml	census 28	enumeration.tsv.gz
mutually-recursive-graph	document	APIs/pdfgeneratorapi.com/3.1.1/openapi.yaml	census 10	enumeration.tsv.gz
mutually-recursive-graph	document	APIs/peoplegeneratorapi.live/v0/openapi.yaml	census 8	enumeration.tsv.gz
mutually-recursive-graph	document	APIs/personio.de/authentication/1.0/openapi.yaml	census 2	enumeration.tsv.gz
mutually-recursive-graph	document	APIs/personio.de/personnel/1.0/openapi.yaml	census 63	enumeration.tsv.gz
mutually-recursive-graph	document	APIs/phantauth.net/1.0.0/openapi.yaml	census 1	enumeration.tsv.gz
mutually-recursive-graph	document	APIs/pinecone.io/20230406.1/openapi.yaml	census 78	enumeration.tsv.gz
mutually-recursive-graph	document	APIs/placekit.co/1.0.0/openapi.yaml	census 6	enumeration.tsv.gz
mutually-recursive-graph	document	APIs/plaid.com/2020-09-14_1.345.1/openapi.yaml	census 2722	enumeration.tsv.gz
mutually-recursive-graph	document	APIs/pocketsmith.com/2.0/openapi.yaml	census 69	enumeration.tsv.gz
mutually-recursive-graph	document	APIs/presalytics.io/ooxml/0.1.0/openapi.yaml	census 518	enumeration.tsv.gz
mutually-recursive-graph	document	APIs/presalytics.io/story/0.3.1/openapi.yaml	census 49	enumeration.tsv.gz
mutually-recursive-graph	document	APIs/probely.com/1.2.0/openapi.yaml	census 344	enumeration.tsv.gz
mutually-recursive-graph	document	APIs/proxykingdom.com/v1/openapi.yaml	census 9	enumeration.tsv.gz
mutually-recursive-graph	document	APIs/prss.org/2.0.0/openapi.yaml	census 65	enumeration.tsv.gz
mutually-recursive-graph	document	APIs/ptv.vic.gov.au/v3/openapi.yaml	census 344	enumeration.tsv.gz
mutually-recursive-graph	document	APIs/qualtrics.com/0.2/openapi.yaml	census 9	enumeration.tsv.gz
mutually-recursive-graph	document	APIs/quotes.rest/5.1/openapi.yaml	census 10	enumeration.tsv.gz
mutually-recursive-graph	document	APIs/randomlovecraft.com/1.0/openapi.yaml	census 5	enumeration.tsv.gz
mutually-recursive-graph	document	APIs/randommer.io/v1/openapi.yaml	census 18	enumeration.tsv.gz
mutually-recursive-graph	document	APIs/rapidapi.com/idealspot-geodata/1.0/openapi.yaml	census 35	enumeration.tsv.gz
mutually-recursive-graph	document	APIs/rawg.io/v1.0/openapi.yaml	census 32	enumeration.tsv.gz
mutually-recursive-graph	document	APIs/readme.io/2.0.0/openapi.yaml	census 8	enumeration.tsv.gz
mutually-recursive-graph	document	APIs/rebilly.com/2.1/openapi.yaml	census 1257	enumeration.tsv.gz
mutually-recursive-graph	document	APIs/redeal.io/analytics/1.0.0/openapi.yaml	census 1	enumeration.tsv.gz
mutually-recursive-graph	document	APIs/redhat.com/catalog_inventory/1.0.0/openapi.yaml	census 145	enumeration.tsv.gz
mutually-recursive-graph	document	APIs/redhat.local/patchman-engine/v1.15.3/openapi.yaml	census 61	enumeration.tsv.gz
mutually-recursive-graph	document	APIs/remove.bg/1.0.0/openapi.yaml	census 14	enumeration.tsv.gz
mutually-recursive-graph	document	APIs/restful4up.local/1.0.0/openapi.yaml	census 11	enumeration.tsv.gz
mutually-recursive-graph	document	APIs/rev.ai/v1/openapi.yaml	census 13	enumeration.tsv.gz
mutually-recursive-graph	document	APIs/rubrikinc.github.io/v1/openapi.yaml	census 1234	enumeration.tsv.gz
mutually-recursive-graph	document	APIs/rudder.example.local/17/openapi.yaml	census 157	enumeration.tsv.gz
mutually-recursive-graph	document	APIs/rumble.run/2.15.0/openapi.yaml	census 115	enumeration.tsv.gz
mutually-recursive-graph	document	APIs/sakari.io/1.0.1/openapi.yaml	census 87	enumeration.tsv.gz
mutually-recursive-graph	document	APIs/salesforce.local/einstein/2.0.1/openapi.yaml	census 77	enumeration.tsv.gz
mutually-recursive-graph	document	APIs/salesloft.com/v2/openapi.yaml	census 219	enumeration.tsv.gz
mutually-recursive-graph	document	APIs/scideas.net/perfectpdf/1.0/openapi.yaml	census 4	enumeration.tsv.gz
mutually-recursive-graph	document	APIs/scideas.net/regression/1.0/openapi.yaml	census 6	enumeration.tsv.gz
mutually-recursive-graph	document	APIs/seldon.local/engine/0.1/openapi.yaml	census 24	enumeration.tsv.gz
mutually-recursive-graph	document	APIs/seldon.local/wrapper/0.1/openapi.yaml	census 44	enumeration.tsv.gz
mutually-recursive-graph	document	APIs/sendgrid.com/1.0.0/openapi.yaml	census 458	enumeration.tsv.gz
mutually-recursive-graph	document	APIs/shipengine.com/1.1.202304191404/openapi.yaml	census 701	enumeration.tsv.gz
mutually-recursive-graph	document	APIs/shop.app/v1/openapi.yaml	census 2	enumeration.tsv.gz
mutually-recursive-graph	document	APIs/shorten.rest/1.0.0/openapi.yaml	census 16	enumeration.tsv.gz
mutually-recursive-graph	document	APIs/shotstack.io/v1/openapi.yaml	census 33	enumeration.tsv.gz
mutually-recursive-graph	document	APIs/shutterstock.com/1.1.32/openapi.yaml	census 341	enumeration.tsv.gz
mutually-recursive-graph	document	APIs/signl4.com/v1/openapi.yaml	census 1460	enumeration.tsv.gz
mutually-recursive-graph	document	APIs/simplivpn.net/1.0/openapi.yaml	census 5	enumeration.tsv.gz
mutually-recursive-graph	document	APIs/sinao.app/1.1.0/openapi.yaml	census 225	enumeration.tsv.gz
mutually-recursive-graph	document	APIs/slack.com/1.7.0/openapi.yaml	census 644	enumeration.tsv.gz
mutually-recursive-graph	document	APIs/slack.com/openai/v1/openapi.yaml	census 2	enumeration.tsv.gz
mutually-recursive-graph	document	APIs/slmonitor.com/2.1/openapi.yaml	census 119	enumeration.tsv.gz
mutually-recursive-graph	document	APIs/smart-me.com/v1/openapi.yaml	census 262	enumeration.tsv.gz
mutually-recursive-graph	document	APIs/snyk.io/1.0.0/openapi.yaml	census 38	enumeration.tsv.gz
mutually-recursive-graph	document	APIs/soundcloud.com/1.0.0/openapi.yaml	census 60	enumeration.tsv.gz
mutually-recursive-graph	document	APIs/spacetraders.io/2.0.0/openapi.yaml	census 82	enumeration.tsv.gz
mutually-recursive-graph	document	APIs/spinitron.com/1.0.0/openapi.yaml	census 53	enumeration.tsv.gz
mutually-recursive-graph	document	APIs/sportsdata.io/cbb-v3-scores/1.0/openapi.yaml	census 25	enumeration.tsv.gz
mutually-recursive-graph	document	APIs/sportsdata.io/cbb-v3-stats/1.0/openapi.yaml	census 34	enumeration.tsv.gz
mutually-recursive-graph	document	APIs/sportsdata.io/cfb-v3-scores/1.0/openapi.yaml	census 20	enumeration.tsv.gz
mutually-recursive-graph	document	APIs/sportsdata.io/csgo-v3-scores/1.0/openapi.yaml	census 24	enumeration.tsv.gz
mutually-recursive-graph	document	APIs/sportsdata.io/csgo-v3-stats/1.0/openapi.yaml	census 29	enumeration.tsv.gz
mutually-recursive-graph	document	APIs/sportsdata.io/golf-v2/1.0/openapi.yaml	census 24	enumeration.tsv.gz
mutually-recursive-graph	document	APIs/sportsdata.io/lol-v3-projections/1.0/openapi.yaml	census 6	enumeration.tsv.gz
mutually-recursive-graph	document	APIs/sportsdata.io/lol-v3-scores/1.0/openapi.yaml	census 24	enumeration.tsv.gz
mutually-recursive-graph	document	APIs/sportsdata.io/lol-v3-stats/1.0/openapi.yaml	census 40	enumeration.tsv.gz
mutually-recursive-graph	document	APIs/sportsdata.io/mlb-v3-play-by-play/1.0/openapi.yaml	census 7	enumeration.tsv.gz
mutually-recursive-graph	document	APIs/sportsdata.io/mlb-v3-projections/1.0/openapi.yaml	census 17	enumeration.tsv.gz
mutually-recursive-graph	document	APIs/sportsdata.io/mlb-v3-rotoballer-articles/1.0/openapi.yaml	census 4	enumeration.tsv.gz
mutually-recursive-graph	document	APIs/sportsdata.io/mlb-v3-rotoballer-premium-news/1.0/openapi.yaml	census 3	enumeration.tsv.gz
mutually-recursive-graph	document	APIs/sportsdata.io/mlb-v3-scores/1.0/openapi.yaml	census 24	enumeration.tsv.gz
mutually-recursive-graph	document	APIs/sportsdata.io/mlb-v3-stats/1.0/openapi.yaml	census 42	enumeration.tsv.gz
mutually-recursive-graph	document	APIs/sportsdata.io/nascar-v2/1.0/openapi.yaml	census 8	enumeration.tsv.gz
mutually-recursive-graph	document	APIs/sportsdata.io/nba-v3-play-by-play/1.0/openapi.yaml	census 7	enumeration.tsv.gz
mutually-recursive-graph	document	APIs/sportsdata.io/nba-v3-projections/1.0/openapi.yaml	census 17	enumeration.tsv.gz
mutually-recursive-graph	document	APIs/sportsdata.io/nba-v3-rotoballer-articles/1.0/openapi.yaml	census 4	enumeration.tsv.gz
mutually-recursive-graph	document	APIs/sportsdata.io/nba-v3-rotoballer-premium-news/1.0/openapi.yaml	census 3	enumeration.tsv.gz
mutually-recursive-graph	document	APIs/sportsdata.io/nba-v3-scores/1.0/openapi.yaml	census 27	enumeration.tsv.gz
mutually-recursive-graph	document	APIs/sportsdata.io/nba-v3-stats/1.0/openapi.yaml	census 39	enumeration.tsv.gz
mutually-recursive-graph	document	APIs/sportsdata.io/nfl-v3-play-by-play/1.0/openapi.yaml	census 9	enumeration.tsv.gz
mutually-recursive-graph	document	APIs/sportsdata.io/nfl-v3-projections/1.0/openapi.yaml	census 25	enumeration.tsv.gz
mutually-recursive-graph	document	APIs/sportsdata.io/nfl-v3-rotoballer-articles/1.0/openapi.yaml	census 4	enumeration.tsv.gz
mutually-recursive-graph	document	APIs/sportsdata.io/nfl-v3-rotoballer-premium-news/1.0/openapi.yaml	census 4	enumeration.tsv.gz
mutually-recursive-graph	document	APIs/sportsdata.io/nfl-v3-scores/1.0/openapi.yaml	census 41	enumeration.tsv.gz
mutually-recursive-graph	document	APIs/sportsdata.io/nfl-v3-stats/1.0/openapi.yaml	census 112	enumeration.tsv.gz
mutually-recursive-graph	document	APIs/sportsdata.io/nhl-v3-play-by-play/1.0/openapi.yaml	census 8	enumeration.tsv.gz
mutually-recursive-graph	document	APIs/sportsdata.io/nhl-v3-projections/1.0/openapi.yaml	census 14	enumeration.tsv.gz
mutually-recursive-graph	document	APIs/sportsdata.io/nhl-v3-scores/1.0/openapi.yaml	census 26	enumeration.tsv.gz
mutually-recursive-graph	document	APIs/sportsdata.io/nhl-v3-stats/1.0/openapi.yaml	census 44	enumeration.tsv.gz
mutually-recursive-graph	document	APIs/sportsdata.io/soccer-v3-projections/1.0/openapi.yaml	census 10	enumeration.tsv.gz
mutually-recursive-graph	document	APIs/sportsdata.io/soccer-v3-scores/1.0/openapi.yaml	census 38	enumeration.tsv.gz
mutually-recursive-graph	document	APIs/sportsdata.io/soccer-v3-stats/1.0/openapi.yaml	census 68	enumeration.tsv.gz
mutually-recursive-graph	document	APIs/spotify.com/1.0.0/openapi.yaml	census 215	enumeration.tsv.gz
mutually-recursive-graph	document	APIs/spotify.com/sonallux/2023.2.27/openapi.yaml	census 220	enumeration.tsv.gz
mutually-recursive-graph	document	APIs/squareup.com/2.0/openapi.yaml	census 1140	enumeration.tsv.gz
mutually-recursive-graph	document	APIs/stackexchange.com/2.0/openapi.yaml	census 123	enumeration.tsv.gz
mutually-recursive-graph	document	APIs/statsocial.com/1.0.0/openapi.yaml	census 113	enumeration.tsv.gz
mutually-recursive-graph	document	APIs/stoplight.io/api-v1/openapi.yaml	census 8	enumeration.tsv.gz
mutually-recursive-graph	document	APIs/storecove.com/2.0.1/openapi.yaml	census 161	enumeration.tsv.gz
mutually-recursive-graph	document	APIs/stream-io-api.com/v80.2.0/openapi.yaml	census 919	enumeration.tsv.gz
mutually-recursive-graph	document	APIs/stripe.com/2022-11-15/openapi.yaml	census 2120	enumeration.tsv.gz
mutually-recursive-graph	document	APIs/superset.apache.local/superset/v1/openapi.yaml	census 239	enumeration.tsv.gz
mutually-recursive-graph	document	APIs/surevoip.co.uk/9dcb0dc8/openapi.yaml	census 14	enumeration.tsv.gz
mutually-recursive-graph	document	APIs/svix.com/1.4/openapi.yaml	census 428	enumeration.tsv.gz
mutually-recursive-graph	document	APIs/symanto.net/1.0/openapi.yaml	census 32	enumeration.tsv.gz
mutually-recursive-graph	document	APIs/tcgdex.net/2.0.0/openapi.yaml	census 26	enumeration.tsv.gz
mutually-recursive-graph	document	APIs/telegram.org/5.0.0/openapi.yaml	census 521	enumeration.tsv.gz
mutually-recursive-graph	document	APIs/telnyx.com/2.0.0/openapi.yaml	census 963	enumeration.tsv.gz
mutually-recursive-graph	document	APIs/telstra.com/3.x/openapi.yaml	census 188	enumeration.tsv.gz
mutually-recursive-graph	document	APIs/tfl.gov.uk/v1/openapi.yaml	census 421	enumeration.tsv.gz
mutually-recursive-graph	document	APIs/thebluealliance.com/3.8.2/openapi.yaml	census 89	enumeration.tsv.gz
mutually-recursive-graph	document	APIs/theracingapi.com/1.0.0/openapi.yaml	census 175	enumeration.tsv.gz
mutually-recursive-graph	document	APIs/threatjammer.com/1.2.27/openapi.yaml	census 209	enumeration.tsv.gz
mutually-recursive-graph	document	APIs/ticketmaster.com/discovery/v2/openapi.yaml	census 80	enumeration.tsv.gz
mutually-recursive-graph	document	APIs/ticketmaster.com/publish/v2/openapi.yaml	census 86	enumeration.tsv.gz
mutually-recursive-graph	document	APIs/tl-api.azurewebsites.net/2020-08-10_6-22/openapi.yaml	census 78	enumeration.tsv.gz
mutually-recursive-graph	document	APIs/tokenjay.app/1.0.0/openapi.yaml	census 32	enumeration.tsv.gz
mutually-recursive-graph	document	APIs/tomtom.com/routing/1.0.0/openapi.yaml	census 4	enumeration.tsv.gz
mutually-recursive-graph	document	APIs/traccar.org/5.6/openapi.yaml	census 91	enumeration.tsv.gz
mutually-recursive-graph	document	APIs/trashnothing.com/1.3/openapi.yaml	census 17	enumeration.tsv.gz
mutually-recursive-graph	document	APIs/trello.com/1.0/openapi.yaml	census 138	enumeration.tsv.gz
mutually-recursive-graph	document	APIs/truesight.local/11.1.00/openapi.yaml	census 66	enumeration.tsv.gz
mutually-recursive-graph	document	APIs/truora.com/1.0.0/openapi.yaml	census 73	enumeration.tsv.gz
mutually-recursive-graph	document	APIs/tsapi.net/v1/openapi.yaml	census 34	enumeration.tsv.gz
mutually-recursive-graph	document	APIs/tvmaze.com/1.0/openapi.yaml	census 47	enumeration.tsv.gz
mutually-recursive-graph	document	APIs/twilio.com/api/1.55.0/openapi.yaml	census 263	enumeration.tsv.gz
mutually-recursive-graph	document	APIs/twilio.com/twilio_accounts_v1/1.55.0/openapi.yaml	census 12	enumeration.tsv.gz
mutually-recursive-graph	document	APIs/twilio.com/twilio_autopilot_v1/1.53.0/openapi.yaml	census 44	enumeration.tsv.gz
mutually-recursive-graph	document	APIs/twilio.com/twilio_bulkexports_v1/1.55.0/openapi.yaml	census 8	enumeration.tsv.gz
mutually-recursive-graph	document	APIs/twilio.com/twilio_chat_v1/1.55.0/openapi.yaml	census 41	enumeration.tsv.gz
mutually-recursive-graph	document	APIs/twilio.com/twilio_chat_v2/1.55.0/openapi.yaml	census 72	enumeration.tsv.gz
mutually-recursive-graph	document	APIs/twilio.com/twilio_chat_v3/1.55.0/openapi.yaml	census 4	enumeration.tsv.gz
mutually-recursive-graph	document	APIs/twilio.com/twilio_content_v1/1.55.0/openapi.yaml	census 5	enumeration.tsv.gz
mutually-recursive-graph	document	APIs/twilio.com/twilio_conversations_v1/1.55.0/openapi.yaml	census 151	enumeration.tsv.gz
mutually-recursive-graph	document	APIs/twilio.com/twilio_events_v1/1.55.0/openapi.yaml	census 22	enumeration.tsv.gz
mutually-recursive-graph	document	APIs/twilio.com/twilio_fax_v1/1.29.1/openapi.yaml	census 4	enumeration.tsv.gz
mutually-recursive-graph	document	APIs/twilio.com/twilio_flex_v1/1.55.0/openapi.yaml	census 59	enumeration.tsv.gz
mutually-recursive-graph	document	APIs/twilio.com/twilio_flex_v2/1.55.0/openapi.yaml	census 1	enumeration.tsv.gz
mutually-recursive-graph	document	APIs/twilio.com/twilio_frontline_v1/1.55.0/openapi.yaml	census 4	enumeration.tsv.gz
mutually-recursive-graph	document	APIs/twilio.com/twilio_insights_v1/1.55.0/openapi.yaml	census 67	enumeration.tsv.gz
mutually-recursive-graph	document	APIs/twilio.com/twilio_intelligence_v2/1.55.0/openapi.yaml	census 16	enumeration.tsv.gz
mutually-recursive-graph	document	APIs/twilio.com/twilio_ip_messaging_v1/1.55.0/openapi.yaml	census 41	enumeration.tsv.gz
mutually-recursive-graph	document	APIs/twilio.com/twilio_ip_messaging_v2/1.55.0/openapi.yaml	census 71	enumeration.tsv.gz
mutually-recursive-graph	document	APIs/twilio.com/twilio_lookups_v1/1.55.0/openapi.yaml	census 1	enumeration.tsv.gz
mutually-recursive-graph	document	APIs/twilio.com/twilio_lookups_v2/1.55.0/openapi.yaml	census 2	enumeration.tsv.gz
mutually-recursive-graph	document	APIs/twilio.com/twilio_media_v1/1.55.0/openapi.yaml	census 25	enumeration.tsv.gz
mutually-recursive-graph	document	APIs/twilio.com/twilio_messaging_v1/1.55.0/openapi.yaml	census 58	enumeration.tsv.gz
mutually-recursive-graph	document	APIs/twilio.com/twilio_microvisor_v1/1.55.0/openapi.yaml	census 22	enumeration.tsv.gz
mutually-recursive-graph	document	APIs/twilio.com/twilio_monitor_v1/1.55.0/openapi.yaml	census 4	enumeration.tsv.gz
mutually-recursive-graph	document	APIs/twilio.com/twilio_notify_v1/1.55.0/openapi.yaml	census 17	enumeration.tsv.gz
mutually-recursive-graph	document	APIs/twilio.com/twilio_numbers_v1/1.55.0/openapi.yaml	census 7	enumeration.tsv.gz
mutually-recursive-graph	document	APIs/twilio.com/twilio_numbers_v2/1.55.0/openapi.yaml	census 56	enumeration.tsv.gz
mutually-recursive-graph	document	APIs/twilio.com/twilio_oauth_v1/1.53.0/openapi.yaml	census 5	enumeration.tsv.gz
mutually-recursive-graph	document	APIs/twilio.com/twilio_preview/1.55.0/openapi.yaml	census 98	enumeration.tsv.gz
mutually-recursive-graph	document	APIs/twilio.com/twilio_pricing_v1/1.55.0/openapi.yaml	census 7	enumeration.tsv.gz
mutually-recursive-graph	document	APIs/twilio.com/twilio_pricing_v2/1.55.0/openapi.yaml	census 6	enumeration.tsv.gz
mutually-recursive-graph	document	APIs/twilio.com/twilio_proxy_v1/1.55.0/openapi.yaml	census 41	enumeration.tsv.gz
mutually-recursive-graph	document	APIs/twilio.com/twilio_routes_v2/1.55.0/openapi.yaml	census 6	enumeration.tsv.gz
mutually-recursive-graph	document	APIs/twilio.com/twilio_serverless_v1/1.55.0/openapi.yaml	census 39	enumeration.tsv.gz
mutually-recursive-graph	document	APIs/twilio.com/twilio_studio_v1/1.55.0/openapi.yaml	census 21	enumeration.tsv.gz
mutually-recursive-graph	document	APIs/twilio.com/twilio_studio_v2/1.55.0/openapi.yaml	census 24	enumeration.tsv.gz
mutually-recursive-graph	document	APIs/twilio.com/twilio_supersim_v1/1.55.0/openapi.yaml	census 53	enumeration.tsv.gz
mutually-recursive-graph	document	APIs/twilio.com/twilio_sync_v1/1.55.0/openapi.yaml	census 42	enumeration.tsv.gz
mutually-recursive-graph	document	APIs/twilio.com/twilio_taskrouter_v1/1.55.0/openapi.yaml	census 72	enumeration.tsv.gz
mutually-recursive-graph	document	APIs/twilio.com/twilio_trunking_v1/1.55.0/openapi.yaml	census 30	enumeration.tsv.gz
mutually-recursive-graph	document	APIs/twilio.com/twilio_trusthub_v1/1.55.0/openapi.yaml	census 58	enumeration.tsv.gz
mutually-recursive-graph	document	APIs/twilio.com/twilio_verify_v2/1.55.0/openapi.yaml	census 78	enumeration.tsv.gz
mutually-recursive-graph	document	APIs/twilio.com/twilio_video_v1/1.55.0/openapi.yaml	census 62	enumeration.tsv.gz
mutually-recursive-graph	document	APIs/twilio.com/twilio_voice_v1/1.55.0/openapi.yaml	census 26	enumeration.tsv.gz
mutually-recursive-graph	document	APIs/twilio.com/twilio_wireless_v1/1.55.0/openapi.yaml	census 28	enumeration.tsv.gz
mutually-recursive-graph	document	APIs/twinehealth.com/v7.78.1/openapi.yaml	census 395	enumeration.tsv.gz
mutually-recursive-graph	document	APIs/twitter.com/current/2.62/openapi.yaml	census 840	enumeration.tsv.gz
mutually-recursive-graph	document	APIs/unicourt.com/1.0.0/openapi.yaml	census 788	enumeration.tsv.gz
mutually-recursive-graph	document	APIs/up.com.au/v1/openapi.yaml	census 56	enumeration.tsv.gz
mutually-recursive-graph	document	APIs/urlbox.io/v1/openapi.yaml	census 6	enumeration.tsv.gz
mutually-recursive-graph	document	APIs/useapi.net/1.0/openapi.yaml	census 38	enumeration.tsv.gz
mutually-recursive-graph	document	APIs/va.gov/benefits/1.0.0/openapi.yaml	census 17	enumeration.tsv.gz
mutually-recursive-graph	document	APIs/va.gov/confirmation/0.0.1/openapi.yaml	census 5	enumeration.tsv.gz
mutually-recursive-graph	document	APIs/va.gov/facilities/0.0.1/openapi.yaml	census 77	enumeration.tsv.gz
mutually-recursive-graph	document	APIs/va.gov/forms/0.0.0/openapi.yaml	census 2	enumeration.tsv.gz
mutually-recursive-graph	document	APIs/vectara.io/1.0.0/openapi.yaml	census 57	enumeration.tsv.gz
mutually-recursive-graph	document	APIs/velopayments.com/2.35.57/openapi.yaml	census 650	enumeration.tsv.gz
mutually-recursive-graph	document	APIs/vercel.com/0.0.1/openapi.yaml	census 489	enumeration.tsv.gz
mutually-recursive-graph	document	APIs/viator.com/1.0.0/openapi.yaml	census 181	enumeration.tsv.gz
mutually-recursive-graph	document	APIs/vimeo.com/3.4/openapi.yaml	census 665	enumeration.tsv.gz
mutually-recursive-graph	document	APIs/visma.com/1.0/openapi.yaml	census 2052	enumeration.tsv.gz
mutually-recursive-graph	document	APIs/visma.net/1.0.14.784/openapi.yaml	census 234	enumeration.tsv.gz
mutually-recursive-graph	document	APIs/visma.net/9.66.02.1023/openapi.yaml	census 5410	enumeration.tsv.gz
mutually-recursive-graph	document	APIs/visualstudio.com/v1/openapi.yaml	census 1112	enumeration.tsv.gz
mutually-recursive-graph	document	APIs/vmware.local/vrni/1.0.0/openapi.yaml	census 495	enumeration.tsv.gz
mutually-recursive-graph	document	APIs/vocadb.net/1.0/openapi.yaml	census 721	enumeration.tsv.gz
mutually-recursive-graph	document	APIs/vonage.com/account/1.11.8/openapi.yaml	census 19	enumeration.tsv.gz
mutually-recursive-graph	document	APIs/vonage.com/extension/1.11.8/openapi.yaml	census 15	enumeration.tsv.gz
mutually-recursive-graph	document	APIs/vonage.com/reports/1.0.1/openapi.yaml	census 10	enumeration.tsv.gz
mutually-recursive-graph	document	APIs/vonage.com/user/1.11.8/openapi.yaml	census 18	enumeration.tsv.gz
mutually-recursive-graph	document	APIs/vonage.com/vgis/1.0.1/openapi.yaml	census 63	enumeration.tsv.gz
mutually-recursive-graph	document	APIs/vtex.local/Catalog-API/1.0/openapi.yaml	census 85	enumeration.tsv.gz
mutually-recursive-graph	document	APIs/vtex.local/Checkout-API/1.0/openapi.yaml	census 6	enumeration.tsv.gz
mutually-recursive-graph	document	APIs/vtex.local/GiftCard-Hub-API/1.0/openapi.yaml	census 17	enumeration.tsv.gz
mutually-recursive-graph	document	APIs/vtex.local/Giftcard-API/1.0/openapi.yaml	census 30	enumeration.tsv.gz
mutually-recursive-graph	document	APIs/vtex.local/Intelligent-Search-API/0.1.12/openapi.yaml	census 10	enumeration.tsv.gz
mutually-recursive-graph	document	APIs/vtex.local/License-Manager-API/1.0/openapi.yaml	census 18	enumeration.tsv.gz
mutually-recursive-graph	document	APIs/vtex.local/Marketplace-APIs-/1.0/openapi.yaml	census 16	enumeration.tsv.gz
mutually-recursive-graph	document	APIs/vtex.local/Marketplace-APIs/1.0/openapi.yaml	census 18	enumeration.tsv.gz
mutually-recursive-graph	document	APIs/vtex.local/Marketplace-Protocol/1.0/openapi.yaml	census 23	enumeration.tsv.gz
mutually-recursive-graph	document	APIs/vtex.local/Master-Data-API-/1.0/openapi.yaml	census 30	enumeration.tsv.gz
mutually-recursive-graph	document	APIs/vtex.local/MasterData-API-/1.0/openapi.yaml	census 15	enumeration.tsv.gz
mutually-recursive-graph	document	APIs/vtex.local/Message-Center-API/1.0.0/openapi.yaml	census 2	enumeration.tsv.gz
mutually-recursive-graph	document	APIs/vtex.local/Orders-API-(PII-version)/1.0/openapi.yaml	census 42	enumeration.tsv.gz
mutually-recursive-graph	document	APIs/vtex.local/Orders-API/1.0/openapi.yaml	census 104	enumeration.tsv.gz
mutually-recursive-graph	document	APIs/vtex.local/Payments-Gateway-API/1.0/openapi.yaml	census 67	enumeration.tsv.gz
mutually-recursive-graph	document	APIs/vtex.local/Policies-System-API/1.0.0/openapi.yaml	census 11	enumeration.tsv.gz
mutually-recursive-graph	document	APIs/vtex.local/Pricing-API/1.0/openapi.yaml	census 7	enumeration.tsv.gz
mutually-recursive-graph	document	APIs/vtex.local/Pricing-Hub/1.0/openapi.yaml	census 5	enumeration.tsv.gz
mutually-recursive-graph	document	APIs/vtex.local/Profile-System/1.0/openapi.yaml	census 18	enumeration.tsv.gz
mutually-recursive-graph	document	APIs/vtex.local/Promotions-/1.0/openapi.yaml	census 11	enumeration.tsv.gz
mutually-recursive-graph	document	APIs/vtex.local/Recurrence-(v1-/1.0/openapi.yaml	census 9	enumeration.tsv.gz
mutually-recursive-graph	document	APIs/vtex.local/Reviews-and-Ratings-API/1.0/openapi.yaml	census 2	enumeration.tsv.gz
mutually-recursive-graph	document	APIs/vtex.local/Search-API/1.0/openapi.yaml	census 22	enumeration.tsv.gz
mutually-recursive-graph	document	APIs/vtex.local/Session-Manager-API/1.0/openapi.yaml	census 8	enumeration.tsv.gz
mutually-recursive-graph	document	APIs/vtex.local/Subscriptions-API-(v2)/1.0/openapi.yaml	census 28	enumeration.tsv.gz
mutually-recursive-graph	document	APIs/vtex.local/Subscriptions-API-(v3)/1.0/openapi.yaml	census 119	enumeration.tsv.gz
mutually-recursive-graph	document	APIs/vtex.local/VTEX-Do-API/1.0/openapi.yaml	census 6	enumeration.tsv.gz
mutually-recursive-graph	document	APIs/vtex.local/VTEX_TEMPLATE/1.0.0/openapi.yaml	census 6	enumeration.tsv.gz
mutually-recursive-graph	document	APIs/walletobjects.googleapis.com/pay-passes/v1/openapi.yaml	census 613	enumeration.tsv.gz
mutually-recursive-graph	document	APIs/wealthreader.com/1.0.0/openapi.yaml	census 19	enumeration.tsv.gz
mutually-recursive-graph	document	APIs/webflow.com/2023-03-23T154040Z/openapi.yaml	census 596	enumeration.tsv.gz
mutually-recursive-graph	document	APIs/webscraping.ai/3.0.0/openapi.yaml	census 10	enumeration.tsv.gz
mutually-recursive-graph	document	APIs/whapi.com/bets/2.0.0/openapi.yaml	census 34	enumeration.tsv.gz
mutually-recursive-graph	document	APIs/whatsapp.local/1.0/openapi.yaml	census 138	enumeration.tsv.gz
mutually-recursive-graph	document	APIs/wheretocredit.com/1.0/openapi.yaml	census 6	enumeration.tsv.gz
mutually-recursive-graph	document	APIs/windows.net/batch-BatchService/2015-12-01.2.2/openapi.yaml	census 256	enumeration.tsv.gz
mutually-recursive-graph	document	APIs/windows.net/batch-BatchService/2016-02-01.3.0/openapi.yaml	census 276	enumeration.tsv.gz
mutually-recursive-graph	document	APIs/windows.net/graphrbac/1.6/openapi.yaml	census 263	enumeration.tsv.gz
mutually-recursive-graph	document	APIs/wordnik.com/4.0/openapi.yaml	census 18	enumeration.tsv.gz
mutually-recursive-graph	document	APIs/worldtimeapi.org/20210108/openapi.yaml	census 6	enumeration.tsv.gz
mutually-recursive-graph	document	APIs/wyjyt-geo-calculate.azurewebsites.net/1.0.0/openapi.yaml	census 20	enumeration.tsv.gz
mutually-recursive-graph	document	APIs/xero.com/xero-identity/2.9.4/openapi.yaml	census 1	enumeration.tsv.gz
mutually-recursive-graph	document	APIs/xero.com/xero-payroll-au/2.9.4/openapi.yaml	census 139	enumeration.tsv.gz
mutually-recursive-graph	document	APIs/xero.com/xero_accounting/2.9.4/openapi.yaml	census 426	enumeration.tsv.gz
mutually-recursive-graph	document	APIs/xero.com/xero_assets/2.9.4/openapi.yaml	census 17	enumeration.tsv.gz
mutually-recursive-graph	document	APIs/xero.com/xero_bankfeeds/2.9.4/openapi.yaml	census 33	enumeration.tsv.gz
mutually-recursive-graph	document	APIs/xero.com/xero_files/2.9.4/openapi.yaml	census 21	enumeration.tsv.gz
mutually-recursive-graph	document	APIs/xkcd.com/1.0.0/openapi.yaml	census 2	enumeration.tsv.gz
mutually-recursive-graph	document	APIs/xtrf.eu/2.0/openapi.yaml	census 501	enumeration.tsv.gz
mutually-recursive-graph	document	APIs/yodlee.com/1.1.0/openapi.yaml	census 437	enumeration.tsv.gz
mutually-recursive-graph	document	APIs/youneedabudget.com/1.0.0/openapi.yaml	census 156	enumeration.tsv.gz
mutually-recursive-graph	document	APIs/zapier.com/nla/1.0.0/openapi.yaml	census 7	enumeration.tsv.gz
mutually-recursive-graph	document	APIs/zeit.co/v2019-01-07/openapi.yaml	census 13	enumeration.tsv.gz
mutually-recursive-graph	document	APIs/zeno.fm/0.6-99cfdac/openapi.yaml	census 28	enumeration.tsv.gz
mutually-recursive-graph	document	APIs/zuora.com/2021-08-20/openapi.yaml	census 1877	enumeration.tsv.gz
mutually-recursive-graph	walk	APIs-guru/openapi-directory@f04b8d0bcd39c52e1cf3ad7a5fe744709832ae49	4138	enumeration.tsv.gz
non-identifier-operation-id	document	APIs/1password.com/events/1.2.0/openapi.yaml	census 5	enumeration.tsv.gz
non-identifier-operation-id	document	APIs/1password.local/connect/1.5.7/openapi.yaml	census 15	enumeration.tsv.gz
non-identifier-operation-id	document	APIs/6-dot-authentiqio.appspot.com/6/openapi.yaml	census 13	enumeration.tsv.gz
non-identifier-operation-id	document	APIs/ably.io/platform/1.1.0/openapi.yaml	census 22	enumeration.tsv.gz
non-identifier-operation-id	document	APIs/adobe.com/aem/3.7.1-pre.0/openapi.yaml	census 48	enumeration.tsv.gz
non-identifier-operation-id	document	APIs/adyen.com/AccountService/3/openapi.yaml	census 17	enumeration.tsv.gz
non-identifier-operation-id	document	APIs/adyen.com/AccountService/4/openapi.yaml	census 17	enumeration.tsv.gz
non-identifier-operation-id	document	APIs/adyen.com/AccountService/5/openapi.yaml	census 20	enumeration.tsv.gz
non-identifier-operation-id	document	APIs/adyen.com/AccountService/6/openapi.yaml	census 20	enumeration.tsv.gz
non-identifier-operation-id	document	APIs/adyen.com/BalanceControlService/1/openapi.yaml	census 1	enumeration.tsv.gz
non-identifier-operation-id	document	APIs/adyen.com/BalancePlatformConfigurationNotification-v1/1/openapi.yaml	census 11	enumeration.tsv.gz
non-identifier-operation-id	document	APIs/adyen.com/BalancePlatformPaymentNotification-v1/1/openapi.yaml	census 6	enumeration.tsv.gz
non-identifier-operation-id	document	APIs/adyen.com/BalancePlatformReportNotification-v1/1/openapi.yaml	census 1	enumeration.tsv.gz
non-identifier-operation-id	document	APIs/adyen.com/BalancePlatformService/1/openapi.yaml	census 34	enumeration.tsv.gz
non-identifier-operation-id	document	APIs/adyen.com/BalancePlatformService/2/openapi.yaml	census 42	enumeration.tsv.gz
non-identifier-operation-id	document	APIs/adyen.com/BalancePlatformTransferNotification-v3/3/openapi.yaml	census 2	enumeration.tsv.gz
non-identifier-operation-id	document	APIs/adyen.com/BinLookupService/40/openapi.yaml	census 2	enumeration.tsv.gz
non-identifier-operation-id	document	APIs/adyen.com/BinLookupService/50/openapi.yaml	census 2	enumeration.tsv.gz
non-identifier-operation-id	document	APIs/adyen.com/BinLookupService/52/openapi.yaml	census 2	enumeration.tsv.gz
non-identifier-operation-id	document	APIs/adyen.com/BinLookupService/53/openapi.yaml	census 2	enumeration.tsv.gz
non-identifier-operation-id	document	APIs/adyen.com/BinLookupService/54/openapi.yaml	census 2	enumeration.tsv.gz
non-identifier-operation-id	document	APIs/adyen.com/CheckoutService-v71/71/openapi.yaml	census 25	enumeration.tsv.gz
non-identifier-operation-id	document	APIs/adyen.com/CheckoutService/37/openapi.yaml	census 21	enumeration.tsv.gz
non-identifier-operation-id	document	APIs/adyen.com/CheckoutService/40/openapi.yaml	census 21	enumeration.tsv.gz
non-identifier-operation-id	document	APIs/adyen.com/CheckoutService/41/openapi.yaml	census 21	enumeration.tsv.gz
non-identifier-operation-id	document	APIs/adyen.com/CheckoutService/46/openapi.yaml	census 21	enumeration.tsv.gz
non-identifier-operation-id	document	APIs/adyen.com/CheckoutService/49/openapi.yaml	census 21	enumeration.tsv.gz
non-identifier-operation-id	document	APIs/adyen.com/CheckoutService/50/openapi.yaml	census 21	enumeration.tsv.gz
non-identifier-operation-id	document	APIs/adyen.com/CheckoutService/51/openapi.yaml	census 21	enumeration.tsv.gz
non-identifier-operation-id	document	APIs/adyen.com/CheckoutService/52/openapi.yaml	census 21	enumeration.tsv.gz
non-identifier-operation-id	document	APIs/adyen.com/CheckoutService/53/openapi.yaml	census 21	enumeration.tsv.gz
non-identifier-operation-id	document	APIs/adyen.com/CheckoutService/64/openapi.yaml	census 21	enumeration.tsv.gz
non-identifier-operation-id	document	APIs/adyen.com/CheckoutService/65/openapi.yaml	census 21	enumeration.tsv.gz
non-identifier-operation-id	document	APIs/adyen.com/CheckoutService/66/openapi.yaml	census 21	enumeration.tsv.gz
non-identifier-operation-id	document	APIs/adyen.com/CheckoutService/67/openapi.yaml	census 21	enumeration.tsv.gz
non-identifier-operation-id	document	APIs/adyen.com/CheckoutService/68/openapi.yaml	census 23	enumeration.tsv.gz
non-identifier-operation-id	document	APIs/adyen.com/CheckoutService/69/openapi.yaml	census 23	enumeration.tsv.gz
non-identifier-operation-id	document	APIs/adyen.com/CheckoutService/70/openapi.yaml	census 25	enumeration.tsv.gz
non-identifier-operation-id	document	APIs/adyen.com/DataProtectionService/1/openapi.yaml	census 1	enumeration.tsv.gz
non-identifier-operation-id	document	APIs/adyen.com/DisputeService-v30/30/openapi.yaml	census 5	enumeration.tsv.gz
non-identifier-operation-id	document	APIs/adyen.com/FundService/3/openapi.yaml	census 8	enumeration.tsv.gz
non-identifier-operation-id	document	APIs/adyen.com/FundService/5/openapi.yaml	census 8	enumeration.tsv.gz
non-identifier-operation-id	document	APIs/adyen.com/FundService/6/openapi.yaml	census 8	enumeration.tsv.gz
non-identifier-operation-id	document	APIs/adyen.com/GrantService-v3/3/openapi.yaml	census 3	enumeration.tsv.gz
non-identifier-operation-id	document	APIs/adyen.com/HopService/1/openapi.yaml	census 2	enumeration.tsv.gz
non-identifier-operation-id	document	APIs/adyen.com/HopService/5/openapi.yaml	census 2	enumeration.tsv.gz
non-identifier-operation-id	document	APIs/adyen.com/HopService/6/openapi.yaml	census 2	enumeration.tsv.gz
non-identifier-operation-id	document	APIs/adyen.com/LegalEntityService/1/openapi.yaml	census 26	enumeration.tsv.gz
non-identifier-operation-id	document	APIs/adyen.com/LegalEntityService/2/openapi.yaml	census 27	enumeration.tsv.gz
non-identifier-operation-id	document	APIs/adyen.com/LegalEntityService/3/openapi.yaml	census 29	enumeration.tsv.gz
non-identifier-operation-id	document	APIs/adyen.com/ManagementNotificationService-v1/1/openapi.yaml	census 3	enumeration.tsv.gz
non-identifier-operation-id	document	APIs/adyen.com/ManagementService-v3/3/openapi.yaml	census 132	enumeration.tsv.gz
non-identifier-operation-id	document	APIs/adyen.com/ManagementService/1/openapi.yaml	census 130	enumeration.tsv.gz
non-identifier-operation-id	document	APIs/adyen.com/MarketPayNotificationService/3/openapi.yaml	census 19	enumeration.tsv.gz
non-identifier-operation-id	document	APIs/adyen.com/MarketPayNotificationService/4/openapi.yaml	census 19	enumeration.tsv.gz
non-identifier-operation-id	document	APIs/adyen.com/MarketPayNotificationService/5/openapi.yaml	census 19	enumeration.tsv.gz
non-identifier-operation-id	document	APIs/adyen.com/MarketPayNotificationService/6/openapi.yaml	census 19	enumeration.tsv.gz
non-identifier-operation-id	document	APIs/adyen.com/NotificationConfigurationService/1/openapi.yaml	census 6	enumeration.tsv.gz
non-identifier-operation-id	document	APIs/adyen.com/NotificationConfigurationService/2/openapi.yaml	census 6	enumeration.tsv.gz
non-identifier-operation-id	document	APIs/adyen.com/NotificationConfigurationService/3/openapi.yaml	census 6	enumeration.tsv.gz
non-identifier-operation-id	document	APIs/adyen.com/NotificationConfigurationService/4/openapi.yaml	census 6	enumeration.tsv.gz
non-identifier-operation-id	document	APIs/adyen.com/NotificationConfigurationService/5/openapi.yaml	census 6	enumeration.tsv.gz
non-identifier-operation-id	document	APIs/adyen.com/NotificationConfigurationService/6/openapi.yaml	census 6	enumeration.tsv.gz
non-identifier-operation-id	document	APIs/adyen.com/PaymentService/25/openapi.yaml	census 7	enumeration.tsv.gz
non-identifier-operation-id	document	APIs/adyen.com/PaymentService/30/openapi.yaml	census 9	enumeration.tsv.gz
non-identifier-operation-id	document	APIs/adyen.com/PaymentService/40/openapi.yaml	census 12	enumeration.tsv.gz
non-identifier-operation-id	document	APIs/adyen.com/PaymentService/46/openapi.yaml	census 12	enumeration.tsv.gz
non-identifier-operation-id	document	APIs/adyen.com/PaymentService/49/openapi.yaml	census 12	enumeration.tsv.gz
non-identifier-operation-id	document	APIs/adyen.com/PaymentService/50/openapi.yaml	census 12	enumeration.tsv.gz
non-identifier-operation-id	document	APIs/adyen.com/PaymentService/51/openapi.yaml	census 13	enumeration.tsv.gz
non-identifier-operation-id	document	APIs/adyen.com/PaymentService/52/openapi.yaml	census 13	enumeration.tsv.gz
non-identifier-operation-id	document	APIs/adyen.com/PaymentService/64/openapi.yaml	census 13	enumeration.tsv.gz
non-identifier-operation-id	document	APIs/adyen.com/PaymentService/67/openapi.yaml	census 13	enumeration.tsv.gz
non-identifier-operation-id	document	APIs/adyen.com/PaymentService/68/openapi.yaml	census 13	enumeration.tsv.gz
non-identifier-operation-id	document	APIs/adyen.com/PayoutService/30/openapi.yaml	census 6	enumeration.tsv.gz
non-identifier-operation-id	document	APIs/adyen.com/PayoutService/40/openapi.yaml	census 6	enumeration.tsv.gz
non-identifier-operation-id	document	APIs/adyen.com/PayoutService/46/openapi.yaml	census 6	enumeration.tsv.gz
non-identifier-operation-id	document	APIs/adyen.com/PayoutService/49/openapi.yaml	census 6	enumeration.tsv.gz
non-identifier-operation-id	document	APIs/adyen.com/PayoutService/50/openapi.yaml	census 6	enumeration.tsv.gz
non-identifier-operation-id	document	APIs/adyen.com/PayoutService/51/openapi.yaml	census 6	enumeration.tsv.gz
non-identifier-operation-id	document	APIs/adyen.com/PayoutService/52/openapi.yaml	census 6	enumeration.tsv.gz
non-identifier-operation-id	document	APIs/adyen.com/PayoutService/64/openapi.yaml	census 6	enumeration.tsv.gz
non-identifier-operation-id	document	APIs/adyen.com/PayoutService/67/openapi.yaml	census 6	enumeration.tsv.gz
non-identifier-operation-id	document	APIs/adyen.com/PayoutService/68/openapi.yaml	census 6	enumeration.tsv.gz
non-identifier-operation-id	document	APIs/adyen.com/RecurringService/25/openapi.yaml	census 4	enumeration.tsv.gz
non-identifier-operation-id	document	APIs/adyen.com/RecurringService/30/openapi.yaml	census 4	enumeration.tsv.gz
non-identifier-operation-id	document	APIs/adyen.com/RecurringService/40/openapi.yaml	census 5	enumeration.tsv.gz
non-identifier-operation-id	document	APIs/adyen.com/RecurringService/49/openapi.yaml	census 5	enumeration.tsv.gz
non-identifier-operation-id	document	APIs/adyen.com/RecurringService/67/openapi.yaml	census 6	enumeration.tsv.gz
non-identifier-operation-id	document	APIs/adyen.com/RecurringService/68/openapi.yaml	census 6	enumeration.tsv.gz
non-identifier-operation-id	document	APIs/adyen.com/StoredValueService/46/openapi.yaml	census 6	enumeration.tsv.gz
non-identifier-operation-id	document	APIs/adyen.com/TestCardService/1/openapi.yaml	census 1	enumeration.tsv.gz
non-identifier-operation-id	document	APIs/adyen.com/TfmAPIService/1/openapi.yaml	census 5	enumeration.tsv.gz
non-identifier-operation-id	document	APIs/adyen.com/TransferService-v4/4/openapi.yaml	census 7	enumeration.tsv.gz
non-identifier-operation-id	document	APIs/adyen.com/TransferService/1/openapi.yaml	census 3	enumeration.tsv.gz
non-identifier-operation-id	document	APIs/adyen.com/TransferService/2/openapi.yaml	census 3	enumeration.tsv.gz
non-identifier-operation-id	document	APIs/adyen.com/TransferService/3/openapi.yaml	census 7	enumeration.tsv.gz
non-identifier-operation-id	document	APIs/agco-ats.com/v1/openapi.yaml	census 266	enumeration.tsv.gz
non-identifier-operation-id	document	APIs/airbyte.local/config/1.0.0/openapi.yaml	census 102	enumeration.tsv.gz
non-identifier-operation-id	document	APIs/alertersystem.com/1.7.0/openapi.yaml	census 500	enumeration.tsv.gz
non-identifier-operation-id	document	APIs/amadeus.com/2.2.0/openapi.yaml	census 2	enumeration.tsv.gz
non-identifier-operation-id	document	APIs/amadeus.com/amadeus-flight-price-analysis/1.0.1/openapi.yaml	census 1	enumeration.tsv.gz
non-identifier-operation-id	document	APIs/amadeus.com/amadeus-location-score/1.0.2/openapi.yaml	census 1	enumeration.tsv.gz
non-identifier-operation-id	document	APIs/amadeus.com/amadeus-travel-recommendations/1.0.3/openapi.yaml	census 1	enumeration.tsv.gz
non-identifier-operation-id	document	APIs/amadeus.com/amadeus-trip-parser/3.0.1/openapi.yaml	census 1	enumeration.tsv.gz
non-identifier-operation-id	document	APIs/amazonaws.com/AWSMigrationHub/2017-05-31/openapi.yaml	census 17	enumeration.tsv.gz
non-identifier-operation-id	document	APIs/amazonaws.com/accessanalyzer/2019-11-01/openapi.yaml	census 28	enumeration.tsv.gz
non-identifier-operation-id	document	APIs/amazonaws.com/account/2021-02-01/openapi.yaml	census 9	enumeration.tsv.gz
non-identifier-operation-id	document	APIs/amazonaws.com/acm-pca/2017-08-22/openapi.yaml	census 23	enumeration.tsv.gz
non-identifier-operation-id	document	APIs/amazonaws.com/acm/2015-12-08/openapi.yaml	census 15	enumeration.tsv.gz
non-identifier-operation-id	document	APIs/amazonaws.com/alexaforbusiness/2017-11-09/openapi.yaml	census 93	enumeration.tsv.gz
non-identifier-operation-id	document	APIs/amazonaws.com/amp/2020-08-01/openapi.yaml	census 21	enumeration.tsv.gz
non-identifier-operation-id	document	APIs/amazonaws.com/amplify/2017-07-25/openapi.yaml	census 37	enumeration.tsv.gz
non-identifier-operation-id	document	APIs/amazonaws.com/amplifybackend/2020-08-11/openapi.yaml	census 31	enumeration.tsv.gz
non-identifier-operation-id	document	APIs/amazonaws.com/amplifyuibuilder/2021-08-11/openapi.yaml	census 25	enumeration.tsv.gz
non-identifier-operation-id	document	APIs/amazonaws.com/apigateway/2015-07-09/openapi.yaml	census 120	enumeration.tsv.gz
non-identifier-operation-id	document	APIs/amazonaws.com/apigatewaymanagementapi/2018-11-29/openapi.yaml	census 3	enumeration.tsv.gz
non-identifier-operation-id	document	APIs/amazonaws.com/apigatewayv2/2018-11-29/openapi.yaml	census 72	enumeration.tsv.gz
non-identifier-operation-id	document	APIs/amazonaws.com/appconfig/2019-10-09/openapi.yaml	census 43	enumeration.tsv.gz
non-identifier-operation-id	document	APIs/amazonaws.com/appconfigdata/2021-11-11/openapi.yaml	census 2	enumeration.tsv.gz
non-identifier-operation-id	document	APIs/amazonaws.com/appfabric/2023-05-19/openapi.yaml	census 26	enumeration.tsv.gz
non-identifier-operation-id	document	APIs/amazonaws.com/appflow/2020-08-23/openapi.yaml	census 25	enumeration.tsv.gz
non-identifier-operation-id	document	APIs/amazonaws.com/appintegrations/2020-07-29/openapi.yaml	census 15	enumeration.tsv.gz
non-identifier-operation-id	document	APIs/amazonaws.com/application-autoscaling/2016-02-06/openapi.yaml	census 13	enumeration.tsv.gz
non-identifier-operation-id	document	APIs/amazonaws.com/application-insights/2018-11-25/openapi.yaml	census 33	enumeration.tsv.gz
non-identifier-operation-id	document	APIs/amazonaws.com/applicationcostprofiler/2020-09-10/openapi.yaml	census 6	enumeration.tsv.gz
non-identifier-operation-id	document	APIs/amazonaws.com/appmesh/2018-10-01/openapi.yaml	census 19	enumeration.tsv.gz
non-identifier-operation-id	document	APIs/amazonaws.com/appmesh/2019-01-25/openapi.yaml	census 38	enumeration.tsv.gz
non-identifier-operation-id	document	APIs/amazonaws.com/apprunner/2020-05-15/openapi.yaml	census 35	enumeration.tsv.gz
non-identifier-operation-id	document	APIs/amazonaws.com/appstream/2016-12-01/openapi.yaml	census 75	enumeration.tsv.gz
non-identifier-operation-id	document	APIs/amazonaws.com/appsync/2017-07-25/openapi.yaml	census 60	enumeration.tsv.gz
non-identifier-operation-id	document	APIs/amazonaws.com/arc-zonal-shift/2022-10-30/openapi.yaml	census 6	enumeration.tsv.gz
non-identifier-operation-id	document	APIs/amazonaws.com/athena/2017-05-18/openapi.yaml	census 68	enumeration.tsv.gz
non-identifier-operation-id	document	APIs/amazonaws.com/auditmanager/2017-07-25/openapi.yaml	census 62	enumeration.tsv.gz
non-identifier-operation-id	document	APIs/amazonaws.com/autoscaling-plans/2018-01-06/openapi.yaml	census 6	enumeration.tsv.gz
non-identifier-operation-id	document	APIs/amazonaws.com/autoscaling/2011-01-01/openapi.yaml	census 130	enumeration.tsv.gz
non-identifier-operation-id	document	APIs/amazonaws.com/backup-gateway/2021-01-01/openapi.yaml	census 25	enumeration.tsv.gz
non-identifier-operation-id	document	APIs/amazonaws.com/backup/2018-11-15/openapi.yaml	census 72	enumeration.tsv.gz
non-identifier-operation-id	document	APIs/amazonaws.com/backupstorage/2018-04-10/openapi.yaml	census 9	enumeration.tsv.gz
non-identifier-operation-id	document	APIs/amazonaws.com/batch/2016-08-10/openapi.yaml	census 24	enumeration.tsv.gz
non-identifier-operation-id	document	APIs/amazonaws.com/billingconductor/2021-07-30/openapi.yaml	census 31	enumeration.tsv.gz
non-identifier-operation-id	document	APIs/amazonaws.com/braket/2019-09-01/openapi.yaml	census 13	enumeration.tsv.gz
non-identifier-operation-id	document	APIs/amazonaws.com/budgets/2016-10-20/openapi.yaml	census 23	enumeration.tsv.gz
non-identifier-operation-id	document	APIs/amazonaws.com/ce/2017-10-25/openapi.yaml	census 38	enumeration.tsv.gz
non-identifier-operation-id	document	APIs/amazonaws.com/chime-sdk-identity/2021-04-20/openapi.yaml	census 30	enumeration.tsv.gz
non-identifier-operation-id	document	APIs/amazonaws.com/chime-sdk-media-pipelines/2021-07-15/openapi.yaml	census 19	enumeration.tsv.gz
non-identifier-operation-id	document	APIs/amazonaws.com/chime-sdk-meetings/2021-07-15/openapi.yaml	census 16	enumeration.tsv.gz
non-identifier-operation-id	document	APIs/amazonaws.com/chime-sdk-messaging/2021-05-15/openapi.yaml	census 51	enumeration.tsv.gz
non-identifier-operation-id	document	APIs/amazonaws.com/chime-sdk-voice/2022-08-03/openapi.yaml	census 93	enumeration.tsv.gz
non-identifier-operation-id	document	APIs/amazonaws.com/chime/2018-05-01/openapi.yaml	census 191	enumeration.tsv.gz
non-identifier-operation-id	document	APIs/amazonaws.com/cleanrooms/2022-02-17/openapi.yaml	census 45	enumeration.tsv.gz
non-identifier-operation-id	document	APIs/amazonaws.com/cloud9/2017-09-23/openapi.yaml	census 13	enumeration.tsv.gz
non-identifier-operation-id	document	APIs/amazonaws.com/cloudcontrol/2021-09-30/openapi.yaml	census 8	enumeration.tsv.gz
non-identifier-operation-id	document	APIs/amazonaws.com/clouddirectory/2016-05-10/openapi.yaml	census 65	enumeration.tsv.gz
non-identifier-operation-id	document	APIs/amazonaws.com/clouddirectory/2017-01-11/openapi.yaml	census 66	enumeration.tsv.gz
non-identifier-operation-id	document	APIs/amazonaws.com/cloudformation/2010-05-15/openapi.yaml	census 140	enumeration.tsv.gz
non-identifier-operation-id	document	APIs/amazonaws.com/cloudfront/2016-11-25/openapi.yaml	census 27	enumeration.tsv.gz
non-identifier-operation-id	document	APIs/amazonaws.com/cloudfront/2017-03-25/openapi.yaml	census 28	enumeration.tsv.gz
non-identifier-operation-id	document	APIs/amazonaws.com/cloudfront/2017-10-30/openapi.yaml	census 45	enumeration.tsv.gz
non-identifier-operation-id	document	APIs/amazonaws.com/cloudfront/2018-06-18/openapi.yaml	census 45	enumeration.tsv.gz
non-identifier-operation-id	document	APIs/amazonaws.com/cloudfront/2018-11-05/openapi.yaml	census 45	enumeration.tsv.gz
non-identifier-operation-id	document	APIs/amazonaws.com/cloudfront/2019-03-26/openapi.yaml	census 45	enumeration.tsv.gz
non-identifier-operation-id	document	APIs/amazonaws.com/cloudfront/2020-05-31/openapi.yaml	census 106	enumeration.tsv.gz
non-identifier-operation-id	document	APIs/amazonaws.com/cloudhsm/2014-05-30/openapi.yaml	census 20	enumeration.tsv.gz
non-identifier-operation-id	document	APIs/amazonaws.com/cloudhsmv2/2017-04-28/openapi.yaml	census 15	enumeration.tsv.gz
non-identifier-operation-id	document	APIs/amazonaws.com/cloudsearch/2011-02-01/openapi.yaml	census 44	enumeration.tsv.gz
non-identifier-operation-id	document	APIs/amazonaws.com/cloudsearch/2013-01-01/openapi.yaml	census 52	enumeration.tsv.gz
non-identifier-operation-id	document	APIs/amazonaws.com/cloudsearchdomain/2013-01-01/openapi.yaml	census 3	enumeration.tsv.gz
non-identifier-operation-id	document	APIs/amazonaws.com/cloudtrail-data/2021-08-11/openapi.yaml	census 1	enumeration.tsv.gz
non-identifier-operation-id	document	APIs/amazonaws.com/cloudtrail/2013-11-01/openapi.yaml	census 46	enumeration.tsv.gz
non-identifier-operation-id	document	APIs/amazonaws.com/codeartifact/2018-09-22/openapi.yaml	census 38	enumeration.tsv.gz
non-identifier-operation-id	document	APIs/amazonaws.com/codebuild/2016-10-06/openapi.yaml	census 45	enumeration.tsv.gz
non-identifier-operation-id	document	APIs/amazonaws.com/codecatalyst/2022-09-28/openapi.yaml	census 33	enumeration.tsv.gz
non-identifier-operation-id	document	APIs/amazonaws.com/codecommit/2015-04-13/openapi.yaml	census 77	enumeration.tsv.gz
non-identifier-operation-id	document	APIs/amazonaws.com/codedeploy/2014-10-06/openapi.yaml	census 47	enumeration.tsv.gz
non-identifier-operation-id	document	APIs/amazonaws.com/codeguru-reviewer/2019-09-19/openapi.yaml	census 14	enumeration.tsv.gz
non-identifier-operation-id	document	APIs/amazonaws.com/codeguru-security/2018-05-10/openapi.yaml	census 13	enumeration.tsv.gz
non-identifier-operation-id	document	APIs/amazonaws.com/codeguruprofiler/2019-07-18/openapi.yaml	census 23	enumeration.tsv.gz
non-identifier-operation-id	document	APIs/amazonaws.com/codepipeline/2015-07-09/openapi.yaml	census 39	enumeration.tsv.gz
non-identifier-operation-id	document	APIs/amazonaws.com/codestar-connections/2019-12-01/openapi.yaml	census 12	enumeration.tsv.gz
non-identifier-operation-id	document	APIs/amazonaws.com/codestar-notifications/2019-10-15/openapi.yaml	census 13	enumeration.tsv.gz
non-identifier-operation-id	document	APIs/amazonaws.com/codestar/2017-04-19/openapi.yaml	census 18	enumeration.tsv.gz
non-identifier-operation-id	document	APIs/amazonaws.com/cognito-identity/2014-06-30/openapi.yaml	census 23	enumeration.tsv.gz
non-identifier-operation-id	document	APIs/amazonaws.com/cognito-idp/2016-04-18/openapi.yaml	census 103	enumeration.tsv.gz
non-identifier-operation-id	document	APIs/amazonaws.com/cognito-sync/2014-06-30/openapi.yaml	census 17	enumeration.tsv.gz
non-identifier-operation-id	document	APIs/amazonaws.com/comprehend/2017-11-27/openapi.yaml	census 84	enumeration.tsv.gz
non-identifier-operation-id	document	APIs/amazonaws.com/comprehendmedical/2018-10-30/openapi.yaml	census 26	enumeration.tsv.gz
non-identifier-operation-id	document	APIs/amazonaws.com/compute-optimizer/2019-11-01/openapi.yaml	census 21	enumeration.tsv.gz
non-identifier-operation-id	document	APIs/amazonaws.com/config/2014-11-12/openapi.yaml	census 92	enumeration.tsv.gz
non-identifier-operation-id	document	APIs/amazonaws.com/connect-contact-lens/2020-08-21/openapi.yaml	census 1	enumeration.tsv.gz
non-identifier-operation-id	document	APIs/amazonaws.com/connect/2017-08-08/openapi.yaml	census 197	enumeration.tsv.gz
non-identifier-operation-id	document	APIs/amazonaws.com/connectcampaigns/2021-01-30/openapi.yaml	census 22	enumeration.tsv.gz
non-identifier-operation-id	document	APIs/amazonaws.com/connectcases/2022-10-03/openapi.yaml	census 30	enumeration.tsv.gz
non-identifier-operation-id	document	APIs/amazonaws.com/connectparticipant/2018-09-07/openapi.yaml	census 8	enumeration.tsv.gz
non-identifier-operation-id	document	APIs/amazonaws.com/controltower/2018-05-10/openapi.yaml	census 4	enumeration.tsv.gz
non-identifier-operation-id	document	APIs/amazonaws.com/cur/2017-01-06/openapi.yaml	census 4	enumeration.tsv.gz
non-identifier-operation-id	document	APIs/amazonaws.com/customer-profiles/2020-08-15/openapi.yaml	census 51	enumeration.tsv.gz
non-identifier-operation-id	document	APIs/amazonaws.com/databrew/2017-07-25/openapi.yaml	census 44	enumeration.tsv.gz
non-identifier-operation-id	document	APIs/amazonaws.com/dataexchange/2017-07-25/openapi.yaml	census 29	enumeration.tsv.gz
non-identifier-operation-id	document	APIs/amazonaws.com/datapipeline/2012-10-29/openapi.yaml	census 19	enumeration.tsv.gz
non-identifier-operation-id	document	APIs/amazonaws.com/datasync/2018-11-09/openapi.yaml	census 60	enumeration.tsv.gz
non-identifier-operation-id	document	APIs/amazonaws.com/dax/2017-04-19/openapi.yaml	census 21	enumeration.tsv.gz
non-identifier-operation-id	document	APIs/amazonaws.com/detective/2018-10-26/openapi.yaml	census 24	enumeration.tsv.gz
non-identifier-operation-id	document	APIs/amazonaws.com/devicefarm/2015-06-23/openapi.yaml	census 77	enumeration.tsv.gz
non-identifier-operation-id	document	APIs/amazonaws.com/devops-guru/2020-12-01/openapi.yaml	census 31	enumeration.tsv.gz
non-identifier-operation-id	document	APIs/amazonaws.com/directconnect/2012-10-25/openapi.yaml	census 63	enumeration.tsv.gz
non-identifier-operation-id	document	APIs/amazonaws.com/discovery/2015-11-01/openapi.yaml	census 25	enumeration.tsv.gz
non-identifier-operation-id	document	APIs/amazonaws.com/dlm/2018-01-12/openapi.yaml	census 8	enumeration.tsv.gz
non-identifier-operation-id	document	APIs/amazonaws.com/dms/2016-01-01/openapi.yaml	census 106	enumeration.tsv.gz
non-identifier-operation-id	document	APIs/amazonaws.com/docdb-elastic/2022-11-28/openapi.yaml	census 13	enumeration.tsv.gz
non-identifier-operation-id	document	APIs/amazonaws.com/docdb/2014-10-31/openapi.yaml	census 106	enumeration.tsv.gz
non-identifier-operation-id	document	APIs/amazonaws.com/drs/2020-02-26/openapi.yaml	census 47	enumeration.tsv.gz
non-identifier-operation-id	document	APIs/amazonaws.com/ds/2015-04-16/openapi.yaml	census 67	enumeration.tsv.gz
non-identifier-operation-id	document	APIs/amazonaws.com/dynamodb/2011-12-05/openapi.yaml	census 13	enumeration.tsv.gz
non-identifier-operation-id	document	APIs/amazonaws.com/dynamodb/2012-08-10/openapi.yaml	census 53	enumeration.tsv.gz
non-identifier-operation-id	document	APIs/amazonaws.com/ebs/2019-11-02/openapi.yaml	census 6	enumeration.tsv.gz
non-identifier-operation-id	document	APIs/amazonaws.com/ec2-instance-connect/2018-04-02/openapi.yaml	census 2	enumeration.tsv.gz
non-identifier-operation-id	document	APIs/amazonaws.com/ec2/2016-11-15/openapi.yaml	census 1188	enumeration.tsv.gz
non-identifier-operation-id	document	APIs/amazonaws.com/ecr-public/2020-10-30/openapi.yaml	census 23	enumeration.tsv.gz
non-identifier-operation-id	document	APIs/amazonaws.com/ecr/2015-09-21/openapi.yaml	census 41	enumeration.tsv.gz
non-identifier-operation-id	document	APIs/amazonaws.com/ecs/2014-11-13/openapi.yaml	census 56	enumeration.tsv.gz
non-identifier-operation-id	document	APIs/amazonaws.com/eks/2017-11-01/openapi.yaml	census 35	enumeration.tsv.gz
non-identifier-operation-id	document	APIs/amazonaws.com/elastic-inference/2017-07-25/openapi.yaml	census 6	enumeration.tsv.gz
non-identifier-operation-id	document	APIs/amazonaws.com/elasticache/2015-02-02/openapi.yaml	census 130	enumeration.tsv.gz
non-identifier-operation-id	document	APIs/amazonaws.com/elasticbeanstalk/2010-12-01/openapi.yaml	census 94	enumeration.tsv.gz
non-identifier-operation-id	document	APIs/amazonaws.com/elasticfilesystem/2015-02-01/openapi.yaml	census 30	enumeration.tsv.gz
non-identifier-operation-id	document	APIs/amazonaws.com/elasticloadbalancing/2012-06-01/openapi.yaml	census 58	enumeration.tsv.gz
non-identifier-operation-id	document	APIs/amazonaws.com/elasticloadbalancingv2/2015-12-01/openapi.yaml	census 68	enumeration.tsv.gz
non-identifier-operation-id	document	APIs/amazonaws.com/elasticmapreduce/2009-03-31/openapi.yaml	census 54	enumeration.tsv.gz
non-identifier-operation-id	document	APIs/amazonaws.com/elastictranscoder/2012-09-25/openapi.yaml	census 17	enumeration.tsv.gz
non-identifier-operation-id	document	APIs/amazonaws.com/email/2010-12-01/openapi.yaml	census 142	enumeration.tsv.gz
non-identifier-operation-id	document	APIs/amazonaws.com/emr-containers/2020-10-01/openapi.yaml	census 20	enumeration.tsv.gz
non-identifier-operation-id	document	APIs/amazonaws.com/emr-serverless/2021-07-13/openapi.yaml	census 15	enumeration.tsv.gz
non-identifier-operation-id	document	APIs/amazonaws.com/entitlement.marketplace/2017-01-11/openapi.yaml	census 1	enumeration.tsv.gz
non-identifier-operation-id	document	APIs/amazonaws.com/entityresolution/2018-05-10/openapi.yaml	census 16	enumeration.tsv.gz
non-identifier-operation-id	document	APIs/amazonaws.com/es/2015-01-01/openapi.yaml	census 50	enumeration.tsv.gz
non-identifier-operation-id	document	APIs/amazonaws.com/eventbridge/2015-10-07/openapi.yaml	census 56	enumeration.tsv.gz
non-identifier-operation-id	document	APIs/amazonaws.com/events/2015-10-07/openapi.yaml	census 51	enumeration.tsv.gz
non-identifier-operation-id	document	APIs/amazonaws.com/evidently/2021-02-01/openapi.yaml	census 38	enumeration.tsv.gz
non-identifier-operation-id	document	APIs/amazonaws.com/finspace-data/2020-07-13/openapi.yaml	census 31	enumeration.tsv.gz
non-identifier-operation-id	document	APIs/amazonaws.com/finspace/2021-03-12/openapi.yaml	census 34	enumeration.tsv.gz
non-identifier-operation-id	document	APIs/amazonaws.com/firehose/2015-08-04/openapi.yaml	census 12	enumeration.tsv.gz
non-identifier-operation-id	document	APIs/amazonaws.com/fis/2020-12-01/openapi.yaml	census 16	enumeration.tsv.gz
non-identifier-operation-id	document	APIs/amazonaws.com/fms/2018-01-01/openapi.yaml	census 42	enumeration.tsv.gz
non-identifier-operation-id	document	APIs/amazonaws.com/forecast/2018-06-26/openapi.yaml	census 63	enumeration.tsv.gz
non-identifier-operation-id	document	APIs/amazonaws.com/forecastquery/2018-06-26/openapi.yaml	census 2	enumeration.tsv.gz
non-identifier-operation-id	document	APIs/amazonaws.com/frauddetector/2019-11-15/openapi.yaml	census 73	enumeration.tsv.gz
non-identifier-operation-id	document	APIs/amazonaws.com/fsx/2018-03-01/openapi.yaml	census 41	enumeration.tsv.gz
non-identifier-operation-id	document	APIs/amazonaws.com/gamelift/2015-10-01/openapi.yaml	census 104	enumeration.tsv.gz
non-identifier-operation-id	document	APIs/amazonaws.com/gamesparks/2021-08-17/openapi.yaml	census 33	enumeration.tsv.gz
non-identifier-operation-id	document	APIs/amazonaws.com/glacier/2012-06-01/openapi.yaml	census 33	enumeration.tsv.gz
non-identifier-operation-id	document	APIs/amazonaws.com/globalaccelerator/2018-08-08/openapi.yaml	census 49	enumeration.tsv.gz
non-identifier-operation-id	document	APIs/amazonaws.com/glue/2017-03-31/openapi.yaml	census 202	enumeration.tsv.gz
non-identifier-operation-id	document	APIs/amazonaws.com/grafana/2020-08-18/openapi.yaml	census 19	enumeration.tsv.gz
non-identifier-operation-id	document	APIs/amazonaws.com/greengrass/2017-06-07/openapi.yaml	census 92	enumeration.tsv.gz
non-identifier-operation-id	document	APIs/amazonaws.com/greengrassv2/2020-11-30/openapi.yaml	census 29	enumeration.tsv.gz
non-identifier-operation-id	document	APIs/amazonaws.com/groundstation/2019-05-23/openapi.yaml	census 33	enumeration.tsv.gz
non-identifier-operation-id	document	APIs/amazonaws.com/guardduty/2017-11-28/openapi.yaml	census 68	enumeration.tsv.gz
non-identifier-operation-id	document	APIs/amazonaws.com/health/2016-08-04/openapi.yaml	census 13	enumeration.tsv.gz
non-identifier-operation-id	document	APIs/amazonaws.com/healthlake/2017-07-01/openapi.yaml	census 13	enumeration.tsv.gz
non-identifier-operation-id	document	APIs/amazonaws.com/honeycode/2020-03-01/openapi.yaml	census 15	enumeration.tsv.gz
non-identifier-operation-id	document	APIs/amazonaws.com/iam/2010-05-08/openapi.yaml	census 318	enumeration.tsv.gz
non-identifier-operation-id	document	APIs/amazonaws.com/identitystore/2020-06-15/openapi.yaml	census 19	enumeration.tsv.gz
non-identifier-operation-id	document	APIs/amazonaws.com/imagebuilder/2019-12-02/openapi.yaml	census 56	enumeration.tsv.gz
non-identifier-operation-id	document	APIs/amazonaws.com/importexport/2010-06-01/openapi.yaml	census 12	enumeration.tsv.gz
non-identifier-operation-id	document	APIs/amazonaws.com/inspector/2016-02-16/openapi.yaml	census 37	enumeration.tsv.gz
non-identifier-operation-id	document	APIs/amazonaws.com/inspector2/2020-06-08/openapi.yaml	census 46	enumeration.tsv.gz
non-identifier-operation-id	document	APIs/amazonaws.com/internetmonitor/2021-06-03/openapi.yaml	census 10	enumeration.tsv.gz
non-identifier-operation-id	document	APIs/amazonaws.com/iot-data/2015-05-28/openapi.yaml	census 7	enumeration.tsv.gz
non-identifier-operation-id	document	APIs/amazonaws.com/iot-jobs-data/2017-09-29/openapi.yaml	census 4	enumeration.tsv.gz
non-identifier-operation-id	document	APIs/amazonaws.com/iot-roborunner/2018-05-10/openapi.yaml	census 20	enumeration.tsv.gz
non-identifier-operation-id	document	APIs/amazonaws.com/iot/2015-05-28/openapi.yaml	census 250	enumeration.tsv.gz
non-identifier-operation-id	document	APIs/amazonaws.com/iot1click-devices/2018-05-14/openapi.yaml	census 13	enumeration.tsv.gz
non-identifier-operation-id	document	APIs/amazonaws.com/iot1click-projects/2018-05-14/openapi.yaml	census 16	enumeration.tsv.gz
non-identifier-operation-id	document	APIs/amazonaws.com/iotanalytics/2017-11-27/openapi.yaml	census 34	enumeration.tsv.gz
non-identifier-operation-id	document	APIs/amazonaws.com/iotdeviceadvisor/2020-09-18/openapi.yaml	census 14	enumeration.tsv.gz
non-identifier-operation-id	document	APIs/amazonaws.com/iotevents-data/2018-10-23/openapi.yaml	census 12	enumeration.tsv.gz
non-identifier-operation-id	document	APIs/amazonaws.com/iotevents/2018-07-27/openapi.yaml	census 26	enumeration.tsv.gz
non-identifier-operation-id	document	APIs/amazonaws.com/iotfleethub/2020-11-03/openapi.yaml	census 8	enumeration.tsv.gz
non-identifier-operation-id	document	APIs/amazonaws.com/iotfleetwise/2021-06-17/openapi.yaml	census 50	enumeration.tsv.gz
non-identifier-operation-id	document	APIs/amazonaws.com/iotsecuretunneling/2018-10-05/openapi.yaml	census 8	enumeration.tsv.gz
non-identifier-operation-id	document	APIs/amazonaws.com/iotsitewise/2019-12-02/openapi.yaml	census 73	enumeration.tsv.gz
non-identifier-operation-id	document	APIs/amazonaws.com/iotthingsgraph/2018-09-06/openapi.yaml	census 35	enumeration.tsv.gz
non-identifier-operation-id	document	APIs/amazonaws.com/iottwinmaker/2021-11-29/openapi.yaml	census 34	enumeration.tsv.gz
non-identifier-operation-id	document	APIs/amazonaws.com/iotwireless/2020-11-22/openapi.yaml	census 109	enumeration.tsv.gz
non-identifier-operation-id	document	APIs/amazonaws.com/ivs-realtime/2020-07-14/openapi.yaml	census 15	enumeration.tsv.gz
non-identifier-operation-id	document	APIs/amazonaws.com/ivs/2020-07-14/openapi.yaml	census 30	enumeration.tsv.gz
non-identifier-operation-id	document	APIs/amazonaws.com/ivschat/2020-07-14/openapi.yaml	census 17	enumeration.tsv.gz
non-identifier-operation-id	document	APIs/amazonaws.com/kafka/2018-11-14/openapi.yaml	census 47	enumeration.tsv.gz
non-identifier-operation-id	document	APIs/amazonaws.com/kafkaconnect/2021-09-14/openapi.yaml	census 12	enumeration.tsv.gz
non-identifier-operation-id	document	APIs/amazonaws.com/kendra-ranking/2022-10-19/openapi.yaml	census 9	enumeration.tsv.gz
non-identifier-operation-id	document	APIs/amazonaws.com/kendra/2019-02-03/openapi.yaml	census 66	enumeration.tsv.gz
non-identifier-operation-id	document	APIs/amazonaws.com/keyspaces/2022-02-10/openapi.yaml	census 13	enumeration.tsv.gz
non-identifier-operation-id	document	APIs/amazonaws.com/kinesis-video-archived-media/2017-09-30/openapi.yaml	census 6	enumeration.tsv.gz
non-identifier-operation-id	document	APIs/amazonaws.com/kinesis-video-media/2017-09-30/openapi.yaml	census 1	enumeration.tsv.gz
non-identifier-operation-id	document	APIs/amazonaws.com/kinesis-video-signaling/2019-12-04/openapi.yaml	census 2	enumeration.tsv.gz
non-identifier-operation-id	document	APIs/amazonaws.com/kinesis-video-webrtc-storage/2018-05-10/openapi.yaml	census 1	enumeration.tsv.gz
non-identifier-operation-id	document	APIs/amazonaws.com/kinesis/2013-12-02/openapi.yaml	census 28	enumeration.tsv.gz
non-identifier-operation-id	document	APIs/amazonaws.com/kinesisanalytics/2015-08-14/openapi.yaml	census 20	enumeration.tsv.gz
non-identifier-operation-id	document	APIs/amazonaws.com/kinesisanalyticsv2/2018-05-23/openapi.yaml	census 31	enumeration.tsv.gz
non-identifier-operation-id	document	APIs/amazonaws.com/kinesisvideo/2017-09-30/openapi.yaml	census 30	enumeration.tsv.gz
non-identifier-operation-id	document	APIs/amazonaws.com/kms/2014-11-01/openapi.yaml	census 50	enumeration.tsv.gz
non-identifier-operation-id	document	APIs/amazonaws.com/lakeformation/2017-03-31/openapi.yaml	census 47	enumeration.tsv.gz
non-identifier-operation-id	document	APIs/amazonaws.com/lambda/2014-11-11/openapi.yaml	census 11	enumeration.tsv.gz
non-identifier-operation-id	document	APIs/amazonaws.com/lambda/2015-03-31/openapi.yaml	census 66	enumeration.tsv.gz
non-identifier-operation-id	document	APIs/amazonaws.com/lex-models/2017-04-19/openapi.yaml	census 42	enumeration.tsv.gz
non-identifier-operation-id	document	APIs/amazonaws.com/license-manager-linux-subscriptions/2018-05-10/openapi.yaml	census 4	enumeration.tsv.gz
non-identifier-operation-id	document	APIs/amazonaws.com/license-manager-user-subscriptions/2018-05-10/openapi.yaml	census 11	enumeration.tsv.gz
non-identifier-operation-id	document	APIs/amazonaws.com/license-manager/2018-08-01/openapi.yaml	census 50	enumeration.tsv.gz
non-identifier-operation-id	document	APIs/amazonaws.com/lightsail/2016-11-28/openapi.yaml	census 159	enumeration.tsv.gz
non-identifier-operation-id	document	APIs/amazonaws.com/location/2020-11-19/openapi.yaml	census 58	enumeration.tsv.gz
non-identifier-operation-id	document	APIs/amazonaws.com/logs/2014-03-28/openapi.yaml	census 51	enumeration.tsv.gz
non-identifier-operation-id	document	APIs/amazonaws.com/lookoutequipment/2020-12-15/openapi.yaml	census 41	enumeration.tsv.gz
non-identifier-operation-id	document	APIs/amazonaws.com/lookoutmetrics/2017-07-25/openapi.yaml	census 30	enumeration.tsv.gz
non-identifier-operation-id	document	APIs/amazonaws.com/lookoutvision/2020-11-20/openapi.yaml	census 22	enumeration.tsv.gz
non-identifier-operation-id	document	APIs/amazonaws.com/m2/2021-04-28/openapi.yaml	census 33	enumeration.tsv.gz
non-identifier-operation-id	document	APIs/amazonaws.com/machinelearning/2014-12-12/openapi.yaml	census 28	enumeration.tsv.gz
non-identifier-operation-id	document	APIs/amazonaws.com/macie/2017-12-19/openapi.yaml	census 7	enumeration.tsv.gz
non-identifier-operation-id	document	APIs/amazonaws.com/macie2/2020-01-01/openapi.yaml	census 79	enumeration.tsv.gz
non-identifier-operation-id	document	APIs/amazonaws.com/managedblockchain-query/2023-05-04/openapi.yaml	census 6	enumeration.tsv.gz
non-identifier-operation-id	document	APIs/amazonaws.com/managedblockchain/2018-09-24/openapi.yaml	census 27	enumeration.tsv.gz
non-identifier-operation-id	document	APIs/amazonaws.com/marketplace-catalog/2018-09-17/openapi.yaml	census 12	enumeration.tsv.gz
non-identifier-operation-id	document	APIs/amazonaws.com/marketplacecommerceanalytics/2015-07-01/openapi.yaml	census 2	enumeration.tsv.gz
non-identifier-operation-id	document	APIs/amazonaws.com/mediaconnect/2018-11-14/openapi.yaml	census 50	enumeration.tsv.gz
non-identifier-operation-id	document	APIs/amazonaws.com/mediaconvert/2017-08-29/openapi.yaml	census 28	enumeration.tsv.gz
non-identifier-operation-id	document	APIs/amazonaws.com/medialive/2017-10-14/openapi.yaml	census 62	enumeration.tsv.gz
non-identifier-operation-id	document	APIs/amazonaws.com/mediapackage-vod/2018-11-07/openapi.yaml	census 17	enumeration.tsv.gz
non-identifier-operation-id	document	APIs/amazonaws.com/mediapackage/2017-10-12/openapi.yaml	census 19	enumeration.tsv.gz
non-identifier-operation-id	document	APIs/amazonaws.com/mediapackagev2/2022-12-25/openapi.yaml	census 24	enumeration.tsv.gz
non-identifier-operation-id	document	APIs/amazonaws.com/mediastore-data/2017-09-01/openapi.yaml	census 5	enumeration.tsv.gz
non-identifier-operation-id	document	APIs/amazonaws.com/mediastore/2017-09-01/openapi.yaml	census 21	enumeration.tsv.gz
non-identifier-operation-id	document	APIs/amazonaws.com/mediatailor/2018-04-23/openapi.yaml	census 44	enumeration.tsv.gz
non-identifier-operation-id	document	APIs/amazonaws.com/medical-imaging/2023-07-19/openapi.yaml	census 18	enumeration.tsv.gz
non-identifier-operation-id	document	APIs/amazonaws.com/memorydb/2021-01-01/openapi.yaml	census 38	enumeration.tsv.gz
non-identifier-operation-id	document	APIs/amazonaws.com/meteringmarketplace/2016-01-14/openapi.yaml	census 4	enumeration.tsv.gz
non-identifier-operation-id	document	APIs/amazonaws.com/mgn/2020-02-26/openapi.yaml	census 65	enumeration.tsv.gz
non-identifier-operation-id	document	APIs/amazonaws.com/migration-hub-refactor-spaces/2021-10-26/openapi.yaml	census 24	enumeration.tsv.gz
non-identifier-operation-id	document	APIs/amazonaws.com/migrationhub-config/2019-06-30/openapi.yaml	census 3	enumeration.tsv.gz
non-identifier-operation-id	document	APIs/amazonaws.com/migrationhuborchestrator/2021-08-28/openapi.yaml	census 28	enumeration.tsv.gz
non-identifier-operation-id	document	APIs/amazonaws.com/migrationhubstrategy/2020-02-19/openapi.yaml	census 21	enumeration.tsv.gz
non-identifier-operation-id	document	APIs/amazonaws.com/mobile/2017-07-01/openapi.yaml	census 9	enumeration.tsv.gz
non-identifier-operation-id	document	APIs/amazonaws.com/mobileanalytics/2014-06-05/openapi.yaml	census 1	enumeration.tsv.gz
non-identifier-operation-id	document	APIs/amazonaws.com/models.lex.v2/2020-08-07/openapi.yaml	census 92	enumeration.tsv.gz
non-identifier-operation-id	document	APIs/amazonaws.com/monitoring/2010-08-01/openapi.yaml	census 76	enumeration.tsv.gz
non-identifier-operation-id	document	APIs/amazonaws.com/mq/2017-11-27/openapi.yaml	census 23	enumeration.tsv.gz
non-identifier-operation-id	document	APIs/amazonaws.com/mturk-requester/2017-01-17/openapi.yaml	census 39	enumeration.tsv.gz
non-identifier-operation-id	document	APIs/amazonaws.com/mwaa/2020-07-01/openapi.yaml	census 11	enumeration.tsv.gz
non-identifier-operation-id	document	APIs/amazonaws.com/neptune/2014-10-31/openapi.yaml	census 138	enumeration.tsv.gz
non-identifier-operation-id	document	APIs/amazonaws.com/network-firewall/2020-11-12/openapi.yaml	census 36	enumeration.tsv.gz
non-identifier-operation-id	document	APIs/amazonaws.com/networkmanager/2019-07-05/openapi.yaml	census 85	enumeration.tsv.gz
non-identifier-operation-id	document	APIs/amazonaws.com/nimble/2020-08-01/openapi.yaml	census 49	enumeration.tsv.gz
non-identifier-operation-id	document	APIs/amazonaws.com/oam/2022-06-10/openapi.yaml	census 15	enumeration.tsv.gz
non-identifier-operation-id	document	APIs/amazonaws.com/omics/2022-11-28/openapi.yaml	census 72	enumeration.tsv.gz
non-identifier-operation-id	document	APIs/amazonaws.com/opensearch/2021-01-01/openapi.yaml	census 54	enumeration.tsv.gz
non-identifier-operation-id	document	APIs/amazonaws.com/opensearchserverless/2021-11-01/openapi.yaml	census 31	enumeration.tsv.gz
non-identifier-operation-id	document	APIs/amazonaws.com/opsworks/2013-02-18/openapi.yaml	census 74	enumeration.tsv.gz
non-identifier-operation-id	document	APIs/amazonaws.com/opsworkscm/2016-11-01/openapi.yaml	census 19	enumeration.tsv.gz
non-identifier-operation-id	document	APIs/amazonaws.com/organizations/2016-11-28/openapi.yaml	census 55	enumeration.tsv.gz
non-identifier-operation-id	document	APIs/amazonaws.com/osis/2022-01-01/openapi.yaml	census 14	enumeration.tsv.gz
non-identifier-operation-id	document	APIs/amazonaws.com/outposts/2019-12-03/openapi.yaml	census 26	enumeration.tsv.gz
non-identifier-operation-id	document	APIs/amazonaws.com/panorama/2019-07-24/openapi.yaml	census 34	enumeration.tsv.gz
non-identifier-operation-id	document	APIs/amazonaws.com/payment-cryptography-data/2022-02-03/openapi.yaml	census 11	enumeration.tsv.gz
non-identifier-operation-id	document	APIs/amazonaws.com/payment-cryptography/2021-09-14/openapi.yaml	census 20	enumeration.tsv.gz
non-identifier-operation-id	document	APIs/amazonaws.com/personalize-events/2018-03-22/openapi.yaml	census 3	enumeration.tsv.gz
non-identifier-operation-id	document	APIs/amazonaws.com/personalize-runtime/2018-05-22/openapi.yaml	census 2	enumeration.tsv.gz
non-identifier-operation-id	document	APIs/amazonaws.com/personalize/2018-05-22/openapi.yaml	census 67	enumeration.tsv.gz
non-identifier-operation-id	document	APIs/amazonaws.com/pi/2018-02-27/openapi.yaml	census 6	enumeration.tsv.gz
non-identifier-operation-id	document	APIs/amazonaws.com/pinpoint-email/2018-07-26/openapi.yaml	census 42	enumeration.tsv.gz
non-identifier-operation-id	document	APIs/amazonaws.com/pinpoint-sms-voice-v2/2022-03-31/openapi.yaml	census 43	enumeration.tsv.gz
non-identifier-operation-id	document	APIs/amazonaws.com/pinpoint/2016-12-01/openapi.yaml	census 122	enumeration.tsv.gz
non-identifier-operation-id	document	APIs/amazonaws.com/pipes/2015-10-07/openapi.yaml	census 10	enumeration.tsv.gz
non-identifier-operation-id	document	APIs/amazonaws.com/polly/2016-06-10/openapi.yaml	census 9	enumeration.tsv.gz
non-identifier-operation-id	document	APIs/amazonaws.com/pricing/2017-10-15/openapi.yaml	census 5	enumeration.tsv.gz
non-identifier-operation-id	document	APIs/amazonaws.com/privatenetworks/2021-12-03/openapi.yaml	census 26	enumeration.tsv.gz
non-identifier-operation-id	document	APIs/amazonaws.com/proton/2020-07-20/openapi.yaml	census 87	enumeration.tsv.gz
non-identifier-operation-id	document	APIs/amazonaws.com/qldb-session/2019-07-11/openapi.yaml	census 1	enumeration.tsv.gz
non-identifier-operation-id	document	APIs/amazonaws.com/qldb/2019-01-02/openapi.yaml	census 20	enumeration.tsv.gz
non-identifier-operation-id	document	APIs/amazonaws.com/quicksight/2018-04-01/openapi.yaml	census 161	enumeration.tsv.gz
non-identifier-operation-id	document	APIs/amazonaws.com/ram/2018-01-04/openapi.yaml	census 34	enumeration.tsv.gz
non-identifier-operation-id	document	APIs/amazonaws.com/rbin/2021-06-15/openapi.yaml	census 10	enumeration.tsv.gz
non-identifier-operation-id	document	APIs/amazonaws.com/rds-data/2018-08-01/openapi.yaml	census 6	enumeration.tsv.gz
non-identifier-operation-id	document	APIs/amazonaws.com/rds/2013-01-10/openapi.yaml	census 100	enumeration.tsv.gz
non-identifier-operation-id	document	APIs/amazonaws.com/rds/2013-02-12/openapi.yaml	census 104	enumeration.tsv.gz
non-identifier-operation-id	document	APIs/amazonaws.com/rds/2013-09-09/openapi.yaml	census 104	enumeration.tsv.gz
non-identifier-operation-id	document	APIs/amazonaws.com/rds/2014-09-01/openapi.yaml	census 108	enumeration.tsv.gz
non-identifier-operation-id	document	APIs/amazonaws.com/rds/2014-10-31/openapi.yaml	census 286	enumeration.tsv.gz
non-identifier-operation-id	document	APIs/amazonaws.com/redshift-data/2019-12-20/openapi.yaml	census 10	enumeration.tsv.gz
non-identifier-operation-id	document	APIs/amazonaws.com/redshift-serverless/2021-04-21/openapi.yaml	census 40	enumeration.tsv.gz
non-identifier-operation-id	document	APIs/amazonaws.com/redshift/2012-12-01/openapi.yaml	census 246	enumeration.tsv.gz
non-identifier-operation-id	document	APIs/amazonaws.com/rekognition/2016-06-27/openapi.yaml	census 72	enumeration.tsv.gz
non-identifier-operation-id	document	APIs/amazonaws.com/resiliencehub/2020-04-30/openapi.yaml	census 54	enumeration.tsv.gz
non-identifier-operation-id	document	APIs/amazonaws.com/resource-explorer/2-2022-07-28/openapi.yaml	census 19	enumeration.tsv.gz
non-identifier-operation-id	document	APIs/amazonaws.com/resource-groups/2017-11-27/openapi.yaml	census 18	enumeration.tsv.gz
non-identifier-operation-id	document	APIs/amazonaws.com/resourcegroupstaggingapi/2017-01-26/openapi.yaml	census 8	enumeration.tsv.gz
non-identifier-operation-id	document	APIs/amazonaws.com/robomaker/2018-06-29/openapi.yaml	census 57	enumeration.tsv.gz
non-identifier-operation-id	document	APIs/amazonaws.com/rolesanywhere/2018-05-10/openapi.yaml	census 28	enumeration.tsv.gz
non-identifier-operation-id	document	APIs/amazonaws.com/route53-recovery-cluster/2019-12-02/openapi.yaml	census 4	enumeration.tsv.gz
non-identifier-operation-id	document	APIs/amazonaws.com/route53-recovery-control-config/2020-11-02/openapi.yaml	census 23	enumeration.tsv.gz
non-identifier-operation-id	document	APIs/amazonaws.com/route53-recovery-readiness/2019-12-02/openapi.yaml	census 32	enumeration.tsv.gz
non-identifier-operation-id	document	APIs/amazonaws.com/route53/2013-04-01/openapi.yaml	census 70	enumeration.tsv.gz
non-identifier-operation-id	document	APIs/amazonaws.com/route53domains/2014-05-15/openapi.yaml	census 34	enumeration.tsv.gz
non-identifier-operation-id	document	APIs/amazonaws.com/route53resolver/2018-04-01/openapi.yaml	census 68	enumeration.tsv.gz
non-identifier-operation-id	document	APIs/amazonaws.com/rum/2018-05-10/openapi.yaml	census 17	enumeration.tsv.gz
non-identifier-operation-id	document	APIs/amazonaws.com/runtime.lex.v2/2020-08-07/openapi.yaml	census 5	enumeration.tsv.gz
non-identifier-operation-id	document	APIs/amazonaws.com/runtime.lex/2016-11-28/openapi.yaml	census 5	enumeration.tsv.gz
non-identifier-operation-id	document	APIs/amazonaws.com/runtime.sagemaker/2017-05-13/openapi.yaml	census 2	enumeration.tsv.gz
non-identifier-operation-id	document	APIs/amazonaws.com/s3/2006-03-01/openapi.yaml	census 97	enumeration.tsv.gz
non-identifier-operation-id	document	APIs/amazonaws.com/s3control/2018-08-20/openapi.yaml	census 64	enumeration.tsv.gz
non-identifier-operation-id	document	APIs/amazonaws.com/s3outposts/2017-07-25/openapi.yaml	census 5	enumeration.tsv.gz
non-identifier-operation-id	document	APIs/amazonaws.com/sagemaker-a2i-runtime/2019-11-07/openapi.yaml	census 5	enumeration.tsv.gz
non-identifier-operation-id	document	APIs/amazonaws.com/sagemaker-edge/2020-09-23/openapi.yaml	census 3	enumeration.tsv.gz
non-identifier-operation-id	document	APIs/amazonaws.com/sagemaker-featurestore-runtime/2020-07-01/openapi.yaml	census 4	enumeration.tsv.gz
non-identifier-operation-id	document	APIs/amazonaws.com/sagemaker-geospatial/2020-05-27/openapi.yaml	census 19	enumeration.tsv.gz
non-identifier-operation-id	document	APIs/amazonaws.com/sagemaker-metrics/2022-09-30/openapi.yaml	census 1	enumeration.tsv.gz
non-identifier-operation-id	document	APIs/amazonaws.com/sagemaker/2017-07-24/openapi.yaml	census 304	enumeration.tsv.gz
non-identifier-operation-id	document	APIs/amazonaws.com/savingsplans/2019-06-28/openapi.yaml	census 9	enumeration.tsv.gz
non-identifier-operation-id	document	APIs/amazonaws.com/scheduler/2021-06-30/openapi.yaml	census 12	enumeration.tsv.gz
non-identifier-operation-id	document	APIs/amazonaws.com/schemas/2019-12-02/openapi.yaml	census 31	enumeration.tsv.gz
non-identifier-operation-id	document	APIs/amazonaws.com/sdb/2009-04-15/openapi.yaml	census 20	enumeration.tsv.gz
non-identifier-operation-id	document	APIs/amazonaws.com/secretsmanager/2017-10-17/openapi.yaml	census 22	enumeration.tsv.gz
non-identifier-operation-id	document	APIs/amazonaws.com/securityhub/2018-10-26/openapi.yaml	census 67	enumeration.tsv.gz
non-identifier-operation-id	document	APIs/amazonaws.com/securitylake/2018-05-10/openapi.yaml	census 31	enumeration.tsv.gz
non-identifier-operation-id	document	APIs/amazonaws.com/serverlessrepo/2017-09-08/openapi.yaml	census 14	enumeration.tsv.gz
non-identifier-operation-id	document	APIs/amazonaws.com/service-quotas/2019-06-24/openapi.yaml	census 19	enumeration.tsv.gz
non-identifier-operation-id	document	APIs/amazonaws.com/servicecatalog-appregistry/2020-06-24/openapi.yaml	census 24	enumeration.tsv.gz
non-identifier-operation-id	document	APIs/amazonaws.com/servicecatalog/2015-12-10/openapi.yaml	census 90	enumeration.tsv.gz
non-identifier-operation-id	document	APIs/amazonaws.com/servicediscovery/2017-03-14/openapi.yaml	census 26	enumeration.tsv.gz
non-identifier-operation-id	document	APIs/amazonaws.com/sesv2/2019-09-27/openapi.yaml	census 87	enumeration.tsv.gz
non-identifier-operation-id	document	APIs/amazonaws.com/shield/2016-06-02/openapi.yaml	census 36	enumeration.tsv.gz
non-identifier-operation-id	document	APIs/amazonaws.com/signer/2017-08-25/openapi.yaml	census 19	enumeration.tsv.gz
non-identifier-operation-id	document	APIs/amazonaws.com/simspaceweaver/2022-10-28/openapi.yaml	census 16	enumeration.tsv.gz
non-identifier-operation-id	document	APIs/amazonaws.com/sms-voice/2018-09-05/openapi.yaml	census 8	enumeration.tsv.gz
non-identifier-operation-id	document	APIs/amazonaws.com/sms/2016-10-24/openapi.yaml	census 35	enumeration.tsv.gz
non-identifier-operation-id	document	APIs/amazonaws.com/snow-device-management/2021-08-04/openapi.yaml	census 13	enumeration.tsv.gz
non-identifier-operation-id	document	APIs/amazonaws.com/snowball/2016-06-30/openapi.yaml	census 27	enumeration.tsv.gz
non-identifier-operation-id	document	APIs/amazonaws.com/sns/2010-03-31/openapi.yaml	census 84	enumeration.tsv.gz
non-identifier-operation-id	document	APIs/amazonaws.com/sqs/2012-11-05/openapi.yaml	census 46	enumeration.tsv.gz
non-identifier-operation-id	document	APIs/amazonaws.com/ssm-contacts/2021-05-03/openapi.yaml	census 39	enumeration.tsv.gz
non-identifier-operation-id	document	APIs/amazonaws.com/ssm-incidents/2018-05-10/openapi.yaml	census 29	enumeration.tsv.gz
non-identifier-operation-id	document	APIs/amazonaws.com/ssm-sap/2018-05-10/openapi.yaml	census 18	enumeration.tsv.gz
non-identifier-operation-id	document	APIs/amazonaws.com/ssm/2014-11-06/openapi.yaml	census 138	enumeration.tsv.gz
non-identifier-operation-id	document	APIs/amazonaws.com/sso-admin/2020-07-20/openapi.yaml	census 37	enumeration.tsv.gz
non-identifier-operation-id	document	APIs/amazonaws.com/sso-oidc/2019-06-10/openapi.yaml	census 3	enumeration.tsv.gz
non-identifier-operation-id	document	APIs/amazonaws.com/sso/2019-06-10/openapi.yaml	census 4	enumeration.tsv.gz
non-identifier-operation-id	document	APIs/amazonaws.com/states/2016-11-23/openapi.yaml	census 34	enumeration.tsv.gz
non-identifier-operation-id	document	APIs/amazonaws.com/storagegateway/2013-06-30/openapi.yaml	census 90	enumeration.tsv.gz
non-identifier-operation-id	document	APIs/amazonaws.com/streams.dynamodb/2012-08-10/openapi.yaml	census 4	enumeration.tsv.gz
non-identifier-operation-id	document	APIs/amazonaws.com/sts/2011-06-15/openapi.yaml	census 16	enumeration.tsv.gz
non-identifier-operation-id	document	APIs/amazonaws.com/support-app/2021-08-20/openapi.yaml	census 10	enumeration.tsv.gz
non-identifier-operation-id	document	APIs/amazonaws.com/support/2013-04-15/openapi.yaml	census 16	enumeration.tsv.gz
non-identifier-operation-id	document	APIs/amazonaws.com/swf/2012-01-25/openapi.yaml	census 37	enumeration.tsv.gz
non-identifier-operation-id	document	APIs/amazonaws.com/synthetics/2017-10-11/openapi.yaml	census 21	enumeration.tsv.gz
non-identifier-operation-id	document	APIs/amazonaws.com/textract/2018-06-27/openapi.yaml	census 13	enumeration.tsv.gz
non-identifier-operation-id	document	APIs/amazonaws.com/timestream-query/2018-11-01/openapi.yaml	census 13	enumeration.tsv.gz
non-identifier-operation-id	document	APIs/amazonaws.com/timestream-write/2018-11-01/openapi.yaml	census 19	enumeration.tsv.gz
non-identifier-operation-id	document	APIs/amazonaws.com/tnb/2008-10-21/openapi.yaml	census 33	enumeration.tsv.gz
non-identifier-operation-id	document	APIs/amazonaws.com/transcribe/2017-10-26/openapi.yaml	census 39	enumeration.tsv.gz
non-identifier-operation-id	document	APIs/amazonaws.com/transfer/2018-11-05/openapi.yaml	census 59	enumeration.tsv.gz
non-identifier-operation-id	document	APIs/amazonaws.com/translate/2017-07-01/openapi.yaml	census 19	enumeration.tsv.gz
non-identifier-operation-id	document	APIs/amazonaws.com/verifiedpermissions/2021-12-01/openapi.yaml	census 24	enumeration.tsv.gz
non-identifier-operation-id	document	APIs/amazonaws.com/voice-id/2021-09-27/openapi.yaml	census 29	enumeration.tsv.gz
non-identifier-operation-id	document	APIs/amazonaws.com/vpc-lattice/2022-11-30/openapi.yaml	census 52	enumeration.tsv.gz
non-identifier-operation-id	document	APIs/amazonaws.com/waf-regional/2016-11-28/openapi.yaml	census 81	enumeration.tsv.gz
non-identifier-operation-id	document	APIs/amazonaws.com/waf/2015-08-24/openapi.yaml	census 77	enumeration.tsv.gz
non-identifier-operation-id	document	APIs/amazonaws.com/wafv2/2019-07-29/openapi.yaml	census 53	enumeration.tsv.gz
non-identifier-operation-id	document	APIs/amazonaws.com/wellarchitected/2020-03-31/openapi.yaml	census 56	enumeration.tsv.gz
non-identifier-operation-id	document	APIs/amazonaws.com/wisdom/2020-10-19/openapi.yaml	census 31	enumeration.tsv.gz
non-identifier-operation-id	document	APIs/amazonaws.com/workdocs/2016-05-01/openapi.yaml	census 44	enumeration.tsv.gz
non-identifier-operation-id	document	APIs/amazonaws.com/worklink/2018-09-25/openapi.yaml	census 33	enumeration.tsv.gz
non-identifier-operation-id	document	APIs/amazonaws.com/workmail/2017-10-01/openapi.yaml	census 80	enumeration.tsv.gz
non-identifier-operation-id	document	APIs/amazonaws.com/workmailmessageflow/2019-05-01/openapi.yaml	census 2	enumeration.tsv.gz
non-identifier-operation-id	document	APIs/amazonaws.com/workspaces-web/2020-07-08/openapi.yaml	census 58	enumeration.tsv.gz
non-identifier-operation-id	document	APIs/amazonaws.com/workspaces/2015-04-08/openapi.yaml	census 65	enumeration.tsv.gz
non-identifier-operation-id	document	APIs/amazonaws.com/xray/2016-04-12/openapi.yaml	census 30	enumeration.tsv.gz
non-identifier-operation-id	document	APIs/amentum.space/atmosphere/1.1.1/openapi.yaml	census 3	enumeration.tsv.gz
non-identifier-operation-id	document	APIs/amentum.space/aviation_radiation/1.5.0/openapi.yaml	census 7	enumeration.tsv.gz
non-identifier-operation-id	document	APIs/amentum.space/global-magnet/1.3.0/openapi.yaml	census 1	enumeration.tsv.gz
non-identifier-operation-id	document	APIs/amentum.space/gravity/1.1.1/openapi.yaml	census 2	enumeration.tsv.gz
non-identifier-operation-id	document	APIs/amentum.space/space_radiation/1.1.2/openapi.yaml	census 3	enumeration.tsv.gz
non-identifier-operation-id	document	APIs/anchore.io/0.1.20/openapi.yaml	census 112	enumeration.tsv.gz
non-identifier-operation-id	document	APIs/apache.org/airflow/2.5.3/openapi.yaml	census 73	enumeration.tsv.gz
non-identifier-operation-id	document	APIs/apache.org/qakka/v1/openapi.yaml	census 10	enumeration.tsv.gz
non-identifier-operation-id	document	APIs/apacta.com/0.0.42/openapi.yaml	census 47	enumeration.tsv.gz
non-identifier-operation-id	document	APIs/api.gov.uk/vehicle-enquiry/1.1.0/openapi.yaml	census 1	enumeration.tsv.gz
non-identifier-operation-id	document	APIs/api.video/1/openapi.yaml	census 47	enumeration.tsv.gz
non-identifier-operation-id	document	APIs/api2cart.com/1.1/openapi.yaml	census 147	enumeration.tsv.gz
non-identifier-operation-id	document	APIs/api2pdf.com/1.0.0/openapi.yaml	census 9	enumeration.tsv.gz
non-identifier-operation-id	document	APIs/apicurio.local/registry/1.3.2.Final/openapi.yaml	census 33	enumeration.tsv.gz
non-identifier-operation-id	document	APIs/apicurio.local/registry/2.4.x/openapi.yaml	census 65	enumeration.tsv.gz
non-identifier-operation-id	document	APIs/apideck.com/accounting/10.0.0/openapi.yaml	census 58	enumeration.tsv.gz
non-identifier-operation-id	document	APIs/apideck.com/ats/10.0.0/openapi.yaml	census 12	enumeration.tsv.gz
non-identifier-operation-id	document	APIs/apideck.com/connector/10.0.0/openapi.yaml	census 10	enumeration.tsv.gz
non-identifier-operation-id	document	APIs/apideck.com/crm/10.0.0/openapi.yaml	census 40	enumeration.tsv.gz
non-identifier-operation-id	document	APIs/apideck.com/customer-support/9.5.0/openapi.yaml	census 5	enumeration.tsv.gz
non-identifier-operation-id	document	APIs/apideck.com/ecommerce/10.0.0/openapi.yaml	census 7	enumeration.tsv.gz
non-identifier-operation-id	document	APIs/apideck.com/ecosystem/0.0.6/openapi.yaml	census 12	enumeration.tsv.gz
non-identifier-operation-id	document	APIs/apideck.com/file-storage/10.0.0/openapi.yaml	census 33	enumeration.tsv.gz
non-identifier-operation-id	document	APIs/apideck.com/hris/10.0.0/openapi.yaml	census 25	enumeration.tsv.gz
non-identifier-operation-id	document	APIs/apideck.com/issue-tracking/10.0.0/openapi.yaml	census 15	enumeration.tsv.gz
non-identifier-operation-id	document	APIs/apideck.com/lead/10.0.0/openapi.yaml	census 5	enumeration.tsv.gz
non-identifier-operation-id	document	APIs/apideck.com/pos/10.0.0/openapi.yaml	census 46	enumeration.tsv.gz
non-identifier-operation-id	document	APIs/apideck.com/proxy/10.0.0/openapi.yaml	census 6	enumeration.tsv.gz
non-identifier-operation-id	document	APIs/apideck.com/sms/10.0.0/openapi.yaml	census 5	enumeration.tsv.gz
non-identifier-operation-id	document	APIs/apideck.com/vault/10.0.0/openapi.yaml	census 27	enumeration.tsv.gz
non-identifier-operation-id	document	APIs/apideck.com/webhook/10.0.0/openapi.yaml	census 10	enumeration.tsv.gz
non-identifier-operation-id	document	APIs/apigee.local/registry/0.0.1/openapi.yaml	census 35	enumeration.tsv.gz
non-identifier-operation-id	document	APIs/apigee.net/marketcheck-cars/2.01/openapi.yaml	census 25	enumeration.tsv.gz
non-identifier-operation-id	document	APIs/apimatic.io/1.0/openapi.yaml	census 1	enumeration.tsv.gz
non-identifier-operation-id	document	APIs/apis.guru/2.2.0/openapi.yaml	census 7	enumeration.tsv.gz
non-identifier-operation-id	document	APIs/apisetu.gov.in/aaharjh/3.0.0/openapi.yaml	census 1	enumeration.tsv.gz
non-identifier-operation-id	document	APIs/apisetu.gov.in/acko/3.0.0/openapi.yaml	census 3	enumeration.tsv.gz
non-identifier-operation-id	document	APIs/apisetu.gov.in/agtripura/3.0.0/openapi.yaml	census 2	enumeration.tsv.gz
non-identifier-operation-id	document	APIs/apisetu.gov.in/aharakar/3.0.0/openapi.yaml	census 1	enumeration.tsv.gz
non-identifier-operation-id	document	APIs/apisetu.gov.in/aiimsmangalagiri/3.0.0/openapi.yaml	census 1	enumeration.tsv.gz
non-identifier-operation-id	document	APIs/apisetu.gov.in/aiimspatna/3.0.0/openapi.yaml	census 1	enumeration.tsv.gz
non-identifier-operation-id	document	APIs/apisetu.gov.in/aiimsrishikesh/3.0.0/openapi.yaml	census 1	enumeration.tsv.gz
non-identifier-operation-id	document	APIs/apisetu.gov.in/aktu/3.0.0/openapi.yaml	census 2	enumeration.tsv.gz
non-identifier-operation-id	document	APIs/apisetu.gov.in/apmcservices/3.0.0/openapi.yaml	census 1	enumeration.tsv.gz
non-identifier-operation-id	document	APIs/apisetu.gov.in/asrb/3.0.0/openapi.yaml	census 1	enumeration.tsv.gz
non-identifier-operation-id	document	APIs/apisetu.gov.in/bajajallianz/3.0.0/openapi.yaml	census 7	enumeration.tsv.gz
non-identifier-operation-id	document	APIs/apisetu.gov.in/bajajallianzlife/3.0.0/openapi.yaml	census 1	enumeration.tsv.gz
non-identifier-operation-id	document	APIs/apisetu.gov.in/barti/3.0.0/openapi.yaml	census 1	enumeration.tsv.gz
non-identifier-operation-id	document	APIs/apisetu.gov.in/bharatpetroleum/3.0.0/openapi.yaml	census 1	enumeration.tsv.gz
non-identifier-operation-id	document	APIs/apisetu.gov.in/bhartiaxagi/3.0.0/openapi.yaml	census 5	enumeration.tsv.gz
non-identifier-operation-id	document	APIs/apisetu.gov.in/bhavishya/3.0.0/openapi.yaml	census 1	enumeration.tsv.gz
non-identifier-operation-id	document	APIs/apisetu.gov.in/biharboard/3.0.0/openapi.yaml	census 2	enumeration.tsv.gz
non-identifier-operation-id	document	APIs/apisetu.gov.in/bput/3.0.0/openapi.yaml	census 1	enumeration.tsv.gz
non-identifier-operation-id	document	APIs/apisetu.gov.in/bsehr/3.0.0/openapi.yaml	census 2	enumeration.tsv.gz
non-identifier-operation-id	document	APIs/apisetu.gov.in/cbse/3.0.0/openapi.yaml	census 16	enumeration.tsv.gz
non-identifier-operation-id	document	APIs/apisetu.gov.in/cgbse/3.0.0/openapi.yaml	census 2	enumeration.tsv.gz
non-identifier-operation-id	document	APIs/apisetu.gov.in/chennaicorp/3.0.0/openapi.yaml	census 2	enumeration.tsv.gz
non-identifier-operation-id	document	APIs/apisetu.gov.in/chitkarauniversity/3.0.0/openapi.yaml	census 1	enumeration.tsv.gz
non-identifier-operation-id	document	APIs/apisetu.gov.in/cholainsurance/3.0.0/openapi.yaml	census 2	enumeration.tsv.gz
non-identifier-operation-id	document	APIs/apisetu.gov.in/cisce/3.0.0/openapi.yaml	census 5	enumeration.tsv.gz
non-identifier-operation-id	document	APIs/apisetu.gov.in/civilsupplieskerala/3.0.0/openapi.yaml	census 1	enumeration.tsv.gz
non-identifier-operation-id	document	APIs/apisetu.gov.in/cpctmp/3.0.0/openapi.yaml	census 1	enumeration.tsv.gz
non-identifier-operation-id	document	APIs/apisetu.gov.in/csc/3.0.0/openapi.yaml	census 1	enumeration.tsv.gz
non-identifier-operation-id	document	APIs/apisetu.gov.in/dbraitandaman/3.0.0/openapi.yaml	census 1	enumeration.tsv.gz
non-identifier-operation-id	document	APIs/apisetu.gov.in/dgecerttn/3.0.0/openapi.yaml	census 2	enumeration.tsv.gz
non-identifier-operation-id	document	APIs/apisetu.gov.in/dgft/3.0.0/openapi.yaml	census 1	enumeration.tsv.gz
non-identifier-operation-id	document	APIs/apisetu.gov.in/dhsekerala/3.0.0/openapi.yaml	census 1	enumeration.tsv.gz
non-identifier-operation-id	document	APIs/apisetu.gov.in/ditarunachal/3.0.0/openapi.yaml	census 1	enumeration.tsv.gz
non-identifier-operation-id	document	APIs/apisetu.gov.in/ditch/3.0.0/openapi.yaml	census 4	enumeration.tsv.gz
non-identifier-operation-id	document	APIs/apisetu.gov.in/dittripura/3.0.0/openapi.yaml	census 18	enumeration.tsv.gz
non-identifier-operation-id	document	APIs/apisetu.gov.in/duexam/3.0.0/openapi.yaml	census 1	enumeration.tsv.gz
non-identifier-operation-id	document	APIs/apisetu.gov.in/edistrictandaman/3.0.0/openapi.yaml	census 12	enumeration.tsv.gz
non-identifier-operation-id	document	APIs/apisetu.gov.in/edistricthp/3.0.0/openapi.yaml	census 32	enumeration.tsv.gz
non-identifier-operation-id	document	APIs/apisetu.gov.in/edistrictkerala/3.0.0/openapi.yaml	census 24	enumeration.tsv.gz
non-identifier-operation-id	document	APIs/apisetu.gov.in/edistrictodisha/3.0.0/openapi.yaml	census 6	enumeration.tsv.gz
non-identifier-operation-id	document	APIs/apisetu.gov.in/edistrictodishasp/3.0.0/openapi.yaml	census 7	enumeration.tsv.gz
non-identifier-operation-id	document	APIs/apisetu.gov.in/edistrictpb/3.0.0/openapi.yaml	census 7	enumeration.tsv.gz
non-identifier-operation-id	document	APIs/apisetu.gov.in/edistrictup/3.0.0/openapi.yaml	census 6	enumeration.tsv.gz
non-identifier-operation-id	document	APIs/apisetu.gov.in/ehimapurtihp/3.0.0/openapi.yaml	census 1	enumeration.tsv.gz
non-identifier-operation-id	document	APIs/apisetu.gov.in/enibandhanjh/3.0.0/openapi.yaml	census 3	enumeration.tsv.gz
non-identifier-operation-id	document	APIs/apisetu.gov.in/epfindia/3.0.0/openapi.yaml	census 3	enumeration.tsv.gz
non-identifier-operation-id	document	APIs/apisetu.gov.in/epramanhp/3.0.0/openapi.yaml	census 14	enumeration.tsv.gz
non-identifier-operation-id	document	APIs/apisetu.gov.in/eservicearunachal/3.0.0/openapi.yaml	census 6	enumeration.tsv.gz
non-identifier-operation-id	document	APIs/apisetu.gov.in/fsdhr/3.0.0/openapi.yaml	census 1	enumeration.tsv.gz
non-identifier-operation-id	document	APIs/apisetu.gov.in/futuregenerali/3.0.0/openapi.yaml	census 5	enumeration.tsv.gz
non-identifier-operation-id	document	APIs/apisetu.gov.in/gadbih/3.0.0/openapi.yaml	census 4	enumeration.tsv.gz
non-identifier-operation-id	document	APIs/apisetu.gov.in/gauhati/3.0.0/openapi.yaml	census 1	enumeration.tsv.gz
non-identifier-operation-id	document	APIs/apisetu.gov.in/gbshse/3.0.0/openapi.yaml	census 1	enumeration.tsv.gz
non-identifier-operation-id	document	APIs/apisetu.gov.in/geetanjaliuniv/3.0.0/openapi.yaml	census 1	enumeration.tsv.gz
non-identifier-operation-id	document	APIs/apisetu.gov.in/gmch/3.0.0/openapi.yaml	census 1	enumeration.tsv.gz
non-identifier-operation-id	document	APIs/apisetu.gov.in/goawrd/3.0.0/openapi.yaml	census 3	enumeration.tsv.gz
non-identifier-operation-id	document	APIs/apisetu.gov.in/godigit/3.0.0/openapi.yaml	census 3	enumeration.tsv.gz
non-identifier-operation-id	document	APIs/apisetu.gov.in/gujaratvidyapith/3.0.0/openapi.yaml	census 1	enumeration.tsv.gz
non-identifier-operation-id	document	APIs/apisetu.gov.in/hindustanpetroleum/3.0.0/openapi.yaml	census 1	enumeration.tsv.gz
non-identifier-operation-id	document	APIs/apisetu.gov.in/hpayushboard/3.0.0/openapi.yaml	census 2	enumeration.tsv.gz
non-identifier-operation-id	document	APIs/apisetu.gov.in/hpbose/3.0.0/openapi.yaml	census 2	enumeration.tsv.gz
non-identifier-operation-id	document	APIs/apisetu.gov.in/hppanchayat/3.0.0/openapi.yaml	census 1	enumeration.tsv.gz
non-identifier-operation-id	document	APIs/apisetu.gov.in/hpsbys/3.0.0/openapi.yaml	census 1	enumeration.tsv.gz
non-identifier-operation-id	document	APIs/apisetu.gov.in/hpsssb/3.0.0/openapi.yaml	census 1	enumeration.tsv.gz
non-identifier-operation-id	document	APIs/apisetu.gov.in/hptechboard/3.0.0/openapi.yaml	census 1	enumeration.tsv.gz
non-identifier-operation-id	document	APIs/apisetu.gov.in/hsbte/3.0.0/openapi.yaml	census 1	enumeration.tsv.gz
non-identifier-operation-id	document	APIs/apisetu.gov.in/hsscboardmh/3.0.0/openapi.yaml	census 4	enumeration.tsv.gz
non-identifier-operation-id	document	APIs/apisetu.gov.in/icicilombard/3.0.0/openapi.yaml	census 7	enumeration.tsv.gz
non-identifier-operation-id	document	APIs/apisetu.gov.in/iciciprulife/3.0.0/openapi.yaml	census 1	enumeration.tsv.gz
non-identifier-operation-id	document	APIs/apisetu.gov.in/icsi/3.0.0/openapi.yaml	census 2	enumeration.tsv.gz
non-identifier-operation-id	document	APIs/apisetu.gov.in/igrmaharashtra/3.0.0/openapi.yaml	census 1	enumeration.tsv.gz
non-identifier-operation-id	document	APIs/apisetu.gov.in/insvalsura/3.0.0/openapi.yaml	census 2	enumeration.tsv.gz
non-identifier-operation-id	document	APIs/apisetu.gov.in/iocl/3.0.0/openapi.yaml	census 2	enumeration.tsv.gz
non-identifier-operation-id	document	APIs/apisetu.gov.in/issuer/3.0.0/openapi.yaml	census 2	enumeration.tsv.gz
non-identifier-operation-id	document	APIs/apisetu.gov.in/jac/3.0.0/openapi.yaml	census 4	enumeration.tsv.gz
non-identifier-operation-id	document	APIs/apisetu.gov.in/jeecup/3.0.0/openapi.yaml	census 1	enumeration.tsv.gz
non-identifier-operation-id	document	APIs/apisetu.gov.in/jharsewa/3.0.0/openapi.yaml	census 7	enumeration.tsv.gz
non-identifier-operation-id	document	APIs/apisetu.gov.in/jnrmand/3.0.0/openapi.yaml	census 1	enumeration.tsv.gz
non-identifier-operation-id	document	APIs/apisetu.gov.in/juit/3.0.0/openapi.yaml	census 1	enumeration.tsv.gz
non-identifier-operation-id	document	APIs/apisetu.gov.in/keralapsc/3.0.0/openapi.yaml	census 1	enumeration.tsv.gz
non-identifier-operation-id	document	APIs/apisetu.gov.in/kiadb/3.0.0/openapi.yaml	census 8	enumeration.tsv.gz
non-identifier-operation-id	document	APIs/apisetu.gov.in/kkhsou/3.0.0/openapi.yaml	census 1	enumeration.tsv.gz
non-identifier-operation-id	document	APIs/apisetu.gov.in/kotakgeneralinsurance/3.0.0/openapi.yaml	census 6	enumeration.tsv.gz
non-identifier-operation-id	document	APIs/apisetu.gov.in/kseebkr/3.0.0/openapi.yaml	census 1	enumeration.tsv.gz
non-identifier-operation-id	document	APIs/apisetu.gov.in/ktech/3.0.0/openapi.yaml	census 2	enumeration.tsv.gz
non-identifier-operation-id	document	APIs/apisetu.gov.in/labourbih/3.0.0/openapi.yaml	census 7	enumeration.tsv.gz
non-identifier-operation-id	document	APIs/apisetu.gov.in/landrecordskar/3.0.0/openapi.yaml	census 2	enumeration.tsv.gz
non-identifier-operation-id	document	APIs/apisetu.gov.in/lawcollegeandaman/3.0.0/openapi.yaml	census 1	enumeration.tsv.gz
non-identifier-operation-id	document	APIs/apisetu.gov.in/legalmetrologyup/3.0.0/openapi.yaml	census 4	enumeration.tsv.gz
non-identifier-operation-id	document	APIs/apisetu.gov.in/licindia/3.0.0/openapi.yaml	census 1	enumeration.tsv.gz
non-identifier-operation-id	document	APIs/apisetu.gov.in/maxlifeinsurance/3.0.0/openapi.yaml	census 1	enumeration.tsv.gz
non-identifier-operation-id	document	APIs/apisetu.gov.in/mbose/3.0.0/openapi.yaml	census 2	enumeration.tsv.gz
non-identifier-operation-id	document	APIs/apisetu.gov.in/mbse/3.0.0/openapi.yaml	census 4	enumeration.tsv.gz
non-identifier-operation-id	document	APIs/apisetu.gov.in/mcimindia/3.0.0/openapi.yaml	census 2	enumeration.tsv.gz
non-identifier-operation-id	document	APIs/apisetu.gov.in/meark/3.0.0/openapi.yaml	census 1	enumeration.tsv.gz
non-identifier-operation-id	document	APIs/apisetu.gov.in/mizoramlesde/3.0.0/openapi.yaml	census 1	enumeration.tsv.gz
non-identifier-operation-id	document	APIs/apisetu.gov.in/mizorampolice/3.0.0/openapi.yaml	census 1	enumeration.tsv.gz
non-identifier-operation-id	document	APIs/apisetu.gov.in/mpmsu/3.0.0/openapi.yaml	census 2	enumeration.tsv.gz
non-identifier-operation-id	document	APIs/apisetu.gov.in/mppmc/3.0.0/openapi.yaml	census 1	enumeration.tsv.gz
non-identifier-operation-id	document	APIs/apisetu.gov.in/mriu/3.0.0/openapi.yaml	census 1	enumeration.tsv.gz
non-identifier-operation-id	document	APIs/apisetu.gov.in/msde/3.0.0/openapi.yaml	census 1	enumeration.tsv.gz
non-identifier-operation-id	document	APIs/apisetu.gov.in/municipaladmin/3.0.0/openapi.yaml	census 4	enumeration.tsv.gz
non-identifier-operation-id	document	APIs/apisetu.gov.in/nationalinsurance/3.0.0/openapi.yaml	census 10	enumeration.tsv.gz
non-identifier-operation-id	document	APIs/apisetu.gov.in/ncert/3.0.0/openapi.yaml	census 1	enumeration.tsv.gz
non-identifier-operation-id	document	APIs/apisetu.gov.in/negd/3.0.0/openapi.yaml	census 1	enumeration.tsv.gz
non-identifier-operation-id	document	APIs/apisetu.gov.in/neilit/3.0.0/openapi.yaml	census 1	enumeration.tsv.gz
non-identifier-operation-id	document	APIs/apisetu.gov.in/newindia/3.0.0/openapi.yaml	census 7	enumeration.tsv.gz
non-identifier-operation-id	document	APIs/apisetu.gov.in/niesbud/3.0.0/openapi.yaml	census 1	enumeration.tsv.gz
non-identifier-operation-id	document	APIs/apisetu.gov.in/nios/3.0.0/openapi.yaml	census 6	enumeration.tsv.gz
non-identifier-operation-id	document	APIs/apisetu.gov.in/nitap/3.0.0/openapi.yaml	census 1	enumeration.tsv.gz
non-identifier-operation-id	document	APIs/apisetu.gov.in/nitp/3.0.0/openapi.yaml	census 1	enumeration.tsv.gz
non-identifier-operation-id	document	APIs/apisetu.gov.in/npsailu/3.0.0/openapi.yaml	census 1	enumeration.tsv.gz
non-identifier-operation-id	document	APIs/apisetu.gov.in/nsdcindia/3.0.0/openapi.yaml	census 2	enumeration.tsv.gz
non-identifier-operation-id	document	APIs/apisetu.gov.in/orientalinsurance/3.0.0/openapi.yaml	census 10	enumeration.tsv.gz
non-identifier-operation-id	document	APIs/apisetu.gov.in/pan/3.0.0/openapi.yaml	census 1	enumeration.tsv.gz
non-identifier-operation-id	document	APIs/apisetu.gov.in/pareekshabhavanker/3.0.0/openapi.yaml	census 1	enumeration.tsv.gz
non-identifier-operation-id	document	APIs/apisetu.gov.in/pblabour/3.0.0/openapi.yaml	census 3	enumeration.tsv.gz
non-identifier-operation-id	document	APIs/apisetu.gov.in/pgimer/3.0.0/openapi.yaml	census 1	enumeration.tsv.gz
non-identifier-operation-id	document	APIs/apisetu.gov.in/phedharyana/3.0.0/openapi.yaml	census 3	enumeration.tsv.gz
non-identifier-operation-id	document	APIs/apisetu.gov.in/pmjay/3.0.0/openapi.yaml	census 1	enumeration.tsv.gz
non-identifier-operation-id	document	APIs/apisetu.gov.in/pramericalife/3.0.0/openapi.yaml	census 1	enumeration.tsv.gz
non-identifier-operation-id	document	APIs/apisetu.gov.in/pseb/3.0.0/openapi.yaml	census 5	enumeration.tsv.gz
non-identifier-operation-id	document	APIs/apisetu.gov.in/puekar/3.0.0/openapi.yaml	census 1	enumeration.tsv.gz
non-identifier-operation-id	document	APIs/apisetu.gov.in/punjabteched/3.0.0/openapi.yaml	census 1	enumeration.tsv.gz
non-identifier-operation-id	document	APIs/apisetu.gov.in/rajasthandsa/3.0.0/openapi.yaml	census 1	enumeration.tsv.gz
non-identifier-operation-id	document	APIs/apisetu.gov.in/rajasthanrajeduboard/3.0.0/openapi.yaml	census 2	enumeration.tsv.gz
non-identifier-operation-id	document	APIs/apisetu.gov.in/reliancegeneral/3.0.0/openapi.yaml	census 6	enumeration.tsv.gz
non-identifier-operation-id	document	APIs/apisetu.gov.in/revenueassam/3.0.0/openapi.yaml	census 1	enumeration.tsv.gz
non-identifier-operation-id	document	APIs/apisetu.gov.in/revenueodisha/3.0.0/openapi.yaml	census 2	enumeration.tsv.gz
non-identifier-operation-id	document	APIs/apisetu.gov.in/sainikwelfarepud/3.0.0/openapi.yaml	census 1	enumeration.tsv.gz
non-identifier-operation-id	document	APIs/apisetu.gov.in/saralharyana/3.0.0/openapi.yaml	census 1	enumeration.tsv.gz
non-identifier-operation-id	document	APIs/apisetu.gov.in/sbigeneral/3.0.0/openapi.yaml	census 5	enumeration.tsv.gz
non-identifier-operation-id	document	APIs/apisetu.gov.in/scvtup/3.0.0/openapi.yaml	census 2	enumeration.tsv.gz
non-identifier-operation-id	document	APIs/apisetu.gov.in/sebaonline/3.0.0/openapi.yaml	census 1	enumeration.tsv.gz
non-identifier-operation-id	document	APIs/apisetu.gov.in/statisticsrajasthan/3.0.0/openapi.yaml	census 3	enumeration.tsv.gz
non-identifier-operation-id	document	APIs/apisetu.gov.in/swavlambancard/3.0.0/openapi.yaml	census 2	enumeration.tsv.gz
non-identifier-operation-id	document	APIs/apisetu.gov.in/tataaia/3.0.0/openapi.yaml	census 2	enumeration.tsv.gz
non-identifier-operation-id	document	APIs/apisetu.gov.in/tataaig/3.0.0/openapi.yaml	census 1	enumeration.tsv.gz
non-identifier-operation-id	document	APIs/apisetu.gov.in/tbse/3.0.0/openapi.yaml	census 1	enumeration.tsv.gz
non-identifier-operation-id	document	APIs/apisetu.gov.in/transport/3.0.0/openapi.yaml	census 5	enumeration.tsv.gz
non-identifier-operation-id	document	APIs/apisetu.gov.in/transportan/3.0.0/openapi.yaml	census 2	enumeration.tsv.gz
non-identifier-operation-id	document	APIs/apisetu.gov.in/transportap/3.0.0/openapi.yaml	census 2	enumeration.tsv.gz
non-identifier-operation-id	document	APIs/apisetu.gov.in/transportar/3.0.0/openapi.yaml	census 2	enumeration.tsv.gz
non-identifier-operation-id	document	APIs/apisetu.gov.in/transportas/3.0.0/openapi.yaml	census 2	enumeration.tsv.gz
non-identifier-operation-id	document	APIs/apisetu.gov.in/transportbr/3.0.0/openapi.yaml	census 2	enumeration.tsv.gz
non-identifier-operation-id	document	APIs/apisetu.gov.in/transportcg/3.0.0/openapi.yaml	census 2	enumeration.tsv.gz
non-identifier-operation-id	document	APIs/apisetu.gov.in/transportdd/3.0.0/openapi.yaml	census 2	enumeration.tsv.gz
non-identifier-operation-id	document	APIs/apisetu.gov.in/transportdh/3.0.0/openapi.yaml	census 2	enumeration.tsv.gz
non-identifier-operation-id	document	APIs/apisetu.gov.in/transportdl/3.0.0/openapi.yaml	census 2	enumeration.tsv.gz
non-identifier-operation-id	document	APIs/apisetu.gov.in/transportga/3.0.0/openapi.yaml	census 2	enumeration.tsv.gz
non-identifier-operation-id	document	APIs/apisetu.gov.in/transportgj/3.0.0/openapi.yaml	census 2	enumeration.tsv.gz
non-identifier-operation-id	document	APIs/apisetu.gov.in/transporthp/3.0.0/openapi.yaml	census 2	enumeration.tsv.gz
non-identifier-operation-id	document	APIs/apisetu.gov.in/transporthr/3.0.0/openapi.yaml	census 2	enumeration.tsv.gz
non-identifier-operation-id	document	APIs/apisetu.gov.in/transportjh/3.0.0/openapi.yaml	census 2	enumeration.tsv.gz
non-identifier-operation-id	document	APIs/apisetu.gov.in/transportjk/3.0.0/openapi.yaml	census 2	enumeration.tsv.gz
non-identifier-operation-id	document	APIs/apisetu.gov.in/transportka/3.0.0/openapi.yaml	census 2	enumeration.tsv.gz
non-identifier-operation-id	document	APIs/apisetu.gov.in/transportkl/3.0.0/openapi.yaml	census 2	enumeration.tsv.gz
non-identifier-operation-id	document	APIs/apisetu.gov.in/transportld/3.0.0/openapi.yaml	census 2	enumeration.tsv.gz
non-identifier-operation-id	document	APIs/apisetu.gov.in/transportmh/3.0.0/openapi.yaml	census 2	enumeration.tsv.gz
non-identifier-operation-id	document	APIs/apisetu.gov.in/transportml/3.0.0/openapi.yaml	census 2	enumeration.tsv.gz
non-identifier-operation-id	document	APIs/apisetu.gov.in/transportmn/3.0.0/openapi.yaml	census 2	enumeration.tsv.gz
non-identifier-operation-id	document	APIs/apisetu.gov.in/transportmp/3.0.0/openapi.yaml	census 2	enumeration.tsv.gz
non-identifier-operation-id	document	APIs/apisetu.gov.in/transportmz/3.0.0/openapi.yaml	census 2	enumeration.tsv.gz
non-identifier-operation-id	document	APIs/apisetu.gov.in/transportnl/3.0.0/openapi.yaml	census 2	enumeration.tsv.gz
non-identifier-operation-id	document	APIs/apisetu.gov.in/transportod/3.0.0/openapi.yaml	census 2	enumeration.tsv.gz
non-identifier-operation-id	document	APIs/apisetu.gov.in/transportpb/3.0.0/openapi.yaml	census 2	enumeration.tsv.gz
non-identifier-operation-id	document	APIs/apisetu.gov.in/transportpy/3.0.0/openapi.yaml	census 2	enumeration.tsv.gz
non-identifier-operation-id	document	APIs/apisetu.gov.in/transportrj/3.0.0/openapi.yaml	census 2	enumeration.tsv.gz
non-identifier-operation-id	document	APIs/apisetu.gov.in/transportsk/3.0.0/openapi.yaml	census 2	enumeration.tsv.gz
non-identifier-operation-id	document	APIs/apisetu.gov.in/transporttn/3.0.0/openapi.yaml	census 2	enumeration.tsv.gz
non-identifier-operation-id	document	APIs/apisetu.gov.in/transporttr/3.0.0/openapi.yaml	census 2	enumeration.tsv.gz
non-identifier-operation-id	document	APIs/apisetu.gov.in/transportts/3.0.0/openapi.yaml	census 2	enumeration.tsv.gz
non-identifier-operation-id	document	APIs/apisetu.gov.in/transportuk/3.0.0/openapi.yaml	census 2	enumeration.tsv.gz
non-identifier-operation-id	document	APIs/apisetu.gov.in/transportup/3.0.0/openapi.yaml	census 2	enumeration.tsv.gz
non-identifier-operation-id	document	APIs/apisetu.gov.in/transportwb/3.0.0/openapi.yaml	census 2	enumeration.tsv.gz
non-identifier-operation-id	document	APIs/apisetu.gov.in/ubseuk/3.0.0/openapi.yaml	census 3	enumeration.tsv.gz
non-identifier-operation-id	document	APIs/apisetu.gov.in/ucobank/3.0.0/openapi.yaml	census 1	enumeration.tsv.gz
non-identifier-operation-id	document	APIs/apisetu.gov.in/uiic/3.0.0/openapi.yaml	census 2	enumeration.tsv.gz
non-identifier-operation-id	document	APIs/apisetu.gov.in/upmsp/3.0.0/openapi.yaml	census 2	enumeration.tsv.gz
non-identifier-operation-id	document	APIs/apisetu.gov.in/vhseker/3.0.0/openapi.yaml	census 1	enumeration.tsv.gz
non-identifier-operation-id	document	APIs/apisetu.gov.in/vssut/3.0.0/openapi.yaml	census 1	enumeration.tsv.gz
non-identifier-operation-id	document	APIs/apispot.io/whois/2.0/openapi.yaml	census 8	enumeration.tsv.gz
non-identifier-operation-id	document	APIs/apiz.ebay.com/commerce-identity/v1.1.0/openapi.yaml	census 1	enumeration.tsv.gz
non-identifier-operation-id	document	APIs/apiz.ebay.com/sell-finances/v1.15.0/openapi.yaml	census 7	enumeration.tsv.gz
non-identifier-operation-id	document	APIs/appcenter.ms/v0.1/openapi.yaml	census 352	enumeration.tsv.gz
non-identifier-operation-id	document	APIs/apple.com/app-store-connect/1.4.1/openapi.yaml	census 252	enumeration.tsv.gz
non-identifier-operation-id	document	APIs/apple.com/sirikit-cloud-media/1.0.2/openapi.yaml	census 6	enumeration.tsv.gz
non-identifier-operation-id	document	APIs/apptigent.com/2021.1.01/openapi.yaml	census 88	enumeration.tsv.gz
non-identifier-operation-id	document	APIs/appwrite.io/client/0.9.3/openapi.yaml	census 61	enumeration.tsv.gz
non-identifier-operation-id	document	APIs/appwrite.io/server/0.9.3/openapi.yaml	census 95	enumeration.tsv.gz
non-identifier-operation-id	document	APIs/asana.com/1.0/openapi.yaml	census 167	enumeration.tsv.gz
non-identifier-operation-id	document	APIs/asuarez.dev/searchly/1.0/openapi.yaml	census 3	enumeration.tsv.gz
non-identifier-operation-id	document	APIs/atlassian.com/jira/1001.0.0-SNAPSHOT/openapi.yaml	census 499	enumeration.tsv.gz
non-identifier-operation-id	document	APIs/authentiq.io/1.0/openapi.yaml	census 9	enumeration.tsv.gz
non-identifier-operation-id	document	APIs/autodealerdata.com/1.0/openapi.yaml	census 35	enumeration.tsv.gz
non-identifier-operation-id	document	APIs/axesso.de/1.0.0/openapi.yaml	census 4	enumeration.tsv.gz
non-identifier-operation-id	document	APIs/balldontlie.io/1.0.0/openapi.yaml	census 7	enumeration.tsv.gz
non-identifier-operation-id	document	APIs/bbc.com/1.0.0/openapi.yaml	census 25	enumeration.tsv.gz
non-identifier-operation-id	document	APIs/bbci.co.uk/1.0/openapi.yaml	census 30	enumeration.tsv.gz
non-identifier-operation-id	document	APIs/beezup.com/2.0/openapi.yaml	census 226	enumeration.tsv.gz
non-identifier-operation-id	document	APIs/bigdatacloud.net/1.0.0/openapi.yaml	census 2	enumeration.tsv.gz
non-identifier-operation-id	document	APIs/bigoven.com/partner/openapi.yaml	census 62	enumeration.tsv.gz
non-identifier-operation-id	document	APIs/bigredcloud.com/v1/openapi.yaml	census 98	enumeration.tsv.gz
non-identifier-operation-id	document	APIs/bikewise.org/v2/openapi.yaml	census 4	enumeration.tsv.gz
non-identifier-operation-id	document	APIs/billbee.io/v1/openapi.yaml	census 76	enumeration.tsv.gz
non-identifier-operation-id	document	APIs/billingo.hu/3.0.7/openapi.yaml	census 31	enumeration.tsv.gz
non-identifier-operation-id	document	APIs/bintable.com/1.0.0-oas3/openapi.yaml	census 2	enumeration.tsv.gz
non-identifier-operation-id	document	APIs/bitbucket.org/2.0/openapi.yaml	census 90	enumeration.tsv.gz
non-identifier-operation-id	document	APIs/biztoc.com/v1/openapi.yaml	census 1	enumeration.tsv.gz
non-identifier-operation-id	document	APIs/bkk.hu/1.0.1/openapi.yaml	census 23	enumeration.tsv.gz
non-identifier-operation-id	document	APIs/botify.com/1.0.0/openapi.yaml	census 26	enumeration.tsv.gz
non-identifier-operation-id	document	APIs/botschaft.local/0.1.0/openapi.yaml	census 10	enumeration.tsv.gz
non-identifier-operation-id	document	APIs/box.com/2.0.0/openapi.yaml	census 260	enumeration.tsv.gz
non-identifier-operation-id	document	APIs/brainbi.net/1.0.0/openapi.yaml	census 14	enumeration.tsv.gz
non-identifier-operation-id	document	APIs/braze.com/1.0.0/openapi.yaml	census 31	enumeration.tsv.gz
non-identifier-operation-id	document	APIs/brex.io/2021.12/openapi.yaml	census 54	enumeration.tsv.gz
non-identifier-operation-id	document	APIs/britbox.co.uk/3.730.300-ref-1-39-0/openapi.yaml	census 114	enumeration.tsv.gz
non-identifier-operation-id	document	APIs/bungie.net/2.18.0/openapi.yaml	census 134	enumeration.tsv.gz
non-identifier-operation-id	document	APIs/bunq.com/1.0/openapi.yaml	census 429	enumeration.tsv.gz
non-identifier-operation-id	document	APIs/callfire.com/V2/openapi.yaml	census 122	enumeration.tsv.gz
non-identifier-operation-id	document	APIs/calorieninjas.com/1.0.0/openapi.yaml	census 1	enumeration.tsv.gz
non-identifier-operation-id	document	APIs/canada-holidays.ca/1.8.0/openapi.yaml	census 6	enumeration.tsv.gz
non-identifier-operation-id	document	APIs/chain49.com/2.0/openapi.yaml	census 18	enumeration.tsv.gz
non-identifier-operation-id	document	APIs/chaingateway.io/1.0.0/openapi.yaml	census 119	enumeration.tsv.gz
non-identifier-operation-id	document	APIs/chaingateway.io/1.0/openapi.yaml	census 21	enumeration.tsv.gz
non-identifier-operation-id	document	APIs/circl.lu/hashlookup/1.2/openapi.yaml	census 11	enumeration.tsv.gz
non-identifier-operation-id	document	APIs/circuitsandbox.net/2.9.235/openapi.yaml	census 123	enumeration.tsv.gz
non-identifier-operation-id	document	APIs/clever-cloud.com/1.0.0/openapi.yaml	census 236	enumeration.tsv.gz
non-identifier-operation-id	document	APIs/clever.com/1.2.0/openapi.yaml	census 44	enumeration.tsv.gz
non-identifier-operation-id	document	APIs/clickmeter.com/v2/openapi.yaml	census 96	enumeration.tsv.gz
non-identifier-operation-id	document	APIs/clicksend.com/1.0.0/openapi.yaml	census 177	enumeration.tsv.gz
non-identifier-operation-id	document	APIs/clickup.com/1.0.0/openapi.yaml	census 2	enumeration.tsv.gz
non-identifier-operation-id	document	APIs/climate.com/4.0.11/openapi.yaml	census 16	enumeration.tsv.gz
non-identifier-operation-id	document	APIs/climatekuul.com/1.0/openapi.yaml	census 26	enumeration.tsv.gz
non-identifier-operation-id	document	APIs/cloudmersive.com/ocr/v1/openapi.yaml	census 20	enumeration.tsv.gz
non-identifier-operation-id	document	APIs/cloudrf.com/2.0.0/openapi.yaml	census 11	enumeration.tsv.gz
non-identifier-operation-id	document	APIs/codat.io/accounting/2.1.0/openapi.yaml	census 127	enumeration.tsv.gz
non-identifier-operation-id	document	APIs/codat.io/assess/1.0/openapi.yaml	census 27	enumeration.tsv.gz
non-identifier-operation-id	document	APIs/codat.io/bank-feeds/2.1.0/openapi.yaml	census 6	enumeration.tsv.gz
non-identifier-operation-id	document	APIs/codat.io/banking/2.1.0/openapi.yaml	census 8	enumeration.tsv.gz
non-identifier-operation-id	document	APIs/codat.io/commerce/2.1.0/openapi.yaml	census 11	enumeration.tsv.gz
non-identifier-operation-id	document	APIs/codat.io/sync-for-commerce/1.1/openapi.yaml	census 17	enumeration.tsv.gz
non-identifier-operation-id	document	APIs/codat.io/sync-for-expenses/prealpha/openapi.yaml	census 13	enumeration.tsv.gz
non-identifier-operation-id	document	APIs/codesearch.debian.net/1.4.0/openapi.yaml	census 2	enumeration.tsv.gz
non-identifier-operation-id	document	APIs/collegefootballdata.com/4.4.12/openapi.yaml	census 51	enumeration.tsv.gz
non-identifier-operation-id	document	APIs/combell.com/v2/openapi.yaml	census 69	enumeration.tsv.gz
non-identifier-operation-id	document	APIs/configcat.com/v1/openapi.yaml	census 60	enumeration.tsv.gz
non-identifier-operation-id	document	APIs/conjur.local/5.3.0/openapi.yaml	census 41	enumeration.tsv.gz
non-identifier-operation-id	document	APIs/contentgroove.com/1.0.0/openapi.yaml	census 15	enumeration.tsv.gz
non-identifier-operation-id	document	APIs/contract-p.fit/1.0/openapi.yaml	census 137	enumeration.tsv.gz
non-identifier-operation-id	document	APIs/corrently.io/2.0.0/openapi.yaml	census 26	enumeration.tsv.gz
non-identifier-operation-id	document	APIs/covid19-api.com/1.2.6/openapi.yaml	census 9	enumeration.tsv.gz
non-identifier-operation-id	document	APIs/cowin.gov.cin/cowincert/1.0.0/openapi.yaml	census 1	enumeration.tsv.gz
non-identifier-operation-id	document	APIs/cpy.re/peertube/5.1.0/openapi.yaml	census 101	enumeration.tsv.gz
non-identifier-operation-id	document	APIs/credas.co.uk/pi/v1/openapi.yaml	census 36	enumeration.tsv.gz
non-identifier-operation-id	document	APIs/crediwatch.com/covid19/1.3.0/openapi.yaml	census 5	enumeration.tsv.gz
non-identifier-operation-id	document	APIs/currencytick.com/1.0.0/openapi.yaml	census 4	enumeration.tsv.gz
non-identifier-operation-id	document	APIs/d7networks.com/1.0.2/openapi.yaml	census 3	enumeration.tsv.gz
non-identifier-operation-id	document	APIs/dataflowkit.com/1.3/openapi.yaml	census 5	enumeration.tsv.gz
non-identifier-operation-id	document	APIs/datasette.local/v1/openapi.yaml	census 1	enumeration.tsv.gz
non-identifier-operation-id	document	APIs/datumbox.com/1.0/openapi.yaml	census 14	enumeration.tsv.gz
non-identifier-operation-id	document	APIs/departureboard.io/2.0/openapi.yaml	census 6	enumeration.tsv.gz
non-identifier-operation-id	document	APIs/deutschebahn.com/reisezentren/v1/openapi.yaml	census 1	enumeration.tsv.gz
non-identifier-operation-id	document	APIs/dev.to/1.0.0/openapi.yaml	census 28	enumeration.tsv.gz
non-identifier-operation-id	document	APIs/dev.to/chatgpt/v1/openapi.yaml	census 1	enumeration.tsv.gz
non-identifier-operation-id	document	APIs/digitallocker.gov.in/authpartner/1.0.0/openapi.yaml	census 22	enumeration.tsv.gz
non-identifier-operation-id	document	APIs/digitalocean.com/2.0/openapi.yaml	census 290	enumeration.tsv.gz
non-identifier-operation-id	document	APIs/discourse.local/latest/openapi.yaml	census 84	enumeration.tsv.gz
non-identifier-operation-id	document	APIs/docker.com/dvp/1.0.0/openapi.yaml	census 8	enumeration.tsv.gz
non-identifier-operation-id	document	APIs/docker.com/engine/1.33/openapi.yaml	census 105	enumeration.tsv.gz
non-identifier-operation-id	document	APIs/docker.com/hub/beta/openapi.yaml	census 8	enumeration.tsv.gz
non-identifier-operation-id	document	APIs/docusign.net/v2.1/openapi.yaml	census 402	enumeration.tsv.gz
non-identifier-operation-id	document	APIs/domainsdb.info/1.0/openapi.yaml	census 5	enumeration.tsv.gz
non-identifier-operation-id	document	APIs/doqs.dev/1.0/openapi.yaml	census 14	enumeration.tsv.gz
non-identifier-operation-id	document	APIs/dracoon.team/4.42.3/openapi.yaml	census 297	enumeration.tsv.gz
non-identifier-operation-id	document	APIs/drchrono.com/v4 (Hunt Valley)/openapi.yaml	census 263	enumeration.tsv.gz
non-identifier-operation-id	document	APIs/e-conomic.com/v20.0.0/openapi.yaml	census 98	enumeration.tsv.gz
non-identifier-operation-id	document	APIs/ebay.com/buy-deal/v1.3.0/openapi.yaml	census 4	enumeration.tsv.gz
non-identifier-operation-id	document	APIs/ebay.com/buy-feed/v1_beta.34.0/openapi.yaml	census 4	enumeration.tsv.gz
non-identifier-operation-id	document	APIs/ebay.com/buy-marketing/v1_beta.2.0/openapi.yaml	census 1	enumeration.tsv.gz
non-identifier-operation-id	document	APIs/ebay.com/commerce-catalog/v1_beta.5.0/openapi.yaml	census 2	enumeration.tsv.gz
non-identifier-operation-id	document	APIs/ebay.com/commerce-charity/v1.2.1/openapi.yaml	census 2	enumeration.tsv.gz
non-identifier-operation-id	document	APIs/ebay.com/commerce-translation/1/openapi.yaml	census 1	enumeration.tsv.gz
non-identifier-operation-id	document	APIs/ebay.com/developer-analytics/v1_beta.0.0/openapi.yaml	census 2	enumeration.tsv.gz
non-identifier-operation-id	document	APIs/ebay.com/sell-account/v1.9.0/openapi.yaml	census 36	enumeration.tsv.gz
non-identifier-operation-id	document	APIs/ebay.com/sell-analytics/1.2.0/openapi.yaml	census 4	enumeration.tsv.gz
non-identifier-operation-id	document	APIs/ebay.com/sell-compliance/1.4.1/openapi.yaml	census 3	enumeration.tsv.gz
non-identifier-operation-id	document	APIs/ebay.com/sell-feed/v1.3.1/openapi.yaml	census 23	enumeration.tsv.gz
non-identifier-operation-id	document	APIs/ebay.com/sell-fulfillment/v1.20.0/openapi.yaml	census 15	enumeration.tsv.gz
non-identifier-operation-id	document	APIs/ebay.com/sell-listing/v1_beta.3.0/openapi.yaml	census 1	enumeration.tsv.gz
non-identifier-operation-id	document	APIs/ebay.com/sell-logistics/v1_beta.0.0/openapi.yaml	census 6	enumeration.tsv.gz
non-identifier-operation-id	document	APIs/ebay.com/sell-marketing/v1.15.0/openapi.yaml	census 69	enumeration.tsv.gz
non-identifier-operation-id	document	APIs/ebay.com/sell-metadata/v1.6.0/openapi.yaml	census 8	enumeration.tsv.gz
non-identifier-operation-id	document	APIs/ebay.com/sell-negotiation/v1.1.0/openapi.yaml	census 2	enumeration.tsv.gz
non-identifier-operation-id	document	APIs/ebay.com/sell-recommendation/1.1.0/openapi.yaml	census 1	enumeration.tsv.gz
non-identifier-operation-id	document	APIs/edrv.io/v1/openapi.yaml	census 57	enumeration.tsv.gz
non-identifier-operation-id	document	APIs/elevenlabs.io/1.0/openapi.yaml	census 19	enumeration.tsv.gz
non-identifier-operation-id	document	APIs/elmah.io/v3/openapi.yaml	census 22	enumeration.tsv.gz
non-identifier-operation-id	document	APIs/enode.io/1.3.10/openapi.yaml	census 28	enumeration.tsv.gz
non-identifier-operation-id	document	APIs/envoice.in/v1/openapi.yaml	census 57	enumeration.tsv.gz
non-identifier-operation-id	document	APIs/eos.local/1.0.0/openapi.yaml	census 4	enumeration.tsv.gz
non-identifier-operation-id	document	APIs/etherpad.local/1.2.15/openapi.yaml	census 96	enumeration.tsv.gz
non-identifier-operation-id	document	APIs/etmdb.com/1.0.0/openapi.yaml	census 27	enumeration.tsv.gz
non-identifier-operation-id	document	APIs/etsi.local/MEC010-2_AppPkgMgmt/2.1.1/openapi.yaml	census 17	enumeration.tsv.gz
non-identifier-operation-id	document	APIs/exavault.com/2.0/openapi.yaml	census 59	enumeration.tsv.gz
non-identifier-operation-id	document	APIs/exlibrisgroup.com/tasklists/1.0/openapi.yaml	census 10	enumeration.tsv.gz
non-identifier-operation-id	document	APIs/exoapi.dev/1.0.0/openapi.yaml	census 4	enumeration.tsv.gz
non-identifier-operation-id	document	APIs/extpose.com/1.0.0/openapi.yaml	census 1	enumeration.tsv.gz
non-identifier-operation-id	document	APIs/exude-api.herokuapp.com/1.0.0/openapi.yaml	census 2	enumeration.tsv.gz
non-identifier-operation-id	document	APIs/figshare.com/2.0.0/openapi.yaml	census 135	enumeration.tsv.gz
non-identifier-operation-id	document	APIs/files.com/0.0.1/openapi.yaml	census 222	enumeration.tsv.gz
non-identifier-operation-id	document	APIs/fire.com/1.0/openapi.yaml	census 42	enumeration.tsv.gz
non-identifier-operation-id	document	APIs/firmalyzer.com/iotvas/1.0/openapi.yaml	census 8	enumeration.tsv.gz
non-identifier-operation-id	document	APIs/flat.io/2.13.0/openapi.yaml	census 81	enumeration.tsv.gz
non-identifier-operation-id	document	APIs/flickr.com/1.0.0/openapi.yaml	census 24	enumeration.tsv.gz
non-identifier-operation-id	document	APIs/formapi.io/v1/openapi.yaml	census 34	enumeration.tsv.gz
non-identifier-operation-id	document	APIs/freetv-app.com/v1/openapi.yaml	census 1	enumeration.tsv.gz
non-identifier-operation-id	document	APIs/fulfillment.com/2.0/openapi.yaml	census 13	enumeration.tsv.gz
non-identifier-operation-id	document	APIs/gambitcomm.local/mimic/21.00/openapi.yaml	census 356	enumeration.tsv.gz
non-identifier-operation-id	document	APIs/gamesparks.net/game-details/v2/openapi.yaml	census 76	enumeration.tsv.gz
non-identifier-operation-id	document	APIs/geodesystems.com/1.0.0/openapi.yaml	census 241	enumeration.tsv.gz
non-identifier-operation-id	document	APIs/getpostman.com/1.20.0/openapi.yaml	census 57	enumeration.tsv.gz
non-identifier-operation-id	document	APIs/giphy.com/1.0/openapi.yaml	census 10	enumeration.tsv.gz
non-identifier-operation-id	document	APIs/gitea.io/1.20.0+dev-539-g5e389228f/openapi.yaml	census 346	enumeration.tsv.gz
non-identifier-operation-id	document	APIs/github.com/api.github.com.2022-11-28/1.1.4/openapi.yaml	census 845	enumeration.tsv.gz
non-identifier-operation-id	document	APIs/github.com/api.github.com/1.1.4/openapi.yaml	census 845	enumeration.tsv.gz
non-identifier-operation-id	document	APIs/github.com/ghec.2022-11-28/1.1.4/openapi.yaml	census 938	enumeration.tsv.gz
non-identifier-operation-id	document	APIs/github.com/ghec/1.1.4/openapi.yaml	census 938	enumeration.tsv.gz
non-identifier-operation-id	document	APIs/github.com/ghes-2.18/1.1.4/openapi.yaml	census 508	enumeration.tsv.gz
non-identifier-operation-id	document	APIs/github.com/ghes-2.19/1.1.4/openapi.yaml	census 515	enumeration.tsv.gz
non-identifier-operation-id	document	APIs/github.com/ghes-2.20/1.1.4/openapi.yaml	census 520	enumeration.tsv.gz
non-identifier-operation-id	document	APIs/github.com/ghes-2.21/1.1.4/openapi.yaml	census 557	enumeration.tsv.gz
non-identifier-operation-id	document	APIs/github.com/ghes-2.22/1.1.4/openapi.yaml	census 641	enumeration.tsv.gz
non-identifier-operation-id	document	APIs/github.com/ghes-3.0/1.1.4/openapi.yaml	census 674	enumeration.tsv.gz
non-identifier-operation-id	document	APIs/github.com/ghes-3.1/1.1.4/openapi.yaml	census 682	enumeration.tsv.gz
non-identifier-operation-id	document	APIs/github.com/ghes-3.2/1.1.4/openapi.yaml	census 711	enumeration.tsv.gz
non-identifier-operation-id	document	APIs/github.com/ghes-3.3/1.1.4/openapi.yaml	census 725	enumeration.tsv.gz
non-identifier-operation-id	document	APIs/github.com/ghes-3.4/1.1.4/openapi.yaml	census 765	enumeration.tsv.gz
non-identifier-operation-id	document	APIs/github.com/ghes-3.5/1.1.4/openapi.yaml	census 786	enumeration.tsv.gz
non-identifier-operation-id	document	APIs/github.com/ghes-3.6/1.1.4/openapi.yaml	census 808	enumeration.tsv.gz
non-identifier-operation-id	document	APIs/github.com/ghes-3.7/1.1.4/openapi.yaml	census 827	enumeration.tsv.gz
non-identifier-operation-id	document	APIs/github.com/ghes-3.8/1.1.4/openapi.yaml	census 869	enumeration.tsv.gz
non-identifier-operation-id	document	APIs/github.com/github.ae/1.1.4/openapi.yaml	census 659	enumeration.tsv.gz
non-identifier-operation-id	document	APIs/globalwinescore.com/8234aab51481d37a30757d925b7f4221a659427e/openapi.yaml	census 1	enumeration.tsv.gz
non-identifier-operation-id	document	APIs/go-upc.com/1.0.0/openapi.yaml	census 1	enumeration.tsv.gz
non-identifier-operation-id	document	APIs/goog.io/0.1.0/openapi.yaml	census 6	enumeration.tsv.gz
non-identifier-operation-id	document	APIs/google.com/v3/openapi.yaml	census 23	enumeration.tsv.gz
non-identifier-operation-id	document	APIs/google.home/2.0/openapi.yaml	census 30	enumeration.tsv.gz
non-identifier-operation-id	document	APIs/googleapis.com/abusiveexperiencereport/v1/openapi.yaml	census 2	enumeration.tsv.gz
non-identifier-operation-id	document	APIs/googleapis.com/acceleratedmobilepageurl/v1/openapi.yaml	census 1	enumeration.tsv.gz
non-identifier-operation-id	document	APIs/googleapis.com/accessapproval/v1/openapi.yaml	census 7	enumeration.tsv.gz
non-identifier-operation-id	document	APIs/googleapis.com/accesscontextmanager/v1/openapi.yaml	census 22	enumeration.tsv.gz
non-identifier-operation-id	document	APIs/googleapis.com/accesscontextmanager/v1beta/openapi.yaml	census 9	enumeration.tsv.gz
non-identifier-operation-id	document	APIs/googleapis.com/acmedns/v1/openapi.yaml	census 2	enumeration.tsv.gz
non-identifier-operation-id	document	APIs/googleapis.com/adexchangebuyer/v1.2/openapi.yaml	census 7	enumeration.tsv.gz
non-identifier-operation-id	document	APIs/googleapis.com/adexchangebuyer/v1.3/openapi.yaml	census 21	enumeration.tsv.gz
non-identifier-operation-id	document	APIs/googleapis.com/adexchangebuyer/v1.4/openapi.yaml	census 38	enumeration.tsv.gz
non-identifier-operation-id	document	APIs/googleapis.com/adexchangebuyer2/v2beta1/openapi.yaml	census 50	enumeration.tsv.gz
non-identifier-operation-id	document	APIs/googleapis.com/adexperiencereport/v1/openapi.yaml	census 2	enumeration.tsv.gz
non-identifier-operation-id	document	APIs/googleapis.com/admin/datatransfer_v1/openapi.yaml	census 5	enumeration.tsv.gz
non-identifier-operation-id	document	APIs/googleapis.com/admin/directory_v1/openapi.yaml	census 123	enumeration.tsv.gz
non-identifier-operation-id	document	APIs/googleapis.com/admin/reports_v1/openapi.yaml	census 6	enumeration.tsv.gz
non-identifier-operation-id	document	APIs/googleapis.com/admob/v1/openapi.yaml	census 6	enumeration.tsv.gz
non-identifier-operation-id	document	APIs/googleapis.com/admob/v1beta/openapi.yaml	census 19	enumeration.tsv.gz
non-identifier-operation-id	document	APIs/googleapis.com/adsense/v1.4/openapi.yaml	census 39	enumeration.tsv.gz
non-identifier-operation-id	document	APIs/googleapis.com/adsense/v2/openapi.yaml	census 24	enumeration.tsv.gz
non-identifier-operation-id	document	APIs/googleapis.com/adsensehost/v4.1/openapi.yaml	census 26	enumeration.tsv.gz
non-identifier-operation-id	document	APIs/googleapis.com/advisorynotifications/v1/openapi.yaml	census 3	enumeration.tsv.gz
non-identifier-operation-id	document	APIs/googleapis.com/aiplatform/v1/openapi.yaml	census 169	enumeration.tsv.gz
non-identifier-operation-id	document	APIs/googleapis.com/aiplatform/v1beta1/openapi.yaml	census 173	enumeration.tsv.gz
non-identifier-operation-id	document	APIs/googleapis.com/alertcenter/v1beta1/openapi.yaml	census 11	enumeration.tsv.gz
non-identifier-operation-id	document	APIs/googleapis.com/alloydb/v1/openapi.yaml	census 24	enumeration.tsv.gz
non-identifier-operation-id	document	APIs/googleapis.com/alloydb/v1alpha/openapi.yaml	census 24	enumeration.tsv.gz
non-identifier-operation-id	document	APIs/googleapis.com/alloydb/v1beta/openapi.yaml	census 24	enumeration.tsv.gz
non-identifier-operation-id	document	APIs/googleapis.com/analytics/v2.4/openapi.yaml	census 6	enumeration.tsv.gz
non-identifier-operation-id	document	APIs/googleapis.com/analytics/v3/openapi.yaml	census 88	enumeration.tsv.gz
non-identifier-operation-id	document	APIs/googleapis.com/analyticsadmin/v1alpha/openapi.yaml	census 67	enumeration.tsv.gz
non-identifier-operation-id	document	APIs/googleapis.com/analyticsadmin/v1beta/openapi.yaml	census 26	enumeration.tsv.gz
non-identifier-operation-id	document	APIs/googleapis.com/analyticsdata/v1beta/openapi.yaml	census 10	enumeration.tsv.gz
non-identifier-operation-id	document	APIs/googleapis.com/analyticshub/v1/openapi.yaml	census 16	enumeration.tsv.gz
non-identifier-operation-id	document	APIs/googleapis.com/analyticshub/v1beta1/openapi.yaml	census 12	enumeration.tsv.gz
non-identifier-operation-id	document	APIs/googleapis.com/analyticsreporting/v4/openapi.yaml	census 2	enumeration.tsv.gz
non-identifier-operation-id	document	APIs/googleapis.com/androiddeviceprovisioning/v1/openapi.yaml	census 24	enumeration.tsv.gz
non-identifier-operation-id	document	APIs/googleapis.com/androidenterprise/v1/openapi.yaml	census 76	enumeration.tsv.gz
non-identifier-operation-id	document	APIs/googleapis.com/androidmanagement/v1/openapi.yaml	census 17	enumeration.tsv.gz
non-identifier-operation-id	document	APIs/googleapis.com/androidpublisher/v1.1/openapi.yaml	census 3	enumeration.tsv.gz
non-identifier-operation-id	document	APIs/googleapis.com/androidpublisher/v1/openapi.yaml	census 2	enumeration.tsv.gz
non-identifier-operation-id	document	APIs/googleapis.com/androidpublisher/v2/openapi.yaml	census 58	enumeration.tsv.gz
non-identifier-operation-id	document	APIs/googleapis.com/androidpublisher/v3/openapi.yaml	census 111	enumeration.tsv.gz
non-identifier-operation-id	document	APIs/googleapis.com/apigateway/v1/openapi.yaml	census 15	enumeration.tsv.gz
non-identifier-operation-id	document	APIs/googleapis.com/apigateway/v1alpha2/openapi.yaml	census 8	enumeration.tsv.gz
non-identifier-operation-id	document	APIs/googleapis.com/apigateway/v1beta/openapi.yaml	census 15	enumeration.tsv.gz
non-identifier-operation-id	document	APIs/googleapis.com/apigee/v1/openapi.yaml	census 120	enumeration.tsv.gz
non-identifier-operation-id	document	APIs/googleapis.com/apigeeregistry/v1/openapi.yaml	census 26	enumeration.tsv.gz
non-identifier-operation-id	document	APIs/googleapis.com/apikeys/v2/openapi.yaml	census 8	enumeration.tsv.gz
non-identifier-operation-id	document	APIs/googleapis.com/appengine/v1/openapi.yaml	census 40	enumeration.tsv.gz
non-identifier-operation-id	document	APIs/googleapis.com/appengine/v1alpha/openapi.yaml	census 20	enumeration.tsv.gz
non-identifier-operation-id	document	APIs/googleapis.com/appengine/v1beta/openapi.yaml	census 44	enumeration.tsv.gz
non-identifier-operation-id	document	APIs/googleapis.com/apphub/v1/openapi.yaml	census 21	enumeration.tsv.gz
non-identifier-operation-id	document	APIs/googleapis.com/apphub/v1alpha/openapi.yaml	census 23	enumeration.tsv.gz
non-identifier-operation-id	document	APIs/googleapis.com/appsactivity/v1/openapi.yaml	census 1	enumeration.tsv.gz
non-identifier-operation-id	document	APIs/googleapis.com/area120tables/v1alpha1/openapi.yaml	census 10	enumeration.tsv.gz
non-identifier-operation-id	document	APIs/googleapis.com/artifactregistry/v1/openapi.yaml	census 27	enumeration.tsv.gz
non-identifier-operation-id	document	APIs/googleapis.com/artifactregistry/v1beta1/openapi.yaml	census 14	enumeration.tsv.gz
non-identifier-operation-id	document	APIs/googleapis.com/artifactregistry/v1beta2/openapi.yaml	census 18	enumeration.tsv.gz
non-identifier-operation-id	document	APIs/googleapis.com/assuredworkloads/v1/openapi.yaml	census 12	enumeration.tsv.gz
non-identifier-operation-id	document	APIs/googleapis.com/assuredworkloads/v1beta1/openapi.yaml	census 11	enumeration.tsv.gz
non-identifier-operation-id	document	APIs/googleapis.com/authorizedbuyersmarketplace/v1/openapi.yaml	census 27	enumeration.tsv.gz
non-identifier-operation-id	document	APIs/googleapis.com/automl/v1beta1/openapi.yaml	census 25	enumeration.tsv.gz
non-identifier-operation-id	document	APIs/googleapis.com/backupdr/v1/openapi.yaml	census 10	enumeration.tsv.gz
non-identifier-operation-id	document	APIs/googleapis.com/baremetalsolution/v1/openapi.yaml	census 3	enumeration.tsv.gz
non-identifier-operation-id	document	APIs/googleapis.com/baremetalsolution/v1alpha1/openapi.yaml	census 2	enumeration.tsv.gz
non-identifier-operation-id	document	APIs/googleapis.com/baremetalsolution/v2/openapi.yaml	census 30	enumeration.tsv.gz
non-identifier-operation-id	document	APIs/googleapis.com/batch/v1/openapi.yaml	census 9	enumeration.tsv.gz
non-identifier-operation-id	document	APIs/googleapis.com/beyondcorp/v1/openapi.yaml	census 18	enumeration.tsv.gz
non-identifier-operation-id	document	APIs/googleapis.com/beyondcorp/v1alpha/openapi.yaml	census 35	enumeration.tsv.gz
non-identifier-operation-id	document	APIs/googleapis.com/biglake/v1/openapi.yaml	census 10	enumeration.tsv.gz
non-identifier-operation-id	document	APIs/googleapis.com/bigquery/v2/openapi.yaml	census 37	enumeration.tsv.gz
non-identifier-operation-id	document	APIs/googleapis.com/bigqueryconnection/v1/openapi.yaml	census 8	enumeration.tsv.gz
non-identifier-operation-id	document	APIs/googleapis.com/bigqueryconnection/v1beta1/openapi.yaml	census 8	enumeration.tsv.gz
non-identifier-operation-id	document	APIs/googleapis.com/bigquerydatapolicy/v1/openapi.yaml	census 9	enumeration.tsv.gz
non-identifier-operation-id	document	APIs/googleapis.com/bigquerydatatransfer/v1/openapi.yaml	census 14	enumeration.tsv.gz
non-identifier-operation-id	document	APIs/googleapis.com/bigqueryreservation/v1/openapi.yaml	census 14	enumeration.tsv.gz
non-identifier-operation-id	document	APIs/googleapis.com/bigqueryreservation/v1beta1/openapi.yaml	census 13	enumeration.tsv.gz
non-identifier-operation-id	document	APIs/googleapis.com/bigtableadmin/v2/openapi.yaml	census 27	enumeration.tsv.gz
non-identifier-operation-id	document	APIs/googleapis.com/billingbudgets/v1/openapi.yaml	census 5	enumeration.tsv.gz
non-identifier-operation-id	document	APIs/googleapis.com/billingbudgets/v1beta1/openapi.yaml	census 5	enumeration.tsv.gz
non-identifier-operation-id	document	APIs/googleapis.com/binaryauthorization/v1/openapi.yaml	census 12	enumeration.tsv.gz
non-identifier-operation-id	document	APIs/googleapis.com/binaryauthorization/v1beta1/openapi.yaml	census 9	enumeration.tsv.gz
non-identifier-operation-id	document	APIs/googleapis.com/blockchainnodeengine/v1/openapi.yaml	census 8	enumeration.tsv.gz
non-identifier-operation-id	document	APIs/googleapis.com/blogger/v2/openapi.yaml	census 9	enumeration.tsv.gz
non-identifier-operation-id	document	APIs/googleapis.com/blogger/v3/openapi.yaml	census 33	enumeration.tsv.gz
non-identifier-operation-id	document	APIs/googleapis.com/books/v1/openapi.yaml	census 51	enumeration.tsv.gz
non-identifier-operation-id	document	APIs/googleapis.com/businessprofileperformance/v1/openapi.yaml	census 3	enumeration.tsv.gz
non-identifier-operation-id	document	APIs/googleapis.com/calendar/v3/openapi.yaml	census 37	enumeration.tsv.gz
non-identifier-operation-id	document	APIs/googleapis.com/certificatemanager/v1/openapi.yaml	census 18	enumeration.tsv.gz
non-identifier-operation-id	document	APIs/googleapis.com/chat/v1/openapi.yaml	census 17	enumeration.tsv.gz
non-identifier-operation-id	document	APIs/googleapis.com/checks/v1alpha/openapi.yaml	census 8	enumeration.tsv.gz
non-identifier-operation-id	document	APIs/googleapis.com/chromemanagement/v1/openapi.yaml	census 18	enumeration.tsv.gz
non-identifier-operation-id	document	APIs/googleapis.com/chromepolicy/v1/openapi.yaml	census 14	enumeration.tsv.gz
non-identifier-operation-id	document	APIs/googleapis.com/chromeuxreport/v1/openapi.yaml	census 2	enumeration.tsv.gz
non-identifier-operation-id	document	APIs/googleapis.com/civicinfo/v2/openapi.yaml	census 5	enumeration.tsv.gz
non-identifier-operation-id	document	APIs/googleapis.com/classroom/v1/openapi.yaml	census 61	enumeration.tsv.gz
non-identifier-operation-id	document	APIs/googleapis.com/cloudasset/v1/openapi.yaml	census 20	enumeration.tsv.gz
non-identifier-operation-id	document	APIs/googleapis.com/cloudasset/v1beta1/openapi.yaml	census 3	enumeration.tsv.gz
non-identifier-operation-id	document	APIs/googleapis.com/cloudasset/v1p1beta1/openapi.yaml	census 2	enumeration.tsv.gz
non-identifier-operation-id	document	APIs/googleapis.com/cloudasset/v1p4beta1/openapi.yaml	census 2	enumeration.tsv.gz
non-identifier-operation-id	document	APIs/googleapis.com/cloudasset/v1p5beta1/openapi.yaml	census 1	enumeration.tsv.gz
non-identifier-operation-id	document	APIs/googleapis.com/cloudasset/v1p7beta1/openapi.yaml	census 2	enumeration.tsv.gz
non-identifier-operation-id	document	APIs/googleapis.com/cloudbilling/v1/openapi.yaml	census 18	enumeration.tsv.gz
non-identifier-operation-id	document	APIs/googleapis.com/cloudbilling/v1beta/openapi.yaml	census 8	enumeration.tsv.gz
non-identifier-operation-id	document	APIs/googleapis.com/cloudbuild/v1/openapi.yaml	census 40	enumeration.tsv.gz
non-identifier-operation-id	document	APIs/googleapis.com/cloudbuild/v1alpha1/openapi.yaml	census 6	enumeration.tsv.gz
non-identifier-operation-id	document	APIs/googleapis.com/cloudbuild/v1alpha2/openapi.yaml	census 6	enumeration.tsv.gz
non-identifier-operation-id	document	APIs/googleapis.com/cloudbuild/v1beta1/openapi.yaml	census 6	enumeration.tsv.gz
non-identifier-operation-id	document	APIs/googleapis.com/cloudbuild/v2/openapi.yaml	census 18	enumeration.tsv.gz
non-identifier-operation-id	document	APIs/googleapis.com/cloudchannel/v1/openapi.yaml	census 43	enumeration.tsv.gz
non-identifier-operation-id	document	APIs/googleapis.com/clouddebugger/v2/openapi.yaml	census 8	enumeration.tsv.gz
non-identifier-operation-id	document	APIs/googleapis.com/clouddeploy/v1/openapi.yaml	census 30	enumeration.tsv.gz
non-identifier-operation-id	document	APIs/googleapis.com/clouderrorreporting/v1beta1/openapi.yaml	census 6	enumeration.tsv.gz
non-identifier-operation-id	document	APIs/googleapis.com/cloudfunctions/v1/openapi.yaml	census 13	enumeration.tsv.gz
non-identifier-operation-id	document	APIs/googleapis.com/cloudfunctions/v2/openapi.yaml	census 18	enumeration.tsv.gz
non-identifier-operation-id	document	APIs/googleapis.com/cloudfunctions/v2alpha/openapi.yaml	census 18	enumeration.tsv.gz
non-identifier-operation-id	document	APIs/googleapis.com/cloudfunctions/v2beta/openapi.yaml	census 18	enumeration.tsv.gz
non-identifier-operation-id	document	APIs/googleapis.com/cloudidentity/v1/openapi.yaml	census 35	enumeration.tsv.gz
non-identifier-operation-id	document	APIs/googleapis.com/cloudidentity/v1beta1/openapi.yaml	census 35	enumeration.tsv.gz
non-identifier-operation-id	document	APIs/googleapis.com/cloudiot/v1/openapi.yaml	census 16	enumeration.tsv.gz
non-identifier-operation-id	document	APIs/googleapis.com/cloudkms/v1/openapi.yaml	census 31	enumeration.tsv.gz
non-identifier-operation-id	document	APIs/googleapis.com/cloudprivatecatalog/v1beta1/openapi.yaml	census 3	enumeration.tsv.gz
non-identifier-operation-id	document	APIs/googleapis.com/cloudprivatecatalogproducer/v1beta1/openapi.yaml	census 19	enumeration.tsv.gz
non-identifier-operation-id	document	APIs/googleapis.com/cloudprofiler/v2/openapi.yaml	census 4	enumeration.tsv.gz
non-identifier-operation-id	document	APIs/googleapis.com/cloudresourcemanager/v1/openapi.yaml	census 24	enumeration.tsv.gz
non-identifier-operation-id	document	APIs/googleapis.com/cloudresourcemanager/v1beta1/openapi.yaml	census 16	enumeration.tsv.gz
non-identifier-operation-id	document	APIs/googleapis.com/cloudresourcemanager/v2/openapi.yaml	census 12	enumeration.tsv.gz
non-identifier-operation-id	document	APIs/googleapis.com/cloudresourcemanager/v2beta1/openapi.yaml	census 12	enumeration.tsv.gz
non-identifier-operation-id	document	APIs/googleapis.com/cloudresourcemanager/v3/openapi.yaml	census 28	enumeration.tsv.gz
non-identifier-operation-id	document	APIs/googleapis.com/cloudscheduler/v1/openapi.yaml	census 9	enumeration.tsv.gz
non-identifier-operation-id	document	APIs/googleapis.com/cloudscheduler/v1beta1/openapi.yaml	census 9	enumeration.tsv.gz
non-identifier-operation-id	document	APIs/googleapis.com/cloudsearch/v1/openapi.yaml	census 44	enumeration.tsv.gz
non-identifier-operation-id	document	APIs/googleapis.com/cloudshell/v1/openapi.yaml	census 7	enumeration.tsv.gz
non-identifier-operation-id	document	APIs/googleapis.com/cloudsupport/v2/openapi.yaml	census 13	enumeration.tsv.gz
non-identifier-operation-id	document	APIs/googleapis.com/cloudsupport/v2beta/openapi.yaml	census 13	enumeration.tsv.gz
non-identifier-operation-id	document	APIs/googleapis.com/cloudtasks/v2/openapi.yaml	census 16	enumeration.tsv.gz
non-identifier-operation-id	document	APIs/googleapis.com/cloudtasks/v2beta2/openapi.yaml	census 21	enumeration.tsv.gz
non-identifier-operation-id	document	APIs/googleapis.com/cloudtasks/v2beta3/openapi.yaml	census 16	enumeration.tsv.gz
non-identifier-operation-id	document	APIs/googleapis.com/cloudtrace/v1/openapi.yaml	census 3	enumeration.tsv.gz
non-identifier-operation-id	document	APIs/googleapis.com/cloudtrace/v2/openapi.yaml	census 2	enumeration.tsv.gz
non-identifier-operation-id	document	APIs/googleapis.com/cloudtrace/v2beta1/openapi.yaml	census 5	enumeration.tsv.gz
non-identifier-operation-id	document	APIs/googleapis.com/commentanalyzer/v1alpha1/openapi.yaml	census 2	enumeration.tsv.gz
non-identifier-operation-id	document	APIs/googleapis.com/composer/v1/openapi.yaml	census 20	enumeration.tsv.gz
non-identifier-operation-id	document	APIs/googleapis.com/composer/v1beta1/openapi.yaml	census 22	enumeration.tsv.gz
non-identifier-operation-id	document	APIs/googleapis.com/compute/alpha/openapi.yaml	census 916	enumeration.tsv.gz
non-identifier-operation-id	document	APIs/googleapis.com/compute/beta/openapi.yaml	census 850	enumeration.tsv.gz
non-identifier-operation-id	document	APIs/googleapis.com/compute/v1/openapi.yaml	census 758	enumeration.tsv.gz
non-identifier-operation-id	document	APIs/googleapis.com/connectors/v1/openapi.yaml	census 35	enumeration.tsv.gz
non-identifier-operation-id	document	APIs/googleapis.com/connectors/v2/openapi.yaml	census 15	enumeration.tsv.gz
non-identifier-operation-id	document	APIs/googleapis.com/contactcenteraiplatform/v1alpha1/openapi.yaml	census 9	enumeration.tsv.gz
non-identifier-operation-id	document	APIs/googleapis.com/contactcenterinsights/v1/openapi.yaml	census 27	enumeration.tsv.gz
non-identifier-operation-id	document	APIs/googleapis.com/container/v1/openapi.yaml	census 61	enumeration.tsv.gz
non-identifier-operation-id	document	APIs/googleapis.com/container/v1beta1/openapi.yaml	census 62	enumeration.tsv.gz
non-identifier-operation-id	document	APIs/googleapis.com/containeranalysis/v1/openapi.yaml	census 16	enumeration.tsv.gz
non-identifier-operation-id	document	APIs/googleapis.com/containeranalysis/v1alpha1/openapi.yaml	census 16	enumeration.tsv.gz
non-identifier-operation-id	document	APIs/googleapis.com/containeranalysis/v1beta1/openapi.yaml	census 17	enumeration.tsv.gz
non-identifier-operation-id	document	APIs/googleapis.com/content/v2.1/openapi.yaml	census 175	enumeration.tsv.gz
non-identifier-operation-id	document	APIs/googleapis.com/content/v2/openapi.yaml	census 86	enumeration.tsv.gz
non-identifier-operation-id	document	APIs/googleapis.com/contentwarehouse/v1/openapi.yaml	census 22	enumeration.tsv.gz
non-identifier-operation-id	document	APIs/googleapis.com/customsearch/v1/openapi.yaml	census 2	enumeration.tsv.gz
non-identifier-operation-id	document	APIs/googleapis.com/datacatalog/v1/openapi.yaml	census 32	enumeration.tsv.gz
non-identifier-operation-id	document	APIs/googleapis.com/datacatalog/v1beta1/openapi.yaml	census 23	enumeration.tsv.gz
non-identifier-operation-id	document	APIs/googleapis.com/dataflow/v1b3/openapi.yaml	census 41	enumeration.tsv.gz
non-identifier-operation-id	document	APIs/googleapis.com/dataform/v1beta1/openapi.yaml	census 43	enumeration.tsv.gz
non-identifier-operation-id	document	APIs/googleapis.com/datafusion/v1/openapi.yaml	census 15	enumeration.tsv.gz
non-identifier-operation-id	document	APIs/googleapis.com/datafusion/v1beta1/openapi.yaml	census 18	enumeration.tsv.gz
non-identifier-operation-id	document	APIs/googleapis.com/datalabeling/v1beta1/openapi.yaml	census 28	enumeration.tsv.gz
non-identifier-operation-id	document	APIs/googleapis.com/datalineage/v1/openapi.yaml	census 13	enumeration.tsv.gz
non-identifier-operation-id	document	APIs/googleapis.com/datamigration/v1/openapi.yaml	census 38	enumeration.tsv.gz
non-identifier-operation-id	document	APIs/googleapis.com/datamigration/v1beta1/openapi.yaml	census 20	enumeration.tsv.gz
non-identifier-operation-id	document	APIs/googleapis.com/datapipelines/v1/openapi.yaml	census 8	enumeration.tsv.gz
non-identifier-operation-id	document	APIs/googleapis.com/dataplex/v1/openapi.yaml	census 40	enumeration.tsv.gz
non-identifier-operation-id	document	APIs/googleapis.com/dataportability/v1beta/openapi.yaml	census 4	enumeration.tsv.gz
non-identifier-operation-id	document	APIs/googleapis.com/dataproc/v1/openapi.yaml	census 41	enumeration.tsv.gz
non-identifier-operation-id	document	APIs/googleapis.com/datastore/v1/openapi.yaml	census 18	enumeration.tsv.gz
non-identifier-operation-id	document	APIs/googleapis.com/datastore/v1beta1/openapi.yaml	census 2	enumeration.tsv.gz
non-identifier-operation-id	document	APIs/googleapis.com/datastore/v1beta3/openapi.yaml	census 8	enumeration.tsv.gz
non-identifier-operation-id	document	APIs/googleapis.com/datastream/v1/openapi.yaml	census 21	enumeration.tsv.gz
non-identifier-operation-id	document	APIs/googleapis.com/datastream/v1alpha1/openapi.yaml	census 20	enumeration.tsv.gz
non-identifier-operation-id	document	APIs/googleapis.com/deploymentmanager/alpha/openapi.yaml	census 33	enumeration.tsv.gz
non-identifier-operation-id	document	APIs/googleapis.com/deploymentmanager/v2/openapi.yaml	census 18	enumeration.tsv.gz
non-identifier-operation-id	document	APIs/googleapis.com/deploymentmanager/v2beta/openapi.yaml	census 32	enumeration.tsv.gz
non-identifier-operation-id	document	APIs/googleapis.com/dfareporting/v3.3/openapi.yaml	census 204	enumeration.tsv.gz
non-identifier-operation-id	document	APIs/googleapis.com/dfareporting/v3.4/openapi.yaml	census 205	enumeration.tsv.gz
non-identifier-operation-id	document	APIs/googleapis.com/dfareporting/v3.5/openapi.yaml	census 1	enumeration.tsv.gz
non-identifier-operation-id	document	APIs/googleapis.com/dfareporting/v4/openapi.yaml	census 209	enumeration.tsv.gz
non-identifier-operation-id	document	APIs/googleapis.com/dialogflow/v2/openapi.yaml	census 70	enumeration.tsv.gz
non-identifier-operation-id	document	APIs/googleapis.com/dialogflow/v2beta1/openapi.yaml	census 63	enumeration.tsv.gz
non-identifier-operation-id	document	APIs/googleapis.com/dialogflow/v3/openapi.yaml	census 63	enumeration.tsv.gz
non-identifier-operation-id	document	APIs/googleapis.com/dialogflow/v3beta1/openapi.yaml	census 63	enumeration.tsv.gz
non-identifier-operation-id	document	APIs/googleapis.com/digitalassetlinks/v1/openapi.yaml	census 3	enumeration.tsv.gz
non-identifier-operation-id	document	APIs/googleapis.com/discovery/v1/openapi.yaml	census 2	enumeration.tsv.gz
non-identifier-operation-id	document	APIs/googleapis.com/discoveryengine/v1alpha/openapi.yaml	census 44	enumeration.tsv.gz
non-identifier-operation-id	document	APIs/googleapis.com/discoveryengine/v1beta/openapi.yaml	census 34	enumeration.tsv.gz
non-identifier-operation-id	document	APIs/googleapis.com/displayvideo/v1/openapi.yaml	census 140	enumeration.tsv.gz
non-identifier-operation-id	document	APIs/googleapis.com/displayvideo/v1dev/openapi.yaml	census 3	enumeration.tsv.gz
non-identifier-operation-id	document	APIs/googleapis.com/displayvideo/v2/openapi.yaml	census 153	enumeration.tsv.gz
non-identifier-operation-id	document	APIs/googleapis.com/displayvideo/v3/openapi.yaml	census 151	enumeration.tsv.gz
non-identifier-operation-id	document	APIs/googleapis.com/displayvideo/v4/openapi.yaml	census 3	enumeration.tsv.gz
non-identifier-operation-id	document	APIs/googleapis.com/dlp/v2/openapi.yaml	census 28	enumeration.tsv.gz
non-identifier-operation-id	document	APIs/googleapis.com/dns/v1/openapi.yaml	census 40	enumeration.tsv.gz
non-identifier-operation-id	document	APIs/googleapis.com/dns/v1beta2/openapi.yaml	census 40	enumeration.tsv.gz
non-identifier-operation-id	document	APIs/googleapis.com/dns/v2/openapi.yaml	census 40	enumeration.tsv.gz
non-identifier-operation-id	document	APIs/googleapis.com/docs/v1/openapi.yaml	census 3	enumeration.tsv.gz
non-identifier-operation-id	document	APIs/googleapis.com/documentai/v1/openapi.yaml	census 20	enumeration.tsv.gz
non-identifier-operation-id	document	APIs/googleapis.com/documentai/v1beta2/openapi.yaml	census 3	enumeration.tsv.gz
non-identifier-operation-id	document	APIs/googleapis.com/documentai/v1beta3/openapi.yaml	census 26	enumeration.tsv.gz
non-identifier-operation-id	document	APIs/googleapis.com/domains/v1/openapi.yaml	census 22	enumeration.tsv.gz
non-identifier-operation-id	document	APIs/googleapis.com/domains/v1alpha2/openapi.yaml	census 22	enumeration.tsv.gz
non-identifier-operation-id	document	APIs/googleapis.com/domains/v1beta1/openapi.yaml	census 22	enumeration.tsv.gz
non-identifier-operation-id	document	APIs/googleapis.com/domainsrdap/v1/openapi.yaml	census 10	enumeration.tsv.gz
non-identifier-operation-id	document	APIs/googleapis.com/doubleclickbidmanager/v1.1/openapi.yaml	census 6	enumeration.tsv.gz
non-identifier-operation-id	document	APIs/googleapis.com/doubleclickbidmanager/v2/openapi.yaml	census 7	enumeration.tsv.gz
non-identifier-operation-id	document	APIs/googleapis.com/doubleclicksearch/v2/openapi.yaml	census 11	enumeration.tsv.gz
non-identifier-operation-id	document	APIs/googleapis.com/drive/v2/openapi.yaml	census 74	enumeration.tsv.gz
non-identifier-operation-id	document	APIs/googleapis.com/drive/v3/openapi.yaml	census 50	enumeration.tsv.gz
non-identifier-operation-id	document	APIs/googleapis.com/driveactivity/v2/openapi.yaml	census 1	enumeration.tsv.gz
non-identifier-operation-id	document	APIs/googleapis.com/drivelabels/v2/openapi.yaml	census 16	enumeration.tsv.gz
non-identifier-operation-id	document	APIs/googleapis.com/drivelabels/v2beta/openapi.yaml	census 16	enumeration.tsv.gz
non-identifier-operation-id	document	APIs/googleapis.com/essentialcontacts/v1/openapi.yaml	census 7	enumeration.tsv.gz
non-identifier-operation-id	document	APIs/googleapis.com/eventarc/v1/openapi.yaml	census 16	enumeration.tsv.gz
non-identifier-operation-id	document	APIs/googleapis.com/eventarc/v1beta1/openapi.yaml	census 11	enumeration.tsv.gz
non-identifier-operation-id	document	APIs/googleapis.com/factchecktools/v1alpha1/openapi.yaml	census 6	enumeration.tsv.gz
non-identifier-operation-id	document	APIs/googleapis.com/fcm/v1/openapi.yaml	census 1	enumeration.tsv.gz
non-identifier-operation-id	document	APIs/googleapis.com/fcmdata/v1beta1/openapi.yaml	census 1	enumeration.tsv.gz
non-identifier-operation-id	document	APIs/googleapis.com/file/v1/openapi.yaml	census 14	enumeration.tsv.gz
non-identifier-operation-id	document	APIs/googleapis.com/file/v1beta1/openapi.yaml	census 16	enumeration.tsv.gz
non-identifier-operation-id	document	APIs/googleapis.com/firebase/v1beta1/openapi.yaml	census 21	enumeration.tsv.gz
non-identifier-operation-id	document	APIs/googleapis.com/firebaseappcheck/v1/openapi.yaml	census 24	enumeration.tsv.gz
non-identifier-operation-id	document	APIs/googleapis.com/firebaseappcheck/v1beta/openapi.yaml	census 30	enumeration.tsv.gz
non-identifier-operation-id	document	APIs/googleapis.com/firebaseappdistribution/v1/openapi.yaml	census 18	enumeration.tsv.gz
non-identifier-operation-id	document	APIs/googleapis.com/firebaseappdistribution/v1alpha/openapi.yaml	census 13	enumeration.tsv.gz
non-identifier-operation-id	document	APIs/googleapis.com/firebasedatabase/v1beta/openapi.yaml	census 7	enumeration.tsv.gz
non-identifier-operation-id	document	APIs/googleapis.com/firebasedynamiclinks/v1/openapi.yaml	census 5	enumeration.tsv.gz
non-identifier-operation-id	document	APIs/googleapis.com/firebasehosting/v1/openapi.yaml	census 3	enumeration.tsv.gz
non-identifier-operation-id	document	APIs/googleapis.com/firebasehosting/v1beta1/openapi.yaml	census 21	enumeration.tsv.gz
non-identifier-operation-id	document	APIs/googleapis.com/firebaseml/v1/openapi.yaml	census 3	enumeration.tsv.gz
non-identifier-operation-id	document	APIs/googleapis.com/firebaseml/v1beta2/openapi.yaml	census 6	enumeration.tsv.gz
non-identifier-operation-id	document	APIs/googleapis.com/firebaserules/v1/openapi.yaml	census 9	enumeration.tsv.gz
non-identifier-operation-id	document	APIs/googleapis.com/firebasestorage/v1beta/openapi.yaml	census 4	enumeration.tsv.gz
non-identifier-operation-id	document	APIs/googleapis.com/firestore/v1/openapi.yaml	census 30	enumeration.tsv.gz
non-identifier-operation-id	document	APIs/googleapis.com/firestore/v1beta1/openapi.yaml	census 20	enumeration.tsv.gz
non-identifier-operation-id	document	APIs/googleapis.com/firestore/v1beta2/openapi.yaml	census 8	enumeration.tsv.gz
non-identifier-operation-id	document	APIs/googleapis.com/fitness/v1/openapi.yaml	census 13	enumeration.tsv.gz
non-identifier-operation-id	document	APIs/googleapis.com/forms/v1/openapi.yaml	census 9	enumeration.tsv.gz
non-identifier-operation-id	document	APIs/googleapis.com/games/v1/openapi.yaml	census 35	enumeration.tsv.gz
non-identifier-operation-id	document	APIs/googleapis.com/gamesConfiguration/v1configuration/openapi.yaml	census 10	enumeration.tsv.gz
non-identifier-operation-id	document	APIs/googleapis.com/gamesManagement/v1management/openapi.yaml	census 18	enumeration.tsv.gz
non-identifier-operation-id	document	APIs/googleapis.com/gameservices/v1/openapi.yaml	census 8	enumeration.tsv.gz
non-identifier-operation-id	document	APIs/googleapis.com/gameservices/v1beta/openapi.yaml	census 8	enumeration.tsv.gz
non-identifier-operation-id	document	APIs/googleapis.com/genomics/v2alpha1/openapi.yaml	census 5	enumeration.tsv.gz
non-identifier-operation-id	document	APIs/googleapis.com/gkebackup/v1/openapi.yaml	census 19	enumeration.tsv.gz
non-identifier-operation-id	document	APIs/googleapis.com/gkehub/v1/openapi.yaml	census 24	enumeration.tsv.gz
non-identifier-operation-id	document	APIs/googleapis.com/gkehub/v1alpha/openapi.yaml	census 29	enumeration.tsv.gz
non-identifier-operation-id	document	APIs/googleapis.com/gkehub/v1alpha2/openapi.yaml	census 13	enumeration.tsv.gz
non-identifier-operation-id	document	APIs/googleapis.com/gkehub/v1beta/openapi.yaml	census 25	enumeration.tsv.gz
non-identifier-operation-id	document	APIs/googleapis.com/gkehub/v1beta1/openapi.yaml	census 14	enumeration.tsv.gz
non-identifier-operation-id	document	APIs/googleapis.com/gkehub/v2alpha/openapi.yaml	census 4	enumeration.tsv.gz
non-identifier-operation-id	document	APIs/googleapis.com/gkeonprem/v1/openapi.yaml	census 30	enumeration.tsv.gz
non-identifier-operation-id	document	APIs/googleapis.com/gmail/v1/openapi.yaml	census 79	enumeration.tsv.gz
non-identifier-operation-id	document	APIs/googleapis.com/gmailpostmastertools/v1/openapi.yaml	census 3	enumeration.tsv.gz
non-identifier-operation-id	document	APIs/googleapis.com/gmailpostmastertools/v1beta1/openapi.yaml	census 3	enumeration.tsv.gz
non-identifier-operation-id	document	APIs/googleapis.com/groupsmigration/v1/openapi.yaml	census 1	enumeration.tsv.gz
non-identifier-operation-id	document	APIs/googleapis.com/groupssettings/v1/openapi.yaml	census 3	enumeration.tsv.gz
non-identifier-operation-id	document	APIs/googleapis.com/healthcare/v1/openapi.yaml	census 66	enumeration.tsv.gz
non-identifier-operation-id	document	APIs/googleapis.com/healthcare/v1beta1/openapi.yaml	census 83	enumeration.tsv.gz
non-identifier-operation-id	document	APIs/googleapis.com/homegraph/v1/openapi.yaml	census 5	enumeration.tsv.gz
non-identifier-operation-id	document	APIs/googleapis.com/iam/v1/openapi.yaml	census 32	enumeration.tsv.gz
non-identifier-operation-id	document	APIs/googleapis.com/iam/v2/openapi.yaml	census 5	enumeration.tsv.gz
non-identifier-operation-id	document	APIs/googleapis.com/iam/v2beta/openapi.yaml	census 5	enumeration.tsv.gz
non-identifier-operation-id	document	APIs/googleapis.com/iamcredentials/v1/openapi.yaml	census 4	enumeration.tsv.gz
non-identifier-operation-id	document	APIs/googleapis.com/iap/v1/openapi.yaml	census 16	enumeration.tsv.gz
non-identifier-operation-id	document	APIs/googleapis.com/iap/v1beta1/openapi.yaml	census 3	enumeration.tsv.gz
non-identifier-operation-id	document	APIs/googleapis.com/ideahub/v1alpha/openapi.yaml	census 5	enumeration.tsv.gz
non-identifier-operation-id	document	APIs/googleapis.com/ideahub/v1beta/openapi.yaml	census 4	enumeration.tsv.gz
non-identifier-operation-id	document	APIs/googleapis.com/identitytoolkit/v2/openapi.yaml	census 24	enumeration.tsv.gz
non-identifier-operation-id	document	APIs/googleapis.com/identitytoolkit/v3/openapi.yaml	census 20	enumeration.tsv.gz
non-identifier-operation-id	document	APIs/googleapis.com/ids/v1/openapi.yaml	census 11	enumeration.tsv.gz
non-identifier-operation-id	document	APIs/googleapis.com/indexing/v3/openapi.yaml	census 2	enumeration.tsv.gz
non-identifier-operation-id	document	APIs/googleapis.com/integrations/v1/openapi.yaml	census 40	enumeration.tsv.gz
non-identifier-operation-id	document	APIs/googleapis.com/integrations/v1alpha/openapi.yaml	census 34	enumeration.tsv.gz
non-identifier-operation-id	document	APIs/googleapis.com/jobs/v3/openapi.yaml	census 12	enumeration.tsv.gz
non-identifier-operation-id	document	APIs/googleapis.com/jobs/v3p1beta1/openapi.yaml	census 12	enumeration.tsv.gz
non-identifier-operation-id	document	APIs/googleapis.com/jobs/v4/openapi.yaml	census 16	enumeration.tsv.gz
non-identifier-operation-id	document	APIs/googleapis.com/keep/v1/openapi.yaml	census 6	enumeration.tsv.gz
non-identifier-operation-id	document	APIs/googleapis.com/kgsearch/v1/openapi.yaml	census 1	enumeration.tsv.gz
non-identifier-operation-id	document	APIs/googleapis.com/kmsinventory/v1/openapi.yaml	census 3	enumeration.tsv.gz
non-identifier-operation-id	document	APIs/googleapis.com/language/v1/openapi.yaml	census 7	enumeration.tsv.gz
non-identifier-operation-id	document	APIs/googleapis.com/language/v1beta1/openapi.yaml	census 4	enumeration.tsv.gz
non-identifier-operation-id	document	APIs/googleapis.com/language/v1beta2/openapi.yaml	census 7	enumeration.tsv.gz
non-identifier-operation-id	document	APIs/googleapis.com/language/v2/openapi.yaml	census 5	enumeration.tsv.gz
non-identifier-operation-id	document	APIs/googleapis.com/libraryagent/v1/openapi.yaml	census 5	enumeration.tsv.gz
non-identifier-operation-id	document	APIs/googleapis.com/licensing/v1/openapi.yaml	census 7	enumeration.tsv.gz
non-identifier-operation-id	document	APIs/googleapis.com/lifesciences/v2beta/openapi.yaml	census 5	enumeration.tsv.gz
non-identifier-operation-id	document	APIs/googleapis.com/localservices/v1/openapi.yaml	census 2	enumeration.tsv.gz
non-identifier-operation-id	document	APIs/googleapis.com/logging/v2/openapi.yaml	census 42	enumeration.tsv.gz
non-identifier-operation-id	document	APIs/googleapis.com/looker/v1/openapi.yaml	census 14	enumeration.tsv.gz
non-identifier-operation-id	document	APIs/googleapis.com/managedidentities/v1/openapi.yaml	census 28	enumeration.tsv.gz
non-identifier-operation-id	document	APIs/googleapis.com/managedidentities/v1alpha1/openapi.yaml	census 29	enumeration.tsv.gz
non-identifier-operation-id	document	APIs/googleapis.com/managedidentities/v1beta1/openapi.yaml	census 28	enumeration.tsv.gz
non-identifier-operation-id	document	APIs/googleapis.com/manufacturers/v1/openapi.yaml	census 8	enumeration.tsv.gz
non-identifier-operation-id	document	APIs/googleapis.com/marketingplatformadmin/v1alpha/openapi.yaml	census 4	enumeration.tsv.gz
non-identifier-operation-id	document	APIs/googleapis.com/memcache/v1/openapi.yaml	census 12	enumeration.tsv.gz
non-identifier-operation-id	document	APIs/googleapis.com/memcache/v1beta2/openapi.yaml	census 13	enumeration.tsv.gz
non-identifier-operation-id	document	APIs/googleapis.com/metastore/v1/openapi.yaml	census 23	enumeration.tsv.gz
non-identifier-operation-id	document	APIs/googleapis.com/metastore/v1alpha/openapi.yaml	census 24	enumeration.tsv.gz
non-identifier-operation-id	document	APIs/googleapis.com/metastore/v1beta/openapi.yaml	census 24	enumeration.tsv.gz
non-identifier-operation-id	document	APIs/googleapis.com/migrationcenter/v1/openapi.yaml	census 30	enumeration.tsv.gz
non-identifier-operation-id	document	APIs/googleapis.com/migrationcenter/v1alpha1/openapi.yaml	census 30	enumeration.tsv.gz
non-identifier-operation-id	document	APIs/googleapis.com/mirror/v1/openapi.yaml	census 24	enumeration.tsv.gz
non-identifier-operation-id	document	APIs/googleapis.com/ml/v1/openapi.yaml	census 29	enumeration.tsv.gz
non-identifier-operation-id	document	APIs/googleapis.com/monitoring/v1/openapi.yaml	census 14	enumeration.tsv.gz
non-identifier-operation-id	document	APIs/googleapis.com/monitoring/v3/openapi.yaml	census 32	enumeration.tsv.gz
non-identifier-operation-id	document	APIs/googleapis.com/my-business/v4/openapi.yaml	census 50	enumeration.tsv.gz
non-identifier-operation-id	document	APIs/googleapis.com/mybusinessaccountmanagement/v1/openapi.yaml	census 11	enumeration.tsv.gz
non-identifier-operation-id	document	APIs/googleapis.com/mybusinessbusinesscalls/v1/openapi.yaml	census 3	enumeration.tsv.gz
non-identifier-operation-id	document	APIs/googleapis.com/mybusinessbusinessinformation/v1/openapi.yaml	census 11	enumeration.tsv.gz
non-identifier-operation-id	document	APIs/googleapis.com/mybusinesslodging/v1/openapi.yaml	census 3	enumeration.tsv.gz
non-identifier-operation-id	document	APIs/googleapis.com/mybusinessnotifications/v1/openapi.yaml	census 2	enumeration.tsv.gz
non-identifier-operation-id	document	APIs/googleapis.com/mybusinessplaceactions/v1/openapi.yaml	census 6	enumeration.tsv.gz
non-identifier-operation-id	document	APIs/googleapis.com/mybusinessqanda/v1/openapi.yaml	census 7	enumeration.tsv.gz
non-identifier-operation-id	document	APIs/googleapis.com/mybusinessverifications/v1/openapi.yaml	census 5	enumeration.tsv.gz
non-identifier-operation-id	document	APIs/googleapis.com/networkconnectivity/v1/openapi.yaml	census 30	enumeration.tsv.gz
non-identifier-operation-id	document	APIs/googleapis.com/networkconnectivity/v1alpha1/openapi.yaml	census 15	enumeration.tsv.gz
non-identifier-operation-id	document	APIs/googleapis.com/networkmanagement/v1/openapi.yaml	census 12	enumeration.tsv.gz
non-identifier-operation-id	document	APIs/googleapis.com/networkmanagement/v1beta1/openapi.yaml	census 12	enumeration.tsv.gz
non-identifier-operation-id	document	APIs/googleapis.com/networksecurity/v1/openapi.yaml	census 29	enumeration.tsv.gz
non-identifier-operation-id	document	APIs/googleapis.com/networksecurity/v1beta1/openapi.yaml	census 37	enumeration.tsv.gz
non-identifier-operation-id	document	APIs/googleapis.com/networkservices/v1/openapi.yaml	census 31	enumeration.tsv.gz
non-identifier-operation-id	document	APIs/googleapis.com/networkservices/v1beta1/openapi.yaml	census 31	enumeration.tsv.gz
non-identifier-operation-id	document	APIs/googleapis.com/notebooks/v1/openapi.yaml	census 41	enumeration.tsv.gz
non-identifier-operation-id	document	APIs/googleapis.com/notebooks/v2/openapi.yaml	census 22	enumeration.tsv.gz
non-identifier-operation-id	document	APIs/googleapis.com/oauth2/v1/openapi.yaml	census 3	enumeration.tsv.gz
non-identifier-operation-id	document	APIs/googleapis.com/oauth2/v2/openapi.yaml	census 3	enumeration.tsv.gz
non-identifier-operation-id	document	APIs/googleapis.com/ondemandscanning/v1/openapi.yaml	census 7	enumeration.tsv.gz
non-identifier-operation-id	document	APIs/googleapis.com/ondemandscanning/v1beta1/openapi.yaml	census 7	enumeration.tsv.gz
non-identifier-operation-id	document	APIs/googleapis.com/orgpolicy/v2/openapi.yaml	census 9	enumeration.tsv.gz
non-identifier-operation-id	document	APIs/googleapis.com/osconfig/v1/openapi.yaml	census 17	enumeration.tsv.gz
non-identifier-operation-id	document	APIs/googleapis.com/osconfig/v1alpha/openapi.yaml	census 11	enumeration.tsv.gz
non-identifier-operation-id	document	APIs/googleapis.com/osconfig/v1beta/openapi.yaml	census 14	enumeration.tsv.gz
non-identifier-operation-id	document	APIs/googleapis.com/oslogin/v1/openapi.yaml	census 6	enumeration.tsv.gz
non-identifier-operation-id	document	APIs/googleapis.com/oslogin/v1alpha/openapi.yaml	census 7	enumeration.tsv.gz
non-identifier-operation-id	document	APIs/googleapis.com/oslogin/v1beta/openapi.yaml	census 7	enumeration.tsv.gz
non-identifier-operation-id	document	APIs/googleapis.com/pagespeedonline/v1/openapi.yaml	census 1	enumeration.tsv.gz
non-identifier-operation-id	document	APIs/googleapis.com/pagespeedonline/v2/openapi.yaml	census 1	enumeration.tsv.gz
non-identifier-operation-id	document	APIs/googleapis.com/pagespeedonline/v4/openapi.yaml	census 1	enumeration.tsv.gz
non-identifier-operation-id	document	APIs/googleapis.com/pagespeedonline/v5/openapi.yaml	census 1	enumeration.tsv.gz
non-identifier-operation-id	document	APIs/googleapis.com/paymentsresellersubscription/v1/openapi.yaml	census 10	enumeration.tsv.gz
non-identifier-operation-id	document	APIs/googleapis.com/people/v1/openapi.yaml	census 23	enumeration.tsv.gz
non-identifier-operation-id	document	APIs/googleapis.com/places/v1/openapi.yaml	census 4	enumeration.tsv.gz
non-identifier-operation-id	document	APIs/googleapis.com/playablelocations/v3/openapi.yaml	census 3	enumeration.tsv.gz
non-identifier-operation-id	document	APIs/googleapis.com/playcustomapp/v1/openapi.yaml	census 1	enumeration.tsv.gz
non-identifier-operation-id	document	APIs/googleapis.com/playdeveloperreporting/v1alpha1/openapi.yaml	census 7	enumeration.tsv.gz
non-identifier-operation-id	document	APIs/googleapis.com/playdeveloperreporting/v1beta1/openapi.yaml	census 7	enumeration.tsv.gz
non-identifier-operation-id	document	APIs/googleapis.com/playgrouping/v1alpha1/openapi.yaml	census 2	enumeration.tsv.gz
non-identifier-operation-id	document	APIs/googleapis.com/playintegrity/v1/openapi.yaml	census 1	enumeration.tsv.gz
non-identifier-operation-id	document	APIs/googleapis.com/plus/v1/openapi.yaml	census 9	enumeration.tsv.gz
non-identifier-operation-id	document	APIs/googleapis.com/policyanalyzer/v1/openapi.yaml	census 1	enumeration.tsv.gz
non-identifier-operation-id	document	APIs/googleapis.com/policyanalyzer/v1beta1/openapi.yaml	census 1	enumeration.tsv.gz
non-identifier-operation-id	document	APIs/googleapis.com/policysimulator/v1/openapi.yaml	census 6	enumeration.tsv.gz
non-identifier-operation-id	document	APIs/googleapis.com/policysimulator/v1alpha/openapi.yaml	census 8	enumeration.tsv.gz
non-identifier-operation-id	document	APIs/googleapis.com/policysimulator/v1beta/openapi.yaml	census 8	enumeration.tsv.gz
non-identifier-operation-id	document	APIs/googleapis.com/policysimulator/v1beta1/openapi.yaml	census 1	enumeration.tsv.gz
non-identifier-operation-id	document	APIs/googleapis.com/policytroubleshooter/v1/openapi.yaml	census 1	enumeration.tsv.gz
non-identifier-operation-id	document	APIs/googleapis.com/policytroubleshooter/v1beta/openapi.yaml	census 1	enumeration.tsv.gz
non-identifier-operation-id	document	APIs/googleapis.com/poly/v1/openapi.yaml	census 4	enumeration.tsv.gz
non-identifier-operation-id	document	APIs/googleapis.com/privateca/v1/openapi.yaml	census 25	enumeration.tsv.gz
non-identifier-operation-id	document	APIs/googleapis.com/privateca/v1beta1/openapi.yaml	census 8	enumeration.tsv.gz
non-identifier-operation-id	document	APIs/googleapis.com/prod_tt_sasportal/v1alpha1/openapi.yaml	census 24	enumeration.tsv.gz
non-identifier-operation-id	document	APIs/googleapis.com/proximitybeacon/v1beta1/openapi.yaml	census 17	enumeration.tsv.gz
non-identifier-operation-id	document	APIs/googleapis.com/publicca/v1/openapi.yaml	census 1	enumeration.tsv.gz
non-identifier-operation-id	document	APIs/googleapis.com/publicca/v1alpha1/openapi.yaml	census 1	enumeration.tsv.gz
non-identifier-operation-id	document	APIs/googleapis.com/publicca/v1beta1/openapi.yaml	census 1	enumeration.tsv.gz
non-identifier-operation-id	document	APIs/googleapis.com/pubsub/v1/openapi.yaml	census 33	enumeration.tsv.gz
non-identifier-operation-id	document	APIs/googleapis.com/pubsub/v1beta1a/openapi.yaml	census 15	enumeration.tsv.gz
non-identifier-operation-id	document	APIs/googleapis.com/pubsub/v1beta2/openapi.yaml	census 16	enumeration.tsv.gz
non-identifier-operation-id	document	APIs/googleapis.com/pubsublite/v1/openapi.yaml	census 20	enumeration.tsv.gz
non-identifier-operation-id	document	APIs/googleapis.com/rapidmigrationassessment/v1/openapi.yaml	census 12	enumeration.tsv.gz
non-identifier-operation-id	document	APIs/googleapis.com/readerrevenuesubscriptionlinking/v1/openapi.yaml	census 3	enumeration.tsv.gz
non-identifier-operation-id	document	APIs/googleapis.com/realtimebidding/v1/openapi.yaml	census 28	enumeration.tsv.gz
non-identifier-operation-id	document	APIs/googleapis.com/realtimebidding/v1alpha/openapi.yaml	census 4	enumeration.tsv.gz
non-identifier-operation-id	document	APIs/googleapis.com/recaptchaenterprise/v1/openapi.yaml	census 15	enumeration.tsv.gz
non-identifier-operation-id	document	APIs/googleapis.com/recommendationengine/v1beta1/openapi.yaml	census 17	enumeration.tsv.gz
non-identifier-operation-id	document	APIs/googleapis.com/recommender/v1/openapi.yaml	census 9	enumeration.tsv.gz
non-identifier-operation-id	document	APIs/googleapis.com/recommender/v1beta1/openapi.yaml	census 12	enumeration.tsv.gz
non-identifier-operation-id	document	APIs/googleapis.com/redis/v1/openapi.yaml	census 16	enumeration.tsv.gz
non-identifier-operation-id	document	APIs/googleapis.com/redis/v1beta1/openapi.yaml	census 16	enumeration.tsv.gz
non-identifier-operation-id	document	APIs/googleapis.com/remotebuildexecution/v1alpha/openapi.yaml	census 8	enumeration.tsv.gz
non-identifier-operation-id	document	APIs/googleapis.com/replicapool/v1beta1/openapi.yaml	census 10	enumeration.tsv.gz
non-identifier-operation-id	document	APIs/googleapis.com/reseller/v1/openapi.yaml	census 17	enumeration.tsv.gz
non-identifier-operation-id	document	APIs/googleapis.com/resourcesettings/v1/openapi.yaml	census 3	enumeration.tsv.gz
non-identifier-operation-id	document	APIs/googleapis.com/retail/v2/openapi.yaml	census 40	enumeration.tsv.gz
non-identifier-operation-id	document	APIs/googleapis.com/retail/v2alpha/openapi.yaml	census 46	enumeration.tsv.gz
non-identifier-operation-id	document	APIs/googleapis.com/retail/v2beta/openapi.yaml	census 41	enumeration.tsv.gz
non-identifier-operation-id	document	APIs/googleapis.com/run/v1/openapi.yaml	census 39	enumeration.tsv.gz
non-identifier-operation-id	document	APIs/googleapis.com/run/v1alpha1/openapi.yaml	census 4	enumeration.tsv.gz
non-identifier-operation-id	document	APIs/googleapis.com/run/v2/openapi.yaml	census 17	enumeration.tsv.gz
non-identifier-operation-id	document	APIs/googleapis.com/runtimeconfig/v1/openapi.yaml	census 3	enumeration.tsv.gz
non-identifier-operation-id	document	APIs/googleapis.com/runtimeconfig/v1beta1/openapi.yaml	census 13	enumeration.tsv.gz
non-identifier-operation-id	document	APIs/googleapis.com/safebrowsing/v4/openapi.yaml	census 7	enumeration.tsv.gz
non-identifier-operation-id	document	APIs/googleapis.com/safebrowsing/v5/openapi.yaml	census 1	enumeration.tsv.gz
non-identifier-operation-id	document	APIs/googleapis.com/sasportal/v1alpha1/openapi.yaml	census 24	enumeration.tsv.gz
non-identifier-operation-id	document	APIs/googleapis.com/script/v1/openapi.yaml	census 16	enumeration.tsv.gz
non-identifier-operation-id	document	APIs/googleapis.com/searchads360/v0/openapi.yaml	census 5	enumeration.tsv.gz
non-identifier-operation-id	document	APIs/googleapis.com/searchconsole/v1/openapi.yaml	census 11	enumeration.tsv.gz
non-identifier-operation-id	document	APIs/googleapis.com/secretmanager/v1/openapi.yaml	census 15	enumeration.tsv.gz
non-identifier-operation-id	document	APIs/googleapis.com/secretmanager/v1beta1/openapi.yaml	census 15	enumeration.tsv.gz
non-identifier-operation-id	document	APIs/googleapis.com/securitycenter/v1/openapi.yaml	census 34	enumeration.tsv.gz
non-identifier-operation-id	document	APIs/googleapis.com/securitycenter/v1beta1/openapi.yaml	census 16	enumeration.tsv.gz
non-identifier-operation-id	document	APIs/googleapis.com/securitycenter/v1beta2/openapi.yaml	census 3	enumeration.tsv.gz
non-identifier-operation-id	document	APIs/googleapis.com/securitycenter/v1p1alpha1/openapi.yaml	census 3	enumeration.tsv.gz
non-identifier-operation-id	document	APIs/googleapis.com/servicebroker/v1/openapi.yaml	census 3	enumeration.tsv.gz
non-identifier-operation-id	document	APIs/googleapis.com/servicebroker/v1alpha1/openapi.yaml	census 14	enumeration.tsv.gz
non-identifier-operation-id	document	APIs/googleapis.com/servicebroker/v1beta1/openapi.yaml	census 14	enumeration.tsv.gz
non-identifier-operation-id	document	APIs/googleapis.com/serviceconsumermanagement/v1/openapi.yaml	census 12	enumeration.tsv.gz
non-identifier-operation-id	document	APIs/googleapis.com/serviceconsumermanagement/v1beta1/openapi.yaml	census 7	enumeration.tsv.gz
non-identifier-operation-id	document	APIs/googleapis.com/servicecontrol/v1/openapi.yaml	census 3	enumeration.tsv.gz
non-identifier-operation-id	document	APIs/googleapis.com/servicecontrol/v2/openapi.yaml	census 2	enumeration.tsv.gz
non-identifier-operation-id	document	APIs/googleapis.com/servicedirectory/v1/openapi.yaml	census 14	enumeration.tsv.gz
non-identifier-operation-id	document	APIs/googleapis.com/servicedirectory/v1beta1/openapi.yaml	census 14	enumeration.tsv.gz
non-identifier-operation-id	document	APIs/googleapis.com/servicemanagement/v1/openapi.yaml	census 19	enumeration.tsv.gz
non-identifier-operation-id	document	APIs/googleapis.com/servicenetworking/v1/openapi.yaml	census 25	enumeration.tsv.gz
non-identifier-operation-id	document	APIs/googleapis.com/servicenetworking/v1beta/openapi.yaml	census 6	enumeration.tsv.gz
non-identifier-operation-id	document	APIs/googleapis.com/serviceusage/v1/openapi.yaml	census 9	enumeration.tsv.gz
non-identifier-operation-id	document	APIs/googleapis.com/serviceusage/v1beta1/openapi.yaml	census 16	enumeration.tsv.gz
non-identifier-operation-id	document	APIs/googleapis.com/sheets/v4/openapi.yaml	census 17	enumeration.tsv.gz
non-identifier-operation-id	document	APIs/googleapis.com/shoppingcontent/v2/openapi.yaml	census 86	enumeration.tsv.gz
non-identifier-operation-id	document	APIs/googleapis.com/siteVerification/v1/openapi.yaml	census 7	enumeration.tsv.gz
non-identifier-operation-id	document	APIs/googleapis.com/slides/v1/openapi.yaml	census 5	enumeration.tsv.gz
non-identifier-operation-id	document	APIs/googleapis.com/smartdevicemanagement/v1/openapi.yaml	census 5	enumeration.tsv.gz
non-identifier-operation-id	document	APIs/googleapis.com/sourcerepo/v1/openapi.yaml	census 11	enumeration.tsv.gz
non-identifier-operation-id	document	APIs/googleapis.com/spanner/v1/openapi.yaml	census 40	enumeration.tsv.gz
non-identifier-operation-id	document	APIs/googleapis.com/speech/v1/openapi.yaml	census 11	enumeration.tsv.gz
non-identifier-operation-id	document	APIs/googleapis.com/speech/v1p1beta1/openapi.yaml	census 11	enumeration.tsv.gz
non-identifier-operation-id	document	APIs/googleapis.com/speech/v2beta1/openapi.yaml	census 2	enumeration.tsv.gz
non-identifier-operation-id	document	APIs/googleapis.com/sql/v1beta4/openapi.yaml	census 58	enumeration.tsv.gz
non-identifier-operation-id	document	APIs/googleapis.com/sqladmin/v1/openapi.yaml	census 58	enumeration.tsv.gz
non-identifier-operation-id	document	APIs/googleapis.com/storage/v1/openapi.yaml	census 76	enumeration.tsv.gz
non-identifier-operation-id	document	APIs/googleapis.com/storage/v1beta2/openapi.yaml	census 34	enumeration.tsv.gz
non-identifier-operation-id	document	APIs/googleapis.com/storagetransfer/v1/openapi.yaml	census 15	enumeration.tsv.gz
non-identifier-operation-id	document	APIs/googleapis.com/streetviewpublish/v1/openapi.yaml	census 14	enumeration.tsv.gz
non-identifier-operation-id	document	APIs/googleapis.com/sts/v1/openapi.yaml	census 3	enumeration.tsv.gz
non-identifier-operation-id	document	APIs/googleapis.com/sts/v1beta/openapi.yaml	census 1	enumeration.tsv.gz
non-identifier-operation-id	document	APIs/googleapis.com/tagmanager/v1/openapi.yaml	census 49	enumeration.tsv.gz
non-identifier-operation-id	document	APIs/googleapis.com/tagmanager/v2/openapi.yaml	census 54	enumeration.tsv.gz
non-identifier-operation-id	document	APIs/googleapis.com/tasks/v1/openapi.yaml	census 14	enumeration.tsv.gz
non-identifier-operation-id	document	APIs/googleapis.com/testing/v1/openapi.yaml	census 10	enumeration.tsv.gz
non-identifier-operation-id	document	APIs/googleapis.com/texttospeech/v1/openapi.yaml	census 7	enumeration.tsv.gz
non-identifier-operation-id	document	APIs/googleapis.com/texttospeech/v1beta1/openapi.yaml	census 5	enumeration.tsv.gz
non-identifier-operation-id	document	APIs/googleapis.com/toolresults/v1beta3/openapi.yaml	census 29	enumeration.tsv.gz
non-identifier-operation-id	document	APIs/googleapis.com/tpu/v1/openapi.yaml	census 12	enumeration.tsv.gz
non-identifier-operation-id	document	APIs/googleapis.com/tpu/v1alpha1/openapi.yaml	census 12	enumeration.tsv.gz
non-identifier-operation-id	document	APIs/googleapis.com/tpu/v2/openapi.yaml	census 17	enumeration.tsv.gz
non-identifier-operation-id	document	APIs/googleapis.com/tpu/v2alpha1/openapi.yaml	census 19	enumeration.tsv.gz
non-identifier-operation-id	document	APIs/googleapis.com/trafficdirector/v2/openapi.yaml	census 1	enumeration.tsv.gz
non-identifier-operation-id	document	APIs/googleapis.com/trafficdirector/v3/openapi.yaml	census 1	enumeration.tsv.gz
non-identifier-operation-id	document	APIs/googleapis.com/transcoder/v1/openapi.yaml	census 6	enumeration.tsv.gz
non-identifier-operation-id	document	APIs/googleapis.com/transcoder/v1beta1/openapi.yaml	census 6	enumeration.tsv.gz
non-identifier-operation-id	document	APIs/googleapis.com/translate/v2/openapi.yaml	census 5	enumeration.tsv.gz
non-identifier-operation-id	document	APIs/googleapis.com/translate/v3/openapi.yaml	census 31	enumeration.tsv.gz
non-identifier-operation-id	document	APIs/googleapis.com/translate/v3beta1/openapi.yaml	census 14	enumeration.tsv.gz
non-identifier-operation-id	document	APIs/googleapis.com/travelimpactmodel/v1/openapi.yaml	census 1	enumeration.tsv.gz
non-identifier-operation-id	document	APIs/googleapis.com/vault/v1/openapi.yaml	census 32	enumeration.tsv.gz
non-identifier-operation-id	document	APIs/googleapis.com/vectortile/v1/openapi.yaml	census 1	enumeration.tsv.gz
non-identifier-operation-id	document	APIs/googleapis.com/verifiedaccess/v1/openapi.yaml	census 2	enumeration.tsv.gz
non-identifier-operation-id	document	APIs/googleapis.com/verifiedaccess/v2/openapi.yaml	census 2	enumeration.tsv.gz
non-identifier-operation-id	document	APIs/googleapis.com/versionhistory/v1/openapi.yaml	census 4	enumeration.tsv.gz
non-identifier-operation-id	document	APIs/googleapis.com/videointelligence/v1/openapi.yaml	census 8	enumeration.tsv.gz
non-identifier-operation-id	document	APIs/googleapis.com/videointelligence/v1beta2/openapi.yaml	census 1	enumeration.tsv.gz
non-identifier-operation-id	document	APIs/googleapis.com/videointelligence/v1p1beta1/openapi.yaml	census 1	enumeration.tsv.gz
non-identifier-operation-id	document	APIs/googleapis.com/videointelligence/v1p2beta1/openapi.yaml	census 1	enumeration.tsv.gz
non-identifier-operation-id	document	APIs/googleapis.com/videointelligence/v1p3beta1/openapi.yaml	census 1	enumeration.tsv.gz
non-identifier-operation-id	document	APIs/googleapis.com/vision/v1/openapi.yaml	census 23	enumeration.tsv.gz
non-identifier-operation-id	document	APIs/googleapis.com/vision/v1p1beta1/openapi.yaml	census 8	enumeration.tsv.gz
non-identifier-operation-id	document	APIs/googleapis.com/vision/v1p2beta1/openapi.yaml	census 8	enumeration.tsv.gz
non-identifier-operation-id	document	APIs/googleapis.com/vmmigration/v1/openapi.yaml	census 34	enumeration.tsv.gz
non-identifier-operation-id	document	APIs/googleapis.com/vmmigration/v1alpha1/openapi.yaml	census 34	enumeration.tsv.gz
non-identifier-operation-id	document	APIs/googleapis.com/vmwareengine/v1/openapi.yaml	census 43	enumeration.tsv.gz
non-identifier-operation-id	document	APIs/googleapis.com/vpcaccess/v1/openapi.yaml	census 7	enumeration.tsv.gz
non-identifier-operation-id	document	APIs/googleapis.com/vpcaccess/v1beta1/openapi.yaml	census 7	enumeration.tsv.gz
non-identifier-operation-id	document	APIs/googleapis.com/walletobjects/v1/openapi.yaml	census 97	enumeration.tsv.gz
non-identifier-operation-id	document	APIs/googleapis.com/webfonts/v1/openapi.yaml	census 1	enumeration.tsv.gz
non-identifier-operation-id	document	APIs/googleapis.com/webmasters/v3/openapi.yaml	census 9	enumeration.tsv.gz
non-identifier-operation-id	document	APIs/googleapis.com/webrisk/v1/openapi.yaml	census 8	enumeration.tsv.gz
non-identifier-operation-id	document	APIs/googleapis.com/websecurityscanner/v1/openapi.yaml	census 11	enumeration.tsv.gz
non-identifier-operation-id	document	APIs/googleapis.com/websecurityscanner/v1alpha/openapi.yaml	census 11	enumeration.tsv.gz
non-identifier-operation-id	document	APIs/googleapis.com/websecurityscanner/v1beta/openapi.yaml	census 11	enumeration.tsv.gz
non-identifier-operation-id	document	APIs/googleapis.com/workflowexecutions/v1/openapi.yaml	census 8	enumeration.tsv.gz
non-identifier-operation-id	document	APIs/googleapis.com/workflowexecutions/v1beta/openapi.yaml	census 4	enumeration.tsv.gz
non-identifier-operation-id	document	APIs/googleapis.com/workflows/v1/openapi.yaml	census 8	enumeration.tsv.gz
non-identifier-operation-id	document	APIs/googleapis.com/workflows/v1beta/openapi.yaml	census 7	enumeration.tsv.gz
non-identifier-operation-id	document	APIs/googleapis.com/workloadmanager/v1/openapi.yaml	census 14	enumeration.tsv.gz
non-identifier-operation-id	document	APIs/googleapis.com/workspaceevents/v1/openapi.yaml	census 6	enumeration.tsv.gz
non-identifier-operation-id	document	APIs/googleapis.com/workstations/v1/openapi.yaml	census 20	enumeration.tsv.gz
non-identifier-operation-id	document	APIs/googleapis.com/workstations/v1beta/openapi.yaml	census 19	enumeration.tsv.gz
non-identifier-operation-id	document	APIs/googleapis.com/youtube/v3/openapi.yaml	census 80	enumeration.tsv.gz
non-identifier-operation-id	document	APIs/googleapis.com/youtubeAnalytics/v2/openapi.yaml	census 8	enumeration.tsv.gz
non-identifier-operation-id	document	APIs/googleapis.com/youtubereporting/v1/openapi.yaml	census 8	enumeration.tsv.gz
non-identifier-operation-id	document	APIs/gov.bc.ca/gwells/v1/openapi.yaml	census 24	enumeration.tsv.gz
non-identifier-operation-id	document	APIs/gov.bc.ca/news/1.0/openapi.yaml	census 27	enumeration.tsv.gz
non-identifier-operation-id	document	APIs/graphhopper.com/1.0.0/openapi.yaml	census 15	enumeration.tsv.gz
non-identifier-operation-id	document	APIs/groundhog-day.com/1.2.1/openapi.yaml	census 5	enumeration.tsv.gz
non-identifier-operation-id	document	APIs/gsmtasks.com/2.4.13/openapi.yaml	census 261	enumeration.tsv.gz
non-identifier-operation-id	document	APIs/hackathonwatch.com/0.1/openapi.yaml	census 4	enumeration.tsv.gz
non-identifier-operation-id	document	APIs/here.com/positioning/2.1.1/openapi.yaml	census 3	enumeration.tsv.gz
non-identifier-operation-id	document	APIs/highwaysengland.co.uk/v1/openapi.yaml	census 7	enumeration.tsv.gz
non-identifier-operation-id	document	APIs/hubapi.com/analytics/v3/openapi.yaml	census 1	enumeration.tsv.gz
non-identifier-operation-id	document	APIs/hubapi.com/auth/v1/openapi.yaml	census 4	enumeration.tsv.gz
non-identifier-operation-id	document	APIs/hubapi.com/automation/v4/openapi.yaml	census 16	enumeration.tsv.gz
non-identifier-operation-id	document	APIs/hubapi.com/business units/v3/openapi.yaml	census 1	enumeration.tsv.gz
non-identifier-operation-id	document	APIs/hubapi.com/cms/v3/openapi.yaml	census 2	enumeration.tsv.gz
non-identifier-operation-id	document	APIs/hubapi.com/communication-preferences/v3/openapi.yaml	census 4	enumeration.tsv.gz
non-identifier-operation-id	document	APIs/hubapi.com/conversations/v3/openapi.yaml	census 1	enumeration.tsv.gz
non-identifier-operation-id	document	APIs/hubapi.com/crm/v3/openapi.yaml	census 6	enumeration.tsv.gz
non-identifier-operation-id	document	APIs/hubapi.com/events/v3/openapi.yaml	census 1	enumeration.tsv.gz
non-identifier-operation-id	document	APIs/hubapi.com/files/v3/openapi.yaml	census 19	enumeration.tsv.gz
non-identifier-operation-id	document	APIs/hubapi.com/marketing/v3/openapi.yaml	census 16	enumeration.tsv.gz
non-identifier-operation-id	document	APIs/hubapi.com/webhooks/v3/openapi.yaml	census 9	enumeration.tsv.gz
non-identifier-operation-id	document	APIs/ibanapi.com/1.0.0/openapi.yaml	census 3	enumeration.tsv.gz
non-identifier-operation-id	document	APIs/icons8.com/1.0.0/openapi.yaml	census 8	enumeration.tsv.gz
non-identifier-operation-id	document	APIs/id4i.de/1.0.2/openapi.yaml	census 107	enumeration.tsv.gz
non-identifier-operation-id	document	APIs/ideaconsult.net/enanomapper/4.0.0/openapi.yaml	census 13	enumeration.tsv.gz
non-identifier-operation-id	document	APIs/ideaconsult.net/nanoreg/4.0.0/openapi.yaml	census 13	enumeration.tsv.gz
non-identifier-operation-id	document	APIs/ideal-postcodes.co.uk/3.7.0/openapi.yaml	census 26	enumeration.tsv.gz
non-identifier-operation-id	document	APIs/impala.travel/hotels/1.003/openapi.yaml	census 10	enumeration.tsv.gz
non-identifier-operation-id	document	APIs/increase.com/0.0.1/openapi.yaml	census 131	enumeration.tsv.gz
non-identifier-operation-id	document	APIs/influxdata.com/2.0.0/openapi.yaml	census 197	enumeration.tsv.gz
non-identifier-operation-id	document	APIs/intellifi.nl/2.23.4+0.gb463b49.dirty/openapi.yaml	census 73	enumeration.tsv.gz
non-identifier-operation-id	document	APIs/interzoid.com/convertcurrency/1.0.0/openapi.yaml	census 1	enumeration.tsv.gz
non-identifier-operation-id	document	APIs/interzoid.com/getaddressmatch/1.0.0/openapi.yaml	census 1	enumeration.tsv.gz
non-identifier-operation-id	document	APIs/interzoid.com/getareacodefromnumber/1.0.0/openapi.yaml	census 1	enumeration.tsv.gz
non-identifier-operation-id	document	APIs/interzoid.com/getcitymatch/1.0.0/openapi.yaml	census 1	enumeration.tsv.gz
non-identifier-operation-id	document	APIs/interzoid.com/getcitystandard/1.0.0/openapi.yaml	census 1	enumeration.tsv.gz
non-identifier-operation-id	document	APIs/interzoid.com/getcompanymatch/1.0.0/openapi.yaml	census 1	enumeration.tsv.gz
non-identifier-operation-id	document	APIs/interzoid.com/getcountrymatch/1.0.0/openapi.yaml	census 1	enumeration.tsv.gz
non-identifier-operation-id	document	APIs/interzoid.com/getcountrystandard/1.0.0/openapi.yaml	census 1	enumeration.tsv.gz
non-identifier-operation-id	document	APIs/interzoid.com/getcurrencyrate/1.0.0/openapi.yaml	census 1	enumeration.tsv.gz
non-identifier-operation-id	document	APIs/interzoid.com/getemailinfo/1.0.0/openapi.yaml	census 1	enumeration.tsv.gz
non-identifier-operation-id	document	APIs/interzoid.com/getfullnamematch/1.0.0/openapi.yaml	census 1	enumeration.tsv.gz
non-identifier-operation-id	document	APIs/interzoid.com/getfullnameparsedmatch/1.0.0/openapi.yaml	census 1	enumeration.tsv.gz
non-identifier-operation-id	document	APIs/interzoid.com/getglobalnumberinfo/1.0.0/openapi.yaml	census 1	enumeration.tsv.gz
non-identifier-operation-id	document	APIs/interzoid.com/getglobaltime/1.0.0/openapi.yaml	census 1	enumeration.tsv.gz
non-identifier-operation-id	document	APIs/interzoid.com/getstateabbreviation/1.0.0/openapi.yaml	census 1	enumeration.tsv.gz
non-identifier-operation-id	document	APIs/interzoid.com/getweathercity/1.0.0/openapi.yaml	census 1	enumeration.tsv.gz
non-identifier-operation-id	document	APIs/interzoid.com/getweatherzip/1.0.0/openapi.yaml	census 1	enumeration.tsv.gz
non-identifier-operation-id	document	APIs/interzoid.com/getzipinfo/1.0.0/openapi.yaml	census 1	enumeration.tsv.gz
non-identifier-operation-id	document	APIs/interzoid.com/globalpageload/1.0.0/openapi.yaml	census 1	enumeration.tsv.gz
non-identifier-operation-id	document	APIs/interzoid.com/lookupareacode/1.0.0/openapi.yaml	census 1	enumeration.tsv.gz
non-identifier-operation-id	document	APIs/ipqualityscore.com/1.0.0/openapi.yaml	census 3	enumeration.tsv.gz
non-identifier-operation-id	document	APIs/isendpro.com/1.1.1/openapi.yaml	census 14	enumeration.tsv.gz
non-identifier-operation-id	document	APIs/ix-api.net/2.1.0/openapi.yaml	census 78	enumeration.tsv.gz
non-identifier-operation-id	document	APIs/izettle.com/products/1.0.0/openapi.yaml	census 32	enumeration.tsv.gz
non-identifier-operation-id	document	APIs/javatpoint.com/v1/openapi.yaml	census 1	enumeration.tsv.gz
non-identifier-operation-id	document	APIs/jellyfin.local/v1/openapi.yaml	census 408	enumeration.tsv.gz
non-identifier-operation-id	document	APIs/journy.io/1.0.0/openapi.yaml	census 16	enumeration.tsv.gz
non-identifier-operation-id	document	APIs/json2video.com/2.0.0/openapi.yaml	census 2	enumeration.tsv.gz
non-identifier-operation-id	document	APIs/just-eat.co.uk/1.0.0/openapi.yaml	census 7	enumeration.tsv.gz
non-identifier-operation-id	document	APIs/keyserv.solutions/1.4.5/openapi.yaml	census 24	enumeration.tsv.gz
non-identifier-operation-id	document	APIs/klarna.com/openai/v0/openapi.yaml	census 1	enumeration.tsv.gz
non-identifier-operation-id	document	APIs/klarna.com/payments/1.0.0/openapi.yaml	census 6	enumeration.tsv.gz
non-identifier-operation-id	document	APIs/kumpeapps.com/5.0.0/openapi.yaml	census 33	enumeration.tsv.gz
non-identifier-operation-id	document	APIs/lambdatest.com/1.0.1/openapi.yaml	census 9	enumeration.tsv.gz
non-identifier-operation-id	document	APIs/letmc.com/customer/v2-customer/openapi.yaml	census 23	enumeration.tsv.gz
non-identifier-operation-id	document	APIs/letmc.com/diary/v3-diary/openapi.yaml	census 12	enumeration.tsv.gz
non-identifier-operation-id	document	APIs/letmc.com/maintenance/v3-maintenance/openapi.yaml	census 1	enumeration.tsv.gz
non-identifier-operation-id	document	APIs/lgtm.com/v1.0/openapi.yaml	census 29	enumeration.tsv.gz
non-identifier-operation-id	document	APIs/linode.com/4.151.1/openapi.yaml	census 348	enumeration.tsv.gz
non-identifier-operation-id	document	APIs/linqr.app/2.0/openapi.yaml	census 14	enumeration.tsv.gz
non-identifier-operation-id	document	APIs/listennotes.com/2.0/openapi.yaml	census 24	enumeration.tsv.gz
non-identifier-operation-id	document	APIs/ljaero.com/dflight/V 1.0.0/openapi.yaml	census 24	enumeration.tsv.gz
non-identifier-operation-id	document	APIs/logoraisr.com/v1/openapi.yaml	census 10	enumeration.tsv.gz
non-identifier-operation-id	document	APIs/loket.nl/V2/openapi.yaml	census 661	enumeration.tsv.gz
non-identifier-operation-id	document	APIs/lufthansa.com/partner/1.0/openapi.yaml	census 16	enumeration.tsv.gz
non-identifier-operation-id	document	APIs/lufthansa.com/public/1.0/openapi.yaml	census 15	enumeration.tsv.gz
non-identifier-operation-id	document	APIs/magento.com/2.2.10/openapi.yaml	census 425	enumeration.tsv.gz
non-identifier-operation-id	document	APIs/maif.local/otoroshi/1.5.0-dev/openapi.yaml	census 102	enumeration.tsv.gz
non-identifier-operation-id	document	APIs/mailchimp.com/3.0.55/openapi.yaml	census 272	enumeration.tsv.gz
non-identifier-operation-id	document	APIs/mailscript.com/0.4.0/openapi.yaml	census 38	enumeration.tsv.gz
non-identifier-operation-id	document	APIs/mbus.local/0.3.5/openapi.yaml	census 7	enumeration.tsv.gz
non-identifier-operation-id	document	APIs/mcw.edu/1.1/openapi.yaml	census 100	enumeration.tsv.gz
non-identifier-operation-id	document	APIs/meilisearch.com/1.0.0/openapi.yaml	census 66	enumeration.tsv.gz
non-identifier-operation-id	document	APIs/meraki.com/0.0.0-streaming/openapi.yaml	census 248	enumeration.tsv.gz
non-identifier-operation-id	document	APIs/meraki.com/1.32.0/openapi.yaml	census 616	enumeration.tsv.gz
non-identifier-operation-id	document	APIs/mermade.org.uk/openapi-converter/1.0.0/openapi.yaml	census 6	enumeration.tsv.gz
non-identifier-operation-id	document	APIs/meshery.local/0.4.27/openapi.yaml	census 75	enumeration.tsv.gz
non-identifier-operation-id	document	APIs/metadapi.com/1.0/openapi.yaml	census 7	enumeration.tsv.gz
non-identifier-operation-id	document	APIs/meteosource.com/v1/openapi.yaml	census 7	enumeration.tsv.gz
non-identifier-operation-id	document	APIs/microcks.local/1.7.0/openapi.yaml	census 42	enumeration.tsv.gz
non-identifier-operation-id	document	APIs/microsoft.com/cognitiveservices-ComputerVision/2.0/openapi.yaml	census 9	enumeration.tsv.gz
non-identifier-operation-id	document	APIs/microsoft.com/cognitiveservices-ComputerVision/2.1/openapi.yaml	census 9	enumeration.tsv.gz
non-identifier-operation-id	document	APIs/microsoft.com/cognitiveservices-Ocr/2.0/openapi.yaml	census 4	enumeration.tsv.gz
non-identifier-operation-id	document	APIs/microsoft.com/cognitiveservices-Ocr/2.1/openapi.yaml	census 4	enumeration.tsv.gz
non-identifier-operation-id	document	APIs/microsoft.com/cognitiveservices-Prediction/1.1/openapi.yaml	census 4	enumeration.tsv.gz
non-identifier-operation-id	document	APIs/microsoft.com/cognitiveservices-Prediction/2.0/openapi.yaml	census 4	enumeration.tsv.gz
non-identifier-operation-id	document	APIs/microsoft.com/cognitiveservices-Prediction/3.0/openapi.yaml	census 8	enumeration.tsv.gz
non-identifier-operation-id	document	APIs/microsoft.com/cognitiveservices-Training/1.2/openapi.yaml	census 34	enumeration.tsv.gz
non-identifier-operation-id	document	APIs/microsoft.com/cognitiveservices-Training/2.0/openapi.yaml	census 41	enumeration.tsv.gz
non-identifier-operation-id	document	APIs/microsoft.com/cognitiveservices-Training/2.1/openapi.yaml	census 41	enumeration.tsv.gz
non-identifier-operation-id	document	APIs/microsoft.com/cognitiveservices-Training/2.2/openapi.yaml	census 41	enumeration.tsv.gz
non-identifier-operation-id	document	APIs/microsoft.com/cognitiveservices-Training/3.0/openapi.yaml	census 43	enumeration.tsv.gz
non-identifier-operation-id	document	APIs/microsoft.com/cognitiveservices-Training/3.1/openapi.yaml	census 46	enumeration.tsv.gz
non-identifier-operation-id	document	APIs/microsoft.com/cognitiveservices-Training/3.2/openapi.yaml	census 48	enumeration.tsv.gz
non-identifier-operation-id	document	APIs/microsoft.com/graph-beta/1.0.1/openapi.yaml	census 22318	enumeration.tsv.gz
non-identifier-operation-id	document	APIs/microsoft.com/graph/1.0.1/openapi.yaml	census 11371	enumeration.tsv.gz
non-identifier-operation-id	document	APIs/mist.com/0.37.7/openapi.yaml	census 779	enumeration.tsv.gz
non-identifier-operation-id	document	APIs/monarchinitiative.org/1.1.14/openapi.yaml	census 168	enumeration.tsv.gz
non-identifier-operation-id	document	APIs/motaword.com/1.0/openapi.yaml	census 222	enumeration.tsv.gz
non-identifier-operation-id	document	APIs/mozilla.com/kinto/1.22/openapi.yaml	census 19	enumeration.tsv.gz
non-identifier-operation-id	document	APIs/mtaa-api.herokuapp.com/1.0/openapi.yaml	census 5	enumeration.tsv.gz
non-identifier-operation-id	document	APIs/mux.com/v1/openapi.yaml	census 91	enumeration.tsv.gz
non-identifier-operation-id	document	APIs/namsor.com/2.0.24/openapi.yaml	census 88	enumeration.tsv.gz
non-identifier-operation-id	document	APIs/ndhm.gov.in/ndhm-healthid/1.0/openapi.yaml	census 73	enumeration.tsv.gz
non-identifier-operation-id	document	APIs/nebl.io/1.3.0/openapi.yaml	census 50	enumeration.tsv.gz
non-identifier-operation-id	document	APIs/neowsapp.com/1.0/openapi.yaml	census 7	enumeration.tsv.gz
non-identifier-operation-id	document	APIs/netatmo.net/1.1.5/openapi.yaml	census 22	enumeration.tsv.gz
non-identifier-operation-id	document	APIs/netbox.dev/3.4/openapi.yaml	census 844	enumeration.tsv.gz
non-identifier-operation-id	document	APIs/netboxdemo.com/2.4/openapi.yaml	census 357	enumeration.tsv.gz
non-identifier-operation-id	document	APIs/netboxdemo.com/2.8/openapi.yaml	census 386	enumeration.tsv.gz
non-identifier-operation-id	document	APIs/netlicensing.io/2.x/openapi.yaml	census 40	enumeration.tsv.gz
non-identifier-operation-id	document	APIs/neutrinoapi.net/3.6.4/openapi.yaml	census 28	enumeration.tsv.gz
non-identifier-operation-id	document	APIs/nexmo.com/account/1.0.4/openapi.yaml	census 8	enumeration.tsv.gz
non-identifier-operation-id	document	APIs/nexmo.com/application.v2/2.1.4/openapi.yaml	census 5	enumeration.tsv.gz
non-identifier-operation-id	document	APIs/nexmo.com/application/1.0.2/openapi.yaml	census 5	enumeration.tsv.gz
non-identifier-operation-id	document	APIs/nexmo.com/audit/1.0.4/openapi.yaml	census 3	enumeration.tsv.gz
non-identifier-operation-id	document	APIs/nexmo.com/conversation.v2/1.0.1/openapi.yaml	census 4	enumeration.tsv.gz
non-identifier-operation-id	document	APIs/nexmo.com/conversation/2.0.1/openapi.yaml	census 23	enumeration.tsv.gz
non-identifier-operation-id	document	APIs/nexmo.com/conversion/1.0.1/openapi.yaml	census 2	enumeration.tsv.gz
non-identifier-operation-id	document	APIs/nexmo.com/dispatch/0.3.4/openapi.yaml	census 3	enumeration.tsv.gz
non-identifier-operation-id	document	APIs/nexmo.com/external-accounts/0.1.5/openapi.yaml	census 9	enumeration.tsv.gz
non-identifier-operation-id	document	APIs/nexmo.com/media/1.0.2/openapi.yaml	census 4	enumeration.tsv.gz
non-identifier-operation-id	document	APIs/nexmo.com/messages-olympus/1.4.0/openapi.yaml	census 2	enumeration.tsv.gz
non-identifier-operation-id	document	APIs/nexmo.com/number-insight/1.2.1/openapi.yaml	census 4	enumeration.tsv.gz
non-identifier-operation-id	document	APIs/nexmo.com/numbers/1.0.20/openapi.yaml	census 5	enumeration.tsv.gz
non-identifier-operation-id	document	APIs/nexmo.com/pricing/0.0.3/openapi.yaml	census 3	enumeration.tsv.gz
non-identifier-operation-id	document	APIs/nexmo.com/redact/1.0.6/openapi.yaml	census 1	enumeration.tsv.gz
non-identifier-operation-id	document	APIs/nexmo.com/reports/2.2.2/openapi.yaml	census 6	enumeration.tsv.gz
non-identifier-operation-id	document	APIs/nexmo.com/sms/1.2.0/openapi.yaml	census 2	enumeration.tsv.gz
non-identifier-operation-id	document	APIs/nexmo.com/subaccounts/1.0.8/openapi.yaml	census 9	enumeration.tsv.gz
non-identifier-operation-id	document	APIs/nexmo.com/verify/1.2.4/openapi.yaml	census 6	enumeration.tsv.gz
non-identifier-operation-id	document	APIs/nexmo.com/voice/1.3.10/openapi.yaml	census 9	enumeration.tsv.gz
non-identifier-operation-id	document	APIs/nfusionsolutions.biz/1/openapi.yaml	census 17	enumeration.tsv.gz
non-identifier-operation-id	document	APIs/nlpcloud.io/1.0.0/openapi.yaml	census 5	enumeration.tsv.gz
non-identifier-operation-id	document	APIs/noosh.com/1.0/openapi.yaml	census 97	enumeration.tsv.gz
non-identifier-operation-id	document	APIs/nordigen.com/2.0 (v2)/openapi.yaml	census 29	enumeration.tsv.gz
non-identifier-operation-id	document	APIs/notion.com/1.0.0/openapi.yaml	census 13	enumeration.tsv.gz
non-identifier-operation-id	document	APIs/nowpayments.io/1.0.0/openapi.yaml	census 16	enumeration.tsv.gz
non-identifier-operation-id	document	APIs/nrel.gov/transportation-incentives-laws/0.1.0/openapi.yaml	census 4	enumeration.tsv.gz
non-identifier-operation-id	document	APIs/nsidc.org/1.0.0/openapi.yaml	census 4	enumeration.tsv.gz
non-identifier-operation-id	document	APIs/ntropy.network/1.0.0/openapi.yaml	census 2	enumeration.tsv.gz
non-identifier-operation-id	document	APIs/nytimes.com/books_api/3.0.0/openapi.yaml	census 6	enumeration.tsv.gz
non-identifier-operation-id	document	APIs/nytimes.com/community/3.0.0/openapi.yaml	census 4	enumeration.tsv.gz
non-identifier-operation-id	document	APIs/nytimes.com/most_popular_api/2.0.0/openapi.yaml	census 3	enumeration.tsv.gz
non-identifier-operation-id	document	APIs/obono.at/1.4.0.0/openapi.yaml	census 7	enumeration.tsv.gz
non-identifier-operation-id	document	APIs/oceandrivers.com/1.0/openapi.yaml	census 10	enumeration.tsv.gz
non-identifier-operation-id	document	APIs/okta.local/1.0.0/openapi.yaml	census 19	enumeration.tsv.gz
non-identifier-operation-id	document	APIs/openai.com/1.2.0/openapi.yaml	census 28	enumeration.tsv.gz
non-identifier-operation-id	document	APIs/openapi-generator.tech/6.5.0/openapi.yaml	census 7	enumeration.tsv.gz
non-identifier-operation-id	document	APIs/openaq.local/2.0.0/openapi.yaml	census 36	enumeration.tsv.gz
non-identifier-operation-id	document	APIs/openbanking.org.uk/account-info-openapi/3.1.7/openapi.yaml	census 29	enumeration.tsv.gz
non-identifier-operation-id	document	APIs/openbanking.org.uk/confirmation-funds-openapi/3.1.7/openapi.yaml	census 4	enumeration.tsv.gz
non-identifier-operation-id	document	APIs/openbanking.org.uk/event-notifications-openapi/3.1.7/openapi.yaml	census 1	enumeration.tsv.gz
non-identifier-operation-id	document	APIs/openbanking.org.uk/payment-initiation-openapi/3.1.7/openapi.yaml	census 41	enumeration.tsv.gz
non-identifier-operation-id	document	APIs/openbankingproject.ch/1.3.8_2020-12-14 - Swiss edition 1.3.8.1-CH/openapi.yaml	census 34	enumeration.tsv.gz
non-identifier-operation-id	document	APIs/opendatanetwork.com/1.0.0/openapi.yaml	census 9	enumeration.tsv.gz
non-identifier-operation-id	document	APIs/openindex.ai/1.0.0/openapi.yaml	census 1	enumeration.tsv.gz
non-identifier-operation-id	document	APIs/openlinksw.com/osdb/1.0.0/openapi.yaml	census 10	enumeration.tsv.gz
non-identifier-operation-id	document	APIs/openpolicy.local/0.28.0/openapi.yaml	census 16	enumeration.tsv.gz
non-identifier-operation-id	document	APIs/openstates.org/2021.11.12/openapi.yaml	census 12	enumeration.tsv.gz
non-identifier-operation-id	document	APIs/opensuse.org/obs/2.10.50/openapi.yaml	census 7	enumeration.tsv.gz
non-identifier-operation-id	document	APIs/opentargets.io/19.02.1/openapi.yaml	census 31	enumeration.tsv.gz
non-identifier-operation-id	document	APIs/optimade.local/1.1.0~develop/openapi.yaml	census 8	enumeration.tsv.gz
non-identifier-operation-id	document	APIs/osf.io/2.0/openapi.yaml	census 148	enumeration.tsv.gz
non-identifier-operation-id	document	APIs/ote-godaddy.com/abuse/1.0.0/openapi.yaml	census 3	enumeration.tsv.gz
non-identifier-operation-id	document	APIs/ote-godaddy.com/aftermarket/1.0.0/openapi.yaml	census 2	enumeration.tsv.gz
non-identifier-operation-id	document	APIs/ote-godaddy.com/agreements/1.0.0/openapi.yaml	census 1	enumeration.tsv.gz
non-identifier-operation-id	document	APIs/ote-godaddy.com/certificates/1.0.0/openapi.yaml	census 25	enumeration.tsv.gz
non-identifier-operation-id	document	APIs/ote-godaddy.com/countries/1.0.0/openapi.yaml	census 2	enumeration.tsv.gz
non-identifier-operation-id	document	APIs/ote-godaddy.com/domains/1.0.0/openapi.yaml	census 29	enumeration.tsv.gz
non-identifier-operation-id	document	APIs/ote-godaddy.com/orders/1.0.0/openapi.yaml	census 2	enumeration.tsv.gz
non-identifier-operation-id	document	APIs/ote-godaddy.com/shoppers/1.0.0/openapi.yaml	census 6	enumeration.tsv.gz
non-identifier-operation-id	document	APIs/ote-godaddy.com/subscriptions/1.0.0/openapi.yaml	census 5	enumeration.tsv.gz
non-identifier-operation-id	document	APIs/pandascore.co/2.23.1/openapi.yaml	census 56	enumeration.tsv.gz
non-identifier-operation-id	document	APIs/parliament.uk/bills/v1/openapi.yaml	census 8	enumeration.tsv.gz
non-identifier-operation-id	document	APIs/parliament.uk/oralquestions/v1/openapi.yaml	census 3	enumeration.tsv.gz
non-identifier-operation-id	document	APIs/parliament.uk/statutoryinstruments/v1/openapi.yaml	census 10	enumeration.tsv.gz
non-identifier-operation-id	document	APIs/parliament.uk/treaties/v1/openapi.yaml	census 6	enumeration.tsv.gz
non-identifier-operation-id	document	APIs/patientview.org/1.0/openapi.yaml	census 15	enumeration.tsv.gz
non-identifier-operation-id	document	APIs/patrowl.local/1.0.0/openapi.yaml	census 14	enumeration.tsv.gz
non-identifier-operation-id	document	APIs/pay1.de/link/v1/openapi.yaml	census 4	enumeration.tsv.gz
non-identifier-operation-id	document	APIs/paylocity.com/2/openapi.yaml	census 30	enumeration.tsv.gz
non-identifier-operation-id	document	APIs/payrun.io/23.24.2.136/openapi.yaml	census 390	enumeration.tsv.gz
non-identifier-operation-id	document	APIs/pdfblocks.com/1.5.0/openapi.yaml	census 12	enumeration.tsv.gz
non-identifier-operation-id	document	APIs/pdfgeneratorapi.com/3.1.1/openapi.yaml	census 11	enumeration.tsv.gz
non-identifier-operation-id	document	APIs/peoplefinderspro.com/1.0.0/openapi.yaml	census 1	enumeration.tsv.gz
non-identifier-operation-id	document	APIs/peoplegeneratorapi.live/v0/openapi.yaml	census 46	enumeration.tsv.gz
non-identifier-operation-id	document	APIs/pinecone.io/20230406.1/openapi.yaml	census 15	enumeration.tsv.gz
non-identifier-operation-id	document	APIs/placekit.co/1.0.0/openapi.yaml	census 2	enumeration.tsv.gz
non-identifier-operation-id	document	APIs/plaid.com/2020-09-14_1.345.1/openapi.yaml	census 200	enumeration.tsv.gz
non-identifier-operation-id	document	APIs/presalytics.io/converter/0.1/openapi.yaml	census 1	enumeration.tsv.gz
non-identifier-operation-id	document	APIs/presalytics.io/ooxml/0.1.0/openapi.yaml	census 148	enumeration.tsv.gz
non-identifier-operation-id	document	APIs/presalytics.io/story/0.3.1/openapi.yaml	census 42	enumeration.tsv.gz
non-identifier-operation-id	document	APIs/pressassociation.io/2.0/openapi.yaml	census 18	enumeration.tsv.gz
non-identifier-operation-id	document	APIs/ptv.vic.gov.au/v3/openapi.yaml	census 26	enumeration.tsv.gz
non-identifier-operation-id	document	APIs/qualtrics.com/0.2/openapi.yaml	census 8	enumeration.tsv.gz
non-identifier-operation-id	document	APIs/randomlovecraft.com/1.0/openapi.yaml	census 4	enumeration.tsv.gz
non-identifier-operation-id	document	APIs/rapidapi.com/1.0.0/openapi.yaml	census 5	enumeration.tsv.gz
non-identifier-operation-id	document	APIs/rapidapi.com/dynamicdocs/1.0/openapi.yaml	census 1	enumeration.tsv.gz
non-identifier-operation-id	document	APIs/rapidapi.com/idealspot-geodata/1.0/openapi.yaml	census 7	enumeration.tsv.gz
non-identifier-operation-id	document	APIs/rapidapi.com/spellcheckpro/1.0.0/openapi.yaml	census 1	enumeration.tsv.gz
non-identifier-operation-id	document	APIs/rawg.io/v1.0/openapi.yaml	census 30	enumeration.tsv.gz
non-identifier-operation-id	document	APIs/readme.io/2.0.0/openapi.yaml	census 31	enumeration.tsv.gz
non-identifier-operation-id	document	APIs/rebilly.com/2.1/openapi.yaml	census 184	enumeration.tsv.gz
non-identifier-operation-id	document	APIs/redeal.io/analytics/1.0.0/openapi.yaml	census 1	enumeration.tsv.gz
non-identifier-operation-id	document	APIs/redhat.com/catalog_inventory/1.0.0/openapi.yaml	census 38	enumeration.tsv.gz
non-identifier-operation-id	document	APIs/redhat.local/patchman-engine/v1.15.3/openapi.yaml	census 21	enumeration.tsv.gz
non-identifier-operation-id	document	APIs/reloadly.com/1.0.0/openapi.yaml	census 2	enumeration.tsv.gz
non-identifier-operation-id	document	APIs/rentcast.io/1.0/openapi.yaml	census 10	enumeration.tsv.gz
non-identifier-operation-id	document	APIs/restful4up.local/1.0.0/openapi.yaml	census 5	enumeration.tsv.gz
non-identifier-operation-id	document	APIs/rev.ai/v1/openapi.yaml	census 7	enumeration.tsv.gz
non-identifier-operation-id	document	APIs/ritekit.com/1.0.0/openapi.yaml	census 13	enumeration.tsv.gz
non-identifier-operation-id	document	APIs/rubrikinc.github.io/v1/openapi.yaml	census 454	enumeration.tsv.gz
non-identifier-operation-id	document	APIs/rudder.example.local/17/openapi.yaml	census 150	enumeration.tsv.gz
non-identifier-operation-id	document	APIs/rumble.run/2.15.0/openapi.yaml	census 116	enumeration.tsv.gz
non-identifier-operation-id	document	APIs/sakari.io/1.0.1/openapi.yaml	census 26	enumeration.tsv.gz
non-identifier-operation-id	document	APIs/salesforce.local/einstein/2.0.1/openapi.yaml	census 45	enumeration.tsv.gz
non-identifier-operation-id	document	APIs/seldon.local/engine/0.1/openapi.yaml	census 2	enumeration.tsv.gz
non-identifier-operation-id	document	APIs/seldon.local/wrapper/0.1/openapi.yaml	census 12	enumeration.tsv.gz
non-identifier-operation-id	document	APIs/sendgrid.com/1.0.0/openapi.yaml	census 333	enumeration.tsv.gz
non-identifier-operation-id	document	APIs/shipengine.com/1.1.202304191404/openapi.yaml	census 90	enumeration.tsv.gz
non-identifier-operation-id	document	APIs/shipstation.com/1.0.0/openapi.yaml	census 2	enumeration.tsv.gz
non-identifier-operation-id	document	APIs/shop-pro.jp/1.0.0/openapi.yaml	census 17	enumeration.tsv.gz
non-identifier-operation-id	document	APIs/shop.app/v1/openapi.yaml	census 2	enumeration.tsv.gz
non-identifier-operation-id	document	APIs/shorten.rest/1.0.0/openapi.yaml	census 7	enumeration.tsv.gz
non-identifier-operation-id	document	APIs/shotstack.io/v1/openapi.yaml	census 5	enumeration.tsv.gz
non-identifier-operation-id	document	APIs/shutterstock.com/1.1.32/openapi.yaml	census 117	enumeration.tsv.gz
non-identifier-operation-id	document	APIs/signl4.com/v1/openapi.yaml	census 1	enumeration.tsv.gz
non-identifier-operation-id	document	APIs/simplivpn.net/1.0/openapi.yaml	census 7	enumeration.tsv.gz
non-identifier-operation-id	document	APIs/sinao.app/1.1.0/openapi.yaml	census 281	enumeration.tsv.gz
non-identifier-operation-id	document	APIs/slack.com/1.7.0/openapi.yaml	census 174	enumeration.tsv.gz
non-identifier-operation-id	document	APIs/slack.com/openai/v1/openapi.yaml	census 1	enumeration.tsv.gz
non-identifier-operation-id	document	APIs/slmonitor.com/2.1/openapi.yaml	census 16	enumeration.tsv.gz
non-identifier-operation-id	document	APIs/smart-me.com/v1/openapi.yaml	census 58	enumeration.tsv.gz
non-identifier-operation-id	document	APIs/sms77.io/1.0.0/openapi.yaml	census 16	enumeration.tsv.gz
non-identifier-operation-id	document	APIs/snyk.io/1.0.0/openapi.yaml	census 100	enumeration.tsv.gz
non-identifier-operation-id	document	APIs/spacetraders.io/2.0.0/openapi.yaml	census 40	enumeration.tsv.gz
non-identifier-operation-id	document	APIs/spoonacular.com/1.1/openapi.yaml	census 99	enumeration.tsv.gz
non-identifier-operation-id	document	APIs/sportsdata.io/cbb-v3-scores/1.0/openapi.yaml	census 20	enumeration.tsv.gz
non-identifier-operation-id	document	APIs/sportsdata.io/cbb-v3-stats/1.0/openapi.yaml	census 26	enumeration.tsv.gz
non-identifier-operation-id	document	APIs/sportsdata.io/cfb-v3-scores/1.0/openapi.yaml	census 22	enumeration.tsv.gz
non-identifier-operation-id	document	APIs/sportsdata.io/csgo-v3-scores/1.0/openapi.yaml	census 16	enumeration.tsv.gz
non-identifier-operation-id	document	APIs/sportsdata.io/csgo-v3-stats/1.0/openapi.yaml	census 18	enumeration.tsv.gz
non-identifier-operation-id	document	APIs/sportsdata.io/golf-v2/1.0/openapi.yaml	census 15	enumeration.tsv.gz
non-identifier-operation-id	document	APIs/sportsdata.io/lol-v3-projections/1.0/openapi.yaml	census 3	enumeration.tsv.gz
non-identifier-operation-id	document	APIs/sportsdata.io/lol-v3-scores/1.0/openapi.yaml	census 16	enumeration.tsv.gz
non-identifier-operation-id	document	APIs/sportsdata.io/lol-v3-stats/1.0/openapi.yaml	census 21	enumeration.tsv.gz
non-identifier-operation-id	document	APIs/sportsdata.io/mlb-v3-play-by-play/1.0/openapi.yaml	census 2	enumeration.tsv.gz
non-identifier-operation-id	document	APIs/sportsdata.io/mlb-v3-projections/1.0/openapi.yaml	census 7	enumeration.tsv.gz
non-identifier-operation-id	document	APIs/sportsdata.io/mlb-v3-rotoballer-articles/1.0/openapi.yaml	census 3	enumeration.tsv.gz
non-identifier-operation-id	document	APIs/sportsdata.io/mlb-v3-rotoballer-premium-news/1.0/openapi.yaml	census 3	enumeration.tsv.gz
non-identifier-operation-id	document	APIs/sportsdata.io/mlb-v3-scores/1.0/openapi.yaml	census 21	enumeration.tsv.gz
non-identifier-operation-id	document	APIs/sportsdata.io/mlb-v3-stats/1.0/openapi.yaml	census 34	enumeration.tsv.gz
non-identifier-operation-id	document	APIs/sportsdata.io/nascar-v2/1.0/openapi.yaml	census 6	enumeration.tsv.gz
non-identifier-operation-id	document	APIs/sportsdata.io/nba-v3-play-by-play/1.0/openapi.yaml	census 2	enumeration.tsv.gz
non-identifier-operation-id	document	APIs/sportsdata.io/nba-v3-projections/1.0/openapi.yaml	census 9	enumeration.tsv.gz
non-identifier-operation-id	document	APIs/sportsdata.io/nba-v3-rotoballer-articles/1.0/openapi.yaml	census 3	enumeration.tsv.gz
non-identifier-operation-id	document	APIs/sportsdata.io/nba-v3-rotoballer-premium-news/1.0/openapi.yaml	census 3	enumeration.tsv.gz
non-identifier-operation-id	document	APIs/sportsdata.io/nba-v3-scores/1.0/openapi.yaml	census 23	enumeration.tsv.gz
non-identifier-operation-id	document	APIs/sportsdata.io/nba-v3-stats/1.0/openapi.yaml	census 30	enumeration.tsv.gz
non-identifier-operation-id	document	APIs/sportsdata.io/nfl-v3-play-by-play/1.0/openapi.yaml	census 3	enumeration.tsv.gz
non-identifier-operation-id	document	APIs/sportsdata.io/nfl-v3-projections/1.0/openapi.yaml	census 16	enumeration.tsv.gz
non-identifier-operation-id	document	APIs/sportsdata.io/nfl-v3-rotoballer-articles/1.0/openapi.yaml	census 3	enumeration.tsv.gz
non-identifier-operation-id	document	APIs/sportsdata.io/nfl-v3-rotoballer-premium-news/1.0/openapi.yaml	census 4	enumeration.tsv.gz
non-identifier-operation-id	document	APIs/sportsdata.io/nfl-v3-scores/1.0/openapi.yaml	census 40	enumeration.tsv.gz
non-identifier-operation-id	document	APIs/sportsdata.io/nfl-v3-stats/1.0/openapi.yaml	census 76	enumeration.tsv.gz
non-identifier-operation-id	document	APIs/sportsdata.io/nhl-v3-play-by-play/1.0/openapi.yaml	census 2	enumeration.tsv.gz
non-identifier-operation-id	document	APIs/sportsdata.io/nhl-v3-projections/1.0/openapi.yaml	census 5	enumeration.tsv.gz
non-identifier-operation-id	document	APIs/sportsdata.io/nhl-v3-scores/1.0/openapi.yaml	census 21	enumeration.tsv.gz
non-identifier-operation-id	document	APIs/sportsdata.io/nhl-v3-stats/1.0/openapi.yaml	census 30	enumeration.tsv.gz
non-identifier-operation-id	document	APIs/sportsdata.io/soccer-v3-projections/1.0/openapi.yaml	census 6	enumeration.tsv.gz
non-identifier-operation-id	document	APIs/sportsdata.io/soccer-v3-scores/1.0/openapi.yaml	census 24	enumeration.tsv.gz
non-identifier-operation-id	document	APIs/sportsdata.io/soccer-v3-stats/1.0/openapi.yaml	census 35	enumeration.tsv.gz
non-identifier-operation-id	document	APIs/spotify.com/1.0.0/openapi.yaml	census 88	enumeration.tsv.gz
non-identifier-operation-id	document	APIs/spotify.com/sonallux/2023.2.27/openapi.yaml	census 89	enumeration.tsv.gz
non-identifier-operation-id	document	APIs/squareup.com/2.0/openapi.yaml	census 193	enumeration.tsv.gz
non-identifier-operation-id	document	APIs/staging-ecotaco.com/1.0.0/openapi.yaml	census 27	enumeration.tsv.gz
non-identifier-operation-id	document	APIs/stoplight.io/api-v1/openapi.yaml	census 5	enumeration.tsv.gz
non-identifier-operation-id	document	APIs/storecove.com/2.0.1/openapi.yaml	census 29	enumeration.tsv.gz
non-identifier-operation-id	document	APIs/stream-io-api.com/v80.2.0/openapi.yaml	census 115	enumeration.tsv.gz
non-identifier-operation-id	document	APIs/stripe.com/2022-11-15/openapi.yaml	census 452	enumeration.tsv.gz
non-identifier-operation-id	document	APIs/surevoip.co.uk/9dcb0dc8/openapi.yaml	census 1	enumeration.tsv.gz
non-identifier-operation-id	document	APIs/svix.com/1.4/openapi.yaml	census 53	enumeration.tsv.gz
non-identifier-operation-id	document	APIs/symanto.net/1.0/openapi.yaml	census 7	enumeration.tsv.gz
non-identifier-operation-id	document	APIs/tafqit.herokuapp.com/v1/openapi.yaml	census 1	enumeration.tsv.gz
non-identifier-operation-id	document	APIs/taxrates.io/1.0.0/openapi.yaml	census 3	enumeration.tsv.gz
non-identifier-operation-id	document	APIs/tcgdex.net/2.0.0/openapi.yaml	census 2	enumeration.tsv.gz
non-identifier-operation-id	document	APIs/telematicssdk.com/1.0.0/openapi.yaml	census 9	enumeration.tsv.gz
non-identifier-operation-id	document	APIs/telnyx.com/2.0.0/openapi.yaml	census 357	enumeration.tsv.gz
non-identifier-operation-id	document	APIs/telstra.com/3.x/openapi.yaml	census 18	enumeration.tsv.gz
non-identifier-operation-id	document	APIs/tfl.gov.uk/v1/openapi.yaml	census 80	enumeration.tsv.gz
non-identifier-operation-id	document	APIs/thebluealliance.com/3.8.2/openapi.yaml	census 65	enumeration.tsv.gz
non-identifier-operation-id	document	APIs/theracingapi.com/1.0.0/openapi.yaml	census 51	enumeration.tsv.gz
non-identifier-operation-id	document	APIs/threatjammer.com/1.2.27/openapi.yaml	census 97	enumeration.tsv.gz
non-identifier-operation-id	document	APIs/ticketmaster.com/discovery/v2/openapi.yaml	census 6	enumeration.tsv.gz
non-identifier-operation-id	document	APIs/ticketmaster.com/publish/v2/openapi.yaml	census 10	enumeration.tsv.gz
non-identifier-operation-id	document	APIs/tisane.ai/1.0.0/openapi.yaml	census 6	enumeration.tsv.gz
non-identifier-operation-id	document	APIs/tl-api.azurewebsites.net/2020-08-10_6-22/openapi.yaml	census 27	enumeration.tsv.gz
non-identifier-operation-id	document	APIs/tokenjay.app/1.0.0/openapi.yaml	census 27	enumeration.tsv.gz
non-identifier-operation-id	document	APIs/tokenmetrics.com/1.0.0/openapi.yaml	census 14	enumeration.tsv.gz
non-identifier-operation-id	document	APIs/tomtom.com/maps/1.0.0/openapi.yaml	census 2	enumeration.tsv.gz
non-identifier-operation-id	document	APIs/trakt.tv/1.0.0/openapi.yaml	census 167	enumeration.tsv.gz
non-identifier-operation-id	document	APIs/trashnothing.com/1.3/openapi.yaml	census 12	enumeration.tsv.gz
non-identifier-operation-id	document	APIs/trello.com/1.0/openapi.yaml	census 324	enumeration.tsv.gz
non-identifier-operation-id	document	APIs/truanon.com/1.0.0/openapi.yaml	census 2	enumeration.tsv.gz
non-identifier-operation-id	document	APIs/truesight.local/11.1.00/openapi.yaml	census 23	enumeration.tsv.gz
non-identifier-operation-id	document	APIs/truora.com/1.0.0/openapi.yaml	census 24	enumeration.tsv.gz
non-identifier-operation-id	document	APIs/twilio.com/api/1.55.0/openapi.yaml	census 195	enumeration.tsv.gz
non-identifier-operation-id	document	APIs/twilio.com/twilio_accounts_v1/1.55.0/openapi.yaml	census 16	enumeration.tsv.gz
non-identifier-operation-id	document	APIs/twilio.com/twilio_autopilot_v1/1.53.0/openapi.yaml	census 52	enumeration.tsv.gz
non-identifier-operation-id	document	APIs/twilio.com/twilio_bulkexports_v1/1.55.0/openapi.yaml	census 9	enumeration.tsv.gz
non-identifier-operation-id	document	APIs/twilio.com/twilio_chat_v1/1.55.0/openapi.yaml	census 40	enumeration.tsv.gz
non-identifier-operation-id	document	APIs/twilio.com/twilio_chat_v2/1.55.0/openapi.yaml	census 54	enumeration.tsv.gz
non-identifier-operation-id	document	APIs/twilio.com/twilio_chat_v3/1.55.0/openapi.yaml	census 1	enumeration.tsv.gz
non-identifier-operation-id	document	APIs/twilio.com/twilio_content_v1/1.55.0/openapi.yaml	census 6	enumeration.tsv.gz
non-identifier-operation-id	document	APIs/twilio.com/twilio_conversations_v1/1.55.0/openapi.yaml	census 101	enumeration.tsv.gz
non-identifier-operation-id	document	APIs/twilio.com/twilio_events_v1/1.55.0/openapi.yaml	census 22	enumeration.tsv.gz
non-identifier-operation-id	document	APIs/twilio.com/twilio_fax_v1/1.29.1/openapi.yaml	census 6	enumeration.tsv.gz
non-identifier-operation-id	document	APIs/twilio.com/twilio_flex_v1/1.55.0/openapi.yaml	census 50	enumeration.tsv.gz
non-identifier-operation-id	document	APIs/twilio.com/twilio_flex_v2/1.55.0/openapi.yaml	census 1	enumeration.tsv.gz
non-identifier-operation-id	document	APIs/twilio.com/twilio_frontline_v1/1.55.0/openapi.yaml	census 2	enumeration.tsv.gz
non-identifier-operation-id	document	APIs/twilio.com/twilio_insights_v1/1.55.0/openapi.yaml	census 17	enumeration.tsv.gz
non-identifier-operation-id	document	APIs/twilio.com/twilio_intelligence_v2/1.55.0/openapi.yaml	census 13	enumeration.tsv.gz
non-identifier-operation-id	document	APIs/twilio.com/twilio_ip_messaging_v1/1.55.0/openapi.yaml	census 40	enumeration.tsv.gz
non-identifier-operation-id	document	APIs/twilio.com/twilio_ip_messaging_v2/1.55.0/openapi.yaml	census 54	enumeration.tsv.gz
non-identifier-operation-id	document	APIs/twilio.com/twilio_lookups_v1/1.55.0/openapi.yaml	census 1	enumeration.tsv.gz
non-identifier-operation-id	document	APIs/twilio.com/twilio_lookups_v2/1.55.0/openapi.yaml	census 1	enumeration.tsv.gz
non-identifier-operation-id	document	APIs/twilio.com/twilio_media_v1/1.55.0/openapi.yaml	census 13	enumeration.tsv.gz
non-identifier-operation-id	document	APIs/twilio.com/twilio_messaging_v1/1.55.0/openapi.yaml	census 50	enumeration.tsv.gz
non-identifier-operation-id	document	APIs/twilio.com/twilio_microvisor_v1/1.55.0/openapi.yaml	census 27	enumeration.tsv.gz
non-identifier-operation-id	document	APIs/twilio.com/twilio_monitor_v1/1.55.0/openapi.yaml	census 4	enumeration.tsv.gz
non-identifier-operation-id	document	APIs/twilio.com/twilio_notify_v1/1.55.0/openapi.yaml	census 15	enumeration.tsv.gz
non-identifier-operation-id	document	APIs/twilio.com/twilio_numbers_v1/1.55.0/openapi.yaml	census 5	enumeration.tsv.gz
non-identifier-operation-id	document	APIs/twilio.com/twilio_numbers_v2/1.55.0/openapi.yaml	census 41	enumeration.tsv.gz
non-identifier-operation-id	document	APIs/twilio.com/twilio_oauth_v1/1.53.0/openapi.yaml	census 5	enumeration.tsv.gz
non-identifier-operation-id	document	APIs/twilio.com/twilio_preview/1.55.0/openapi.yaml	census 99	enumeration.tsv.gz
non-identifier-operation-id	document	APIs/twilio.com/twilio_pricing_v1/1.55.0/openapi.yaml	census 7	enumeration.tsv.gz
non-identifier-operation-id	document	APIs/twilio.com/twilio_pricing_v2/1.55.0/openapi.yaml	census 6	enumeration.tsv.gz
non-identifier-operation-id	document	APIs/twilio.com/twilio_proxy_v1/1.55.0/openapi.yaml	census 30	enumeration.tsv.gz
non-identifier-operation-id	document	APIs/twilio.com/twilio_routes_v2/1.55.0/openapi.yaml	census 6	enumeration.tsv.gz
non-identifier-operation-id	document	APIs/twilio.com/twilio_serverless_v1/1.55.0/openapi.yaml	census 39	enumeration.tsv.gz
non-identifier-operation-id	document	APIs/twilio.com/twilio_studio_v1/1.55.0/openapi.yaml	census 20	enumeration.tsv.gz
non-identifier-operation-id	document	APIs/twilio.com/twilio_studio_v2/1.55.0/openapi.yaml	census 19	enumeration.tsv.gz
non-identifier-operation-id	document	APIs/twilio.com/twilio_supersim_v1/1.55.0/openapi.yaml	census 31	enumeration.tsv.gz
non-identifier-operation-id	document	APIs/twilio.com/twilio_sync_v1/1.55.0/openapi.yaml	census 48	enumeration.tsv.gz
non-identifier-operation-id	document	APIs/twilio.com/twilio_taskrouter_v1/1.55.0/openapi.yaml	census 60	enumeration.tsv.gz
non-identifier-operation-id	document	APIs/twilio.com/twilio_trunking_v1/1.55.0/openapi.yaml	census 24	enumeration.tsv.gz
non-identifier-operation-id	document	APIs/twilio.com/twilio_trusthub_v1/1.55.0/openapi.yaml	census 52	enumeration.tsv.gz
non-identifier-operation-id	document	APIs/twilio.com/twilio_verify_v2/1.55.0/openapi.yaml	census 53	enumeration.tsv.gz
non-identifier-operation-id	document	APIs/twilio.com/twilio_video_v1/1.55.0/openapi.yaml	census 35	enumeration.tsv.gz
non-identifier-operation-id	document	APIs/twilio.com/twilio_voice_v1/1.55.0/openapi.yaml	census 32	enumeration.tsv.gz
non-identifier-operation-id	document	APIs/twilio.com/twilio_wireless_v1/1.55.0/openapi.yaml	census 16	enumeration.tsv.gz
non-identifier-operation-id	document	APIs/twinehealth.com/v7.78.1/openapi.yaml	census 62	enumeration.tsv.gz
non-identifier-operation-id	document	APIs/twitter.com/current/2.62/openapi.yaml	census 80	enumeration.tsv.gz
non-identifier-operation-id	document	APIs/unicourt.com/1.0.0/openapi.yaml	census 158	enumeration.tsv.gz
non-identifier-operation-id	document	APIs/urlbox.io/v1/openapi.yaml	census 1	enumeration.tsv.gz
non-identifier-operation-id	document	APIs/va.gov/benefits/1.0.0/openapi.yaml	census 6	enumeration.tsv.gz
non-identifier-operation-id	document	APIs/va.gov/confirmation/0.0.1/openapi.yaml	census 1	enumeration.tsv.gz
non-identifier-operation-id	document	APIs/va.gov/facilities/0.0.1/openapi.yaml	census 5	enumeration.tsv.gz
non-identifier-operation-id	document	APIs/va.gov/forms/0.0.0/openapi.yaml	census 2	enumeration.tsv.gz
non-identifier-operation-id	document	APIs/vectara.io/1.0.0/openapi.yaml	census 9	enumeration.tsv.gz
non-identifier-operation-id	document	APIs/velopayments.com/2.35.57/openapi.yaml	census 98	enumeration.tsv.gz
non-identifier-operation-id	document	APIs/vercel.com/0.0.1/openapi.yaml	census 112	enumeration.tsv.gz
non-identifier-operation-id	document	APIs/viator.com/1.0.0/openapi.yaml	census 28	enumeration.tsv.gz
non-identifier-operation-id	document	APIs/vimeo.com/3.4/openapi.yaml	census 326	enumeration.tsv.gz
non-identifier-operation-id	document	APIs/visma.com/1.0/openapi.yaml	census 512	enumeration.tsv.gz
non-identifier-operation-id	document	APIs/visma.net/1.0.14.784/openapi.yaml	census 19	enumeration.tsv.gz
non-identifier-operation-id	document	APIs/visma.net/9.66.02.1023/openapi.yaml	census 488	enumeration.tsv.gz
non-identifier-operation-id	document	APIs/visualstudio.com/v1/openapi.yaml	census 4	enumeration.tsv.gz
non-identifier-operation-id	document	APIs/vmware.local/vrni/1.0.0/openapi.yaml	census 161	enumeration.tsv.gz
non-identifier-operation-id	document	APIs/vonage.com/account/1.11.8/openapi.yaml	census 3	enumeration.tsv.gz
non-identifier-operation-id	document	APIs/vonage.com/extension/1.11.8/openapi.yaml	census 2	enumeration.tsv.gz
non-identifier-operation-id	document	APIs/vonage.com/reports/1.0.1/openapi.yaml	census 1	enumeration.tsv.gz
non-identifier-operation-id	document	APIs/vonage.com/user/1.11.8/openapi.yaml	census 2	enumeration.tsv.gz
non-identifier-operation-id	document	APIs/vonage.com/vgis/1.0.1/openapi.yaml	census 20	enumeration.tsv.gz
non-identifier-operation-id	document	APIs/vtex.local/Catalog-API-Seller-Portal/1.0.0/openapi.yaml	census 16	enumeration.tsv.gz
non-identifier-operation-id	document	APIs/vtex.local/Catalog-API/1.0/openapi.yaml	census 64	enumeration.tsv.gz
non-identifier-operation-id	document	APIs/vtex.local/Checkout-API/1.0/openapi.yaml	census 32	enumeration.tsv.gz
non-identifier-operation-id	document	APIs/vtex.local/Customer-Credit-API/1.0/openapi.yaml	census 26	enumeration.tsv.gz
non-identifier-operation-id	document	APIs/vtex.local/GiftCard-Hub-API/1.0/openapi.yaml	census 15	enumeration.tsv.gz
non-identifier-operation-id	document	APIs/vtex.local/Giftcard-API/1.0/openapi.yaml	census 11	enumeration.tsv.gz
non-identifier-operation-id	document	APIs/vtex.local/Headless-CMS-API/0.31.2/openapi.yaml	census 3	enumeration.tsv.gz
non-identifier-operation-id	document	APIs/vtex.local/License-Manager-API/1.0/openapi.yaml	census 12	enumeration.tsv.gz
non-identifier-operation-id	document	APIs/vtex.local/Logistics-API/1.0/openapi.yaml	census 46	enumeration.tsv.gz
non-identifier-operation-id	document	APIs/vtex.local/Marketplace-APIs-/1.0/openapi.yaml	census 15	enumeration.tsv.gz
non-identifier-operation-id	document	APIs/vtex.local/Marketplace-APIs/1.0/openapi.yaml	census 23	enumeration.tsv.gz
non-identifier-operation-id	document	APIs/vtex.local/Marketplace-Protocol/1.0/openapi.yaml	census 15	enumeration.tsv.gz
non-identifier-operation-id	document	APIs/vtex.local/Master-Data-API-/1.0/openapi.yaml	census 26	enumeration.tsv.gz
non-identifier-operation-id	document	APIs/vtex.local/MasterData-API-/1.0/openapi.yaml	census 20	enumeration.tsv.gz
non-identifier-operation-id	document	APIs/vtex.local/Message-Center-API/1.0.0/openapi.yaml	census 1	enumeration.tsv.gz
non-identifier-operation-id	document	APIs/vtex.local/Orders-API-(PII-version)/1.0/openapi.yaml	census 6	enumeration.tsv.gz
non-identifier-operation-id	document	APIs/vtex.local/Orders-API/1.0/openapi.yaml	census 28	enumeration.tsv.gz
non-identifier-operation-id	document	APIs/vtex.local/Payments-Gateway-API/1.0/openapi.yaml	census 22	enumeration.tsv.gz
non-identifier-operation-id	document	APIs/vtex.local/Policies-System-API/1.0.0/openapi.yaml	census 5	enumeration.tsv.gz
non-identifier-operation-id	document	APIs/vtex.local/Pricing-API/1.0/openapi.yaml	census 13	enumeration.tsv.gz
non-identifier-operation-id	document	APIs/vtex.local/Pricing-Hub/1.0/openapi.yaml	census 1	enumeration.tsv.gz
non-identifier-operation-id	document	APIs/vtex.local/Profile-System/1.0/openapi.yaml	census 27	enumeration.tsv.gz
non-identifier-operation-id	document	APIs/vtex.local/Promotions-/1.0/openapi.yaml	census 27	enumeration.tsv.gz
non-identifier-operation-id	document	APIs/vtex.local/Recurrence-(v1-/1.0/openapi.yaml	census 11	enumeration.tsv.gz
non-identifier-operation-id	document	APIs/vtex.local/Reviews-and-Ratings-API/1.0/openapi.yaml	census 8	enumeration.tsv.gz
non-identifier-operation-id	document	APIs/vtex.local/SKU-Bindings-API/1.0/openapi.yaml	census 11	enumeration.tsv.gz
non-identifier-operation-id	document	APIs/vtex.local/Search-API/1.0/openapi.yaml	census 12	enumeration.tsv.gz
non-identifier-operation-id	document	APIs/vtex.local/Session-Manager-API/1.0/openapi.yaml	census 4	enumeration.tsv.gz
non-identifier-operation-id	document	APIs/vtex.local/Subscriptions-API-(v2)/1.0/openapi.yaml	census 31	enumeration.tsv.gz
non-identifier-operation-id	document	APIs/vtex.local/Subscriptions-API-(v3)/1.0/openapi.yaml	census 2	enumeration.tsv.gz
non-identifier-operation-id	document	APIs/vtex.local/VTEX-Do-API/1.0/openapi.yaml	census 8	enumeration.tsv.gz
non-identifier-operation-id	document	APIs/vtex.local/VTEX_TEMPLATE/1.0.0/openapi.yaml	census 3	enumeration.tsv.gz
non-identifier-operation-id	document	APIs/walletobjects.googleapis.com/pay-passes/v1/openapi.yaml	census 95	enumeration.tsv.gz
non-identifier-operation-id	document	APIs/walmart.com/inventory/1.0.0/openapi.yaml	census 7	enumeration.tsv.gz
non-identifier-operation-id	document	APIs/walmart.com/price/1.0.0/openapi.yaml	census 8	enumeration.tsv.gz
non-identifier-operation-id	document	APIs/webscraping.ai/3.0.0/openapi.yaml	census 4	enumeration.tsv.gz
non-identifier-operation-id	document	APIs/wellknown.ai/1.0.0/openapi.yaml	census 1	enumeration.tsv.gz
non-identifier-operation-id	document	APIs/whapi.com/bets/2.0.0/openapi.yaml	census 6	enumeration.tsv.gz
non-identifier-operation-id	document	APIs/whatsapp.local/1.0/openapi.yaml	census 55	enumeration.tsv.gz
non-identifier-operation-id	document	APIs/windows.net/batch-BatchService/2015-12-01.2.2/openapi.yaml	census 70	enumeration.tsv.gz
non-identifier-operation-id	document	APIs/windows.net/batch-BatchService/2016-02-01.3.0/openapi.yaml	census 73	enumeration.tsv.gz
non-identifier-operation-id	document	APIs/windows.net/graphrbac/1.6/openapi.yaml	census 56	enumeration.tsv.gz
non-identifier-operation-id	document	APIs/wolframalpha.com/v0.1/openapi.yaml	census 2	enumeration.tsv.gz
non-identifier-operation-id	document	APIs/wordnik.com/4.0/openapi.yaml	census 16	enumeration.tsv.gz
non-identifier-operation-id	document	APIs/wyjyt-geo-calculate.azurewebsites.net/1.0.0/openapi.yaml	census 4	enumeration.tsv.gz
non-identifier-operation-id	document	APIs/xero.com/xero-identity/2.9.4/openapi.yaml	census 2	enumeration.tsv.gz
non-identifier-operation-id	document	APIs/xero.com/xero-payroll-au/2.9.4/openapi.yaml	census 29	enumeration.tsv.gz
non-identifier-operation-id	document	APIs/xero.com/xero_accounting/2.9.4/openapi.yaml	census 224	enumeration.tsv.gz
non-identifier-operation-id	document	APIs/xero.com/xero_assets/2.9.4/openapi.yaml	census 6	enumeration.tsv.gz
non-identifier-operation-id	document	APIs/xero.com/xero_bankfeeds/2.9.4/openapi.yaml	census 7	enumeration.tsv.gz
non-identifier-operation-id	document	APIs/xero.com/xero_files/2.9.4/openapi.yaml	census 16	enumeration.tsv.gz
non-identifier-operation-id	document	APIs/xtrf.eu/2.0/openapi.yaml	census 284	enumeration.tsv.gz
non-identifier-operation-id	document	APIs/yodlee.com/1.1.0/openapi.yaml	census 70	enumeration.tsv.gz
non-identifier-operation-id	document	APIs/youneedabudget.com/1.0.0/openapi.yaml	census 31	enumeration.tsv.gz
non-identifier-operation-id	document	APIs/zapier.com/nla/1.0.0/openapi.yaml	census 5	enumeration.tsv.gz
non-identifier-operation-id	document	APIs/zeit.co/v2019-01-07/openapi.yaml	census 12	enumeration.tsv.gz
non-identifier-operation-id	document	APIs/zeno.fm/0.6-99cfdac/openapi.yaml	census 18	enumeration.tsv.gz
non-identifier-operation-id	document	APIs/zoom.us/2.0.0/openapi.yaml	census 373	enumeration.tsv.gz
non-identifier-operation-id	document	APIs/zuora.com/2021-08-20/openapi.yaml	census 428	enumeration.tsv.gz
non-identifier-operation-id	walk	APIs-guru/openapi-directory@f04b8d0bcd39c52e1cf3ad7a5fe744709832ae49	4138	enumeration.tsv.gz
oneof-anyof-variant	walk	APIs-guru/openapi-directory@f04b8d0bcd39c52e1cf3ad7a5fe744709832ae49	4138	enumeration.tsv.gz
oneof-array-variant-anyof-item	walk	APIs-guru/openapi-directory@f04b8d0bcd39c52e1cf3ad7a5fe744709832ae49	4138	enumeration.tsv.gz
oneof-array-variant-closed-object-item	walk	APIs-guru/openapi-directory@f04b8d0bcd39c52e1cf3ad7a5fe744709832ae49	4138	enumeration.tsv.gz
oneof-discriminated-union	document	APIs/ably.net/control/1.0.14/openapi.yaml	census 12	enumeration.tsv.gz
oneof-discriminated-union	document	APIs/ably.net/control/v1/openapi.yaml	census 15	enumeration.tsv.gz
oneof-discriminated-union	document	APIs/adyen.com/BalancePlatformConfigurationNotification-v1/1/openapi.yaml	census 1	enumeration.tsv.gz
oneof-discriminated-union	document	APIs/adyen.com/BalancePlatformService/1/openapi.yaml	census 2	enumeration.tsv.gz
oneof-discriminated-union	document	APIs/adyen.com/BalancePlatformService/2/openapi.yaml	census 3	enumeration.tsv.gz
oneof-discriminated-union	document	APIs/adyen.com/CheckoutService/49/openapi.yaml	census 1	enumeration.tsv.gz
oneof-discriminated-union	document	APIs/adyen.com/CheckoutService/50/openapi.yaml	census 1	enumeration.tsv.gz
oneof-discriminated-union	document	APIs/adyen.com/CheckoutService/51/openapi.yaml	census 1	enumeration.tsv.gz
oneof-discriminated-union	document	APIs/adyen.com/CheckoutService/52/openapi.yaml	census 1	enumeration.tsv.gz
oneof-discriminated-union	document	APIs/adyen.com/CheckoutService/53/openapi.yaml	census 1	enumeration.tsv.gz
oneof-discriminated-union	document	APIs/adyen.com/CheckoutService/64/openapi.yaml	census 1	enumeration.tsv.gz
oneof-discriminated-union	document	APIs/adyen.com/CheckoutService/65/openapi.yaml	census 1	enumeration.tsv.gz
oneof-discriminated-union	document	APIs/adyen.com/CheckoutService/66/openapi.yaml	census 1	enumeration.tsv.gz
oneof-discriminated-union	document	APIs/apple.com/app-store-connect/1.4.1/openapi.yaml	census 18	enumeration.tsv.gz
oneof-discriminated-union	document	APIs/apple.com/sirikit-cloud-media/1.0.2/openapi.yaml	census 3	enumeration.tsv.gz
oneof-discriminated-union	document	APIs/atlassian.com/jira/1001.0.0-SNAPSHOT/openapi.yaml	census 3	enumeration.tsv.gz
oneof-discriminated-union	document	APIs/box.com/2.0.0/openapi.yaml	census 4	enumeration.tsv.gz
oneof-discriminated-union	document	APIs/cpy.re/peertube/5.1.0/openapi.yaml	census 1	enumeration.tsv.gz
oneof-discriminated-union	document	APIs/dnd5eapi.co/0.1/openapi.yaml	census 1	enumeration.tsv.gz
oneof-discriminated-union	document	APIs/doqs.dev/1.0/openapi.yaml	census 2	enumeration.tsv.gz
oneof-discriminated-union	document	APIs/fire.com/1.0/openapi.yaml	census 1	enumeration.tsv.gz
oneof-discriminated-union	document	APIs/gerermesaffaires.com/1.0.6/openapi.yaml	census 1	enumeration.tsv.gz
oneof-discriminated-union	document	APIs/here.com/tracking/2.1.192/openapi.yaml	census 27	enumeration.tsv.gz
oneof-discriminated-union	document	APIs/hubapi.com/automation/v4/openapi.yaml	census 3	enumeration.tsv.gz
oneof-discriminated-union	document	APIs/hubapi.com/crm/v3/openapi.yaml	census 3	enumeration.tsv.gz
oneof-discriminated-union	document	APIs/ideal-postcodes.co.uk/3.7.0/openapi.yaml	census 1	enumeration.tsv.gz
oneof-discriminated-union	document	APIs/influxdata.com/2.0.0/openapi.yaml	census 6	enumeration.tsv.gz
oneof-discriminated-union	document	APIs/ix-api.net/2.1.0/openapi.yaml	census 30	enumeration.tsv.gz
oneof-discriminated-union	document	APIs/just-eat.co.uk/1.0.0/openapi.yaml	census 3	enumeration.tsv.gz
oneof-discriminated-union	document	APIs/mailchimp.com/3.0.55/openapi.yaml	census 50	enumeration.tsv.gz
oneof-discriminated-union	document	APIs/mailscript.com/0.4.0/openapi.yaml	census 3	enumeration.tsv.gz
oneof-discriminated-union	document	APIs/microcks.local/1.7.0/openapi.yaml	census 1	enumeration.tsv.gz
oneof-discriminated-union	document	APIs/mist.com/0.37.7/openapi.yaml	census 1	enumeration.tsv.gz
oneof-discriminated-union	document	APIs/nexmo.com/account/1.0.4/openapi.yaml	census 2	enumeration.tsv.gz
oneof-discriminated-union	document	APIs/nexmo.com/conversation/2.0.1/openapi.yaml	census 1	enumeration.tsv.gz
oneof-discriminated-union	document	APIs/nexmo.com/messages-olympus/1.4.0/openapi.yaml	census 2	enumeration.tsv.gz
oneof-discriminated-union	document	APIs/nexmo.com/redact/1.0.6/openapi.yaml	census 2	enumeration.tsv.gz
oneof-discriminated-union	document	APIs/nexmo.com/subaccounts/1.0.8/openapi.yaml	census 1	enumeration.tsv.gz
oneof-discriminated-union	document	APIs/nexmo.com/voice/1.3.10/openapi.yaml	census 1	enumeration.tsv.gz
oneof-discriminated-union	document	APIs/pandascore.co/2.23.1/openapi.yaml	census 5	enumeration.tsv.gz
oneof-discriminated-union	document	APIs/rebilly.com/2.1/openapi.yaml	census 2	enumeration.tsv.gz
oneof-discriminated-union	document	APIs/spotify.com/1.0.0/openapi.yaml	census 1	enumeration.tsv.gz
oneof-discriminated-union	document	APIs/stream-io-api.com/v80.2.0/openapi.yaml	census 1	enumeration.tsv.gz
oneof-discriminated-union	document	APIs/telnyx.com/2.0.0/openapi.yaml	census 1	enumeration.tsv.gz
oneof-discriminated-union	document	APIs/velopayments.com/2.35.57/openapi.yaml	census 1	enumeration.tsv.gz
oneof-discriminated-union	document	APIs/vercel.com/0.0.1/openapi.yaml	census 8	enumeration.tsv.gz
oneof-discriminated-union	document	APIs/webflow.com/2023-03-23T154040Z/openapi.yaml	census 7	enumeration.tsv.gz
oneof-discriminated-union	document	APIs/wiremock.org/admin/2.35.0/openapi.yaml	census 16	enumeration.tsv.gz
oneof-discriminated-union	document	APIs/zoom.us/2.0.0/openapi.yaml	census 2	enumeration.tsv.gz
oneof-discriminated-union	walk	APIs-guru/openapi-directory@f04b8d0bcd39c52e1cf3ad7a5fe744709832ae49	4138	enumeration.tsv.gz
oneof-string-const-variant	candidate	APIs/vercel.com/0.0.1/openapi.yaml	census 1	probe.jsonl
oneof-string-const-variant	document	APIs/vercel.com/0.0.1/openapi.yaml	census 1	enumeration.tsv.gz
oneof-string-const-variant	screen	APIs/vercel.com/0.0.1/openapi.yaml fern	failed: Fern CLI 5.67.1 / python-sdk 5.20.0 fern check exit 1: Found 3 errors and 2 warnings in 0.002 seconds. Run fern check --warnings to print out the warnings not shown. First: Multiple request properties have the name name. This is not suitable for code generation. Use the "name" property (or "x-fern-parameter-name" in OpenAPI) to deconflict.	screens.jsonl
oneof-string-const-variant	screen	APIs/vercel.com/0.0.1/openapi.yaml licence	passed	screens.jsonl
oneof-string-const-variant	screen	APIs/vercel.com/0.0.1/openapi.yaml ref	passed	screens.jsonl
oneof-string-const-variant	walk	APIs-guru/openapi-directory@f04b8d0bcd39c52e1cf3ad7a5fe744709832ae49	4138	enumeration.tsv.gz
property-anyof-discriminated-union	candidate	APIs/stripe.com/2022-11-15/openapi.yaml	census 14	probe.jsonl
property-anyof-discriminated-union	document	APIs/stripe.com/2022-11-15/openapi.yaml	census 14	enumeration.tsv.gz
property-anyof-discriminated-union	screen	APIs/stripe.com/2022-11-15/openapi.yaml fern	failed: Fern CLI 5.67.1 / python-sdk 5.20.0 check reports 21 errors, e.g. the PostSubscriptionsSubscriptionResume response example is not an object	screens.jsonl
property-anyof-discriminated-union	screen	APIs/stripe.com/2022-11-15/openapi.yaml licence	passed	screens.jsonl
property-anyof-discriminated-union	screen	APIs/stripe.com/2022-11-15/openapi.yaml ref	passed	screens.jsonl
property-anyof-discriminated-union	walk	APIs-guru/openapi-directory@f04b8d0bcd39c52e1cf3ad7a5fe744709832ae49	4138	enumeration.tsv.gz
property-sole-anyof-closed-object-member	walk	APIs-guru/openapi-directory@f04b8d0bcd39c52e1cf3ad7a5fe744709832ae49	4138	enumeration.tsv.gz
property-sole-anyof-struct-member	walk	APIs-guru/openapi-directory@f04b8d0bcd39c52e1cf3ad7a5fe744709832ae49	4138	enumeration.tsv.gz
recursive-graph	document	APIs/1password.com/events/1.2.0/openapi.yaml	census 48	enumeration.tsv.gz
recursive-graph	document	APIs/1password.local/connect/1.5.7/openapi.yaml	census 51	enumeration.tsv.gz
recursive-graph	document	APIs/6-dot-authentiqio.appspot.com/6/openapi.yaml	census 28	enumeration.tsv.gz
recursive-graph	document	APIs/ably.io/platform/1.1.0/openapi.yaml	census 63	enumeration.tsv.gz
recursive-graph	document	APIs/ably.net/control/1.0.14/openapi.yaml	census 210	enumeration.tsv.gz
recursive-graph	document	APIs/ably.net/control/v1/openapi.yaml	census 228	enumeration.tsv.gz
recursive-graph	document	APIs/abstractapi.com/geolocation/1.0.0/openapi.yaml	census 1	enumeration.tsv.gz
recursive-graph	document	APIs/adobe.com/aem/3.7.1-pre.0/openapi.yaml	census 36	enumeration.tsv.gz
recursive-graph	document	APIs/adyen.com/AccountService/3/openapi.yaml	census 207	enumeration.tsv.gz
recursive-graph	document	APIs/adyen.com/AccountService/4/openapi.yaml	census 207	enumeration.tsv.gz
recursive-graph	document	APIs/adyen.com/AccountService/5/openapi.yaml	census 239	enumeration.tsv.gz
recursive-graph	document	APIs/adyen.com/AccountService/6/openapi.yaml	census 250	enumeration.tsv.gz
recursive-graph	document	APIs/adyen.com/BalanceControlService/1/openapi.yaml	census 4	enumeration.tsv.gz
recursive-graph	document	APIs/adyen.com/BalancePlatformConfigurationNotification-v1/1/openapi.yaml	census 71	enumeration.tsv.gz
recursive-graph	document	APIs/adyen.com/BalancePlatformPaymentNotification-v1/1/openapi.yaml	census 66	enumeration.tsv.gz
recursive-graph	document	APIs/adyen.com/BalancePlatformReportNotification-v1/1/openapi.yaml	census 5	enumeration.tsv.gz
recursive-graph	document	APIs/adyen.com/BalancePlatformService/1/openapi.yaml	census 327	enumeration.tsv.gz
recursive-graph	document	APIs/adyen.com/BalancePlatformService/2/openapi.yaml	census 416	enumeration.tsv.gz
recursive-graph	document	APIs/adyen.com/BalancePlatformTransferNotification-v3/3/openapi.yaml	census 49	enumeration.tsv.gz
recursive-graph	document	APIs/adyen.com/BinLookupService/40/openapi.yaml	census 22	enumeration.tsv.gz
recursive-graph	document	APIs/adyen.com/BinLookupService/50/openapi.yaml	census 23	enumeration.tsv.gz
recursive-graph	document	APIs/adyen.com/BinLookupService/52/openapi.yaml	census 23	enumeration.tsv.gz
recursive-graph	document	APIs/adyen.com/BinLookupService/53/openapi.yaml	census 23	enumeration.tsv.gz
recursive-graph	document	APIs/adyen.com/BinLookupService/54/openapi.yaml	census 23	enumeration.tsv.gz
recursive-graph	document	APIs/adyen.com/CheckoutService-v71/71/openapi.yaml	census 580	enumeration.tsv.gz
recursive-graph	document	APIs/adyen.com/CheckoutService/37/openapi.yaml	census 458	enumeration.tsv.gz
recursive-graph	document	APIs/adyen.com/CheckoutService/40/openapi.yaml	census 476	enumeration.tsv.gz
recursive-graph	document	APIs/adyen.com/CheckoutService/41/openapi.yaml	census 478	enumeration.tsv.gz
recursive-graph	document	APIs/adyen.com/CheckoutService/46/openapi.yaml	census 478	enumeration.tsv.gz
recursive-graph	document	APIs/adyen.com/CheckoutService/49/openapi.yaml	census 491	enumeration.tsv.gz
recursive-graph	document	APIs/adyen.com/CheckoutService/50/openapi.yaml	census 491	enumeration.tsv.gz
recursive-graph	document	APIs/adyen.com/CheckoutService/51/openapi.yaml	census 491	enumeration.tsv.gz
recursive-graph	document	APIs/adyen.com/CheckoutService/52/openapi.yaml	census 493	enumeration.tsv.gz
recursive-graph	document	APIs/adyen.com/CheckoutService/53/openapi.yaml	census 493	enumeration.tsv.gz
recursive-graph	document	APIs/adyen.com/CheckoutService/64/openapi.yaml	census 494	enumeration.tsv.gz
recursive-graph	document	APIs/adyen.com/CheckoutService/65/openapi.yaml	census 495	enumeration.tsv.gz
recursive-graph	document	APIs/adyen.com/CheckoutService/66/openapi.yaml	census 495	enumeration.tsv.gz
recursive-graph	document	APIs/adyen.com/CheckoutService/67/openapi.yaml	census 491	enumeration.tsv.gz
recursive-graph	document	APIs/adyen.com/CheckoutService/68/openapi.yaml	census 572	enumeration.tsv.gz
recursive-graph	document	APIs/adyen.com/CheckoutService/69/openapi.yaml	census 580	enumeration.tsv.gz
recursive-graph	document	APIs/adyen.com/CheckoutService/70/openapi.yaml	census 590	enumeration.tsv.gz
recursive-graph	document	APIs/adyen.com/CheckoutUtilityService/1/openapi.yaml	census 2	enumeration.tsv.gz
recursive-graph	document	APIs/adyen.com/DataProtectionService/1/openapi.yaml	census 7	enumeration.tsv.gz
recursive-graph	document	APIs/adyen.com/DisputeService-v30/30/openapi.yaml	census 43	enumeration.tsv.gz
recursive-graph	document	APIs/adyen.com/FundService/3/openapi.yaml	census 85	enumeration.tsv.gz
recursive-graph	document	APIs/adyen.com/FundService/5/openapi.yaml	census 90	enumeration.tsv.gz
recursive-graph	document	APIs/adyen.com/FundService/6/openapi.yaml	census 90	enumeration.tsv.gz
recursive-graph	document	APIs/adyen.com/GrantService-v3/3/openapi.yaml	census 37	enumeration.tsv.gz
recursive-graph	document	APIs/adyen.com/HopService/1/openapi.yaml	census 20	enumeration.tsv.gz
recursive-graph	document	APIs/adyen.com/HopService/5/openapi.yaml	census 19	enumeration.tsv.gz
recursive-graph	document	APIs/adyen.com/HopService/6/openapi.yaml	census 19	enumeration.tsv.gz
recursive-graph	document	APIs/adyen.com/LegalEntityService/1/openapi.yaml	census 227	enumeration.tsv.gz
recursive-graph	document	APIs/adyen.com/LegalEntityService/2/openapi.yaml	census 252	enumeration.tsv.gz
recursive-graph	document	APIs/adyen.com/LegalEntityService/3/openapi.yaml	census 285	enumeration.tsv.gz
recursive-graph	document	APIs/adyen.com/ManagementNotificationService-v1/1/openapi.yaml	census 18	enumeration.tsv.gz
recursive-graph	document	APIs/adyen.com/ManagementService-v3/3/openapi.yaml	census 1081	enumeration.tsv.gz
recursive-graph	document	APIs/adyen.com/ManagementService/1/openapi.yaml	census 1064	enumeration.tsv.gz
recursive-graph	document	APIs/adyen.com/MarketPayNotificationService/3/openapi.yaml	census 147	enumeration.tsv.gz
recursive-graph	document	APIs/adyen.com/MarketPayNotificationService/4/openapi.yaml	census 146	enumeration.tsv.gz
recursive-graph	document	APIs/adyen.com/MarketPayNotificationService/5/openapi.yaml	census 170	enumeration.tsv.gz
recursive-graph	document	APIs/adyen.com/MarketPayNotificationService/6/openapi.yaml	census 180	enumeration.tsv.gz
recursive-graph	document	APIs/adyen.com/NotificationConfigurationService/1/openapi.yaml	census 51	enumeration.tsv.gz
recursive-graph	document	APIs/adyen.com/NotificationConfigurationService/2/openapi.yaml	census 51	enumeration.tsv.gz
recursive-graph	document	APIs/adyen.com/NotificationConfigurationService/3/openapi.yaml	census 51	enumeration.tsv.gz
recursive-graph	document	APIs/adyen.com/NotificationConfigurationService/4/openapi.yaml	census 51	enumeration.tsv.gz
recursive-graph	document	APIs/adyen.com/NotificationConfigurationService/5/openapi.yaml	census 53	enumeration.tsv.gz
recursive-graph	document	APIs/adyen.com/NotificationConfigurationService/6/openapi.yaml	census 53	enumeration.tsv.gz
recursive-graph	document	APIs/adyen.com/PaymentService/25/openapi.yaml	census 201	enumeration.tsv.gz
recursive-graph	document	APIs/adyen.com/PaymentService/30/openapi.yaml	census 249	enumeration.tsv.gz
recursive-graph	document	APIs/adyen.com/PaymentService/40/openapi.yaml	census 328	enumeration.tsv.gz
recursive-graph	document	APIs/adyen.com/PaymentService/46/openapi.yaml	census 335	enumeration.tsv.gz
recursive-graph	document	APIs/adyen.com/PaymentService/49/openapi.yaml	census 335	enumeration.tsv.gz
recursive-graph	document	APIs/adyen.com/PaymentService/50/openapi.yaml	census 335	enumeration.tsv.gz
recursive-graph	document	APIs/adyen.com/PaymentService/51/openapi.yaml	census 344	enumeration.tsv.gz
recursive-graph	document	APIs/adyen.com/PaymentService/52/openapi.yaml	census 344	enumeration.tsv.gz
recursive-graph	document	APIs/adyen.com/PaymentService/64/openapi.yaml	census 353	enumeration.tsv.gz
recursive-graph	document	APIs/adyen.com/PaymentService/67/openapi.yaml	census 353	enumeration.tsv.gz
recursive-graph	document	APIs/adyen.com/PaymentService/68/openapi.yaml	census 368	enumeration.tsv.gz
recursive-graph	document	APIs/adyen.com/PayoutService/30/openapi.yaml	census 78	enumeration.tsv.gz
recursive-graph	document	APIs/adyen.com/PayoutService/40/openapi.yaml	census 78	enumeration.tsv.gz
recursive-graph	document	APIs/adyen.com/PayoutService/46/openapi.yaml	census 87	enumeration.tsv.gz
recursive-graph	document	APIs/adyen.com/PayoutService/49/openapi.yaml	census 87	enumeration.tsv.gz
recursive-graph	document	APIs/adyen.com/PayoutService/50/openapi.yaml	census 78	enumeration.tsv.gz
recursive-graph	document	APIs/adyen.com/PayoutService/51/openapi.yaml	census 78	enumeration.tsv.gz
recursive-graph	document	APIs/adyen.com/PayoutService/52/openapi.yaml	census 78	enumeration.tsv.gz
recursive-graph	document	APIs/adyen.com/PayoutService/64/openapi.yaml	census 78	enumeration.tsv.gz
recursive-graph	document	APIs/adyen.com/PayoutService/67/openapi.yaml	census 78	enumeration.tsv.gz
recursive-graph	document	APIs/adyen.com/PayoutService/68/openapi.yaml	census 78	enumeration.tsv.gz
recursive-graph	document	APIs/adyen.com/RecurringService/18/openapi.yaml	census 14	enumeration.tsv.gz
recursive-graph	document	APIs/adyen.com/RecurringService/25/openapi.yaml	census 38	enumeration.tsv.gz
recursive-graph	document	APIs/adyen.com/RecurringService/30/openapi.yaml	census 38	enumeration.tsv.gz
recursive-graph	document	APIs/adyen.com/RecurringService/40/openapi.yaml	census 50	enumeration.tsv.gz
recursive-graph	document	APIs/adyen.com/RecurringService/49/openapi.yaml	census 50	enumeration.tsv.gz
recursive-graph	document	APIs/adyen.com/RecurringService/67/openapi.yaml	census 57	enumeration.tsv.gz
recursive-graph	document	APIs/adyen.com/RecurringService/68/openapi.yaml	census 57	enumeration.tsv.gz
recursive-graph	document	APIs/adyen.com/StoredValueService/46/openapi.yaml	census 47	enumeration.tsv.gz
recursive-graph	document	APIs/adyen.com/TerminalAPI-v1/1/openapi.yaml	census 296	enumeration.tsv.gz
recursive-graph	document	APIs/adyen.com/TestCardService/1/openapi.yaml	census 10	enumeration.tsv.gz
recursive-graph	document	APIs/adyen.com/TfmAPIService/1/openapi.yaml	census 40	enumeration.tsv.gz
recursive-graph	document	APIs/adyen.com/TransferService-v4/4/openapi.yaml	census 105	enumeration.tsv.gz
recursive-graph	document	APIs/adyen.com/TransferService/1/openapi.yaml	census 36	enumeration.tsv.gz
recursive-graph	document	APIs/adyen.com/TransferService/2/openapi.yaml	census 38	enumeration.tsv.gz
recursive-graph	document	APIs/adyen.com/TransferService/3/openapi.yaml	census 98	enumeration.tsv.gz
recursive-graph	document	APIs/agco-ats.com/v1/openapi.yaml	census 1668	enumeration.tsv.gz
recursive-graph	document	APIs/airbyte.local/config/1.0.0/openapi.yaml	census 543	enumeration.tsv.gz
recursive-graph	document	APIs/alertersystem.com/1.7.0/openapi.yaml	census 1809	enumeration.tsv.gz
recursive-graph	document	APIs/amadeus.com/2.2.0/openapi.yaml	census 55	enumeration.tsv.gz
recursive-graph	document	APIs/amadeus.com/amadeus-flight-price-analysis/1.0.1/openapi.yaml	census 4	enumeration.tsv.gz
recursive-graph	document	APIs/amadeus.com/amadeus-location-score/1.0.2/openapi.yaml	census 5	enumeration.tsv.gz
recursive-graph	document	APIs/amadeus.com/amadeus-travel-recommendations/1.0.3/openapi.yaml	census 5	enumeration.tsv.gz
recursive-graph	document	APIs/amadeus.com/amadeus-trip-parser/3.0.1/openapi.yaml	census 68	enumeration.tsv.gz
recursive-graph	document	APIs/amazonaws.com/AWSMigrationHub/2017-05-31/openapi.yaml	census 275	enumeration.tsv.gz
recursive-graph	document	APIs/amazonaws.com/accessanalyzer/2019-11-01/openapi.yaml	census 485	enumeration.tsv.gz
recursive-graph	document	APIs/amazonaws.com/account/2021-02-01/openapi.yaml	census 108	enumeration.tsv.gz
recursive-graph	document	APIs/amazonaws.com/acm-pca/2017-08-22/openapi.yaml	census 337	enumeration.tsv.gz
recursive-graph	document	APIs/amazonaws.com/acm/2015-12-08/openapi.yaml	census 217	enumeration.tsv.gz
recursive-graph	document	APIs/amazonaws.com/alexaforbusiness/2017-11-09/openapi.yaml	census 981	enumeration.tsv.gz
recursive-graph	document	APIs/amazonaws.com/amp/2020-08-01/openapi.yaml	census 227	enumeration.tsv.gz
recursive-graph	document	APIs/amazonaws.com/amplify/2017-07-25/openapi.yaml	census 522	enumeration.tsv.gz
recursive-graph	document	APIs/amazonaws.com/amplifybackend/2020-08-11/openapi.yaml	census 518	enumeration.tsv.gz
recursive-graph	document	APIs/amazonaws.com/amplifyuibuilder/2021-08-11/openapi.yaml	census 544	enumeration.tsv.gz
recursive-graph	document	APIs/amazonaws.com/apigateway/2015-07-09/openapi.yaml	census 1265	enumeration.tsv.gz
recursive-graph	document	APIs/amazonaws.com/apigatewaymanagementapi/2018-11-29/openapi.yaml	census 17	enumeration.tsv.gz
recursive-graph	document	APIs/amazonaws.com/apigatewayv2/2018-11-29/openapi.yaml	census 1085	enumeration.tsv.gz
recursive-graph	document	APIs/amazonaws.com/appconfig/2019-10-09/openapi.yaml	census 398	enumeration.tsv.gz
recursive-graph	document	APIs/amazonaws.com/appconfigdata/2021-11-11/openapi.yaml	census 16	enumeration.tsv.gz
recursive-graph	document	APIs/amazonaws.com/appfabric/2023-05-19/openapi.yaml	census 321	enumeration.tsv.gz
recursive-graph	document	APIs/amazonaws.com/appflow/2020-08-23/openapi.yaml	census 853	enumeration.tsv.gz
recursive-graph	document	APIs/amazonaws.com/appintegrations/2020-07-29/openapi.yaml	census 189	enumeration.tsv.gz
recursive-graph	document	APIs/amazonaws.com/application-autoscaling/2016-02-06/openapi.yaml	census 254	enumeration.tsv.gz
recursive-graph	document	APIs/amazonaws.com/application-insights/2018-11-25/openapi.yaml	census 455	enumeration.tsv.gz
recursive-graph	document	APIs/amazonaws.com/applicationcostprofiler/2020-09-10/openapi.yaml	census 74	enumeration.tsv.gz
recursive-graph	document	APIs/amazonaws.com/appmesh/2018-10-01/openapi.yaml	census 273	enumeration.tsv.gz
recursive-graph	document	APIs/amazonaws.com/appmesh/2019-01-25/openapi.yaml	census 856	enumeration.tsv.gz
recursive-graph	document	APIs/amazonaws.com/apprunner/2020-05-15/openapi.yaml	census 478	enumeration.tsv.gz
recursive-graph	document	APIs/amazonaws.com/appstream/2016-12-01/openapi.yaml	census 1051	enumeration.tsv.gz
recursive-graph	document	APIs/amazonaws.com/appsync/2017-07-25/openapi.yaml	census 802	enumeration.tsv.gz
recursive-graph	document	APIs/amazonaws.com/arc-zonal-shift/2022-10-30/openapi.yaml	census 80	enumeration.tsv.gz
recursive-graph	document	APIs/amazonaws.com/athena/2017-05-18/openapi.yaml	census 838	enumeration.tsv.gz
recursive-graph	document	APIs/amazonaws.com/auditmanager/2017-07-25/openapi.yaml	census 822	enumeration.tsv.gz
recursive-graph	document	APIs/amazonaws.com/autoscaling-plans/2018-01-06/openapi.yaml	census 139	enumeration.tsv.gz
recursive-graph	document	APIs/amazonaws.com/autoscaling/2011-01-01/openapi.yaml	census 1188	enumeration.tsv.gz
recursive-graph	document	APIs/amazonaws.com/backup-gateway/2021-01-01/openapi.yaml	census 313	enumeration.tsv.gz
recursive-graph	document	APIs/amazonaws.com/backup/2018-11-15/openapi.yaml	census 958	enumeration.tsv.gz
recursive-graph	document	APIs/amazonaws.com/backupstorage/2018-04-10/openapi.yaml	census 108	enumeration.tsv.gz
recursive-graph	document	APIs/amazonaws.com/batch/2016-08-10/openapi.yaml	census 694	enumeration.tsv.gz
recursive-graph	document	APIs/amazonaws.com/billingconductor/2021-07-30/openapi.yaml	census 578	enumeration.tsv.gz
recursive-graph	document	APIs/amazonaws.com/braket/2019-09-01/openapi.yaml	census 245	enumeration.tsv.gz
recursive-graph	document	APIs/amazonaws.com/budgets/2016-10-20/openapi.yaml	census 412	enumeration.tsv.gz
recursive-graph	document	APIs/amazonaws.com/ce/2017-10-25/openapi.yaml	census 885	enumeration.tsv.gz
recursive-graph	document	APIs/amazonaws.com/chime-sdk-identity/2021-04-20/openapi.yaml	census 394	enumeration.tsv.gz
recursive-graph	document	APIs/amazonaws.com/chime-sdk-media-pipelines/2021-07-15/openapi.yaml	census 459	enumeration.tsv.gz
recursive-graph	document	APIs/amazonaws.com/chime-sdk-meetings/2021-07-15/openapi.yaml	census 253	enumeration.tsv.gz
recursive-graph	document	APIs/amazonaws.com/chime-sdk-messaging/2021-05-15/openapi.yaml	census 703	enumeration.tsv.gz
recursive-graph	document	APIs/amazonaws.com/chime-sdk-voice/2022-08-03/openapi.yaml	census 1233	enumeration.tsv.gz
recursive-graph	document	APIs/amazonaws.com/chime/2018-05-01/openapi.yaml	census 2400	enumeration.tsv.gz
recursive-graph	document	APIs/amazonaws.com/cleanrooms/2022-02-17/openapi.yaml	census 674	enumeration.tsv.gz
recursive-graph	document	APIs/amazonaws.com/cloud9/2017-09-23/openapi.yaml	census 182	enumeration.tsv.gz
recursive-graph	document	APIs/amazonaws.com/cloudcontrol/2021-09-30/openapi.yaml	census 171	enumeration.tsv.gz
recursive-graph	document	APIs/amazonaws.com/clouddirectory/2016-05-10/openapi.yaml	census 1267	enumeration.tsv.gz
recursive-graph	document	APIs/amazonaws.com/clouddirectory/2017-01-11/openapi.yaml	census 1259	enumeration.tsv.gz
recursive-graph	document	APIs/amazonaws.com/cloudformation/2010-05-15/openapi.yaml	census 1416	enumeration.tsv.gz
recursive-graph	document	APIs/amazonaws.com/cloudfront/2016-11-25/openapi.yaml	census 639	enumeration.tsv.gz
recursive-graph	document	APIs/amazonaws.com/cloudfront/2017-03-25/openapi.yaml	census 654	enumeration.tsv.gz
recursive-graph	document	APIs/amazonaws.com/cloudfront/2017-10-30/openapi.yaml	census 895	enumeration.tsv.gz
recursive-graph	document	APIs/amazonaws.com/cloudfront/2018-06-18/openapi.yaml	census 816	enumeration.tsv.gz
recursive-graph	document	APIs/amazonaws.com/cloudfront/2018-11-05/openapi.yaml	census 837	enumeration.tsv.gz
recursive-graph	document	APIs/amazonaws.com/cloudfront/2019-03-26/openapi.yaml	census 844	enumeration.tsv.gz
recursive-graph	document	APIs/amazonaws.com/cloudfront/2020-05-31/openapi.yaml	census 1755	enumeration.tsv.gz
recursive-graph	document	APIs/amazonaws.com/cloudhsm/2014-05-30/openapi.yaml	census 206	enumeration.tsv.gz
recursive-graph	document	APIs/amazonaws.com/cloudhsmv2/2017-04-28/openapi.yaml	census 224	enumeration.tsv.gz
recursive-graph	document	APIs/amazonaws.com/cloudsearch/2011-02-01/openapi.yaml	census 335	enumeration.tsv.gz
recursive-graph	document	APIs/amazonaws.com/cloudsearch/2013-01-01/openapi.yaml	census 556	enumeration.tsv.gz
recursive-graph	document	APIs/amazonaws.com/cloudsearchdomain/2013-01-01/openapi.yaml	census 60	enumeration.tsv.gz
recursive-graph	document	APIs/amazonaws.com/cloudtrail-data/2021-08-11/openapi.yaml	census 22	enumeration.tsv.gz
recursive-graph	document	APIs/amazonaws.com/cloudtrail/2013-11-01/openapi.yaml	census 984	enumeration.tsv.gz
recursive-graph	document	APIs/amazonaws.com/codeartifact/2018-09-22/openapi.yaml	census 474	enumeration.tsv.gz
recursive-graph	document	APIs/amazonaws.com/codebuild/2016-10-06/openapi.yaml	census 768	enumeration.tsv.gz
recursive-graph	document	APIs/amazonaws.com/codecatalyst/2022-09-28/openapi.yaml	census 498	enumeration.tsv.gz
recursive-graph	document	APIs/amazonaws.com/codecommit/2015-04-13/openapi.yaml	census 1920	enumeration.tsv.gz
recursive-graph	document	APIs/amazonaws.com/codedeploy/2014-10-06/openapi.yaml	census 876	enumeration.tsv.gz
recursive-graph	document	APIs/amazonaws.com/codeguru-reviewer/2019-09-19/openapi.yaml	census 260	enumeration.tsv.gz
recursive-graph	document	APIs/amazonaws.com/codeguru-security/2018-05-10/openapi.yaml	census 205	enumeration.tsv.gz
recursive-graph	document	APIs/amazonaws.com/codeguruprofiler/2019-07-18/openapi.yaml	census 258	enumeration.tsv.gz
recursive-graph	document	APIs/amazonaws.com/codepipeline/2015-07-09/openapi.yaml	census 639	enumeration.tsv.gz
recursive-graph	document	APIs/amazonaws.com/codestar-connections/2019-12-01/openapi.yaml	census 111	enumeration.tsv.gz
recursive-graph	document	APIs/amazonaws.com/codestar-notifications/2019-10-15/openapi.yaml	census 145	enumeration.tsv.gz
recursive-graph	document	APIs/amazonaws.com/codestar/2017-04-19/openapi.yaml	census 239	enumeration.tsv.gz
recursive-graph	document	APIs/amazonaws.com/cognito-identity/2014-06-30/openapi.yaml	census 319	enumeration.tsv.gz
recursive-graph	document	APIs/amazonaws.com/cognito-idp/2016-04-18/openapi.yaml	census 1864	enumeration.tsv.gz
recursive-graph	document	APIs/amazonaws.com/cognito-sync/2014-06-30/openapi.yaml	census 196	enumeration.tsv.gz
recursive-graph	document	APIs/amazonaws.com/comprehend/2017-11-27/openapi.yaml	census 1514	enumeration.tsv.gz
recursive-graph	document	APIs/amazonaws.com/comprehendmedical/2018-10-30/openapi.yaml	census 417	enumeration.tsv.gz
recursive-graph	document	APIs/amazonaws.com/compute-optimizer/2019-11-01/openapi.yaml	census 620	enumeration.tsv.gz
recursive-graph	document	APIs/amazonaws.com/config/2014-11-12/openapi.yaml	census 1338	enumeration.tsv.gz
recursive-graph	document	APIs/amazonaws.com/connect-contact-lens/2020-08-21/openapi.yaml	census 35	enumeration.tsv.gz
recursive-graph	document	APIs/amazonaws.com/connect/2017-08-08/openapi.yaml	census 2810	enumeration.tsv.gz
recursive-graph	document	APIs/amazonaws.com/connectcampaigns/2021-01-30/openapi.yaml	census 233	enumeration.tsv.gz
recursive-graph	document	APIs/amazonaws.com/connectcases/2022-10-03/openapi.yaml	census 442	enumeration.tsv.gz
recursive-graph	document	APIs/amazonaws.com/connectparticipant/2018-09-07/openapi.yaml	census 120	enumeration.tsv.gz
recursive-graph	document	APIs/amazonaws.com/controltower/2018-05-10/openapi.yaml	census 48	enumeration.tsv.gz
recursive-graph	document	APIs/amazonaws.com/cur/2017-01-06/openapi.yaml	census 41	enumeration.tsv.gz
recursive-graph	document	APIs/amazonaws.com/customer-profiles/2020-08-15/openapi.yaml	census 1091	enumeration.tsv.gz
recursive-graph	document	APIs/amazonaws.com/databrew/2017-07-25/openapi.yaml	census 725	enumeration.tsv.gz
recursive-graph	document	APIs/amazonaws.com/dataexchange/2017-07-25/openapi.yaml	census 570	enumeration.tsv.gz
recursive-graph	document	APIs/amazonaws.com/datapipeline/2012-10-29/openapi.yaml	census 236	enumeration.tsv.gz
recursive-graph	document	APIs/amazonaws.com/datasync/2018-11-09/openapi.yaml	census 816	enumeration.tsv.gz
recursive-graph	document	APIs/amazonaws.com/dax/2017-04-19/openapi.yaml	census 341	enumeration.tsv.gz
recursive-graph	document	APIs/amazonaws.com/detective/2018-10-26/openapi.yaml	census 239	enumeration.tsv.gz
recursive-graph	document	APIs/amazonaws.com/devicefarm/2015-06-23/openapi.yaml	census 1101	enumeration.tsv.gz
recursive-graph	document	APIs/amazonaws.com/devops-guru/2020-12-01/openapi.yaml	census 717	enumeration.tsv.gz
recursive-graph	document	APIs/amazonaws.com/directconnect/2012-10-25/openapi.yaml	census 739	enumeration.tsv.gz
recursive-graph	document	APIs/amazonaws.com/discovery/2015-11-01/openapi.yaml	census 429	enumeration.tsv.gz
recursive-graph	document	APIs/amazonaws.com/dlm/2018-01-12/openapi.yaml	census 177	enumeration.tsv.gz
recursive-graph	document	APIs/amazonaws.com/dms/2016-01-01/openapi.yaml	census 1944	enumeration.tsv.gz
recursive-graph	document	APIs/amazonaws.com/docdb-elastic/2022-11-28/openapi.yaml	census 170	enumeration.tsv.gz
recursive-graph	document	APIs/amazonaws.com/docdb/2014-10-31/openapi.yaml	census 1153	enumeration.tsv.gz
recursive-graph	document	APIs/amazonaws.com/drs/2020-02-26/openapi.yaml	census 809	enumeration.tsv.gz
recursive-graph	document	APIs/amazonaws.com/ds/2015-04-16/openapi.yaml	census 976	enumeration.tsv.gz
recursive-graph	document	APIs/amazonaws.com/dynamodb/2011-12-05/openapi.yaml	census 209	enumeration.tsv.gz
recursive-graph	document	APIs/amazonaws.com/dynamodb/2012-08-10/openapi.yaml	census 1090	enumeration.tsv.gz
recursive-graph	document	APIs/amazonaws.com/ebs/2019-11-02/openapi.yaml	census 87	enumeration.tsv.gz
recursive-graph	document	APIs/amazonaws.com/ec2-instance-connect/2018-04-02/openapi.yaml	census 33	enumeration.tsv.gz
recursive-graph	document	APIs/amazonaws.com/ec2/2016-11-15/openapi.yaml	census 10373	enumeration.tsv.gz
recursive-graph	document	APIs/amazonaws.com/ecr-public/2020-10-30/openapi.yaml	census 351	enumeration.tsv.gz
recursive-graph	document	APIs/amazonaws.com/ecr/2015-09-21/openapi.yaml	census 680	enumeration.tsv.gz
recursive-graph	document	APIs/amazonaws.com/ecs/2014-11-13/openapi.yaml	census 1280	enumeration.tsv.gz
recursive-graph	document	APIs/amazonaws.com/eks/2017-11-01/openapi.yaml	census 611	enumeration.tsv.gz
recursive-graph	document	APIs/amazonaws.com/elastic-inference/2017-07-25/openapi.yaml	census 66	enumeration.tsv.gz
recursive-graph	document	APIs/amazonaws.com/elasticache/2015-02-02/openapi.yaml	census 1839	enumeration.tsv.gz
recursive-graph	document	APIs/amazonaws.com/elasticbeanstalk/2010-12-01/openapi.yaml	census 824	enumeration.tsv.gz
recursive-graph	document	APIs/amazonaws.com/elasticfilesystem/2015-02-01/openapi.yaml	census 312	enumeration.tsv.gz
recursive-graph	document	APIs/amazonaws.com/elasticloadbalancing/2012-06-01/openapi.yaml	census 475	enumeration.tsv.gz
recursive-graph	document	APIs/amazonaws.com/elasticloadbalancingv2/2015-12-01/openapi.yaml	census 783	enumeration.tsv.gz
recursive-graph	document	APIs/amazonaws.com/elasticmapreduce/2009-03-31/openapi.yaml	census 952	enumeration.tsv.gz
recursive-graph	document	APIs/amazonaws.com/elastictranscoder/2012-09-25/openapi.yaml	census 459	enumeration.tsv.gz
recursive-graph	document	APIs/amazonaws.com/email/2010-12-01/openapi.yaml	census 825	enumeration.tsv.gz
recursive-graph	document	APIs/amazonaws.com/emr-containers/2020-10-01/openapi.yaml	census 284	enumeration.tsv.gz
recursive-graph	document	APIs/amazonaws.com/emr-serverless/2021-07-13/openapi.yaml	census 264	enumeration.tsv.gz
recursive-graph	document	APIs/amazonaws.com/entitlement.marketplace/2017-01-11/openapi.yaml	census 26	enumeration.tsv.gz
recursive-graph	document	APIs/amazonaws.com/entityresolution/2018-05-10/openapi.yaml	census 229	enumeration.tsv.gz
recursive-graph	document	APIs/amazonaws.com/es/2015-01-01/openapi.yaml	census 852	enumeration.tsv.gz
recursive-graph	document	APIs/amazonaws.com/eventbridge/2015-10-07/openapi.yaml	census 881	enumeration.tsv.gz
recursive-graph	document	APIs/amazonaws.com/events/2015-10-07/openapi.yaml	census 784	enumeration.tsv.gz
recursive-graph	document	APIs/amazonaws.com/evidently/2021-02-01/openapi.yaml	census 598	enumeration.tsv.gz
recursive-graph	document	APIs/amazonaws.com/finspace-data/2020-07-13/openapi.yaml	census 478	enumeration.tsv.gz
recursive-graph	document	APIs/amazonaws.com/finspace/2021-03-12/openapi.yaml	census 613	enumeration.tsv.gz
recursive-graph	document	APIs/amazonaws.com/firehose/2015-08-04/openapi.yaml	census 513	enumeration.tsv.gz
recursive-graph	document	APIs/amazonaws.com/fis/2020-12-01/openapi.yaml	census 267	enumeration.tsv.gz
recursive-graph	document	APIs/amazonaws.com/fms/2018-01-01/openapi.yaml	census 769	enumeration.tsv.gz
recursive-graph	document	APIs/amazonaws.com/forecast/2018-06-26/openapi.yaml	census 963	enumeration.tsv.gz
recursive-graph	document	APIs/amazonaws.com/forecastquery/2018-06-26/openapi.yaml	census 32	enumeration.tsv.gz
recursive-graph	document	APIs/amazonaws.com/frauddetector/2019-11-15/openapi.yaml	census 1186	enumeration.tsv.gz
recursive-graph	document	APIs/amazonaws.com/fsx/2018-03-01/openapi.yaml	census 1094	enumeration.tsv.gz
recursive-graph	document	APIs/amazonaws.com/gamelift/2015-10-01/openapi.yaml	census 1582	enumeration.tsv.gz
recursive-graph	document	APIs/amazonaws.com/gamesparks/2021-08-17/openapi.yaml	census 358	enumeration.tsv.gz
recursive-graph	document	APIs/amazonaws.com/glacier/2012-06-01/openapi.yaml	census 315	enumeration.tsv.gz
recursive-graph	document	APIs/amazonaws.com/globalaccelerator/2018-08-08/openapi.yaml	census 602	enumeration.tsv.gz
recursive-graph	document	APIs/amazonaws.com/glue/2017-03-31/openapi.yaml	census 4066	enumeration.tsv.gz
recursive-graph	document	APIs/amazonaws.com/grafana/2020-08-18/openapi.yaml	census 297	enumeration.tsv.gz
recursive-graph	document	APIs/amazonaws.com/greengrass/2017-06-07/openapi.yaml	census 726	enumeration.tsv.gz
recursive-graph	document	APIs/amazonaws.com/greengrassv2/2020-11-30/openapi.yaml	census 439	enumeration.tsv.gz
recursive-graph	document	APIs/amazonaws.com/groundstation/2019-05-23/openapi.yaml	census 514	enumeration.tsv.gz
recursive-graph	document	APIs/amazonaws.com/guardduty/2017-11-28/openapi.yaml	census 1094	enumeration.tsv.gz
recursive-graph	document	APIs/amazonaws.com/health/2016-08-04/openapi.yaml	census 215	enumeration.tsv.gz
recursive-graph	document	APIs/amazonaws.com/healthlake/2017-07-01/openapi.yaml	census 199	enumeration.tsv.gz
recursive-graph	document	APIs/amazonaws.com/honeycode/2020-03-01/openapi.yaml	census 280	enumeration.tsv.gz
recursive-graph	document	APIs/amazonaws.com/iam/2010-05-08/openapi.yaml	census 2290	enumeration.tsv.gz
recursive-graph	document	APIs/amazonaws.com/identitystore/2020-06-15/openapi.yaml	census 326	enumeration.tsv.gz
recursive-graph	document	APIs/amazonaws.com/imagebuilder/2019-12-02/openapi.yaml	census 1308	enumeration.tsv.gz
recursive-graph	document	APIs/amazonaws.com/importexport/2010-06-01/openapi.yaml	census 217	enumeration.tsv.gz
recursive-graph	document	APIs/amazonaws.com/inspector/2016-02-16/openapi.yaml	census 556	enumeration.tsv.gz
recursive-graph	document	APIs/amazonaws.com/inspector2/2020-06-08/openapi.yaml	census 1236	enumeration.tsv.gz
recursive-graph	document	APIs/amazonaws.com/internetmonitor/2021-06-03/openapi.yaml	census 187	enumeration.tsv.gz
recursive-graph	document	APIs/amazonaws.com/iot-data/2015-05-28/openapi.yaml	census 77	enumeration.tsv.gz
recursive-graph	document	APIs/amazonaws.com/iot-jobs-data/2017-09-29/openapi.yaml	census 65	enumeration.tsv.gz
recursive-graph	document	APIs/amazonaws.com/iot-roborunner/2018-05-10/openapi.yaml	census 316	enumeration.tsv.gz
recursive-graph	document	APIs/amazonaws.com/iot/2015-05-28/openapi.yaml	census 3509	enumeration.tsv.gz
recursive-graph	document	APIs/amazonaws.com/iot1click-devices/2018-05-14/openapi.yaml	census 99	enumeration.tsv.gz
recursive-graph	document	APIs/amazonaws.com/iot1click-projects/2018-05-14/openapi.yaml	census 132	enumeration.tsv.gz
recursive-graph	document	APIs/amazonaws.com/iotanalytics/2017-11-27/openapi.yaml	census 584	enumeration.tsv.gz
recursive-graph	document	APIs/amazonaws.com/iotdeviceadvisor/2020-09-18/openapi.yaml	census 177	enumeration.tsv.gz
recursive-graph	document	APIs/amazonaws.com/iotevents-data/2018-10-23/openapi.yaml	census 220	enumeration.tsv.gz
recursive-graph	document	APIs/amazonaws.com/iotevents/2018-07-27/openapi.yaml	census 489	enumeration.tsv.gz
recursive-graph	document	APIs/amazonaws.com/iotfleethub/2020-11-03/openapi.yaml	census 76	enumeration.tsv.gz
recursive-graph	document	APIs/amazonaws.com/iotfleetwise/2021-06-17/openapi.yaml	census 866	enumeration.tsv.gz
recursive-graph	document	APIs/amazonaws.com/iotsecuretunneling/2018-10-05/openapi.yaml	census 80	enumeration.tsv.gz
recursive-graph	document	APIs/amazonaws.com/iotsitewise/2019-12-02/openapi.yaml	census 1118	enumeration.tsv.gz
recursive-graph	document	APIs/amazonaws.com/iotthingsgraph/2018-09-06/openapi.yaml	census 423	enumeration.tsv.gz
recursive-graph	document	APIs/amazonaws.com/iottwinmaker/2021-11-29/openapi.yaml	census 664	enumeration.tsv.gz
recursive-graph	document	APIs/amazonaws.com/iotwireless/2020-11-22/openapi.yaml	census 1590	enumeration.tsv.gz
recursive-graph	document	APIs/amazonaws.com/ivs-realtime/2020-07-14/openapi.yaml	census 177	enumeration.tsv.gz
recursive-graph	document	APIs/amazonaws.com/ivs/2020-07-14/openapi.yaml	census 372	enumeration.tsv.gz
recursive-graph	document	APIs/amazonaws.com/ivschat/2020-07-14/openapi.yaml	census 243	enumeration.tsv.gz
recursive-graph	document	APIs/amazonaws.com/kafka/2018-11-14/openapi.yaml	census 777	enumeration.tsv.gz
recursive-graph	document	APIs/amazonaws.com/kafkaconnect/2021-09-14/openapi.yaml	census 322	enumeration.tsv.gz
recursive-graph	document	APIs/amazonaws.com/kendra-ranking/2022-10-19/openapi.yaml	census 126	enumeration.tsv.gz
recursive-graph	document	APIs/amazonaws.com/kendra/2019-02-03/openapi.yaml	census 1652	enumeration.tsv.gz
recursive-graph	document	APIs/amazonaws.com/keyspaces/2022-02-10/openapi.yaml	census 218	enumeration.tsv.gz
recursive-graph	document	APIs/amazonaws.com/kinesis-video-archived-media/2017-09-30/openapi.yaml	census 129	enumeration.tsv.gz
recursive-graph	document	APIs/amazonaws.com/kinesis-video-media/2017-09-30/openapi.yaml	census 19	enumeration.tsv.gz
recursive-graph	document	APIs/amazonaws.com/kinesis-video-signaling/2019-12-04/openapi.yaml	census 27	enumeration.tsv.gz
recursive-graph	document	APIs/amazonaws.com/kinesis-video-webrtc-storage/2018-05-10/openapi.yaml	census 5	enumeration.tsv.gz
recursive-graph	document	APIs/amazonaws.com/kinesis/2013-12-02/openapi.yaml	census 406	enumeration.tsv.gz
recursive-graph	document	APIs/amazonaws.com/kinesisanalytics/2015-08-14/openapi.yaml	census 368	enumeration.tsv.gz
recursive-graph	document	APIs/amazonaws.com/kinesisanalyticsv2/2018-05-23/openapi.yaml	census 706	enumeration.tsv.gz
recursive-graph	document	APIs/amazonaws.com/kinesisvideo/2017-09-30/openapi.yaml	census 416	enumeration.tsv.gz
recursive-graph	document	APIs/amazonaws.com/kms/2014-11-01/openapi.yaml	census 806	enumeration.tsv.gz
recursive-graph	document	APIs/amazonaws.com/lakeformation/2017-03-31/openapi.yaml	census 762	enumeration.tsv.gz
recursive-graph	document	APIs/amazonaws.com/lambda/2014-11-11/openapi.yaml	census 85	enumeration.tsv.gz
recursive-graph	document	APIs/amazonaws.com/lambda/2015-03-31/openapi.yaml	census 972	enumeration.tsv.gz
recursive-graph	document	APIs/amazonaws.com/lex-models/2017-04-19/openapi.yaml	census 693	enumeration.tsv.gz
recursive-graph	document	APIs/amazonaws.com/license-manager-linux-subscriptions/2018-05-10/openapi.yaml	census 67	enumeration.tsv.gz
recursive-graph	document	APIs/amazonaws.com/license-manager-user-subscriptions/2018-05-10/openapi.yaml	census 200	enumeration.tsv.gz
recursive-graph	document	APIs/amazonaws.com/license-manager/2018-08-01/openapi.yaml	census 927	enumeration.tsv.gz
recursive-graph	document	APIs/amazonaws.com/lightsail/2016-11-28/openapi.yaml	census 2715	enumeration.tsv.gz
recursive-graph	document	APIs/amazonaws.com/location/2020-11-19/openapi.yaml	census 915	enumeration.tsv.gz
recursive-graph	document	APIs/amazonaws.com/logs/2014-03-28/openapi.yaml	census 594	enumeration.tsv.gz
recursive-graph	document	APIs/amazonaws.com/lookoutequipment/2020-12-15/openapi.yaml	census 771	enumeration.tsv.gz
recursive-graph	document	APIs/amazonaws.com/lookoutmetrics/2017-07-25/openapi.yaml	census 604	enumeration.tsv.gz
recursive-graph	document	APIs/amazonaws.com/lookoutvision/2020-11-20/openapi.yaml	census 315	enumeration.tsv.gz
recursive-graph	document	APIs/amazonaws.com/m2/2021-04-28/openapi.yaml	census 534	enumeration.tsv.gz
recursive-graph	document	APIs/amazonaws.com/machinelearning/2014-12-12/openapi.yaml	census 483	enumeration.tsv.gz
recursive-graph	document	APIs/amazonaws.com/macie/2017-12-19/openapi.yaml	census 73	enumeration.tsv.gz
recursive-graph	document	APIs/amazonaws.com/macie2/2020-01-01/openapi.yaml	census 1416	enumeration.tsv.gz
recursive-graph	document	APIs/amazonaws.com/managedblockchain-query/2023-05-04/openapi.yaml	census 156	enumeration.tsv.gz
recursive-graph	document	APIs/amazonaws.com/managedblockchain/2018-09-24/openapi.yaml	census 415	enumeration.tsv.gz
recursive-graph	document	APIs/amazonaws.com/marketplace-catalog/2018-09-17/openapi.yaml	census 178	enumeration.tsv.gz
recursive-graph	document	APIs/amazonaws.com/marketplacecommerceanalytics/2015-07-01/openapi.yaml	census 23	enumeration.tsv.gz
recursive-graph	document	APIs/amazonaws.com/mediaconnect/2018-11-14/openapi.yaml	census 1014	enumeration.tsv.gz
recursive-graph	document	APIs/amazonaws.com/mediaconvert/2017-08-29/openapi.yaml	census 1530	enumeration.tsv.gz
recursive-graph	document	APIs/amazonaws.com/medialive/2017-10-14/openapi.yaml	census 2041	enumeration.tsv.gz
recursive-graph	document	APIs/amazonaws.com/mediapackage-vod/2018-11-07/openapi.yaml	census 313	enumeration.tsv.gz
recursive-graph	document	APIs/amazonaws.com/mediapackage/2017-10-12/openapi.yaml	census 504	enumeration.tsv.gz
recursive-graph	document	APIs/amazonaws.com/mediapackagev2/2022-12-25/openapi.yaml	census 372	enumeration.tsv.gz
recursive-graph	document	APIs/amazonaws.com/mediastore-data/2017-09-01/openapi.yaml	census 34	enumeration.tsv.gz
recursive-graph	document	APIs/amazonaws.com/mediastore/2017-09-01/openapi.yaml	census 174	enumeration.tsv.gz
recursive-graph	document	APIs/amazonaws.com/mediatailor/2018-04-23/openapi.yaml	census 549	enumeration.tsv.gz
recursive-graph	document	APIs/amazonaws.com/medical-imaging/2023-07-19/openapi.yaml	census 289	enumeration.tsv.gz
recursive-graph	document	APIs/amazonaws.com/memorydb/2021-01-01/openapi.yaml	census 690	enumeration.tsv.gz
recursive-graph	document	APIs/amazonaws.com/meteringmarketplace/2016-01-14/openapi.yaml	census 76	enumeration.tsv.gz
recursive-graph	document	APIs/amazonaws.com/mgn/2020-02-26/openapi.yaml	census 1002	enumeration.tsv.gz
recursive-graph	document	APIs/amazonaws.com/migration-hub-refactor-spaces/2021-10-26/openapi.yaml	census 473	enumeration.tsv.gz
recursive-graph	document	APIs/amazonaws.com/migrationhub-config/2019-06-30/openapi.yaml	census 41	enumeration.tsv.gz
recursive-graph	document	APIs/amazonaws.com/migrationhuborchestrator/2021-08-28/openapi.yaml	census 479	enumeration.tsv.gz
recursive-graph	document	APIs/amazonaws.com/migrationhubstrategy/2020-02-19/openapi.yaml	census 427	enumeration.tsv.gz
recursive-graph	document	APIs/amazonaws.com/mobile/2017-07-01/openapi.yaml	census 113	enumeration.tsv.gz
recursive-graph	document	APIs/amazonaws.com/mobileanalytics/2014-06-05/openapi.yaml	census 17	enumeration.tsv.gz
recursive-graph	document	APIs/amazonaws.com/models.lex.v2/2020-08-07/openapi.yaml	census 2380	enumeration.tsv.gz
recursive-graph	document	APIs/amazonaws.com/monitoring/2010-08-01/openapi.yaml	census 772	enumeration.tsv.gz
recursive-graph	document	APIs/amazonaws.com/mq/2017-11-27/openapi.yaml	census 422	enumeration.tsv.gz
recursive-graph	document	APIs/amazonaws.com/mturk-requester/2017-01-17/openapi.yaml	census 469	enumeration.tsv.gz
recursive-graph	document	APIs/amazonaws.com/mwaa/2020-07-01/openapi.yaml	census 183	enumeration.tsv.gz
recursive-graph	document	APIs/amazonaws.com/neptune/2014-10-31/openapi.yaml	census 1611	enumeration.tsv.gz
recursive-graph	document	APIs/amazonaws.com/network-firewall/2020-11-12/openapi.yaml	census 671	enumeration.tsv.gz
recursive-graph	document	APIs/amazonaws.com/networkmanager/2019-07-05/openapi.yaml	census 1197	enumeration.tsv.gz
recursive-graph	document	APIs/amazonaws.com/nimble/2020-08-01/openapi.yaml	census 821	enumeration.tsv.gz
recursive-graph	document	APIs/amazonaws.com/oam/2022-06-10/openapi.yaml	census 161	enumeration.tsv.gz
recursive-graph	document	APIs/amazonaws.com/omics/2022-11-28/openapi.yaml	census 1379	enumeration.tsv.gz
recursive-graph	document	APIs/amazonaws.com/opensearch/2021-01-01/openapi.yaml	census 1002	enumeration.tsv.gz
recursive-graph	document	APIs/amazonaws.com/opensearchserverless/2021-11-01/openapi.yaml	census 429	enumeration.tsv.gz
recursive-graph	document	APIs/amazonaws.com/opsworks/2013-02-18/openapi.yaml	census 926	enumeration.tsv.gz
recursive-graph	document	APIs/amazonaws.com/opsworkscm/2016-11-01/openapi.yaml	census 248	enumeration.tsv.gz
recursive-graph	document	APIs/amazonaws.com/organizations/2016-11-28/openapi.yaml	census 800	enumeration.tsv.gz
recursive-graph	document	APIs/amazonaws.com/osis/2022-01-01/openapi.yaml	census 165	enumeration.tsv.gz
recursive-graph	document	APIs/amazonaws.com/outposts/2019-12-03/openapi.yaml	census 391	enumeration.tsv.gz
recursive-graph	document	APIs/amazonaws.com/panorama/2019-07-24/openapi.yaml	census 528	enumeration.tsv.gz
recursive-graph	document	APIs/amazonaws.com/payment-cryptography-data/2022-02-03/openapi.yaml	census 354	enumeration.tsv.gz
recursive-graph	document	APIs/amazonaws.com/payment-cryptography/2021-09-14/openapi.yaml	census 320	enumeration.tsv.gz
recursive-graph	document	APIs/amazonaws.com/personalize-events/2018-03-22/openapi.yaml	census 33	enumeration.tsv.gz
recursive-graph	document	APIs/amazonaws.com/personalize-runtime/2018-05-22/openapi.yaml	census 43	enumeration.tsv.gz
recursive-graph	document	APIs/amazonaws.com/personalize/2018-05-22/openapi.yaml	census 957	enumeration.tsv.gz
recursive-graph	document	APIs/amazonaws.com/pi/2018-02-27/openapi.yaml	census 134	enumeration.tsv.gz
recursive-graph	document	APIs/amazonaws.com/pinpoint-email/2018-07-26/openapi.yaml	census 454	enumeration.tsv.gz
recursive-graph	document	APIs/amazonaws.com/pinpoint-sms-voice-v2/2022-03-31/openapi.yaml	census 773	enumeration.tsv.gz
recursive-graph	document	APIs/amazonaws.com/pinpoint/2016-12-01/openapi.yaml	census 2598	enumeration.tsv.gz
recursive-graph	document	APIs/amazonaws.com/pipes/2015-10-07/openapi.yaml	census 419	enumeration.tsv.gz
recursive-graph	document	APIs/amazonaws.com/polly/2016-06-10/openapi.yaml	census 126	enumeration.tsv.gz
recursive-graph	document	APIs/amazonaws.com/pricing/2017-10-15/openapi.yaml	census 84	enumeration.tsv.gz
recursive-graph	document	APIs/amazonaws.com/privatenetworks/2021-12-03/openapi.yaml	census 358	enumeration.tsv.gz
recursive-graph	document	APIs/amazonaws.com/proton/2020-07-20/openapi.yaml	census 1479	enumeration.tsv.gz
recursive-graph	document	APIs/amazonaws.com/qldb-session/2019-07-11/openapi.yaml	census 56	enumeration.tsv.gz
recursive-graph	document	APIs/amazonaws.com/qldb/2019-01-02/openapi.yaml	census 183	enumeration.tsv.gz
recursive-graph	document	APIs/amazonaws.com/quicksight/2018-04-01/openapi.yaml	census 5111	enumeration.tsv.gz
recursive-graph	document	APIs/amazonaws.com/ram/2018-01-04/openapi.yaml	census 620	enumeration.tsv.gz
recursive-graph	document	APIs/amazonaws.com/rbin/2021-06-15/openapi.yaml	census 136	enumeration.tsv.gz
recursive-graph	document	APIs/amazonaws.com/rds-data/2018-08-01/openapi.yaml	census 155	enumeration.tsv.gz
recursive-graph	document	APIs/amazonaws.com/rds/2013-01-10/openapi.yaml	census 987	enumeration.tsv.gz
recursive-graph	document	APIs/amazonaws.com/rds/2013-02-12/openapi.yaml	census 1042	enumeration.tsv.gz
recursive-graph	document	APIs/amazonaws.com/rds/2013-09-09/openapi.yaml	census 1121	enumeration.tsv.gz
recursive-graph	document	APIs/amazonaws.com/rds/2014-09-01/openapi.yaml	census 1188	enumeration.tsv.gz
recursive-graph	document	APIs/amazonaws.com/rds/2014-10-31/openapi.yaml	census 3775	enumeration.tsv.gz
recursive-graph	document	APIs/amazonaws.com/redshift-data/2019-12-20/openapi.yaml	census 220	enumeration.tsv.gz
recursive-graph	document	APIs/amazonaws.com/redshift-serverless/2021-04-21/openapi.yaml	census 542	enumeration.tsv.gz
recursive-graph	document	APIs/amazonaws.com/redshift/2012-12-01/openapi.yaml	census 2511	enumeration.tsv.gz
recursive-graph	document	APIs/amazonaws.com/rekognition/2016-06-27/openapi.yaml	census 1581	enumeration.tsv.gz
recursive-graph	document	APIs/amazonaws.com/resiliencehub/2020-04-30/openapi.yaml	census 1014	enumeration.tsv.gz
recursive-graph	document	APIs/amazonaws.com/resource-explorer/2-2022-07-28/openapi.yaml	census 238	enumeration.tsv.gz
recursive-graph	document	APIs/amazonaws.com/resource-groups/2017-11-27/openapi.yaml	census 260	enumeration.tsv.gz
recursive-graph	document	APIs/amazonaws.com/resourcegroupstaggingapi/2017-01-26/openapi.yaml	census 119	enumeration.tsv.gz
recursive-graph	document	APIs/amazonaws.com/robomaker/2018-06-29/openapi.yaml	census 1083	enumeration.tsv.gz
recursive-graph	document	APIs/amazonaws.com/rolesanywhere/2018-05-10/openapi.yaml	census 242	enumeration.tsv.gz
recursive-graph	document	APIs/amazonaws.com/route53-recovery-cluster/2019-12-02/openapi.yaml	census 59	enumeration.tsv.gz
recursive-graph	document	APIs/amazonaws.com/route53-recovery-control-config/2020-11-02/openapi.yaml	census 265	enumeration.tsv.gz
recursive-graph	document	APIs/amazonaws.com/route53-recovery-readiness/2019-12-02/openapi.yaml	census 351	enumeration.tsv.gz
recursive-graph	document	APIs/amazonaws.com/route53/2013-04-01/openapi.yaml	census 749	enumeration.tsv.gz
recursive-graph	document	APIs/amazonaws.com/route53domains/2014-05-15/openapi.yaml	census 412	enumeration.tsv.gz
recursive-graph	document	APIs/amazonaws.com/route53resolver/2018-04-01/openapi.yaml	census 979	enumeration.tsv.gz
recursive-graph	document	APIs/amazonaws.com/rum/2018-05-10/openapi.yaml	census 270	enumeration.tsv.gz
recursive-graph	document	APIs/amazonaws.com/runtime.lex.v2/2020-08-07/openapi.yaml	census 142	enumeration.tsv.gz
recursive-graph	document	APIs/amazonaws.com/runtime.lex/2016-11-28/openapi.yaml	census 130	enumeration.tsv.gz
recursive-graph	document	APIs/amazonaws.com/runtime.sagemaker/2017-05-13/openapi.yaml	census 14	enumeration.tsv.gz
recursive-graph	document	APIs/amazonaws.com/s3/2006-03-01/openapi.yaml	census 768	enumeration.tsv.gz
recursive-graph	document	APIs/amazonaws.com/s3control/2018-08-20/openapi.yaml	census 589	enumeration.tsv.gz
recursive-graph	document	APIs/amazonaws.com/s3outposts/2017-07-25/openapi.yaml	census 65	enumeration.tsv.gz
recursive-graph	document	APIs/amazonaws.com/sagemaker-a2i-runtime/2019-11-07/openapi.yaml	census 54	enumeration.tsv.gz
recursive-graph	document	APIs/amazonaws.com/sagemaker-edge/2020-09-23/openapi.yaml	census 64	enumeration.tsv.gz
recursive-graph	document	APIs/amazonaws.com/sagemaker-featurestore-runtime/2020-07-01/openapi.yaml	census 59	enumeration.tsv.gz
recursive-graph	document	APIs/amazonaws.com/sagemaker-geospatial/2020-05-27/openapi.yaml	census 441	enumeration.tsv.gz
recursive-graph	document	APIs/amazonaws.com/sagemaker-metrics/2022-09-30/openapi.yaml	census 13	enumeration.tsv.gz
recursive-graph	document	APIs/amazonaws.com/sagemaker/2017-07-24/openapi.yaml	census 5536	enumeration.tsv.gz
recursive-graph	document	APIs/amazonaws.com/savingsplans/2019-06-28/openapi.yaml	census 210	enumeration.tsv.gz
recursive-graph	document	APIs/amazonaws.com/scheduler/2021-06-30/openapi.yaml	census 223	enumeration.tsv.gz
recursive-graph	document	APIs/amazonaws.com/schemas/2019-12-02/openapi.yaml	census 353	enumeration.tsv.gz
recursive-graph	document	APIs/amazonaws.com/sdb/2009-04-15/openapi.yaml	census 139	enumeration.tsv.gz
recursive-graph	document	APIs/amazonaws.com/secretsmanager/2017-10-17/openapi.yaml	census 341	enumeration.tsv.gz
recursive-graph	document	APIs/amazonaws.com/securityhub/2018-10-26/openapi.yaml	census 4164	enumeration.tsv.gz
recursive-graph	document	APIs/amazonaws.com/securitylake/2018-05-10/openapi.yaml	census 421	enumeration.tsv.gz
recursive-graph	document	APIs/amazonaws.com/serverlessrepo/2017-09-08/openapi.yaml	census 264	enumeration.tsv.gz
recursive-graph	document	APIs/amazonaws.com/service-quotas/2019-06-24/openapi.yaml	census 286	enumeration.tsv.gz
recursive-graph	document	APIs/amazonaws.com/servicecatalog-appregistry/2020-06-24/openapi.yaml	census 230	enumeration.tsv.gz
recursive-graph	document	APIs/amazonaws.com/servicecatalog/2015-12-10/openapi.yaml	census 1255	enumeration.tsv.gz
recursive-graph	document	APIs/amazonaws.com/servicediscovery/2017-03-14/openapi.yaml	census 359	enumeration.tsv.gz
recursive-graph	document	APIs/amazonaws.com/sesv2/2019-09-27/openapi.yaml	census 963	enumeration.tsv.gz
recursive-graph	document	APIs/amazonaws.com/shield/2016-06-02/openapi.yaml	census 401	enumeration.tsv.gz
recursive-graph	document	APIs/amazonaws.com/signer/2017-08-25/openapi.yaml	census 290	enumeration.tsv.gz
recursive-graph	document	APIs/amazonaws.com/simspaceweaver/2022-10-28/openapi.yaml	census 187	enumeration.tsv.gz
recursive-graph	document	APIs/amazonaws.com/sms-voice/2018-09-05/openapi.yaml	census 96	enumeration.tsv.gz
recursive-graph	document	APIs/amazonaws.com/sms/2016-10-24/openapi.yaml	census 518	enumeration.tsv.gz
recursive-graph	document	APIs/amazonaws.com/snow-device-management/2021-08-04/openapi.yaml	census 194	enumeration.tsv.gz
recursive-graph	document	APIs/amazonaws.com/snowball/2016-06-30/openapi.yaml	census 401	enumeration.tsv.gz
recursive-graph	document	APIs/amazonaws.com/sns/2010-03-31/openapi.yaml	census 737	enumeration.tsv.gz
recursive-graph	document	APIs/amazonaws.com/sqs/2012-11-05/openapi.yaml	census 292	enumeration.tsv.gz
recursive-graph	document	APIs/amazonaws.com/ssm-contacts/2021-05-03/openapi.yaml	census 591	enumeration.tsv.gz
recursive-graph	document	APIs/amazonaws.com/ssm-incidents/2018-05-10/openapi.yaml	census 471	enumeration.tsv.gz
recursive-graph	document	APIs/amazonaws.com/ssm-sap/2018-05-10/openapi.yaml	census 244	enumeration.tsv.gz
recursive-graph	document	APIs/amazonaws.com/ssm/2014-11-06/openapi.yaml	census 2841	enumeration.tsv.gz
recursive-graph	document	APIs/amazonaws.com/sso-admin/2020-07-20/openapi.yaml	census 493	enumeration.tsv.gz
recursive-graph	document	APIs/amazonaws.com/sso-oidc/2019-06-10/openapi.yaml	census 57	enumeration.tsv.gz
recursive-graph	document	APIs/amazonaws.com/sso/2019-06-10/openapi.yaml	census 34	enumeration.tsv.gz
recursive-graph	document	APIs/amazonaws.com/states/2016-11-23/openapi.yaml	census 580	enumeration.tsv.gz
recursive-graph	document	APIs/amazonaws.com/storagegateway/2013-06-30/openapi.yaml	census 1100	enumeration.tsv.gz
recursive-graph	document	APIs/amazonaws.com/streams.dynamodb/2012-08-10/openapi.yaml	census 93	enumeration.tsv.gz
recursive-graph	document	APIs/amazonaws.com/sts/2011-06-15/openapi.yaml	census 157	enumeration.tsv.gz
recursive-graph	document	APIs/amazonaws.com/support-app/2021-08-20/openapi.yaml	census 98	enumeration.tsv.gz
recursive-graph	document	APIs/amazonaws.com/support/2013-04-15/openapi.yaml	census 228	enumeration.tsv.gz
recursive-graph	document	APIs/amazonaws.com/swf/2012-01-25/openapi.yaml	census 753	enumeration.tsv.gz
recursive-graph	document	APIs/amazonaws.com/synthetics/2017-10-11/openapi.yaml	census 293	enumeration.tsv.gz
recursive-graph	document	APIs/amazonaws.com/textract/2018-06-27/openapi.yaml	census 392	enumeration.tsv.gz
recursive-graph	document	APIs/amazonaws.com/timestream-query/2018-11-01/openapi.yaml	census 251	enumeration.tsv.gz
recursive-graph	document	APIs/amazonaws.com/timestream-write/2018-11-01/openapi.yaml	census 339	enumeration.tsv.gz
recursive-graph	document	APIs/amazonaws.com/tnb/2008-10-21/openapi.yaml	census 448	enumeration.tsv.gz
recursive-graph	document	APIs/amazonaws.com/transcribe/2017-10-26/openapi.yaml	census 644	enumeration.tsv.gz
recursive-graph	document	APIs/amazonaws.com/transfer/2018-11-05/openapi.yaml	census 948	enumeration.tsv.gz
recursive-graph	document	APIs/amazonaws.com/translate/2017-07-01/openapi.yaml	census 320	enumeration.tsv.gz
recursive-graph	document	APIs/amazonaws.com/verifiedpermissions/2021-12-01/openapi.yaml	census 433	enumeration.tsv.gz
recursive-graph	document	APIs/amazonaws.com/voice-id/2021-09-27/openapi.yaml	census 490	enumeration.tsv.gz
recursive-graph	document	APIs/amazonaws.com/vpc-lattice/2022-11-30/openapi.yaml	census 807	enumeration.tsv.gz
recursive-graph	document	APIs/amazonaws.com/waf-regional/2016-11-28/openapi.yaml	census 1018	enumeration.tsv.gz
recursive-graph	document	APIs/amazonaws.com/waf/2015-08-24/openapi.yaml	census 983	enumeration.tsv.gz
recursive-graph	document	APIs/amazonaws.com/wafv2/2019-07-29/openapi.yaml	census 1073	enumeration.tsv.gz
recursive-graph	document	APIs/amazonaws.com/wellarchitected/2020-03-31/openapi.yaml	census 911	enumeration.tsv.gz
recursive-graph	document	APIs/amazonaws.com/wisdom/2020-10-19/openapi.yaml	census 370	enumeration.tsv.gz
recursive-graph	document	APIs/amazonaws.com/workdocs/2016-05-01/openapi.yaml	census 602	enumeration.tsv.gz
recursive-graph	document	APIs/amazonaws.com/worklink/2018-09-25/openapi.yaml	census 341	enumeration.tsv.gz
recursive-graph	document	APIs/amazonaws.com/workmail/2017-10-01/openapi.yaml	census 1066	enumeration.tsv.gz
recursive-graph	document	APIs/amazonaws.com/workmailmessageflow/2019-05-01/openapi.yaml	census 14	enumeration.tsv.gz
recursive-graph	document	APIs/amazonaws.com/workspaces-web/2020-07-08/openapi.yaml	census 633	enumeration.tsv.gz
recursive-graph	document	APIs/amazonaws.com/workspaces/2015-04-08/openapi.yaml	census 847	enumeration.tsv.gz
recursive-graph	document	APIs/amazonaws.com/xray/2016-04-12/openapi.yaml	census 574	enumeration.tsv.gz
recursive-graph	document	APIs/amentum.space/gravity/1.1.1/openapi.yaml	census 2	enumeration.tsv.gz
recursive-graph	document	APIs/amentum.space/space_radiation/1.1.2/openapi.yaml	census 3	enumeration.tsv.gz
recursive-graph	document	APIs/anchore.io/0.1.20/openapi.yaml	census 292	enumeration.tsv.gz
recursive-graph	document	APIs/apache.org/airflow/2.5.3/openapi.yaml	census 176	enumeration.tsv.gz
recursive-graph	document	APIs/apache.org/qakka/v1/openapi.yaml	census 11	enumeration.tsv.gz
recursive-graph	document	APIs/apacta.com/0.0.42/openapi.yaml	census 677	enumeration.tsv.gz
recursive-graph	document	APIs/api.gov.uk/vehicle-enquiry/1.1.0/openapi.yaml	census 7	enumeration.tsv.gz
recursive-graph	document	APIs/api.video/1/openapi.yaml	census 157	enumeration.tsv.gz
recursive-graph	document	APIs/api2cart.com/1.1/openapi.yaml	census 246	enumeration.tsv.gz
recursive-graph	document	APIs/api2pdf.com/1.0.0/openapi.yaml	census 26	enumeration.tsv.gz
recursive-graph	document	APIs/apicurio.local/registry/1.3.2.Final/openapi.yaml	census 42	enumeration.tsv.gz
recursive-graph	document	APIs/apicurio.local/registry/2.4.x/openapi.yaml	census 165	enumeration.tsv.gz
recursive-graph	document	APIs/apidapp.com/2019-02-14T164701Z/openapi.yaml	census 54	enumeration.tsv.gz
recursive-graph	document	APIs/apideck.com/accounting/10.0.0/openapi.yaml	census 471	enumeration.tsv.gz
recursive-graph	document	APIs/apideck.com/ats/10.0.0/openapi.yaml	census 121	enumeration.tsv.gz
recursive-graph	document	APIs/apideck.com/connector/10.0.0/openapi.yaml	census 80	enumeration.tsv.gz
recursive-graph	document	APIs/apideck.com/crm/10.0.0/openapi.yaml	census 182	enumeration.tsv.gz
recursive-graph	document	APIs/apideck.com/customer-support/9.5.0/openapi.yaml	census 61	enumeration.tsv.gz
recursive-graph	document	APIs/apideck.com/ecommerce/10.0.0/openapi.yaml	census 98	enumeration.tsv.gz
recursive-graph	document	APIs/apideck.com/ecosystem/0.0.6/openapi.yaml	census 54	enumeration.tsv.gz
recursive-graph	document	APIs/apideck.com/file-storage/10.0.0/openapi.yaml	census 148	enumeration.tsv.gz
recursive-graph	document	APIs/apideck.com/hris/10.0.0/openapi.yaml	census 206	enumeration.tsv.gz
recursive-graph	document	APIs/apideck.com/issue-tracking/10.0.0/openapi.yaml	census 89	enumeration.tsv.gz
recursive-graph	document	APIs/apideck.com/lead/10.0.0/openapi.yaml	census 37	enumeration.tsv.gz
recursive-graph	document	APIs/apideck.com/pos/10.0.0/openapi.yaml	census 277	enumeration.tsv.gz
recursive-graph	document	APIs/apideck.com/sms/10.0.0/openapi.yaml	census 24	enumeration.tsv.gz
recursive-graph	document	APIs/apideck.com/vault/10.0.0/openapi.yaml	census 85	enumeration.tsv.gz
recursive-graph	document	APIs/apideck.com/webhook/10.0.0/openapi.yaml	census 56	enumeration.tsv.gz
recursive-graph	document	APIs/apigee.local/registry/0.0.1/openapi.yaml	census 85	enumeration.tsv.gz
recursive-graph	document	APIs/apigee.net/marketcheck-cars/2.01/openapi.yaml	census 432	enumeration.tsv.gz
recursive-graph	document	APIs/apis.guru/2.2.0/openapi.yaml	census 7	enumeration.tsv.gz
recursive-graph	document	APIs/apisetu.gov.in/aaharjh/3.0.0/openapi.yaml	census 1	enumeration.tsv.gz
recursive-graph	document	APIs/apisetu.gov.in/acko/3.0.0/openapi.yaml	census 3	enumeration.tsv.gz
recursive-graph	document	APIs/apisetu.gov.in/agtripura/3.0.0/openapi.yaml	census 2	enumeration.tsv.gz
recursive-graph	document	APIs/apisetu.gov.in/aharakar/3.0.0/openapi.yaml	census 1	enumeration.tsv.gz
recursive-graph	document	APIs/apisetu.gov.in/aiimsmangalagiri/3.0.0/openapi.yaml	census 1	enumeration.tsv.gz
recursive-graph	document	APIs/apisetu.gov.in/aiimspatna/3.0.0/openapi.yaml	census 1	enumeration.tsv.gz
recursive-graph	document	APIs/apisetu.gov.in/aiimsrishikesh/3.0.0/openapi.yaml	census 1	enumeration.tsv.gz
recursive-graph	document	APIs/apisetu.gov.in/aktu/3.0.0/openapi.yaml	census 2	enumeration.tsv.gz
recursive-graph	document	APIs/apisetu.gov.in/apmcservices/3.0.0/openapi.yaml	census 1	enumeration.tsv.gz
recursive-graph	document	APIs/apisetu.gov.in/asrb/3.0.0/openapi.yaml	census 1	enumeration.tsv.gz
recursive-graph	document	APIs/apisetu.gov.in/bajajallianz/3.0.0/openapi.yaml	census 7	enumeration.tsv.gz
recursive-graph	document	APIs/apisetu.gov.in/bajajallianzlife/3.0.0/openapi.yaml	census 1	enumeration.tsv.gz
recursive-graph	document	APIs/apisetu.gov.in/barti/3.0.0/openapi.yaml	census 1	enumeration.tsv.gz
recursive-graph	document	APIs/apisetu.gov.in/bharatpetroleum/3.0.0/openapi.yaml	census 1	enumeration.tsv.gz
recursive-graph	document	APIs/apisetu.gov.in/bhartiaxagi/3.0.0/openapi.yaml	census 5	enumeration.tsv.gz
recursive-graph	document	APIs/apisetu.gov.in/bhavishya/3.0.0/openapi.yaml	census 1	enumeration.tsv.gz
recursive-graph	document	APIs/apisetu.gov.in/biharboard/3.0.0/openapi.yaml	census 2	enumeration.tsv.gz
recursive-graph	document	APIs/apisetu.gov.in/bput/3.0.0/openapi.yaml	census 1	enumeration.tsv.gz
recursive-graph	document	APIs/apisetu.gov.in/bsehr/3.0.0/openapi.yaml	census 2	enumeration.tsv.gz
recursive-graph	document	APIs/apisetu.gov.in/cbse/3.0.0/openapi.yaml	census 18	enumeration.tsv.gz
recursive-graph	document	APIs/apisetu.gov.in/cgbse/3.0.0/openapi.yaml	census 2	enumeration.tsv.gz
recursive-graph	document	APIs/apisetu.gov.in/chennaicorp/3.0.0/openapi.yaml	census 2	enumeration.tsv.gz
recursive-graph	document	APIs/apisetu.gov.in/chitkarauniversity/3.0.0/openapi.yaml	census 1	enumeration.tsv.gz
recursive-graph	document	APIs/apisetu.gov.in/cholainsurance/3.0.0/openapi.yaml	census 2	enumeration.tsv.gz
recursive-graph	document	APIs/apisetu.gov.in/cisce/3.0.0/openapi.yaml	census 5	enumeration.tsv.gz
recursive-graph	document	APIs/apisetu.gov.in/civilsupplieskerala/3.0.0/openapi.yaml	census 1	enumeration.tsv.gz
recursive-graph	document	APIs/apisetu.gov.in/cpctmp/3.0.0/openapi.yaml	census 1	enumeration.tsv.gz
recursive-graph	document	APIs/apisetu.gov.in/csc/3.0.0/openapi.yaml	census 1	enumeration.tsv.gz
recursive-graph	document	APIs/apisetu.gov.in/dbraitandaman/3.0.0/openapi.yaml	census 1	enumeration.tsv.gz
recursive-graph	document	APIs/apisetu.gov.in/dgecerttn/3.0.0/openapi.yaml	census 2	enumeration.tsv.gz
recursive-graph	document	APIs/apisetu.gov.in/dhsekerala/3.0.0/openapi.yaml	census 1	enumeration.tsv.gz
recursive-graph	document	APIs/apisetu.gov.in/ditarunachal/3.0.0/openapi.yaml	census 1	enumeration.tsv.gz
recursive-graph	document	APIs/apisetu.gov.in/ditch/3.0.0/openapi.yaml	census 4	enumeration.tsv.gz
recursive-graph	document	APIs/apisetu.gov.in/dittripura/3.0.0/openapi.yaml	census 18	enumeration.tsv.gz
recursive-graph	document	APIs/apisetu.gov.in/duexam/3.0.0/openapi.yaml	census 1	enumeration.tsv.gz
recursive-graph	document	APIs/apisetu.gov.in/edistrictandaman/3.0.0/openapi.yaml	census 12	enumeration.tsv.gz
recursive-graph	document	APIs/apisetu.gov.in/edistricthp/3.0.0/openapi.yaml	census 32	enumeration.tsv.gz
recursive-graph	document	APIs/apisetu.gov.in/edistrictkerala/3.0.0/openapi.yaml	census 24	enumeration.tsv.gz
recursive-graph	document	APIs/apisetu.gov.in/edistrictodisha/3.0.0/openapi.yaml	census 6	enumeration.tsv.gz
recursive-graph	document	APIs/apisetu.gov.in/edistrictodishasp/3.0.0/openapi.yaml	census 7	enumeration.tsv.gz
recursive-graph	document	APIs/apisetu.gov.in/edistrictpb/3.0.0/openapi.yaml	census 7	enumeration.tsv.gz
recursive-graph	document	APIs/apisetu.gov.in/edistrictup/3.0.0/openapi.yaml	census 7	enumeration.tsv.gz
recursive-graph	document	APIs/apisetu.gov.in/ehimapurtihp/3.0.0/openapi.yaml	census 1	enumeration.tsv.gz
recursive-graph	document	APIs/apisetu.gov.in/enibandhanjh/3.0.0/openapi.yaml	census 3	enumeration.tsv.gz
recursive-graph	document	APIs/apisetu.gov.in/epfindia/3.0.0/openapi.yaml	census 3	enumeration.tsv.gz
recursive-graph	document	APIs/apisetu.gov.in/epramanhp/3.0.0/openapi.yaml	census 14	enumeration.tsv.gz
recursive-graph	document	APIs/apisetu.gov.in/eservicearunachal/3.0.0/openapi.yaml	census 6	enumeration.tsv.gz
recursive-graph	document	APIs/apisetu.gov.in/fsdhr/3.0.0/openapi.yaml	census 1	enumeration.tsv.gz
recursive-graph	document	APIs/apisetu.gov.in/futuregenerali/3.0.0/openapi.yaml	census 5	enumeration.tsv.gz
recursive-graph	document	APIs/apisetu.gov.in/gadbih/3.0.0/openapi.yaml	census 4	enumeration.tsv.gz
recursive-graph	document	APIs/apisetu.gov.in/gauhati/3.0.0/openapi.yaml	census 1	enumeration.tsv.gz
recursive-graph	document	APIs/apisetu.gov.in/gbshse/3.0.0/openapi.yaml	census 1	enumeration.tsv.gz
recursive-graph	document	APIs/apisetu.gov.in/geetanjaliuniv/3.0.0/openapi.yaml	census 1	enumeration.tsv.gz
recursive-graph	document	APIs/apisetu.gov.in/gmch/3.0.0/openapi.yaml	census 1	enumeration.tsv.gz
recursive-graph	document	APIs/apisetu.gov.in/goawrd/3.0.0/openapi.yaml	census 3	enumeration.tsv.gz
recursive-graph	document	APIs/apisetu.gov.in/godigit/3.0.0/openapi.yaml	census 3	enumeration.tsv.gz
recursive-graph	document	APIs/apisetu.gov.in/gujaratvidyapith/3.0.0/openapi.yaml	census 1	enumeration.tsv.gz
recursive-graph	document	APIs/apisetu.gov.in/hindustanpetroleum/3.0.0/openapi.yaml	census 1	enumeration.tsv.gz
recursive-graph	document	APIs/apisetu.gov.in/hpayushboard/3.0.0/openapi.yaml	census 2	enumeration.tsv.gz
recursive-graph	document	APIs/apisetu.gov.in/hpbose/3.0.0/openapi.yaml	census 2	enumeration.tsv.gz
recursive-graph	document	APIs/apisetu.gov.in/hppanchayat/3.0.0/openapi.yaml	census 1	enumeration.tsv.gz
recursive-graph	document	APIs/apisetu.gov.in/hpsbys/3.0.0/openapi.yaml	census 1	enumeration.tsv.gz
recursive-graph	document	APIs/apisetu.gov.in/hpsssb/3.0.0/openapi.yaml	census 1	enumeration.tsv.gz
recursive-graph	document	APIs/apisetu.gov.in/hptechboard/3.0.0/openapi.yaml	census 1	enumeration.tsv.gz
recursive-graph	document	APIs/apisetu.gov.in/hsbte/3.0.0/openapi.yaml	census 1	enumeration.tsv.gz
recursive-graph	document	APIs/apisetu.gov.in/hsscboardmh/3.0.0/openapi.yaml	census 8	enumeration.tsv.gz
recursive-graph	document	APIs/apisetu.gov.in/icicilombard/3.0.0/openapi.yaml	census 7	enumeration.tsv.gz
recursive-graph	document	APIs/apisetu.gov.in/iciciprulife/3.0.0/openapi.yaml	census 1	enumeration.tsv.gz
recursive-graph	document	APIs/apisetu.gov.in/icsi/3.0.0/openapi.yaml	census 2	enumeration.tsv.gz
recursive-graph	document	APIs/apisetu.gov.in/igrmaharashtra/3.0.0/openapi.yaml	census 1	enumeration.tsv.gz
recursive-graph	document	APIs/apisetu.gov.in/insvalsura/3.0.0/openapi.yaml	census 2	enumeration.tsv.gz
recursive-graph	document	APIs/apisetu.gov.in/iocl/3.0.0/openapi.yaml	census 2	enumeration.tsv.gz
recursive-graph	document	APIs/apisetu.gov.in/issuer/3.0.0/openapi.yaml	census 4	enumeration.tsv.gz
recursive-graph	document	APIs/apisetu.gov.in/jac/3.0.0/openapi.yaml	census 4	enumeration.tsv.gz
recursive-graph	document	APIs/apisetu.gov.in/jeecup/3.0.0/openapi.yaml	census 1	enumeration.tsv.gz
recursive-graph	document	APIs/apisetu.gov.in/jharsewa/3.0.0/openapi.yaml	census 7	enumeration.tsv.gz
recursive-graph	document	APIs/apisetu.gov.in/jnrmand/3.0.0/openapi.yaml	census 1	enumeration.tsv.gz
recursive-graph	document	APIs/apisetu.gov.in/juit/3.0.0/openapi.yaml	census 1	enumeration.tsv.gz
recursive-graph	document	APIs/apisetu.gov.in/keralapsc/3.0.0/openapi.yaml	census 1	enumeration.tsv.gz
recursive-graph	document	APIs/apisetu.gov.in/kiadb/3.0.0/openapi.yaml	census 8	enumeration.tsv.gz
recursive-graph	document	APIs/apisetu.gov.in/kkhsou/3.0.0/openapi.yaml	census 1	enumeration.tsv.gz
recursive-graph	document	APIs/apisetu.gov.in/kotakgeneralinsurance/3.0.0/openapi.yaml	census 6	enumeration.tsv.gz
recursive-graph	document	APIs/apisetu.gov.in/kseebkr/3.0.0/openapi.yaml	census 1	enumeration.tsv.gz
recursive-graph	document	APIs/apisetu.gov.in/ktech/3.0.0/openapi.yaml	census 2	enumeration.tsv.gz
recursive-graph	document	APIs/apisetu.gov.in/labourbih/3.0.0/openapi.yaml	census 7	enumeration.tsv.gz
recursive-graph	document	APIs/apisetu.gov.in/landrecordskar/3.0.0/openapi.yaml	census 4	enumeration.tsv.gz
recursive-graph	document	APIs/apisetu.gov.in/lawcollegeandaman/3.0.0/openapi.yaml	census 1	enumeration.tsv.gz
recursive-graph	document	APIs/apisetu.gov.in/legalmetrologyup/3.0.0/openapi.yaml	census 4	enumeration.tsv.gz
recursive-graph	document	APIs/apisetu.gov.in/licindia/3.0.0/openapi.yaml	census 1	enumeration.tsv.gz
recursive-graph	document	APIs/apisetu.gov.in/maxlifeinsurance/3.0.0/openapi.yaml	census 1	enumeration.tsv.gz
recursive-graph	document	APIs/apisetu.gov.in/mbose/3.0.0/openapi.yaml	census 2	enumeration.tsv.gz
recursive-graph	document	APIs/apisetu.gov.in/mbse/3.0.0/openapi.yaml	census 4	enumeration.tsv.gz
recursive-graph	document	APIs/apisetu.gov.in/mcimindia/3.0.0/openapi.yaml	census 2	enumeration.tsv.gz
recursive-graph	document	APIs/apisetu.gov.in/meark/3.0.0/openapi.yaml	census 2	enumeration.tsv.gz
recursive-graph	document	APIs/apisetu.gov.in/mizoramlesde/3.0.0/openapi.yaml	census 1	enumeration.tsv.gz
recursive-graph	document	APIs/apisetu.gov.in/mizorampolice/3.0.0/openapi.yaml	census 1	enumeration.tsv.gz
recursive-graph	document	APIs/apisetu.gov.in/mpmsu/3.0.0/openapi.yaml	census 2	enumeration.tsv.gz
recursive-graph	document	APIs/apisetu.gov.in/mppmc/3.0.0/openapi.yaml	census 1	enumeration.tsv.gz
recursive-graph	document	APIs/apisetu.gov.in/mriu/3.0.0/openapi.yaml	census 1	enumeration.tsv.gz
recursive-graph	document	APIs/apisetu.gov.in/msde/3.0.0/openapi.yaml	census 1	enumeration.tsv.gz
recursive-graph	document	APIs/apisetu.gov.in/municipaladmin/3.0.0/openapi.yaml	census 4	enumeration.tsv.gz
recursive-graph	document	APIs/apisetu.gov.in/nationalinsurance/3.0.0/openapi.yaml	census 10	enumeration.tsv.gz
recursive-graph	document	APIs/apisetu.gov.in/ncert/3.0.0/openapi.yaml	census 1	enumeration.tsv.gz
recursive-graph	document	APIs/apisetu.gov.in/negd/3.0.0/openapi.yaml	census 1	enumeration.tsv.gz
recursive-graph	document	APIs/apisetu.gov.in/neilit/3.0.0/openapi.yaml	census 1	enumeration.tsv.gz
recursive-graph	document	APIs/apisetu.gov.in/newindia/3.0.0/openapi.yaml	census 7	enumeration.tsv.gz
recursive-graph	document	APIs/apisetu.gov.in/niesbud/3.0.0/openapi.yaml	census 1	enumeration.tsv.gz
recursive-graph	document	APIs/apisetu.gov.in/nios/3.0.0/openapi.yaml	census 6	enumeration.tsv.gz
recursive-graph	document	APIs/apisetu.gov.in/nitap/3.0.0/openapi.yaml	census 1	enumeration.tsv.gz
recursive-graph	document	APIs/apisetu.gov.in/nitp/3.0.0/openapi.yaml	census 1	enumeration.tsv.gz
recursive-graph	document	APIs/apisetu.gov.in/npsailu/3.0.0/openapi.yaml	census 1	enumeration.tsv.gz
recursive-graph	document	APIs/apisetu.gov.in/nsdcindia/3.0.0/openapi.yaml	census 2	enumeration.tsv.gz
recursive-graph	document	APIs/apisetu.gov.in/orientalinsurance/3.0.0/openapi.yaml	census 10	enumeration.tsv.gz
recursive-graph	document	APIs/apisetu.gov.in/pan/3.0.0/openapi.yaml	census 2	enumeration.tsv.gz
recursive-graph	document	APIs/apisetu.gov.in/pareekshabhavanker/3.0.0/openapi.yaml	census 1	enumeration.tsv.gz
recursive-graph	document	APIs/apisetu.gov.in/pblabour/3.0.0/openapi.yaml	census 3	enumeration.tsv.gz
recursive-graph	document	APIs/apisetu.gov.in/pgimer/3.0.0/openapi.yaml	census 1	enumeration.tsv.gz
recursive-graph	document	APIs/apisetu.gov.in/phedharyana/3.0.0/openapi.yaml	census 3	enumeration.tsv.gz
recursive-graph	document	APIs/apisetu.gov.in/pmjay/3.0.0/openapi.yaml	census 1	enumeration.tsv.gz
recursive-graph	document	APIs/apisetu.gov.in/pramericalife/3.0.0/openapi.yaml	census 1	enumeration.tsv.gz
recursive-graph	document	APIs/apisetu.gov.in/pseb/3.0.0/openapi.yaml	census 5	enumeration.tsv.gz
recursive-graph	document	APIs/apisetu.gov.in/puekar/3.0.0/openapi.yaml	census 1	enumeration.tsv.gz
recursive-graph	document	APIs/apisetu.gov.in/punjabteched/3.0.0/openapi.yaml	census 1	enumeration.tsv.gz
recursive-graph	document	APIs/apisetu.gov.in/rajasthandsa/3.0.0/openapi.yaml	census 1	enumeration.tsv.gz
recursive-graph	document	APIs/apisetu.gov.in/rajasthanrajeduboard/3.0.0/openapi.yaml	census 2	enumeration.tsv.gz
recursive-graph	document	APIs/apisetu.gov.in/reliancegeneral/3.0.0/openapi.yaml	census 6	enumeration.tsv.gz
recursive-graph	document	APIs/apisetu.gov.in/revenueassam/3.0.0/openapi.yaml	census 1	enumeration.tsv.gz
recursive-graph	document	APIs/apisetu.gov.in/revenueodisha/3.0.0/openapi.yaml	census 2	enumeration.tsv.gz
recursive-graph	document	APIs/apisetu.gov.in/sainikwelfarepud/3.0.0/openapi.yaml	census 1	enumeration.tsv.gz
recursive-graph	document	APIs/apisetu.gov.in/saralharyana/3.0.0/openapi.yaml	census 1	enumeration.tsv.gz
recursive-graph	document	APIs/apisetu.gov.in/sbigeneral/3.0.0/openapi.yaml	census 5	enumeration.tsv.gz
recursive-graph	document	APIs/apisetu.gov.in/scvtup/3.0.0/openapi.yaml	census 2	enumeration.tsv.gz
recursive-graph	document	APIs/apisetu.gov.in/sebaonline/3.0.0/openapi.yaml	census 1	enumeration.tsv.gz
recursive-graph	document	APIs/apisetu.gov.in/statisticsrajasthan/3.0.0/openapi.yaml	census 3	enumeration.tsv.gz
recursive-graph	document	APIs/apisetu.gov.in/swavlambancard/3.0.0/openapi.yaml	census 3	enumeration.tsv.gz
recursive-graph	document	APIs/apisetu.gov.in/tataaia/3.0.0/openapi.yaml	census 2	enumeration.tsv.gz
recursive-graph	document	APIs/apisetu.gov.in/tataaig/3.0.0/openapi.yaml	census 1	enumeration.tsv.gz
recursive-graph	document	APIs/apisetu.gov.in/tbse/3.0.0/openapi.yaml	census 1	enumeration.tsv.gz
recursive-graph	document	APIs/apisetu.gov.in/transport/3.0.0/openapi.yaml	census 8	enumeration.tsv.gz
recursive-graph	document	APIs/apisetu.gov.in/transportan/3.0.0/openapi.yaml	census 4	enumeration.tsv.gz
recursive-graph	document	APIs/apisetu.gov.in/transportap/3.0.0/openapi.yaml	census 4	enumeration.tsv.gz
recursive-graph	document	APIs/apisetu.gov.in/transportar/3.0.0/openapi.yaml	census 4	enumeration.tsv.gz
recursive-graph	document	APIs/apisetu.gov.in/transportas/3.0.0/openapi.yaml	census 4	enumeration.tsv.gz
recursive-graph	document	APIs/apisetu.gov.in/transportbr/3.0.0/openapi.yaml	census 4	enumeration.tsv.gz
recursive-graph	document	APIs/apisetu.gov.in/transportcg/3.0.0/openapi.yaml	census 4	enumeration.tsv.gz
recursive-graph	document	APIs/apisetu.gov.in/transportdd/3.0.0/openapi.yaml	census 4	enumeration.tsv.gz
recursive-graph	document	APIs/apisetu.gov.in/transportdh/3.0.0/openapi.yaml	census 4	enumeration.tsv.gz
recursive-graph	document	APIs/apisetu.gov.in/transportdl/3.0.0/openapi.yaml	census 4	enumeration.tsv.gz
recursive-graph	document	APIs/apisetu.gov.in/transportga/3.0.0/openapi.yaml	census 4	enumeration.tsv.gz
recursive-graph	document	APIs/apisetu.gov.in/transportgj/3.0.0/openapi.yaml	census 4	enumeration.tsv.gz
recursive-graph	document	APIs/apisetu.gov.in/transporthp/3.0.0/openapi.yaml	census 4	enumeration.tsv.gz
recursive-graph	document	APIs/apisetu.gov.in/transporthr/3.0.0/openapi.yaml	census 4	enumeration.tsv.gz
recursive-graph	document	APIs/apisetu.gov.in/transportjh/3.0.0/openapi.yaml	census 4	enumeration.tsv.gz
recursive-graph	document	APIs/apisetu.gov.in/transportjk/3.0.0/openapi.yaml	census 4	enumeration.tsv.gz
recursive-graph	document	APIs/apisetu.gov.in/transportka/3.0.0/openapi.yaml	census 4	enumeration.tsv.gz
recursive-graph	document	APIs/apisetu.gov.in/transportkl/3.0.0/openapi.yaml	census 4	enumeration.tsv.gz
recursive-graph	document	APIs/apisetu.gov.in/transportld/3.0.0/openapi.yaml	census 4	enumeration.tsv.gz
recursive-graph	document	APIs/apisetu.gov.in/transportmh/3.0.0/openapi.yaml	census 4	enumeration.tsv.gz
recursive-graph	document	APIs/apisetu.gov.in/transportml/3.0.0/openapi.yaml	census 4	enumeration.tsv.gz
recursive-graph	document	APIs/apisetu.gov.in/transportmn/3.0.0/openapi.yaml	census 4	enumeration.tsv.gz
recursive-graph	document	APIs/apisetu.gov.in/transportmp/3.0.0/openapi.yaml	census 4	enumeration.tsv.gz
recursive-graph	document	APIs/apisetu.gov.in/transportmz/3.0.0/openapi.yaml	census 4	enumeration.tsv.gz
recursive-graph	document	APIs/apisetu.gov.in/transportnl/3.0.0/openapi.yaml	census 4	enumeration.tsv.gz
recursive-graph	document	APIs/apisetu.gov.in/transportod/3.0.0/openapi.yaml	census 4	enumeration.tsv.gz
recursive-graph	document	APIs/apisetu.gov.in/transportpb/3.0.0/openapi.yaml	census 4	enumeration.tsv.gz
recursive-graph	document	APIs/apisetu.gov.in/transportpy/3.0.0/openapi.yaml	census 4	enumeration.tsv.gz
recursive-graph	document	APIs/apisetu.gov.in/transportrj/3.0.0/openapi.yaml	census 4	enumeration.tsv.gz
recursive-graph	document	APIs/apisetu.gov.in/transportsk/3.0.0/openapi.yaml	census 4	enumeration.tsv.gz
recursive-graph	document	APIs/apisetu.gov.in/transporttn/3.0.0/openapi.yaml	census 4	enumeration.tsv.gz
recursive-graph	document	APIs/apisetu.gov.in/transporttr/3.0.0/openapi.yaml	census 4	enumeration.tsv.gz
recursive-graph	document	APIs/apisetu.gov.in/transportts/3.0.0/openapi.yaml	census 4	enumeration.tsv.gz
recursive-graph	document	APIs/apisetu.gov.in/transportuk/3.0.0/openapi.yaml	census 4	enumeration.tsv.gz
recursive-graph	document	APIs/apisetu.gov.in/transportup/3.0.0/openapi.yaml	census 4	enumeration.tsv.gz
recursive-graph	document	APIs/apisetu.gov.in/transportwb/3.0.0/openapi.yaml	census 4	enumeration.tsv.gz
recursive-graph	document	APIs/apisetu.gov.in/ubseuk/3.0.0/openapi.yaml	census 3	enumeration.tsv.gz
recursive-graph	document	APIs/apisetu.gov.in/ucobank/3.0.0/openapi.yaml	census 1	enumeration.tsv.gz
recursive-graph	document	APIs/apisetu.gov.in/uiic/3.0.0/openapi.yaml	census 2	enumeration.tsv.gz
recursive-graph	document	APIs/apisetu.gov.in/upmsp/3.0.0/openapi.yaml	census 2	enumeration.tsv.gz
recursive-graph	document	APIs/apisetu.gov.in/vhseker/3.0.0/openapi.yaml	census 1	enumeration.tsv.gz
recursive-graph	document	APIs/apisetu.gov.in/vssut/3.0.0/openapi.yaml	census 1	enumeration.tsv.gz
recursive-graph	document	APIs/apispot.io/whois/2.0/openapi.yaml	census 4	enumeration.tsv.gz
recursive-graph	document	APIs/apiz.ebay.com/commerce-identity/v1.1.0/openapi.yaml	census 11	enumeration.tsv.gz
recursive-graph	document	APIs/apiz.ebay.com/sell-finances/v1.15.0/openapi.yaml	census 50	enumeration.tsv.gz
recursive-graph	document	APIs/appcenter.ms/v0.1/openapi.yaml	census 17	enumeration.tsv.gz
recursive-graph	document	APIs/apple.com/app-store-connect/1.4.1/openapi.yaml	census 1584	enumeration.tsv.gz
recursive-graph	document	APIs/apple.com/sirikit-cloud-media/1.0.2/openapi.yaml	census 157	enumeration.tsv.gz
recursive-graph	document	APIs/apptigent.com/2021.1.01/openapi.yaml	census 258	enumeration.tsv.gz
recursive-graph	document	APIs/appwrite.io/client/0.9.3/openapi.yaml	census 61	enumeration.tsv.gz
recursive-graph	document	APIs/appwrite.io/server/0.9.3/openapi.yaml	census 82	enumeration.tsv.gz
recursive-graph	document	APIs/archive.org/search/1.0.0/openapi.yaml	census 14	enumeration.tsv.gz
recursive-graph	document	APIs/archive.org/wayback/1.0.0/openapi.yaml	census 12	enumeration.tsv.gz
recursive-graph	document	APIs/arespass.net/1.0/openapi.yaml	census 6	enumeration.tsv.gz
recursive-graph	document	APIs/art19.com/1.0.0/openapi.yaml	census 85	enumeration.tsv.gz
recursive-graph	document	APIs/asana.com/1.0/openapi.yaml	census 491	enumeration.tsv.gz
recursive-graph	document	APIs/asuarez.dev/searchly/1.0/openapi.yaml	census 3	enumeration.tsv.gz
recursive-graph	document	APIs/atlassian.com/jira/1001.0.0-SNAPSHOT/openapi.yaml	census 1186	enumeration.tsv.gz
recursive-graph	document	APIs/ato.gov.au/0.0.6/openapi.yaml	census 115	enumeration.tsv.gz
recursive-graph	document	APIs/authentiq.io/1.0/openapi.yaml	census 23	enumeration.tsv.gz
recursive-graph	document	APIs/autodealerdata.com/1.0/openapi.yaml	census 85	enumeration.tsv.gz
recursive-graph	document	APIs/axesso.de/1.0.0/openapi.yaml	census 4	enumeration.tsv.gz
recursive-graph	document	APIs/bbc.com/1.0.0/openapi.yaml	census 572	enumeration.tsv.gz
recursive-graph	document	APIs/bbci.co.uk/1.0/openapi.yaml	census 48	enumeration.tsv.gz
recursive-graph	document	APIs/beezup.com/2.0/openapi.yaml	census 1724	enumeration.tsv.gz
recursive-graph	document	APIs/betfair.com/1.0.1423/openapi.yaml	census 32	enumeration.tsv.gz
recursive-graph	document	APIs/bhagavadgita.io/1.0/openapi.yaml	census 5	enumeration.tsv.gz
recursive-graph	document	APIs/biapi.pro/2.0/openapi.yaml	census 140	enumeration.tsv.gz
recursive-graph	document	APIs/bigoven.com/partner/openapi.yaml	census 380	enumeration.tsv.gz
recursive-graph	document	APIs/bigredcloud.com/v1/openapi.yaml	census 456	enumeration.tsv.gz
recursive-graph	document	APIs/billbee.io/v1/openapi.yaml	census 376	enumeration.tsv.gz
recursive-graph	document	APIs/billingo.hu/3.0.7/openapi.yaml	census 91	enumeration.tsv.gz
recursive-graph	document	APIs/bintable.com/1.0.0-oas3/openapi.yaml	census 2	enumeration.tsv.gz
recursive-graph	document	APIs/bitbucket.org/2.0/openapi.yaml	census 1035	enumeration.tsv.gz
recursive-graph	document	APIs/bkk.hu/1.0.1/openapi.yaml	census 227	enumeration.tsv.gz
recursive-graph	document	APIs/bluemix.net/containers/3.0.0/openapi.yaml	census 51	enumeration.tsv.gz
recursive-graph	document	APIs/botify.com/1.0.0/openapi.yaml	census 79	enumeration.tsv.gz
recursive-graph	document	APIs/botschaft.local/0.1.0/openapi.yaml	census 16	enumeration.tsv.gz
recursive-graph	document	APIs/box.com/2.0.0/openapi.yaml	census 1136	enumeration.tsv.gz
recursive-graph	document	APIs/breadcrumbs.one/v1/openapi.yaml	census 29	enumeration.tsv.gz
recursive-graph	document	APIs/brex.io/2021.12/openapi.yaml	census 13	enumeration.tsv.gz
recursive-graph	document	APIs/britbox.co.uk/3.730.300-ref-1-39-0/openapi.yaml	census 895	enumeration.tsv.gz
recursive-graph	document	APIs/bulksms.com/1.0.0/openapi.yaml	census 24	enumeration.tsv.gz
recursive-graph	document	APIs/bungie.net/2.18.0/openapi.yaml	census 992	enumeration.tsv.gz
recursive-graph	document	APIs/bunq.com/1.0/openapi.yaml	census 1646	enumeration.tsv.gz
recursive-graph	document	APIs/byautomata.io/1.0.1/openapi.yaml	census 10	enumeration.tsv.gz
recursive-graph	document	APIs/c19qrserver.local/1.1/openapi.yaml	census 13	enumeration.tsv.gz
recursive-graph	document	APIs/callfire.com/V2/openapi.yaml	census 951	enumeration.tsv.gz
recursive-graph	document	APIs/canada-holidays.ca/1.8.0/openapi.yaml	census 9	enumeration.tsv.gz
recursive-graph	document	APIs/cdcgov.local/prime-data-hub/0.2.0-oas3/openapi.yaml	census 39	enumeration.tsv.gz
recursive-graph	document	APIs/chaingateway.io/1.0/openapi.yaml	census 45	enumeration.tsv.gz
recursive-graph	document	APIs/chompthis.com/1.0.0-oas3/openapi.yaml	census 2	enumeration.tsv.gz
recursive-graph	document	APIs/circleci.com/v1/openapi.yaml	census 61	enumeration.tsv.gz
recursive-graph	document	APIs/circuitsandbox.net/2.9.235/openapi.yaml	census 201	enumeration.tsv.gz
recursive-graph	document	APIs/clever-cloud.com/1.0.0/openapi.yaml	census 167	enumeration.tsv.gz
recursive-graph	document	APIs/clever.com/1.2.0/openapi.yaml	census 77	enumeration.tsv.gz
recursive-graph	document	APIs/clickmeter.com/v2/openapi.yaml	census 472	enumeration.tsv.gz
recursive-graph	document	APIs/climate.com/4.0.11/openapi.yaml	census 77	enumeration.tsv.gz
recursive-graph	document	APIs/climatekuul.com/1.0/openapi.yaml	census 4	enumeration.tsv.gz
recursive-graph	document	APIs/cloudmersive.com/ocr/v1/openapi.yaml	census 79	enumeration.tsv.gz
recursive-graph	document	APIs/cloudrf.com/2.0.0/openapi.yaml	census 20	enumeration.tsv.gz
recursive-graph	document	APIs/codat.io/accounting/2.1.0/openapi.yaml	census 577	enumeration.tsv.gz
recursive-graph	document	APIs/codat.io/assess/1.0/openapi.yaml	census 117	enumeration.tsv.gz
recursive-graph	document	APIs/codat.io/bank-feeds/2.1.0/openapi.yaml	census 49	enumeration.tsv.gz
recursive-graph	document	APIs/codat.io/banking/2.1.0/openapi.yaml	census 41	enumeration.tsv.gz
recursive-graph	document	APIs/codat.io/commerce/2.1.0/openapi.yaml	census 120	enumeration.tsv.gz
recursive-graph	document	APIs/codat.io/sync-for-commerce/1.1/openapi.yaml	census 86	enumeration.tsv.gz
recursive-graph	document	APIs/codat.io/sync-for-expenses/prealpha/openapi.yaml	census 46	enumeration.tsv.gz
recursive-graph	document	APIs/codesearch.debian.net/1.4.0/openapi.yaml	census 3	enumeration.tsv.gz
recursive-graph	document	APIs/collegefootballdata.com/4.4.12/openapi.yaml	census 50	enumeration.tsv.gz
recursive-graph	document	APIs/color.pizza/1.0.0/openapi.yaml	census 29	enumeration.tsv.gz
recursive-graph	document	APIs/combell.com/v2/openapi.yaml	census 119	enumeration.tsv.gz
recursive-graph	document	APIs/configcat.com/v1/openapi.yaml	census 260	enumeration.tsv.gz
recursive-graph	document	APIs/conjur.local/5.3.0/openapi.yaml	census 92	enumeration.tsv.gz
recursive-graph	document	APIs/contentgroove.com/1.0.0/openapi.yaml	census 39	enumeration.tsv.gz
recursive-graph	document	APIs/contract-p.fit/1.0/openapi.yaml	census 198	enumeration.tsv.gz
recursive-graph	document	APIs/contribly.com/1.0.0/openapi.yaml	census 83	enumeration.tsv.gz
recursive-graph	document	APIs/corrently.io/2.0.0/openapi.yaml	census 15	enumeration.tsv.gz
recursive-graph	document	APIs/cowin.gov.cin/cowincert/1.0.0/openapi.yaml	census 1	enumeration.tsv.gz
recursive-graph	document	APIs/cpy.re/peertube/5.1.0/openapi.yaml	census 352	enumeration.tsv.gz
recursive-graph	document	APIs/credas.co.uk/pi/v1/openapi.yaml	census 885	enumeration.tsv.gz
recursive-graph	document	APIs/crediwatch.com/covid19/1.3.0/openapi.yaml	census 17	enumeration.tsv.gz
recursive-graph	document	APIs/crossbrowsertesting.com/3.0.0/openapi.yaml	census 10	enumeration.tsv.gz
recursive-graph	document	APIs/d7networks.com/1.0.2/openapi.yaml	census 3	enumeration.tsv.gz
recursive-graph	document	APIs/daniweb.com/4/openapi.yaml	census 186	enumeration.tsv.gz
recursive-graph	document	APIs/dataflowkit.com/1.3/openapi.yaml	census 17	enumeration.tsv.gz
recursive-graph	document	APIs/deutschebahn.com/reisezentren/v1/openapi.yaml	census 15	enumeration.tsv.gz
recursive-graph	document	APIs/dev.to/1.0.0/openapi.yaml	census 37	enumeration.tsv.gz
recursive-graph	document	APIs/dev.to/chatgpt/v1/openapi.yaml	census 3	enumeration.tsv.gz
recursive-graph	document	APIs/digitallocker.gov.in/authpartner/1.0.0/openapi.yaml	census 67	enumeration.tsv.gz
recursive-graph	document	APIs/digitalnz.org/3/openapi.yaml	census 3	enumeration.tsv.gz
recursive-graph	document	APIs/digitalocean.com/2.0/openapi.yaml	census 397	enumeration.tsv.gz
recursive-graph	document	APIs/dnd5eapi.co/0.1/openapi.yaml	census 217	enumeration.tsv.gz
recursive-graph	document	APIs/docker.com/dvp/1.0.0/openapi.yaml	census 28	enumeration.tsv.gz
recursive-graph	document	APIs/docker.com/engine/1.33/openapi.yaml	census 515	enumeration.tsv.gz
recursive-graph	document	APIs/docker.com/hub/beta/openapi.yaml	census 81	enumeration.tsv.gz
recursive-graph	document	APIs/docusign.net/v2.1/openapi.yaml	census 4734	enumeration.tsv.gz
recursive-graph	document	APIs/dodo.ac/1.6.0/openapi.yaml	census 94	enumeration.tsv.gz
recursive-graph	document	APIs/domainsdb.info/1.0/openapi.yaml	census 16	enumeration.tsv.gz
recursive-graph	document	APIs/doqs.dev/1.0/openapi.yaml	census 77	enumeration.tsv.gz
recursive-graph	document	APIs/dracoon.team/4.42.3/openapi.yaml	census 2101	enumeration.tsv.gz
recursive-graph	document	APIs/drchrono.com/v4 (Hunt Valley)/openapi.yaml	census 167	enumeration.tsv.gz
recursive-graph	document	APIs/e-conomic.com/v20.0.0/openapi.yaml	census 716	enumeration.tsv.gz
recursive-graph	document	APIs/ebay.com/buy-deal/v1.3.0/openapi.yaml	census 27	enumeration.tsv.gz
recursive-graph	document	APIs/ebay.com/buy-feed/v1_beta.34.0/openapi.yaml	census 20	enumeration.tsv.gz
recursive-graph	document	APIs/ebay.com/buy-marketing/v1_beta.2.0/openapi.yaml	census 9	enumeration.tsv.gz
recursive-graph	document	APIs/ebay.com/commerce-catalog/v1_beta.5.0/openapi.yaml	census 13	enumeration.tsv.gz
recursive-graph	document	APIs/ebay.com/commerce-charity/v1.2.1/openapi.yaml	census 8	enumeration.tsv.gz
recursive-graph	document	APIs/ebay.com/commerce-translation/1/openapi.yaml	census 6	enumeration.tsv.gz
recursive-graph	document	APIs/ebay.com/developer-analytics/v1_beta.0.0/openapi.yaml	census 6	enumeration.tsv.gz
recursive-graph	document	APIs/ebay.com/sell-account/v1.9.0/openapi.yaml	census 104	enumeration.tsv.gz
recursive-graph	document	APIs/ebay.com/sell-analytics/1.2.0/openapi.yaml	census 29	enumeration.tsv.gz
recursive-graph	document	APIs/ebay.com/sell-compliance/1.4.1/openapi.yaml	census 13	enumeration.tsv.gz
recursive-graph	document	APIs/ebay.com/sell-feed/v1.3.1/openapi.yaml	census 41	enumeration.tsv.gz
recursive-graph	document	APIs/ebay.com/sell-fulfillment/v1.20.0/openapi.yaml	census 123	enumeration.tsv.gz
recursive-graph	document	APIs/ebay.com/sell-listing/v1_beta.3.0/openapi.yaml	census 10	enumeration.tsv.gz
recursive-graph	document	APIs/ebay.com/sell-logistics/v1_beta.0.0/openapi.yaml	census 38	enumeration.tsv.gz
recursive-graph	document	APIs/ebay.com/sell-marketing/v1.15.0/openapi.yaml	census 208	enumeration.tsv.gz
recursive-graph	document	APIs/ebay.com/sell-metadata/v1.6.0/openapi.yaml	census 30	enumeration.tsv.gz
recursive-graph	document	APIs/ebay.com/sell-negotiation/v1.1.0/openapi.yaml	census 12	enumeration.tsv.gz
recursive-graph	document	APIs/ebay.com/sell-recommendation/1.1.0/openapi.yaml	census 7	enumeration.tsv.gz
recursive-graph	document	APIs/edrv.io/v1/openapi.yaml	census 2	enumeration.tsv.gz
recursive-graph	document	APIs/elevenlabs.io/1.0/openapi.yaml	census 49	enumeration.tsv.gz
recursive-graph	document	APIs/elmah.io/v3/openapi.yaml	census 79	enumeration.tsv.gz
recursive-graph	document	APIs/enode.io/1.3.10/openapi.yaml	census 18	enumeration.tsv.gz
recursive-graph	document	APIs/envoice.in/v1/openapi.yaml	census 443	enumeration.tsv.gz
recursive-graph	document	APIs/eos.local/1.0.0/openapi.yaml	census 12	enumeration.tsv.gz
recursive-graph	document	APIs/etsi.local/MEC010-2_AppPkgMgmt/2.1.1/openapi.yaml	census 109	enumeration.tsv.gz
recursive-graph	document	APIs/exavault.com/2.0/openapi.yaml	census 152	enumeration.tsv.gz
recursive-graph	document	APIs/exlibrisgroup.com/tasklists/1.0/openapi.yaml	census 16	enumeration.tsv.gz
recursive-graph	document	APIs/extendsclass.com/json-storage/0.1/openapi.yaml	census 19	enumeration.tsv.gz
recursive-graph	document	APIs/extpose.com/1.0.0/openapi.yaml	census 1	enumeration.tsv.gz
recursive-graph	document	APIs/exude-api.herokuapp.com/1.0.0/openapi.yaml	census 3	enumeration.tsv.gz
recursive-graph	document	APIs/facecheck.id/v1.02/openapi.yaml	census 10	enumeration.tsv.gz
recursive-graph	document	APIs/fec.gov/1.0/openapi.yaml	census 280	enumeration.tsv.gz
recursive-graph	document	APIs/figshare.com/2.0.0/openapi.yaml	census 303	enumeration.tsv.gz
recursive-graph	document	APIs/files.com/0.0.1/openapi.yaml	census 214	enumeration.tsv.gz
recursive-graph	document	APIs/firmalyzer.com/iotvas/1.0/openapi.yaml	census 25	enumeration.tsv.gz
recursive-graph	document	APIs/flat.io/2.13.0/openapi.yaml	census 325	enumeration.tsv.gz
recursive-graph	document	APIs/flickr.com/1.0.0/openapi.yaml	census 46	enumeration.tsv.gz
recursive-graph	document	APIs/formapi.io/v1/openapi.yaml	census 81	enumeration.tsv.gz
recursive-graph	document	APIs/freetv-app.com/v1/openapi.yaml	census 2	enumeration.tsv.gz
recursive-graph	document	APIs/fulfillment.com/2.0/openapi.yaml	census 29	enumeration.tsv.gz
recursive-graph	document	APIs/gambitcomm.local/mimic/21.00/openapi.yaml	census 44	enumeration.tsv.gz
recursive-graph	document	APIs/gamesparks.net/game-details/v2/openapi.yaml	census 167	enumeration.tsv.gz
recursive-graph	document	APIs/gerermesaffaires.com/1.0.6/openapi.yaml	census 108	enumeration.tsv.gz
recursive-graph	document	APIs/gettyimages.com/3/openapi.yaml	census 247	enumeration.tsv.gz
recursive-graph	document	APIs/giphy.com/1.0/openapi.yaml	census 46	enumeration.tsv.gz
recursive-graph	document	APIs/gitea.io/1.20.0+dev-539-g5e389228f/openapi.yaml	census 430	enumeration.tsv.gz
recursive-graph	document	APIs/github.com/api.github.com.2022-11-28/1.1.4/openapi.yaml	census 2411	enumeration.tsv.gz
recursive-graph	document	APIs/github.com/api.github.com/1.1.4/openapi.yaml	census 2411	enumeration.tsv.gz
recursive-graph	document	APIs/github.com/ghec.2022-11-28/1.1.4/openapi.yaml	census 2502	enumeration.tsv.gz
recursive-graph	document	APIs/github.com/ghec/1.1.4/openapi.yaml	census 2502	enumeration.tsv.gz
recursive-graph	document	APIs/github.com/ghes-2.18/1.1.4/openapi.yaml	census 785	enumeration.tsv.gz
recursive-graph	document	APIs/github.com/ghes-2.19/1.1.4/openapi.yaml	census 792	enumeration.tsv.gz
recursive-graph	document	APIs/github.com/ghes-2.20/1.1.4/openapi.yaml	census 796	enumeration.tsv.gz
recursive-graph	document	APIs/github.com/ghes-2.21/1.1.4/openapi.yaml	census 822	enumeration.tsv.gz
recursive-graph	document	APIs/github.com/ghes-2.22/1.1.4/openapi.yaml	census 935	enumeration.tsv.gz
recursive-graph	document	APIs/github.com/ghes-3.0/1.1.4/openapi.yaml	census 1002	enumeration.tsv.gz
recursive-graph	document	APIs/github.com/ghes-3.1/1.1.4/openapi.yaml	census 1027	enumeration.tsv.gz
recursive-graph	document	APIs/github.com/ghes-3.2/1.1.4/openapi.yaml	census 1070	enumeration.tsv.gz
recursive-graph	document	APIs/github.com/ghes-3.3/1.1.4/openapi.yaml	census 1098	enumeration.tsv.gz
recursive-graph	document	APIs/github.com/ghes-3.4/1.1.4/openapi.yaml	census 1129	enumeration.tsv.gz
recursive-graph	document	APIs/github.com/ghes-3.5/1.1.4/openapi.yaml	census 1171	enumeration.tsv.gz
recursive-graph	document	APIs/github.com/ghes-3.6/1.1.4/openapi.yaml	census 1221	enumeration.tsv.gz
recursive-graph	document	APIs/github.com/ghes-3.7/1.1.4/openapi.yaml	census 2350	enumeration.tsv.gz
recursive-graph	document	APIs/github.com/ghes-3.8/1.1.4/openapi.yaml	census 2411	enumeration.tsv.gz
recursive-graph	document	APIs/github.com/github.ae/1.1.4/openapi.yaml	census 2115	enumeration.tsv.gz
recursive-graph	document	APIs/github.com/v0.1/openapi.yaml	census 57	enumeration.tsv.gz
recursive-graph	document	APIs/go-upc.com/1.0.0/openapi.yaml	census 2	enumeration.tsv.gz
recursive-graph	document	APIs/goog.io/0.1.0/openapi.yaml	census 7	enumeration.tsv.gz
recursive-graph	document	APIs/google.com/v3/openapi.yaml	census 80	enumeration.tsv.gz
recursive-graph	document	APIs/google.home/2.0/openapi.yaml	census 71	enumeration.tsv.gz
recursive-graph	document	APIs/googleapis.com/abusiveexperiencereport/v1/openapi.yaml	census 3	enumeration.tsv.gz
recursive-graph	document	APIs/googleapis.com/acceleratedmobilepageurl/v1/openapi.yaml	census 4	enumeration.tsv.gz
recursive-graph	document	APIs/googleapis.com/accessapproval/v1/openapi.yaml	census 19	enumeration.tsv.gz
recursive-graph	document	APIs/googleapis.com/accesscontextmanager/v1/openapi.yaml	census 77	enumeration.tsv.gz
recursive-graph	document	APIs/googleapis.com/accesscontextmanager/v1beta/openapi.yaml	census 25	enumeration.tsv.gz
recursive-graph	document	APIs/googleapis.com/acmedns/v1/openapi.yaml	census 6	enumeration.tsv.gz
recursive-graph	document	APIs/googleapis.com/adexchangebuyer/v1.2/openapi.yaml	census 12	enumeration.tsv.gz
recursive-graph	document	APIs/googleapis.com/adexchangebuyer/v1.3/openapi.yaml	census 34	enumeration.tsv.gz
recursive-graph	document	APIs/googleapis.com/adexchangebuyer/v1.4/openapi.yaml	census 127	enumeration.tsv.gz
recursive-graph	document	APIs/googleapis.com/adexchangebuyer2/v2beta1/openapi.yaml	census 204	enumeration.tsv.gz
recursive-graph	document	APIs/googleapis.com/adexperiencereport/v1/openapi.yaml	census 5	enumeration.tsv.gz
recursive-graph	document	APIs/googleapis.com/admin/datatransfer_v1/openapi.yaml	census 11	enumeration.tsv.gz
recursive-graph	document	APIs/googleapis.com/admin/directory_v1/openapi.yaml	census 198	enumeration.tsv.gz
recursive-graph	document	APIs/googleapis.com/admin/reports_v1/openapi.yaml	census 11	enumeration.tsv.gz
recursive-graph	document	APIs/googleapis.com/admob/v1/openapi.yaml	census 38	enumeration.tsv.gz
recursive-graph	document	APIs/googleapis.com/admob/v1beta/openapi.yaml	census 77	enumeration.tsv.gz
recursive-graph	document	APIs/googleapis.com/adsense/v1.4/openapi.yaml	census 50	enumeration.tsv.gz
recursive-graph	document	APIs/googleapis.com/adsense/v2/openapi.yaml	census 49	enumeration.tsv.gz
recursive-graph	document	APIs/googleapis.com/adsensehost/v4.1/openapi.yaml	census 39	enumeration.tsv.gz
recursive-graph	document	APIs/googleapis.com/advisorynotifications/v1/openapi.yaml	census 14	enumeration.tsv.gz
recursive-graph	document	APIs/googleapis.com/aiplatform/v1/openapi.yaml	census 1094	enumeration.tsv.gz
recursive-graph	document	APIs/googleapis.com/aiplatform/v1beta1/openapi.yaml	census 1155	enumeration.tsv.gz
recursive-graph	document	APIs/googleapis.com/alertcenter/v1beta1/openapi.yaml	census 62	enumeration.tsv.gz
recursive-graph	document	APIs/googleapis.com/alloydb/v1/openapi.yaml	census 100	enumeration.tsv.gz
recursive-graph	document	APIs/googleapis.com/alloydb/v1alpha/openapi.yaml	census 106	enumeration.tsv.gz
recursive-graph	document	APIs/googleapis.com/alloydb/v1beta/openapi.yaml	census 105	enumeration.tsv.gz
recursive-graph	document	APIs/googleapis.com/analytics/v3/openapi.yaml	census 159	enumeration.tsv.gz
recursive-graph	document	APIs/googleapis.com/analyticsadmin/v1alpha/openapi.yaml	census 266	enumeration.tsv.gz
recursive-graph	document	APIs/googleapis.com/analyticsadmin/v1beta/openapi.yaml	census 99	enumeration.tsv.gz
recursive-graph	document	APIs/googleapis.com/analyticsdata/v1beta/openapi.yaml	census 118	enumeration.tsv.gz
recursive-graph	document	APIs/googleapis.com/analyticshub/v1/openapi.yaml	census 50	enumeration.tsv.gz
recursive-graph	document	APIs/googleapis.com/analyticshub/v1beta1/openapi.yaml	census 37	enumeration.tsv.gz
recursive-graph	document	APIs/googleapis.com/analyticsreporting/v4/openapi.yaml	census 61	enumeration.tsv.gz
recursive-graph	document	APIs/googleapis.com/androiddeviceprovisioning/v1/openapi.yaml	census 77	enumeration.tsv.gz
recursive-graph	document	APIs/googleapis.com/androidenterprise/v1/openapi.yaml	census 148	enumeration.tsv.gz
recursive-graph	document	APIs/googleapis.com/androidmanagement/v1/openapi.yaml	census 161	enumeration.tsv.gz
recursive-graph	document	APIs/googleapis.com/androidpublisher/v1.1/openapi.yaml	census 2	enumeration.tsv.gz
recursive-graph	document	APIs/googleapis.com/androidpublisher/v1/openapi.yaml	census 1	enumeration.tsv.gz
recursive-graph	document	APIs/googleapis.com/androidpublisher/v2/openapi.yaml	census 111	enumeration.tsv.gz
recursive-graph	document	APIs/googleapis.com/androidpublisher/v3/openapi.yaml	census 364	enumeration.tsv.gz
recursive-graph	document	APIs/googleapis.com/apigateway/v1/openapi.yaml	census 40	enumeration.tsv.gz
recursive-graph	document	APIs/googleapis.com/apigateway/v1alpha2/openapi.yaml	census 19	enumeration.tsv.gz
recursive-graph	document	APIs/googleapis.com/apigateway/v1beta/openapi.yaml	census 42	enumeration.tsv.gz
recursive-graph	document	APIs/googleapis.com/apigee/v1/openapi.yaml	census 413	enumeration.tsv.gz
recursive-graph	document	APIs/googleapis.com/apigeeregistry/v1/openapi.yaml	census 54	enumeration.tsv.gz
recursive-graph	document	APIs/googleapis.com/apikeys/v2/openapi.yaml	census 20	enumeration.tsv.gz
recursive-graph	document	APIs/googleapis.com/appengine/v1/openapi.yaml	census 116	enumeration.tsv.gz
recursive-graph	document	APIs/googleapis.com/appengine/v1alpha/openapi.yaml	census 41	enumeration.tsv.gz
recursive-graph	document	APIs/googleapis.com/appengine/v1beta/openapi.yaml	census 122	enumeration.tsv.gz
recursive-graph	document	APIs/googleapis.com/apphub/v1/openapi.yaml	census 62	enumeration.tsv.gz
recursive-graph	document	APIs/googleapis.com/apphub/v1alpha/openapi.yaml	census 67	enumeration.tsv.gz
recursive-graph	document	APIs/googleapis.com/appsactivity/v1/openapi.yaml	census 15	enumeration.tsv.gz
recursive-graph	document	APIs/googleapis.com/area120tables/v1alpha1/openapi.yaml	census 31	enumeration.tsv.gz
recursive-graph	document	APIs/googleapis.com/artifactregistry/v1/openapi.yaml	census 98	enumeration.tsv.gz
recursive-graph	document	APIs/googleapis.com/artifactregistry/v1beta1/openapi.yaml	census 31	enumeration.tsv.gz
recursive-graph	document	APIs/googleapis.com/artifactregistry/v1beta2/openapi.yaml	census 54	enumeration.tsv.gz
recursive-graph	document	APIs/googleapis.com/assuredworkloads/v1/openapi.yaml	census 40	enumeration.tsv.gz
recursive-graph	document	APIs/googleapis.com/assuredworkloads/v1beta1/openapi.yaml	census 46	enumeration.tsv.gz
recursive-graph	document	APIs/googleapis.com/authorizedbuyersmarketplace/v1/openapi.yaml	census 104	enumeration.tsv.gz
recursive-graph	document	APIs/googleapis.com/automl/v1beta1/openapi.yaml	census 174	enumeration.tsv.gz
recursive-graph	document	APIs/googleapis.com/backupdr/v1/openapi.yaml	census 27	enumeration.tsv.gz
recursive-graph	document	APIs/googleapis.com/baremetalsolution/v1/openapi.yaml	census 7	enumeration.tsv.gz
recursive-graph	document	APIs/googleapis.com/baremetalsolution/v1alpha1/openapi.yaml	census 14	enumeration.tsv.gz
recursive-graph	document	APIs/googleapis.com/baremetalsolution/v2/openapi.yaml	census 87	enumeration.tsv.gz
recursive-graph	document	APIs/googleapis.com/batch/v1/openapi.yaml	census 73	enumeration.tsv.gz
recursive-graph	document	APIs/googleapis.com/beyondcorp/v1/openapi.yaml	census 53	enumeration.tsv.gz
recursive-graph	document	APIs/googleapis.com/beyondcorp/v1alpha/openapi.yaml	census 112	enumeration.tsv.gz
recursive-graph	document	APIs/googleapis.com/biglake/v1/openapi.yaml	census 22	enumeration.tsv.gz
recursive-graph	document	APIs/googleapis.com/bigquery/v2/openapi.yaml	census 341	enumeration.tsv.gz
recursive-graph	document	APIs/googleapis.com/bigqueryconnection/v1/openapi.yaml	census 36	enumeration.tsv.gz
recursive-graph	document	APIs/googleapis.com/bigqueryconnection/v1beta1/openapi.yaml	census 23	enumeration.tsv.gz
recursive-graph	document	APIs/googleapis.com/bigquerydatapolicy/v1/openapi.yaml	census 23	enumeration.tsv.gz
recursive-graph	document	APIs/googleapis.com/bigquerydatatransfer/v1/openapi.yaml	census 37	enumeration.tsv.gz
recursive-graph	document	APIs/googleapis.com/bigqueryreservation/v1/openapi.yaml	census 31	enumeration.tsv.gz
recursive-graph	document	APIs/googleapis.com/bigqueryreservation/v1beta1/openapi.yaml	census 28	enumeration.tsv.gz
recursive-graph	document	APIs/googleapis.com/bigtableadmin/v2/openapi.yaml	census 103	enumeration.tsv.gz
recursive-graph	document	APIs/googleapis.com/billingbudgets/v1/openapi.yaml	census 17	enumeration.tsv.gz
recursive-graph	document	APIs/googleapis.com/billingbudgets/v1beta1/openapi.yaml	census 19	enumeration.tsv.gz
recursive-graph	document	APIs/googleapis.com/binaryauthorization/v1/openapi.yaml	census 67	enumeration.tsv.gz
recursive-graph	document	APIs/googleapis.com/binaryauthorization/v1beta1/openapi.yaml	census 30	enumeration.tsv.gz
recursive-graph	document	APIs/googleapis.com/blockchainnodeengine/v1/openapi.yaml	census 21	enumeration.tsv.gz
recursive-graph	document	APIs/googleapis.com/blogger/v2/openapi.yaml	census 18	enumeration.tsv.gz
recursive-graph	document	APIs/googleapis.com/blogger/v3/openapi.yaml	census 48	enumeration.tsv.gz
recursive-graph	document	APIs/googleapis.com/books/v1/openapi.yaml	census 84	enumeration.tsv.gz
recursive-graph	document	APIs/googleapis.com/businessprofileperformance/v1/openapi.yaml	census 13	enumeration.tsv.gz
recursive-graph	document	APIs/googleapis.com/calendar/v3/openapi.yaml	census 85	enumeration.tsv.gz
recursive-graph	document	APIs/googleapis.com/certificatemanager/v1/openapi.yaml	census 47	enumeration.tsv.gz
recursive-graph	document	APIs/googleapis.com/chat/v1/openapi.yaml	census 165	enumeration.tsv.gz
recursive-graph	document	APIs/googleapis.com/checks/v1alpha/openapi.yaml	census 65	enumeration.tsv.gz
recursive-graph	document	APIs/googleapis.com/chromemanagement/v1/openapi.yaml	census 94	enumeration.tsv.gz
recursive-graph	document	APIs/googleapis.com/chromepolicy/v1/openapi.yaml	census 75	enumeration.tsv.gz
recursive-graph	document	APIs/googleapis.com/chromeuxreport/v1/openapi.yaml	census 21	enumeration.tsv.gz
recursive-graph	document	APIs/googleapis.com/civicinfo/v2/openapi.yaml	census 38	enumeration.tsv.gz
recursive-graph	document	APIs/googleapis.com/classroom/v1/openapi.yaml	census 148	enumeration.tsv.gz
recursive-graph	document	APIs/googleapis.com/cloudasset/v1/openapi.yaml	census 190	enumeration.tsv.gz
recursive-graph	document	APIs/googleapis.com/cloudasset/v1beta1/openapi.yaml	census 54	enumeration.tsv.gz
recursive-graph	document	APIs/googleapis.com/cloudasset/v1p1beta1/openapi.yaml	census 45	enumeration.tsv.gz
recursive-graph	document	APIs/googleapis.com/cloudasset/v1p4beta1/openapi.yaml	census 62	enumeration.tsv.gz
recursive-graph	document	APIs/googleapis.com/cloudasset/v1p5beta1/openapi.yaml	census 46	enumeration.tsv.gz
recursive-graph	document	APIs/googleapis.com/cloudasset/v1p7beta1/openapi.yaml	census 46	enumeration.tsv.gz
recursive-graph	document	APIs/googleapis.com/cloudbilling/v1/openapi.yaml	census 42	enumeration.tsv.gz
recursive-graph	document	APIs/googleapis.com/cloudbilling/v1beta/openapi.yaml	census 140	enumeration.tsv.gz
recursive-graph	document	APIs/googleapis.com/cloudbuild/v1/openapi.yaml	census 175	enumeration.tsv.gz
recursive-graph	document	APIs/googleapis.com/cloudbuild/v1alpha1/openapi.yaml	census 73	enumeration.tsv.gz
recursive-graph	document	APIs/googleapis.com/cloudbuild/v1alpha2/openapi.yaml	census 73	enumeration.tsv.gz
recursive-graph	document	APIs/googleapis.com/cloudbuild/v1beta1/openapi.yaml	census 73	enumeration.tsv.gz
recursive-graph	document	APIs/googleapis.com/cloudbuild/v2/openapi.yaml	census 105	enumeration.tsv.gz
recursive-graph	document	APIs/googleapis.com/cloudchannel/v1/openapi.yaml	census 200	enumeration.tsv.gz
recursive-graph	document	APIs/googleapis.com/clouddebugger/v2/openapi.yaml	census 44	enumeration.tsv.gz
recursive-graph	document	APIs/googleapis.com/clouddeploy/v1/openapi.yaml	census 168	enumeration.tsv.gz
recursive-graph	document	APIs/googleapis.com/clouderrorreporting/v1beta1/openapi.yaml	census 22	enumeration.tsv.gz
recursive-graph	document	APIs/googleapis.com/cloudfunctions/v1/openapi.yaml	census 45	enumeration.tsv.gz
recursive-graph	document	APIs/googleapis.com/cloudfunctions/v2/openapi.yaml	census 68	enumeration.tsv.gz
recursive-graph	document	APIs/googleapis.com/cloudfunctions/v2alpha/openapi.yaml	census 68	enumeration.tsv.gz
recursive-graph	document	APIs/googleapis.com/cloudfunctions/v2beta/openapi.yaml	census 68	enumeration.tsv.gz
recursive-graph	document	APIs/googleapis.com/cloudidentity/v1/openapi.yaml	census 102	enumeration.tsv.gz
recursive-graph	document	APIs/googleapis.com/cloudidentity/v1beta1/openapi.yaml	census 120	enumeration.tsv.gz
recursive-graph	document	APIs/googleapis.com/cloudiot/v1/openapi.yaml	census 47	enumeration.tsv.gz
recursive-graph	document	APIs/googleapis.com/cloudkms/v1/openapi.yaml	census 73	enumeration.tsv.gz
recursive-graph	document	APIs/googleapis.com/cloudprivatecatalog/v1beta1/openapi.yaml	census 6	enumeration.tsv.gz
recursive-graph	document	APIs/googleapis.com/cloudprivatecatalogproducer/v1beta1/openapi.yaml	census 43	enumeration.tsv.gz
recursive-graph	document	APIs/googleapis.com/cloudprofiler/v2/openapi.yaml	census 10	enumeration.tsv.gz
recursive-graph	document	APIs/googleapis.com/cloudresourcemanager/v1/openapi.yaml	census 64	enumeration.tsv.gz
recursive-graph	document	APIs/googleapis.com/cloudresourcemanager/v1beta1/openapi.yaml	census 39	enumeration.tsv.gz
recursive-graph	document	APIs/googleapis.com/cloudresourcemanager/v2/openapi.yaml	census 29	enumeration.tsv.gz
recursive-graph	document	APIs/googleapis.com/cloudresourcemanager/v2beta1/openapi.yaml	census 29	enumeration.tsv.gz
recursive-graph	document	APIs/googleapis.com/cloudresourcemanager/v3/openapi.yaml	census 59	enumeration.tsv.gz
recursive-graph	document	APIs/googleapis.com/cloudscheduler/v1/openapi.yaml	census 24	enumeration.tsv.gz
recursive-graph	document	APIs/googleapis.com/cloudscheduler/v1beta1/openapi.yaml	census 24	enumeration.tsv.gz
recursive-graph	document	APIs/googleapis.com/cloudsearch/v1/openapi.yaml	census 353	enumeration.tsv.gz
recursive-graph	document	APIs/googleapis.com/cloudshell/v1/openapi.yaml	census 15	enumeration.tsv.gz
recursive-graph	document	APIs/googleapis.com/cloudsupport/v2/openapi.yaml	census 48	enumeration.tsv.gz
recursive-graph	document	APIs/googleapis.com/cloudsupport/v2beta/openapi.yaml	census 49	enumeration.tsv.gz
recursive-graph	document	APIs/googleapis.com/cloudtasks/v2/openapi.yaml	census 57	enumeration.tsv.gz
recursive-graph	document	APIs/googleapis.com/cloudtasks/v2beta2/openapi.yaml	census 72	enumeration.tsv.gz
recursive-graph	document	APIs/googleapis.com/cloudtasks/v2beta3/openapi.yaml	census 60	enumeration.tsv.gz
recursive-graph	document	APIs/googleapis.com/cloudtrace/v1/openapi.yaml	census 7	enumeration.tsv.gz
recursive-graph	document	APIs/googleapis.com/cloudtrace/v2/openapi.yaml	census 29	enumeration.tsv.gz
recursive-graph	document	APIs/googleapis.com/cloudtrace/v2beta1/openapi.yaml	census 9	enumeration.tsv.gz
recursive-graph	document	APIs/googleapis.com/commentanalyzer/v1alpha1/openapi.yaml	census 18	enumeration.tsv.gz
recursive-graph	document	APIs/googleapis.com/composer/v1/openapi.yaml	census 69	enumeration.tsv.gz
recursive-graph	document	APIs/googleapis.com/composer/v1beta1/openapi.yaml	census 73	enumeration.tsv.gz
recursive-graph	document	APIs/googleapis.com/compute/alpha/openapi.yaml	census 2213	enumeration.tsv.gz
recursive-graph	document	APIs/googleapis.com/compute/beta/openapi.yaml	census 2002	enumeration.tsv.gz
recursive-graph	document	APIs/googleapis.com/compute/v1/openapi.yaml	census 1758	enumeration.tsv.gz
recursive-graph	document	APIs/googleapis.com/connectors/v1/openapi.yaml	census 189	enumeration.tsv.gz
recursive-graph	document	APIs/googleapis.com/connectors/v2/openapi.yaml	census 62	enumeration.tsv.gz
recursive-graph	document	APIs/googleapis.com/contactcenteraiplatform/v1alpha1/openapi.yaml	census 22	enumeration.tsv.gz
recursive-graph	document	APIs/googleapis.com/contactcenterinsights/v1/openapi.yaml	census 230	enumeration.tsv.gz
recursive-graph	document	APIs/googleapis.com/container/v1/openapi.yaml	census 314	enumeration.tsv.gz
recursive-graph	document	APIs/googleapis.com/container/v1beta1/openapi.yaml	census 346	enumeration.tsv.gz
recursive-graph	document	APIs/googleapis.com/containeranalysis/v1/openapi.yaml	census 226	enumeration.tsv.gz
recursive-graph	document	APIs/googleapis.com/containeranalysis/v1alpha1/openapi.yaml	census 236	enumeration.tsv.gz
recursive-graph	document	APIs/googleapis.com/containeranalysis/v1beta1/openapi.yaml	census 221	enumeration.tsv.gz
recursive-graph	document	APIs/googleapis.com/content/v2.1/openapi.yaml	census 693	enumeration.tsv.gz
recursive-graph	document	APIs/googleapis.com/content/v2/openapi.yaml	census 423	enumeration.tsv.gz
recursive-graph	document	APIs/googleapis.com/contentwarehouse/v1/openapi.yaml	census 4423	enumeration.tsv.gz
recursive-graph	document	APIs/googleapis.com/customsearch/v1/openapi.yaml	census 4	enumeration.tsv.gz
recursive-graph	document	APIs/googleapis.com/datacatalog/v1/openapi.yaml	census 148	enumeration.tsv.gz
recursive-graph	document	APIs/googleapis.com/datacatalog/v1beta1/openapi.yaml	census 140	enumeration.tsv.gz
recursive-graph	document	APIs/googleapis.com/dataflow/v1b3/openapi.yaml	census 275	enumeration.tsv.gz
recursive-graph	document	APIs/googleapis.com/dataform/v1beta1/openapi.yaml	census 126	enumeration.tsv.gz
recursive-graph	document	APIs/googleapis.com/datafusion/v1/openapi.yaml	census 41	enumeration.tsv.gz
recursive-graph	document	APIs/googleapis.com/datafusion/v1beta1/openapi.yaml	census 50	enumeration.tsv.gz
recursive-graph	document	APIs/googleapis.com/datalabeling/v1beta1/openapi.yaml	census 298	enumeration.tsv.gz
recursive-graph	document	APIs/googleapis.com/datalineage/v1/openapi.yaml	census 36	enumeration.tsv.gz
recursive-graph	document	APIs/googleapis.com/datamigration/v1/openapi.yaml	census 172	enumeration.tsv.gz
recursive-graph	document	APIs/googleapis.com/datamigration/v1beta1/openapi.yaml	census 58	enumeration.tsv.gz
recursive-graph	document	APIs/googleapis.com/datapipelines/v1/openapi.yaml	census 26	enumeration.tsv.gz
recursive-graph	document	APIs/googleapis.com/dataplex/v1/openapi.yaml	census 204	enumeration.tsv.gz
recursive-graph	document	APIs/googleapis.com/dataportability/v1beta/openapi.yaml	census 7	enumeration.tsv.gz
recursive-graph	document	APIs/googleapis.com/dataproc/v1/openapi.yaml	census 222	enumeration.tsv.gz
recursive-graph	document	APIs/googleapis.com/datastore/v1/openapi.yaml	census 122	enumeration.tsv.gz
recursive-graph	document	APIs/googleapis.com/datastore/v1beta1/openapi.yaml	census 27	enumeration.tsv.gz
recursive-graph	document	APIs/googleapis.com/datastore/v1beta3/openapi.yaml	census 101	enumeration.tsv.gz
recursive-graph	document	APIs/googleapis.com/datastream/v1/openapi.yaml	census 122	enumeration.tsv.gz
recursive-graph	document	APIs/googleapis.com/datastream/v1alpha1/openapi.yaml	census 86	enumeration.tsv.gz
recursive-graph	document	APIs/googleapis.com/deploymentmanager/alpha/openapi.yaml	census 107	enumeration.tsv.gz
recursive-graph	document	APIs/googleapis.com/deploymentmanager/v2/openapi.yaml	census 54	enumeration.tsv.gz
recursive-graph	document	APIs/googleapis.com/deploymentmanager/v2beta/openapi.yaml	census 100	enumeration.tsv.gz
recursive-graph	document	APIs/googleapis.com/dfareporting/v3.3/openapi.yaml	census 595	enumeration.tsv.gz
recursive-graph	document	APIs/googleapis.com/dfareporting/v3.4/openapi.yaml	census 637	enumeration.tsv.gz
recursive-graph	document	APIs/googleapis.com/dfareporting/v3.5/openapi.yaml	census 15	enumeration.tsv.gz
recursive-graph	document	APIs/googleapis.com/dfareporting/v4/openapi.yaml	census 644	enumeration.tsv.gz
recursive-graph	document	APIs/googleapis.com/dialogflow/v2/openapi.yaml	census 625	enumeration.tsv.gz
recursive-graph	document	APIs/googleapis.com/dialogflow/v2beta1/openapi.yaml	census 620	enumeration.tsv.gz
recursive-graph	document	APIs/googleapis.com/dialogflow/v3/openapi.yaml	census 602	enumeration.tsv.gz
recursive-graph	document	APIs/googleapis.com/dialogflow/v3beta1/openapi.yaml	census 602	enumeration.tsv.gz
recursive-graph	document	APIs/googleapis.com/digitalassetlinks/v1/openapi.yaml	census 16	enumeration.tsv.gz
recursive-graph	document	APIs/googleapis.com/discovery/v1/openapi.yaml	census 12	enumeration.tsv.gz
recursive-graph	document	APIs/googleapis.com/discoveryengine/v1alpha/openapi.yaml	census 277	enumeration.tsv.gz
recursive-graph	document	APIs/googleapis.com/discoveryengine/v1beta/openapi.yaml	census 229	enumeration.tsv.gz
recursive-graph	document	APIs/googleapis.com/displayvideo/v1/openapi.yaml	census 470	enumeration.tsv.gz
recursive-graph	document	APIs/googleapis.com/displayvideo/v1dev/openapi.yaml	census 5	enumeration.tsv.gz
recursive-graph	document	APIs/googleapis.com/displayvideo/v2/openapi.yaml	census 538	enumeration.tsv.gz
recursive-graph	document	APIs/googleapis.com/displayvideo/v3/openapi.yaml	census 546	enumeration.tsv.gz
recursive-graph	document	APIs/googleapis.com/displayvideo/v4/openapi.yaml	census 5	enumeration.tsv.gz
recursive-graph	document	APIs/googleapis.com/dlp/v2/openapi.yaml	census 417	enumeration.tsv.gz
recursive-graph	document	APIs/googleapis.com/dns/v1/openapi.yaml	census 130	enumeration.tsv.gz
recursive-graph	document	APIs/googleapis.com/dns/v1beta2/openapi.yaml	census 131	enumeration.tsv.gz
recursive-graph	document	APIs/googleapis.com/dns/v2/openapi.yaml	census 129	enumeration.tsv.gz
recursive-graph	document	APIs/googleapis.com/docs/v1/openapi.yaml	census 289	enumeration.tsv.gz
recursive-graph	document	APIs/googleapis.com/documentai/v1/openapi.yaml	census 462	enumeration.tsv.gz
recursive-graph	document	APIs/googleapis.com/documentai/v1beta2/openapi.yaml	census 311	enumeration.tsv.gz
recursive-graph	document	APIs/googleapis.com/documentai/v1beta3/openapi.yaml	census 493	enumeration.tsv.gz
recursive-graph	document	APIs/googleapis.com/domains/v1/openapi.yaml	census 70	enumeration.tsv.gz
recursive-graph	document	APIs/googleapis.com/domains/v1alpha2/openapi.yaml	census 70	enumeration.tsv.gz
recursive-graph	document	APIs/googleapis.com/domains/v1beta1/openapi.yaml	census 70	enumeration.tsv.gz
recursive-graph	document	APIs/googleapis.com/domainsrdap/v1/openapi.yaml	census 13	enumeration.tsv.gz
recursive-graph	document	APIs/googleapis.com/doubleclickbidmanager/v1.1/openapi.yaml	census 26	enumeration.tsv.gz
recursive-graph	document	APIs/googleapis.com/doubleclickbidmanager/v2/openapi.yaml	census 35	enumeration.tsv.gz
recursive-graph	document	APIs/googleapis.com/doubleclicksearch/v2/openapi.yaml	census 26	enumeration.tsv.gz
recursive-graph	document	APIs/googleapis.com/drive/v2/openapi.yaml	census 126	enumeration.tsv.gz
recursive-graph	document	APIs/googleapis.com/drive/v3/openapi.yaml	census 90	enumeration.tsv.gz
recursive-graph	document	APIs/googleapis.com/driveactivity/v2/openapi.yaml	census 92	enumeration.tsv.gz
recursive-graph	document	APIs/googleapis.com/drivelabels/v2/openapi.yaml	census 140	enumeration.tsv.gz
recursive-graph	document	APIs/googleapis.com/drivelabels/v2beta/openapi.yaml	census 140	enumeration.tsv.gz
recursive-graph	document	APIs/googleapis.com/essentialcontacts/v1/openapi.yaml	census 12	enumeration.tsv.gz
recursive-graph	document	APIs/googleapis.com/eventarc/v1/openapi.yaml	census 46	enumeration.tsv.gz
recursive-graph	document	APIs/googleapis.com/eventarc/v1beta1/openapi.yaml	census 30	enumeration.tsv.gz
recursive-graph	document	APIs/googleapis.com/factchecktools/v1alpha1/openapi.yaml	census 16	enumeration.tsv.gz
recursive-graph	document	APIs/googleapis.com/fcm/v1/openapi.yaml	census 14	enumeration.tsv.gz
recursive-graph	document	APIs/googleapis.com/fcmdata/v1beta1/openapi.yaml	census 7	enumeration.tsv.gz
recursive-graph	document	APIs/googleapis.com/file/v1/openapi.yaml	census 51	enumeration.tsv.gz
recursive-graph	document	APIs/googleapis.com/file/v1beta1/openapi.yaml	census 58	enumeration.tsv.gz
recursive-graph	document	APIs/googleapis.com/firebase/v1beta1/openapi.yaml	census 45	enumeration.tsv.gz
recursive-graph	document	APIs/googleapis.com/firebaseappcheck/v1/openapi.yaml	census 51	enumeration.tsv.gz
recursive-graph	document	APIs/googleapis.com/firebaseappcheck/v1beta/openapi.yaml	census 67	enumeration.tsv.gz
recursive-graph	document	APIs/googleapis.com/firebaseappdistribution/v1/openapi.yaml	census 58	enumeration.tsv.gz
recursive-graph	document	APIs/googleapis.com/firebaseappdistribution/v1alpha/openapi.yaml	census 34	enumeration.tsv.gz
recursive-graph	document	APIs/googleapis.com/firebasedatabase/v1beta/openapi.yaml	census 12	enumeration.tsv.gz
recursive-graph	document	APIs/googleapis.com/firebasedynamiclinks/v1/openapi.yaml	census 27	enumeration.tsv.gz
recursive-graph	document	APIs/googleapis.com/firebasehosting/v1/openapi.yaml	census 19	enumeration.tsv.gz
recursive-graph	document	APIs/googleapis.com/firebasehosting/v1beta1/openapi.yaml	census 77	enumeration.tsv.gz
recursive-graph	document	APIs/googleapis.com/firebaseml/v1/openapi.yaml	census 6	enumeration.tsv.gz
recursive-graph	document	APIs/googleapis.com/firebaseml/v1beta2/openapi.yaml	census 14	enumeration.tsv.gz
recursive-graph	document	APIs/googleapis.com/firebaserules/v1/openapi.yaml	census 38	enumeration.tsv.gz
recursive-graph	document	APIs/googleapis.com/firebasestorage/v1beta/openapi.yaml	census 7	enumeration.tsv.gz
recursive-graph	document	APIs/googleapis.com/firestore/v1/openapi.yaml	census 157	enumeration.tsv.gz
recursive-graph	document	APIs/googleapis.com/firestore/v1beta1/openapi.yaml	census 122	enumeration.tsv.gz
recursive-graph	document	APIs/googleapis.com/firestore/v1beta2/openapi.yaml	census 29	enumeration.tsv.gz
recursive-graph	document	APIs/googleapis.com/fitness/v1/openapi.yaml	census 39	enumeration.tsv.gz
recursive-graph	document	APIs/googleapis.com/forms/v1/openapi.yaml	census 84	enumeration.tsv.gz
recursive-graph	document	APIs/googleapis.com/games/v1/openapi.yaml	census 85	enumeration.tsv.gz
recursive-graph	document	APIs/googleapis.com/gamesConfiguration/v1configuration/openapi.yaml	census 30	enumeration.tsv.gz
recursive-graph	document	APIs/googleapis.com/gamesManagement/v1management/openapi.yaml	census 16	enumeration.tsv.gz
recursive-graph	document	APIs/googleapis.com/gameservices/v1/openapi.yaml	census 27	enumeration.tsv.gz
recursive-graph	document	APIs/googleapis.com/gameservices/v1beta/openapi.yaml	census 27	enumeration.tsv.gz
recursive-graph	document	APIs/googleapis.com/genomics/v2alpha1/openapi.yaml	census 35	enumeration.tsv.gz
recursive-graph	document	APIs/googleapis.com/gkebackup/v1/openapi.yaml	census 68	enumeration.tsv.gz
recursive-graph	document	APIs/googleapis.com/gkehub/v1/openapi.yaml	census 184	enumeration.tsv.gz
recursive-graph	document	APIs/googleapis.com/gkehub/v1alpha/openapi.yaml	census 224	enumeration.tsv.gz
recursive-graph	document	APIs/googleapis.com/gkehub/v1alpha2/openapi.yaml	census 44	enumeration.tsv.gz
recursive-graph	document	APIs/googleapis.com/gkehub/v1beta/openapi.yaml	census 195	enumeration.tsv.gz
recursive-graph	document	APIs/googleapis.com/gkehub/v1beta1/openapi.yaml	census 45	enumeration.tsv.gz
recursive-graph	document	APIs/googleapis.com/gkehub/v2alpha/openapi.yaml	census 8	enumeration.tsv.gz
recursive-graph	document	APIs/googleapis.com/gkeonprem/v1/openapi.yaml	census 210	enumeration.tsv.gz
recursive-graph	document	APIs/googleapis.com/gmail/v1/openapi.yaml	census 244	enumeration.tsv.gz
recursive-graph	document	APIs/googleapis.com/gmailpostmastertools/v1/openapi.yaml	census 8	enumeration.tsv.gz
recursive-graph	document	APIs/googleapis.com/gmailpostmastertools/v1beta1/openapi.yaml	census 8	enumeration.tsv.gz
recursive-graph	document	APIs/googleapis.com/groupsmigration/v1/openapi.yaml	census 1	enumeration.tsv.gz
recursive-graph	document	APIs/googleapis.com/groupssettings/v1/openapi.yaml	census 5	enumeration.tsv.gz
recursive-graph	document	APIs/googleapis.com/healthcare/v1/openapi.yaml	census 212	enumeration.tsv.gz
recursive-graph	document	APIs/googleapis.com/healthcare/v1beta1/openapi.yaml	census 306	enumeration.tsv.gz
recursive-graph	document	APIs/googleapis.com/homegraph/v1/openapi.yaml	census 20	enumeration.tsv.gz
recursive-graph	document	APIs/googleapis.com/iam/v1/openapi.yaml	census 95	enumeration.tsv.gz
recursive-graph	document	APIs/googleapis.com/iam/v2/openapi.yaml	census 16	enumeration.tsv.gz
recursive-graph	document	APIs/googleapis.com/iam/v2beta/openapi.yaml	census 16	enumeration.tsv.gz
recursive-graph	document	APIs/googleapis.com/iamcredentials/v1/openapi.yaml	census 8	enumeration.tsv.gz
recursive-graph	document	APIs/googleapis.com/iap/v1/openapi.yaml	census 45	enumeration.tsv.gz
recursive-graph	document	APIs/googleapis.com/iap/v1beta1/openapi.yaml	census 10	enumeration.tsv.gz
recursive-graph	document	APIs/googleapis.com/ideahub/v1alpha/openapi.yaml	census 10	enumeration.tsv.gz
recursive-graph	document	APIs/googleapis.com/ideahub/v1beta/openapi.yaml	census 9	enumeration.tsv.gz
recursive-graph	document	APIs/googleapis.com/identitytoolkit/v2/openapi.yaml	census 122	enumeration.tsv.gz
recursive-graph	document	APIs/googleapis.com/identitytoolkit/v3/openapi.yaml	census 50	enumeration.tsv.gz
recursive-graph	document	APIs/googleapis.com/ids/v1/openapi.yaml	census 25	enumeration.tsv.gz
recursive-graph	document	APIs/googleapis.com/indexing/v3/openapi.yaml	census 6	enumeration.tsv.gz
recursive-graph	document	APIs/googleapis.com/integrations/v1/openapi.yaml	census 336	enumeration.tsv.gz
recursive-graph	document	APIs/googleapis.com/integrations/v1alpha/openapi.yaml	census 322	enumeration.tsv.gz
recursive-graph	document	APIs/googleapis.com/jobs/v3/openapi.yaml	census 80	enumeration.tsv.gz
recursive-graph	document	APIs/googleapis.com/jobs/v3p1beta1/openapi.yaml	census 84	enumeration.tsv.gz
recursive-graph	document	APIs/googleapis.com/jobs/v4/openapi.yaml	census 82	enumeration.tsv.gz
recursive-graph	document	APIs/googleapis.com/keep/v1/openapi.yaml	census 24	enumeration.tsv.gz
recursive-graph	document	APIs/googleapis.com/kgsearch/v1/openapi.yaml	census 1	enumeration.tsv.gz
recursive-graph	document	APIs/googleapis.com/kmsinventory/v1/openapi.yaml	census 10	enumeration.tsv.gz
recursive-graph	document	APIs/googleapis.com/language/v1/openapi.yaml	census 205	enumeration.tsv.gz
recursive-graph	document	APIs/googleapis.com/language/v1beta1/openapi.yaml	census 29	enumeration.tsv.gz
recursive-graph	document	APIs/googleapis.com/language/v1beta2/openapi.yaml	census 205	enumeration.tsv.gz
recursive-graph	document	APIs/googleapis.com/language/v2/openapi.yaml	census 188	enumeration.tsv.gz
recursive-graph	document	APIs/googleapis.com/libraryagent/v1/openapi.yaml	census 7	enumeration.tsv.gz
recursive-graph	document	APIs/googleapis.com/licensing/v1/openapi.yaml	census 11	enumeration.tsv.gz
recursive-graph	document	APIs/googleapis.com/lifesciences/v2beta/openapi.yaml	census 38	enumeration.tsv.gz
recursive-graph	document	APIs/googleapis.com/localservices/v1/openapi.yaml	census 10	enumeration.tsv.gz
recursive-graph	document	APIs/googleapis.com/logging/v2/openapi.yaml	census 118	enumeration.tsv.gz
recursive-graph	document	APIs/googleapis.com/looker/v1/openapi.yaml	census 48	enumeration.tsv.gz
recursive-graph	document	APIs/googleapis.com/managedidentities/v1/openapi.yaml	census 86	enumeration.tsv.gz
recursive-graph	document	APIs/googleapis.com/managedidentities/v1alpha1/openapi.yaml	census 88	enumeration.tsv.gz
recursive-graph	document	APIs/googleapis.com/managedidentities/v1beta1/openapi.yaml	census 86	enumeration.tsv.gz
recursive-graph	document	APIs/googleapis.com/manufacturers/v1/openapi.yaml	census 53	enumeration.tsv.gz
recursive-graph	document	APIs/googleapis.com/marketingplatformadmin/v1alpha/openapi.yaml	census 7	enumeration.tsv.gz
recursive-graph	document	APIs/googleapis.com/memcache/v1/openapi.yaml	census 56	enumeration.tsv.gz
recursive-graph	document	APIs/googleapis.com/memcache/v1beta2/openapi.yaml	census 58	enumeration.tsv.gz
recursive-graph	document	APIs/googleapis.com/metastore/v1/openapi.yaml	census 72	enumeration.tsv.gz
recursive-graph	document	APIs/googleapis.com/metastore/v1alpha/openapi.yaml	census 76	enumeration.tsv.gz
recursive-graph	document	APIs/googleapis.com/metastore/v1beta/openapi.yaml	census 76	enumeration.tsv.gz
recursive-graph	document	APIs/googleapis.com/migrationcenter/v1/openapi.yaml	census 193	enumeration.tsv.gz
recursive-graph	document	APIs/googleapis.com/migrationcenter/v1alpha1/openapi.yaml	census 210	enumeration.tsv.gz
recursive-graph	document	APIs/googleapis.com/mirror/v1/openapi.yaml	census 764	enumeration.tsv.gz
recursive-graph	document	APIs/googleapis.com/ml/v1/openapi.yaml	census 120	enumeration.tsv.gz
recursive-graph	document	APIs/googleapis.com/monitoring/v1/openapi.yaml	census 97	enumeration.tsv.gz
recursive-graph	document	APIs/googleapis.com/monitoring/v3/openapi.yaml	census 171	enumeration.tsv.gz
recursive-graph	document	APIs/googleapis.com/my-business/v4/openapi.yaml	census 268	enumeration.tsv.gz
recursive-graph	document	APIs/googleapis.com/mybusinessaccountmanagement/v1/openapi.yaml	census 25	enumeration.tsv.gz
recursive-graph	document	APIs/googleapis.com/mybusinessbusinesscalls/v1/openapi.yaml	census 10	enumeration.tsv.gz
recursive-graph	document	APIs/googleapis.com/mybusinessbusinessinformation/v1/openapi.yaml	census 65	enumeration.tsv.gz
recursive-graph	document	APIs/googleapis.com/mybusinesslodging/v1/openapi.yaml	census 50	enumeration.tsv.gz
recursive-graph	document	APIs/googleapis.com/mybusinessnotifications/v1/openapi.yaml	census 3	enumeration.tsv.gz
recursive-graph	document	APIs/googleapis.com/mybusinessplaceactions/v1/openapi.yaml	census 10	enumeration.tsv.gz
recursive-graph	document	APIs/googleapis.com/mybusinessqanda/v1/openapi.yaml	census 16	enumeration.tsv.gz
recursive-graph	document	APIs/googleapis.com/mybusinessverifications/v1/openapi.yaml	census 23	enumeration.tsv.gz
recursive-graph	document	APIs/googleapis.com/networkconnectivity/v1/openapi.yaml	census 90	enumeration.tsv.gz
recursive-graph	document	APIs/googleapis.com/networkconnectivity/v1alpha1/openapi.yaml	census 34	enumeration.tsv.gz
recursive-graph	document	APIs/googleapis.com/networkmanagement/v1/openapi.yaml	census 68	enumeration.tsv.gz
recursive-graph	document	APIs/googleapis.com/networkmanagement/v1beta1/openapi.yaml	census 68	enumeration.tsv.gz
recursive-graph	document	APIs/googleapis.com/networksecurity/v1/openapi.yaml	census 74	enumeration.tsv.gz
recursive-graph	document	APIs/googleapis.com/networksecurity/v1beta1/openapi.yaml	census 94	enumeration.tsv.gz
recursive-graph	document	APIs/googleapis.com/networkservices/v1/openapi.yaml	census 116	enumeration.tsv.gz
recursive-graph	document	APIs/googleapis.com/networkservices/v1beta1/openapi.yaml	census 116	enumeration.tsv.gz
recursive-graph	document	APIs/googleapis.com/notebooks/v1/openapi.yaml	census 120	enumeration.tsv.gz
recursive-graph	document	APIs/googleapis.com/notebooks/v2/openapi.yaml	census 61	enumeration.tsv.gz
recursive-graph	document	APIs/googleapis.com/oauth2/v1/openapi.yaml	census 3	enumeration.tsv.gz
recursive-graph	document	APIs/googleapis.com/oauth2/v2/openapi.yaml	census 3	enumeration.tsv.gz
recursive-graph	document	APIs/googleapis.com/ondemandscanning/v1/openapi.yaml	census 115	enumeration.tsv.gz
recursive-graph	document	APIs/googleapis.com/ondemandscanning/v1beta1/openapi.yaml	census 115	enumeration.tsv.gz
recursive-graph	document	APIs/googleapis.com/orgpolicy/v2/openapi.yaml	census 24	enumeration.tsv.gz
recursive-graph	document	APIs/googleapis.com/osconfig/v1/openapi.yaml	census 120	enumeration.tsv.gz
recursive-graph	document	APIs/googleapis.com/osconfig/v1alpha/openapi.yaml	census 84	enumeration.tsv.gz
recursive-graph	document	APIs/googleapis.com/osconfig/v1beta/openapi.yaml	census 83	enumeration.tsv.gz
recursive-graph	document	APIs/googleapis.com/oslogin/v1/openapi.yaml	census 12	enumeration.tsv.gz
recursive-graph	document	APIs/googleapis.com/oslogin/v1alpha/openapi.yaml	census 17	enumeration.tsv.gz
recursive-graph	document	APIs/googleapis.com/oslogin/v1beta/openapi.yaml	census 17	enumeration.tsv.gz
recursive-graph	document	APIs/googleapis.com/pagespeedonline/v1/openapi.yaml	census 1	enumeration.tsv.gz
recursive-graph	document	APIs/googleapis.com/pagespeedonline/v2/openapi.yaml	census 6	enumeration.tsv.gz
recursive-graph	document	APIs/googleapis.com/pagespeedonline/v4/openapi.yaml	census 7	enumeration.tsv.gz
recursive-graph	document	APIs/googleapis.com/pagespeedonline/v5/openapi.yaml	census 24	enumeration.tsv.gz
recursive-graph	document	APIs/googleapis.com/paymentsresellersubscription/v1/openapi.yaml	census 55	enumeration.tsv.gz
recursive-graph	document	APIs/googleapis.com/people/v1/openapi.yaml	census 135	enumeration.tsv.gz
recursive-graph	document	APIs/googleapis.com/places/v1/openapi.yaml	census 69	enumeration.tsv.gz
recursive-graph	document	APIs/googleapis.com/playablelocations/v3/openapi.yaml	census 18	enumeration.tsv.gz
recursive-graph	document	APIs/googleapis.com/playcustomapp/v1/openapi.yaml	census 3	enumeration.tsv.gz
recursive-graph	document	APIs/googleapis.com/playdeveloperreporting/v1alpha1/openapi.yaml	census 59	enumeration.tsv.gz
recursive-graph	document	APIs/googleapis.com/playdeveloperreporting/v1beta1/openapi.yaml	census 59	enumeration.tsv.gz
recursive-graph	document	APIs/googleapis.com/playgrouping/v1alpha1/openapi.yaml	census 6	enumeration.tsv.gz
recursive-graph	document	APIs/googleapis.com/playintegrity/v1/openapi.yaml	census 12	enumeration.tsv.gz
recursive-graph	document	APIs/googleapis.com/plus/v1/openapi.yaml	census 15	enumeration.tsv.gz
recursive-graph	document	APIs/googleapis.com/policyanalyzer/v1/openapi.yaml	census 3	enumeration.tsv.gz
recursive-graph	document	APIs/googleapis.com/policyanalyzer/v1beta1/openapi.yaml	census 3	enumeration.tsv.gz
recursive-graph	document	APIs/googleapis.com/policysimulator/v1/openapi.yaml	census 63	enumeration.tsv.gz
recursive-graph	document	APIs/googleapis.com/policysimulator/v1alpha/openapi.yaml	census 66	enumeration.tsv.gz
recursive-graph	document	APIs/googleapis.com/policysimulator/v1beta/openapi.yaml	census 66	enumeration.tsv.gz
recursive-graph	document	APIs/googleapis.com/policysimulator/v1beta1/openapi.yaml	census 17	enumeration.tsv.gz
recursive-graph	document	APIs/googleapis.com/policytroubleshooter/v1/openapi.yaml	census 13	enumeration.tsv.gz
recursive-graph	document	APIs/googleapis.com/policytroubleshooter/v1beta/openapi.yaml	census 12	enumeration.tsv.gz
recursive-graph	document	APIs/googleapis.com/poly/v1/openapi.yaml	census 19	enumeration.tsv.gz
recursive-graph	document	APIs/googleapis.com/privateca/v1/openapi.yaml	census 102	enumeration.tsv.gz
recursive-graph	document	APIs/googleapis.com/privateca/v1beta1/openapi.yaml	census 19	enumeration.tsv.gz
recursive-graph	document	APIs/googleapis.com/prod_tt_sasportal/v1alpha1/openapi.yaml	census 66	enumeration.tsv.gz
recursive-graph	document	APIs/googleapis.com/proximitybeacon/v1beta1/openapi.yaml	census 36	enumeration.tsv.gz
recursive-graph	document	APIs/googleapis.com/publicca/v1/openapi.yaml	census 2	enumeration.tsv.gz
recursive-graph	document	APIs/googleapis.com/publicca/v1alpha1/openapi.yaml	census 2	enumeration.tsv.gz
recursive-graph	document	APIs/googleapis.com/publicca/v1beta1/openapi.yaml	census 2	enumeration.tsv.gz
recursive-graph	document	APIs/googleapis.com/pubsub/v1/openapi.yaml	census 81	enumeration.tsv.gz
recursive-graph	document	APIs/googleapis.com/pubsub/v1beta1a/openapi.yaml	census 34	enumeration.tsv.gz
recursive-graph	document	APIs/googleapis.com/pubsub/v1beta2/openapi.yaml	census 35	enumeration.tsv.gz
recursive-graph	document	APIs/googleapis.com/pubsublite/v1/openapi.yaml	census 51	enumeration.tsv.gz
recursive-graph	document	APIs/googleapis.com/rapidmigrationassessment/v1/openapi.yaml	census 25	enumeration.tsv.gz
recursive-graph	document	APIs/googleapis.com/readerrevenuesubscriptionlinking/v1/openapi.yaml	census 5	enumeration.tsv.gz
recursive-graph	document	APIs/googleapis.com/realtimebidding/v1/openapi.yaml	census 94	enumeration.tsv.gz
recursive-graph	document	APIs/googleapis.com/realtimebidding/v1alpha/openapi.yaml	census 8	enumeration.tsv.gz
recursive-graph	document	APIs/googleapis.com/recaptchaenterprise/v1/openapi.yaml	census 72	enumeration.tsv.gz
recursive-graph	document	APIs/googleapis.com/recommendationengine/v1beta1/openapi.yaml	census 68	enumeration.tsv.gz
recursive-graph	document	APIs/googleapis.com/recommender/v1/openapi.yaml	census 36	enumeration.tsv.gz
recursive-graph	document	APIs/googleapis.com/recommender/v1beta1/openapi.yaml	census 42	enumeration.tsv.gz
recursive-graph	document	APIs/googleapis.com/redis/v1/openapi.yaml	census 69	enumeration.tsv.gz
recursive-graph	document	APIs/googleapis.com/redis/v1beta1/openapi.yaml	census 69	enumeration.tsv.gz
recursive-graph	document	APIs/googleapis.com/remotebuildexecution/v1alpha/openapi.yaml	census 91	enumeration.tsv.gz
recursive-graph	document	APIs/googleapis.com/replicapool/v1beta1/openapi.yaml	census 33	enumeration.tsv.gz
recursive-graph	document	APIs/googleapis.com/reseller/v1/openapi.yaml	census 29	enumeration.tsv.gz
recursive-graph	document	APIs/googleapis.com/resourcesettings/v1/openapi.yaml	census 12	enumeration.tsv.gz
recursive-graph	document	APIs/googleapis.com/retail/v2/openapi.yaml	census 239	enumeration.tsv.gz
recursive-graph	document	APIs/googleapis.com/retail/v2alpha/openapi.yaml	census 259	enumeration.tsv.gz
recursive-graph	document	APIs/googleapis.com/retail/v2beta/openapi.yaml	census 245	enumeration.tsv.gz
recursive-graph	document	APIs/googleapis.com/run/v1/openapi.yaml	census 170	enumeration.tsv.gz
recursive-graph	document	APIs/googleapis.com/run/v1alpha1/openapi.yaml	census 46	enumeration.tsv.gz
recursive-graph	document	APIs/googleapis.com/run/v2/openapi.yaml	census 93	enumeration.tsv.gz
recursive-graph	document	APIs/googleapis.com/runtimeconfig/v1/openapi.yaml	census 6	enumeration.tsv.gz
recursive-graph	document	APIs/googleapis.com/runtimeconfig/v1beta1/openapi.yaml	census 31	enumeration.tsv.gz
recursive-graph	document	APIs/googleapis.com/safebrowsing/v4/openapi.yaml	census 38	enumeration.tsv.gz
recursive-graph	document	APIs/googleapis.com/safebrowsing/v5/openapi.yaml	census 3	enumeration.tsv.gz
recursive-graph	document	APIs/googleapis.com/sasportal/v1alpha1/openapi.yaml	census 66	enumeration.tsv.gz
recursive-graph	document	APIs/googleapis.com/script/v1/openapi.yaml	census 51	enumeration.tsv.gz
recursive-graph	document	APIs/googleapis.com/searchads360/v0/openapi.yaml	census 175	enumeration.tsv.gz
recursive-graph	document	APIs/googleapis.com/searchconsole/v1/openapi.yaml	census 31	enumeration.tsv.gz
recursive-graph	document	APIs/googleapis.com/secretmanager/v1/openapi.yaml	census 47	enumeration.tsv.gz
recursive-graph	document	APIs/googleapis.com/secretmanager/v1beta1/openapi.yaml	census 37	enumeration.tsv.gz
recursive-graph	document	APIs/googleapis.com/securitycenter/v1/openapi.yaml	census 252	enumeration.tsv.gz
recursive-graph	document	APIs/googleapis.com/securitycenter/v1beta1/openapi.yaml	census 189	enumeration.tsv.gz
recursive-graph	document	APIs/googleapis.com/securitycenter/v1beta2/openapi.yaml	census 155	enumeration.tsv.gz
recursive-graph	document	APIs/googleapis.com/securitycenter/v1p1alpha1/openapi.yaml	census 149	enumeration.tsv.gz
recursive-graph	document	APIs/googleapis.com/servicebroker/v1/openapi.yaml	census 8	enumeration.tsv.gz
recursive-graph	document	APIs/googleapis.com/servicebroker/v1alpha1/openapi.yaml	census 28	enumeration.tsv.gz
recursive-graph	document	APIs/googleapis.com/servicebroker/v1beta1/openapi.yaml	census 30	enumeration.tsv.gz
recursive-graph	document	APIs/googleapis.com/serviceconsumermanagement/v1/openapi.yaml	census 124	enumeration.tsv.gz
recursive-graph	document	APIs/googleapis.com/serviceconsumermanagement/v1beta1/openapi.yaml	census 115	enumeration.tsv.gz
recursive-graph	document	APIs/googleapis.com/servicecontrol/v1/openapi.yaml	census 62	enumeration.tsv.gz
recursive-graph	document	APIs/googleapis.com/servicecontrol/v2/openapi.yaml	census 35	enumeration.tsv.gz
recursive-graph	document	APIs/googleapis.com/servicedirectory/v1/openapi.yaml	census 32	enumeration.tsv.gz
recursive-graph	document	APIs/googleapis.com/servicedirectory/v1beta1/openapi.yaml	census 32	enumeration.tsv.gz
recursive-graph	document	APIs/googleapis.com/servicemanagement/v1/openapi.yaml	census 136	enumeration.tsv.gz
recursive-graph	document	APIs/googleapis.com/servicenetworking/v1/openapi.yaml	census 156	enumeration.tsv.gz
recursive-graph	document	APIs/googleapis.com/servicenetworking/v1beta/openapi.yaml	census 105	enumeration.tsv.gz
recursive-graph	document	APIs/googleapis.com/serviceusage/v1/openapi.yaml	census 126	enumeration.tsv.gz
recursive-graph	document	APIs/googleapis.com/serviceusage/v1beta1/openapi.yaml	census 158	enumeration.tsv.gz
recursive-graph	document	APIs/googleapis.com/sheets/v4/openapi.yaml	census 535	enumeration.tsv.gz
recursive-graph	document	APIs/googleapis.com/shoppingcontent/v2/openapi.yaml	census 423	enumeration.tsv.gz
recursive-graph	document	APIs/googleapis.com/siteVerification/v1/openapi.yaml	census 11	enumeration.tsv.gz
recursive-graph	document	APIs/googleapis.com/slides/v1/openapi.yaml	census 226	enumeration.tsv.gz
recursive-graph	document	APIs/googleapis.com/smartdevicemanagement/v1/openapi.yaml	census 10	enumeration.tsv.gz
recursive-graph	document	APIs/googleapis.com/sourcerepo/v1/openapi.yaml	census 29	enumeration.tsv.gz
recursive-graph	document	APIs/googleapis.com/spanner/v1/openapi.yaml	census 210	enumeration.tsv.gz
recursive-graph	document	APIs/googleapis.com/speech/v1/openapi.yaml	census 46	enumeration.tsv.gz
recursive-graph	document	APIs/googleapis.com/speech/v1p1beta1/openapi.yaml	census 47	enumeration.tsv.gz
recursive-graph	document	APIs/googleapis.com/speech/v2beta1/openapi.yaml	census 7	enumeration.tsv.gz
recursive-graph	document	APIs/googleapis.com/sql/v1beta4/openapi.yaml	census 160	enumeration.tsv.gz
recursive-graph	document	APIs/googleapis.com/sqladmin/v1/openapi.yaml	census 160	enumeration.tsv.gz
recursive-graph	document	APIs/googleapis.com/storage/v1/openapi.yaml	census 114	enumeration.tsv.gz
recursive-graph	document	APIs/googleapis.com/storage/v1beta2/openapi.yaml	census 54	enumeration.tsv.gz
recursive-graph	document	APIs/googleapis.com/storagetransfer/v1/openapi.yaml	census 61	enumeration.tsv.gz
recursive-graph	document	APIs/googleapis.com/streetviewpublish/v1/openapi.yaml	census 55	enumeration.tsv.gz
recursive-graph	document	APIs/googleapis.com/sts/v1/openapi.yaml	census 13	enumeration.tsv.gz
recursive-graph	document	APIs/googleapis.com/sts/v1beta/openapi.yaml	census 9	enumeration.tsv.gz
recursive-graph	document	APIs/googleapis.com/tagmanager/v1/openapi.yaml	census 114	enumeration.tsv.gz
recursive-graph	document	APIs/googleapis.com/tagmanager/v2/openapi.yaml	census 179	enumeration.tsv.gz
recursive-graph	document	APIs/googleapis.com/tasks/v1/openapi.yaml	census 19	enumeration.tsv.gz
recursive-graph	document	APIs/googleapis.com/testing/v1/openapi.yaml	census 122	enumeration.tsv.gz
recursive-graph	document	APIs/googleapis.com/texttospeech/v1/openapi.yaml	census 20	enumeration.tsv.gz
recursive-graph	document	APIs/googleapis.com/texttospeech/v1beta1/openapi.yaml	census 19	enumeration.tsv.gz
recursive-graph	document	APIs/googleapis.com/toolresults/v1beta3/openapi.yaml	census 146	enumeration.tsv.gz
recursive-graph	document	APIs/googleapis.com/tpu/v1/openapi.yaml	census 25	enumeration.tsv.gz
recursive-graph	document	APIs/googleapis.com/tpu/v1alpha1/openapi.yaml	census 25	enumeration.tsv.gz
recursive-graph	document	APIs/googleapis.com/tpu/v2/openapi.yaml	census 64	enumeration.tsv.gz
recursive-graph	document	APIs/googleapis.com/tpu/v2alpha1/openapi.yaml	census 74	enumeration.tsv.gz
recursive-graph	document	APIs/googleapis.com/trafficdirector/v2/openapi.yaml	census 43	enumeration.tsv.gz
recursive-graph	document	APIs/googleapis.com/trafficdirector/v3/openapi.yaml	census 57	enumeration.tsv.gz
recursive-graph	document	APIs/googleapis.com/transcoder/v1/openapi.yaml	census 69	enumeration.tsv.gz
recursive-graph	document	APIs/googleapis.com/transcoder/v1beta1/openapi.yaml	census 53	enumeration.tsv.gz
recursive-graph	document	APIs/googleapis.com/translate/v2/openapi.yaml	census 10	enumeration.tsv.gz
recursive-graph	document	APIs/googleapis.com/translate/v3/openapi.yaml	census 104	enumeration.tsv.gz
recursive-graph	document	APIs/googleapis.com/translate/v3beta1/openapi.yaml	census 54	enumeration.tsv.gz
recursive-graph	document	APIs/googleapis.com/travelimpactmodel/v1/openapi.yaml	census 8	enumeration.tsv.gz
recursive-graph	document	APIs/googleapis.com/vault/v1/openapi.yaml	census 105	enumeration.tsv.gz
recursive-graph	document	APIs/googleapis.com/vectortile/v1/openapi.yaml	census 23	enumeration.tsv.gz
recursive-graph	document	APIs/googleapis.com/verifiedaccess/v1/openapi.yaml	census 7	enumeration.tsv.gz
recursive-graph	document	APIs/googleapis.com/verifiedaccess/v2/openapi.yaml	census 6	enumeration.tsv.gz
recursive-graph	document	APIs/googleapis.com/versionhistory/v1/openapi.yaml	census 9	enumeration.tsv.gz
recursive-graph	document	APIs/googleapis.com/videointelligence/v1/openapi.yaml	census 294	enumeration.tsv.gz
recursive-graph	document	APIs/googleapis.com/videointelligence/v1beta2/openapi.yaml	census 285	enumeration.tsv.gz
recursive-graph	document	APIs/googleapis.com/videointelligence/v1p1beta1/openapi.yaml	census 285	enumeration.tsv.gz
recursive-graph	document	APIs/googleapis.com/videointelligence/v1p2beta1/openapi.yaml	census 285	enumeration.tsv.gz
recursive-graph	document	APIs/googleapis.com/videointelligence/v1p3beta1/openapi.yaml	census 285	enumeration.tsv.gz
recursive-graph	document	APIs/googleapis.com/vision/v1/openapi.yaml	census 430	enumeration.tsv.gz
recursive-graph	document	APIs/googleapis.com/vision/v1p1beta1/openapi.yaml	census 398	enumeration.tsv.gz
recursive-graph	document	APIs/googleapis.com/vision/v1p2beta1/openapi.yaml	census 398	enumeration.tsv.gz
recursive-graph	document	APIs/googleapis.com/vmmigration/v1/openapi.yaml	census 179	enumeration.tsv.gz
recursive-graph	document	APIs/googleapis.com/vmmigration/v1alpha1/openapi.yaml	census 189	enumeration.tsv.gz
recursive-graph	document	APIs/googleapis.com/vmwareengine/v1/openapi.yaml	census 106	enumeration.tsv.gz
recursive-graph	document	APIs/googleapis.com/vpcaccess/v1/openapi.yaml	census 14	enumeration.tsv.gz
recursive-graph	document	APIs/googleapis.com/vpcaccess/v1beta1/openapi.yaml	census 14	enumeration.tsv.gz
recursive-graph	document	APIs/googleapis.com/walletobjects/v1/openapi.yaml	census 623	enumeration.tsv.gz
recursive-graph	document	APIs/googleapis.com/webfonts/v1/openapi.yaml	census 3	enumeration.tsv.gz
recursive-graph	document	APIs/googleapis.com/webmasters/v3/openapi.yaml	census 12	enumeration.tsv.gz
recursive-graph	document	APIs/googleapis.com/webrisk/v1/openapi.yaml	census 21	enumeration.tsv.gz
recursive-graph	document	APIs/googleapis.com/websecurityscanner/v1/openapi.yaml	census 38	enumeration.tsv.gz
recursive-graph	document	APIs/googleapis.com/websecurityscanner/v1alpha/openapi.yaml	census 32	enumeration.tsv.gz
recursive-graph	document	APIs/googleapis.com/websecurityscanner/v1beta/openapi.yaml	census 39	enumeration.tsv.gz
recursive-graph	document	APIs/googleapis.com/workflowexecutions/v1/openapi.yaml	census 25	enumeration.tsv.gz
recursive-graph	document	APIs/googleapis.com/workflowexecutions/v1beta/openapi.yaml	census 13	enumeration.tsv.gz
recursive-graph	document	APIs/googleapis.com/workflows/v1/openapi.yaml	census 16	enumeration.tsv.gz
recursive-graph	document	APIs/googleapis.com/workflows/v1beta/openapi.yaml	census 13	enumeration.tsv.gz
recursive-graph	document	APIs/googleapis.com/workloadmanager/v1/openapi.yaml	census 74	enumeration.tsv.gz
recursive-graph	document	APIs/googleapis.com/workspaceevents/v1/openapi.yaml	census 13	enumeration.tsv.gz
recursive-graph	document	APIs/googleapis.com/workstations/v1/openapi.yaml	census 56	enumeration.tsv.gz
recursive-graph	document	APIs/googleapis.com/workstations/v1beta/openapi.yaml	census 57	enumeration.tsv.gz
recursive-graph	document	APIs/googleapis.com/youtube/v3/openapi.yaml	census 438	enumeration.tsv.gz
recursive-graph	document	APIs/googleapis.com/youtubeAnalytics/v2/openapi.yaml	census 24	enumeration.tsv.gz
recursive-graph	document	APIs/googleapis.com/youtubereporting/v1/openapi.yaml	census 30	enumeration.tsv.gz
recursive-graph	document	APIs/gov.bc.ca/gwells/v1/openapi.yaml	census 34	enumeration.tsv.gz
recursive-graph	document	APIs/gov.bc.ca/jobposting/1.0.0/openapi.yaml	census 19	enumeration.tsv.gz
recursive-graph	document	APIs/gov.bc.ca/news/1.0/openapi.yaml	census 104	enumeration.tsv.gz
recursive-graph	document	APIs/graphhopper.com/1.0.0/openapi.yaml	census 106	enumeration.tsv.gz
recursive-graph	document	APIs/groundhog-day.com/1.2.1/openapi.yaml	census 5	enumeration.tsv.gz
recursive-graph	document	APIs/gsmtasks.com/2.4.13/openapi.yaml	census 1127	enumeration.tsv.gz
recursive-graph	document	APIs/healthcare.gov/1.0.0/openapi.yaml	census 16	enumeration.tsv.gz
recursive-graph	document	APIs/here.com/positioning/2.1.1/openapi.yaml	census 108	enumeration.tsv.gz
recursive-graph	document	APIs/hhs.gov/2/openapi.yaml	census 109	enumeration.tsv.gz
recursive-graph	document	APIs/highwaysengland.co.uk/v1/openapi.yaml	census 15	enumeration.tsv.gz
recursive-graph	document	APIs/hubapi.com/analytics/v3/openapi.yaml	census 3	enumeration.tsv.gz
recursive-graph	document	APIs/hubapi.com/auth/v1/openapi.yaml	census 5	enumeration.tsv.gz
recursive-graph	document	APIs/hubapi.com/automation/v4/openapi.yaml	census 51	enumeration.tsv.gz
recursive-graph	document	APIs/hubapi.com/business units/v3/openapi.yaml	census 5	enumeration.tsv.gz
recursive-graph	document	APIs/hubapi.com/cms/v3/openapi.yaml	census 7	enumeration.tsv.gz
recursive-graph	document	APIs/hubapi.com/communication-preferences/v3/openapi.yaml	census 10	enumeration.tsv.gz
recursive-graph	document	APIs/hubapi.com/conversations/v3/openapi.yaml	census 4	enumeration.tsv.gz
recursive-graph	document	APIs/hubapi.com/crm/v3/openapi.yaml	census 34	enumeration.tsv.gz
recursive-graph	document	APIs/hubapi.com/events/v3/openapi.yaml	census 7	enumeration.tsv.gz
recursive-graph	document	APIs/hubapi.com/files/v3/openapi.yaml	census 34	enumeration.tsv.gz
recursive-graph	document	APIs/hubapi.com/marketing/v3/openapi.yaml	census 42	enumeration.tsv.gz
recursive-graph	document	APIs/hubapi.com/webhooks/v3/openapi.yaml	census 22	enumeration.tsv.gz
recursive-graph	document	APIs/i-cue.solutions/v1/openapi.yaml	census 177	enumeration.tsv.gz
recursive-graph	document	APIs/ibanapi.com/1.0.0/openapi.yaml	census 15	enumeration.tsv.gz
recursive-graph	document	APIs/icons8.com/1.0.0/openapi.yaml	census 1	enumeration.tsv.gz
recursive-graph	document	APIs/id4i.de/1.0.2/openapi.yaml	census 1697	enumeration.tsv.gz
recursive-graph	document	APIs/ideaconsult.net/enanomapper/4.0.0/openapi.yaml	census 19	enumeration.tsv.gz
recursive-graph	document	APIs/ideaconsult.net/nanoreg/4.0.0/openapi.yaml	census 19	enumeration.tsv.gz
recursive-graph	document	APIs/ideal-postcodes.co.uk/3.7.0/openapi.yaml	census 385	enumeration.tsv.gz
recursive-graph	document	APIs/impala.travel/hotels/1.003/openapi.yaml	census 113	enumeration.tsv.gz
recursive-graph	document	APIs/increase.com/0.0.1/openapi.yaml	census 341	enumeration.tsv.gz
recursive-graph	document	APIs/influxdata.com/2.0.0/openapi.yaml	census 936	enumeration.tsv.gz
recursive-graph	document	APIs/intellifi.nl/2.23.4+0.gb463b49.dirty/openapi.yaml	census 278	enumeration.tsv.gz
recursive-graph	document	APIs/interactivebrokers.com/1.0.0/openapi.yaml	census 17	enumeration.tsv.gz
recursive-graph	document	APIs/iptwist.com/1.0.0/openapi.yaml	census 2	enumeration.tsv.gz
recursive-graph	document	APIs/iqualify.com/v1/openapi.yaml	census 173	enumeration.tsv.gz
recursive-graph	document	APIs/isendpro.com/1.1.1/openapi.yaml	census 51	enumeration.tsv.gz
recursive-graph	document	APIs/ix-api.net/2.1.0/openapi.yaml	census 573	enumeration.tsv.gz
recursive-graph	document	APIs/izettle.com/products/1.0.0/openapi.yaml	census 81	enumeration.tsv.gz
recursive-graph	document	APIs/javatpoint.com/v1/openapi.yaml	census 14	enumeration.tsv.gz
recursive-graph	document	APIs/jellyfin.local/v1/openapi.yaml	census 1526	enumeration.tsv.gz
recursive-graph	document	APIs/json2video.com/2.0.0/openapi.yaml	census 33	enumeration.tsv.gz
recursive-graph	document	APIs/jumpseller.com/1.0.0/openapi.yaml	census 367	enumeration.tsv.gz
recursive-graph	document	APIs/just-eat.co.uk/1.0.0/openapi.yaml	census 715	enumeration.tsv.gz
recursive-graph	document	APIs/keycloak.local/1/openapi.yaml	census 257	enumeration.tsv.gz
recursive-graph	document	APIs/keyserv.solutions/1.4.5/openapi.yaml	census 29	enumeration.tsv.gz
recursive-graph	document	APIs/klarna.com/openai/v0/openapi.yaml	census 2	enumeration.tsv.gz
recursive-graph	document	APIs/klarna.com/payments/1.0.0/openapi.yaml	census 49	enumeration.tsv.gz
recursive-graph	document	APIs/kumpeapps.com/5.0.0/openapi.yaml	census 76	enumeration.tsv.gz
recursive-graph	document	APIs/lambdatest.com/1.0.1/openapi.yaml	census 37	enumeration.tsv.gz
recursive-graph	document	APIs/letmc.com/customer/v2-customer/openapi.yaml	census 74	enumeration.tsv.gz
recursive-graph	document	APIs/letmc.com/diary/v3-diary/openapi.yaml	census 50	enumeration.tsv.gz
recursive-graph	document	APIs/letmc.com/maintenance/v3-maintenance/openapi.yaml	census 10	enumeration.tsv.gz
recursive-graph	document	APIs/lgtm.com/v1.0/openapi.yaml	census 45	enumeration.tsv.gz
recursive-graph	document	APIs/libretranslate.local/1.3.10/openapi.yaml	census 19	enumeration.tsv.gz
recursive-graph	document	APIs/linode.com/4.151.1/openapi.yaml	census 684	enumeration.tsv.gz
recursive-graph	document	APIs/linqr.app/2.0/openapi.yaml	census 211	enumeration.tsv.gz
recursive-graph	document	APIs/listennotes.com/2.0/openapi.yaml	census 257	enumeration.tsv.gz
recursive-graph	document	APIs/ljaero.com/dflight/V 1.0.0/openapi.yaml	census 73	enumeration.tsv.gz
recursive-graph	document	APIs/logoraisr.com/v1/openapi.yaml	census 17	enumeration.tsv.gz
recursive-graph	document	APIs/lufthansa.com/public/1.0/openapi.yaml	census 6	enumeration.tsv.gz
recursive-graph	document	APIs/magento.com/2.2.10/openapi.yaml	census 3489	enumeration.tsv.gz
recursive-graph	document	APIs/maif.local/otoroshi/1.5.0-dev/openapi.yaml	census 267	enumeration.tsv.gz
recursive-graph	document	APIs/mailscript.com/0.4.0/openapi.yaml	census 164	enumeration.tsv.gz
recursive-graph	document	APIs/mastodon.local/1.0/openapi.yaml	census 292	enumeration.tsv.gz
recursive-graph	document	APIs/mbus.local/0.3.5/openapi.yaml	census 24	enumeration.tsv.gz
recursive-graph	document	APIs/mcw.edu/1.1/openapi.yaml	census 50	enumeration.tsv.gz
recursive-graph	document	APIs/mercure.local/0.3.2/openapi.yaml	census 4	enumeration.tsv.gz
recursive-graph	document	APIs/mermade.org.uk/openapi-converter/1.0.0/openapi.yaml	census 4	enumeration.tsv.gz
recursive-graph	document	APIs/meshery.local/0.4.27/openapi.yaml	census 164	enumeration.tsv.gz
recursive-graph	document	APIs/metadapi.com/1.0/openapi.yaml	census 10	enumeration.tsv.gz
recursive-graph	document	APIs/meteosource.com/v1/openapi.yaml	census 98	enumeration.tsv.gz
recursive-graph	document	APIs/microcks.local/1.7.0/openapi.yaml	census 79	enumeration.tsv.gz
recursive-graph	document	APIs/microsoft.com/cognitiveservices-ComputerVision/2.0/openapi.yaml	census 55	enumeration.tsv.gz
recursive-graph	document	APIs/microsoft.com/cognitiveservices-ComputerVision/2.1/openapi.yaml	census 55	enumeration.tsv.gz
recursive-graph	document	APIs/microsoft.com/cognitiveservices-Ocr/2.0/openapi.yaml	census 15	enumeration.tsv.gz
recursive-graph	document	APIs/microsoft.com/cognitiveservices-Ocr/2.1/openapi.yaml	census 15	enumeration.tsv.gz
recursive-graph	document	APIs/microsoft.com/cognitiveservices-Prediction/1.1/openapi.yaml	census 22	enumeration.tsv.gz
recursive-graph	document	APIs/microsoft.com/cognitiveservices-Prediction/2.0/openapi.yaml	census 23	enumeration.tsv.gz
recursive-graph	document	APIs/microsoft.com/cognitiveservices-Prediction/3.0/openapi.yaml	census 58	enumeration.tsv.gz
recursive-graph	document	APIs/microsoft.com/cognitiveservices-Training/1.2/openapi.yaml	census 186	enumeration.tsv.gz
recursive-graph	document	APIs/microsoft.com/cognitiveservices-Training/2.0/openapi.yaml	census 203	enumeration.tsv.gz
recursive-graph	document	APIs/microsoft.com/cognitiveservices-Training/2.1/openapi.yaml	census 203	enumeration.tsv.gz
recursive-graph	document	APIs/microsoft.com/cognitiveservices-Training/2.2/openapi.yaml	census 203	enumeration.tsv.gz
recursive-graph	document	APIs/microsoft.com/cognitiveservices-Training/3.0/openapi.yaml	census 273	enumeration.tsv.gz
recursive-graph	document	APIs/microsoft.com/cognitiveservices-Training/3.1/openapi.yaml	census 303	enumeration.tsv.gz
recursive-graph	document	APIs/microsoft.com/cognitiveservices-Training/3.2/openapi.yaml	census 319	enumeration.tsv.gz
recursive-graph	document	APIs/microsoft.com/graph-beta/1.0.1/openapi.yaml	census 32110	enumeration.tsv.gz
recursive-graph	document	APIs/microsoft.com/graph/1.0.1/openapi.yaml	census 15462	enumeration.tsv.gz
recursive-graph	document	APIs/mineskin.org/1.0.0/openapi.yaml	census 11	enumeration.tsv.gz
recursive-graph	document	APIs/mist.com/0.37.7/openapi.yaml	census 553	enumeration.tsv.gz
recursive-graph	document	APIs/modelpubsub.com/0.1/openapi.yaml	census 2	enumeration.tsv.gz
recursive-graph	document	APIs/monarchinitiative.org/1.1.14/openapi.yaml	census 177	enumeration.tsv.gz
recursive-graph	document	APIs/motaword.com/1.0/openapi.yaml	census 736	enumeration.tsv.gz
recursive-graph	document	APIs/mux.com/v1/openapi.yaml	census 198	enumeration.tsv.gz
recursive-graph	document	APIs/namsor.com/2.0.24/openapi.yaml	census 186	enumeration.tsv.gz
recursive-graph	document	APIs/nasa.gov/asteroids neows/3.4.0/openapi.yaml	census 17	enumeration.tsv.gz
recursive-graph	document	APIs/nbg.gr/v3.1.5/openapi.yaml	census 249	enumeration.tsv.gz
recursive-graph	document	APIs/ndhm.gov.in/ndhm-cm/0.5/openapi.yaml	census 239	enumeration.tsv.gz
recursive-graph	document	APIs/ndhm.gov.in/ndhm-gateway/0.5/openapi.yaml	census 543	enumeration.tsv.gz
recursive-graph	document	APIs/ndhm.gov.in/ndhm-healthid/1.0/openapi.yaml	census 116	enumeration.tsv.gz
recursive-graph	document	APIs/ndhm.gov.in/ndhm-hip/0.5/openapi.yaml	census 328	enumeration.tsv.gz
recursive-graph	document	APIs/ndhm.gov.in/ndhm-hiu/0.5/openapi.yaml	census 363	enumeration.tsv.gz
recursive-graph	document	APIs/nebl.io/1.3.0/openapi.yaml	census 77	enumeration.tsv.gz
recursive-graph	document	APIs/neowsapp.com/1.0/openapi.yaml	census 21	enumeration.tsv.gz
recursive-graph	document	APIs/netatmo.net/1.1.5/openapi.yaml	census 101	enumeration.tsv.gz
recursive-graph	document	APIs/netbox.dev/3.4/openapi.yaml	census 1121	enumeration.tsv.gz
recursive-graph	document	APIs/netboxdemo.com/2.4/openapi.yaml	census 463	enumeration.tsv.gz
recursive-graph	document	APIs/netboxdemo.com/2.8/openapi.yaml	census 532	enumeration.tsv.gz
recursive-graph	document	APIs/netlicensing.io/2.x/openapi.yaml	census 82	enumeration.tsv.gz
recursive-graph	document	APIs/neutrinoapi.net/3.6.4/openapi.yaml	census 140	enumeration.tsv.gz
recursive-graph	document	APIs/nexmo.com/account/1.0.4/openapi.yaml	census 28	enumeration.tsv.gz
recursive-graph	document	APIs/nexmo.com/application.v2/2.1.4/openapi.yaml	census 19	enumeration.tsv.gz
recursive-graph	document	APIs/nexmo.com/application/1.0.2/openapi.yaml	census 23	enumeration.tsv.gz
recursive-graph	document	APIs/nexmo.com/audit/1.0.4/openapi.yaml	census 24	enumeration.tsv.gz
recursive-graph	document	APIs/nexmo.com/conversation.v2/1.0.1/openapi.yaml	census 21	enumeration.tsv.gz
recursive-graph	document	APIs/nexmo.com/conversation/2.0.1/openapi.yaml	census 125	enumeration.tsv.gz
recursive-graph	document	APIs/nexmo.com/dispatch/0.3.4/openapi.yaml	census 23	enumeration.tsv.gz
recursive-graph	document	APIs/nexmo.com/external-accounts/0.1.5/openapi.yaml	census 21	enumeration.tsv.gz
recursive-graph	document	APIs/nexmo.com/media/1.0.2/openapi.yaml	census 2	enumeration.tsv.gz
recursive-graph	document	APIs/nexmo.com/messages-olympus/1.4.0/openapi.yaml	census 127	enumeration.tsv.gz
recursive-graph	document	APIs/nexmo.com/number-insight/1.2.1/openapi.yaml	census 39	enumeration.tsv.gz
recursive-graph	document	APIs/nexmo.com/numbers/1.0.20/openapi.yaml	census 33	enumeration.tsv.gz
recursive-graph	document	APIs/nexmo.com/pricing/0.0.3/openapi.yaml	census 6	enumeration.tsv.gz
recursive-graph	document	APIs/nexmo.com/redact/1.0.6/openapi.yaml	census 8	enumeration.tsv.gz
recursive-graph	document	APIs/nexmo.com/reports/2.2.2/openapi.yaml	census 414	enumeration.tsv.gz
recursive-graph	document	APIs/nexmo.com/sms/1.2.0/openapi.yaml	census 10	enumeration.tsv.gz
recursive-graph	document	APIs/nexmo.com/subaccounts/1.0.8/openapi.yaml	census 24	enumeration.tsv.gz
recursive-graph	document	APIs/nexmo.com/verify/1.2.4/openapi.yaml	census 41	enumeration.tsv.gz
recursive-graph	document	APIs/nexmo.com/voice/1.3.10/openapi.yaml	census 59	enumeration.tsv.gz
recursive-graph	document	APIs/nfusionsolutions.biz/1/openapi.yaml	census 26	enumeration.tsv.gz
recursive-graph	document	APIs/nlpcloud.io/1.0.0/openapi.yaml	census 16	enumeration.tsv.gz
recursive-graph	document	APIs/noosh.com/1.0/openapi.yaml	census 2941	enumeration.tsv.gz
recursive-graph	document	APIs/nordigen.com/2.0 (v2)/openapi.yaml	census 84	enumeration.tsv.gz
recursive-graph	document	APIs/nrel.gov/transportation-incentives-laws/0.1.0/openapi.yaml	census 21	enumeration.tsv.gz
recursive-graph	document	APIs/nytimes.com/archive/1.0.0/openapi.yaml	census 1	enumeration.tsv.gz
recursive-graph	document	APIs/nytimes.com/article_search/1.0.0/openapi.yaml	census 1	enumeration.tsv.gz
recursive-graph	document	APIs/nytimes.com/geo_api/1.0.0/openapi.yaml	census 1	enumeration.tsv.gz
recursive-graph	document	APIs/nytimes.com/most_popular_api/2.0.0/openapi.yaml	census 12	enumeration.tsv.gz
recursive-graph	document	APIs/nytimes.com/movie_reviews/2.0.0/openapi.yaml	census 3	enumeration.tsv.gz
recursive-graph	document	APIs/nytimes.com/semantic_api/2.0.0/openapi.yaml	census 4	enumeration.tsv.gz
recursive-graph	document	APIs/nytimes.com/timeswire/3.0.0/openapi.yaml	census 3	enumeration.tsv.gz
recursive-graph	document	APIs/nytimes.com/top_stories/2.0.0/openapi.yaml	census 1	enumeration.tsv.gz
recursive-graph	document	APIs/obono.at/1.4.0.0/openapi.yaml	census 18	enumeration.tsv.gz
recursive-graph	document	APIs/onsched.com/consumer/v1/openapi.yaml	census 148	enumeration.tsv.gz
recursive-graph	document	APIs/onsched.com/setup/v1/openapi.yaml	census 480	enumeration.tsv.gz
recursive-graph	document	APIs/onsched.com/utility/v1/openapi.yaml	census 1	enumeration.tsv.gz
recursive-graph	document	APIs/openai.com/1.2.0/openapi.yaml	census 77	enumeration.tsv.gz
recursive-graph	document	APIs/openapi-generator.tech/6.5.0/openapi.yaml	census 8	enumeration.tsv.gz
recursive-graph	document	APIs/openaq.local/2.0.0/openapi.yaml	census 130	enumeration.tsv.gz
recursive-graph	document	APIs/openbanking.org.uk/account-info-openapi/3.1.7/openapi.yaml	census 760	enumeration.tsv.gz
recursive-graph	document	APIs/openbanking.org.uk/confirmation-funds-openapi/3.1.7/openapi.yaml	census 15	enumeration.tsv.gz
recursive-graph	document	APIs/openbanking.org.uk/event-notifications-openapi/3.1.7/openapi.yaml	census 4	enumeration.tsv.gz
recursive-graph	document	APIs/openbanking.org.uk/payment-initiation-openapi/3.1.7/openapi.yaml	census 693	enumeration.tsv.gz
recursive-graph	document	APIs/openbankingproject.ch/1.3.8_2020-12-14 - Swiss edition 1.3.8.1-CH/openapi.yaml	census 919	enumeration.tsv.gz
recursive-graph	document	APIs/openchannel.io/market/2.0.24/openapi.yaml	census 102	enumeration.tsv.gz
recursive-graph	document	APIs/openfigi.com/1.4.0/openapi.yaml	census 12	enumeration.tsv.gz
recursive-graph	document	APIs/openindex.ai/1.0.0/openapi.yaml	census 11	enumeration.tsv.gz
recursive-graph	document	APIs/openlinksw.com/osdb/1.0.0/openapi.yaml	census 25	enumeration.tsv.gz
recursive-graph	document	APIs/openpolicy.local/0.28.0/openapi.yaml	census 19	enumeration.tsv.gz
recursive-graph	document	APIs/openstates.org/2021.11.12/openapi.yaml	census 110	enumeration.tsv.gz
recursive-graph	document	APIs/opensuse.org/obs/2.10.50/openapi.yaml	census 118	enumeration.tsv.gz
recursive-graph	document	APIs/openuv.io/v1/openapi.yaml	census 4	enumeration.tsv.gz
recursive-graph	document	APIs/optimade.local/1.1.0~develop/openapi.yaml	census 184	enumeration.tsv.gz
recursive-graph	document	APIs/orbit.love/v1/openapi.yaml	census 24	enumeration.tsv.gz
recursive-graph	document	APIs/ote-godaddy.com/abuse/1.0.0/openapi.yaml	census 15	enumeration.tsv.gz
recursive-graph	document	APIs/ote-godaddy.com/aftermarket/1.0.0/openapi.yaml	census 75	enumeration.tsv.gz
recursive-graph	document	APIs/ote-godaddy.com/agreements/1.0.0/openapi.yaml	census 32	enumeration.tsv.gz
recursive-graph	document	APIs/ote-godaddy.com/certificates/1.0.0/openapi.yaml	census 148	enumeration.tsv.gz
recursive-graph	document	APIs/ote-godaddy.com/countries/1.0.0/openapi.yaml	census 14	enumeration.tsv.gz
recursive-graph	document	APIs/ote-godaddy.com/domains/1.0.0/openapi.yaml	census 1269	enumeration.tsv.gz
recursive-graph	document	APIs/ote-godaddy.com/orders/1.0.0/openapi.yaml	census 93	enumeration.tsv.gz
recursive-graph	document	APIs/ote-godaddy.com/shoppers/1.0.0/openapi.yaml	census 203	enumeration.tsv.gz
recursive-graph	document	APIs/ote-godaddy.com/subscriptions/1.0.0/openapi.yaml	census 172	enumeration.tsv.gz
recursive-graph	document	APIs/oxforddictionaries.com/1.11.0/openapi.yaml	census 106	enumeration.tsv.gz
recursive-graph	document	APIs/pandascore.co/2.23.1/openapi.yaml	census 1219	enumeration.tsv.gz
recursive-graph	document	APIs/papinet.io/order_status/1.0.0/openapi.yaml	census 8	enumeration.tsv.gz
recursive-graph	document	APIs/parliament.uk/bills/v1/openapi.yaml	census 176	enumeration.tsv.gz
recursive-graph	document	APIs/parliament.uk/erskine-may/v1/openapi.yaml	census 45	enumeration.tsv.gz
recursive-graph	document	APIs/parliament.uk/lordsvotes/v1/openapi.yaml	census 27	enumeration.tsv.gz
recursive-graph	document	APIs/parliament.uk/members/v1/openapi.yaml	census 247	enumeration.tsv.gz
recursive-graph	document	APIs/parliament.uk/now/v1/openapi.yaml	census 23	enumeration.tsv.gz
recursive-graph	document	APIs/parliament.uk/oralquestions/v1/openapi.yaml	census 52	enumeration.tsv.gz
recursive-graph	document	APIs/parliament.uk/statutoryinstruments/v1/openapi.yaml	census 107	enumeration.tsv.gz
recursive-graph	document	APIs/parliament.uk/treaties/v1/openapi.yaml	census 44	enumeration.tsv.gz
recursive-graph	document	APIs/parliament.uk/writtenquestions/v1/openapi.yaml	census 80	enumeration.tsv.gz
recursive-graph	document	APIs/patientview.org/1.0/openapi.yaml	census 85	enumeration.tsv.gz
recursive-graph	document	APIs/patrowl.local/1.0.0/openapi.yaml	census 12	enumeration.tsv.gz
recursive-graph	document	APIs/pay1.de/link/v1/openapi.yaml	census 18	enumeration.tsv.gz
recursive-graph	document	APIs/paylocity.com/2/openapi.yaml	census 84	enumeration.tsv.gz
recursive-graph	document	APIs/payrun.io/23.24.2.136/openapi.yaml	census 1871	enumeration.tsv.gz
recursive-graph	document	APIs/pdfbroker.io/v1/openapi.yaml	census 28	enumeration.tsv.gz
recursive-graph	document	APIs/pdfgeneratorapi.com/3.1.1/openapi.yaml	census 10	enumeration.tsv.gz
recursive-graph	document	APIs/peoplegeneratorapi.live/v0/openapi.yaml	census 8	enumeration.tsv.gz
recursive-graph	document	APIs/personio.de/authentication/1.0/openapi.yaml	census 2	enumeration.tsv.gz
recursive-graph	document	APIs/personio.de/personnel/1.0/openapi.yaml	census 63	enumeration.tsv.gz
recursive-graph	document	APIs/phantauth.net/1.0.0/openapi.yaml	census 1	enumeration.tsv.gz
recursive-graph	document	APIs/pinecone.io/20230406.1/openapi.yaml	census 78	enumeration.tsv.gz
recursive-graph	document	APIs/placekit.co/1.0.0/openapi.yaml	census 6	enumeration.tsv.gz
recursive-graph	document	APIs/plaid.com/2020-09-14_1.345.1/openapi.yaml	census 2722	enumeration.tsv.gz
recursive-graph	document	APIs/pocketsmith.com/2.0/openapi.yaml	census 69	enumeration.tsv.gz
recursive-graph	document	APIs/presalytics.io/ooxml/0.1.0/openapi.yaml	census 518	enumeration.tsv.gz
recursive-graph	document	APIs/presalytics.io/story/0.3.1/openapi.yaml	census 49	enumeration.tsv.gz
recursive-graph	document	APIs/probely.com/1.2.0/openapi.yaml	census 344	enumeration.tsv.gz
recursive-graph	document	APIs/proxykingdom.com/v1/openapi.yaml	census 9	enumeration.tsv.gz
recursive-graph	document	APIs/prss.org/2.0.0/openapi.yaml	census 65	enumeration.tsv.gz
recursive-graph	document	APIs/ptv.vic.gov.au/v3/openapi.yaml	census 344	enumeration.tsv.gz
recursive-graph	document	APIs/qualtrics.com/0.2/openapi.yaml	census 9	enumeration.tsv.gz
recursive-graph	document	APIs/quotes.rest/5.1/openapi.yaml	census 10	enumeration.tsv.gz
recursive-graph	document	APIs/randomlovecraft.com/1.0/openapi.yaml	census 5	enumeration.tsv.gz
recursive-graph	document	APIs/randommer.io/v1/openapi.yaml	census 18	enumeration.tsv.gz
recursive-graph	document	APIs/rapidapi.com/idealspot-geodata/1.0/openapi.yaml	census 35	enumeration.tsv.gz
recursive-graph	document	APIs/rawg.io/v1.0/openapi.yaml	census 32	enumeration.tsv.gz
recursive-graph	document	APIs/readme.io/2.0.0/openapi.yaml	census 8	enumeration.tsv.gz
recursive-graph	document	APIs/rebilly.com/2.1/openapi.yaml	census 1257	enumeration.tsv.gz
recursive-graph	document	APIs/redeal.io/analytics/1.0.0/openapi.yaml	census 1	enumeration.tsv.gz
recursive-graph	document	APIs/redhat.com/catalog_inventory/1.0.0/openapi.yaml	census 145	enumeration.tsv.gz
recursive-graph	document	APIs/redhat.local/patchman-engine/v1.15.3/openapi.yaml	census 61	enumeration.tsv.gz
recursive-graph	document	APIs/remove.bg/1.0.0/openapi.yaml	census 14	enumeration.tsv.gz
recursive-graph	document	APIs/restful4up.local/1.0.0/openapi.yaml	census 11	enumeration.tsv.gz
recursive-graph	document	APIs/rev.ai/v1/openapi.yaml	census 13	enumeration.tsv.gz
recursive-graph	document	APIs/rubrikinc.github.io/v1/openapi.yaml	census 1234	enumeration.tsv.gz
recursive-graph	document	APIs/rudder.example.local/17/openapi.yaml	census 157	enumeration.tsv.gz
recursive-graph	document	APIs/rumble.run/2.15.0/openapi.yaml	census 115	enumeration.tsv.gz
recursive-graph	document	APIs/sakari.io/1.0.1/openapi.yaml	census 87	enumeration.tsv.gz
recursive-graph	document	APIs/salesforce.local/einstein/2.0.1/openapi.yaml	census 77	enumeration.tsv.gz
recursive-graph	document	APIs/salesloft.com/v2/openapi.yaml	census 219	enumeration.tsv.gz
recursive-graph	document	APIs/scideas.net/perfectpdf/1.0/openapi.yaml	census 4	enumeration.tsv.gz
recursive-graph	document	APIs/scideas.net/regression/1.0/openapi.yaml	census 6	enumeration.tsv.gz
recursive-graph	document	APIs/seldon.local/engine/0.1/openapi.yaml	census 24	enumeration.tsv.gz
recursive-graph	document	APIs/seldon.local/wrapper/0.1/openapi.yaml	census 44	enumeration.tsv.gz
recursive-graph	document	APIs/sendgrid.com/1.0.0/openapi.yaml	census 458	enumeration.tsv.gz
recursive-graph	document	APIs/shipengine.com/1.1.202304191404/openapi.yaml	census 701	enumeration.tsv.gz
recursive-graph	document	APIs/shop.app/v1/openapi.yaml	census 2	enumeration.tsv.gz
recursive-graph	document	APIs/shorten.rest/1.0.0/openapi.yaml	census 16	enumeration.tsv.gz
recursive-graph	document	APIs/shotstack.io/v1/openapi.yaml	census 33	enumeration.tsv.gz
recursive-graph	document	APIs/shutterstock.com/1.1.32/openapi.yaml	census 341	enumeration.tsv.gz
recursive-graph	document	APIs/signl4.com/v1/openapi.yaml	census 1460	enumeration.tsv.gz
recursive-graph	document	APIs/simplivpn.net/1.0/openapi.yaml	census 5	enumeration.tsv.gz
recursive-graph	document	APIs/sinao.app/1.1.0/openapi.yaml	census 225	enumeration.tsv.gz
recursive-graph	document	APIs/slack.com/1.7.0/openapi.yaml	census 644	enumeration.tsv.gz
recursive-graph	document	APIs/slack.com/openai/v1/openapi.yaml	census 2	enumeration.tsv.gz
recursive-graph	document	APIs/slmonitor.com/2.1/openapi.yaml	census 119	enumeration.tsv.gz
recursive-graph	document	APIs/smart-me.com/v1/openapi.yaml	census 262	enumeration.tsv.gz
recursive-graph	document	APIs/snyk.io/1.0.0/openapi.yaml	census 38	enumeration.tsv.gz
recursive-graph	document	APIs/soundcloud.com/1.0.0/openapi.yaml	census 60	enumeration.tsv.gz
recursive-graph	document	APIs/spacetraders.io/2.0.0/openapi.yaml	census 82	enumeration.tsv.gz
recursive-graph	document	APIs/spinitron.com/1.0.0/openapi.yaml	census 53	enumeration.tsv.gz
recursive-graph	document	APIs/sportsdata.io/cbb-v3-scores/1.0/openapi.yaml	census 25	enumeration.tsv.gz
recursive-graph	document	APIs/sportsdata.io/cbb-v3-stats/1.0/openapi.yaml	census 34	enumeration.tsv.gz
recursive-graph	document	APIs/sportsdata.io/cfb-v3-scores/1.0/openapi.yaml	census 20	enumeration.tsv.gz
recursive-graph	document	APIs/sportsdata.io/csgo-v3-scores/1.0/openapi.yaml	census 24	enumeration.tsv.gz
recursive-graph	document	APIs/sportsdata.io/csgo-v3-stats/1.0/openapi.yaml	census 29	enumeration.tsv.gz
recursive-graph	document	APIs/sportsdata.io/golf-v2/1.0/openapi.yaml	census 24	enumeration.tsv.gz
recursive-graph	document	APIs/sportsdata.io/lol-v3-projections/1.0/openapi.yaml	census 6	enumeration.tsv.gz
recursive-graph	document	APIs/sportsdata.io/lol-v3-scores/1.0/openapi.yaml	census 24	enumeration.tsv.gz
recursive-graph	document	APIs/sportsdata.io/lol-v3-stats/1.0/openapi.yaml	census 40	enumeration.tsv.gz
recursive-graph	document	APIs/sportsdata.io/mlb-v3-play-by-play/1.0/openapi.yaml	census 7	enumeration.tsv.gz
recursive-graph	document	APIs/sportsdata.io/mlb-v3-projections/1.0/openapi.yaml	census 17	enumeration.tsv.gz
recursive-graph	document	APIs/sportsdata.io/mlb-v3-rotoballer-articles/1.0/openapi.yaml	census 4	enumeration.tsv.gz
recursive-graph	document	APIs/sportsdata.io/mlb-v3-rotoballer-premium-news/1.0/openapi.yaml	census 3	enumeration.tsv.gz
recursive-graph	document	APIs/sportsdata.io/mlb-v3-scores/1.0/openapi.yaml	census 24	enumeration.tsv.gz
recursive-graph	document	APIs/sportsdata.io/mlb-v3-stats/1.0/openapi.yaml	census 42	enumeration.tsv.gz
recursive-graph	document	APIs/sportsdata.io/nascar-v2/1.0/openapi.yaml	census 8	enumeration.tsv.gz
recursive-graph	document	APIs/sportsdata.io/nba-v3-play-by-play/1.0/openapi.yaml	census 7	enumeration.tsv.gz
recursive-graph	document	APIs/sportsdata.io/nba-v3-projections/1.0/openapi.yaml	census 17	enumeration.tsv.gz
recursive-graph	document	APIs/sportsdata.io/nba-v3-rotoballer-articles/1.0/openapi.yaml	census 4	enumeration.tsv.gz
recursive-graph	document	APIs/sportsdata.io/nba-v3-rotoballer-premium-news/1.0/openapi.yaml	census 3	enumeration.tsv.gz
recursive-graph	document	APIs/sportsdata.io/nba-v3-scores/1.0/openapi.yaml	census 27	enumeration.tsv.gz
recursive-graph	document	APIs/sportsdata.io/nba-v3-stats/1.0/openapi.yaml	census 39	enumeration.tsv.gz
recursive-graph	document	APIs/sportsdata.io/nfl-v3-play-by-play/1.0/openapi.yaml	census 9	enumeration.tsv.gz
recursive-graph	document	APIs/sportsdata.io/nfl-v3-projections/1.0/openapi.yaml	census 25	enumeration.tsv.gz
recursive-graph	document	APIs/sportsdata.io/nfl-v3-rotoballer-articles/1.0/openapi.yaml	census 4	enumeration.tsv.gz
recursive-graph	document	APIs/sportsdata.io/nfl-v3-rotoballer-premium-news/1.0/openapi.yaml	census 4	enumeration.tsv.gz
recursive-graph	document	APIs/sportsdata.io/nfl-v3-scores/1.0/openapi.yaml	census 41	enumeration.tsv.gz
recursive-graph	document	APIs/sportsdata.io/nfl-v3-stats/1.0/openapi.yaml	census 112	enumeration.tsv.gz
recursive-graph	document	APIs/sportsdata.io/nhl-v3-play-by-play/1.0/openapi.yaml	census 8	enumeration.tsv.gz
recursive-graph	document	APIs/sportsdata.io/nhl-v3-projections/1.0/openapi.yaml	census 14	enumeration.tsv.gz
recursive-graph	document	APIs/sportsdata.io/nhl-v3-scores/1.0/openapi.yaml	census 26	enumeration.tsv.gz
recursive-graph	document	APIs/sportsdata.io/nhl-v3-stats/1.0/openapi.yaml	census 44	enumeration.tsv.gz
recursive-graph	document	APIs/sportsdata.io/soccer-v3-projections/1.0/openapi.yaml	census 10	enumeration.tsv.gz
recursive-graph	document	APIs/sportsdata.io/soccer-v3-scores/1.0/openapi.yaml	census 38	enumeration.tsv.gz
recursive-graph	document	APIs/sportsdata.io/soccer-v3-stats/1.0/openapi.yaml	census 68	enumeration.tsv.gz
recursive-graph	document	APIs/spotify.com/1.0.0/openapi.yaml	census 215	enumeration.tsv.gz
recursive-graph	document	APIs/spotify.com/sonallux/2023.2.27/openapi.yaml	census 220	enumeration.tsv.gz
recursive-graph	document	APIs/squareup.com/2.0/openapi.yaml	census 1140	enumeration.tsv.gz
recursive-graph	document	APIs/stackexchange.com/2.0/openapi.yaml	census 123	enumeration.tsv.gz
recursive-graph	document	APIs/statsocial.com/1.0.0/openapi.yaml	census 113	enumeration.tsv.gz
recursive-graph	document	APIs/stoplight.io/api-v1/openapi.yaml	census 8	enumeration.tsv.gz
recursive-graph	document	APIs/storecove.com/2.0.1/openapi.yaml	census 161	enumeration.tsv.gz
recursive-graph	document	APIs/stream-io-api.com/v80.2.0/openapi.yaml	census 919	enumeration.tsv.gz
recursive-graph	document	APIs/stripe.com/2022-11-15/openapi.yaml	census 2120	enumeration.tsv.gz
recursive-graph	document	APIs/superset.apache.local/superset/v1/openapi.yaml	census 239	enumeration.tsv.gz
recursive-graph	document	APIs/surevoip.co.uk/9dcb0dc8/openapi.yaml	census 14	enumeration.tsv.gz
recursive-graph	document	APIs/svix.com/1.4/openapi.yaml	census 428	enumeration.tsv.gz
recursive-graph	document	APIs/symanto.net/1.0/openapi.yaml	census 32	enumeration.tsv.gz
recursive-graph	document	APIs/tcgdex.net/2.0.0/openapi.yaml	census 26	enumeration.tsv.gz
recursive-graph	document	APIs/telegram.org/5.0.0/openapi.yaml	census 521	enumeration.tsv.gz
recursive-graph	document	APIs/telnyx.com/2.0.0/openapi.yaml	census 963	enumeration.tsv.gz
recursive-graph	document	APIs/telstra.com/3.x/openapi.yaml	census 188	enumeration.tsv.gz
recursive-graph	document	APIs/tfl.gov.uk/v1/openapi.yaml	census 421	enumeration.tsv.gz
recursive-graph	document	APIs/thebluealliance.com/3.8.2/openapi.yaml	census 89	enumeration.tsv.gz
recursive-graph	document	APIs/theracingapi.com/1.0.0/openapi.yaml	census 175	enumeration.tsv.gz
recursive-graph	document	APIs/threatjammer.com/1.2.27/openapi.yaml	census 209	enumeration.tsv.gz
recursive-graph	document	APIs/ticketmaster.com/discovery/v2/openapi.yaml	census 80	enumeration.tsv.gz
recursive-graph	document	APIs/ticketmaster.com/publish/v2/openapi.yaml	census 86	enumeration.tsv.gz
recursive-graph	document	APIs/tl-api.azurewebsites.net/2020-08-10_6-22/openapi.yaml	census 78	enumeration.tsv.gz
recursive-graph	document	APIs/tokenjay.app/1.0.0/openapi.yaml	census 32	enumeration.tsv.gz
recursive-graph	document	APIs/tomtom.com/routing/1.0.0/openapi.yaml	census 4	enumeration.tsv.gz
recursive-graph	document	APIs/traccar.org/5.6/openapi.yaml	census 91	enumeration.tsv.gz
recursive-graph	document	APIs/trashnothing.com/1.3/openapi.yaml	census 17	enumeration.tsv.gz
recursive-graph	document	APIs/trello.com/1.0/openapi.yaml	census 138	enumeration.tsv.gz
recursive-graph	document	APIs/truesight.local/11.1.00/openapi.yaml	census 66	enumeration.tsv.gz
recursive-graph	document	APIs/truora.com/1.0.0/openapi.yaml	census 73	enumeration.tsv.gz
recursive-graph	document	APIs/tsapi.net/v1/openapi.yaml	census 34	enumeration.tsv.gz
recursive-graph	document	APIs/tvmaze.com/1.0/openapi.yaml	census 47	enumeration.tsv.gz
recursive-graph	document	APIs/twilio.com/api/1.55.0/openapi.yaml	census 263	enumeration.tsv.gz
recursive-graph	document	APIs/twilio.com/twilio_accounts_v1/1.55.0/openapi.yaml	census 12	enumeration.tsv.gz
recursive-graph	document	APIs/twilio.com/twilio_autopilot_v1/1.53.0/openapi.yaml	census 44	enumeration.tsv.gz
recursive-graph	document	APIs/twilio.com/twilio_bulkexports_v1/1.55.0/openapi.yaml	census 8	enumeration.tsv.gz
recursive-graph	document	APIs/twilio.com/twilio_chat_v1/1.55.0/openapi.yaml	census 41	enumeration.tsv.gz
recursive-graph	document	APIs/twilio.com/twilio_chat_v2/1.55.0/openapi.yaml	census 72	enumeration.tsv.gz
recursive-graph	document	APIs/twilio.com/twilio_chat_v3/1.55.0/openapi.yaml	census 4	enumeration.tsv.gz
recursive-graph	document	APIs/twilio.com/twilio_content_v1/1.55.0/openapi.yaml	census 5	enumeration.tsv.gz
recursive-graph	document	APIs/twilio.com/twilio_conversations_v1/1.55.0/openapi.yaml	census 151	enumeration.tsv.gz
recursive-graph	document	APIs/twilio.com/twilio_events_v1/1.55.0/openapi.yaml	census 22	enumeration.tsv.gz
recursive-graph	document	APIs/twilio.com/twilio_fax_v1/1.29.1/openapi.yaml	census 4	enumeration.tsv.gz
recursive-graph	document	APIs/twilio.com/twilio_flex_v1/1.55.0/openapi.yaml	census 59	enumeration.tsv.gz
recursive-graph	document	APIs/twilio.com/twilio_flex_v2/1.55.0/openapi.yaml	census 1	enumeration.tsv.gz
recursive-graph	document	APIs/twilio.com/twilio_frontline_v1/1.55.0/openapi.yaml	census 4	enumeration.tsv.gz
recursive-graph	document	APIs/twilio.com/twilio_insights_v1/1.55.0/openapi.yaml	census 67	enumeration.tsv.gz
recursive-graph	document	APIs/twilio.com/twilio_intelligence_v2/1.55.0/openapi.yaml	census 16	enumeration.tsv.gz
recursive-graph	document	APIs/twilio.com/twilio_ip_messaging_v1/1.55.0/openapi.yaml	census 41	enumeration.tsv.gz
recursive-graph	document	APIs/twilio.com/twilio_ip_messaging_v2/1.55.0/openapi.yaml	census 71	enumeration.tsv.gz
recursive-graph	document	APIs/twilio.com/twilio_lookups_v1/1.55.0/openapi.yaml	census 1	enumeration.tsv.gz
recursive-graph	document	APIs/twilio.com/twilio_lookups_v2/1.55.0/openapi.yaml	census 2	enumeration.tsv.gz
recursive-graph	document	APIs/twilio.com/twilio_media_v1/1.55.0/openapi.yaml	census 25	enumeration.tsv.gz
recursive-graph	document	APIs/twilio.com/twilio_messaging_v1/1.55.0/openapi.yaml	census 58	enumeration.tsv.gz
recursive-graph	document	APIs/twilio.com/twilio_microvisor_v1/1.55.0/openapi.yaml	census 22	enumeration.tsv.gz
recursive-graph	document	APIs/twilio.com/twilio_monitor_v1/1.55.0/openapi.yaml	census 4	enumeration.tsv.gz
recursive-graph	document	APIs/twilio.com/twilio_notify_v1/1.55.0/openapi.yaml	census 17	enumeration.tsv.gz
recursive-graph	document	APIs/twilio.com/twilio_numbers_v1/1.55.0/openapi.yaml	census 7	enumeration.tsv.gz
recursive-graph	document	APIs/twilio.com/twilio_numbers_v2/1.55.0/openapi.yaml	census 56	enumeration.tsv.gz
recursive-graph	document	APIs/twilio.com/twilio_oauth_v1/1.53.0/openapi.yaml	census 5	enumeration.tsv.gz
recursive-graph	document	APIs/twilio.com/twilio_preview/1.55.0/openapi.yaml	census 98	enumeration.tsv.gz
recursive-graph	document	APIs/twilio.com/twilio_pricing_v1/1.55.0/openapi.yaml	census 7	enumeration.tsv.gz
recursive-graph	document	APIs/twilio.com/twilio_pricing_v2/1.55.0/openapi.yaml	census 6	enumeration.tsv.gz
recursive-graph	document	APIs/twilio.com/twilio_proxy_v1/1.55.0/openapi.yaml	census 41	enumeration.tsv.gz
recursive-graph	document	APIs/twilio.com/twilio_routes_v2/1.55.0/openapi.yaml	census 6	enumeration.tsv.gz
recursive-graph	document	APIs/twilio.com/twilio_serverless_v1/1.55.0/openapi.yaml	census 39	enumeration.tsv.gz
recursive-graph	document	APIs/twilio.com/twilio_studio_v1/1.55.0/openapi.yaml	census 21	enumeration.tsv.gz
recursive-graph	document	APIs/twilio.com/twilio_studio_v2/1.55.0/openapi.yaml	census 24	enumeration.tsv.gz
recursive-graph	document	APIs/twilio.com/twilio_supersim_v1/1.55.0/openapi.yaml	census 53	enumeration.tsv.gz
recursive-graph	document	APIs/twilio.com/twilio_sync_v1/1.55.0/openapi.yaml	census 42	enumeration.tsv.gz
recursive-graph	document	APIs/twilio.com/twilio_taskrouter_v1/1.55.0/openapi.yaml	census 72	enumeration.tsv.gz
recursive-graph	document	APIs/twilio.com/twilio_trunking_v1/1.55.0/openapi.yaml	census 30	enumeration.tsv.gz
recursive-graph	document	APIs/twilio.com/twilio_trusthub_v1/1.55.0/openapi.yaml	census 58	enumeration.tsv.gz
recursive-graph	document	APIs/twilio.com/twilio_verify_v2/1.55.0/openapi.yaml	census 78	enumeration.tsv.gz
recursive-graph	document	APIs/twilio.com/twilio_video_v1/1.55.0/openapi.yaml	census 62	enumeration.tsv.gz
recursive-graph	document	APIs/twilio.com/twilio_voice_v1/1.55.0/openapi.yaml	census 26	enumeration.tsv.gz
recursive-graph	document	APIs/twilio.com/twilio_wireless_v1/1.55.0/openapi.yaml	census 28	enumeration.tsv.gz
recursive-graph	document	APIs/twinehealth.com/v7.78.1/openapi.yaml	census 395	enumeration.tsv.gz
recursive-graph	document	APIs/twitter.com/current/2.62/openapi.yaml	census 840	enumeration.tsv.gz
recursive-graph	document	APIs/unicourt.com/1.0.0/openapi.yaml	census 788	enumeration.tsv.gz
recursive-graph	document	APIs/up.com.au/v1/openapi.yaml	census 56	enumeration.tsv.gz
recursive-graph	document	APIs/urlbox.io/v1/openapi.yaml	census 6	enumeration.tsv.gz
recursive-graph	document	APIs/useapi.net/1.0/openapi.yaml	census 38	enumeration.tsv.gz
recursive-graph	document	APIs/va.gov/benefits/1.0.0/openapi.yaml	census 17	enumeration.tsv.gz
recursive-graph	document	APIs/va.gov/confirmation/0.0.1/openapi.yaml	census 5	enumeration.tsv.gz
recursive-graph	document	APIs/va.gov/facilities/0.0.1/openapi.yaml	census 77	enumeration.tsv.gz
recursive-graph	document	APIs/va.gov/forms/0.0.0/openapi.yaml	census 2	enumeration.tsv.gz
recursive-graph	document	APIs/vectara.io/1.0.0/openapi.yaml	census 57	enumeration.tsv.gz
recursive-graph	document	APIs/velopayments.com/2.35.57/openapi.yaml	census 650	enumeration.tsv.gz
recursive-graph	document	APIs/vercel.com/0.0.1/openapi.yaml	census 489	enumeration.tsv.gz
recursive-graph	document	APIs/viator.com/1.0.0/openapi.yaml	census 181	enumeration.tsv.gz
recursive-graph	document	APIs/vimeo.com/3.4/openapi.yaml	census 665	enumeration.tsv.gz
recursive-graph	document	APIs/visma.com/1.0/openapi.yaml	census 2052	enumeration.tsv.gz
recursive-graph	document	APIs/visma.net/1.0.14.784/openapi.yaml	census 234	enumeration.tsv.gz
recursive-graph	document	APIs/visma.net/9.66.02.1023/openapi.yaml	census 5410	enumeration.tsv.gz
recursive-graph	document	APIs/visualstudio.com/v1/openapi.yaml	census 1112	enumeration.tsv.gz
recursive-graph	document	APIs/vmware.local/vrni/1.0.0/openapi.yaml	census 495	enumeration.tsv.gz
recursive-graph	document	APIs/vocadb.net/1.0/openapi.yaml	census 721	enumeration.tsv.gz
recursive-graph	document	APIs/vonage.com/account/1.11.8/openapi.yaml	census 19	enumeration.tsv.gz
recursive-graph	document	APIs/vonage.com/extension/1.11.8/openapi.yaml	census 15	enumeration.tsv.gz
recursive-graph	document	APIs/vonage.com/reports/1.0.1/openapi.yaml	census 10	enumeration.tsv.gz
recursive-graph	document	APIs/vonage.com/user/1.11.8/openapi.yaml	census 18	enumeration.tsv.gz
recursive-graph	document	APIs/vonage.com/vgis/1.0.1/openapi.yaml	census 63	enumeration.tsv.gz
recursive-graph	document	APIs/vtex.local/Catalog-API/1.0/openapi.yaml	census 85	enumeration.tsv.gz
recursive-graph	document	APIs/vtex.local/Checkout-API/1.0/openapi.yaml	census 6	enumeration.tsv.gz
recursive-graph	document	APIs/vtex.local/GiftCard-Hub-API/1.0/openapi.yaml	census 17	enumeration.tsv.gz
recursive-graph	document	APIs/vtex.local/Giftcard-API/1.0/openapi.yaml	census 30	enumeration.tsv.gz
recursive-graph	document	APIs/vtex.local/Intelligent-Search-API/0.1.12/openapi.yaml	census 10	enumeration.tsv.gz
recursive-graph	document	APIs/vtex.local/License-Manager-API/1.0/openapi.yaml	census 18	enumeration.tsv.gz
recursive-graph	document	APIs/vtex.local/Marketplace-APIs-/1.0/openapi.yaml	census 16	enumeration.tsv.gz
recursive-graph	document	APIs/vtex.local/Marketplace-APIs/1.0/openapi.yaml	census 18	enumeration.tsv.gz
recursive-graph	document	APIs/vtex.local/Marketplace-Protocol/1.0/openapi.yaml	census 23	enumeration.tsv.gz
recursive-graph	document	APIs/vtex.local/Master-Data-API-/1.0/openapi.yaml	census 30	enumeration.tsv.gz
recursive-graph	document	APIs/vtex.local/MasterData-API-/1.0/openapi.yaml	census 15	enumeration.tsv.gz
recursive-graph	document	APIs/vtex.local/Message-Center-API/1.0.0/openapi.yaml	census 2	enumeration.tsv.gz
recursive-graph	document	APIs/vtex.local/Orders-API-(PII-version)/1.0/openapi.yaml	census 42	enumeration.tsv.gz
recursive-graph	document	APIs/vtex.local/Orders-API/1.0/openapi.yaml	census 104	enumeration.tsv.gz
recursive-graph	document	APIs/vtex.local/Payments-Gateway-API/1.0/openapi.yaml	census 67	enumeration.tsv.gz
recursive-graph	document	APIs/vtex.local/Policies-System-API/1.0.0/openapi.yaml	census 11	enumeration.tsv.gz
recursive-graph	document	APIs/vtex.local/Pricing-API/1.0/openapi.yaml	census 7	enumeration.tsv.gz
recursive-graph	document	APIs/vtex.local/Pricing-Hub/1.0/openapi.yaml	census 5	enumeration.tsv.gz
recursive-graph	document	APIs/vtex.local/Profile-System/1.0/openapi.yaml	census 18	enumeration.tsv.gz
recursive-graph	document	APIs/vtex.local/Promotions-/1.0/openapi.yaml	census 11	enumeration.tsv.gz
recursive-graph	document	APIs/vtex.local/Recurrence-(v1-/1.0/openapi.yaml	census 9	enumeration.tsv.gz
recursive-graph	document	APIs/vtex.local/Reviews-and-Ratings-API/1.0/openapi.yaml	census 2	enumeration.tsv.gz
recursive-graph	document	APIs/vtex.local/Search-API/1.0/openapi.yaml	census 22	enumeration.tsv.gz
recursive-graph	document	APIs/vtex.local/Session-Manager-API/1.0/openapi.yaml	census 8	enumeration.tsv.gz
recursive-graph	document	APIs/vtex.local/Subscriptions-API-(v2)/1.0/openapi.yaml	census 28	enumeration.tsv.gz
recursive-graph	document	APIs/vtex.local/Subscriptions-API-(v3)/1.0/openapi.yaml	census 119	enumeration.tsv.gz
recursive-graph	document	APIs/vtex.local/VTEX-Do-API/1.0/openapi.yaml	census 6	enumeration.tsv.gz
recursive-graph	document	APIs/vtex.local/VTEX_TEMPLATE/1.0.0/openapi.yaml	census 6	enumeration.tsv.gz
recursive-graph	document	APIs/walletobjects.googleapis.com/pay-passes/v1/openapi.yaml	census 613	enumeration.tsv.gz
recursive-graph	document	APIs/wealthreader.com/1.0.0/openapi.yaml	census 19	enumeration.tsv.gz
recursive-graph	document	APIs/webflow.com/2023-03-23T154040Z/openapi.yaml	census 596	enumeration.tsv.gz
recursive-graph	document	APIs/webscraping.ai/3.0.0/openapi.yaml	census 10	enumeration.tsv.gz
recursive-graph	document	APIs/whapi.com/bets/2.0.0/openapi.yaml	census 34	enumeration.tsv.gz
recursive-graph	document	APIs/whatsapp.local/1.0/openapi.yaml	census 138	enumeration.tsv.gz
recursive-graph	document	APIs/wheretocredit.com/1.0/openapi.yaml	census 6	enumeration.tsv.gz
recursive-graph	document	APIs/windows.net/batch-BatchService/2015-12-01.2.2/openapi.yaml	census 256	enumeration.tsv.gz
recursive-graph	document	APIs/windows.net/batch-BatchService/2016-02-01.3.0/openapi.yaml	census 276	enumeration.tsv.gz
recursive-graph	document	APIs/windows.net/graphrbac/1.6/openapi.yaml	census 263	enumeration.tsv.gz
recursive-graph	document	APIs/wordnik.com/4.0/openapi.yaml	census 18	enumeration.tsv.gz
recursive-graph	document	APIs/worldtimeapi.org/20210108/openapi.yaml	census 6	enumeration.tsv.gz
recursive-graph	document	APIs/wyjyt-geo-calculate.azurewebsites.net/1.0.0/openapi.yaml	census 20	enumeration.tsv.gz
recursive-graph	document	APIs/xero.com/xero-identity/2.9.4/openapi.yaml	census 1	enumeration.tsv.gz
recursive-graph	document	APIs/xero.com/xero-payroll-au/2.9.4/openapi.yaml	census 139	enumeration.tsv.gz
recursive-graph	document	APIs/xero.com/xero_accounting/2.9.4/openapi.yaml	census 426	enumeration.tsv.gz
recursive-graph	document	APIs/xero.com/xero_assets/2.9.4/openapi.yaml	census 17	enumeration.tsv.gz
recursive-graph	document	APIs/xero.com/xero_bankfeeds/2.9.4/openapi.yaml	census 33	enumeration.tsv.gz
recursive-graph	document	APIs/xero.com/xero_files/2.9.4/openapi.yaml	census 21	enumeration.tsv.gz
recursive-graph	document	APIs/xkcd.com/1.0.0/openapi.yaml	census 2	enumeration.tsv.gz
recursive-graph	document	APIs/xtrf.eu/2.0/openapi.yaml	census 501	enumeration.tsv.gz
recursive-graph	document	APIs/yodlee.com/1.1.0/openapi.yaml	census 437	enumeration.tsv.gz
recursive-graph	document	APIs/youneedabudget.com/1.0.0/openapi.yaml	census 156	enumeration.tsv.gz
recursive-graph	document	APIs/zapier.com/nla/1.0.0/openapi.yaml	census 7	enumeration.tsv.gz
recursive-graph	document	APIs/zeit.co/v2019-01-07/openapi.yaml	census 13	enumeration.tsv.gz
recursive-graph	document	APIs/zeno.fm/0.6-99cfdac/openapi.yaml	census 28	enumeration.tsv.gz
recursive-graph	document	APIs/zuora.com/2021-08-20/openapi.yaml	census 1877	enumeration.tsv.gz
recursive-graph	walk	APIs-guru/openapi-directory@f04b8d0bcd39c52e1cf3ad7a5fe744709832ae49	4138	enumeration.tsv.gz
ref-pointer-composition-index	candidate	APIs/codat.io/assess/1.0/openapi.yaml	census 1 — its probe of build 4828cc2b93f0 in probe.jsonl reaches no unreached site	probe.jsonl
ref-pointer-composition-index	candidate	APIs/codat.io/commerce/2.1.0/openapi.yaml	census 19 — its probe of build 4828cc2b93f0 in probe.jsonl reaches no unreached site	probe.jsonl
ref-pointer-composition-index	candidate	APIs/nexmo.com/conversation/2.0.1/openapi.yaml	census 5 — its probe of build 4828cc2b93f0 in probe.jsonl reaches no unreached site	probe.jsonl
ref-pointer-composition-index	document	APIs/codat.io/accounting/2.1.0/openapi.yaml	census 25	enumeration.tsv.gz
ref-pointer-composition-index	document	APIs/codat.io/assess/1.0/openapi.yaml	census 1	enumeration.tsv.gz
ref-pointer-composition-index	document	APIs/codat.io/commerce/2.1.0/openapi.yaml	census 19	enumeration.tsv.gz
ref-pointer-composition-index	document	APIs/dnd5eapi.co/0.1/openapi.yaml	census 2	enumeration.tsv.gz
ref-pointer-composition-index	document	APIs/nexmo.com/conversation/2.0.1/openapi.yaml	census 5	enumeration.tsv.gz
ref-pointer-composition-index	screen	APIs/codat.io/assess/1.0/openapi.yaml fern	passed	screens.jsonl
ref-pointer-composition-index	screen	APIs/codat.io/assess/1.0/openapi.yaml licence	passed	screens.jsonl
ref-pointer-composition-index	screen	APIs/codat.io/assess/1.0/openapi.yaml ref	passed	screens.jsonl
ref-pointer-composition-index	screen	APIs/codat.io/commerce/2.1.0/openapi.yaml fern	failed: Fern CLI 5.67.1 / python-sdk 5.20.0 generated over an unparsed document ([api]: python-sdk Unexpected error: Failed to resolve schema reference: PhoneNumber/definitions/phoneNumberType)	screens.jsonl
ref-pointer-composition-index	screen	APIs/codat.io/commerce/2.1.0/openapi.yaml licence	passed	screens.jsonl
ref-pointer-composition-index	screen	APIs/codat.io/commerce/2.1.0/openapi.yaml ref	passed	screens.jsonl
ref-pointer-composition-index	screen	APIs/nexmo.com/conversation/2.0.1/openapi.yaml fern	passed	screens.jsonl
ref-pointer-composition-index	screen	APIs/nexmo.com/conversation/2.0.1/openapi.yaml licence	passed	screens.jsonl
ref-pointer-composition-index	screen	APIs/nexmo.com/conversation/2.0.1/openapi.yaml ref	passed	screens.jsonl
ref-pointer-composition-index	walk	APIs-guru/openapi-directory@f04b8d0bcd39c52e1cf3ad7a5fe744709832ae49	4138	enumeration.tsv.gz
ref-pointer-nested-items	document	APIs/codat.io/accounting/2.1.0/openapi.yaml	census 17	enumeration.tsv.gz
ref-pointer-nested-items	document	APIs/dnd5eapi.co/0.1/openapi.yaml	census 2	enumeration.tsv.gz
ref-pointer-nested-items	document	APIs/linode.com/4.151.1/openapi.yaml	census 1	enumeration.tsv.gz
ref-pointer-nested-items	walk	APIs-guru/openapi-directory@f04b8d0bcd39c52e1cf3ad7a5fe744709832ae49	4138	enumeration.tsv.gz
ref-pointer-nested-properties	candidate	APIs/nexmo.com/conversation/2.0.1/openapi.yaml	census 5 — its probe of build 4828cc2b93f0 in probe.jsonl reaches no unreached site	probe.jsonl
ref-pointer-nested-properties	document	APIs/codat.io/accounting/2.1.0/openapi.yaml	census 75	enumeration.tsv.gz
ref-pointer-nested-properties	document	APIs/codat.io/assess/1.0/openapi.yaml	census 16	enumeration.tsv.gz
ref-pointer-nested-properties	document	APIs/codat.io/commerce/2.1.0/openapi.yaml	census 9	enumeration.tsv.gz
ref-pointer-nested-properties	document	APIs/codat.io/sync-for-commerce/1.1/openapi.yaml	census 14	enumeration.tsv.gz
ref-pointer-nested-properties	document	APIs/codat.io/sync-for-expenses/prealpha/openapi.yaml	census 5	enumeration.tsv.gz
ref-pointer-nested-properties	document	APIs/cpy.re/peertube/5.1.0/openapi.yaml	census 34	enumeration.tsv.gz
ref-pointer-nested-properties	document	APIs/dnd5eapi.co/0.1/openapi.yaml	census 2	enumeration.tsv.gz
ref-pointer-nested-properties	document	APIs/linode.com/4.151.1/openapi.yaml	census 323	enumeration.tsv.gz
ref-pointer-nested-properties	document	APIs/nexmo.com/application/1.0.2/openapi.yaml	census 6	enumeration.tsv.gz
ref-pointer-nested-properties	document	APIs/nexmo.com/conversation/2.0.1/openapi.yaml	census 5	enumeration.tsv.gz
ref-pointer-nested-properties	document	APIs/openai.com/1.2.0/openapi.yaml	census 24	enumeration.tsv.gz
ref-pointer-nested-properties	document	APIs/twinehealth.com/v7.78.1/openapi.yaml	census 11	enumeration.tsv.gz
ref-pointer-nested-properties	document	APIs/vtex.local/Profile-System/1.0/openapi.yaml	census 14	enumeration.tsv.gz
ref-pointer-nested-properties	screen	APIs/nexmo.com/conversation/2.0.1/openapi.yaml fern	passed	screens.jsonl
ref-pointer-nested-properties	screen	APIs/nexmo.com/conversation/2.0.1/openapi.yaml licence	passed	screens.jsonl
ref-pointer-nested-properties	screen	APIs/nexmo.com/conversation/2.0.1/openapi.yaml ref	passed	screens.jsonl
ref-pointer-nested-properties	walk	APIs-guru/openapi-directory@f04b8d0bcd39c52e1cf3ad7a5fe744709832ae49	4138	enumeration.tsv.gz
ref-pointer-undeclared-component-head	walk	APIs-guru/openapi-directory@f04b8d0bcd39c52e1cf3ad7a5fe744709832ae49	4138	enumeration.tsv.gz
securityscheme-type-openidconnect	document	APIs/apache.org/airflow/2.5.3/openapi.yaml	census 1	enumeration.tsv.gz
securityscheme-type-openidconnect	document	APIs/just-eat.co.uk/1.0.0/openapi.yaml	census 1	enumeration.tsv.gz
securityscheme-type-openidconnect	document	APIs/surevoip.co.uk/9dcb0dc8/openapi.yaml	census 1	enumeration.tsv.gz
securityscheme-type-openidconnect	walk	APIs-guru/openapi-directory@f04b8d0bcd39c52e1cf3ad7a5fe744709832ae49	4138	enumeration.tsv.gz
x-fern-or-crozier-ignore	walk	APIs-guru/openapi-directory@f04b8d0bcd39c52e1cf3ad7a5fe744709832ae49	4138	enumeration.tsv.gz
